,Stock,Type,Start Date,End Date,Seed,Open (RMSE),High (RMSE),Low (RMSE),Close (RMSE),Volume (RMSE),Open (MAE),High (MAE),Low (MAE),Close (MAE),Volume (MAE),Open (MAPE),High (MAPE),Low (MAPE),Close (MAPE),Volume (MAPE),Open (SDAPE),High (SDAPE),Low (SDAPE),Close (SDAPE),Volume (SDAPE)
0,^GSPTSE,LSTM,2022-01-01,2024-01-01,1,233.2384201099788,247.5129082044421,214.7621410310273,226.6098621515056,89647193.99037798,181.52440368710865,198.78219396422307,171.6526235103607,180.2501279264766,52037831.873160206,0.8818738616677476,0.9611077506423292,0.8377050277179113,0.8751255977792438,30.82381549395,0.6983589483795554,0.6981458431285152,0.6176434574055268,0.6531228310481741,62.96199537353901
1,^GSPTSE,LSTM,2022-01-01,2024-01-01,2,1194.7554111908696,1077.3469210605058,1177.090890238634,1052.5555521764509,89931142.59678927,1115.8773900772212,977.4216008613508,1097.1172023534775,955.6752367765798,54226775.97145915,5.444792512464593,4.739061165545384,5.368928011596162,4.650241723257841,33.25453351993065,2.007964593312297,2.1332346438501,2.0114302514993203,2.084896205510562,67.40812631011316
2,^GSPTSE,LSTM,2022-01-01,2024-01-01,3,422.34985996156695,364.5993465314637,256.13602008928893,251.4569458267004,91359744.0144576,381.3304794410942,310.76749604940414,208.66092226107915,196.7046455848341,54021328.29915563,1.858663799735,1.5037929270320791,1.0171778698224327,0.9532026090047152,30.154464109907924,0.8592406084480826,0.9038061265830492,0.7102716362809198,0.7468986800436551,58.00489496829768
3,^GSPTSE,LSTM,2022-01-01,2024-01-01,4,368.0923908050846,358.4583262101951,455.29598002100926,311.9431484255807,107031205.99389504,300.34499499215747,279.00806332627934,395.6278838038445,234.03482089450893,89409494.12343979,1.4587908439601889,1.3458782956883053,1.9309928676306427,1.1320656553708082,55.59678927557912,1.0129966210866914,1.069509664149755,1.0702963122658395,0.9832077213076345,82.1738700265939
4,^GSPTSE,LSTM,2022-01-01,2024-01-01,5,1585.1428287073918,1554.8100005332908,1667.652190036726,1642.324570727122,92118874.69633532,1437.1644809874124,1411.7302866163352,1551.8031760782003,1512.334130156894,60417527.09893902,7.00597687412164,6.846269288509629,7.5948011725,7.364137029676687,38.440011931129945,3.1760883644840496,3.073084393385611,2.889528773738754,3.0243671169459247,74.10531494170786
5,^GSPTSE,LSTM,2022-01-01,2024-01-01,6,498.4168795731233,491.21619211013547,571.6312683211585,811.6517079500376,98645081.70722276,405.1751581351506,384.0494609937072,495.8157303571701,751.0053172975236,74904091.67852598,1.9671154265844608,1.8522459102747904,2.419501880634252,3.656495459324903,47.35275608984432,1.3855617416069157,1.458228448554074,1.3535021554028892,1.4442337758651562,79.02573715497797
6,^GSPTSE,LSTM,2022-01-01,2024-01-01,7,1056.4891082800016,1005.2874477624616,1074.9580073772352,1021.3803487314076,89403611.21952294,949.9690450214548,884.0090916420023,973.551171640555,910.90866538183,51905743.015677534,4.62820123247387,4.28092769013159,4.758650231958499,4.42911582837031,30.87999523822213,2.189709427951495,2.2618112691736054,2.160285963056777,2.1864898617208004,63.17000718339181
7,^GSPTSE,LSTM,2022-01-01,2024-01-01,8,1325.7286139155303,1301.013680554897,1295.2315862296814,1398.2884021455316,94445541.21689808,1223.344545105705,1189.4396463500957,1184.4014704465867,1298.4268741312476,59903752.634918295,5.966658365205896,5.7692345187561305,5.7925371837557575,6.324263255797447,36.89393688039942,2.412948539540405,2.4800307747469263,2.48879014958995,2.4438064463124203,73.67226214591001
8,^GSPTSE,LSTM,2022-01-01,2024-01-01,9,1320.6466628957485,1287.414698958342,1357.7908751173609,1327.330630283857,94425779.44763762,1234.0586462373612,1196.9971629152694,1273.3200616737206,1243.000530090001,66374971.1859997,6.022566370454522,5.810381621287712,6.233972541712814,6.056798689773675,42.32796246337011,2.2188656152897326,2.224469846139725,2.2277634837796136,2.190179754738604,76.59218462672098
9,^GSPTSE,LSTM,2022-01-01,2024-01-01,10,252.1609034413186,339.85595416255865,348.4696072163847,351.21061623950686,109367994.8801668,220.5716391093408,301.3278721407056,306.912279454867,315.64581723772767,91779234.57041344,1.081083855691366,1.4684121157664851,1.5070719362702372,1.5437403627228168,56.84734500597904,0.5997798384242813,0.7679725333979722,0.812530629863781,0.7535595868727586,81.57345341822104
10,^GSPTSE,LSTM,2022-01-01,2024-01-01,11,1503.4237241773392,1504.0025394503084,1541.2888777081084,1485.053182453963,91209208.338242,1378.86314930761,1376.4169123206289,1421.5918603777886,1358.8593978132626,53359910.48334837,6.724131593169528,6.6768945251151655,6.955424886701607,6.615183187582208,30.175133491829364,2.837467255385994,2.8545675750461874,2.8262328670628896,2.833891020081708,59.983374206626486
11,^GSPTSE,LSTM,2022-01-01,2024-01-01,12,1419.1474642423827,1291.2062355309674,1304.952302077918,1221.9106540588368,92941294.52538791,1355.378358847578,1216.848428705583,1232.7618758956592,1143.7015125173998,56026796.55194165,6.62060017147545,5.909907307825879,6.036874042625798,5.5725752013941925,29.73454075712206,1.963907100118428,2.014771131143769,2.01441702112364,2.0216406795064987,53.785765588118906
12,^GSPTSE,LSTM,2022-01-01,2024-01-01,13,1984.0829146535064,1982.2949046607728,2086.5717060708284,2105.232593101531,92803980.8515284,1774.8627460068492,1766.7483954067109,1869.859980441071,1918.800448708978,57607093.58350277,8.648000163239054,8.562333115369047,9.139733700257938,9.34018073634111,35.43315040688507,4.217667379138157,4.2525699008523326,4.416578365563195,4.100646722860869,72.24300494658264
13,^GSPTSE,LSTM,2022-01-01,2024-01-01,14,382.12099903907074,321.32980318455145,277.5890465518497,263.3439979282072,91129199.16891156,301.67529252062087,240.9990337217848,200.6845709880193,204.43930817955007,53401606.71587229,1.464107833839546,1.1619556155081148,0.975506667580562,0.9916168103102854,30.32190304553881,1.1180613798957022,1.009455738991632,0.9182750753224048,0.789591321096727,60.21021776283701
14,^GSPTSE,LSTM,2022-01-01,2024-01-01,15,1158.8980347410318,1189.3672893360642,1238.6336082852547,1192.6297600709631,90922272.23659724,1060.7182920166524,1087.560271988064,1152.1068918744722,1093.1144086365744,54056252.9237175,5.171658201741317,5.274921801627821,5.637761289323017,5.321031903530217,31.937267071174,2.207847069816043,2.2640991270170687,2.147653646088746,2.250258761236749,64.46101614408245
15,^GSPTSE,LSTM,2022-01-01,2024-01-01,16,232.354456987811,282.0283550063176,225.1032753258908,238.8697269938418,89544200.87203972,177.2818412948167,220.54715719322363,171.98042608896893,180.7740535745242,51757518.55496248,0.8606901769794282,1.0646479808491265,0.8373374600509986,0.8755949132705635,30.19164153584371,0.7181031599335966,0.8352052047028037,0.6950120694648112,0.7444057541781876,60.938193078237454
16,^GSPTSE,LSTM,2022-01-01,2024-01-01,17,372.3011470761942,429.9932801869636,374.2771821329505,447.7899011693841,89471253.27374944,298.51637091233863,349.39384113252163,299.0053965250651,379.3221573707337,54434103.28037858,1.4490702467672014,1.6873664191563855,1.455613093572062,1.8411201315881431,33.802049234909,1.060342121527064,1.1893736645209785,1.0754083891303503,1.1291415107479306,67.58470778737234
17,^GSPTSE,LSTM,2022-01-01,2024-01-01,18,193.2114475540424,196.04463738212365,188.77162283627425,248.8572125487517,94027104.64271772,155.66096923581014,164.49115844170254,149.91246974865595,189.7826490839012,66333059.818537615,0.7573383375117063,0.7974496150836077,0.7315731266334702,0.9191782779579392,42.01590374067571,0.5464068763841694,0.5067316238665767,0.5501870657118803,0.7676939908717145,73.98212254541772
18,^GSPTSE,LSTM,2022-01-01,2024-01-01,19,949.6915866962332,998.938656888256,1129.0066481825104,1086.2529440055164,91061247.82005796,853.0975133689353,902.4923456887404,1054.4136505365373,1004.842235102194,57835860.47708669,4.156046880457724,4.374816545840808,5.160061745689204,4.892764586669064,36.52169194557705,1.976655890215976,2.0153514961047776,1.899271598405932,1.9392430923967103,71.92182268376398
19,^GSPTSE,LSTM,2022-01-01,2024-01-01,20,562.7589839685746,604.0438549352579,771.093848248812,689.0178540171787,103622114.67779943,455.4259815712227,492.9889137109121,698.5834106206894,601.6213000364291,84045305.87975104,2.210732131963881,2.380914106194316,3.41421735456297,2.922668449658019,52.64547047830381,1.5777144421749874,1.6572998048787388,1.5436331051397183,1.5902934118225287,81.85149945062639
20,^GSPTSE,LSTM,2022-01-01,2024-01-01,21,933.3881669858152,940.071154473882,973.0385800153592,1016.389810519914,93062785.60227434,835.2801198776579,838.5604164580504,885.1436917026838,929.6172449716756,55923948.24373485,4.068791386666828,4.062977492877389,4.327359983997194,4.524459630238069,30.52248454874968,1.975699034555151,2.0049087251127298,1.915923164850076,1.9377146879103029,57.42718956441938
21,^GSPTSE,LSTM,2022-01-01,2024-01-01,22,1720.049234342462,1763.5550403072396,1773.86310297072,1766.7888200312057,126870631.96020472,1513.7819008459337,1580.3138910541932,1572.5845514615378,1566.9609024514289,112278662.15019344,7.379121556529862,7.667126169877969,7.691423450780205,7.62701244057409,67.957757713413,3.9180233671740594,3.723403522557344,3.948885317920914,3.9027265460226017,84.8867848151309
22,^GSPTSE,LSTM,2022-01-01,2024-01-01,23,491.8654149951916,337.1092468434429,430.4476539068419,445.4097439748856,92397522.137904,417.1280228282558,250.32911023000875,347.58543611764907,354.6868166120024,62620997.53356455,2.0278764308722126,1.20622490369944,1.6923437143178732,1.7179056671312876,39.813762104781375,1.2390004744693783,1.0737791229143248,1.2126630223097647,1.2839268482477066,72.85992620456263
23,^GSPTSE,LSTM,2022-01-01,2024-01-01,24,838.1548370177846,845.2463884640832,984.6336102837952,959.9752243301716,98442602.88011456,751.1183871950489,746.5498630856474,907.940073744456,877.0717510344616,74047806.11942211,3.658701640218652,3.615686287085978,4.440888868542504,4.268484812116188,46.92817910074837,1.761078575322593,1.8714782288930736,1.7991325334254178,1.8398418447984808,79.54838522400597
24,^GSPTSE,LSTM,2022-01-01,2024-01-01,25,815.1575630117532,852.6901550260728,736.7739375907772,808.7493801229657,98284136.36402804,731.616021634778,761.3049599647522,641.8063225746155,718.5368741213965,62244333.17950528,3.5636786171350403,3.6884087565949337,3.1324407257857048,3.4929124094673303,31.103865137595083,1.6994882879092197,1.8082973122339143,1.7212075286387103,1.7549278844279708,50.25771709022745
25,^GSPTSE,LSTM,2022-01-01,2024-01-01,26,1693.911104204004,1728.6146314039188,1642.7416401580883,1672.2830249661129,92103689.59107636,1503.1223913545257,1559.527169450124,1459.8883717536926,1491.1845042893042,60819987.96347538,7.329992035378834,7.56898404602874,7.142347251113318,7.260759302200688,38.05130056984842,3.749414563885777,3.54966122933009,3.631440886305655,3.624647862505756,67.72649353128229
26,^GSPTSE,LSTM,2022-01-01,2024-01-01,27,3237.802742907397,3263.04404306872,3237.31213853762,3166.0700275332547,98988185.2999798,2921.817428073148,2940.9913366953533,2910.0210180044173,2855.771611716024,60454017.37761895,14.254149472578424,14.271036939377066,14.239320545142771,13.908081313108944,31.828826222170697,6.68752232476627,6.728815827780907,6.82670145696718,6.5373061244910655,60.11255873920363
27,^GSPTSE,LSTM,2022-01-01,2024-01-01,28,1090.037443819031,1020.1849856812988,1117.6130915340932,1049.2752428647786,95619204.6356179,968.1759034141432,874.9192454606294,1003.6015438357988,918.7419904324848,59069651.42169199,4.714584239133991,4.233009941048459,4.903815607157934,4.464158370836132,30.46196750848545,2.372408107091286,2.4826772496750937,2.330787183412377,2.4011724768787768,52.68608064990978
28,^GSPTSE,LSTM,2022-01-01,2024-01-01,29,622.5453063104092,546.3938811033876,639.7825501187613,623.9938411743539,100532505.36879805,554.0972601530142,489.5376464108626,575.867807428042,563.5981193240111,78565397.29467034,2.7068597980423785,2.3804488295154305,2.8230367438567145,2.7500374821793674,48.975343613665885,1.3768010482203912,1.1727036963148156,1.3581375499447226,1.29583173128066,76.20997501368039
29,^GSPTSE,LSTM,2022-01-01,2024-01-01,30,1118.8730303849652,1021.9310775921284,959.8229355706728,1140.5283601671686,97059142.0909938,1034.1257304823955,919.3820721119642,855.2890978535016,1058.4841375504543,60261084.68741696,5.043478602804998,4.455956908107918,4.178272040966966,5.1546352878217485,31.04220577435436,2.0123986571076684,2.101279384786582,2.0710199654002963,1.994373228261204,53.96717276239617
30,^GSPTSE,LSTM,2022-01-01,2024-01-01,31,489.3811986749319,441.6311881801571,469.56286631982624,530.2288522506133,89478311.26242748,413.7113176659914,347.76738138546546,390.38529463211694,456.2279155170467,53416841.16259456,2.011078444102379,1.6777113475329692,1.902423677457523,2.215298478029963,32.50429360891135,1.2425020605280035,1.2934153219963476,1.2441954777031103,1.279955103122206,65.63190949066929
31,^GSPTSE,LSTM,2022-01-01,2024-01-01,32,584.054570867916,576.9609828307489,559.5090343478984,586.1296798984321,89210558.4483821,513.3170744449599,496.6993816703558,488.8301925261815,511.36606621322375,53453163.288127184,2.498403680712201,2.403150988412742,2.385949982261768,2.48411562782665,32.75574655549604,1.3193790994002133,1.386758787013592,1.2922743174097275,1.355410645683372,65.99338386458378
32,^GSPTSE,LSTM,2022-01-01,2024-01-01,33,224.96928132772743,227.24325070753667,310.26011751495844,282.3730989249134,89551267.51069552,170.20043051098477,183.86329579999048,257.9197078545888,223.9272234895344,51887938.26205333,0.8259465314790484,0.8887650859263281,1.2577823318950363,1.085398207860205,30.60269784639701,0.703525973730867,0.6328706699763995,0.8236653563083637,0.8198866260738218,62.12318013890141
33,^GSPTSE,LSTM,2022-01-01,2024-01-01,34,1226.6546855876636,1292.145647706062,1198.1742298166728,1213.993096069021,89763730.03469235,1112.7061876242517,1195.969287642837,1095.2978072245917,1109.9427376996105,55668655.19951581,5.434030105956246,5.813952009720471,5.367772779713135,5.412975260747141,34.86872157749967,2.491578655639473,2.3399291106544347,2.3548576815841176,2.366285509582222,69.06050749675235
34,^GSPTSE,LSTM,2022-01-01,2024-01-01,35,1037.0182324881912,1002.2176667866648,1086.5203303406963,991.933269537572,90164000.16425236,934.259938698844,889.0647416998943,991.080826886495,885.172805358648,52353201.38386091,4.551740210768173,4.30663475586532,4.845535273161095,4.303900663919978,30.664177469246468,2.128861945426516,2.18189924219172,2.1069116871253706,2.116567880859922,62.5166703619818
35,^GSPTSE,LSTM,2022-01-01,2024-01-01,36,196.3246378797709,191.40587260811049,257.92409277031084,254.10091586351504,112821543.2930942,159.81295410052408,150.1148858954509,209.11795590718583,212.71442341733103,78153626.52662398,0.7880943567694164,0.7376442700062023,1.03354343376305,1.0466085453404117,35.521733340550995,0.5666724049082345,0.5874727751580373,0.7509639548894719,0.6884716347681553,43.12872207441504
36,^GSPTSE,LSTM,2022-01-01,2024-01-01,37,1193.410862451182,1256.8246767177448,1180.7238101746043,1165.1459067020849,92569831.41991648,1103.121992923319,1171.717889234672,1083.248947830995,1071.450463197652,55305951.73450471,5.380951610801802,5.6881590665376,5.298771248549404,5.216624910601482,30.350254875966048,2.152835461282125,2.1311368822394283,2.231709832716408,2.1616513243681648,57.59841558438915
37,^GSPTSE,LSTM,2022-01-01,2024-01-01,38,252.1368277424029,265.35196755522435,273.62197040557464,334.2569199117864,90136516.2311702,196.4599876593488,211.5813894490401,202.146961025397,244.70575724261968,57323220.16933639,0.9558067742109344,1.0253361649535435,0.98340604682958,1.1833208249571567,36.16698735936267,0.7568838365225906,0.7641370310458601,0.882306791200988,1.0856900439962962,70.01250305337582
38,^GSPTSE,LSTM,2022-01-01,2024-01-01,39,541.2014353102514,566.7226791601252,551.077532772036,543.0607468111356,90123272.6034382,452.8912253150484,470.1984353085359,461.5324502825737,451.037270082968,52366230.84781408,2.200697423157058,2.2720456773810658,2.249567981945249,2.187431187485139,30.72261556852391,1.409849642363966,1.4996486287141768,1.4358299751941603,1.4377082431194197,62.48923723308019
39,^GSPTSE,LSTM,2022-01-01,2024-01-01,40,1007.443175499643,1080.797279248257,1067.9252835517182,1019.2967469340392,91981981.27157278,921.1194558505669,999.8890946726004,990.9851260145504,936.5664550491996,59128113.849799626,4.490402219704688,4.851592733969721,4.848430948712342,4.558974871072893,37.33446032568564,1.9267175011040487,1.9205430064375868,1.877041671949192,1.89292187376615,72.95473735053612
40,^GSPTSE,LSTM,2022-01-01,2024-01-01,41,492.6885578598879,382.470054372848,582.8383440462565,535.7559835907389,89546241.84278789,441.4295456612405,345.3934897040328,532.5435738484065,490.3824738243207,55193295.57683268,2.159428271787428,1.6827209248656942,2.6145796626964324,2.397343166468852,34.53420860523701,1.0690431424259814,0.8009773882499023,1.1628642326587382,1.0548795356970624,66.3429512870216
41,^GSPTSE,LSTM,2022-01-01,2024-01-01,42,312.8612052894547,413.57661119556735,465.0062406367373,418.2266279589832,90067950.46832734,231.0607799955721,334.62939480245115,404.04805193344754,345.15773691690214,56819241.18278344,1.119182620078458,1.615854005937836,1.971966106330895,1.6738434429788638,35.76741130706188,1.0082528027661803,1.153550308621551,1.0935154863608485,1.1228011662390098,69.55844559688434
42,^GSPTSE,LSTM,2022-01-01,2024-01-01,43,1421.9862241785656,1322.6549344354664,1429.6231670307577,1387.1021784165243,91121656.75571357,1298.42614869494,1186.2358587558072,1306.8145939032236,1263.3518661068442,53791376.74360434,6.3303476267324434,5.749285866377552,6.390842516339576,6.14844828321494,30.79848229744828,2.744194458783205,2.7602832280585305,2.7497529936699063,2.706202583990581,60.728099105831376
43,^GSPTSE,LSTM,2022-01-01,2024-01-01,44,159.24017082175862,167.12277146754025,162.88134526406583,158.20631366712027,95035921.4729156,134.57392008323998,135.7879796097676,137.76101908286412,135.47916642578008,69044786.06752752,0.6611206042820725,0.6647202571467927,0.6758685910022244,0.6624661493722506,43.51571851116134,0.4211627241058999,0.4807296585991421,0.422619754663609,0.3979388109173229,74.18249037968427
44,^GSPTSE,LSTM,2022-01-01,2024-01-01,45,429.0401050169903,495.7586593970661,522.8979374921471,463.24053072086616,88855858.39002784,342.35017981149724,405.8683619196216,446.3872184634209,372.1927878992787,51796971.21588866,1.6612891407309542,1.960427029202968,2.177138315121273,1.8032268543087413,31.222362267106924,1.2325919759641013,1.3501261356360186,1.2957443460001186,1.3132009838763266,63.83085240409401
45,^GSPTSE,LSTM,2022-01-01,2024-01-01,46,790.5502501427089,768.7495036131971,470.61540268754,571.0688875963498,112255144.1390653,711.0286344541237,701.7446962500612,412.0401232004166,507.0863411882737,93622941.56109928,3.471820122335588,3.4106169729306504,2.0181897386665537,2.471781194925716,57.56281304513603,1.6661812410619703,1.5027930881574023,1.105731659035118,1.265837648198768,79.68852273468002
46,^GSPTSE,LSTM,2022-01-01,2024-01-01,47,339.1163178821708,412.2101111391565,301.26348655488107,226.86476508023424,98664177.186513,298.98100030821905,372.03274662097294,261.8056940317154,193.7291624423272,75325935.34132758,1.4625752223600004,1.811521840139759,1.285111297432414,0.9478129393756144,47.159409413258174,0.7807217729035304,0.8619662195673436,0.7321712895218755,0.5774461274885201,75.68023841727182
47,^GSPTSE,LSTM,2022-01-01,2024-01-01,48,1133.592664302871,1178.856156398062,1194.8459997312816,1203.4440252031804,90217366.72190198,991.5878720321344,1027.557207864523,1056.9495102008184,1051.2404499461331,53075477.278580666,4.82634423252285,4.97461763943522,5.162187132224172,5.107995171730226,31.59097648097519,2.6101940387207816,2.7319002329314217,2.650492192741909,2.78009223899812,64.61770602853002
48,^GSPTSE,LSTM,2022-01-01,2024-01-01,49,602.5585932163875,753.6773135117974,653.1657655013507,664.166633270187,92970221.00959486,517.1480888799997,677.9114421546459,578.2167424082756,584.9131605459766,63004435.9006814,2.5150518273169444,3.2852400600450755,2.8235545606967247,2.8423669524013007,40.14299776037211,1.469781630108339,1.5483787140702463,1.4416537376298058,1.488558132475961,73.9285030526984
49,^GSPTSE,LSTM,2022-01-01,2024-01-01,50,924.9191713037628,881.0380302686466,948.453178899799,880.771776022279,91994368.7025098,848.4895443101414,790.8429672633608,875.7078203082085,795.3562344072775,54335248.62728159,4.136572865179568,3.832402909319072,4.283267566336388,3.868803472890118,30.695441922690826,1.7350658541809243,1.827827120469938,1.7178686649462802,1.785495828700194,60.709167081740524
50,^GSPTSE,LSTM,2022-09-01,2024-09-01,1,739.4268017162141,669.4724265872904,732.9251472618428,750.2513021468081,58007998.39019776,578.0135367502769,511.8213091139643,580.5679591984177,585.2376843376531,51553790.60969512,2.511311678104303,2.214753297011849,2.537791309660641,2.5410985296754376,26.03906913267128,1.9802848654668816,1.847265305237984,1.9274162418380592,2.013243309753478,16.79455548432865
51,^GSPTSE,LSTM,2022-09-01,2024-09-01,2,1326.5255822293484,1157.6074851127185,1268.7551982181217,1222.36008968264,42072230.751523,1173.554291893045,969.2488803121378,1081.2341410069105,1026.2411448646224,30237477.29867925,5.1124480358979225,4.196249777640322,4.719157941462672,4.457369791185776,13.207083484060874,2.637953993459652,2.7020947885555526,2.8490978807083795,2.84258688612795,11.05628087467009
52,^GSPTSE,LSTM,2022-09-01,2024-09-01,3,683.335479676049,760.527174828206,761.3097537132976,775.783099534105,45570098.83327942,532.1586047112942,607.3440770791378,619.4939962064692,631.9784367179705,39381077.61296312,2.3129138525924344,2.625928000165865,2.7055844267097817,2.74411430552609,19.30084429661592,1.841816639537832,1.9569714841958288,1.901768547507095,1.9256157345813472,13.14617739737468
53,^GSPTSE,LSTM,2022-09-01,2024-09-01,4,1572.0647250142035,1532.0323215430583,1343.4063432580867,1812.8928381357327,215408456.0985527,1451.5930562178294,1415.814188240969,1212.3653003650095,1711.1865641535676,210960204.02852872,6.371415785944115,6.183722003009429,5.351762165626884,7.50506818564109,101.9074336059212,2.6560800217932683,2.559981205681465,2.577431924580296,2.6332672205912773,32.311509866014646
54,^GSPTSE,LSTM,2022-09-01,2024-09-01,5,1506.129246860269,1531.8893836452166,1498.0523198889114,1581.175826783218,66864194.58380481,1311.2735789020855,1346.4269976139185,1271.159035310444,1386.62816272969,53548431.071408585,5.712647997625766,5.840260838720904,5.550606776261295,6.034049790892004,22.151273759133648,3.1662841582398267,3.106747365508512,3.4025503412705147,3.238418026693948,12.695757286361658
55,^GSPTSE,LSTM,2022-09-01,2024-09-01,6,1631.6630910605825,1822.1562366051164,1735.729104168366,1718.1836416856795,42330768.216483645,1411.5676097517212,1636.9041269653244,1510.8222790151058,1517.4378806434693,36367491.04769707,6.150780906051132,7.106927193419123,6.605181118332561,6.60637430697752,17.467940359130786,3.500926688563534,3.396978954545296,3.658569858258828,3.4326374281017085,11.336622775292692
56,^GSPTSE,LSTM,2022-09-01,2024-09-01,7,372.2393851123908,428.0019336073975,626.0344730917942,404.8397454790666,42980601.9817167,240.72140565415225,312.2109300580885,508.7831419647982,267.0398894813479,30727781.30180463,1.0738500500045387,1.3808282001886147,2.269651330814633,1.191344626718469,13.293411779231338,1.2867006545813469,1.3204584435513065,1.6834254368751045,1.3820562140180714,11.104821291454488
57,^GSPTSE,LSTM,2022-09-01,2024-09-01,8,409.1810325311322,469.1583140871752,457.3031088650974,496.1295914898402,56715444.152103424,338.5034695655107,398.7233127875487,368.34345625205896,419.689151471114,43420964.895303294,1.48401884003718,1.731354874699143,1.6270018694904378,1.8309000854652693,17.886974496343424,1.0103406411430376,1.059021641120495,1.211069463872449,1.1405892300124238,11.509804725940642
58,^GSPTSE,LSTM,2022-09-01,2024-09-01,9,1329.0440426771472,1344.4954410678488,1328.2799693894897,1377.6603220975237,59128523.89386974,1093.862091905872,1109.4528210344142,1071.9187849528466,1128.8891766527477,52178530.029190175,4.756413147901138,4.802805515369845,4.672452250216749,4.900801910893868,26.4183365128456,3.2373704618231627,3.242954322689457,3.375138830983424,3.3826239242621035,17.672473936553434
59,^GSPTSE,LSTM,2022-09-01,2024-09-01,10,1184.3337174199737,1198.700299145089,1213.9996247745644,1088.583745665506,42566935.788309455,1025.292267397046,1039.7477607454057,1038.9244611450315,891.113083000866,33756385.300641656,4.46344386987476,4.506153002017559,4.535078478291124,3.8679458396342494,15.823820914763711,2.5355984334792905,2.540140771898016,2.6954305222048607,2.680212402706876,12.350680023366746
60,^GSPTSE,LSTM,2022-09-01,2024-09-01,11,1114.955886112444,1100.0630955464403,1106.2707498240966,1088.6262169731292,41840865.44685209,936.937359201908,923.900382734354,907.1366521888568,894.2316453005776,30307940.44058253,4.074120270091415,3.999343257139184,3.95488978113365,3.8813254545260754,13.334464398860929,2.590770890527928,2.547621904308004,2.722874175595112,2.658497289362088,11.107462339294438
61,^GSPTSE,LSTM,2022-09-01,2024-09-01,12,702.5335191550322,686.2827547250766,693.7766096821125,620.7218609003819,40965478.10398585,576.0241901059945,554.8663417060627,574.3445392768986,495.6818816294103,31582635.056073863,2.504217705948725,2.400311257886971,2.5109198777933885,2.1565012228889526,14.44676482717343,1.7239791977721366,1.7253293111271262,1.672697305048381,1.604099537035406,11.17830752332472
62,^GSPTSE,LSTM,2022-09-01,2024-09-01,13,427.6368327902266,354.2584940933759,446.6596184669488,480.0217434999002,41269331.41247053,292.9650897582372,226.98933640494167,272.6954951781314,347.95831697183047,30240744.33036496,1.3057281380271497,1.0073103646618813,1.2291839354021914,1.5491341327926005,13.427219458687398,1.4126727585982677,1.2243917751536806,1.6188775467725562,1.503975291802674,11.032547426147651
63,^GSPTSE,LSTM,2022-09-01,2024-09-01,14,380.08316824698807,552.5699627725753,433.5728240261976,401.8181933929601,47622556.638509504,313.1699110577504,488.3526011316338,345.58532698876223,323.74631323006423,41580158.134670846,1.3767378325108393,2.1176106204018565,1.5308196901607178,1.4243363618038418,20.574879591022164,0.9587293494893194,1.099362150524783,1.183508235730663,1.064582955345694,13.788107672661464
64,^GSPTSE,LSTM,2022-09-01,2024-09-01,15,2324.706008983408,2283.000276823468,2161.1735392400137,2108.6141248825425,40506058.999975264,2139.3478441973525,2099.5595970827853,1987.3964237880275,1931.4938928646764,33417092.042041123,9.380209588650231,9.160390672452868,8.758984390107951,8.462744781248459,15.581649111617136,3.967612307573507,3.888645589365199,3.736961167330629,3.687987118598415,10.3778013462999
65,^GSPTSE,LSTM,2022-09-01,2024-09-01,16,1260.5821201141368,1450.3629733719667,1382.9115931572585,1352.9544770295008,47973287.0215169,1054.28241913716,1292.8942431388425,1187.9630459180255,1160.4036232684705,34786886.55422767,4.586452282373974,5.60911745138444,5.187491059456938,5.044545919580582,14.371433565952216,2.9625064008809154,2.789806982995086,3.0366964745926697,2.971963052088607,10.643304725789488
66,^GSPTSE,LSTM,2022-09-01,2024-09-01,17,1417.6659510809889,1498.313756981001,1450.5559076769107,1563.3197462108988,47257465.76535447,1171.291550940275,1287.6451041156834,1173.806388765232,1348.2202725686254,40323861.56361977,5.09513104474687,5.58114413863601,5.118385592091382,5.863255101859348,19.93711408976585,3.4248557911590933,3.2626467087050885,3.667606834692183,3.3771079393585763,14.358612623094327
67,^GSPTSE,LSTM,2022-09-01,2024-09-01,18,637.3939201323948,468.04772120083874,694.4322233706531,479.9998862917234,42923261.71116108,545.9711169809103,361.17186843326,589.086638426253,367.55712997053706,30675770.17603517,2.4127409895148904,1.5921949364055463,2.620982564364523,1.6300514114848568,13.261366063633828,1.4968379675473118,1.3415257506810252,1.6967819867841554,1.405341678818385,11.071513535962076
68,^GSPTSE,LSTM,2022-09-01,2024-09-01,19,1734.1126664675369,1583.9649405617895,1772.8331172077974,1638.7541502727945,112943627.7345183,1573.7993456413349,1419.1558088932652,1610.7564244322325,1476.265384845097,102507279.00026622,6.904187533055345,6.194839553833971,7.101495704020247,6.471130736630287,44.64602035523518,3.191101944055061,3.0648558096964487,3.267791206590677,3.1139684950605933,14.40492084603275
69,^GSPTSE,LSTM,2022-09-01,2024-09-01,20,1955.387492746528,1858.4697808959504,1929.1857505891453,1866.7413556636025,43702172.21491495,1785.1437323123216,1672.746292214666,1717.9605049620072,1663.2997903903956,30902767.37826516,7.791466148471408,7.263447460028432,7.518403777368325,7.244925225329091,13.254985632969,3.3931470247058955,3.4365564063327727,3.7487289674151296,3.606699829722635,11.29526778510375
70,^GSPTSE,LSTM,2022-09-01,2024-09-01,21,479.1259969508015,540.8378127629582,628.7688179514256,472.2138214772725,72652726.77849813,391.4330496142308,450.67932877512646,538.8304919792649,383.4007384426421,66416777.39413092,1.7081290803243991,1.953222453424413,2.357937908966762,1.6775918257906204,33.61858059055972,1.1935501892323703,1.2767825302842923,1.391345221908543,1.2033398054910245,19.5248315141455
71,^GSPTSE,LSTM,2022-09-01,2024-09-01,22,646.5100443612508,459.4040428322389,392.78170243267255,378.5369293216594,45522290.8641995,561.961795236667,345.72682253551125,249.6223530272177,241.38773234676847,39664098.54442059,2.485781541282169,1.52816961009122,1.122561081312019,1.0778686569937947,19.445736896345657,1.463653991293384,1.3655279759494594,1.390276949388479,1.3241871341133955,12.863533098892768
72,^GSPTSE,LSTM,2022-09-01,2024-09-01,23,1779.780068752057,1784.3532182323115,1760.082408510934,1985.0939940248288,40506110.66361126,1545.3412440165878,1551.813232711429,1495.0515314858794,1766.7585192256622,32007194.95801379,6.734357497907752,6.731432249172513,6.531180915340391,7.694794591056621,14.790781428263688,3.77402858760378,3.7492341122702366,3.984483502654172,3.8500883092935374,10.90997133401792
73,^GSPTSE,LSTM,2022-09-01,2024-09-01,24,967.0949630882958,966.1155351530188,891.7327037624466,1041.3021886590725,55987809.04544792,812.8552987565597,807.7803748917494,721.182923413068,876.1474191278886,49152276.83574785,3.5339104553463314,3.4959743392562483,3.14531833041114,3.804730042191349,24.82960635821776,2.24595161538262,2.262111135877628,2.2547437021303,2.407970436858704,16.659209262692638
74,^GSPTSE,LSTM,2022-09-01,2024-09-01,25,737.581495027755,723.0636921109707,667.9815341871315,722.7357411226334,47513014.91721702,653.3337055295706,639.6477232158068,550.9179488880404,633.8025477229421,41674757.11586256,2.8821147584768267,2.8068096275214964,2.451329119257483,2.7962188410528466,20.60227894792486,1.5549185272830952,1.5177752083713083,1.7344448847142608,1.5808332543385546,13.569781952150484
75,^GSPTSE,LSTM,2022-09-01,2024-09-01,26,600.7802716865256,472.7671261337706,556.0692245339287,495.0532745735666,61716056.2245848,509.4524633526802,390.38610378465,470.3818689498585,409.880913160988,48286375.66321585,2.217429215488276,1.6955583183178156,2.0628874774280432,1.789527273234205,19.89022126257599,1.3633132904168768,1.145292514886556,1.2844069607376905,1.2014937944127155,12.181553209144804
76,^GSPTSE,LSTM,2022-09-01,2024-09-01,27,1073.8611367554574,1382.9084938955182,1154.7445615895438,1048.2165179947,43469126.31810307,962.8144696543616,1285.3905475892825,1045.5182483701813,929.7981626030248,31033116.79490492,4.232908455661451,5.617963920604308,4.622111383417113,4.084777969611739,13.249722472531309,2.116325350060337,2.2471295246183445,2.210653625621207,2.1497416835016625,10.769909523307245
77,^GSPTSE,LSTM,2022-09-01,2024-09-01,28,4498.097612779211,4023.4186891296,4946.284185769418,4098.199060440051,42398262.4628868,4155.3806277930735,3646.162399038032,4581.158378841014,3761.8278091821226,29923100.50287048,18.20472756252546,15.891288274537397,20.156896034315928,16.463694064715447,12.682406387883868,7.460615609935347,7.334272666473781,8.090048603911598,7.028658896668524,10.358992906732244
78,^GSPTSE,LSTM,2022-09-01,2024-09-01,29,2078.7851545838057,2286.925276236898,2390.3699245649123,2451.6203917607404,47986644.84984436,1873.794521011909,2063.4023794209934,2197.9271804282284,2253.0677588949243,36737971.36431281,8.213580462865044,8.997167822729745,9.68045465608122,9.866110198670697,15.978583747928743,3.921674915135948,4.26225053374957,4.110759619451778,4.191514205219972,11.187205698638934
79,^GSPTSE,LSTM,2022-09-01,2024-09-01,30,850.0658832048525,817.8523015909619,617.4859636128273,772.8605428930491,67980264.7992945,716.7309984157483,674.945304699766,491.8632199919472,635.5737023277958,55340087.53826642,3.116085573011648,2.9193280734624074,2.1569104059556063,2.759986752775462,23.09227052505837,1.957398121266412,1.97290948263992,1.6200810114621038,1.881190610039028,12.184210397467506
80,^GSPTSE,LSTM,2022-09-01,2024-09-01,31,1650.7104542461104,1449.0157761512544,1424.978663132773,1622.1112355039993,62898473.3338984,1508.675264386336,1293.8972180518904,1275.784861000798,1486.2935345381838,56858026.50574357,6.618108906299529,5.647651601333802,5.62758795763506,6.515569568736597,28.63321328872702,2.9319730412952247,2.8386423574459902,2.8096806941350803,2.84297197741734,16.89583139479059
81,^GSPTSE,LSTM,2022-09-01,2024-09-01,32,1236.7653608438634,850.6693900101217,1191.0168331559191,1009.6712319296998,47576982.630035065,1152.43265641431,736.3707421308112,1099.6202732447846,915.7824207724652,42336512.68933466,5.066856387497956,3.22480988414022,4.863940407554406,4.027690987727476,20.8752508588553,2.012043519061621,1.8898417664036808,2.0843520845843195,1.910364382237627,12.8734353557094
82,^GSPTSE,LSTM,2022-09-01,2024-09-01,33,971.0503118847656,729.3051791930044,1065.180409180572,721.8382669651356,41330313.30352126,892.3798776030541,628.3119131370913,982.805657395053,622.500311605985,33760871.61826322,3.928172156560207,2.755189199216275,4.351216179647753,2.7443332115416608,15.878461830738551,1.728940260828657,1.653453539090156,1.8865946273735164,1.6513589077906343,11.312073264896084
83,^GSPTSE,LSTM,2022-09-01,2024-09-01,34,1217.583743572324,1397.4599841716388,1012.6181724357692,1346.6646716075484,62335799.754795305,958.696327188611,1202.0112019953085,770.4173692617876,1110.9592366226525,54395417.235354684,4.163638375624948,5.208538968623288,3.360189454720345,4.823489167547288,27.65312942495935,3.2260486905672736,3.034595540253706,2.8293193359729027,3.2592448368142186,19.42861977540503
84,^GSPTSE,LSTM,2022-09-01,2024-09-01,35,775.1895452976387,1025.4450820821664,1101.9091791877336,990.6253840484771,43253242.62583999,584.476845100522,865.2277944891092,929.1081862946196,811.0088008344142,34715401.50987854,2.538748421229255,3.7454091040905664,4.052885781463347,3.5200041957661834,16.502181498075533,2.1891416762343536,2.3477008275615727,2.544469986960955,2.4356165580078204,12.916879528265982
85,^GSPTSE,LSTM,2022-09-01,2024-09-01,36,1084.186389491107,1227.5718489897736,994.995001516103,1014.2916665117662,40832462.86220586,884.6020195762317,1072.837169839244,774.8809507652962,799.6622505087995,32251958.49207044,3.843979451485224,4.649470222860885,3.3770113194314244,3.468486091302593,14.925982627377095,2.691546454933493,2.537727907399501,2.687504147424667,2.67572671229694,11.137733347001973
86,^GSPTSE,LSTM,2022-09-01,2024-09-01,37,2731.9570717124607,2841.007387606045,2687.7391505124583,2700.7550954567364,77833990.20079601,2512.7483852719265,2669.9118498147145,2420.110164158481,2475.3048468387174,59624987.9842634,10.98035921385022,11.617822276662007,10.608872957427408,10.802054733577132,30.808102250658248,4.575224832347236,4.10838041110242,5.004135024005003,4.595225466690647,30.374215691626173
87,^GSPTSE,LSTM,2022-09-01,2024-09-01,38,2259.755430765921,2065.2647448488983,1914.355348108003,2077.2657744331536,50021659.835997984,2064.030869341393,1826.778744075913,1616.146406916498,1830.799519334898,40789761.45712982,9.010114908084642,7.930629385770896,7.061735017237564,7.973526701799141,20.303589124533914,3.911241526719226,4.098271945256875,4.4047183476540095,4.182318452363785,16.832807731783653
88,^GSPTSE,LSTM,2022-09-01,2024-09-01,39,1576.215641776442,1919.4470623608936,1712.480274547247,1940.6083441941207,58758559.243231975,1333.6248433977366,1762.5895776713442,1479.216272179309,1778.3716984844546,50656409.98287895,5.808522695812828,7.657909864028438,6.466669645327718,7.752800943960035,25.72813072743944,3.6011498966893325,3.2150869294143174,3.698597397422349,3.291070128646761,18.702113181193813
89,^GSPTSE,LSTM,2022-09-01,2024-09-01,40,966.0884950860064,931.7080981733252,851.4129370834701,759.8284723244345,44601469.10304384,816.7553255995115,788.7995087735316,692.6641533907502,599.4229673447527,37984682.91823745,3.551273051294664,3.414292528968292,3.0218501951576253,2.6019872881657693,18.4987931896362,2.2113645396727604,2.1148080709034365,2.127512917810249,2.002048251178516,12.98744003218176
90,^GSPTSE,LSTM,2022-09-01,2024-09-01,41,1773.366870960149,1865.6290258130423,1920.4765529995511,1987.2458976088344,63422719.82171284,1493.6981350054343,1609.9959056720836,1650.3042896783834,1728.3563611524116,56824584.10833041,6.504177803862672,6.982594605035174,7.2124843374855825,7.522807906394642,28.78521098211092,4.094388638140388,4.014172771160215,4.20807936813832,4.182590067822646,18.38481135661713
91,^GSPTSE,LSTM,2022-09-01,2024-09-01,42,1696.1344737104337,1709.0453593147354,1820.4854743070648,1809.7991587858069,41681285.64578165,1434.4152205417554,1455.5930517306842,1565.6088668086022,1558.627151468114,29889911.180501085,6.246465961431057,6.31039975812545,6.84220427210773,6.781066169501218,12.97641565256822,3.8768253592462174,3.8182645497277568,3.9807851061938737,3.9262727817139744,10.706745666648354
92,^GSPTSE,LSTM,2022-09-01,2024-09-01,43,464.983492257851,478.0569286233144,507.76031105757886,487.7004685316548,44808639.21292896,391.4736831923326,409.2249917821726,399.93139927638697,410.5980474129147,38577353.17136278,1.709469750351357,1.776966266909355,1.7855223317105755,1.7923403484481248,18.816717417789743,1.084197047983515,1.0575141148219716,1.442167586284152,1.13749164379686,12.82021774186917
93,^GSPTSE,LSTM,2022-09-01,2024-09-01,44,618.643094377936,714.3151396439789,713.6455780093758,715.5333168953156,41188528.7686628,489.4346528967222,584.4285895233509,589.4375399258764,583.3068090764158,31096845.193649728,2.128770606753999,2.528040354162924,2.5754225501080685,2.533519961845576,14.052567035722804,1.62597174262562,1.7541784774405107,1.7283531746985614,1.7742585999784746,11.171020685541915
94,^GSPTSE,LSTM,2022-09-01,2024-09-01,45,461.0166890027269,380.5649230052237,421.0672615899744,427.4767131804821,65332916.9264845,409.5191738416751,326.19824579757403,335.52343370377395,366.011105099699,52367008.80554244,1.788296452687132,1.4224831090640844,1.487308699737898,1.6015009084675305,21.696754711451963,0.9100578458430928,0.8555295457541039,1.1538384159169883,0.9653891141130836,12.224319864537652
95,^GSPTSE,LSTM,2022-09-01,2024-09-01,46,2477.035070911824,2143.212640458632,1796.2098316508475,2253.0255160540505,67503843.15714149,2222.0327358335257,1889.3477074111,1553.0519047991684,2004.0450815940071,54781890.22664651,9.729625743581122,8.231870914833008,6.83421005088373,8.766506515934482,22.81139767114176,4.732809564172022,4.357368105531498,3.936861836767696,4.444959678500558,12.302399264208727
96,^GSPTSE,LSTM,2022-09-01,2024-09-01,47,579.265846403754,608.585889596551,686.4792675040217,653.6824066333481,60470193.41606369,451.4213494320711,479.43713105656985,565.1235472761715,524.0814800452109,54453518.81462843,1.965524583256031,2.0757209901647995,2.4712404505541845,2.2783861491385857,27.48015902915355,1.5632568463136172,1.6037648140253298,1.6763868636614916,1.675582200349906,16.90400551936427
97,^GSPTSE,LSTM,2022-09-01,2024-09-01,48,4773.954071405752,4550.288309218548,4573.214145531927,4627.915619714532,46140339.2434592,4280.052192139626,4083.584230358829,4118.58317805122,4143.322080722687,41139498.7224408,18.731539267466584,17.785764759549856,18.10547323656018,18.111649233631848,20.07055196635634,9.128967847845583,8.625220881548056,8.604394526218735,8.871780588044547,11.855887275891472
98,^GSPTSE,LSTM,2022-09-01,2024-09-01,49,1813.908946514505,1870.7587611450951,1913.1352042545664,1853.4435139403524,41957519.7790194,1574.9587306573987,1646.3287726114795,1662.790294110511,1602.2603863148222,31400726.00222975,6.862982158694981,7.143368699960212,7.269549374445225,6.97154316212644,14.14091434145596,3.845348503131811,3.7765688580597776,4.049242475348754,3.9747375074019167,11.527888819709917
99,^GSPTSE,LSTM,2022-09-01,2024-09-01,50,5836.855211186966,5345.470447302957,5743.578598493429,5577.30224466826,49308678.15971336,5333.338420456648,4849.98574553954,5260.538364244004,5085.31724826835,36999365.38989728,23.35511047569219,21.13320023082736,23.137625259232475,22.244416455336424,15.578949225836409,10.257568632788391,9.676962063270375,9.993289522507782,9.875892363272015,10.818380469411135
100,^GSPTSE,LSTM,2023-05-01,2025-05-01,1,771.8749802787637,627.6516103661971,936.068303613572,815.4782079086482,82448344.78390963,594.6005246235678,527.4560795106071,682.1556300625671,624.1244354061705,69890694.30503747,2.4902834580122275,2.164100448256904,2.914399951930206,2.617023582276909,25.259739384428887,2.172163614744228,1.43971143714587,2.8854786380767177,2.317608313458706,13.55979212359864
101,^GSPTSE,LSTM,2023-05-01,2025-05-01,2,1423.3506840741377,1147.9827902543163,1570.9236818354914,1391.6926739147896,83120511.47775055,1147.6063269120873,968.5178330563086,1256.0364894444706,1135.0337264855004,69582654.25370286,4.811987421874933,3.996520432584747,5.348603365712386,4.754582207685922,24.92337563509885,3.6550306503926646,2.612005118004522,4.207830182438896,3.505126749632712,13.571106740520824
102,^GSPTSE,LSTM,2023-05-01,2025-05-01,3,724.7536158518999,604.3193662797304,873.0854929656384,753.7341030639197,80219516.06162241,580.0428222030091,543.3972722574292,697.8096179677794,627.5102378053358,63379809.20144836,2.4187815267125345,2.2117377508386507,2.950459392632261,2.6018654985923644,21.82168220265377,1.920824873780573,1.0941281899575552,2.366424407752306,1.834099696305438,12.572536944581358
103,^GSPTSE,LSTM,2023-05-01,2025-05-01,4,856.1931780683417,811.3581098981999,1078.8518539726997,951.1290256884432,115261525.97978386,773.5535826333255,725.7295081156772,1016.4482114828309,865.2224819277336,83029894.84513687,3.166755558783473,2.926186726558876,4.1969962526671685,3.528079959951113,24.73134839113889,1.5083288871074123,1.4338129027199211,1.4667008854133667,1.5920196531659645,16.775690028164767
104,^GSPTSE,LSTM,2023-05-01,2025-05-01,5,3215.917879469383,2634.240770482419,2309.240445988898,2664.6507544539654,96554475.77194127,2905.5426549662293,2299.295542594248,1928.3048246828257,2325.562516951433,61624177.75386901,12.072652907495856,9.458546972197622,8.167775561077907,9.677519974419964,17.538533624301714,5.961192102657224,5.383555476402622,5.585136063001351,5.588348177235432,15.92598802241662
105,^GSPTSE,LSTM,2023-05-01,2025-05-01,6,820.4629799755087,641.4602987341021,1066.1156277019866,834.6847403890089,98830183.18302236,620.4898238606286,546.3597833357829,752.0230681181071,648.3574806153619,63460963.40322553,2.604892180580293,2.236681308811471,3.231839615880957,2.7149873811738856,17.934112175790144,2.3643859751131195,1.4106946353690983,3.394462829857383,2.317194406323441,16.342764339441384
106,^GSPTSE,LSTM,2023-05-01,2025-05-01,7,761.5215807940757,584.6011901139724,888.4383246186176,749.8500056261126,87726695.06915823,652.9718317313585,520.3110107150084,664.1928419654685,607.659078567184,78790894.86472449,2.685874342980948,2.125337718671858,2.830870941791464,2.5312270302626336,29.7182935204613,1.66240089037392,1.1254650316122043,2.6677477757889574,1.9467679058304528,15.372679180661107
107,^GSPTSE,LSTM,2023-05-01,2025-05-01,8,2025.224737032093,1867.0792805158603,2164.3575643033305,2125.250868454551,82176526.01094453,1694.5160104710144,1564.4726534666572,1800.9745587508698,1795.3329179475318,65499513.40345443,7.081097589187844,6.452763418783884,7.634487278633014,7.491469402894962,22.70123834223114,4.768723604934575,4.265400605141823,5.293218537429593,4.8872082557273,13.073461734247216
108,^GSPTSE,LSTM,2023-05-01,2025-05-01,9,2272.1149342954973,2078.909944070024,2245.512050015962,2393.4180674781496,152964840.4635608,1910.837246396245,1747.173341750369,1869.0333488410183,2053.3767605834173,130682311.96594004,7.976361237362672,7.201147131803522,7.917123088586922,8.553615026014475,42.73991873874385,5.259876445639987,4.701703548134154,5.462393024248376,5.26755910722988,12.843575552230227
109,^GSPTSE,LSTM,2023-05-01,2025-05-01,10,1039.7930983133851,1281.0523858184074,1056.9736136078295,948.370419966067,137913753.3160891,957.3840575015948,1162.2351703570146,994.5812220681886,861.2694259190854,111874190.69178198,3.899293984259773,4.678630236936332,4.109342898676681,3.511432959849048,35.530733288301086,1.6058122787447182,2.1298360089154014,1.4605854909185163,1.5981385842121891,14.584173329919722
110,^GSPTSE,LSTM,2023-05-01,2025-05-01,11,1124.0828291675598,941.1032958937454,1359.6263657081863,1119.0508845507543,81231297.01137355,882.9378241852702,784.3878519037738,1043.5113928199355,891.8806187880847,65337720.74609817,3.7107335501928462,3.2400019420014416,4.46111413645762,3.744190899052559,22.74720441264012,3.052502776750996,2.2192240569823807,3.907884692142444,2.97450276561314,12.77906201856204
111,^GSPTSE,LSTM,2023-05-01,2025-05-01,12,1080.5232468743975,564.460162219913,904.5898220464472,939.5531690941876,95661949.92206252,997.0137322920608,504.359268524133,816.8797003106757,856.4215432590611,88635622.20455758,4.054168763124363,2.0518818375914067,3.4022743216843967,3.487601334221043,34.38775923867879,1.6311721175391578,1.0478254897934207,1.6999856038844876,1.546138775133676,17.55780270486541
112,^GSPTSE,LSTM,2023-05-01,2025-05-01,13,1282.8152667457632,1325.7518391995332,1489.1814955854277,1251.573614354916,84199348.6833953,1037.3105202199192,1089.3084693230146,1176.239758402823,1023.3952265126126,57833287.04681894,4.3499971402188,4.50234202244589,5.014927416781592,4.287499764492366,17.966042066145516,3.297305822926841,3.1859442106164613,4.081806754767103,3.1576194791535444,13.102584628144353
113,^GSPTSE,LSTM,2023-05-01,2025-05-01,14,2174.530914877637,2131.1738888605582,2386.996479651208,2152.961339243085,91834203.31683536,1814.460935082108,1797.831461377015,2016.1759279391883,1802.229520894448,59462691.76882337,7.578738058887617,7.409095444410937,8.531852686741821,7.520558756209204,17.21994295500881,5.129618628670742,4.778403793333003,5.617728714648953,5.039241244782719,14.598904965072853
114,^GSPTSE,LSTM,2023-05-01,2025-05-01,15,2841.1431908599543,2831.207354021492,2425.428657115709,2700.658302517536,126523074.4644674,2716.6058410111755,2738.275867840027,2199.5771789019404,2553.031402948464,97877683.5681952,11.099767844354606,11.112462444332932,9.022494509500763,10.404734586990584,30.30428742243136,3.300832009748352,2.8492838496654285,4.123228951331922,3.4917125230632813,15.617590452366253
115,^GSPTSE,LSTM,2023-05-01,2025-05-01,16,741.676919622604,641.7585790660279,973.7696568004532,845.7961148736669,100701356.49471308,594.0634219692089,572.4839966063853,683.4420914463273,618.4510302033741,65062792.52516165,2.47608886589514,2.3227032761898543,2.932572585768985,2.604226147217686,18.38974621528509,1.9562405762940545,1.172767486503878,3.1187129946428995,2.5406839080643464,16.665489700917334
116,^GSPTSE,LSTM,2023-05-01,2025-05-01,17,1518.1233053662152,1551.2821002808676,1501.7878805140926,1464.5800855045943,82179603.22403854,1374.5143286569044,1426.227929619684,1356.4392646375948,1311.5668382646788,56823737.24730045,5.588095826869565,5.762012196807557,5.556114703263229,5.323504795091933,17.742318988646392,2.58044561004508,2.428344443624471,2.57613326264467,2.6002800597476363,12.762799312617284
117,^GSPTSE,LSTM,2023-05-01,2025-05-01,18,1399.2733744338036,1112.906832662513,1526.1175829681115,1230.0146058541138,96176055.6198772,1115.6119319200204,922.3218762963236,1199.9155687955597,1003.509479579733,61583177.92334963,4.683322570140831,3.8109541807020455,5.118471943701483,4.205635948153278,17.496643764135385,3.671388238196593,2.641575505033525,4.210618594854239,3.123882943499824,15.732107390115754
118,^GSPTSE,LSTM,2023-05-01,2025-05-01,19,1075.6746232036082,786.2695993948417,1046.6482725591336,1196.6334025260578,81639148.46993218,839.4608357794273,693.3918121989816,811.1832229599551,939.3248472176688,61144730.92242935,3.5289676056719497,2.850183178636736,3.456591555973569,3.947694336888348,20.243771540957937,2.953081904698454,1.5943031455413936,2.989242504852774,3.243721372388971,12.491112563413486
119,^GSPTSE,LSTM,2023-05-01,2025-05-01,20,2364.669112301923,2058.7105265007817,2138.376975870985,2171.39609458368,131070300.99816813,2065.759218542092,1768.6569101989191,1773.227270514196,1848.2261149885016,121440774.5775498,8.608541406678269,7.2855557267677185,7.518219761917898,7.708184594635154,49.06431198655392,4.974401958534751,4.419462558580692,5.266123203949246,4.901265083117181,26.64514926814262
120,^GSPTSE,LSTM,2023-05-01,2025-05-01,21,1713.7929489810256,1608.913244630294,1908.168961538813,1701.017968896377,86177124.27124636,1402.4507872625331,1339.6928835661538,1560.7458738459702,1397.0931583631125,58589962.41958232,5.868008872358929,5.526797860065866,6.624645855301998,5.840768797755101,18.01975687130263,4.236072356916268,3.7310736841780856,4.841342066502032,4.170549143082856,13.521778548178556
121,^GSPTSE,LSTM,2023-05-01,2025-05-01,22,2434.09783970208,2567.7403223025844,2431.9074878048423,2631.621278821505,114370977.2127727,2305.8058635885905,2480.8456884551174,2252.089792193333,2504.735103002872,81290831.74460153,9.411729694455277,10.064219066919296,9.234560762052617,10.205062677218772,24.028095171756977,3.1041006148261707,2.615986655861866,3.6720626597266617,3.181216194869488,17.059177546745357
122,^GSPTSE,LSTM,2023-05-01,2025-05-01,23,2992.888970971527,2318.9443523226323,2761.86901733722,2551.062983516828,107325916.4977745,2660.697157147644,1953.2571266512773,2365.675884808169,2180.644065849076,72175226.58747788,11.063729714320782,8.046215520804203,9.989329984699577,9.081256905306963,20.7853641722898,5.891452680651848,5.204799485633907,6.228603473463776,5.648901410023161,17.047214658858458
123,^GSPTSE,LSTM,2023-05-01,2025-05-01,24,875.5316737288261,638.6056593018129,922.9260891832675,813.4258403421741,106863306.77582836,641.0844266218211,536.6159847047801,707.7809219056934,643.3691158541517,71631943.02872653,2.702765183418832,2.2019281724641884,3.006766371016823,2.6887505942793823,20.542913129898302,2.6249888211708257,1.464462324662079,2.6645594843226887,2.196878477832497,17.21591850140552
124,^GSPTSE,LSTM,2023-05-01,2025-05-01,25,4028.6691464095966,3632.865744491239,2703.6570325874027,3718.069311125663,105715645.39910764,3581.6595713524457,3186.021190402509,2275.180513773591,3282.1049389072577,70024648.73248309,14.870266129192366,13.085687904832008,9.608112378737395,13.617856386010915,20.04270067086461,7.83824092548351,7.259137613864077,6.330438138470871,7.401805798231699,17.08690297409629
125,^GSPTSE,LSTM,2023-05-01,2025-05-01,26,897.2173401394678,721.4467089688886,1146.840418876227,919.9751433979648,91013774.94079772,709.8535271293872,628.8038923239801,848.1213450134809,742.9735782581731,59189624.59498844,2.9770943493320825,2.5830511672930347,3.634047224397998,3.110620545698884,17.20332911105128,2.428196473308694,1.5132680106790986,3.472582985163393,2.406358067987615,14.34618519084948
126,^GSPTSE,LSTM,2023-05-01,2025-05-01,27,2061.3005702943674,1774.1667736889683,1999.69812069182,2116.7400994785908,126474851.04428776,1727.4440505448108,1484.2336112611383,1642.8166958874713,1794.3003727050032,117631459.60893115,7.216171083976368,6.121536920530792,6.97139720092901,7.485000019692002,47.36296650221971,4.828424149214904,4.067964269619693,5.029160883431844,4.825890676305165,25.41382532780116
127,^GSPTSE,LSTM,2023-05-01,2025-05-01,28,1826.621604263062,1465.4382463031045,1648.774104413655,1632.479365535237,89765256.97698134,1680.5507450357973,1313.3340120667551,1477.3596745668212,1465.6201355831406,59152530.71118801,6.835049748037723,5.305878514513428,6.044808513583454,5.946100128672955,17.28265995425024,2.861731228103024,2.6037197495906224,2.9369901184720373,2.8730418691313533,13.927006678723671
128,^GSPTSE,LSTM,2023-05-01,2025-05-01,29,781.123487549703,844.5965524490264,941.6220648208016,823.5506657323571,96609108.83526585,627.3797645366285,668.5553895918886,722.5340863265369,652.2305157023327,62027717.56379673,2.615024273840304,2.769230100042845,3.0672499766404075,2.724586049874698,17.60973249912637,2.042022708097593,2.198510300479564,2.7048613532517227,2.212351827880479,15.783378544752486
129,^GSPTSE,LSTM,2023-05-01,2025-05-01,30,845.2299925076719,740.8457562774861,914.202478713698,867.313763295319,88707161.6743993,766.668209880342,665.6853657961279,822.9713430340053,782.2300670536507,58326650.430825554,3.1359971807837894,2.684345013762228,3.428176375822954,3.19562388535182,17.164154051942003,1.4583002491102015,1.280053369419073,1.7419375153973862,1.5361643579293909,13.799385840379392
130,^GSPTSE,LSTM,2023-05-01,2025-05-01,31,715.4445769848844,645.9862749665746,876.6495578981558,744.7235291114479,100363240.03878649,596.2841726300073,578.9221731361545,679.7645502635899,617.3473750260504,65057098.08755552,2.4704337018436684,2.342719818978696,2.88478011910442,2.5609074424317195,18.422882001918257,1.7281999790416835,1.1465822821697094,2.501984469978792,1.8324501093944685,16.528021419617676
131,^GSPTSE,LSTM,2023-05-01,2025-05-01,32,1314.2822478594096,1360.452203126829,1733.541172989353,1407.522629003984,96938476.60425664,1085.3134855868527,1127.9165639265827,1399.340994590583,1162.0940318095345,62448422.330384366,4.543479270778583,4.656818881271367,5.951677133027815,4.862758566650935,17.758095376789633,3.239191028973296,3.2003363238215545,4.540536628003486,3.457285608710931,15.773691258104805
132,^GSPTSE,LSTM,2023-05-01,2025-05-01,33,1608.1625339002385,1422.4600043609894,1795.8505890140457,1606.1795558135022,137166253.6758103,1309.9391188617717,1187.3426778251926,1458.647397553032,1315.8603187030683,111638889.5502758,5.486595106213602,4.899919203949462,6.1989230961510575,5.506170587299404,35.56674971314134,4.0313115942890185,3.294562994895659,4.641493867989464,3.97833012154284,14.645529234579383
133,^GSPTSE,LSTM,2023-05-01,2025-05-01,34,795.4264228674924,987.69664950331,1045.3157937286128,910.5390154402796,132223724.70900206,711.5304471666692,880.0625116115436,985.0283211395222,828.3010731117373,104912194.87250128,2.919163965635846,3.54014597321015,4.069949624402158,3.3801553832289493,32.92309135848412,1.4852926987456354,1.7705971025661034,1.429914259650978,1.5329291012581874,15.070447873270304
134,^GSPTSE,LSTM,2023-05-01,2025-05-01,35,2923.735535092312,3011.3723010598583,3424.6895012184605,3465.100610338924,102633703.38676226,2584.615995234065,2692.360524896571,3077.7706039612763,3166.0584044198504,93374963.6032228,10.754835689470298,11.061232120964029,12.952366515628746,13.13085814019827,36.336797606633255,5.884115437968364,5.667715568918524,6.641551117328221,6.098208811418589,20.18099080225296
135,^GSPTSE,LSTM,2023-05-01,2025-05-01,36,2140.724588388456,2039.4640118510736,2062.940939520391,2179.681515339606,80274827.10852705,1954.5384517125865,1884.957491316224,1813.208891450536,1981.6311872520423,55935458.072446376,7.967221702079465,7.640925191411166,7.418328668017701,8.055987386761492,17.768248220294975,3.519328819371592,3.1192868264636027,3.9908493395090447,3.642349894248584,13.905612209023884
136,^GSPTSE,LSTM,2023-05-01,2025-05-01,37,1703.9833265153602,1572.6687947291969,1825.601852936482,1630.1404137457605,81679666.1497303,1391.972021889182,1311.646711708644,1482.8838322732986,1331.7656995965128,63295035.35787354,5.827588241846875,5.4127699603720005,6.301388865087379,5.573132085630332,21.48066450671983,4.236519533260725,3.64217903246569,4.714026792075913,4.055555024914544,12.6822496868992
137,^GSPTSE,LSTM,2023-05-01,2025-05-01,38,814.8004008365808,1500.307909260615,1574.3998417225869,1037.578971444876,100512281.461314,716.2567513711828,1400.5728512190826,1440.4670101199067,945.2948676435782,65545680.89534046,2.939006795270251,5.65174090427955,5.884849032089144,3.8485372067049446,18.60587131391093,1.6091253455913743,2.113228833231264,2.51333499827878,1.7015672867925653,16.454952794494844
138,^GSPTSE,LSTM,2023-05-01,2025-05-01,39,1509.1557749616172,1409.9100057583237,1462.1205691953496,1465.341099757932,126103957.17586352,1373.5233329918235,1277.3458446965165,1330.6459819954664,1325.2100682438622,96868586.82452728,5.580708863387217,5.154474242926653,5.451492105394767,5.3748804811457935,29.869322655433024,2.495057453689588,2.379771363619321,2.412566133405936,2.48490708328822,15.838622965002791
139,^GSPTSE,LSTM,2023-05-01,2025-05-01,40,1207.1422406041554,1125.2387296957793,1530.8308905778972,1216.9805287536803,89525660.48227309,956.375330894712,914.3141153721372,1200.6780331284897,970.1144140836512,79930358.15242948,4.017481073850861,3.7825857437616137,5.12367705799565,4.072802534521411,30.167299429518984,3.225033148849725,2.777609376233423,4.242199064516118,3.219954068453167,16.013625460396344
140,^GSPTSE,LSTM,2023-05-01,2025-05-01,41,944.1844191219042,732.8255409412676,1154.321815770858,883.7709663780778,81502354.90739751,725.4323286424934,627.977852618997,849.0939354910864,706.9852223800495,59575358.55814249,3.0510001922445484,2.584385294816294,3.639840341193141,2.9583151444803626,19.44164830267193,2.6643480797176338,1.619274709291521,3.515137089811161,2.3453588105425105,12.608393390976996
141,^GSPTSE,LSTM,2023-05-01,2025-05-01,42,1262.8475921929394,911.2143392347238,1312.9857187124587,1191.2405904825414,86744806.70902395,999.04327428247,784.2563198044974,1021.527771274113,951.410830162939,57640973.84375363,4.197312679201533,3.233013840816721,4.361758595339436,3.9936927808431806,17.314943597767453,3.374138532872464,1.990057414775337,3.7111107536318153,3.1454214233065247,13.562135399110543
142,^GSPTSE,LSTM,2023-05-01,2025-05-01,43,1492.5753627149354,1670.6420324366006,1565.971127122479,1508.372346781416,91440957.91474624,1215.080715210278,1397.3382620331677,1267.4720927703738,1239.4806018371407,58982105.707113154,5.091596277170559,5.767107723462616,5.3925808596443,5.188421973546595,17.123891532784302,3.7629272977339054,3.845215948539255,4.113450590696423,3.7326064317044647,14.68719382669379
143,^GSPTSE,LSTM,2023-05-01,2025-05-01,44,833.6762400303339,769.8999121668943,926.399935296079,874.957374021182,84146623.69315608,754.3192487930879,689.0549300090876,840.3612007395519,791.5086025013511,73938950.81325153,3.0884134345944165,2.778157634721575,3.497641000013892,3.234480513157529,27.3850208010744,1.4632633961787431,1.355410620530694,1.696211029320734,1.52841290822565,14.303018488214356
144,^GSPTSE,LSTM,2023-05-01,2025-05-01,45,866.5518448468167,748.9606735585836,1087.6068402861315,906.3235486666028,82284969.67468023,665.9780207254923,622.7931050216391,789.4825856160567,703.8291022604448,58727921.58015033,2.7970724330553183,2.569549180113204,3.3857923838390085,2.954527647760578,18.830052166711774,2.4481190004130817,1.7829171249365297,3.366091164439839,2.5232354654645017,12.73680767795474
145,^GSPTSE,LSTM,2023-05-01,2025-05-01,46,739.7448664851592,591.4852154234437,868.0237296602944,759.6912275362282,87428407.26078826,631.4072728514594,533.0110410979017,673.7497777703761,646.8873824488876,57534324.28438088,2.6016745942014743,2.1699874301647943,2.858341717564421,2.6676648343679323,17.08020856418916,1.6501521673627846,1.0650892983583329,2.4731129244218724,1.7203416885986704,13.68870962550019
146,^GSPTSE,LSTM,2023-05-01,2025-05-01,47,1415.437395533194,1484.1430292263376,1311.2657687124613,1474.561480167934,109821807.23351385,1288.5519200334404,1375.4661421418268,1205.0024036144605,1337.601681210772,75585536.31110683,5.235791231014034,5.552665934368339,4.945766906680562,5.422289087274339,21.95863751818541,2.336118184463854,2.2052372404081555,2.0544428599016364,2.46586834197164,17.302148248678236
147,^GSPTSE,LSTM,2023-05-01,2025-05-01,48,777.4873527025674,756.7800721664075,907.161829363152,1026.16364173445,109201628.9173482,688.9883678614705,677.6638181251861,813.7987503791849,938.8913254433468,74643364.37181516,2.829501951049864,2.732967034297038,3.39310784392356,3.817955226420208,21.613151855937858,1.5156878682371664,1.3302747423505268,1.7583442338266118,1.6393146406925403,17.224820147731762
148,^GSPTSE,LSTM,2023-05-01,2025-05-01,49,905.745062804827,717.8668770505885,1095.3478667933316,950.8967182661156,97810860.76682162,684.9448466191068,597.5673272632761,785.3882351432073,722.6864686904747,62741257.63566743,2.8822309338193706,2.462515206724707,3.3718058079461968,3.041209993712862,17.7636888263546,2.6129644779464667,1.7007745929070617,3.4316416910309275,2.7249665471162934,16.082325807862293
149,^GSPTSE,LSTM,2023-05-01,2025-05-01,50,4122.991730141521,4348.442437879199,4195.895154117136,4225.043236861881,89069026.4349923,3948.660917761425,4191.573208251944,4003.35711263206,4028.246981405268,64709209.60268161,16.189569085802322,17.05511448755712,16.52680903216341,16.484579627630808,20.183810075839183,4.791036852505496,4.702200121457129,5.015690906833554,5.116258676105593,13.4430114702442
150,^GSPTSE,LSTM,2024-01-01,2026-01-01,1,3925.196186058931,3821.3911063794208,4143.877855692344,3920.034696738391,111384854.29148348,3630.144873712887,3531.788104232874,3877.290946580695,3637.918333695634,70713646.40588757,11.543760888665188,11.17838065952486,12.379456348135044,11.56223711694877,54.96881104723796,4.62076555092306,4.505573856767977,4.517848395326008,4.521258290891269,147.9422600643079
151,^GSPTSE,LSTM,2024-01-01,2026-01-01,2,326.8375815015951,311.42563954972934,293.4182081560328,306.2613245268563,155657475.00076252,239.3379315300845,274.8217760374304,218.37273520383363,231.4398796547348,138796344.7833522,0.7775200368182742,0.8745466236282797,0.7116602942415311,0.7486275725078054,90.96507277191448,0.741655332433588,0.4642889631467362,0.6563540184108523,0.6644294932717745,182.14094929100835
152,^GSPTSE,LSTM,2024-01-01,2026-01-01,3,3763.8481091129256,3629.8834183755553,3833.024675781441,3687.1481225590414,108175770.54006214,3448.442017997592,3293.112880571695,3510.413867878712,3372.529885422884,61262252.364048965,10.961132952811017,10.414297729324945,11.19536732740913,10.711693559202551,43.30255584077317,4.6752758261536345,4.733328155086302,4.786310174577046,4.628539245162893,121.65686414247708
153,^GSPTSE,LSTM,2024-01-01,2026-01-01,4,2849.494148027522,2765.35841149436,2947.9382513559217,2753.28369240466,120188516.7596415,2610.753166426556,2537.928430560984,2722.2767668088823,2524.230481089515,83586893.87833479,8.297504562520732,8.02953380482526,8.684544033876254,8.016951962470529,45.54036887937487,3.542679866373554,3.397458276666576,3.5127549862424017,3.416151331677603,94.2730756910988
154,^GSPTSE,LSTM,2024-01-01,2026-01-01,5,1200.296080559199,1113.9853235996136,864.2426783909881,1153.8768839500506,142849556.4598002,1085.2948178422405,978.730178152378,748.3179581847197,1025.2698208084307,111973876.06799188,3.460827501767838,3.101087730400827,2.393911664719202,3.267182199735045,50.95833248312071,1.5996450761787124,1.6551033067001948,1.360690274675317,1.659398681456124,75.3279677739316
155,^GSPTSE,LSTM,2024-01-01,2026-01-01,6,1958.851528696815,2038.2848406332969,1760.5613503930128,1938.40976153446,122203530.06871,1767.0531722513492,1872.215492423748,1561.655053395064,1758.6933136512089,86815754.44072567,5.611051639244279,5.922954406820502,4.971661538603687,5.581969972192791,46.0993295771226,2.635245797159456,2.495534806745644,2.546473854744598,2.5416890667057346,91.07865255985882
156,^GSPTSE,LSTM,2024-01-01,2026-01-01,7,2066.825009479024,1841.3917800214888,1778.1836149014698,1950.9877405525767,107533756.7576369,1887.870076499763,1661.9083577241904,1576.5943548870662,1776.456243395622,60732493.70001874,5.998418455106673,5.253407075711021,5.01901736645498,5.639363612321068,42.69093353363103,2.6144808124204264,2.464233948351142,2.576748231495197,2.5119976298381403,116.64373837713966
157,^GSPTSE,LSTM,2024-01-01,2026-01-01,8,2414.8710864658374,2484.037684287602,2415.2810902150177,2395.6450771074574,151871181.60727298,2184.257090226328,2285.629429617264,2175.7776199738264,2164.322032895944,124750737.19658732,6.937392548861276,7.232018610344701,6.932042122153213,6.8689377139935806,53.63647522872833,3.204923267586632,3.0069596626892663,3.2773262591047,3.2018886819957424,61.570821981438094
158,^GSPTSE,LSTM,2024-01-01,2026-01-01,9,1233.3069287316414,1459.5237149859809,1291.9779610658354,1454.3634124877,105937028.52051713,1106.010848159017,1328.02768409589,1157.6090504642032,1321.5172608867006,56469457.7424268,3.511837823278876,4.199228321415674,3.687351851614564,4.194473001603534,43.22429873991511,1.6960524915071686,1.8810560349456569,1.791721911620079,1.892888857547633,124.41605660339638
159,^GSPTSE,LSTM,2024-01-01,2026-01-01,10,1134.4352856779565,838.7981404360046,981.6950924407956,824.3641577674267,106297361.22488762,1027.7851945426005,762.1477784703292,891.2620474927128,758.8383756585833,57109215.53570429,3.264179216845533,2.411309501580032,2.841185149618636,2.4129070244321182,46.20433653475822,1.4971779596372836,1.082845401715189,1.2809903364249402,0.9924833834382788,133.55902163637623
160,^GSPTSE,LSTM,2024-01-01,2026-01-01,11,1027.2676264179545,1219.6143514569817,1118.6772339473207,934.9558468645012,132118296.2707782,932.4767690307692,1122.9664001386768,1011.1875979145756,855.6055900128274,100762199.60671268,2.962205966191491,3.552794943125812,3.2219013689199114,2.717831149986712,48.8064336249285,1.3397095828516163,1.4780643086994287,1.4959412114612811,1.1666189844950123,80.17033436074996
161,^GSPTSE,LSTM,2024-01-01,2026-01-01,12,2133.914067791582,2712.063576351539,2116.325453466052,2667.637643516843,109615052.90103672,1892.5025947695287,2540.9514515552514,1868.7586117912704,2488.80506162355,65110088.4372016,6.00507845915029,8.046857839571071,5.948160936245843,7.910922507685064,42.86127999993639,3.08052232456348,2.916929318179896,3.115731128549744,2.9698337475894254,111.20953778663842
162,^GSPTSE,LSTM,2024-01-01,2026-01-01,13,1243.2905245470822,1507.0871651308648,1317.4983508187654,1033.4582543358908,107364258.11600056,1116.0883604101216,1391.254275584019,1184.0474072689656,941.0838564321348,60357107.60704201,3.54346953376721,4.402131069991181,3.771578366941344,2.989672455263896,42.70970195100752,1.706225693600771,1.7954221225706224,1.807480070274749,1.319491179750581,117.1911094588642
163,^GSPTSE,LSTM,2024-01-01,2026-01-01,14,2181.735961411607,2305.996689297296,2605.1484756065856,2478.683430760503,105994251.29483788,1930.0843546012804,2080.060387510814,2399.030616128367,2272.458437781691,56832057.15759357,6.123798935948035,6.575539410769986,7.65193752819384,7.217044433099508,45.50613663608584,3.178103667451563,3.0918726224202224,3.156351995452274,3.075351733641625,132.67829162781985
164,^GSPTSE,LSTM,2024-01-01,2026-01-01,15,264.85343143448216,269.9981604495818,300.7765467846771,279.7793499740744,113159788.68185245,212.9606194632593,234.4766716792093,222.97609517639503,221.4725121761444,72227155.35959443,0.688417136776813,0.747608918009224,0.7273353986039076,0.7143607576174268,43.748130453290536,0.5251183290201704,0.4283907091303301,0.6759701316132528,0.5646533801144925,103.84085424635808
165,^GSPTSE,LSTM,2024-01-01,2026-01-01,16,1325.1719853245577,1262.367785749497,1492.7282712980382,1154.1244492052963,115020347.24419671,1189.2358495778717,1140.3403578351406,1340.685950441674,1049.0210909865746,79127202.57111068,3.7754420585724007,3.6049920389084376,4.270057300036126,3.3312064800385657,59.47380933550963,1.8222085622915447,1.6802458285826032,2.0577251068745688,1.4902302810864705,151.05525000617595
166,^GSPTSE,LSTM,2024-01-01,2026-01-01,17,1548.2641236909585,1365.7992438873769,1602.5924668191374,1102.204196309006,111334830.23252372,1402.5459999266543,1235.3454389875676,1456.778834164321,1006.8669194670344,68862508.93285951,4.4541153756232905,3.90524988629686,4.642560707385266,3.199448422281608,43.33705249405349,2.0469636648637355,1.8109162448575968,2.0906103018290554,1.3844422710681203,107.27525294712964
167,^GSPTSE,LSTM,2024-01-01,2026-01-01,18,3926.9284386048457,3977.827027045736,4081.218593652164,4214.133284076149,113847786.26295152,3637.1156138389256,3723.574499598276,3804.1610833000896,3982.131774526512,75689289.88389608,11.566783959541292,11.79251901201216,12.143045933891662,12.668022226231864,57.75270793487749,4.581306183650115,4.30553750745856,4.577292532228431,4.24247798661141,151.7441450463001
168,^GSPTSE,LSTM,2024-01-01,2026-01-01,19,1470.9767987095474,1234.995272835022,1220.190673518004,1486.1945424557211,110626433.4136434,1332.5743205206702,1118.0949742471837,1099.7428701901033,1359.2674388601397,67356817.13076752,4.231901293608806,3.534994958841549,3.504374144965348,4.315502429114057,43.13768064618707,1.9440723662846795,1.6271292622576976,1.647740279158227,1.8732550024569128,108.85261291965304
169,^GSPTSE,LSTM,2024-01-01,2026-01-01,20,1875.833538174913,1946.010819791952,2197.2607267871726,1913.597437975881,106118374.23675084,1664.3733883547984,1754.1421754048129,2004.234343451378,1718.869959328039,57235362.48015046,5.281300059067128,5.544759888445508,6.38907533696742,5.453457021776973,45.92799781981658,2.7017060361370686,2.618620734726533,2.808652689898698,2.624155657998069,133.35375527027094
170,^GSPTSE,LSTM,2024-01-01,2026-01-01,21,1417.3041102862965,1695.1714994015035,2165.6415722813067,2125.709346044438,112828924.14975624,1230.78928224151,1548.8363225353455,2052.4591320765903,1985.1987361517247,73628658.87875037,3.9145896472445294,4.908839000918725,6.571117089985772,6.325654599749061,56.33063975298514,2.195610360654239,2.1302117922506496,2.130157750352123,2.354753974560824,145.2818703648959
171,^GSPTSE,LSTM,2024-01-01,2026-01-01,22,3139.710838681616,3451.6529585187363,3439.3965876432617,3630.021431643835,112981536.43112317,2830.091137516708,3206.163254378022,3178.7588511677923,3399.32302519365,72532114.73422807,8.987963086511778,10.149902046743188,10.1417565865275,10.808517544011991,43.89432004658531,4.233785304436114,3.94156400781804,4.076742612574962,3.93028326489857,102.6908764533583
172,^GSPTSE,LSTM,2024-01-01,2026-01-01,23,1949.572800732706,2066.24987995675,2136.6106232740044,2076.215031039573,105895201.9967274,1729.1129614364977,1875.4578527255287,1922.7908647739484,1878.171963969272,56578583.17489943,5.486637781382982,5.930161852711511,6.1253363955843865,5.960644282961782,45.18262712243664,2.8124469265591774,2.6907263312373675,2.91417825548879,2.7595955341071754,131.4859280900813
173,^GSPTSE,LSTM,2024-01-01,2026-01-01,24,1012.9843569574848,493.7697506604868,427.7422669729193,821.0419030232616,114594782.321103,927.6228103696368,453.23763197393856,291.6113240776661,753.9232283465593,74966963.04060659,2.94784515964126,1.4380276540367367,0.9512502830829104,2.3950342328894583,44.16811477453301,1.2695338289669194,0.6079372069625795,1.0450458566822358,1.0097137258223636,101.17115175552922
174,^GSPTSE,LSTM,2024-01-01,2026-01-01,25,921.0013685879652,885.4934212722613,893.5413927021528,1108.936625547577,105801844.24554604,840.6167609576136,809.049459555621,822.9028958772542,1014.7088950472838,56471801.80368743,2.6718220736216347,2.559665768345794,2.626102424701344,3.2219446716604385,43.78650490462954,1.1643992256826547,1.112418260361024,1.07580489992828,1.393019192953181,126.14690600546037
175,^GSPTSE,LSTM,2024-01-01,2026-01-01,26,293.5124583718287,247.1913359383664,394.98097743974455,402.833317922871,106621569.45402628,224.58986473721453,186.81984336354847,362.6040779019861,358.6435978775558,58532969.082735,0.7277705542662141,0.6021229330318458,1.1638747797508942,1.1446741936312697,42.78709744730661,0.6320335960409671,0.5367628923378689,0.4973224127122503,0.5801142018729836,119.56670566815278
176,^GSPTSE,LSTM,2024-01-01,2026-01-01,27,4412.847704070425,4173.509779856432,4366.8472189427575,4690.686098124257,115901884.26398402,4039.026565765683,3766.406606040596,4023.964640688865,4325.138527865777,75346605.5706988,12.8526546422645,11.920082388273295,12.852535976676917,13.759824586428508,44.13651943647612,5.501468093025656,5.563486380364906,5.256376650684585,5.622252078842554,103.66264571990608
177,^GSPTSE,LSTM,2024-01-01,2026-01-01,28,1053.5267160403291,839.0347448857684,1048.7334308598777,1007.7617670805045,105942856.86040112,954.0120244133984,760.719580989591,948.3067069329632,919.967204560878,56520750.28048794,3.030212801617942,2.4067270693181526,3.0220746910574787,2.9213772550309955,43.2756415099006,1.3899178767983738,1.0944413525419248,1.3973595084693409,1.2768402808255357,124.41850072058504
178,^GSPTSE,LSTM,2024-01-01,2026-01-01,29,1577.6373007202878,2198.0297728726687,1909.6094178845271,2430.0718977232395,105848331.53217892,1390.756952427118,2032.2038283532097,1691.6551579678974,2272.4369637686323,56303379.97276744,4.41462900546696,6.431310268473734,5.385032929419941,7.223835364291125,43.66266575763101,2.3161204515582807,2.586954230348303,2.777620263345081,2.660152810128771,126.58118325290567
179,^GSPTSE,LSTM,2024-01-01,2026-01-01,30,1916.1853658621617,1573.2120075505738,1901.4482869597464,1734.2563755899296,123592238.93728988,1755.8706775289727,1404.0128090575142,1727.297067998016,1569.85490109154,88708594.97946166,5.5797921085318976,4.436239812411178,5.504854962574966,4.981984368971058,46.40578187096374,2.382718499394558,2.2073443341780155,2.482748577755821,2.298518545886795,89.51041367825727
180,^GSPTSE,LSTM,2024-01-01,2026-01-01,31,3659.20083467592,3872.064050513103,4235.716844273809,4196.237959437192,105986510.8427359,3295.1640510378056,3559.0324259565755,3949.878900040356,3907.8550782374136,56659214.33765014,10.465241297971325,11.26208152195337,12.609104652211126,12.422891813273134,44.93381661964873,4.953198039937238,4.712779096473298,4.729898475701653,4.724931323321376,131.81811257665888
181,^GSPTSE,LSTM,2024-01-01,2026-01-01,32,5717.430643223707,6187.576401617649,5105.823021500823,5741.250631874046,177636854.82552952,5233.598961641221,5662.588117062222,4627.186481032692,5193.882218459458,149904412.95206186,16.650847006424296,17.92777784778045,14.766394907414917,16.507423354135796,59.84932287838463,7.131233001064814,7.703882080133219,6.717920482810112,7.61049885426949,53.17773938023824
182,^GSPTSE,LSTM,2024-01-01,2026-01-01,33,383.6795041901354,316.6526483648459,429.2112017639535,331.51080104840423,106032088.99978442,339.6410432582178,278.2980243057711,397.12361940980577,276.4567008393991,56900092.08648921,1.0861943961007847,0.8868514143811191,1.273685886924703,0.8870904919583448,45.574880502559786,0.569340937302578,0.4843282560176625,0.5131183106222417,0.595675220134656,131.20564204838956
183,^GSPTSE,LSTM,2024-01-01,2026-01-01,34,2159.562644732221,2952.69923655717,2947.289832999869,2616.491901927486,173852798.49642104,1978.238046129444,2787.742813473967,2794.724445267899,2434.559624932915,158695179.28516343,6.299006352506012,8.841500193995564,8.94251391195303,7.752130697028186,101.17247087910864,2.6873095928642643,2.98210766925186,2.879020426677254,2.969721093533056,189.38828048810245
184,^GSPTSE,LSTM,2024-01-01,2026-01-01,35,310.6894622761311,260.4538735064196,299.37832009508594,289.9702186458529,109041695.5718197,223.9979158268077,191.1124080256132,236.6309623404794,239.6211937086436,64771599.14673007,0.7280303515268068,0.616909811669107,0.7675252470099847,0.7704170341400306,51.46072705498474,0.7193477795535642,0.5861039167865303,0.6096273022091551,0.5355161600020723,141.6110456330621
185,^GSPTSE,LSTM,2024-01-01,2026-01-01,36,1429.078952453293,1137.4251494900489,1166.5753014716445,1138.0369629764668,182953770.0434501,1350.0446611542488,1026.8492934206656,1074.9304354389742,1032.7440083471568,168634908.76664197,4.311335283884,3.256243113899129,3.443466566931016,3.2935349435454864,106.52606863360106,1.4540036607908946,1.518516591277271,1.4183562741724751,1.4984429848036702,195.5011455836068
186,^GSPTSE,LSTM,2024-01-01,2026-01-01,37,781.6801958726859,802.9074031186035,975.5045714450724,647.3785230390637,106928524.3163175,718.3251104017021,737.4597138163789,886.6499443368521,595.9580105357828,58533551.62344455,2.2848282903892323,2.3337257912483795,2.826210963512599,1.897686595013124,47.51464480630994,0.9512053744453212,0.9808548588469814,1.2707213059572662,0.7830603220358466,136.06979975610332
187,^GSPTSE,LSTM,2024-01-01,2026-01-01,38,1394.1196956584952,1006.1804190868692,929.3903780462592,1110.3723030173558,120353770.60771692,1263.6084279770962,908.242754066623,853.0479131378621,1009.0485606535752,89759297.88102105,4.012986077137351,2.872027755243207,2.7239919930464587,3.2037391480875823,65.08373253670554,1.8376856448180563,1.339996448807611,1.136973503265038,1.4376528465683285,156.73609122199397
188,^GSPTSE,LSTM,2024-01-01,2026-01-01,39,1730.4209738458055,2024.6887822352808,1977.994090924504,1946.268197244262,140061422.95421687,1531.9247177366244,1849.622174282275,1770.2478395927387,1759.5981406665592,119369423.23344226,4.861304830849655,5.850019326468464,5.637668893439149,5.584003581990499,80.91325019230673,2.5092721340440867,2.553468535683319,2.765006114477219,2.5950772388511294,175.048353894799
189,^GSPTSE,LSTM,2024-01-01,2026-01-01,40,3834.724968495116,3680.6008961272464,4160.795544046144,4124.6993198648615,109006367.08061416,3553.376642587967,3385.269177410061,3895.7367925075455,3888.135505723537,64582262.644351706,11.300750284085767,10.712013388653942,12.438352516499842,12.36752029910492,51.28601860877395,4.459069641588047,4.467574577661145,4.518708778593759,4.238266247538327,143.68827007764452
190,^GSPTSE,LSTM,2024-01-01,2026-01-01,41,2691.434677577216,2594.7189464709363,3125.9396095463217,3198.5008605104745,124415914.99503072,2419.924795338558,2320.768821446815,2909.589185592928,2993.670005208024,89954894.88380098,7.684094008944418,7.334159537161024,9.286344705524169,9.517940085335368,46.66909992901358,3.6702465566029545,3.608831204344407,3.537639180521287,3.477578044692684,88.53205986367138
191,^GSPTSE,LSTM,2024-01-01,2026-01-01,42,488.4033177130546,243.9137668672053,888.9581948879123,405.7903204838205,129156305.48386724,423.8305675919168,199.1110230691925,847.0640640054054,346.0228611272813,96847734.91034111,1.359517596137349,0.6356503690278777,2.724982600862621,1.1095867740693794,48.01756545840541,0.7833584369157413,0.4499737291331908,0.8730363829799038,0.6845037036151393,82.9275355534977
192,^GSPTSE,LSTM,2024-01-01,2026-01-01,43,489.7438897695434,551.8272156869543,654.0902221873114,441.5866323580631,106323998.9571466,448.585617342762,510.54192223842256,608.7930022216713,397.6301581034694,57152647.16997863,1.4314871583889546,1.617900210678976,1.9447371440990964,1.2697758087964168,46.15258728591495,0.6157706938842342,0.648052827522396,0.7404324402491024,0.6086385718878302,132.7308193101755
193,^GSPTSE,LSTM,2024-01-01,2026-01-01,44,3024.9123818723465,3041.275318934337,2958.9793558042097,2999.177618968992,107046859.7343082,2776.5919570402475,2811.81827696466,2692.2335829601,2754.1053000305574,59455360.30738276,8.825570062907472,8.899252263306197,8.58216374263986,8.74789706153101,42.77429810722672,3.721875616717186,3.578367177486381,3.828899455364135,3.688683636707567,119.4637150690698
194,^GSPTSE,LSTM,2024-01-01,2026-01-01,45,3135.9361785683404,2807.1183060445665,1861.725861324864,3166.186298622014,141183823.68603805,2960.9486917071044,2623.9061838148123,1641.7134846650763,2998.8778181137777,112290024.30822071,9.425845847034978,8.308765073754047,5.228955178061843,9.540609338253772,51.1126214595205,3.1696069045074102,3.069665810440972,2.7371751611038824,3.1189142012761453,71.03163067082257
195,^GSPTSE,LSTM,2024-01-01,2026-01-01,46,2972.886335456698,3149.30842157835,3314.760064757015,3072.3271488687483,106424703.6411516,2682.271740919561,2897.0357287867305,3061.197322505666,2807.3492035613426,58078719.05335069,8.518762950277502,9.166947024147737,9.76620185435184,8.915199894807085,46.522039469307806,3.990993834349261,3.818050587625396,3.947394385170794,3.880944699945121,135.39270008006784
196,^GSPTSE,LSTM,2024-01-01,2026-01-01,47,952.566163701682,865.9807733178334,1123.298926593013,772.4745284567981,105765163.77577266,867.2634140934097,789.8306890079092,1017.7099788849396,710.9382643200639,56479952.1569876,2.755845313383909,2.498797357483147,3.242961162391464,2.261295207368935,44.29304679960144,1.2210692665185692,1.0974494502979035,1.487522657259957,0.931482516978924,127.9458413415322
197,^GSPTSE,LSTM,2024-01-01,2026-01-01,48,2954.234458842026,3014.568950928352,2922.892278415077,3078.9875349694707,114006899.82871416,2708.169224377465,2798.0743008435898,2673.265529912532,2863.371187851558,76663064.92266491,8.607327859208443,8.85732920320749,8.523851354879215,9.100557414130575,58.25039548105496,3.6637462671524936,3.460869950899017,3.6819985205605152,3.5041494656994328,150.941002695272
198,^GSPTSE,LSTM,2024-01-01,2026-01-01,49,3029.8705494827464,3134.7106953187786,3501.453864595388,3354.557800885868,119692039.21596996,2725.138795541413,2852.0537268730773,3250.5289315084306,3103.0087952517,88423405.74998692,8.653668528267454,9.02020816445895,10.373224263437669,9.860161940304186,64.44686530268022,4.125734583977944,4.031259149249767,4.034186073487825,3.948997253213226,157.24830051326143
199,^GSPTSE,LSTM,2024-01-01,2026-01-01,50,6961.253944490759,6721.872335582192,6964.445000744099,6856.132992521075,114112007.8352866,6587.604464507376,6300.495487344838,6591.344964752389,6477.336750505332,71777841.04856493,20.976905089049843,19.95656317716365,21.06071870187812,20.6084125793066,43.91211310274266,6.906192781192832,7.206231932697574,6.919856123217888,6.916177654375024,109.102106013275
200,SLV,LSTM,2022-01-01,2024-01-01,1,3.046556259650945,3.245591748981331,3.100861683813984,3.4594992779986407,17402733.286897976,2.450164809535681,2.643857569305305,2.482668414005524,2.8561527512458684,15768981.871157683,11.219533676180829,11.999929693276057,11.458907204400209,13.060811283871024,114.35406966116044,8.34859557753951,8.591034376248087,8.61908126825672,8.980671328534898,68.14285286226203
201,SLV,LSTM,2022-01-01,2024-01-01,2,0.8442910084058013,0.7780985672599703,0.8012453925894362,0.7960097942624144,6428049.82061861,0.7241142642935074,0.6471241308095728,0.6794250699853895,0.6911864136979033,5313949.539112349,3.3050622033222057,2.903897805754128,3.1080855744454787,3.1348306273094204,32.9252821919692,2.0522894061829,1.9069343246814177,1.9417533419642488,1.7938213952653823,19.532348348519587
202,SLV,LSTM,2022-01-01,2024-01-01,3,0.9754436229372558,1.0739154532875972,1.2048059407945555,1.160961986978459,11878289.866509316,0.8487355476785827,0.9463182221240042,1.065838086862258,1.0194191464550348,10732031.542639634,3.805811721475306,4.213899913775145,4.812497788740728,4.569675133338973,78.55540329334488,2.0667540095099755,2.155257564502016,2.439196239031604,2.377057424621284,49.08500451144421
203,SLV,LSTM,2022-01-01,2024-01-01,4,1.4664538730705383,1.3589189009768572,1.358843819993446,1.2187283777207714,6435402.469002178,1.1931548714932203,1.1406214106658354,1.146852831007478,1.06207530205603,5453066.868042995,5.472873432296818,5.178413862473949,5.291317223405356,4.846045685905861,34.5069569473977,3.989059211063312,3.422622101644542,3.455208100862152,2.798770654408431,20.278185820891142
204,SLV,LSTM,2022-01-01,2024-01-01,5,1.814428322170149,2.190533308497681,2.337646993169359,2.30528351763778,6486791.85410976,1.5063728918800128,1.7419082881522967,1.853694777595224,1.837151201661762,4984384.017347395,6.898581399721618,7.919552619031762,8.567992417178104,8.418369752175032,28.4582118631711,4.706404089157732,6.073336182923121,6.6263999815675,6.4118999678852,16.4835806502486
205,SLV,LSTM,2022-01-01,2024-01-01,6,0.8344448593936956,0.755315536420509,0.9432428854657744,0.8493512891521535,6348003.2520145625,0.7112815074866679,0.5925268201164992,0.8192027087322685,0.6963036415261133,5090874.745810579,3.197205193229933,2.6394697505922253,3.7052008813389854,3.122503206255187,30.992399254123065,1.888190520823592,2.029955007268662,2.0207674342869715,2.090977457564004,19.116229079971585
206,SLV,LSTM,2022-01-01,2024-01-01,7,0.8318874926653596,0.8084225841026708,0.8380803001495746,0.7968444525818729,6994044.119568049,0.7262101724916571,0.6680764802648392,0.7320975437029612,0.6673386366978434,4693236.759785935,3.3060190999803565,2.995158241832497,3.35419071917756,3.0162824528957475,23.3644819438942,1.891604788647676,1.9998574856259823,1.8945898564982413,1.9293068964302,17.882800297038692
207,SLV,LSTM,2022-01-01,2024-01-01,8,0.7777656519122065,0.7372894815033102,0.7658977842674592,0.7412124310558367,6396850.222231034,0.6606762835290358,0.6277931596318354,0.6178723826711613,0.6134333958560887,4791763.609071374,3.011135028843656,2.82436471541355,2.822074876667091,2.776317478715281,26.83305297769201,1.9215173849813447,1.7380010981714278,2.048011303444989,1.8627763111867244,15.941026236737416
208,SLV,LSTM,2022-01-01,2024-01-01,9,3.249405831582283,3.5262072884176194,3.389390377632386,3.486462997354555,19352651.41390682,2.558238050373204,2.8250601757973226,2.6803190243333983,2.795230197128217,17668002.00835238,11.713504748606656,12.820287569902728,12.366298049346035,12.78779587646289,126.93798575674045,9.20728808420073,9.603281840551224,9.596065124008128,9.555176213857328,74.23000912605605
209,SLV,LSTM,2022-01-01,2024-01-01,10,1.1245931222439514,1.075982865413749,1.2505311526554184,1.2545082236796017,6990789.138767402,1.008328682177133,0.9687127316821488,1.1249563224256842,1.130761063186852,4738526.24960358,4.521673546289062,4.315808815719853,5.081255728928642,5.073012769730215,23.61513693318915,2.147919713686864,1.9864991369130105,2.379565803879984,2.3321397019813035,17.074753428481635
210,SLV,LSTM,2022-01-01,2024-01-01,11,2.1051061863113745,2.2137150806288264,1.9993519277337737,2.08794099214242,7393522.750514668,2.0131732033457563,2.131184038799112,1.9031877718249768,1.99573809301628,6567617.6754369335,9.078275433712571,9.546900120493648,8.641810109790327,9.00152637456535,45.69257049417332,2.6072885715183567,2.5029102259817746,2.617520949507101,2.5902128535549656,29.918711681303257
211,SLV,LSTM,2022-01-01,2024-01-01,12,1.5733914149755357,1.645639139169109,1.81879260412422,1.6460103089281035,6350094.941367373,1.462872504939552,1.5450618139257055,1.7246924475477896,1.5421253286626435,5169435.486288667,6.57943018287801,6.905150189948926,7.825106871888224,6.941862752781995,31.868641006429023,2.497425944913752,2.4089103465277915,2.471279472506292,2.456627268023524,19.604610062627025
212,SLV,LSTM,2022-01-01,2024-01-01,13,0.8382265589823106,0.8094381389224555,0.88249325399532,0.8476066207812344,9994589.781306814,0.7374771091289555,0.7007833370901153,0.7352155448132787,0.7456398887188243,9070941.571626266,3.352310838155756,3.147049884340251,3.352641623119623,3.3840157568513662,65.71632261908032,1.8346621790290016,1.7924682604507538,2.1872691425087587,1.843972954096008,41.77184219017768
213,SLV,LSTM,2022-01-01,2024-01-01,14,1.5431715823721257,1.415158516421966,1.439657513005713,1.2968494564811537,6399532.443889965,1.2457098821998442,1.159536537563766,1.1813109229820649,1.0954127884944609,5371189.419138233,5.724150487268096,5.277951789221716,5.466961848593618,5.015170544243256,33.71608393377053,4.264347016623133,3.761524466511682,3.900111805630447,3.261472558687083,19.8704463847438
214,SLV,LSTM,2022-01-01,2024-01-01,15,3.506939083701316,3.57027667874532,3.458730962461533,3.5078360848349086,6430955.291337457,3.3889507272212693,3.4609422264198617,3.3375335319986257,3.389481958751085,4850704.226028969,15.330464182025496,15.543255753299816,15.211230502496075,15.336472493108715,27.426296429496183,3.907930716616353,3.765695967745216,3.967735605458024,3.924368675540685,16.423913191694425
215,SLV,LSTM,2022-01-01,2024-01-01,16,1.0943944733580655,0.976996651797776,1.0406666860167688,1.0035398280820105,13636696.589684326,0.9448005576670008,0.8784672730169935,0.927532101016402,0.8996105328627095,12448633.073073724,4.318835591859523,3.970380657579084,4.266677929695841,4.095010449730186,91.01095345549682,2.616676310429753,1.9930311413563064,2.260329305334229,2.0795759614136844,54.48198208638101
216,SLV,LSTM,2022-01-01,2024-01-01,17,2.124662251755645,2.262210469554243,2.114533713353921,2.271651990872391,6469912.937240711,1.7159679578166105,1.7941791409404346,1.7596450738993703,1.831446575143578,5453602.467947751,7.844329239601119,8.137859916828974,8.098012652941547,8.363966291792183,34.37648913733187,5.775796966119351,6.274404207234473,5.443291271201476,6.17144641798774,20.306228129367668
217,SLV,LSTM,2022-01-01,2024-01-01,18,9.323962169739287,8.898865443885251,9.193932286953132,8.892256978346415,76966440.80935064,7.981880298768745,7.632229736618559,7.874373860970345,7.586218032249101,71742445.89902382,36.40282453924841,34.535794867838035,36.1973051333236,34.60066926346981,477.6452896324504,22.198003983650853,20.888315160079767,22.020743999858503,21.332009978981045,256.4814037010333
218,SLV,LSTM,2022-01-01,2024-01-01,19,5.910268032143692,4.357968651441408,4.276933009831498,4.586482908738425,32997403.28152599,4.930956293132711,3.455222159672553,3.32021482765552,3.629389344656784,30838291.73313598,22.50554102581883,15.669569945812611,15.305106964589047,16.58905083809649,212.8778110328291,14.950944708033248,12.056932433893513,12.416796152326684,12.820707656819623,115.58133351075752
219,SLV,LSTM,2022-01-01,2024-01-01,20,1.9340951728144824,1.790169330750678,1.818374998381588,1.8270296348251145,6506395.471327448,1.838644174797052,1.692702483953688,1.716217641977507,1.7264155868225202,5583466.031694214,8.285350746350598,7.570724339975047,7.786443002390348,7.778504658120195,36.12757896995944,2.5537099960223566,2.47213227284968,2.586206117140795,2.545569846602548,22.024715821911283
220,SLV,LSTM,2022-01-01,2024-01-01,21,0.8194591403549173,0.8749648531623108,1.0179860916855583,1.0274498529565037,6624766.47546513,0.7024100409190699,0.7389362593453029,0.8995557857554066,0.9000377338575579,5755366.51361689,3.155096928873126,3.289210673899938,4.064600738974784,4.035884711210695,37.82054753818397,1.8225686246820048,2.003957264566538,2.0536815043502195,2.1097667243895177,23.281971380570145
221,SLV,LSTM,2022-01-01,2024-01-01,22,2.446832769612968,2.850827711512246,2.582791626243359,2.8227767124088383,8020929.120844228,1.939695433978735,2.234052815916429,2.046785953718271,2.211219812804878,7149783.658972184,8.883399393445817,10.151595578600157,9.447746987701027,10.12736726608212,50.33878277788697,6.876114582753881,8.059183057189056,7.306211746951923,8.043522356441857,33.05007195080248
222,SLV,LSTM,2022-01-01,2024-01-01,23,1.3638380723356052,1.6198678131848834,1.447784217362849,1.9885807008436849,22342830.287338525,1.1990938089254768,1.3568947212608198,1.2712601816065066,1.6034416024974765,20912439.202457342,5.479773688527799,6.157217351293971,5.854638297175533,7.34720576117982,124.62958630370416,3.061438115196598,4.07757495410021,3.2828831109336947,5.433416229645598,35.521226231022965
223,SLV,LSTM,2022-01-01,2024-01-01,24,1.0894338788414824,0.8890463029434165,1.0136478953581731,0.782699002521235,10030780.75192941,0.9003022264912109,0.6880312837497248,0.8621817874252163,0.6597033471818691,9133341.126461027,4.043337976524917,3.0718625579672576,3.9732466718270354,2.9834810178000457,66.19234565734823,2.6764059002316416,2.453630023374981,2.542889380043412,1.878707039048661,41.79100684355559
224,SLV,LSTM,2022-01-01,2024-01-01,25,1.162803476828752,1.1217546758017114,1.133630871609111,1.1726233043057304,6956973.41688814,1.0194616813938258,1.0056828541685414,1.0233275070857,1.0428768950052358,4801531.978324751,4.650907998929705,4.541876758339747,4.695983694061712,4.7457931234440505,24.0988274889912,2.626516487257963,2.293688012523564,2.3005612718173323,2.488668320517572,15.931796610713056
225,SLV,LSTM,2022-01-01,2024-01-01,26,1.2214175416208135,1.2022166998723631,1.294564895167852,1.090151198485841,6545737.772451661,1.094582829195777,1.0880632699842256,1.166870020736216,0.9637582111550804,4783451.569171548,4.907633555449823,4.847785869108782,5.2711401769270285,4.319637095718467,25.88738254583732,2.344082247766163,2.1723096207048784,2.4373821734600014,2.177569584840339,15.437963816219296
226,SLV,LSTM,2022-01-01,2024-01-01,27,1.3624755843643472,1.3521128617342586,1.5035441155043392,1.5897351351654323,10338210.24368283,1.240132709659944,1.235606512777425,1.391765376003241,1.487424101641318,8086806.634820675,5.566330304903984,5.509200864327406,6.300189024277449,6.691944561136235,41.26344116210242,2.443675219393556,2.3502836971704246,2.459658664164442,2.3808650782870635,18.723180440592778
227,SLV,LSTM,2022-01-01,2024-01-01,28,2.992652314271969,2.9919727590813463,2.8762768631127726,3.0005832275231765,6369996.891535438,2.871122977555812,2.873170505939789,2.748588458940353,2.881909022758515,4931573.073887874,12.979011253574,12.89549514260108,12.515851101466463,13.031176603884209,29.27674081500264,3.6659509354891657,3.6086234738324223,3.714689515540528,3.6299179523031606,18.841507119178104
228,SLV,LSTM,2022-01-01,2024-01-01,29,1.3627258406197047,1.0989194406339118,1.1753832563138322,1.1780820826187235,7539899.730327033,1.238182183218176,0.9810464150462396,1.045917343825234,1.04666857960079,4959279.658256794,5.55634268258456,4.369190351512306,4.7219903174492615,4.69249459026333,23.24486235218873,2.4537156304820624,2.098086045362399,2.32601181522217,2.311651734074006,18.52813244646416
229,SLV,LSTM,2022-01-01,2024-01-01,30,0.8094854327839427,0.7200647307560336,0.7609854510178681,0.7094409321597286,8896259.861070976,0.6412929168318063,0.5600236900239982,0.588456179790137,0.5543278366934714,8075636.40231808,2.892777344350108,2.5090956722101496,2.681583450981392,2.5054722508718896,58.0500737628901,2.1811548199970816,1.995304127833734,2.1647372937683462,1.974683706479314,37.12338010342071
230,SLV,LSTM,2022-01-01,2024-01-01,31,2.128306500416045,2.134885409597313,2.4585489868719086,2.120090107062491,13397831.24692489,2.0160328784255324,2.025603363333234,2.3660553320115505,2.0114773116640605,12217282.418937089,9.094338882494196,9.074148373408512,10.762108016919695,9.076236741197851,89.21394550507337,2.9489039368970738,2.898771453825694,2.861049988286902,2.887127407553852,53.3861685709761
231,SLV,LSTM,2022-01-01,2024-01-01,32,1.1838858967636017,1.1121157595664573,1.035174059139492,1.0526179444875328,6500668.675163051,1.0126934289512444,0.98400859342305,0.9410428695318348,0.9540359739892892,5396812.085395604,4.626785035428898,4.448171577949963,4.314224181290616,4.334385391306542,33.43187092733299,2.883830299419753,2.4008930277030114,2.0237800765164007,2.047135434713597,19.6814724697492
232,SLV,LSTM,2022-01-01,2024-01-01,33,1.309041955959203,1.3057540359929207,1.3422497869342909,1.370465983094888,7243846.912044927,1.1884999414018769,1.1917671900564415,1.2183243459335056,1.2534732922068996,6443484.949551324,5.3333023973419165,5.3126587429582,5.506605520541795,5.629455502275948,44.54143038047221,2.3762336510714634,2.2844140657432783,2.455681641180367,2.376713581945038,28.678839702529444
233,SLV,LSTM,2022-01-01,2024-01-01,34,1.3809015425596889,1.6536485814825173,1.7154158875378445,1.798969340140106,6771534.009094377,1.2531146685373338,1.5559372354886911,1.614872173939284,1.7053494356107648,5919598.103363614,5.626657830270026,6.9539750020648325,7.322168835528586,7.682811749406245,39.52748546887876,2.522949553053298,2.374116900809062,2.485769321786029,2.4214277424845623,24.980717415013885
234,SLV,LSTM,2022-01-01,2024-01-01,35,1.615676290486432,1.6630437575860668,1.912112140231954,1.9159129104838264,8839117.511101095,1.4986078363914126,1.5556542972839054,1.815807221107489,1.8211752194177333,7983110.302106738,6.742985478410677,6.953964401470778,8.242899405988503,8.210054831710725,57.34613558441476,2.618203197680119,2.5186650811809974,2.5739166921008603,2.529741055744766,37.03701415301218
235,SLV,LSTM,2022-01-01,2024-01-01,36,0.9918276279939382,1.0487768804787885,1.018532938880528,1.0469209220353148,6509605.819688827,0.9027263585750612,0.9287915656284402,0.9235113060181408,0.9385809117502047,5485577.514862816,4.101384985458041,4.193175546697385,4.22817849402343,4.262874921036243,34.50058559897802,1.8900462982589736,2.246109740737061,1.9924262917589468,2.131437002381728,20.30621910858321
236,SLV,LSTM,2022-01-01,2024-01-01,37,1.3221331325288554,1.323325876844979,1.306996119848722,1.359604017992882,6342311.505019661,1.1998427477686466,1.205043766452521,1.1813915665640138,1.2392685181660794,4879066.715117097,5.38359839995207,5.370562051782294,5.337695225297392,5.563929456596764,28.67301707909944,2.399370506786284,2.3373267684315406,2.4320048889388035,2.393948859040521,18.15226155921932
237,SLV,LSTM,2022-01-01,2024-01-01,38,2.690038028934856,2.6088054540997745,2.533031900762248,2.6066888615619144,7825202.142416739,2.576953029674796,2.4907183566296776,2.4050630468641523,2.4926558771802774,5213648.932082553,11.6429559950946,11.17095447623356,10.943507780860244,11.262921292944888,24.36121300462119,3.3398330773209235,3.35185576972554,3.485110615380686,3.3040138074825047,18.75656372260344
238,SLV,LSTM,2022-01-01,2024-01-01,39,2.7107769500091856,2.768983188160074,2.7728207657031514,2.771183088779553,7149181.449929238,2.609712705247061,2.671022630557466,2.679701980369047,2.67283804898164,6316406.559689741,11.789780431466545,11.981847088835716,12.197915759195324,12.078911314779411,43.188406894821846,3.140130285136037,3.107301479796886,3.051724883912289,3.125982540567592,28.84232432827829
239,SLV,LSTM,2022-01-01,2024-01-01,40,1.1443961434073275,1.1454567417099686,1.1352446692636269,1.2152667845907132,6325463.984878499,1.0244231943576627,1.0333558222378352,1.0126022463077031,1.0887005594598085,4956985.800754626,4.593507597834477,4.60374690060336,4.57222785628695,4.882668530289649,29.71271328397381,2.197206223051362,2.09543987250454,2.223459411142293,2.3116978306844485,18.810192654985823
240,SLV,LSTM,2022-01-01,2024-01-01,41,0.9796008237875272,0.944475210689279,1.0207754012022834,0.8742936306809047,6428728.999573862,0.8629097384521704,0.816185668837693,0.9040260998332276,0.7437448466712188,4807249.238249709,3.872423839528457,3.6346346987705154,4.085844735431543,3.3355300204954217,26.99171387975966,1.9918365373716589,2.025454800113635,2.0423896358891707,1.960347904586898,16.518833017614387
241,SLV,LSTM,2022-01-01,2024-01-01,42,1.7311563433395152,1.575131290919868,1.6596003510283044,1.9461089177260429,8439007.464817796,1.630733850850701,1.468432058787397,1.5542232448646378,1.8607270657873245,7659324.0890107555,7.341942482826007,6.560341597331483,7.045245273131134,8.388900873143495,54.80729037873685,2.4864227893205104,2.434329493363343,2.510626747189564,2.3937385569086724,35.3133126980231
242,SLV,LSTM,2022-01-01,2024-01-01,43,1.1835630764505691,1.0680316769538785,1.326289544084594,1.029381076353647,8699904.29067409,1.017129703450132,0.9648915197139104,1.11804855867955,0.93795238360309,7830193.347252607,4.649612932857049,4.360895540339547,5.1560787083078425,4.263380454559751,56.15160722339727,2.856323748520272,2.1290600718607515,3.3782066418610848,1.960829327389418,36.543926888176806
243,SLV,LSTM,2022-01-01,2024-01-01,44,4.760575457360996,4.930717484027207,4.888475507923383,5.075354642879926,10789939.98739436,4.555228464097159,4.736740270679691,4.689000303284433,4.900236111291232,8262858.399836629,20.63477193372716,21.300283431539256,21.403937168065863,22.20239440429944,41.243061004109656,6.160990781408269,6.058269917644512,6.200834948625762,5.867472135405443,21.45647907056692
244,SLV,LSTM,2022-01-01,2024-01-01,45,2.29094863248452,2.1921594385341976,2.249981692656704,2.125221868349924,6659943.132771149,2.199224504771534,2.102595494509086,2.159126294881597,2.02817354696989,5829296.09312122,9.924483789477524,9.419050465276731,9.814305641287492,9.150087772585277,38.41757216182853,2.7256464671909617,2.617963064737867,2.70010212541158,2.70134634209164,23.209652185047133
245,SLV,LSTM,2022-01-01,2024-01-01,46,2.278252189491631,2.1613480583813485,2.39967839225283,2.181050104880197,10934003.043934952,2.183823560278908,2.0594639716614647,2.3124358395412155,2.079354176698638,10078783.147931298,9.85460322811789,9.224884234061042,10.515680571050474,9.38282351607982,73.37155812753878,2.763620989789511,2.795702163070326,2.725544279498822,2.8125164372669724,45.22047484987796
246,SLV,LSTM,2022-01-01,2024-01-01,47,1.216845516624415,1.2556980523639063,1.3224744779710087,1.0236557648490496,15753855.062039005,1.0949852522779189,1.1434137150013044,1.1999421829307493,0.913874054560991,14603365.130657751,4.910802207259208,5.096182353290049,5.423016440810258,4.099587058320688,105.68523779740649,2.299460252112003,2.214459182429364,2.4216860750657734,1.960324522451953,59.16784113350148
247,SLV,LSTM,2022-01-01,2024-01-01,48,2.1136008897982195,1.8303674384022568,1.8922183800618908,1.7938779903262156,6548884.946582244,2.025224677762393,1.7303809345814822,1.792594251345264,1.6891185450051522,5621983.07179441,9.13359876841944,7.74103090534364,8.136596298061574,7.609876452652281,36.48845969066542,2.560574900394743,2.538722312743352,2.6047610440161093,2.583176878725617,22.520267757646657
248,SLV,LSTM,2022-01-01,2024-01-01,49,0.8117994446849616,0.7599298356300871,0.850272898442661,0.8058716128727926,13047251.32112366,0.6984038383596195,0.6473871614601876,0.745735473625992,0.6810988296185997,11810082.577259442,3.1695337353093658,2.907837405280618,3.414052643809504,3.078781454039361,86.51997070433993,1.8771611458284465,1.7705613483779543,1.8843462659411525,1.9091858257885472,53.18271633144186
249,SLV,LSTM,2022-01-01,2024-01-01,50,1.5331888229603632,1.331821854541705,1.46558375917008,1.3147137126830033,6384308.992885802,1.245482377339954,1.131884871779122,1.2240285812737663,1.1367526079836352,5013507.592191945,5.714906972346282,5.136928250409527,5.652127770671482,5.191511531180268,29.63843686253075,4.181506352708153,3.2601643556879707,3.813302237348801,3.092445590475722,17.737179834947188
250,SLV,LSTM,2022-09-01,2024-09-01,1,1.148452275523018,1.264550573920896,1.3593682376192495,1.222268552183337,8141229.789093357,1.0164830817046335,1.1004887112346902,1.1605097859550308,1.05548512267428,7122868.114109039,3.9548872648603663,4.261114946591736,4.5884076005652,4.117038104450487,51.25764348793218,2.1850392418357307,2.5291663961705124,2.9066558696778806,2.5214707575290776,39.42860598279931
251,SLV,LSTM,2022-09-01,2024-09-01,2,2.288251641009557,2.3272263154481507,2.237040021849413,2.270164893616752,8361629.361657416,1.757976097737939,1.8188669976306373,1.7154034121799593,1.7392228549729225,6051678.804885148,6.61892485908325,6.802547774783293,6.534354315053697,6.552709674013204,29.111927091255712,5.399375245293304,5.311756907417141,5.346094183514399,5.384542728706579,18.41877965413797
252,SLV,LSTM,2022-09-01,2024-09-01,3,1.6348484739000837,1.756644964107738,1.6803920998288209,1.7458928700272385,9716705.968338257,1.366023994363537,1.3834491213671225,1.3210348292137013,1.348021785458407,7559833.9357709875,5.198758377581805,5.190270195027344,5.054782570382453,5.094357633447594,37.33056286079355,3.318973723822672,3.952247206834608,3.8615612796581664,4.080798525220433,19.06026395219444
253,SLV,LSTM,2022-09-01,2024-09-01,4,8.530966681381315,7.291234319946811,6.618074345231469,7.867741635623552,24357121.90783918,8.139728295200472,6.866626109655226,6.220417153918059,7.445285427286838,22656153.966822624,31.269566403289826,26.14531544362174,24.165600889278664,28.58606888237784,157.72546058547283,9.658817394200636,9.187021134322984,8.654459017654998,9.62125532662757,94.69718558655264
254,SLV,LSTM,2022-09-01,2024-09-01,5,3.752248668996695,3.768744658697464,3.529881396728767,3.8379608663102736,7284461.636651794,3.1573344026872783,3.1831735510592427,2.945436025173571,3.3208562327268623,6067027.675881386,11.971167922109306,11.976472171752736,11.289839519347336,12.607127720374004,43.27914624092769,7.441997382058747,7.357158962450672,7.216745873463844,7.0396771787903,36.5552152127616
255,SLV,LSTM,2022-09-01,2024-09-01,6,1.8978751455376983,1.7942374306994215,1.826455013518279,1.7687768024496162,8626411.276403034,1.7043739623225396,1.606151395542141,1.639618487005429,1.5765445479181466,7616558.118575414,6.660583119949108,6.2197977624617895,6.475770962440501,6.158063612906321,54.96938378843782,3.4562070465461927,3.2705047455912983,3.348623706984489,3.3090650953883736,41.64243257100641
256,SLV,LSTM,2022-09-01,2024-09-01,7,2.5525408775304474,2.4726728759921066,2.4203630695082743,2.311926041535074,9554109.06861519,2.006834002927417,1.9308837964271788,1.870257187747872,1.7550436018806257,8468418.807063103,7.567268862952906,7.222286315069529,7.127341349239144,6.609291447130025,61.6770544303712,5.808671451951479,5.652894767304929,5.71946028644834,5.556142133288698,45.754955274370666
257,SLV,LSTM,2022-09-01,2024-09-01,8,2.0380895642049195,2.0969446702119146,1.8297971338062688,2.070222101424106,7764546.914701512,1.5452132573547488,1.5994586602367993,1.3861719761882343,1.569812467911883,5705208.659362792,5.81286331098411,5.971426750594964,5.28030196001388,5.911524228028847,28.232831837309032,4.892204077057995,4.963275267393972,4.432175984376285,4.973059488181474,16.92369686765721
258,SLV,LSTM,2022-09-01,2024-09-01,9,3.130839650659841,3.779455028013605,2.9273594535725325,3.956848945680805,18677467.23959013,2.99083330533275,3.660934169926183,2.78809961620313,3.839617274944371,17572785.80198924,11.556601533724384,13.999445367432148,10.89293501130352,14.803953691824988,124.0433811243672,3.7613744435690792,3.768034661747921,3.644814996444893,3.893845888330475,72.78133368527257
259,SLV,LSTM,2022-09-01,2024-09-01,10,1.2605342202810317,1.2170848708478803,1.1720464563000608,1.1780186219341318,6374768.808589974,1.142340839752389,1.117087740816688,1.0646106299418363,1.0712482389085929,5107904.068755309,4.418636099383987,4.2767317245813485,4.1461526241697415,4.128855977743404,34.213116255300214,2.134973895830331,1.9039490486997712,1.9253760534902056,1.9269155591869924,28.08743248494815
260,SLV,LSTM,2022-09-01,2024-09-01,11,2.3547969219132057,2.363267422596119,2.1755263990671434,2.272747822185471,6235352.730386411,1.8040973434722485,1.82212141491188,1.635645595216814,1.7268598063634235,4741728.145491282,6.792170433150228,6.810185073798476,6.224674967780385,6.503872658826236,28.409363304278703,5.580217850453752,5.510496063477507,5.343336293061425,5.45395157341336,20.712039226499616
261,SLV,LSTM,2022-09-01,2024-09-01,12,1.2615109677551817,1.2457444313099624,1.2204419160648714,1.2403176186450866,9493853.219005318,1.0960793242940567,1.1359262741082945,1.0953386065435005,1.132414478463668,8485228.698042234,4.204666978798752,4.337466996645101,4.252248301469968,4.358343933129736,61.55577424756287,2.362626516875328,1.9726026868107007,2.067545549456082,1.971605307080256,44.7904391069204
262,SLV,LSTM,2022-09-01,2024-09-01,13,3.0991726046990027,2.962089066256413,2.940721192682444,3.101318611898583,7147487.547719935,2.607550262201278,2.482869259484962,2.4384889054933203,2.6699400359932723,5245460.211596489,9.876048254973538,9.327941125747031,9.33897001177508,10.12494235060266,27.07902922563057,6.139122299356113,5.886419137760465,6.097142329650287,5.768899664925417,15.23958746333738
263,SLV,LSTM,2022-09-01,2024-09-01,14,1.825179437732084,1.6085574092025683,1.1820280966930037,1.0855872926637378,30317563.195952103,1.5416665883684602,1.3176040742592932,1.003140747993451,0.91359223967945,29693718.475306828,6.050258071855692,5.130123368193072,3.967567198512275,3.566947575813069,201.67453645261008,3.966545838115337,3.688101326963639,2.575202302724702,2.391851883980597,93.50470427358538
264,SLV,LSTM,2022-09-01,2024-09-01,15,2.331185212982255,2.312983940892123,2.517245314977277,2.0929519562599026,10008680.690878369,2.1974485280048714,2.190230491313597,2.4048041555025623,1.955210473415204,9102721.307056746,8.545640597329944,8.435439404319917,9.439639880651743,7.603181487028721,65.47992572222506,3.299237126148125,3.123084818889357,3.2057522255911937,3.1439486461492407,46.30382334198513
265,SLV,LSTM,2022-09-01,2024-09-01,16,3.4326605142378046,4.181668902549255,2.318947248214357,3.533304110375308,13580438.143391894,3.3134910389530536,4.081675767270254,2.1590845296134176,3.4216227154598955,12706469.397416117,12.795485960008282,15.601074937232934,8.446464575966148,13.197239230889258,90.38251498175993,3.669929940471511,3.67080897696013,3.428867675509751,3.5984614594691293,58.16195020795303
266,SLV,LSTM,2022-09-01,2024-09-01,17,2.4199654342049257,2.415225798503959,2.7872423483546167,2.3295484562568785,28332988.623788305,2.2661900127483583,2.27652876699622,2.6634671516839217,2.1837769285121995,27629147.12041537,8.821920379457152,8.776162168590835,10.45802216052342,8.492413899128783,188.67397804794385,3.585364371510628,3.3797733614788945,3.542987766626432,3.4216643114057548,90.54592372979228
267,SLV,LSTM,2022-09-01,2024-09-01,18,1.7623859179864043,2.191401725172434,1.7371028462431737,2.416279934825078,8456997.795817817,1.4315681210751343,1.6623711659733544,1.3594171650194322,1.9102436968403085,7366470.051317215,5.425369337795645,6.205658680285504,5.196162293513117,7.199957575702108,53.43642850681157,3.775306595879988,5.227917077443392,4.016103289396507,5.45399902433183,41.50005499453526
268,SLV,LSTM,2022-09-01,2024-09-01,19,1.290943170985067,1.2558806427461509,1.2583300994286382,1.2469682977911842,6153442.8945247065,1.1503437740058362,1.1377868061428065,1.1489918993502164,1.0677229571703777,4777423.853681882,4.430424816221378,4.33930415746961,4.467968657432053,4.081137677157401,29.79493197371455,2.273586747581112,2.0322868893557664,1.9982127496213,2.4058124353034573,22.79224678472634
269,SLV,LSTM,2022-09-01,2024-09-01,20,2.995050620719144,2.967906067450845,2.9714305271958965,2.9514722105847992,6336848.871347746,2.249677886738001,2.2242864079747924,2.1987310639200377,2.1830145478176566,4981329.354113738,8.468711648321074,8.307031630350213,8.368895802912801,8.217516796306334,32.7999443151457,7.293818191414644,7.205593840189271,7.457872219962648,7.345968665533681,27.15906074021712
270,SLV,LSTM,2022-09-01,2024-09-01,21,1.6349601214675629,1.6341568061509557,1.5083374455613312,1.486337820881848,6533581.669749643,1.2782012964394354,1.265678893504086,1.1498627806035306,1.2061012216224365,5302122.163999875,4.8264677311617215,4.738158267451001,4.394041023103543,4.578341461814525,36.26826334511611,3.7351382273717473,3.7698467661466415,3.628271878116269,3.20672029815345,30.13176471764113
271,SLV,LSTM,2022-09-01,2024-09-01,22,11.663187776898193,11.42808692033968,12.551415062051465,11.537709531411302,49898142.71004304,10.704752055322512,10.439076748807896,11.57042605232826,10.522837554229428,47302099.884150825,41.00523680329899,39.62730767255048,44.80047970075558,40.28191412650076,318.24751940220443,17.23332614819556,17.1445523116521,18.232237040059346,17.618503787762307,174.8008965887987
272,SLV,LSTM,2022-09-01,2024-09-01,23,9.156070843472651,8.90394936601633,9.499534464676096,7.924143354490691,45219845.5252079,8.596125477436487,8.41883147603438,8.966594016168536,7.410571790236777,43806869.23508962,33.00364577175162,32.04586109813569,34.801085396584305,28.4476966518377,293.99209813000493,11.889548605174587,10.831477911014522,11.909650547730326,10.617741823443124,143.3410690133616
273,SLV,LSTM,2022-09-01,2024-09-01,24,14.221216751946931,15.481704729680509,12.320617463222936,14.070986633668744,65142159.70526313,13.507550835021709,14.662740263343032,11.552239436960198,13.299251130253056,62822578.29146703,51.88643930604386,55.81001993510637,44.85568259352875,51.05337806947488,415.4323005398745,16.875109159138063,18.585453371724626,16.368861654016893,17.3918220146058,200.4705814966335
274,SLV,LSTM,2022-09-01,2024-09-01,25,5.987899187339624,5.991349970249063,6.27120979525542,5.610892071134043,6922621.744968414,5.378317957741232,5.434470191138838,5.849673094452403,4.954309207298522,5387535.631771088,20.50292106163806,20.55293162450929,22.582215247871524,18.87294466766663,34.05513494747299,9.637468420422914,9.153586350905163,8.257996519444086,9.67557956812279,31.30592037356788
275,SLV,LSTM,2022-09-01,2024-09-01,26,3.2888359724294847,3.343047963340622,3.2462354585407938,3.469283544913388,6676909.001341781,2.5538543005557472,2.6275592773010694,2.509567936702114,2.78473638099149,5449341.417868932,9.637114691300924,9.845156494775242,9.579483561069344,10.530901445952464,37.64129182353305,7.640333051088829,7.566097016144164,7.670823691187779,7.625930321273378,31.43533894945981
276,SLV,LSTM,2022-09-01,2024-09-01,27,3.729854784334827,4.3254197154817415,3.890471761640119,3.89956998869204,21751136.91477,3.545150284229281,4.158626762028242,3.723080747930077,3.7300507549709407,20472133.313322067,13.664249138175697,15.874520001602107,14.502042721102246,14.364118615726268,143.68910372488884,4.547898444457042,4.600490186876714,4.4654321451113255,4.466667013621887,82.83785539351895
277,SLV,LSTM,2022-09-01,2024-09-01,28,2.609295561450001,2.647802288271051,2.460626925655012,2.5461556565858543,6771117.584982803,1.9623564933871465,1.998579979996576,1.819844923745418,1.896667547738034,4969521.5701977415,7.383360056086577,7.462934800409463,6.923659176019778,7.140147684580915,26.65910653002776,6.343178304580833,6.366240731719945,6.169433900999493,6.272818416556904,16.25959413436028
278,SLV,LSTM,2022-09-01,2024-09-01,29,3.6675946840503,3.844367884226175,2.9443454595366787,3.343891326576191,31208219.168836385,3.555093018412855,3.742208128135137,2.8119667822026475,3.2007528219970114,30216936.58179919,13.736908395840066,14.320986549490431,10.994821648034511,12.361655914843658,205.96328307494264,3.76367316462878,3.6216586862385416,3.611694126725635,3.9529026289224647,102.68569175050024
279,SLV,LSTM,2022-09-01,2024-09-01,30,5.3278009440752925,5.399045499543568,5.2637614070722005,5.377462987627587,6987533.5373554295,4.6796371572911175,4.799685730720588,4.660619286777775,4.812083956015587,5810428.594918251,17.81009840916471,18.12741277757905,17.949406389470315,18.32557801633628,40.878281149249126,9.335068793502124,8.986233663506976,9.051093547525166,8.769709647269327,34.11043146869767
280,SLV,LSTM,2022-09-01,2024-09-01,31,1.3183168850195033,1.2859835464152047,1.4721825230395134,1.3401277302809782,6832449.143317844,1.106059089582241,1.0674627092598865,1.2184955371970494,1.1038430770109262,5654905.112299125,4.336894337297295,4.149409868189272,4.834153793090403,4.3282916868483925,39.39010714665903,2.9305647300195963,2.887956907959984,3.374201239702615,3.0892610055365286,32.431723023208185
281,SLV,LSTM,2022-09-01,2024-09-01,32,1.5118796781662434,1.173642902719304,1.4534143496633882,1.5400998020224843,7031835.004525598,1.2544812854458267,0.942951821863869,1.2108858693451936,1.2960814956403444,5087887.994424501,4.929677115828157,3.673833241932943,4.8058458815351885,5.0822694099013725,26.10510351543553,3.4307288304953283,2.8081014440015184,3.2913508934536138,3.384499800353516,15.253289234301212
282,SLV,LSTM,2022-09-01,2024-09-01,33,3.360480676158044,3.147692930561278,3.0110016223754745,3.1510417631931498,7759003.528321821,2.7888989898471097,2.523751969232705,2.378203523017942,2.5271951736026668,5715607.869351704,10.561857976764983,9.466427838316118,9.087963138511077,9.559949859503252,28.4957877880191,6.885404818016355,6.8797721035912645,6.875644745094702,6.938961861313817,16.07451083028422
283,SLV,LSTM,2022-09-01,2024-09-01,34,4.057649705878425,4.08249021092525,3.7374721120637866,3.70620758292091,33429360.0260356,3.9088144316392905,3.926191807071825,3.5643848513720693,3.5371524521394435,32382428.5389328,15.076169998815242,15.0026800183408,13.897693888670249,13.636219774005918,220.1112843160116,4.3678143192202405,4.3990268694328805,4.494741398437786,4.404349651297785,109.39770520108216
284,SLV,LSTM,2022-09-01,2024-09-01,35,1.070557118668631,1.0661330844854071,1.0384841090916972,1.0158855279233543,16368005.90060367,0.9360899338380868,0.9584049898482666,0.9288325278011842,0.8960595469701946,15423634.410632452,3.625619058754304,3.677911345273346,3.628243115478027,3.468647631825696,109.49726986684756,2.0648992975775755,1.8518659950193004,1.8514025055537264,1.914761708394296,64.03717234028315
285,SLV,LSTM,2022-09-01,2024-09-01,36,3.951499857077144,4.110885468270665,3.7267398236936,3.830821700755385,6810895.5243977485,3.162518324836173,3.3525019377428618,2.9139274015017764,3.009401914282946,5048713.18919738,11.962699748933074,12.591976036841055,11.1366112273479,11.377985937506928,26.86660745879018,8.727739072664185,8.698475009162483,8.656424798439065,8.752270555547438,15.811831264823947
286,SLV,LSTM,2022-09-01,2024-09-01,37,4.274885985936431,4.512921936218788,4.3387043832588565,4.385619734199347,6760074.81371883,3.575089159545212,3.8857962116509537,3.669963369095111,3.731133780887132,5108338.101309139,13.562333812974822,14.642309371071397,14.09115131116619,14.16706202464773,27.88548604993377,8.620089286295535,8.359952370017242,8.590790739710139,8.468779013147172,17.09208997432713
287,SLV,LSTM,2022-09-01,2024-09-01,38,1.3963302111931075,1.4389419461812885,1.3878570233397245,1.3832768921562664,6157326.594576073,1.2140764573719574,1.1884376933388732,1.1536868845364645,1.2492514115800362,4768288.157478173,4.651167237766603,4.484261679129058,4.4407686040849965,4.786381771827441,29.85107992365529,2.5950340597518764,2.97537751828556,2.8764811986070686,2.2411417606635715,23.02364177007427
288,SLV,LSTM,2022-09-01,2024-09-01,39,2.7072985827739084,2.85245462547358,2.9182498283044125,2.7489559549574665,10665062.81532313,2.591600848996301,2.751520986773183,2.819176314063413,2.638303546831955,9791937.937575975,10.050184930969015,10.56238559523946,11.036281197356193,10.217502304204322,70.24905171842538,3.331026416182133,3.1728890369450946,3.242140928807998,3.279173273681916,48.36276314085488
289,SLV,LSTM,2022-09-01,2024-09-01,40,12.431808255904636,10.46501893954217,11.507716013147864,11.091384404263788,29054252.16608887,11.882413391256192,9.848172808954311,10.877349475441928,10.535511137621407,27412136.450600624,45.63747739523699,37.47626543614244,42.22072627491621,40.44499030599525,187.98637034988536,13.807356502341042,13.211203301856742,14.274602799322638,13.103236124725528,105.38105276560816
290,SLV,LSTM,2022-09-01,2024-09-01,41,1.4747849057914992,1.3901676458228749,1.4079643971703983,1.4222687547221116,15274587.635808622,1.1687589647499563,1.166225394598348,1.084021045392187,1.0959783239966436,14317330.081125896,4.425266618975363,4.404126050370016,4.147840255955791,4.146293656958966,102.05894368760076,3.3025687419595315,2.778445577975675,3.341061490520139,3.3365133755222045,61.232215262900056
291,SLV,LSTM,2022-09-01,2024-09-01,42,2.564228957970954,2.4395412624368955,2.1008159533901054,2.532104458766588,7740519.353353302,1.9806727820503056,1.8730585815513048,1.6289708828877307,1.9475697800200849,6617849.910844962,7.462573357911857,6.9998754208833125,6.2089097212613575,7.340126020023664,47.67785093127336,6.004086130969925,5.724071940093142,4.922430075303043,5.975419683136784,38.32397516223692
292,SLV,LSTM,2022-09-01,2024-09-01,43,9.936684109559163,9.539695011934356,9.523894934842264,10.00584823182538,26625134.33032864,9.12244693664835,8.753954296125933,8.757980868258647,9.179412309428582,24674087.431999844,34.929233901783554,33.22680166508087,33.90342676172538,35.1326202744411,171.76708541211335,14.590886583986224,13.926271072621768,13.995640250470093,14.768771115629512,105.45335601140944
293,SLV,LSTM,2022-09-01,2024-09-01,44,3.9581382121417006,4.095942219240426,3.9859973661598462,4.04736959573821,6508023.922578207,3.3351371262485525,3.532165290919295,3.426291969195023,3.472997893437133,5209981.691303253,12.651790231685869,13.307799647425991,13.162698479607371,13.191702660343408,34.92731011017342,7.830559342470192,7.549482597357918,7.542835313417955,7.627371710884669,29.70250599341957
294,SLV,LSTM,2022-09-01,2024-09-01,45,8.614680855126663,7.600195228040916,7.285849830054245,8.136270728608169,13751736.744583474,8.127684811410004,7.160556439170932,6.877415654000995,7.667065479217202,12732865.381054878,31.185720030151444,27.24237954688364,26.692065051996902,29.41071294444232,90.36469397524571,10.676515568081992,9.464859709628506,9.12225230807519,10.212825840512448,60.96468173068323
295,SLV,LSTM,2022-09-01,2024-09-01,46,1.4835576755262176,1.3914353835834357,1.5792947983040937,1.4012224725671123,10274125.409740964,1.1684494991267385,1.1193950838390152,1.1925261826101254,1.0958287546598924,9322627.08436807,4.413792907554592,4.207595192217183,4.537535777704101,4.146017497431047,67.4700205300883,3.3475051461502114,3.0209724592610105,3.840757555872575,3.210545261265072,47.441506980692296
296,SLV,LSTM,2022-09-01,2024-09-01,47,4.972254890058743,5.63146386074217,5.567616387336338,5.047986593862102,33581383.49208492,4.562030108650502,5.241518568513235,5.166127560319704,4.637885000565821,31682895.636692047,17.50767064324763,19.93407949511773,20.03610407271174,17.788780333206173,217.3364203439915,7.42947450899597,7.635468121242305,7.844764311986125,7.494846884171979,124.46389021244248
297,SLV,LSTM,2022-09-01,2024-09-01,48,3.4117035408811414,3.4739571868737027,3.471639960440551,3.326538497105398,11884953.134062815,3.2807331857527617,3.356035139588683,3.355515708566068,3.19362334550726,11041272.188253405,12.679263626395937,12.848339213724616,13.104323447831865,12.332216151333585,78.88542973598277,3.856418139574859,3.656229010746754,3.704334733300864,3.814390214029952,52.42023610211665
298,SLV,LSTM,2022-09-01,2024-09-01,49,5.7407280108857695,4.931045242905019,5.680936567752904,5.539211049594441,24040306.863962613,5.4888799323365545,4.686972173584991,5.435005830301143,5.307635067360294,22625240.871570904,21.11079837514164,17.86985445924635,21.13290285028073,20.40521656522004,157.67904801143123,6.44868680740797,5.8166566456621975,6.393873814827271,6.092336372287837,90.74348457938105
299,SLV,LSTM,2022-09-01,2024-09-01,50,2.519816974052581,1.8207285136533988,2.14463639104859,1.9003796011057432,7885715.9888109695,2.404277934305252,1.6783005009085816,2.021391166869245,1.7609754753741726,5675649.032186269,9.336324541413385,6.479088286888766,7.94445810897377,6.852200185585319,27.606172066670204,3.2272803830973933,2.9191401981708025,3.050679845419157,2.99537023698038,17.107070131503665
300,SLV,LSTM,2023-05-01,2025-05-01,1,1.8685805645486853,1.905619354991086,2.2211484973580142,2.1624506047002314,13532001.849334562,1.581110835225627,1.5930925343700495,1.9684300714381968,1.8972577561886752,11225828.276696106,5.275344976988149,5.273669660618603,6.628135680735426,6.332473081418385,53.76114091994592,3.277878577438674,3.425460024685492,3.410676247529836,3.396852064209007,40.20231730768978
301,SLV,LSTM,2023-05-01,2025-05-01,2,2.153745893952796,1.9360818956859844,2.182661439113572,1.883244860102448,12401047.29292732,1.8990418871387191,1.704495355513944,1.9833337258432773,1.6763542381283874,7749740.154782136,6.308862563363965,5.626720765046312,6.666917205826599,5.597842320240996,27.81897280191482,3.331358014692784,2.9842746694110858,2.9910659515143374,2.800064938866322,21.56175149833349
302,SLV,LSTM,2023-05-01,2025-05-01,3,3.432038843936247,3.258101038532698,3.056105313498533,2.8754045072567087,12133813.067084735,3.088660973450169,2.9232350881309155,2.6268786997789766,2.448778866332639,7791433.95259728,10.569517075350516,9.908219825683751,9.138396254808946,8.435275851283416,29.05742490485519,5.413030027971263,5.124291936773238,5.731839607100979,5.450387265716019,22.01724355172485
303,SLV,LSTM,2023-05-01,2025-05-01,4,1.719195238670758,1.4536819272375243,1.669183347289177,1.6595407442984191,22898523.54465048,1.3509496555444458,1.0992446159625753,1.222025275550218,1.2443745484653486,19235523.21871827,4.684330247408694,3.7804996437886658,4.320938435160417,4.342753507245642,70.79630780386714,3.86803588596084,3.412022880126596,4.230293271545752,4.03838941956695,15.70623911580546
304,SLV,LSTM,2023-05-01,2025-05-01,5,5.266859818139791,5.403490150019178,5.176816239986552,5.525646001728317,16633652.653280666,5.000677220763312,5.14728485557748,4.881540671328016,5.278322045068629,11462714.580057114,16.784956820216106,17.140065829765515,16.52820723108905,17.702349358029362,36.722307495475576,5.38275572015779,5.327200236830526,5.66751078852304,5.278742953294991,20.54384499576651
305,SLV,LSTM,2023-05-01,2025-05-01,6,2.662338686246404,3.02659545695156,2.7259380607514405,2.617459302016355,12752029.820861904,2.295888456724576,2.727575610876299,2.325426166195085,2.2115006165071027,7737971.316474576,7.892582459150812,9.25103531275275,8.10684550314628,7.632039499802971,25.91371551633471,4.877324806670657,4.726010957677949,5.281849699184595,5.107148936334171,19.460792108305828
306,SLV,LSTM,2023-05-01,2025-05-01,7,1.2552056425361409,1.21108172760304,1.2911218304364316,1.130039490842493,12143984.309891598,0.8848362023679631,0.8558701259847697,0.878653042154801,0.8257817316584463,7913307.4477990465,3.086150422563283,2.9528991522805823,3.115486580416748,2.85342899720764,30.01458102619023,3.240355794926609,3.076674696689118,3.541780458453927,2.828277421571199,22.79834104187909
307,SLV,LSTM,2023-05-01,2025-05-01,8,1.3553532100196817,1.6935944440137214,1.6100029502524722,1.434914459826455,14039279.820436446,0.9821758056320504,1.3591848734060237,1.1470746376132814,1.0109657723647782,8694816.667133072,3.421587737161158,4.658204097560096,4.0655589699537895,3.5414656111479528,27.300078718588743,3.399397166382056,3.637979207091977,4.203667593435952,3.7471070205876376,19.53513853984232
308,SLV,LSTM,2023-05-01,2025-05-01,9,2.224183735761092,2.313654109321031,2.3137153639417365,2.2755486515645584,13731399.444150504,1.927045100129848,2.0213711953305444,2.070092245987717,2.036066393509105,8502440.963220844,6.405934596234286,6.671182763897182,6.961724789935471,6.78583460022035,27.115073358202995,3.659635264783443,3.6852614493374,3.415024200983139,3.3108759457895856,19.39784417267024
309,SLV,LSTM,2023-05-01,2025-05-01,10,3.358748331403507,3.008011788954112,3.144378813573744,3.01405514550527,12328522.595189404,3.1321704648989908,2.743243122677879,2.8624322876130965,2.702819659850147,9234115.036976537,10.46098071131962,9.087142221048246,9.62511934455537,8.999054853644589,40.03201885397214,3.9283785344267774,4.010959712533771,4.313179646778383,4.391284002504971,30.4199078729444
310,SLV,LSTM,2023-05-01,2025-05-01,11,5.2903182421011525,5.424114413759822,5.40781589461181,5.361381438960549,17202375.238796733,4.907111112551775,5.056057641862067,5.0280270579811,4.969550642541565,12248580.033216426,16.46965081438643,16.836530626274325,17.026448637451903,16.66512459662268,39.95820836324744,6.499868118409802,6.421361034153566,6.595812975493101,6.60475506354052,20.0516148625076
311,SLV,LSTM,2023-05-01,2025-05-01,12,1.6131153544560106,1.748520415894048,1.5421234505982933,1.8357339492989648,16393045.91359862,1.4430084429590957,1.5551272354548415,1.4130479971566634,1.6601539298583678,11276830.636574129,4.808334615817537,5.13173537424108,4.78603614345545,5.534788405436967,36.0596560459942,2.3311507844657324,2.5757249569005136,2.051079851643241,2.525938445725308,19.954306508202727
312,SLV,LSTM,2023-05-01,2025-05-01,13,3.068122609713811,3.556144187714569,3.340905459102047,3.340922627455705,14237264.59991522,2.6697338458791973,3.2431639412040085,2.9747085013946664,2.956930624895126,8996930.711476257,8.913199619736636,10.763555678212034,10.01563198271852,9.862887550258504,28.639027276969912,4.996703289401798,4.75693035910197,5.074546517234596,5.136414443133649,19.718986489139947
313,SLV,LSTM,2023-05-01,2025-05-01,14,2.7739651241764194,3.2809643061136207,2.947712246004028,3.0229091723043027,11903053.57086253,2.4086264768410426,3.006238751183597,2.566282630566534,2.6650112825935754,8369068.678551315,8.275108440756002,10.182828864090387,8.929847930450206,9.1638646015347,34.32658644419089,4.985664875694913,4.768616381908857,5.408032630198964,5.253922844282677,25.08817446656088
314,SLV,LSTM,2023-05-01,2025-05-01,15,3.098218142216719,2.986572113012872,3.6321975282011314,3.0393784922085185,14741082.853209523,2.7910969651017847,2.664542153098253,3.368980159873844,2.699060970475755,9358527.23468542,9.3155125917527,8.827242430235852,11.349040814052694,8.988175908612858,29.13216308782977,4.414244019730294,4.408892206086245,4.470929528515043,4.6125319569847125,19.49220786887297
315,SLV,LSTM,2023-05-01,2025-05-01,16,1.5735269205520452,1.3735073648147118,1.7179048413252145,1.356942123348622,19280724.9529341,1.4106379159283278,1.2205100170204308,1.581645788919504,1.196946948522723,14951367.499267856,4.70618357985887,4.051795167330364,5.339569247197053,4.035765944002103,51.74362481189736,2.25885242103844,2.040586680160718,2.195093987922293,2.165296361303154,17.55789101464368
316,SLV,LSTM,2023-05-01,2025-05-01,17,4.44148352319549,4.449005782587027,4.485127791810724,4.191159190929745,15588382.781421607,4.104303452895707,4.112267717307086,4.144675757404504,3.802849630473423,10402448.654159406,13.761301428785188,13.680328359752089,14.014831106291837,12.727070581060143,33.06510609977909,5.570485551781355,5.543803318213233,5.673835421407363,5.794584976394379,19.873921308818428
317,SLV,LSTM,2023-05-01,2025-05-01,18,1.0343421811447715,0.9851894412848616,1.1251772994846456,1.106264230438012,14759614.470665423,0.8764552984499157,0.8186274518722437,0.9212237543136614,0.9010122435076998,9460648.288943669,2.9822293180838493,2.756426204082795,3.193171660494755,3.079793909897206,29.831052857276696,1.953991017060851,1.9149932692771563,2.411382326473944,2.3268785026928187,19.567863055418805
318,SLV,LSTM,2023-05-01,2025-05-01,19,2.3637922450190523,2.0751570914059614,1.894699446083396,2.756146909499026,12435572.914492084,2.1197707286837004,1.826844409742335,1.7116505299622664,2.5117070828542647,9694232.15307166,7.045229802508114,6.02743263543607,5.768986501350081,8.347264009556952,43.37503612574,3.41642667678363,3.205427014107588,2.671751640924996,3.704254824037364,31.56349631617345
319,SLV,LSTM,2023-05-01,2025-05-01,20,3.200941242487747,2.9377840012639287,2.549498480355674,2.6168172517447634,14197229.939849189,2.9419588465813526,2.66217003175768,2.244558577302842,2.3099742373445467,8884600.458981892,9.81605118304485,8.810438650650402,7.547026486816456,7.692348164341779,28.09334485347232,4.107974283789583,4.0406807612112345,4.016288169041857,4.035490899708583,19.94098702387513
320,SLV,LSTM,2023-05-01,2025-05-01,21,3.6205252807296833,3.3398944051289283,3.263927045338072,3.860714441748052,14935361.024688158,3.392881464452921,3.08366934581463,2.9592002827781365,3.6239160175215326,9559739.550835587,11.345861558021973,10.227886787797052,9.959430856523904,12.1098853057725,29.883799803029927,4.090702677988878,4.159759250332598,4.572657310980147,4.307265981255185,19.601220938809647
321,SLV,LSTM,2023-05-01,2025-05-01,22,1.9353558499323715,1.5580308001718413,1.595764363005993,1.5154919414081225,12499985.184790269,1.7328028672081015,1.3842987939424896,1.460514913164083,1.3452794732630555,9790762.355644405,5.759188296110263,4.582538011773026,4.945807713072803,4.51544353090193,44.22293595702536,2.799684107300884,2.309154473761513,2.136527413660579,2.313621622718522,32.94639525613475
322,SLV,LSTM,2023-05-01,2025-05-01,23,1.7915776671680594,1.887612793289971,2.021218369668947,2.2839835738414087,14234353.02618549,1.3977689406205476,1.534096830872642,1.572459256996727,1.904828429314969,8872538.165547252,4.846201210183234,5.249086521995332,5.530393461979324,6.588544717927126,27.6309363751765,4.052313501658471,3.933073540887096,4.702390746860615,4.636592410810276,19.326710341676552
323,SLV,LSTM,2023-05-01,2025-05-01,24,3.078389895700452,3.308255122021702,3.4499714524741907,3.4883572950503554,17098713.541885838,2.748084471826026,3.0022754988662683,3.142971994278174,3.1747113072330584,12115668.09204206,9.171322631339898,9.957332932888066,10.58205142224167,10.594745207980765,39.33674715470637,4.563507320095191,4.53012541215777,4.719726712478417,4.7397976457470055,20.15206402888704
324,SLV,LSTM,2023-05-01,2025-05-01,25,1.7390065636123069,1.527991101316731,1.5021594091483057,1.4611463492057213,12723464.814700816,1.3711254905766206,1.1699410425275862,1.0859681844949152,1.0523087708786738,7793762.5483343005,4.753391293017474,4.0211117640776814,3.842375970745706,3.680299276019229,26.504739235700107,3.894576439810499,3.5254275647007995,3.885031642445728,3.734443860713214,19.95917285334381
325,SLV,LSTM,2023-05-01,2025-05-01,26,5.243405110457199,5.493271552318639,5.187466719429426,5.521500314970612,13155507.92154155,4.979149410834967,5.24504471252931,4.912904939668569,5.265992029684917,8215727.680771351,16.7164249087342,17.469490480290876,16.63637136941502,17.668292403415183,28.22043625452315,5.358987002750472,5.291421342894556,5.466399666652657,5.376268837435705,21.561370359516
326,SLV,LSTM,2023-05-01,2025-05-01,27,4.9816121354600895,5.832564600189165,4.796741706004974,5.705568093273744,16296327.070557144,4.590409854151585,5.471766824144925,4.374849051301188,5.314999854193995,14373818.829609953,15.659026977603466,18.45496898649594,15.12084988432944,18.13522540721845,71.51396566043549,6.987436669994185,7.220049926629188,7.258226640504977,7.580618665267304,48.195733008084005
327,SLV,LSTM,2023-05-01,2025-05-01,28,2.058408619505925,1.859930399384744,2.149184030224254,1.954377540426658,12905897.535908198,1.8127835717860763,1.632731715887399,1.9541046553410577,1.7594844669864922,7908655.776170194,6.02289885537263,5.390437489054204,6.56757120801772,5.868364414409973,26.620851816180963,3.190184740494377,2.893917167935728,2.93193363627348,2.7577218437399207,20.01339037616794
328,SLV,LSTM,2023-05-01,2025-05-01,29,5.27438471169945,5.386349357704677,4.482395835416959,4.285537756380499,12273786.488526355,4.897312159504084,5.01079122473218,4.010563788179328,3.829990509152888,9600548.087280888,16.691160204729513,16.90944307329082,13.878017645640831,13.11732174775376,42.93155833906393,7.072720995480332,7.021215733796765,7.299803716982353,6.925279669795888,30.121206969970537
329,SLV,LSTM,2023-05-01,2025-05-01,30,4.308875109230794,4.471056750536287,3.706991274889956,4.10021108493988,11865808.134662928,3.977542740061593,4.158314852807372,3.291935391143633,3.755568156792053,8328723.183290361,13.57825033904394,14.048649239556138,11.416796736157565,12.853974943383998,34.132729610816895,6.042352503145235,5.911788223791056,6.29432418067071,6.064678195817321,24.88697669320336
330,SLV,LSTM,2023-05-01,2025-05-01,31,1.0383669266674709,0.9969306605418244,1.1710133352645895,1.1197580077071845,14271605.689949457,0.7674491699799849,0.7280043165451692,0.8109187089358556,0.8091118476003694,8918967.306304574,2.646412175609068,2.489813257287565,2.8592526243549203,2.8013290393781096,27.91105127041384,2.531089719608868,2.4446473673920983,3.159596435343227,2.84794707874225,19.45794486800973
331,SLV,LSTM,2023-05-01,2025-05-01,32,2.882511844624565,3.065592306244082,2.7726585860693578,2.927251078957861,14157326.033232482,2.5090985597761875,2.73854369394621,2.41676350431731,2.553002391489144,8872862.322869003,8.366436648061628,9.072234054724744,8.128104396805314,8.50263738424508,28.00125386838005,4.687224241228642,4.506195440689329,4.537086246424176,4.73507638606723,19.612418760236444
332,SLV,LSTM,2023-05-01,2025-05-01,33,4.117421806995219,3.335760775195568,3.555672436636004,4.0086598553946695,18227002.586715505,3.8618633380894,2.987878900572716,3.237824975658999,3.729205687579373,13484271.164947698,12.937968523206669,9.917759725179346,10.915495227266687,12.472464615603633,45.14352233132996,4.644390522028658,4.853077210214531,4.8740436731739765,4.791219758629993,19.353547246077703
333,SLV,LSTM,2023-05-01,2025-05-01,34,3.1536110972605536,3.161861247717174,3.141450718215945,3.1992460143970027,15370153.571022268,2.874724374249657,2.8913528068803287,2.8372444080050903,2.8867108225605467,10050892.081213295,9.597276272939922,9.58252089984536,9.544041567141257,9.621078071280758,31.431800576204434,4.242598148527631,4.160912220385134,4.481271806555231,4.5351120831964655,19.66135706060588
334,SLV,LSTM,2023-05-01,2025-05-01,35,1.2644854716771334,1.368511820116404,1.325627370719625,1.4485578764887683,12322669.258062491,1.1275529069822976,1.2328785192568124,1.1862314372291751,1.3125054739788065,7965965.393268962,3.789865036182823,4.092612108383373,4.049877061804379,4.408576126335769,29.699065392268885,1.90997096902682,1.9192163640093511,2.0766068153622608,2.040045071448274,23.044525272661296
335,SLV,LSTM,2023-05-01,2025-05-01,36,1.0443025247101847,0.9722303407119056,1.1228467967846494,1.109202407140769,15339756.856004044,0.7613895374544275,0.7834124089339819,0.8604934131068745,0.8105252454710197,10057195.012895416,2.634740300246694,2.648321039243956,3.0034076138376853,2.803699435642262,31.4787161045745,2.600847415518474,2.0357722846386093,2.703074094474547,2.7866423216978577,19.72426762566686
336,SLV,LSTM,2023-05-01,2025-05-01,37,2.724910053569748,2.6776166796974765,2.5881097179314665,2.4951419283096614,15634385.07828064,2.4308310513896987,2.3855383750380925,2.2999187482424586,2.2191438928816805,10415367.694003385,8.095059785087049,7.887414344117618,7.727555066382351,7.391749197943676,32.76386819032345,4.04361483857265,3.970803663718715,3.939792537497348,3.7346493943930144,19.564540764661658
337,SLV,LSTM,2023-05-01,2025-05-01,38,1.5342707796696349,2.082812364080824,1.6459281181442784,1.82333601583386,12465610.769367931,1.360007502875275,1.8539153858026391,1.5032683822593205,1.644302270459114,7871463.693815668,4.544912981281321,6.11453449285572,5.089796068772691,5.489879308682215,28.60298434236873,2.31639759761778,3.081155657696134,2.2284249518759536,2.5587305753037954,22.175435123396127
338,SLV,LSTM,2023-05-01,2025-05-01,39,7.731830913539585,8.008244715386232,8.222783095033575,7.433363997045258,23988224.983811744,7.105420407031185,7.415274790160607,7.62886854331617,6.825601494949228,22455225.57118833,24.181495804052847,24.98611630934956,26.25059199596452,23.26308078131213,110.6388062371359,10.742365301095472,10.545771316367412,11.065558963118391,10.443574447959602,64.47185571488127
339,SLV,LSTM,2023-05-01,2025-05-01,40,1.302524399746002,0.9728486567074136,1.3470476215738083,1.27432635810177,13473907.372071087,1.190935521984526,0.7978664921319698,1.236240934550655,1.1494074983359552,11261141.005732318,3.987759951083958,2.699483749886529,4.207098132559686,3.8776425391241793,53.65795584539179,1.722978381337878,1.9784656934938472,1.8499343086039084,1.893889356600946,38.50279115200542
340,SLV,LSTM,2023-05-01,2025-05-01,41,4.907834038576436,4.750232882221154,4.76268084117915,4.781666029112361,14265276.46794837,4.550857671327109,4.360878177172314,4.37212230368266,4.38715413043881,9252741.300180651,15.266357340545165,14.512084754027455,14.78668241459402,14.697416919898728,30.61479079980016,6.032521825868447,6.165018787065279,6.271958177275377,6.249407713968711,21.105810568304666
341,SLV,LSTM,2023-05-01,2025-05-01,42,3.216895629271324,3.240953144956481,3.2545669357832074,3.427354325805808,16691404.461018138,2.88832109016871,2.9155202874003265,2.9015330096562413,3.1066132836358453,11611822.80405278,9.65186235674365,9.672153486958582,9.770732457667862,10.36896113549961,37.18149994792217,4.657931436998444,4.62594096592377,4.917645959431355,4.755320754690802,20.14816392577023
342,SLV,LSTM,2023-05-01,2025-05-01,43,1.706415634102523,1.7280343748997462,1.7449874567010546,2.0117263541008605,12076668.058987878,1.3131302035018355,1.377789864767016,1.3032823907131552,1.6123903603668046,9074528.036602337,4.5581664600828775,4.721620402637982,4.600148288121227,5.596747842757008,39.30114245117547,3.944695083796917,3.7367495455141215,4.311796433666438,4.420553770292868,28.07562812493195
343,SLV,LSTM,2023-05-01,2025-05-01,44,1.0212513067292033,0.9612273235980286,1.391243744324295,1.148003225291301,13790879.90724417,0.7625655621178036,0.7279698863500239,1.2893616660384757,0.9689712923571752,11687615.330590108,2.62421858046268,2.476177057348653,4.370971563565427,3.286847751460749,56.09867969314747,2.4487930186658886,2.236980363746877,1.7488492459766267,2.178478138068686,39.38553192946159
344,SLV,LSTM,2023-05-01,2025-05-01,45,2.329191596805982,2.363075470638309,2.405304232749552,2.2363144806850164,23815764.968360946,1.9505907300552887,2.035028004891529,1.98769869690642,1.82741904811803,20401178.270803407,6.723378848078804,6.930477045055507,6.951329846817059,6.327984174965989,76.30200000844755,4.599445537569326,4.303474812605422,5.020799309678895,4.709943402250747,12.613078972404576
345,SLV,LSTM,2023-05-01,2025-05-01,46,8.01601216037587,7.2512554324707965,7.077595738209071,8.084619560072403,14958412.090650143,7.487279266763228,6.714373928048281,6.474459665790604,7.476120628914433,12982287.579504052,25.46381543494605,22.63506564994896,22.31336196417836,25.46419725789633,63.45144420502911,10.19730769295229,9.58929888689412,10.298987079321094,10.935312223684374,43.17658890018559
346,SLV,LSTM,2023-05-01,2025-05-01,47,1.1117723009685332,1.0916299645320973,1.1448649765364087,1.1655815425506844,12475929.110356608,0.9843232427110706,0.9503829958398056,0.947379720617693,0.9854694802805646,7793699.183251361,3.3293092000027924,3.178630433656048,3.282329765914222,3.353431669035558,27.74431479228621,1.7979771626923151,1.8175803079277748,2.400348890172077,2.2259810403081235,21.440306800506388
347,SLV,LSTM,2023-05-01,2025-05-01,48,1.2273318069617656,1.071393715621165,1.4184504042428598,1.1591711079477829,12076831.581447763,0.8638730620226549,0.7711242480496073,0.9659556336086644,0.8356562493973044,7983256.549896101,3.0119104922735853,2.648608128479873,3.4330139974087728,2.9018816823646385,30.813378857993573,3.1755025769640057,2.677609042694128,3.8780844354535065,2.9687181501038067,23.32441444150428
348,SLV,LSTM,2023-05-01,2025-05-01,49,1.088975341813708,1.366037324036097,1.2965591912684022,1.2563225586878386,13406164.491564138,0.9432666213562394,1.2557263903343236,1.1696156750908036,1.1196968140246308,11140002.74178932,3.1997850169355053,4.163380153539016,3.991968566073109,3.785805310907029,52.93315491534555,1.9101389964408084,1.7158814430580878,1.9753260248699285,1.9852148424150624,38.51555693499785
349,SLV,LSTM,2023-05-01,2025-05-01,50,1.395129311865659,1.3983816257530006,1.3551312976125074,1.3288986160826164,15233120.01921278,1.2585209134595972,1.2665378849879383,1.2329879184938723,1.1872673118489254,9908096.329492629,4.206358568552166,4.194600230855809,4.195214350244133,3.996936839028932,31.036101189869747,1.949185952759852,1.8917911213252152,1.929305725499851,2.011430567679396,19.751971265132138
350,SLV,LSTM,2024-01-01,2026-01-01,1,19.44567439081228,19.482964552936853,18.511032460132984,19.78658365544408,40984321.46895298,16.904444669281002,16.670400273283096,15.91787589967787,17.23592330773276,27569409.39781,28.70064861135005,27.70057802302664,27.35255976767096,29.094551249231376,42.16814582264773,13.759430448398192,14.321107995888273,13.968890817372728,13.7234727062665,22.03380482270248
351,SLV,LSTM,2024-01-01,2026-01-01,2,14.904036057294586,17.115711962996414,17.02238905326128,16.05884066604777,40893480.29260792,12.04116816015908,14.44226220040388,14.71676958227741,13.28751977050457,27495983.65177433,20.0093704553264,23.90060281024544,25.334568033567383,22.08215966064813,43.01752235815941,13.132276436865643,13.045621667908703,12.458129454910644,13.203621319608793,23.286176668064456
352,SLV,LSTM,2024-01-01,2026-01-01,3,2.4040171254630978,2.80480180751554,2.735924624126096,2.733963136203799,29733713.397934936,1.873956754390876,2.21331246533479,2.3917544522514467,2.2249399938191607,23303855.575912192,3.463927156193749,4.050990528025814,4.617718964986088,4.116117382027957,54.26303341900004,2.83181871215768,3.1413880167456303,2.8957173790624995,2.9506763946042227,46.242734424137936
353,SLV,LSTM,2024-01-01,2026-01-01,4,22.403526433865466,23.311794342349632,22.58087874603872,22.69304997418851,54067195.61282456,19.604881947750247,20.54500135466088,20.164303993310508,19.872796497940577,41383030.10215065,33.35533945658247,34.46364917500509,35.0631471988158,33.60134885289149,63.71746586677792,15.537061079996302,15.230230470481253,14.412809076790872,15.52804459550703,21.721159688985463
354,SLV,LSTM,2024-01-01,2026-01-01,5,9.882881885717094,10.466636350111346,9.247241420875106,9.91840451362488,63823756.54264687,8.017892015467245,8.455036545952089,7.509715286400645,8.024659332936775,52590353.895864494,13.344477225734888,13.817091223549518,12.705718818190412,13.265088052489933,89.0347552709954,8.579115928989935,8.960235905376784,8.114835170469428,8.487026189420199,13.886713274028176
355,SLV,LSTM,2024-01-01,2026-01-01,6,7.477903256175669,6.529525037197438,8.452402219865283,8.684255277661089,47263534.20594847,6.077825671253167,5.2134019762167405,6.860703000009456,6.995648112146425,33458879.66924409,10.1699964508454,8.649332759526256,11.603181441093248,11.553652815835983,47.14463376495057,6.223590037977024,5.383896769987172,7.468674347494786,7.496282396306303,24.066752813609742
356,SLV,LSTM,2024-01-01,2026-01-01,7,9.798617815320192,9.605756717427068,8.173996734996727,9.228424973523245,41857883.49618686,7.9420923813143265,7.695526524148264,6.624910186348203,7.401356899403837,27942715.2020966,13.215082829764729,12.560313830214328,11.234181354989998,12.217327045972198,39.4940930221549,8.512580250529782,8.248017505939128,7.028922317143222,7.963667296283126,21.37587071589556
357,SLV,LSTM,2024-01-01,2026-01-01,8,12.429667415852435,12.353573989346366,10.644072331356137,9.94430710145902,46633591.52956554,10.443692155211648,10.219278178457412,8.605236649865734,8.034401093888073,32551075.55153688,17.5486514956174,16.81275769228621,14.532631676029505,13.317183502199343,45.40633659559535,9.856673408761711,9.964141960429265,9.52266842310608,8.3210952916066,24.147947211207367
358,SLV,LSTM,2024-01-01,2026-01-01,9,16.68553091164178,17.001266054309678,16.47204591836075,17.225106415073686,37106625.433177926,13.954588273960088,14.143177390890829,13.893477393812208,14.546795189165406,24374645.65284381,23.41575105297736,23.30493132656967,23.7410875056357,24.325178201500577,41.56564817750883,13.439738176460065,13.557409134614408,13.182669476579315,13.28245929014726,30.2923515574644
359,SLV,LSTM,2024-01-01,2026-01-01,10,9.891763121873892,9.983041281755376,9.854926259998807,10.557319513469611,34398678.74856523,7.861246821120582,7.864260840242938,7.853591323076489,8.400518251637202,22697057.29582717,13.03470151690616,12.800218756842568,13.22425300937256,13.824267752325342,41.10038638959993,8.830529693870186,8.770182706988205,8.987848606653113,9.349918553551998,32.83556222771163
360,SLV,LSTM,2024-01-01,2026-01-01,11,20.743897173559585,21.129930650518418,20.193907405124005,21.311595181342188,43578041.38126352,17.684937513285774,17.945387404324304,17.461815994080926,18.456418389893635,30071865.714572668,29.847161220405088,29.75547551387947,30.060985148007667,31.101739147057888,49.79774338721247,15.77003786951414,15.869887493969422,14.837033090090696,15.083932168110367,28.75661939806845
361,SLV,LSTM,2024-01-01,2026-01-01,12,7.402674317431772,7.170611749553895,6.473075567684654,6.880781259040394,39446783.85724462,5.869028329749441,5.614360391519373,5.150517722517042,5.407885041170885,25978551.31968369,9.7656067871193,9.195136241781436,8.762733053443071,8.976829079114193,38.50074025893255,6.499186437622676,6.168285316262281,5.649415399476446,5.92650189020917,21.37830019878077
362,SLV,LSTM,2024-01-01,2026-01-01,13,2.698119935008472,2.452514267456957,3.224366928151332,3.4282759075662472,28176629.66594036,2.2899367232275165,1.756780053744304,2.954282685752529,3.0587992415257426,21881977.29300002,4.410862898705815,3.0759760311821207,5.693696637576593,5.783209993621377,49.93544596377256,3.1427261766214,2.735530853725096,3.019711810392163,3.3248340128908684,42.48973079281896
363,SLV,LSTM,2024-01-01,2026-01-01,14,3.478751588755708,3.1434154814051354,5.183463579509992,4.875959974856598,27682875.9796056,3.204618355394584,2.905087676492061,4.991405338884958,4.654789172645697,23033790.546769496,6.009065260070685,5.344769677486288,9.350753179721313,8.639425052792614,55.5740746349566,2.867966112277829,2.584361965666868,2.960153172468945,3.220751043510376,46.5281619949032
364,SLV,LSTM,2024-01-01,2026-01-01,15,13.632042876329816,14.464417486131005,12.312354272872776,14.044705661102306,46017188.18103325,11.238446343672669,12.079579014444892,9.964085414571734,11.663866455883642,31709484.646265507,18.77611287231868,19.9271149775312,16.829933563176734,19.404639215310407,44.00064553766863,11.460144611154458,11.386620101387402,11.008589801399214,11.409961261500396,23.98859508771249
365,SLV,LSTM,2024-01-01,2026-01-01,16,23.69494389781696,23.91855719079244,24.553284700093904,22.5261305025805,40326188.51233642,21.54618242217547,21.73076890392703,22.86043445151756,20.04416820840021,27401039.243952632,37.135974151131165,36.83365409398765,40.33836858127182,34.067727130537655,44.65766312190478,13.306533401569425,13.148145781312516,11.599251353263988,14.331966496710791,25.622736431469605
366,SLV,LSTM,2024-01-01,2026-01-01,17,12.466988981987589,13.149721243410315,12.38578522112954,12.948109867382405,61489135.95062698,10.249834034054572,10.82005103451982,10.28525718241167,10.678609228588517,50047101.72071464,17.11090351305293,17.767325722106833,17.491139983214598,17.72748998885455,83.42530778913108,10.589658236338574,10.866807595023088,10.47800451775727,10.77438672610773,15.06336102595032
367,SLV,LSTM,2024-01-01,2026-01-01,18,9.318829232282033,9.538888443037212,8.754456057750103,8.775989398283551,33724588.74249469,7.383830133418731,7.489297059323038,6.956735440970943,6.926743354374935,22604572.24302928,12.23949054694993,12.17628632827623,11.732864570833089,11.434310012986598,42.46343819142378,8.337530006324288,8.437650343352256,7.884417053895499,7.640799851256484,34.61867641724907
368,SLV,LSTM,2024-01-01,2026-01-01,19,19.13369895275457,19.38866327417769,18.5913385737988,19.02301082067193,41098048.275933616,16.53215685488326,16.69871501416772,16.10283030058077,16.27245058446523,27805659.973794024,28.018295358311928,27.810144177481543,27.73584800363651,27.31498754224456,44.40326839315992,13.78700642005057,13.76177966021846,13.534390106019224,14.102896074785168,24.56584094884864
369,SLV,LSTM,2024-01-01,2026-01-01,20,15.652211785387683,15.685148675489692,14.4565692923286,15.170336881628767,46177715.81143937,13.30625824720346,13.200449787262006,12.03147396032666,12.660505549205856,31871649.14034446,22.43603706527043,21.826331101429684,20.475945281873106,21.092129860260183,44.36709296114901,11.98510653001985,12.073396279078294,12.100035737923651,12.179989131886996,24.065073057221344
370,SLV,LSTM,2024-01-01,2026-01-01,21,22.45094744581532,23.934535446799817,23.037453794156978,23.06415474861925,47913407.37714317,19.53806984990201,21.20827489065564,20.56792984313756,20.257825076737245,33507710.67847609,33.18335017185026,35.64199609375663,35.76346070993728,34.28717070336844,46.80680867600468,15.909931174395048,15.151185207548748,14.703991488019168,15.490456768811876,25.30965251206775
371,SLV,LSTM,2024-01-01,2026-01-01,22,3.524894358166996,4.157510217118175,3.823050293943593,3.822530094823867,48147536.00616222,2.8168561809877226,3.2451491305915927,3.054670543694116,2.9780467916198368,34732485.78779111,4.916941525644043,5.434481653323728,5.307176359958527,5.091032072143859,49.78250148651658,3.288831084030325,3.61492968488137,3.372788742486988,3.4310179299417256,24.16580384757703
372,SLV,LSTM,2024-01-01,2026-01-01,23,14.542530443058777,17.00034523436118,13.902297343370211,14.556121328802655,46407433.45500102,12.02391097936864,14.80886936691772,11.450976792387005,11.977332601668548,32032651.30096674,20.10416750787322,24.751755666049384,19.43022893159633,19.870630449111378,44.48698332800164,12.156023666929752,11.481975016991184,11.973081159671176,12.164132980715028,24.21230394401899
373,SLV,LSTM,2024-01-01,2026-01-01,24,2.064164405745976,5.05703025251368,3.468307740020042,2.343304269651361,32411403.7029292,1.64673276592285,4.803704375120666,3.2649086568622048,1.7817557853090351,29019127.56021003,3.076930015820866,8.72464011814972,6.175089648692744,3.222441283649792,75.25101481183921,2.4561220897040714,3.08868391014703,2.573347888767436,2.572603910524049,60.53320552445939
374,SLV,LSTM,2024-01-01,2026-01-01,25,13.30247947106231,14.030967213085502,12.82679032175868,13.698218421882796,38595928.27657467,10.756303335110996,11.391468983006876,10.384262370218668,11.110222530317875,25504574.7158584,17.877372168500322,18.638191751595546,17.541059778699175,18.36124989564844,40.15536969517397,11.673351277821745,11.895416101170651,11.445512652063645,11.790283029732558,23.675762539554093
375,SLV,LSTM,2024-01-01,2026-01-01,26,2.9500183975552097,4.024383059165477,3.56750331003529,4.081284876269915,31529665.67776272,2.3497518766510086,3.131457293983802,2.8386076740577666,3.16323073497482,21221061.04327201,4.205565964118374,5.204638071309624,4.880508591640944,5.291633099019816,39.88399870141247,3.036789192831637,3.492086199886857,3.119035960993043,3.5867348111600355,32.36222185968393
376,SLV,LSTM,2024-01-01,2026-01-01,27,11.934915489691829,12.709539197247748,11.433354010012394,12.330406020184284,48934778.2477898,9.751843388171142,10.43902051661616,9.308071794089756,10.115218681389134,35134965.83743086,16.25358885287187,17.134762604418448,15.744084742901029,16.76863971955448,50.03823969854224,10.243824948458965,10.51106997353752,10.12466075273402,10.355887516783923,24.978235563957004
377,SLV,LSTM,2024-01-01,2026-01-01,28,27.196274187820872,27.55811533990052,26.30526274316764,27.145115294624823,47974968.782431655,25.22819260781305,25.439624173691428,24.40274209646393,25.06473128823285,33994110.31681632,43.80773492050443,43.3765744322545,43.001399665116594,43.16557135845785,49.8650955523533,13.241044912323025,13.65483635612586,13.120931285526597,13.593203885840666,21.91050089085967
378,SLV,LSTM,2024-01-01,2026-01-01,29,14.874708824472172,17.239123095988294,21.13496794695048,17.987042674834953,26284799.083376445,13.492679806965338,15.331283892559195,19.34947263945813,16.019379164509438,18723352.35727956,23.351258866222192,25.94015617244048,34.05030872101972,27.40103649292341,37.45744549081895,8.700350293205572,11.028275426314115,11.641775487753298,11.510420217149786,31.57961244654969
379,SLV,LSTM,2024-01-01,2026-01-01,30,3.5145424398734906,3.932480534059253,4.7142576327180725,4.392375329018047,29469471.918742143,2.8122278708945743,2.947068687816568,3.719103462354208,3.3331277069343184,22059213.07645757,5.032697388695881,4.969649767898823,6.323015672159775,5.615980477002829,48.27091769326985,3.5635925009755445,3.769659145633476,4.181938293539139,4.063060914253899,40.68299456914307
380,SLV,LSTM,2024-01-01,2026-01-01,31,3.592432611876548,2.253604286137023,5.852550886869183,2.3618495118497624,51528016.16788594,3.3296440826599887,1.957424275262997,5.664390923410125,1.9732233077062,38023123.72292549,6.109543477372492,3.543755499925675,10.428542820949708,3.60609168979641,55.77911072404827,2.609239009864976,2.1357224052268857,2.616900722089808,2.361095345021204,24.942339092486453
381,SLV,LSTM,2024-01-01,2026-01-01,32,20.163844319525595,20.31233063400414,19.27698962422577,20.30226235436017,41537870.55434183,17.48824701185915,17.620551363001674,16.59033787687953,17.582885018787714,28245507.264984053,29.669879866144683,29.407935276055696,28.51542473664631,29.625447356210096,45.903270619684434,14.422700505941762,14.119363296430588,14.513513358522998,14.450809974766532,26.160539032187152
382,SLV,LSTM,2024-01-01,2026-01-01,33,2.7015407575117547,3.7302122213223954,3.589958061728648,3.6642183110326414,28815733.183900382,2.20602243772306,2.89369846063596,2.880198866224555,2.776052472788573,22864800.178404447,4.232412091326922,4.8465467523148185,4.9522517491538895,4.6289817702063205,53.57502236422776,3.343860512999312,3.301792119541457,3.089938564260659,3.3702754694703443,45.46341679586385
383,SLV,LSTM,2024-01-01,2026-01-01,34,12.863656756848558,13.08173646863419,12.082412421494372,12.818241018411443,50476012.49240766,10.60107894263658,10.67931063777809,9.831189912389409,10.501599123370678,36720329.087824725,17.71000671136229,17.498018693775048,16.6256569762709,17.403028396821014,52.96433761072139,10.813975248858082,10.982699021151303,10.723573830918385,10.785213679843569,25.426669940727614
384,SLV,LSTM,2024-01-01,2026-01-01,35,7.119834117227833,7.817246062540143,7.014183029182666,7.63738249098994,44905675.90879157,5.773141599586101,6.240583086961866,5.6917848583745885,6.141970650153521,30942476.8401292,9.657649414241058,10.201373178758548,9.658336559280531,10.16654763573896,42.940633246023545,5.954123876037787,6.645756771131437,5.9998540768659465,6.451442856469024,23.06111432114237
385,SLV,LSTM,2024-01-01,2026-01-01,36,11.719368754359548,11.158950910979344,11.048721641613604,11.609763588319886,55008447.977182895,9.562340933702762,8.982328233838954,8.991737467177533,9.420240268048063,42697169.18221054,15.932876391165754,14.679704876870773,15.21288811940263,15.57515242476465,67.20576760385303,10.088735234345643,9.492641031559632,9.72658468749536,9.944225087009857,18.80151066516021
386,SLV,LSTM,2024-01-01,2026-01-01,37,26.50954660836628,26.7215601916472,25.99986597141331,26.38524739736732,44213215.48345688,24.356500097927984,24.388185661116072,23.87950465698504,23.99756789856177,30488118.063025773,42.13932778367872,41.406814751652746,41.923771765172994,41.09838230703077,44.5006487953915,13.88046856023197,14.3513119958941,14.011306324460962,14.756520799370938,20.46008120087484
387,SLV,LSTM,2024-01-01,2026-01-01,38,4.558658421397199,7.076549366483928,7.675944303435284,5.904070054080767,31344909.827133726,3.8479704533835286,5.544278135130875,6.130782050607725,4.55731877307721,24835149.84639982,7.0394318428958185,9.066105200716242,10.337614690826353,7.626073238734186,58.9322750290241,4.479591746430852,6.11835751860746,6.914135904496538,5.309616591629881,50.57968577096303
388,SLV,LSTM,2024-01-01,2026-01-01,39,4.581444510374125,6.366074983488273,4.200884730073498,5.252957174948843,54617946.90516472,3.736181561157511,5.118329716648296,3.403630574025707,4.226459689303856,42347907.381590754,6.383044089541302,8.389576111308687,5.908614505974319,7.06844488184351,66.60163499255162,3.794272097641184,5.324122067126512,3.57199865983641,4.277431591947623,18.63221568851337
389,SLV,LSTM,2024-01-01,2026-01-01,40,4.598214822143454,8.240745114077285,5.271116212527578,4.796918248085681,30696879.63119016,3.605634468468369,6.6912188097764895,4.202434567499328,3.682426908866786,25266833.13338299,6.198624486370856,10.965283676668328,7.169907186475462,6.24721426912657,61.67480092701911,4.294221559231374,6.863459517137666,4.57718932427339,4.439729249358718,52.12760495535768
390,SLV,LSTM,2024-01-01,2026-01-01,41,13.626049234719543,12.594368049560089,19.34022853716216,10.835812823246677,30874167.12224028,12.364381860955689,11.40722075488396,18.02500319789625,9.79491989402344,19565914.59329496,21.41945938605317,19.46410550699674,31.94086365467356,16.90978103570587,29.897076055797484,7.772619278424391,7.291666983742862,9.1251299870572,6.568342755940416,21.77673477513265
391,SLV,LSTM,2024-01-01,2026-01-01,42,15.778842134472164,16.998490762233295,15.641870971204208,16.882723534495096,43478575.56902574,13.061798325019248,14.371354310074889,13.050929748511985,14.356205727646223,29386736.91322248,21.84707355979692,23.794887662783363,22.22674009884616,24.05400462662836,41.97719777924206,13.158352036843466,12.91685540607672,13.01830034883568,12.757465508824849,21.407594813266257
392,SLV,LSTM,2024-01-01,2026-01-01,43,10.028604540261243,12.567676513984797,8.620083436130829,10.9532368472737,38971424.24669569,8.025335252064886,10.443660432758069,6.972202391569089,8.769084880687805,25807892.37706304,13.339192321854354,17.20990238118743,11.88579284800994,14.455173871601284,39.66739851179798,8.782415627617649,9.939630798122163,7.3104252972747155,9.576478259772728,22.18398227139132
393,SLV,LSTM,2024-01-01,2026-01-01,44,10.301260386476416,10.779689013624166,9.665090155528322,10.203568035059876,46777746.34039348,8.303140246850202,8.677555242368104,7.836771759929267,8.252869279478887,32706217.755701344,13.800763428008036,14.174400065709747,13.26296788741089,13.653961970530808,45.69529357350181,9.024716993110877,9.216168338635132,8.435077419832997,8.631745367869389,24.164902480128728
394,SLV,LSTM,2024-01-01,2026-01-01,45,6.077994003186044,6.978960130969157,5.973392832468647,5.977009698319077,34391508.0381166,4.893322568941396,5.527225871170231,4.8260732824646615,4.732616870734391,22238822.094911832,8.228489934860997,9.039951374862026,8.224224593465186,7.89555503577727,37.531090395973166,5.112241097437008,5.947859671364928,5.0542316400373215,5.056477993968126,28.24525489073917
395,SLV,LSTM,2024-01-01,2026-01-01,46,6.160825639828368,6.380227085133711,6.099670144580886,6.02790896199032,31435338.28153375,4.826566401737257,4.905839954821712,4.803268111012918,4.641936891162925,24086123.66424878,8.095174329600775,8.069020094019997,8.17008345469961,7.758051707975877,55.14597322588498,5.493831811522479,5.689721612572366,5.446264198701757,5.437838862194969,47.37191703827889
396,SLV,LSTM,2024-01-01,2026-01-01,47,12.982982137515815,13.392183326732376,12.784436647123528,13.40641000895403,45923578.84268146,10.593724252725902,10.899433612473906,10.49444712228827,10.98816119354198,31596360.050314862,17.649630158431304,17.845091113768603,17.792241634045645,18.21132405191705,43.9203639766342,11.168505956671035,11.292001446241295,11.065511708171131,11.270981484936575,23.810169252941726
397,SLV,LSTM,2024-01-01,2026-01-01,48,13.059927883911174,13.534402818828026,13.409431566893517,16.91776986098842,38941459.66290021,12.324692792346866,12.865806655781702,12.706960403620558,15.957264461613368,25700630.950664777,21.677580232703548,22.38007410121999,22.705362492664424,27.88113132608701,35.298747820391114,5.786512029656132,5.608471238735198,5.758378566884938,7.374894075405694,21.00800837294724
398,SLV,LSTM,2024-01-01,2026-01-01,49,11.439038698577544,7.481599471075144,10.583784315041848,9.344738538479437,29960763.988944903,11.064286779680332,7.060726863177312,10.214268899757617,8.9457878171061,19808126.889719963,19.71762387503419,12.367931372289592,18.450129568302728,15.868756686598015,35.97234903748803,3.7589480896577294,3.6647289044486655,3.6978418244911473,3.842673170580588,29.359675452373967
399,SLV,LSTM,2024-01-01,2026-01-01,50,11.008850443146772,12.235115061515907,11.017427135767084,11.741357138380318,47041939.58811268,8.880330226687018,9.980540294736995,8.939877854192613,9.53633594420897,32881175.881123543,14.758150881714185,16.350886319788735,15.110384397753052,15.767550553812589,45.89008825644596,9.667184354017198,10.270010055356764,9.79677524274209,10.064434381651347,24.425400270827247
400,MSFT,LSTM,2022-01-01,2024-01-01,1,11.14953405072983,12.93949203776794,12.342459247103598,13.457617308858795,16093723.778681967,10.49460650612068,12.567125982874956,11.762706304980965,13.034447610013135,10598193.315100722,2.847826307477217,3.392990617720107,3.217017891123477,3.5362545481207848,32.94489088702653,0.9942550608159684,0.8010695957271913,0.9936529406523666,0.8781117447673573,19.43069513239143
401,MSFT,LSTM,2022-01-01,2024-01-01,2,30.60671901262189,26.838398520598744,25.56118333446321,29.487362264128183,13127788.45086107,26.00908423865009,22.02529229924842,20.83991962016231,24.58922560156387,8972220.145086696,7.102958744242256,5.97876599241957,5.733081375290543,6.706493901454413,38.3613077690284,4.409806009142859,4.163072758252868,4.063324996404851,4.4410728904058985,38.10834825538701
402,MSFT,LSTM,2022-01-01,2024-01-01,3,99.91410017971192,98.62563029737916,97.95238663388672,97.85278610279856,14100445.41127784,94.20940474012032,93.06241820966264,91.33894501682178,91.335071824565,10546671.38548384,25.66886406166072,25.201247311465973,25.06486477718149,24.857689838821155,48.56580106320643,9.078096987822528,8.88783915547091,9.692898237710578,9.586256479334915,46.93077799356974
403,MSFT,LSTM,2022-01-01,2024-01-01,4,6.824747393993973,7.179709160790642,5.594326815038468,8.284906035673714,15895732.114789752,5.72323830017164,6.233708676403629,4.655877271301142,7.438051917436747,10360943.898477852,1.5486333557873166,1.678336145679204,1.2696571244021264,2.01380778535994,32.22856394623073,0.9925262303142602,0.9450073592129332,0.8348565494174811,0.9712352229464764,19.87189751611026
404,MSFT,LSTM,2022-01-01,2024-01-01,5,107.71817076665442,111.57298148685376,106.685991850883,105.36405646638036,22875057.19065431,94.83213047863322,98.88673912068391,95.44258133809905,93.77330445228183,19045221.05599417,25.87223760924589,26.809391754240767,26.21990916905139,25.549540836516726,70.04999592510177,13.962870385772735,14.052235193551429,13.103618588139254,13.127996858096466,20.194747794473216
405,MSFT,LSTM,2022-01-01,2024-01-01,6,130.53240386199374,135.67811783871184,125.896002720978,128.15692801496442,16928366.169559754,119.11488510484467,124.58237225178276,115.3874376841393,115.59047828748449,11620497.815025125,32.4913909380996,33.76628342558622,31.698950672325665,31.49151370597466,37.28485919703994,14.624922428514385,14.646513150002372,13.872720604986656,15.137819362986049,20.13585588967517
406,MSFT,LSTM,2022-01-01,2024-01-01,7,53.72398558453081,34.059574053269216,36.30998371108377,35.83684618942892,13175749.49136851,48.63474902903111,27.88628465187237,29.80049441840408,29.474093694628003,9018650.69997122,13.269329881661369,7.568262261749674,8.193865695944897,8.037954394782187,38.48177103180902,6.2448613588800255,5.30692281008459,5.691342225080949,5.5591017965658684,37.97703344514119
407,MSFT,LSTM,2022-01-01,2024-01-01,8,22.555823759656747,25.51239640747765,26.996227072409976,30.427953703017536,13154815.106378932,21.54531988745804,24.853091025569544,26.10480807865052,29.79964771982028,8721179.292153964,5.861508528302718,6.722280808614496,7.154731044684424,8.100271679648358,35.499647480994994,1.7976231910195235,1.5520000114992971,1.858072332776532,1.6588428524850496,34.46806097301206
408,MSFT,LSTM,2022-01-01,2024-01-01,9,24.8753795598598,28.85416289131913,25.76569065436552,27.126973577197703,13208722.271410467,20.44554615364488,24.545412057719805,21.565462056395123,22.92441372165666,8287011.029030134,5.586961428665373,6.660679979664776,5.932617080070508,6.252844444823818,31.38544506328625,3.8722018069417454,4.122630179118644,3.8761607013070862,3.960861689722911,30.444016938792256
409,MSFT,LSTM,2022-01-01,2024-01-01,10,44.7699131876365,40.78726195199075,40.996911522933466,42.81141940883835,14487004.8103574,43.330292675534224,39.263511972041854,39.31732825216175,41.29596449529179,9133876.537649134,11.797865100232324,10.626160781261094,10.78192954975887,11.231005861582153,30.68734522543214,3.052567574788546,2.998340631499333,3.163070987915554,3.073502152240687,23.853953677759183
410,MSFT,LSTM,2022-01-01,2024-01-01,11,36.140510308849926,36.21285239568134,33.36981638963792,34.17780859158095,13098857.242069509,31.227043468084965,31.12943052126877,28.50799574130745,29.127477341018835,8575937.410831353,8.525971875407514,8.445182888979982,7.839030103674281,7.942754400949721,34.62331783360077,4.976620179948879,5.029609925654111,4.768880639611803,4.88304577449306,33.98998107673345
411,MSFT,LSTM,2022-01-01,2024-01-01,12,36.089550880647934,28.633658107048724,39.50692119623977,24.259873077142576,13373117.436389703,34.68329051734615,26.92050620851076,38.13185130248141,21.79730279464344,8396936.54190133,9.441581687288211,7.284977600899426,10.455690722194047,5.927402082317103,31.388936355265862,2.6992994304579963,2.643364492720908,2.8054364799490648,2.895471156665562,29.76146846127284
412,MSFT,LSTM,2022-01-01,2024-01-01,13,6.887932884981581,10.367791775213618,12.244435568391628,9.61353309436965,13411462.60548551,5.927823688066384,9.907086701856592,11.6549513783191,9.036536198714144,8341573.891787927,1.6048323642755502,2.673379396160601,3.1876072332989795,2.449337154085258,30.76537363609761,0.9373247373262208,0.8014661383123052,0.9992513895667576,0.8711553783880086,29.21178018823665
413,MSFT,LSTM,2022-01-01,2024-01-01,14,22.34688424774723,22.204890772337027,15.24081137103326,16.05096227465157,14380190.682755558,19.639820402690983,19.513976287975325,12.901795749830931,13.45563868696515,11574024.216852684,5.365370726142337,5.295249068802111,3.550478582056106,3.670690286935028,54.17439464963565,2.924848740547676,2.8855204730320287,2.2361745426455224,2.393337985268601,48.43518591854982
414,MSFT,LSTM,2022-01-01,2024-01-01,15,62.46235651785844,60.724731997951,64.83322647585823,57.20902830423027,13113985.302623391,60.17900413740679,58.48395065789475,62.61640751014135,54.40348655374528,8820032.613912523,16.39060429092348,15.83148339290548,17.177690600437696,14.80118941209283,36.928403438159,4.55543151473564,4.448026353561272,4.594024516953642,4.828653588175898,36.50399117743606
415,MSFT,LSTM,2022-01-01,2024-01-01,16,83.24450390787979,86.49251028944616,84.70996294402798,87.81521697789763,14259548.88405,79.487948548373,83.28427395200359,80.9291120083618,84.71409113484324,10777027.911976429,21.65554821991898,22.548360879037546,22.206725568076514,23.048880863831105,49.43289750062838,6.748739159649632,6.362380596389638,6.861460896039029,6.327641592644483,46.65489293392445
416,MSFT,LSTM,2022-01-01,2024-01-01,17,43.85165708983964,44.21766672591325,46.979398409446055,44.42790934340056,14022149.66572818,40.85813113731534,41.549631906471326,44.02961796216072,41.55245273799135,8563484.910371402,11.12672849674115,11.247932406407998,12.07576585325922,11.303570555854243,29.18865202542712,4.328751438893379,4.107281122658688,4.472798811983948,4.282311693879223,25.73906958933692
417,MSFT,LSTM,2022-01-01,2024-01-01,18,26.576920580328363,18.28902089590006,27.003978358708693,18.00781476274319,15560111.044168584,25.9754672527925,17.611788387482495,26.37908776511077,17.136994512663602,13313477.108836671,7.067123368362524,4.761892252042144,7.2291702606683215,4.656013815777247,63.597851000847726,1.49707654896263,1.324255819679974,1.5457303449564128,1.4943912098401682,53.58813876615544
418,MSFT,LSTM,2022-01-01,2024-01-01,19,9.20890868634764,18.483260486496047,15.576811138570587,16.418212236554883,14410880.07497122,8.75437336048919,15.851385432879804,12.96083048981878,13.933530629379478,11517808.008878032,2.3837388306923635,4.30320370151725,3.5685229956822577,3.8027071291856687,54.03327779598352,0.7760074583321106,2.5866352941229893,2.380844607064977,2.375942163536497,48.86060327193601
419,MSFT,LSTM,2022-01-01,2024-01-01,20,62.54232447561027,58.920111034254255,61.54826974933136,60.67488934629793,14364439.873850144,60.28112661596343,56.61731678374426,58.73370676884244,58.2663785691815,9263929.476859072,16.41813139683942,15.32647029454336,16.112766894618694,15.850720161563322,32.304943129997696,4.535609219867617,4.438153468741082,5.03169026287714,4.619008394474789,25.26488056087582
420,MSFT,LSTM,2022-01-01,2024-01-01,21,41.49539167287403,32.173094965301615,32.84937539676426,40.105466140899054,15515573.807621224,37.278477764990654,27.190948507448606,27.94232760650545,35.669043000451026,9788725.263316208,10.174669966989034,7.378927560533843,7.684525407741756,9.722488356387588,30.34576713657736,4.9944536437599485,4.673791887815732,4.750511264657482,5.0153466301068095,21.713906995123804
421,MSFT,LSTM,2022-01-01,2024-01-01,22,64.57668125254489,83.69576768386351,86.98990855791482,96.92903362191794,23875324.07261528,54.80249657868451,74.57031903378932,78.13557283356873,87.76300029736163,22173276.76614334,14.958631396732642,20.21717637539184,21.46571641967165,23.90847366709061,109.57537657420784,9.332031776374832,10.33834652771084,10.511022215196562,11.250296610580762,79.58591052525689
422,MSFT,LSTM,2022-01-01,2024-01-01,23,4.407636449817387,13.368623754785997,10.26483935696032,6.287983927010007,26359570.786714144,3.6076338953589735,12.902394553669584,9.33219847396538,5.251895286120888,22971119.30984858,0.985253318476648,3.482734150019357,2.54917222735722,1.4202319291358212,83.23011865970017,0.694628452137904,0.9123344734163296,1.1475875181515829,0.9233231693246308,7.422087346081929
423,MSFT,LSTM,2022-01-01,2024-01-01,24,31.061455447336165,27.740598709021285,31.58628650196541,32.58911467007227,15643894.420301303,27.86183477119117,23.95769940035573,28.123553545102663,29.15766666501536,9994930.8427498,7.607436120460957,6.501367364476154,7.733638569401415,7.94900274305044,31.01973793229353,3.769693275600349,3.805588077405352,3.967717769380312,3.987168016842629,20.89022714952802
424,MSFT,LSTM,2022-01-01,2024-01-01,25,63.63734457552314,53.95845328642795,59.14278625752266,51.62697618059328,13693699.38968283,58.14860033527107,47.78123203932866,53.42621319672711,45.23192916715966,10239732.41876165,15.864074282843326,12.957066817515612,14.680580587190075,12.328684651092535,46.81673456508332,7.084674375823299,6.821242391599773,6.983041835814012,6.801338836887365,44.74482852655154
425,MSFT,LSTM,2022-01-01,2024-01-01,26,45.08812541871959,54.55952852038351,43.36778738289703,48.919896244509125,19846912.38843548,42.5628302014577,53.12551601300832,40.50195252327841,47.01510010959881,18204572.8353557,11.591630469345148,14.3781796737484,11.109275821295851,12.78840837889082,89.06336645171585,4.047403519613954,3.380622568601621,4.238923626564295,3.685684111910208,67.08928452168627
426,MSFT,LSTM,2022-01-01,2024-01-01,27,119.37946060246604,136.78340473867536,126.79584505891188,130.8346315769157,13120351.541908529,105.33680573914252,121.86425911790602,112.5951789314105,115.1945657523062,8364129.08353294,28.73611102688875,33.03539471358515,30.92954895658907,31.38538216480956,32.53495523317105,15.349348113115196,16.89354569637402,16.013715068378936,16.937233360569355,31.76412575820476
427,MSFT,LSTM,2022-01-01,2024-01-01,28,38.310953906355486,31.35338991155509,36.26119851703828,39.14825777505766,13222189.01006585,36.74898923692117,29.61605980914125,34.48872319298476,37.82861309940325,8557351.866485128,10.004752176447754,8.015060023186003,9.45644573170244,10.286766114000503,33.56343438431841,2.933716398101618,2.7904346094264767,3.0486179058888863,2.7398033498511616,32.185060078040536
428,MSFT,LSTM,2022-01-01,2024-01-01,29,47.462705059023016,41.853564825197815,45.26392387274474,46.32225596776139,15268872.599926172,45.42698509666359,39.39203190509891,42.86498542740281,44.34593040310336,12945400.06381154,12.370479938262164,10.663989410953214,11.757018706144798,12.062312497739471,61.498161445081415,3.7363007820919214,3.840769988495304,3.9698979384775614,3.6479139072907216,52.228067103276224
429,MSFT,LSTM,2022-01-01,2024-01-01,30,34.33138329055135,25.41169772524862,30.852715537056017,36.23807007924077,13792312.769320035,33.00161320838455,23.720628788797352,29.09519033692376,35.08828631771937,8386473.709870924,8.983207537897421,6.418789517854745,7.97597047969206,9.54052073188044,29.14130838240488,2.558566375242968,2.4689659893994733,2.7928073085810534,2.4582305652757546,26.765780772244884
430,MSFT,LSTM,2022-01-01,2024-01-01,31,95.68068959773316,94.4727040096778,97.0220590465104,96.92740570072024,13562118.22900677,92.44619413541145,91.46957448032636,93.90058785495503,94.45879471149078,10062995.848156312,25.184915704426817,24.76348739473961,25.766870142493023,25.698284465548383,45.76744080128313,6.739849218420045,6.448336054281356,6.7004071182680525,5.955137520490636,43.926594393349774
431,MSFT,LSTM,2022-01-01,2024-01-01,32,17.499080012613337,14.899161248562129,16.25461272424027,18.664114971464805,14003885.616691088,14.36000629717455,13.018800684763848,13.598950446125851,15.581161050964674,8219575.882885158,3.925110403389854,3.53091726320387,3.7424383341405054,4.251668184798994,27.005181584489858,2.736646098347206,1.970151211060555,2.451621935944993,2.80788217533813,25.703905521864424
432,MSFT,LSTM,2022-01-01,2024-01-01,33,38.37119721857021,36.25021350656347,36.47975024909982,36.34965491902026,13335695.28251629,36.73019106440782,34.858850148227866,34.756108298887234,34.80405296866318,9449857.366025696,10.000381621288703,9.433777877446966,9.530416867676411,9.46517207012897,41.56117857439771,3.0111796975199825,2.699198089233935,3.0188623844999247,2.8537577395686005,40.59727657864139
433,MSFT,LSTM,2022-01-01,2024-01-01,34,56.04121827776599,52.64560550799058,56.55612098179377,55.4004804613709,15250006.81498725,52.044191294837695,48.41397610586556,52.45853987424751,51.51599252333243,12997460.358325044,14.17656837092899,13.110391734142352,14.390730339905152,14.017170426843562,61.59401322430883,5.658145454591085,5.616049612440131,5.778568832665585,5.555353177353759,52.17582024598412
434,MSFT,LSTM,2022-01-01,2024-01-01,35,17.823983763710345,17.19331172722753,16.5911320476389,16.766669139953823,13621743.21617091,17.095041627364086,16.63057238753819,15.656433084711685,16.11123451065754,10117555.92701018,4.64787456671225,4.4956567218187296,4.286702915901858,4.375874571457458,46.081979657232445,1.3479547453653913,1.1672928512561296,1.481963931471412,1.2472480281070106,44.24052776637112
435,MSFT,LSTM,2022-01-01,2024-01-01,36,108.97679282923376,122.77246191468888,113.88846259884896,111.364023965639,13178399.66182825,98.7154639496066,112.52751084519365,103.58034438171018,101.46630982925493,8808688.165065149,26.928423613395115,30.498836795843232,28.45481321517625,27.64094775607864,36.11313726652588,12.639404830073133,13.377554122011,13.031117824729932,12.559198229312155,34.97580602738546
436,MSFT,LSTM,2022-01-01,2024-01-01,37,47.69957292898108,42.39018268479074,46.66486997066728,36.67061317989683,13306300.838301253,46.321116163218754,40.74736848156336,45.1320369657913,34.57537994208904,9126230.817700028,12.612320146863237,11.02805726663387,12.377292476173544,9.40400345619346,38.20724479490208,3.084242562721677,3.1732646280113936,3.227577049221033,3.3257634800094964,36.5578049735557
437,MSFT,LSTM,2022-01-01,2024-01-01,38,79.89690633542638,86.59263080218902,77.37886860257822,82.28333103637374,13614396.615117325,76.66290430549381,83.85226412557228,73.40889300527475,79.40578724758397,8524916.838147094,20.884552370479508,22.70036340726365,20.14335136640521,21.60436652609991,31.255588980514894,6.14019401086674,5.894439422487825,6.706984089891764,5.9000048299514285,29.1025999826993
438,MSFT,LSTM,2022-01-01,2024-01-01,39,33.727672136123005,26.194147454135496,34.125692762796014,39.18878671793949,14485675.319662737,32.43995745470631,24.606360048550773,32.815715599585154,38.19633549812114,11674760.708405076,8.82992850126933,6.658165906561635,8.996681950361623,10.385456108723863,54.8940637402213,2.494448031087316,2.4323049936944736,2.5407500856357377,2.377100689945236,49.26056960387525
439,MSFT,LSTM,2022-01-01,2024-01-01,40,62.32284914220649,71.65563698020277,70.10192529975569,68.43530087426974,14545601.240025532,58.61059783837317,69.4983310865308,67.35427169876107,65.6040663025271,11801732.629868984,15.966406694151106,18.81270331542171,18.478661925818983,17.84861885404329,55.54604877403276,5.774469016101467,4.754926425075115,5.318151780048642,5.320528001179008,49.48217104306657
440,MSFT,LSTM,2022-01-01,2024-01-01,41,19.74760152031255,20.608687774779284,27.23743320060668,32.85436054844269,14623768.106553406,18.18811675159392,19.506835667855142,26.18369113279753,32.13695383733918,9069409.302100888,4.947512944585779,5.276390576288971,7.176136351566502,8.736257865754373,29.56804084381133,2.080368364096407,1.7964129245255105,2.029285049941561,1.844760317162424,23.119207877009647
441,MSFT,LSTM,2022-01-01,2024-01-01,42,20.633880117301064,19.25987297853485,13.822617746117723,18.05962698758204,13315072.195480015,17.212955602180298,15.766208028215717,12.274221493990693,14.973456422501084,9429833.581187576,4.704454516177694,4.281397754913952,3.373525310297916,4.085252537419002,41.59056221076875,3.112881041398805,3.0039087741318884,1.7505783069636138,2.7584005298622283,40.86347980292685
442,MSFT,LSTM,2022-01-01,2024-01-01,43,5.64426761321247,6.589844228274522,6.046238209247923,9.07618260048701,15420864.20779695,5.12271870387501,4.903614223862403,5.58069717628004,7.6023902170373505,9770429.4851959,1.3947339801327894,1.3187603692840748,1.5332790745360052,2.057386122313034,30.42507500873976,0.6414925840856514,1.1748528127766285,0.6477809936674099,1.325189317757535,20.96941971952974
443,MSFT,LSTM,2022-01-01,2024-01-01,44,29.7230184373915,30.10238922053598,28.17876980501749,26.35639852961876,15277488.35939858,28.60693391897049,29.19663128956961,26.75460433478116,24.99678268317562,9842915.587054914,7.785302053524204,7.898521129871288,7.333298216316178,6.795562596996901,31.50047067524612,2.176071706636504,1.980462678168771,2.4020337303837387,2.2675210579203524,20.46823446279235
444,MSFT,LSTM,2022-01-01,2024-01-01,45,41.79541459043352,30.69254108594792,32.54499292552695,34.039255875991465,18204080.15528124,36.69889155830308,25.412350873479024,27.23554427184536,28.679651192903453,13308117.877380451,10.01723663785729,6.8973097837863495,7.48997718628071,7.821034599169216,43.18273427242615,5.4710726203882345,4.673731907792023,4.894429481041826,5.004506335440068,16.101800212693753
445,MSFT,LSTM,2022-01-01,2024-01-01,46,53.6151252739135,56.67564801838203,60.70227457617888,69.07623111199023,15880678.965733755,44.25886226135625,47.76259470175384,52.22485376169024,60.19671825398423,10230023.222126445,12.081093461232614,12.954883064583608,14.348993748332289,16.40271275595994,32.62119524641843,8.25430877483266,8.282787476460122,8.487335261668907,9.244423079449456,22.875930625991884
446,MSFT,LSTM,2022-01-01,2024-01-01,47,24.09798934753503,25.26354162255545,23.33046848884526,19.542701259392285,13350221.764459534,23.16382174590801,24.561550466540645,22.26598223778446,18.494300606550443,8481992.755106738,6.3021104268289605,6.643415218328781,6.101342063513555,5.025850809185699,32.2587057291528,1.7867891274135146,1.5935259015115464,1.8860831020098427,1.7097097023773538,30.67554025103662
447,MSFT,LSTM,2022-01-01,2024-01-01,48,40.53733242870439,37.89624914516492,38.41471069353126,39.30050650871742,13726585.492129715,39.12715628746336,36.60128451870157,36.88230622130483,37.96362314729684,10310506.749438047,10.652826348777609,9.904815661883209,10.113771674987634,10.32395886686784,47.30069041588475,2.8718653965013115,2.66469454207556,2.923891888469831,2.764786944414289,45.12722957786668
448,MSFT,LSTM,2022-01-01,2024-01-01,49,77.3649055732763,100.7440815215909,89.16339485117271,80.52258563727393,29825811.574776176,65.63883616443592,88.51696415487086,77.40004596905007,68.54925708243687,26682129.59877452,17.911758621316007,23.99800889076388,21.26306871892398,18.68219398585379,102.80451118573318,11.175799573526213,13.073363588742176,12.14437645053622,11.523685152712163,33.26129143321127
449,MSFT,LSTM,2022-01-01,2024-01-01,50,66.03458368835388,63.09103128393856,65.2779680583757,65.12627852650013,13599906.68631254,62.217653769405054,59.39255597425221,61.65728095952248,61.6833474159408,9901270.113883369,16.948163625449038,16.081067589676636,16.914589106906703,16.782452310244118,44.58124558059618,6.0258244497432445,5.785916498314186,5.861008661139127,5.700016856363321,43.264054139065344
450,MSFT,LSTM,2022-09-01,2024-09-01,1,56.17742708645623,55.47234063448546,58.4800524564804,58.99519620641859,7561577.876369962,53.53046646124476,52.90301480814678,56.23126554015145,56.75558449678762,5345935.376338164,13.078901199294412,12.816852792580605,13.88051316391103,13.887781169015089,22.78903421140739,4.374520864075628,4.215634853242962,4.175453676395517,4.139436131747099,16.030455442702184
451,MSFT,LSTM,2022-09-01,2024-09-01,2,17.38795249503482,15.853661235718898,18.58106271261227,18.01339869161006,13017796.800686128,13.42774581654404,12.509021644684454,14.86936400305706,14.334725429083743,11820557.630836966,3.31379611803886,3.054264773827776,3.7044050762816942,3.5387903073175604,66.95497705713981,2.82377955000356,2.440169039113108,2.8677482989254948,2.766058046590833,42.760570656964205
452,MSFT,LSTM,2022-09-01,2024-09-01,3,42.42218275883949,54.98837899196664,48.214046515644746,53.851745863797206,10404424.515736014,39.7202799288197,52.92013159662493,45.98903478762406,52.0555519331849,9336999.87384061,9.724670496785578,12.81643076139428,11.366447082241264,12.738553124834832,52.32341254349436,3.813551492870896,3.8268547602335374,3.765305974801444,3.597227453685721,34.8422811860393
453,MSFT,LSTM,2022-09-01,2024-09-01,4,56.44222576663751,56.10395134916418,51.68881516289488,63.33388456026236,9225663.542562127,53.7646363292326,53.59558860123688,49.20206405081122,61.30015031567576,6385987.0029775305,13.135832005232364,12.982867215190316,12.15654747134836,14.991577727025572,24.095325223391484,4.405603957577063,4.196109593468397,4.08470124552495,4.121395644306658,16.646056305318822
454,MSFT,LSTM,2022-09-01,2024-09-01,5,72.50831075010908,70.13185730881132,69.31663514508328,71.68215979200356,9377417.15378885,67.4141341473715,65.26545827021046,63.95011368486768,66.78306376773115,6531728.19886744,16.346976698729005,15.721693461422806,15.673952388209308,16.23595829676378,26.32728778726577,6.476675617998929,6.2038463447627175,6.530639045998033,6.314137368721464,19.075761866972723
455,MSFT,LSTM,2022-09-01,2024-09-01,6,44.1340861257927,35.815695846764086,29.2502563344639,31.655892569899898,8307315.033637872,40.26223137558465,31.21480972498365,23.16881356535212,25.716111134374305,6885530.721159776,9.733715422877314,7.4990228911201635,5.664490880942833,6.233660619139178,33.496416434230255,4.372311825250009,4.2267003629468975,4.358415534310091,4.473782658347612,20.89615559536483
456,MSFT,LSTM,2022-09-01,2024-09-01,7,14.275994154428336,13.78891619072309,15.081907230334878,15.432502337380573,7973093.944982261,11.903270738852218,11.565358290906511,12.707764913169097,12.716488891736386,6175738.959917426,2.9015294760352366,2.785843063420248,3.120216858427088,3.0900003719185176,28.35988747986351,1.948060000542528,1.806407110452835,2.003355683676312,2.1165717015901304,17.947719511842962
457,MSFT,LSTM,2022-09-01,2024-09-01,8,13.28997824913318,12.840831835740891,13.445031668573568,15.00372705450986,10203214.94352199,11.31815043403803,10.924624012869744,11.86210086110188,12.494534804128598,7061101.709996064,2.7721279235146605,2.636835681760737,2.9351426956251245,3.036573356625917,26.361092882392352,1.7626889102013317,1.6328056754249642,1.636269237259144,2.012133609173651,18.90900885151267
458,MSFT,LSTM,2022-09-01,2024-09-01,9,14.704371098770329,12.819066505300794,15.08285958787683,14.198747100753636,7902683.203351773,10.276450092803888,9.576432412211307,10.961626816460528,10.449796916121196,6128782.024196982,2.545431703837828,2.339533770708877,2.7362749569189857,2.5827302296369434,28.23655246913289,2.6806271029512416,2.1366137826722653,2.6608461311139964,2.436269830366036,17.896160642729676
459,MSFT,LSTM,2022-09-01,2024-09-01,10,51.587070374469626,49.10986342576424,47.3639553569606,43.99579574036572,10735519.071277106,49.87347721444447,47.399509196469175,45.65887559485606,42.2270284744327,9639365.51453233,12.17867090421183,11.479560552197537,11.278832576952816,10.344096947988964,54.121352055898086,3.5012548480298973,3.323756757178564,3.344685800865164,3.2180027681808188,35.95625585826331
460,MSFT,LSTM,2022-09-01,2024-09-01,11,18.5607371487259,19.014710781374426,24.10516466133257,23.41558356009549,7768788.358813826,15.248805288906082,16.491797748677172,21.612582200312083,21.068363870440287,5703275.69054246,3.762613230262144,4.019169076963942,5.364887848366365,5.180986297202407,25.076241340600973,2.719278620800448,2.392806489102165,2.789982641000136,2.6357282935667343,16.57270680690612
461,MSFT,LSTM,2022-09-01,2024-09-01,12,18.78980448656496,21.32064613270076,15.365252446055232,17.510939556356643,9533579.327136984,15.3025665609406,17.93472549631139,13.62414476655065,14.071562884741478,6473389.075270395,3.704788505089639,4.29522729456042,3.3614258722667776,3.421411392673793,24.81291781302329,2.6469016238093857,2.764515589541168,1.7905551962655883,2.5249508993769423,18.383362964482345
462,MSFT,LSTM,2022-09-01,2024-09-01,13,12.789702492894476,21.69183880038043,18.21631433552349,10.176625281971836,10400371.173792774,9.054428350421327,19.64677553883693,15.11407428466899,7.478188326162304,7322481.440279086,2.2430378120311194,4.77563251140457,3.763210360642657,1.8403524751276537,27.44725068746133,2.316544855359256,2.3450369354753584,2.6308427299453303,1.74506906990805,18.89902773025477
463,MSFT,LSTM,2022-09-01,2024-09-01,14,33.20851562815159,22.49652295871503,28.83396414188879,20.61894713729143,10725892.15351266,31.478439893017967,20.32708543155388,26.91086776584052,18.450777636767405,7785961.280674239,7.703020754225484,4.949025265084909,6.668077605392115,4.543232275812373,29.60615297261836,2.810579126961879,2.445362245118043,2.733717690802001,2.377765180244225,18.67111133757044
464,MSFT,LSTM,2022-09-01,2024-09-01,15,54.19302073479411,51.02064988204206,47.01700046465753,47.90411949898677,8901305.956251536,52.06837968503331,48.89047762800596,44.82390866618661,45.857127046579805,6094236.198995511,12.717433378195778,11.844652396578066,11.079138507351844,11.23098041054933,23.182451456550268,3.916486577062534,3.720008060777081,3.691502486219573,3.57117193362874,16.24771845950432
465,MSFT,LSTM,2022-09-01,2024-09-01,16,14.28945226598029,9.837322412737413,12.880777741875466,12.435721628948873,9722372.357385596,10.080769487762655,7.603826104083468,9.41822053877932,9.15992681597218,6590207.190992932,2.4981404484009087,1.850894509491936,2.3492531257382634,2.262741674985264,24.589988808424632,2.5851746175563832,1.5655489623999332,2.2684470613184624,2.140926457843069,18.47261522622279
466,MSFT,LSTM,2022-09-01,2024-09-01,17,15.03064246536019,14.29530947643774,15.823761071707397,14.362454977520471,8545932.133811574,12.400974175941055,11.870396525174783,13.12473027438735,12.44672213416504,5917761.847853462,3.020594214301457,2.861080915617925,3.221400060603906,3.038324803005395,23.86009546737877,2.089092528063304,1.917475634199204,2.1741416532921973,1.757169423206583,16.516185890131617
467,MSFT,LSTM,2022-09-01,2024-09-01,18,23.38895330229925,17.657894224005528,21.608687278869,18.10608189483685,7628616.370695432,20.86648927950916,15.090699353019843,18.92928351016472,15.27655769400463,5947213.7393039465,5.124384234798174,3.680493980554053,4.704921305521572,3.769278488174254,27.623495582408136,2.749216156034235,2.3164506874641786,2.713571961120497,2.4870941961973005,17.41094778257209
468,MSFT,LSTM,2022-09-01,2024-09-01,19,67.88494629387222,74.87560017529822,73.42260947883887,62.997795013381335,17399421.588063154,65.0209656937518,72.1296095308889,70.95103862868837,60.25842178338692,15855029.470653135,15.87508746497724,17.454977198862963,17.50096568840448,14.747131358250057,70.81486309530779,5.005992067174574,5.097875660714528,4.907925150941924,4.6787921090632105,10.54639106218353
469,MSFT,LSTM,2022-09-01,2024-09-01,20,35.97798185483739,30.50833840520118,25.70562576162768,28.36519803758808,12066405.349059977,34.26224054577016,28.903584303151185,23.395801183368963,26.396735263413262,10898420.5840083,8.379263210457898,7.010843494382465,5.806856616894511,6.482458269615432,61.6785581459373,2.927902524443712,2.529331830303752,2.789239351154396,2.7002524513043515,40.12740313404416
470,MSFT,LSTM,2022-09-01,2024-09-01,21,45.82238453826392,46.89693756595084,47.03954364613187,53.63404775013134,8271624.187520362,43.613778170783775,44.91613401856425,45.10463332676189,52.02899662489857,7195362.752820849,10.66541673471083,10.885082063478682,11.146102588030478,12.729644004484852,38.06841060961508,3.6533771051768658,3.452122770156013,3.510310945572813,3.4273082621123345,25.41338710369202
471,MSFT,LSTM,2022-09-01,2024-09-01,22,73.86443638700361,56.61016595101636,49.02845084336248,47.78108078742256,12378834.191721167,71.80532040940713,54.058190646745565,46.45578555500007,45.10077302243599,10023424.297241172,17.509736174839045,13.095051738548072,11.482459330316557,11.052437846639052,40.96593792320401,4.546849948959438,4.248610642685717,4.03031128555051,3.9995648999828255,16.40015715321279
472,MSFT,LSTM,2022-09-01,2024-09-01,23,107.4546135722678,100.39078343579628,101.51343454934847,103.17970984439864,8410756.203049254,102.07087674489442,94.35303702726618,95.28659595265512,96.9678166765981,7213963.380220532,24.77473118515856,22.7466317791952,23.38111580085375,23.60268256014364,36.07346711183092,8.184091982568379,8.318552301423383,8.571890276522588,8.57836342298198,22.1036943192335
473,MSFT,LSTM,2022-09-01,2024-09-01,24,14.045851073031006,13.050482362582546,15.681413712252027,14.205322122261189,7836537.661484017,11.852281670717272,10.9558760418399,13.096042125921963,12.394752691730664,5800820.2477703495,2.896381532702291,2.651673147157573,3.212672508724389,3.026571708622733,25.68181541305768,1.8810303576356624,1.7216152294005374,2.121915460140232,1.7061692925447145,16.85263717999876
474,MSFT,LSTM,2022-09-01,2024-09-01,25,29.0152678290492,27.43812623194312,32.125270835243946,26.62905798859501,8496680.229805673,23.71443059882608,21.64816024571684,27.20716301500908,20.56025093019231,7387435.034509103,5.73855651538239,5.201716034384258,6.643946657921582,4.9900199886946295,38.18597670242342,4.045982082760946,4.055735550703032,4.162942046494597,4.099763680294672,24.45739915278809
475,MSFT,LSTM,2022-09-01,2024-09-01,26,28.35394461703444,21.602744076377626,25.25688367473532,22.22592321966335,9951566.446131667,24.12854693447816,16.512347519013023,20.15643507608969,17.502325239004467,6810162.714801828,5.828185895211108,3.969475035849631,4.9211848165297365,4.247397380053398,25.809737015475616,3.599600842510158,3.3493960185449985,3.7143075273759583,3.3161343327667616,18.75097893098141
476,MSFT,LSTM,2022-09-01,2024-09-01,27,43.40124792534801,45.54494872111652,43.269013229210906,46.80942856771321,8370472.391316069,41.22525532766989,43.57508920633465,41.28271699109762,44.98595551411584,5754001.819802324,10.082676065273407,10.560054676325676,10.205751212627964,11.015987333877,22.67507209102602,3.522335152707811,3.385658084745097,3.390630673651519,3.361316311314437,15.384236284387468
477,MSFT,LSTM,2022-09-01,2024-09-01,28,81.06980788804123,83.32787284016665,81.8518927078678,91.8245324872799,11474683.105366375,77.04818139760043,79.45786784579613,78.17364025781339,88.57170053122167,9069277.344546914,18.80452699679403,19.230865315107,19.28123123898924,21.64232211607676,36.57538660878445,6.361270993777644,6.273275738594301,6.167879405104862,6.147349230929147,16.348765589344318
478,MSFT,LSTM,2022-09-01,2024-09-01,29,56.86844475278599,56.011019776744114,48.817264923158646,56.63223181871132,8486395.836811036,52.16673159233038,51.80010815231632,42.08137661685191,52.14419508357731,6613413.927934368,12.636085962888826,12.46569401628013,10.302275780314416,12.665280642364388,30.55947659168251,5.4848682597696135,5.137488540187865,6.045733172180607,5.347453970444263,20.263680098519448
479,MSFT,LSTM,2022-09-01,2024-09-01,30,14.095851773938383,11.3201230267231,11.89931509239757,14.714154995415551,12908450.617957847,10.0413971529845,9.919624551834792,10.35733052918808,10.872152423335868,10208181.62666646,2.4841257060724526,2.3852340213744982,2.5489730758731275,2.686563339694564,41.01775546158253,2.525084096530616,1.308178113798805,1.4788774945402368,2.510713020278754,18.462634481585187
480,MSFT,LSTM,2022-09-01,2024-09-01,31,23.53158560297684,22.373316367081365,32.472807934293314,28.038652616905186,9307621.998799536,20.91038688767033,20.22418569117244,30.72290786184369,26.113848806595765,6317029.996337692,5.142990239202136,4.923953594497578,7.604474822160451,6.414721883006819,23.650681293156715,2.7862575083888785,2.427537694321994,2.795283312894737,2.6499651173992023,17.409721151037992
481,MSFT,LSTM,2022-09-01,2024-09-01,32,99.85723724896962,100.50212066667812,97.30053951910176,102.6225051106281,8024350.915671851,95.87950830026766,96.24487588718524,93.64348419066958,98.91808418686838,6929293.51003031,23.379026354925,23.2831588374346,23.08163865728684,24.168823101700383,36.81469031365526,7.077777989961237,7.24264520393902,6.746330975173759,6.91609192417242,25.20943675382254
482,MSFT,LSTM,2022-09-01,2024-09-01,33,15.440042962184984,14.926697011365471,17.021595218729008,15.94492435332644,9919295.415811785,12.69585165617236,12.278940887720683,13.87521354354819,13.047146099924689,6749182.522132297,3.088802631563373,2.956819214718195,3.396593020008391,3.173479195267127,25.193640257602183,2.154523120659245,2.040685080414108,2.4121171602058022,2.222314338865553,18.81813832954738
483,MSFT,LSTM,2022-09-01,2024-09-01,34,13.2799107613413,14.621769609520106,13.483345424486888,13.25825138135967,8475335.953061301,11.253178587880535,12.15920273220356,11.847806771705091,11.83963056907254,5888888.210936785,2.7576704086853048,2.9223922602334924,2.9232357744033624,2.898656634333808,23.902287578163147,1.7827080181013248,1.947654052775067,1.6334812311557714,1.499990501634282,16.458608067427168
484,MSFT,LSTM,2022-09-01,2024-09-01,35,18.56915100113923,23.32320530224208,27.53153403900932,29.342423342186155,8562117.81728815,14.724512358891484,19.593228411230445,23.9019648193394,25.58249736313751,6029571.4122571545,3.573768787079068,4.697879017800611,5.8315455631051805,6.189058428803432,24.942651750292548,2.748253642431054,3.037650038738467,3.316480254726726,3.4705025707140456,17.201708987282917
485,MSFT,LSTM,2022-09-01,2024-09-01,36,28.614063729738948,26.530187318186456,27.30299504315709,25.43531603028656,8653220.1957107,23.01006445821186,20.224183635289503,21.02980214780971,19.56720368220397,6146779.3876640005,5.569422539064151,4.861750588104695,5.144358543505567,4.7501069260859445,25.75049581736853,4.118615747880556,4.131689868930978,4.256273399493726,3.93838399451787,17.99855258580829
486,MSFT,LSTM,2022-09-01,2024-09-01,37,32.04273062187986,30.55384801206677,31.69772811559012,27.23054358256861,13236594.074594488,29.306640735901464,27.643244128199346,28.74762163334311,23.613553024364425,10288456.87201244,7.073221143795211,6.632724771494755,7.014158728591608,5.71151327095544,41.02357001173449,3.11546645733954,3.1215233637013435,3.2335856637492526,3.273074358680557,20.790895351649723
487,MSFT,LSTM,2022-09-01,2024-09-01,38,86.24402604923323,98.30572634260103,95.10129161615518,87.17586799839303,8189676.0075324625,82.32211150434814,94.14203891630258,91.55776931658669,83.4482350269888,5661645.510466893,20.087091543521744,22.77807780935825,22.570205193480408,20.40294372520973,22.21550555856053,6.507789846465702,7.090332613388855,6.576381595554848,6.362090347123302,15.060957923382496
488,MSFT,LSTM,2022-09-01,2024-09-01,39,29.94380961893143,37.85723854525092,37.69627485365518,40.5494549507948,9526944.491383549,23.925544134679665,33.21661784194283,32.266165347319735,36.1232111208141,8571380.786753297,5.797049497166053,7.984029278109111,7.887513912947562,8.75789016963813,46.48146087865819,4.356017233213424,4.371309704015284,4.7550315303125466,4.4556595824653655,30.109257743019413
489,MSFT,LSTM,2022-09-01,2024-09-01,40,16.27080130527787,16.204205209901716,15.352417499391608,13.423674414406388,10196037.693859857,12.22794302698545,12.954950917791724,11.469900404529628,9.964073353851171,9170384.585798385,3.023196273483804,3.1609632144868045,2.862560044909251,2.4619600536032173,50.97314996058652,2.7416945786386115,2.438432032719282,2.625574536559148,2.2868744191275305,33.69220802742117
490,MSFT,LSTM,2022-09-01,2024-09-01,41,62.11055338571727,52.58800302867712,62.85285016918108,59.69681119354651,7478198.253511398,59.92799415165343,50.06094419502508,60.91249049035618,57.607537630762245,5541614.057579637,14.628202541382684,12.132545440069048,15.029003383351938,14.096166345962256,24.822491452441664,4.257175356334453,4.071694427137875,4.083992118211458,4.052451625038065,16.723560159802535
491,MSFT,LSTM,2022-09-01,2024-09-01,42,11.553906845731683,12.483387111046762,15.54665286996291,12.07811231311072,7787366.402434076,9.777616579929791,9.42925088448774,11.424104296156523,9.896828440634268,6379082.050135533,2.396747948227691,2.3007358782993115,2.8478308712816487,2.4360571714145696,31.12927395858932,1.584368533915943,2.050422369722531,2.7020418250429805,1.77228385732991,19.68295766364726
492,MSFT,LSTM,2022-09-01,2024-09-01,43,29.217215036312904,21.97078281299156,26.020410621967425,21.47891864134951,10718468.47556994,25.926274954593087,17.85029078459642,21.539861279877133,17.2561358316757,7477055.654258232,6.257233081031463,4.280914735056912,5.257177137805298,4.182482403280626,28.07590946943936,3.2457889095423207,3.0773042638761217,3.555681450225335,3.093448397587994,19.94090045071316
493,MSFT,LSTM,2022-09-01,2024-09-01,44,18.910849321239144,23.365515577054133,19.53064710352136,27.495785387054813,10650780.27428572,15.920799844078129,21.319116511253632,17.027888098492102,25.621530993917705,7647052.121382008,3.926581698970389,5.18600594431043,4.235473716768399,6.291451432580941,28.90869804411625,2.6275817674061086,2.4351920076705893,2.4988663461383345,2.599788891589036,18.85757187096875
494,MSFT,LSTM,2022-09-01,2024-09-01,45,23.95804079396588,25.06928587858679,23.473668560672493,25.15204720369019,7811712.691069674,18.896513318680903,19.928759434734747,18.269875973659385,19.745379130409223,6523699.127929807,4.577247166874334,4.7850922115923336,4.472686030883147,4.788424344131135,32.65797783472364,3.5688589960539643,3.6574338174523615,3.602157820610484,3.773095647564299,21.04920796834952
495,MSFT,LSTM,2022-09-01,2024-09-01,46,52.172731566884615,30.76020596402141,27.07331985730077,16.176139525101867,19119435.76950052,50.65201018578114,28.35906355005242,24.990166445275847,14.019719925408625,17655023.118692886,12.36269978864556,6.893733790421051,6.1953636765393965,3.442299217950961,79.61263818091136,3.347581001415388,2.9954033119981185,2.716083012605296,2.0446711602505863,6.141626175374891
496,MSFT,LSTM,2022-09-01,2024-09-01,47,36.47511629424319,31.79366344327898,36.93075589935714,36.666533697989536,7606321.8226160975,34.57239067499601,29.892318240295992,35.21726432889627,35.06240680172138,5686186.979365349,8.461270892002531,7.258189465942279,8.711220357562043,8.594433293097012,25.565738386205243,3.058356797716556,2.7656490407683787,2.9530490449243265,2.8161417473667893,16.856570397551078
497,MSFT,LSTM,2022-09-01,2024-09-01,48,18.28122808593842,13.50467348306467,16.280344178090044,15.030277135115243,8696087.385578891,15.033324154025271,11.305171725769098,13.560380905626632,12.922081767206755,5944243.65581274,3.638099564725223,2.735594401078373,3.3289685879611466,3.1530800768169684,23.38320278026881,2.5252580991829165,1.7900862173762804,2.216723371988641,1.8766775422125563,16.473833662568385
498,MSFT,LSTM,2022-09-01,2024-09-01,49,11.770302327575038,10.861565700924949,13.574858478991125,12.89110117451971,11049569.266726715,9.158455637186616,8.451558845937003,10.1499754465798,9.770835895843256,7958043.612443109,2.2591131765148,2.0604866215771644,2.5309913594539,2.411408318515357,30.14427387283897,1.9098242355005848,1.7150119485210118,2.325255134134449,2.1404178763563544,19.65310802955661
499,MSFT,LSTM,2022-09-01,2024-09-01,50,83.59376266532365,83.49279472801788,86.08924568647213,84.47488613406507,10197495.288270554,78.91790406648828,79.11751231940376,82.10456009335257,80.51558899461722,7569186.800434589,19.26234541085466,19.152388773202585,20.247233585398003,19.68538921372852,29.37893042739388,6.906393013011314,6.632452824071139,6.5609161437677335,6.417069365233068,17.006818395103036
500,MSFT,LSTM,2023-05-01,2025-05-01,1,15.051335484457736,9.74712515773437,14.976784155101106,14.823100906367486,10848546.899647562,11.128309392463242,7.677739028649808,11.217051408054022,10.351139800868278,8883772.795814773,3.039081076119415,2.0392645175385464,3.106952828098937,2.828266863119896,35.044561742222854,2.877506062863291,1.65517553837691,2.8702792818745464,2.987144482611772,17.585265370237625
501,MSFT,LSTM,2023-05-01,2025-05-01,2,16.98733435074993,17.92394883093161,21.550460412794862,17.228259980784816,12411952.77722957,13.499348744014275,14.48894724449318,17.373999409554997,13.222769854697528,7904858.339701493,3.665402212124122,3.8475575290637374,4.791695664203684,3.5896998452575275,24.04914264167084,2.933075767406889,2.88913878164993,3.67269404294182,3.124068566619504,20.001711347008253
502,MSFT,LSTM,2023-05-01,2025-05-01,3,43.13085651833805,39.04962976782641,40.40816854869145,35.31538588249485,10954325.082603008,38.60008983096056,34.871690749322966,35.27705799852015,30.112692905386982,8424538.520346582,10.37330891218895,9.189738999930006,9.641825281575729,8.087619669461429,31.58033219220072,5.375261290087626,4.765271363176143,5.580007643869991,5.123708621209859,17.434187488865717
503,MSFT,LSTM,2023-05-01,2025-05-01,4,38.05367942717899,32.44506060502919,38.49231926427326,33.702461707227826,10968519.726243695,33.780523242469386,28.567461254176845,33.871444136618656,29.06536434164668,8349047.902662654,9.090891731200216,7.538882760288744,9.26154339820599,7.808894822082266,31.085567236333144,4.916520085691908,4.184078721944313,5.217297339059573,4.771545236740479,17.66339847977008
504,MSFT,LSTM,2023-05-01,2025-05-01,5,19.989670919273248,16.63387708283237,22.430237260196527,17.110394391367404,11311389.825010857,16.042385636010927,13.230550880088904,18.09595145089534,12.784553056432468,7889078.673669994,4.358884872884748,3.518594424500068,4.993590347779107,3.478067402735616,27.226847446343854,3.3840880604277936,2.7630461323364326,3.816307477061332,3.208981009110551,18.496081516564225
505,MSFT,LSTM,2023-05-01,2025-05-01,6,11.659314916883227,8.954140899120693,13.467597306260709,12.839551252703703,12226210.2794619,9.5042219068544,7.762499051749932,10.394054586915724,11.371387555914389,7794582.479231358,2.548328023685508,2.0377995952834893,2.8660010198933232,3.002907232664918,23.96566207842356,1.895351351764904,1.2027540742586476,2.4857797600543665,1.5847377590075782,19.837450841671423
506,MSFT,LSTM,2023-05-01,2025-05-01,7,14.734087686643392,11.031227930798789,17.083925100279405,15.28167557707531,12296322.52526114,10.84799884076792,8.065651271183322,12.748872867356734,10.67796104176817,7832592.708948155,2.9603139911776664,2.152861944869675,3.536063959237432,2.917659709528271,23.97678235105648,2.82716179281038,2.063804485433638,3.2744520373276327,3.075040901473084,19.92197184478113
507,MSFT,LSTM,2023-05-01,2025-05-01,8,33.04621762308835,29.93649656450686,28.5069800304164,27.51046334903111,11477476.371945506,29.008847479245933,26.59584797148305,23.866346308541647,22.94782196266731,7771950.525696576,7.819971201840239,7.021125957165269,6.556411042423808,6.185808049572454,26.042483851481208,4.461310071077293,3.762325259764173,4.458013246565846,4.258212575321235,18.94427428484911
508,MSFT,LSTM,2023-05-01,2025-05-01,9,27.787948080633896,24.43471877633745,28.72154960199484,26.53579072217459,12293216.061596513,23.558140073496475,20.67562388217677,24.196476798680283,22.06670245064553,7843578.651694357,6.368712364042593,5.472786226078222,6.646914988478285,5.951925679186352,24.04760690195532,4.151589883982335,3.55048385908332,4.434059927537713,4.142924354195298,19.906854159205288
509,MSFT,LSTM,2023-05-01,2025-05-01,10,16.945463560374844,11.12714858722368,17.870401538398603,16.11712489034711,11985517.236975942,12.759165105198267,8.06267620843787,13.395338915719076,11.388178215693952,11155222.279055713,3.482937785624012,2.1535431380160523,3.716952106458528,3.1110026422765262,51.97683724170854,3.159027473056156,2.101168516133324,3.4042873831195046,3.206573211860354,28.624796649977352
510,MSFT,LSTM,2023-05-01,2025-05-01,11,18.50406977549048,21.36552070203314,18.73291337344946,20.8176961252447,12212273.752202293,15.509650654791908,18.69471209054634,15.7550326380761,17.860583994448174,7764632.285295923,4.068757147724377,4.837459550596256,4.184725403091668,4.661572770674889,23.84298213322122,2.585073416730632,2.6184507987454864,2.619125224798008,2.709251091482961,19.906864496519567
511,MSFT,LSTM,2023-05-01,2025-05-01,12,47.18549280881054,50.17212069292737,49.7768825751297,55.17366661641275,12560447.492216729,41.00102411063654,44.39980172425785,43.5563305448852,49.3142900353429,8203744.028275907,11.017864850020292,11.688189833371384,11.880456732811933,13.179454750894145,25.348524891028628,6.423200107515134,6.271341562635686,6.748525920370548,6.818834310340131,19.613614524752748
512,MSFT,LSTM,2023-05-01,2025-05-01,13,20.166144447723084,14.739715360419304,23.17267793335993,17.227215610943347,11150762.49197142,16.243005028072425,11.442486819711569,18.8449105486981,12.919318327625934,8098506.959238052,4.412742739672567,3.047115140892193,5.197347679182906,3.5142225221476524,28.936276837621623,3.392576319958657,2.549631611932271,3.883543138398494,3.216706683024843,17.892950259926838
513,MSFT,LSTM,2023-05-01,2025-05-01,14,24.49830631869261,23.47460823488198,29.34144138769264,27.67265675497764,11077177.051220763,20.47635150409973,19.965532479989147,24.949114898675028,23.409239027229383,8198392.058283885,5.542192210382166,5.2849702328728725,6.849419715512852,6.306885319764602,29.793841389396487,3.800490966743199,3.3743663625311227,4.428613001545053,4.154667022693456,17.80312481842945
514,MSFT,LSTM,2023-05-01,2025-05-01,15,11.66124121328243,8.997077611161512,12.90952361854183,11.774590139533188,11534778.973058015,9.458745931814589,7.848657337220621,10.341019232832592,9.792301965529244,7748529.395468731,2.5392500152869304,2.060965139100324,2.8369053740609447,2.623592306026709,25.74839522333586,1.9204081130646693,1.1894173160933952,2.243542298145617,1.8401354928493163,18.98645416409781
515,MSFT,LSTM,2023-05-01,2025-05-01,16,47.29977117861081,44.60671488521084,50.836460524084806,45.44389487505551,12928312.288772656,42.25951849874618,40.11348408369201,45.6948464923049,40.42670015926565,8472891.049416462,11.352122343295331,10.5645580676286,12.457176357683334,10.824134569264745,25.9032615444666,5.910265342218716,5.28228512195361,6.31744158220864,5.775332998043177,19.733246722714465
516,MSFT,LSTM,2023-05-01,2025-05-01,17,17.168574682256263,14.738395197183056,18.24492759261673,20.15453343266359,10841504.598231092,13.1068584831758,11.34753655188099,14.146855559754792,15.82492201540692,8828986.08212004,3.5711093081241345,3.0234966743366627,3.9141245203178334,4.292932294263472,34.67509776512269,3.1416951306689875,2.5779988302369388,3.325842603273653,3.523583075049397,17.543903771308457
517,MSFT,LSTM,2023-05-01,2025-05-01,18,36.31343725596295,33.144160542727725,36.3214744154043,36.34046932089012,12616963.90933768,31.73380899184001,29.26259586043561,31.41558111902651,31.845934818686555,8104124.046803117,8.54820612696788,7.721611881556827,8.600410671935608,8.547473207388263,24.613467573901183,4.9377350514533,4.235309518452417,5.1851701801548415,4.907057969093724,19.892282769799603
518,MSFT,LSTM,2023-05-01,2025-05-01,19,42.91949082518942,43.35370366216046,49.36863042669776,38.67109581620441,11418530.975019166,38.26083928908188,39.40797717812887,44.866717059468535,33.68296596693767,7835505.917110145,10.28714632069804,10.37858683228744,12.230403886491334,9.03715619799779,26.60340661171748,5.435819122258642,4.916339750894879,5.889451532315996,5.294179466710268,18.776218692535085
519,MSFT,LSTM,2023-05-01,2025-05-01,20,25.27193466291385,21.96312617923165,33.71969344464466,26.052093359452165,12648182.917637214,21.037907639794845,18.254850551701097,29.30546016202969,21.52155378689984,8169308.581191798,5.686913196678216,4.832537514836019,8.024197882966316,5.801501346158315,24.885720703110493,3.932888117168624,3.328627927871196,4.766093228181587,4.113419736504633,19.765779172515103
520,MSFT,LSTM,2023-05-01,2025-05-01,21,18.758519529446023,12.169514491981822,15.866005433428429,16.711776497626868,12109128.060682671,14.679958832950266,8.622981542766949,11.592125937826394,11.97038084054224,11281859.736266533,3.9989734671646313,2.3073427066896697,3.218036111444174,3.267681340436377,52.83568564418676,3.3121082788286564,2.346111010919377,3.118559763988212,3.2790567226867484,29.330186595401344
521,MSFT,LSTM,2023-05-01,2025-05-01,22,37.511986622677554,36.24192786138702,41.54879816471065,40.08808759975594,11567652.5861197,32.741112371932246,32.17950950641469,36.91258057259009,35.60396430612532,7738909.8958524065,8.817048881486333,8.485685036498122,10.083318729603546,9.54293935076484,25.60446657067913,5.108244000964217,4.52796486546129,5.441266275148501,5.15870585135043,19.26790418741476
522,MSFT,LSTM,2023-05-01,2025-05-01,23,74.430651766347,73.02409980045564,74.83550530417058,74.47201634409018,13379743.242406378,69.00310734802224,67.77850401397856,69.03675869477829,69.22677947633424,8840478.61480405,18.476454712166888,17.81236831546521,18.76665972320649,18.466240228285123,26.86741744094351,7.7671284951207635,7.342628128011083,8.173349804445504,7.644813437370604,20.251620524984062
523,MSFT,LSTM,2023-05-01,2025-05-01,24,26.59210324180016,24.35564929709093,27.955095596342783,24.00242775631325,11364469.35242926,22.553449318480723,20.90289699011538,23.57089447820251,19.610244784164912,7850207.145707707,6.098510953259958,5.530134906127049,6.474861347113812,5.296005746282324,26.8734879558758,3.9748894896349327,3.417851708086105,4.309665425871787,3.893719041022466,19.187992458728623
524,MSFT,LSTM,2023-05-01,2025-05-01,25,11.753886249707934,9.088652602391178,12.787525137381532,11.922711183179205,12589256.00221684,9.61184911122877,7.636192817426898,10.33241475893534,10.421459740954727,7991136.771924098,2.580709109968637,2.017941435970789,2.8303884451303887,2.7759264068539062,24.064947689641865,1.909857082649813,1.3590537037941708,2.184499358995007,1.6132049289840626,20.17320916634934
525,MSFT,LSTM,2023-05-01,2025-05-01,26,51.11505036595752,42.463764646866,53.64986504054684,50.8168916037393,12890666.866260186,46.1635550348533,37.69512313756245,48.72762434243793,45.89669495904241,8341525.899159809,12.391366122479438,9.932506392189596,13.275073830258,12.27470806827286,25.21280864929257,6.1131720037713455,5.281835318430005,6.384566675304972,6.076017483596775,19.899818533961422
526,MSFT,LSTM,2023-05-01,2025-05-01,27,22.85712109241298,31.108539225315354,24.2227745848566,27.153127519392,10911164.988775926,18.785575369890044,28.418925702563147,20.31364797714607,23.2618593670425,8932113.59274298,4.931153380906773,7.384182240552008,5.392735546646662,6.072945462854897,35.10262355127859,3.3438615958704605,3.1880349613989423,3.4155179669191607,3.571094140383055,17.280870653931864
527,MSFT,LSTM,2023-05-01,2025-05-01,28,43.153711688054,39.00456844605869,45.646764181584594,40.62819966660093,15268975.059963878,38.16657992508468,34.20165875627261,40.60594015037975,35.567018885451446,10934422.38302062,10.26142227693386,9.016485186982838,11.080909944185295,9.533652971442264,34.93385398989151,5.601868247667119,5.061123096813489,5.912667820305108,5.457931938753763,21.0720371063944
528,MSFT,LSTM,2023-05-01,2025-05-01,29,12.05595240473824,9.333380699719651,13.850567500191833,11.983492451585573,11237379.278857984,9.483245150296115,8.302686262056666,10.700193100183643,9.72431452242781,8000115.185149114,2.5632940888296614,2.172245188045204,2.9530908075881377,2.6175007363215057,28.08900188604062,2.1226697948009448,1.135209778775312,2.556199666133531,1.988829499258944,18.124070509541905
529,MSFT,LSTM,2023-05-01,2025-05-01,30,50.5606397095674,43.39454706563503,53.62880457838409,48.71878194943079,10805806.375271542,45.49122877820926,38.60440868855054,48.43765236597858,43.66446280590831,8767566.467134356,12.21197473917663,10.170650576631736,13.19735135775236,11.683230946371138,34.48140834850019,6.135918111860001,5.353554307048731,6.52318205662344,6.010131763166765,18.143652229524687
530,MSFT,LSTM,2023-05-01,2025-05-01,31,29.86157863721269,32.47973197836114,30.21618251945577,30.738828616821696,12217455.4227674,25.397807249484995,29.022423221759706,25.49054689570237,26.18488648868665,7895681.114965975,6.856706210657334,7.656081315163797,6.9944312514699885,7.044306520635385,24.567983641478623,4.400622216418436,3.983979584472106,4.62618744185355,4.510531076089449,19.7449820071744
531,MSFT,LSTM,2023-05-01,2025-05-01,32,43.4821109275468,38.12353179788341,45.89357257130028,42.414664041070246,11849844.802959546,38.16499321677167,33.124891672697615,40.73050231299639,37.28329053334969,7700827.103258769,10.261548228900113,8.735079327421182,11.11450411515876,9.988927604211566,24.536516479512382,5.774600978678808,5.086584180785582,5.986380924440997,5.615104684823188,19.5285415412894
532,MSFT,LSTM,2023-05-01,2025-05-01,33,64.99818640909085,65.2085377982807,72.64550387322633,66.98139571759981,12208773.992918788,58.73935223862556,59.26431456868845,66.49479109990311,60.79359253882362,7850390.423153837,15.745025777332838,15.583110021890556,18.078564953965845,16.229577700666557,24.326951059340896,7.676095534681464,7.309624030497557,8.237198670203178,7.749507480729687,19.8113595810482
533,MSFT,LSTM,2023-05-01,2025-05-01,34,23.409637440035663,22.166542957466728,25.68534856532373,25.92608389351083,14187242.555635996,19.36080021583308,18.50362715608863,21.213018448789853,21.52254927636851,9604977.19039932,5.243979910112435,4.902660778801248,5.8371429419329,5.807244997158281,29.31626591454909,3.720346917250896,3.3321596706521857,4.155129533676702,4.06747879742437,21.01041615945994
534,MSFT,LSTM,2023-05-01,2025-05-01,35,61.42232442504506,60.306330214947934,61.73480416723376,64.47984719884407,13716153.513036065,56.64901832639684,55.83444512094637,56.67863713431627,60.07089534983247,12647197.41816044,15.181054180030292,14.680392891889232,15.422100144352989,16.030410336206188,62.201410335366624,6.630011442941222,6.177932699617253,6.953545703000517,6.569571638621941,37.70206786970265
535,MSFT,LSTM,2023-05-01,2025-05-01,36,11.83340805337239,9.073590155691448,13.04555425655946,11.896348108266974,12653245.25202896,9.552910001294528,7.990095138522607,10.52466770097132,9.770328690308448,8042228.873867393,2.5700956502600283,2.097193719600347,2.886594592237185,2.624989882680548,24.17724319259553,1.978408120095779,1.1653389614453151,2.2406766111150835,1.9233252871320752,20.19088023690129
536,MSFT,LSTM,2023-05-01,2025-05-01,37,23.16982850625805,18.680459864005947,25.57633200733996,22.246255067768235,12028142.258111406,19.16825512691448,15.155626012406024,21.1879288125441,17.859106119471637,7772295.780654152,5.196856401605674,4.02506267480039,5.83392337134738,4.834471806347115,24.41083737086283,3.6892783515148775,2.988997901988076,4.12246087055463,3.741998186668858,19.5766644428245
537,MSFT,LSTM,2023-05-01,2025-05-01,38,13.000736369306477,9.64399604390261,15.66331071165503,12.230267802397224,11170722.329329737,10.02156074786514,7.633896150672785,11.413754067953455,9.817270810140322,8077567.846116324,2.721957396428384,2.02683644963402,3.169231710203728,2.6470983006059634,28.74647017659642,2.368324785246809,1.6248127819351532,3.0892996838532407,2.075195180937976,17.92176889238463
538,MSFT,LSTM,2023-05-01,2025-05-01,39,44.03389657495283,44.04429509743756,43.56081715593061,48.86728368375023,15163210.44985732,38.35382471248268,38.855057564457226,37.55432944453889,43.55191332664549,10751716.817126077,10.31239918970856,10.235452068921983,10.260471414649912,11.65135104965846,33.88108380143408,5.974677566093718,5.584073177246399,6.196173916128619,6.140210730994291,21.112250506553217
539,MSFT,LSTM,2023-05-01,2025-05-01,40,33.98667745604465,41.777374514675046,41.04194476549357,25.430558573610003,11528379.93075032,29.75357157061323,38.5921485043791,36.85414348230255,21.014640372473785,7930394.401888251,8.020201974598187,10.161266095498398,10.065634298130169,5.669143136401526,26.903562059105983,4.619399025494307,4.38986961125557,5.189867662503207,4.0281552208221765,19.398898150852133
540,MSFT,LSTM,2023-05-01,2025-05-01,41,42.73960177860655,37.57646640923202,49.05403105398185,47.55746002372679,11480285.85505527,37.79536362066562,32.782215707632865,44.35422105341922,42.97192951195689,7774982.530962129,10.162602995392277,8.645458129495335,12.090690078039326,11.49710397398691,26.06014594999777,5.553671682477942,4.958750653614464,5.96660840891108,5.695145069230462,18.95275994179196
541,MSFT,LSTM,2023-05-01,2025-05-01,42,51.618536436505046,43.84383178196875,46.68881944163167,47.20711388623285,12089971.02453336,46.80072955008484,39.193565426195285,41.46381222854549,42.399251058864365,7770989.829994242,12.560980364363775,10.324800012999548,11.31819586245739,11.347767202074849,24.215974387847893,6.076140333657303,5.314745074217537,6.087460193576509,5.791999714125375,19.61342685711753
542,MSFT,LSTM,2023-05-01,2025-05-01,43,19.43789556320544,18.789219867183768,18.915503947969103,22.45609437087493,10847246.980693584,15.433781533679603,15.569166389487636,14.89590005964284,18.20405340466391,8868034.843090674,4.196467212569243,4.13263385441192,4.116870647256434,4.926457965857132,34.93063034450835,3.351718217284569,2.887360186896813,3.368830011588121,3.714610058788842,17.553380058134564
543,MSFT,LSTM,2023-05-01,2025-05-01,44,27.201554428660764,24.15119468100757,30.870283048581783,26.629838018029176,13179334.548148526,23.013593762924515,20.37398093252068,26.327248247878245,22.09580472518408,8538004.032892387,6.222373771674729,5.393799875670435,7.224337707078611,5.95953761150618,25.575999463272364,4.087170700303903,3.535470552639166,4.615452902169418,4.175016642503223,20.320414169112578
544,MSFT,LSTM,2023-05-01,2025-05-01,45,15.801347166583088,9.482561081231989,12.659980524915952,13.767823445406153,10876256.838655386,11.926938363479316,8.397226788416658,10.350983215016726,9.85922536320214,8706657.09985604,3.255620579255334,2.1930215830163293,2.825960144961893,2.6866380185846563,33.7060903547197,2.944611613616092,1.1580263772091008,2.0993346273968623,2.712309888281979,17.40538913086653
545,MSFT,LSTM,2023-05-01,2025-05-01,46,14.281123512651206,15.925825914965449,16.720489568818767,17.214688597499112,12268213.016749436,11.876015772419056,13.30918070826272,14.338899848778777,14.87684977311518,7791681.438912451,3.1284268118047334,3.4334409358323708,3.81210946363856,3.888232882514301,23.820171392654537,2.061395436027117,2.224548839245841,2.223385956047193,2.194511985252732,19.93754667808036
546,MSFT,LSTM,2023-05-01,2025-05-01,47,46.43905891554653,48.233554263891584,45.55780571347405,43.7049529854499,11746186.78967661,41.30324102959166,43.70808520011606,40.11092454996886,38.36077940867476,7731704.530666868,11.096324449450297,11.504130988959274,10.949862178260712,10.27621642028229,25.02187942645373,5.894226720964645,5.517805907214545,6.099650172193541,5.804503377135072,19.370052564192715
547,MSFT,LSTM,2023-05-01,2025-05-01,48,32.88192170669794,31.30866747884106,33.69820911430333,33.464319814379614,11704240.975896148,28.90221204809441,28.342800709425525,29.373566812292825,29.6265516319771,10841377.350420555,7.794647281428491,7.478870561946442,8.048812437118686,7.958427840519779,49.76424863951115,4.435963061843094,3.6641163164513184,4.74786833644488,4.413187627507321,26.845001055769835
548,MSFT,LSTM,2023-05-01,2025-05-01,49,15.801721129693856,9.919498927348323,16.40115377610286,13.806513825843917,12133666.88027959,11.68649209645169,7.851265642364073,12.17660555249255,9.977626561793302,7763302.133303781,3.191137166430853,2.084421186455129,3.3774408365409,2.717161535595869,24.03359143376232,3.0126413512423635,1.6715764376894884,3.165688632145601,2.696586402179648,19.731154525644847
549,MSFT,LSTM,2023-05-01,2025-05-01,50,17.257360978908665,19.99374208112294,17.073572345406284,18.176253669780834,11322780.474770494,14.170995913311163,17.09356758196175,14.158828652108893,15.147628660903944,7938402.354901035,3.7189022800753055,4.41871805121339,3.769016991072844,3.959273768432503,27.46338276151892,2.535687392441325,2.6332302436121338,2.4798910876883755,2.5551218394083595,18.255938766155914
550,MSFT,LSTM,2024-01-01,2026-01-01,1,59.230561875325584,61.3652137529236,61.12112468779492,58.44006650216026,11936655.354981877,56.31248187457472,58.59047782041253,57.465492193083705,54.87112594685474,7880289.2941613,11.672434327643169,12.05491664998386,11.984846912172111,11.358806056142724,39.93896906199782,3.788288540292684,3.744649429689184,4.289555097406491,4.130449645122317,51.3410989350906
551,MSFT,LSTM,2024-01-01,2026-01-01,2,48.73224191513809,47.4873467472013,49.14798607287224,51.4439724798966,12042089.197588172,40.77224197383978,39.97221681575434,41.17581766053896,43.90480716401715,7935663.379576703,8.446320453349438,8.222800011889662,8.57703112596199,9.081645671941857,38.38300678808449,5.510173070087672,5.263586367466311,5.549608308002147,5.526605154989891,46.33821662715327
552,MSFT,LSTM,2024-01-01,2026-01-01,3,20.154083732465608,19.05485167709209,22.47212027849472,22.796830399284072,11628791.500246122,15.988089940198789,15.240393088941747,18.735877793838824,19.071705043926432,7419696.305078368,3.312398119377584,3.1376288679722606,3.907036703246772,3.946238056045512,38.880620175654926,2.5262710536254382,2.3466865668933234,2.561196842149131,2.565233873307097,52.962987393089335
553,MSFT,LSTM,2024-01-01,2026-01-01,4,70.56514410931992,65.6440815821095,65.40007155314788,71.72093067527372,12913504.021590108,65.90440816216068,60.91916418676714,61.78453128063941,67.49542018294741,8764745.164307952,13.68190522576566,12.55682140145069,12.915115571289176,14.00048633480299,37.68310724391533,5.241243129838599,5.04542595908743,4.457472503274602,5.025751991338645,36.00167314704058
554,MSFT,LSTM,2024-01-01,2026-01-01,5,37.01629038211031,35.77124038344344,38.02735315292468,37.56717627172434,11781980.673956968,31.33593197195358,30.56191417432784,32.52250988407261,32.12479934464121,7684035.730421741,6.492461102583189,6.287534286669297,6.7752550734182,6.645767410357631,39.9499652635712,4.0644524012175065,3.81372971241652,4.071445483838443,4.008818733047569,53.21791055324432
555,MSFT,LSTM,2024-01-01,2026-01-01,6,8.419263045893995,8.464921107497618,10.144701327281515,19.167349161233,11971887.904630242,6.889437878702995,6.874406861256877,8.053158667681968,16.694393605697222,7870558.35210681,1.4345075388227202,1.4229626740869492,1.6858525983416404,3.4782878605659,38.93400195459641,1.020523400124595,1.0382516384515568,1.302718794455747,1.9927380621856885,48.66147627570051
556,MSFT,LSTM,2024-01-01,2026-01-01,7,9.165769004097518,10.039205592246228,13.20597513410353,11.368735783971667,12220991.386687186,7.649842230907238,7.789846963671336,10.659803607447264,9.028969289005,8170751.992639204,1.5950964666752216,1.6143940423991203,2.2464415526168136,1.885327138986903,38.93713196475622,1.0704020021200786,1.327962263884344,1.673153792430481,1.46156256160554,45.45913209012191
557,MSFT,LSTM,2024-01-01,2026-01-01,8,26.759068246652124,22.56706191160444,17.884377240772352,15.562970885646097,11944185.689529948,26.16249458060758,21.83039393483902,16.599243994491953,14.359710988401275,7832422.046221495,5.438213535919549,4.506586924603725,3.488626036948085,2.992240151671716,38.845161236405765,1.2322005195370582,1.2297233992895913,1.4494359453201977,1.2846297904747148,48.804606450503954
558,MSFT,LSTM,2024-01-01,2026-01-01,9,18.198710914397,16.08393886562372,16.173039786221192,14.069589465224112,13639840.72346308,16.56305210310025,14.274587346249485,13.36364163285655,11.47396486643435,10891753.294638,3.4472623239756848,2.95048907665151,2.8155625734630725,2.395352214253708,69.44290662025713,1.6001166348260862,1.5602606708481903,1.950071404185901,1.720652459284011,87.13587585051997
559,MSFT,LSTM,2024-01-01,2026-01-01,10,118.3415389588832,122.28192270051191,125.22030826407696,132.8203774717159,12104897.998964967,110.33302721667306,113.7790109997539,117.75734256971688,124.71591117457156,8032414.702951114,22.90087146885524,23.443806396391366,24.60150322841632,25.8591601362773,38.856587728848936,8.887318428966601,9.23888309015784,8.83384831167037,9.45263693519159,46.60721650168246
560,MSFT,LSTM,2024-01-01,2026-01-01,11,41.31074235098359,42.14755613716648,51.250305896806886,47.53297580234359,14308548.293571,39.18718479899788,39.92697105591105,49.92309970055963,45.8878215750723,9933839.53956599,8.14061463470648,8.23404049257426,10.44470526314086,9.525001966798348,38.11585308205722,2.7382718847924776,2.802029707357809,2.44335292731476,2.5956473751567395,26.62159163924515
561,MSFT,LSTM,2024-01-01,2026-01-01,12,14.9925712323111,14.462019087178838,12.756916549499213,14.865656091917272,11560463.395356582,13.330192507306371,12.777430834361034,10.100689555978644,12.70027917811755,7587318.039086063,2.7768912474751533,2.642530753072517,2.1310620396369986,2.6493906127600315,43.45414023220568,1.4562923135038042,1.427662095705124,1.6701102765632765,1.6373792054802474,61.91580052537845
562,MSFT,LSTM,2024-01-01,2026-01-01,13,60.839318019473154,59.902735838745606,61.97914169033844,69.50667295043607,11753612.786551442,55.108158657967536,53.40868158768914,54.65711674646412,64.73142261663307,7513495.9045608835,11.422212277404352,10.98965114033441,11.389678418271409,13.400882104942102,37.6019573487739,5.326554861086256,5.576858198722102,6.057313269070379,5.208617513349746,48.62508365437469
563,MSFT,LSTM,2024-01-01,2026-01-01,14,33.16394841649877,33.42546305416439,41.42119827766236,46.14305401996157,11288959.509675672,28.188682704480524,28.676158481703112,35.82637549448655,41.50749942791878,7232737.900993824,5.841923096898738,5.902019042470023,7.460007005332643,8.586577330060335,41.56950352770538,3.600825342773512,3.5209860176082803,4.305336727080885,4.149562270272369,58.647372920122045
564,MSFT,LSTM,2024-01-01,2026-01-01,15,64.50623220227412,62.621329803608965,57.23687556916549,56.64772798021991,11753764.472330796,62.261133994254365,60.211279810178446,55.36253960159912,54.57380553941864,8059384.954467217,12.926506770216314,12.410567283116029,11.579516096795302,11.325158909001464,47.99626292995056,3.5365896476849263,3.575314323655111,3.043750783128829,3.169489338074006,67.93262940300907
565,MSFT,LSTM,2024-01-01,2026-01-01,16,10.134592524589184,9.305346815487624,12.710535738820097,10.965584697241027,14133280.92202439,8.591293387279604,7.464395462307002,10.234171918101572,9.110596705755537,9955589.353820285,1.786398585697253,1.539869981604882,2.134845665190748,1.895643322860152,40.01523736541853,1.133258961638777,1.1555735957912123,1.565731566610992,1.2862962234422366,31.481497305804783
566,MSFT,LSTM,2024-01-01,2026-01-01,17,74.48967652866828,74.54543774467608,75.14347620448373,70.61598904440584,11632294.726957252,69.93790536320178,69.7158477216903,71.26223879209556,66.3406248117677,7642989.839963317,14.517731085599634,14.367239949328033,14.894226309335592,13.76098295873052,43.50114203901144,5.328263482127511,5.446711344217285,4.947999409881951,5.01276048778901,61.96353619184424
567,MSFT,LSTM,2024-01-01,2026-01-01,18,113.20412413585844,107.39407580686982,108.11907184806788,97.9948581925031,12013783.887166483,106.50637504995132,100.52647278658291,102.34711509983956,91.15171916195445,8280579.41342016,22.10501627389175,20.71334365457628,21.38533012480632,18.902313658004967,48.80894016650876,7.969472942335572,7.79546533620656,7.230196979919977,7.4461705687830575,69.4638081012021
568,MSFT,LSTM,2024-01-01,2026-01-01,19,28.68126906477412,21.14802601238033,30.950414281592145,31.11513442266426,15197949.089841148,27.55972243331877,19.594999458374744,30.156915322242835,30.23765085229892,10944689.29517746,5.728132411414252,4.045705167266425,6.316961521734722,6.281833058710169,41.249053013410574,1.684535792321982,1.6572614972452104,1.5046770481347738,1.563204048694275,23.02009444435637
569,MSFT,LSTM,2024-01-01,2026-01-01,20,19.30273595467992,13.918693408360127,14.599274789470474,14.359551880015252,12418554.40864374,16.660725775811393,11.26717912339056,11.454842672572244,11.83905780576121,8326668.209771018,3.4469983780162057,2.318234690519272,2.395585462583064,2.4518705624479176,37.99908569846768,2.0042556917662853,1.6773676635141024,1.901156304551096,1.6796650134918627,41.1123950227153
570,MSFT,LSTM,2024-01-01,2026-01-01,21,54.94369164827942,45.88928074005671,38.08855809215561,24.42713484420304,15380862.681506366,54.32846410487043,45.145628431359846,37.49945734003162,23.4543331519284,12734929.204706946,11.27991931441666,9.306895191822354,7.853372808150129,4.8760768328563655,82.25198352753841,1.7880234521249156,1.7601577753421729,1.4698382748530894,1.4530223855497513,99.26533262912824
571,MSFT,LSTM,2024-01-01,2026-01-01,22,86.58942006470251,90.89448778476644,98.86421926464602,99.20149939125386,11477939.861285727,78.97023382252472,83.22489868797766,92.40272936709928,92.08545425976354,7117370.1898264885,16.391451260619082,17.149568413287707,19.304026520231645,19.09427018954232,36.89544312614109,7.361469243960417,7.52621224018752,7.282665468708839,7.627154757493167,50.59024486036519
572,MSFT,LSTM,2024-01-01,2026-01-01,23,27.00616092817916,26.2630588381066,21.85637004926171,22.59532842534651,15641034.446021156,23.51851752833519,23.09337727355966,18.65699023350591,19.3549032873572,11492693.874332458,4.86714413078427,4.746453723580739,3.890433313497096,4.004387638155681,44.14812868709348,2.736225096271492,2.5639891297541406,2.347140507200384,2.392956374660126,26.49510329093599
573,MSFT,LSTM,2024-01-01,2026-01-01,24,54.84178858889653,60.19701115933065,50.7971198774441,52.124369010744914,17629455.369837504,53.36616258483899,58.5529282322796,49.57425792131472,50.78480059932808,15178979.376710055,11.080828490866075,12.0682332844117,10.37250013925439,10.54082565987225,97.64817250407046,2.667750354781468,2.921606499974683,2.342761128920557,2.468882615575602,112.1120916941098
574,MSFT,LSTM,2024-01-01,2026-01-01,25,82.1271382479047,88.14337916519271,66.31360670440738,85.12761652423153,11559164.556321464,77.09301149368096,82.91269764103419,62.12396891266188,80.42961829476602,7347139.061638813,16.002795821154436,17.085199470267625,12.984746865318147,16.681396634918002,39.12604797890467,5.883740868643675,6.1748821899220205,4.82021041490766,5.776386076772861,54.11470661968941
575,MSFT,LSTM,2024-01-01,2026-01-01,26,17.72770398400323,14.173253425137874,17.42885640111134,11.112298597260128,13219866.049186751,16.80067400890993,12.968613593660768,15.94556544682784,9.243125870069768,9112991.35394474,3.49654348329842,2.682254605784592,3.352564848952889,1.931426223511716,38.65174285957475,1.21846556518324,1.210723535407553,1.5265910660765667,1.3074842383708642,35.21353511959025
576,MSFT,LSTM,2024-01-01,2026-01-01,27,27.650139434304656,24.889342636426267,29.169340461034675,28.03412669804874,16675260.780622784,26.66515513636212,23.82542254696952,28.491308399120907,27.28389527952332,12661339.992664656,5.543548162412957,4.918295646715378,5.970778525473799,5.6703371126117945,47.408132187280366,1.56197223402399,1.5162921729718686,1.3732024138876733,1.386187675877111,19.320440508524364
577,MSFT,LSTM,2024-01-01,2026-01-01,28,31.311562987060032,32.62553504450833,34.31041869846173,30.785691845912588,13922785.834683591,30.048560018726505,31.295901415580133,33.517755840964234,29.723583533915736,9625243.28243822,6.245052953603532,6.456503621957744,7.019434426977439,6.175159777773079,38.114820006299546,1.8632616900943328,1.9299417039920528,1.5835955654733396,1.6980309415622872,29.60267560488405
578,MSFT,LSTM,2024-01-01,2026-01-01,29,24.31753463195657,28.278083198109467,23.043668986286978,26.52914328887172,12278761.259506678,23.51914296818496,27.528990302810644,22.25131710658078,25.86080868316997,8206857.943557203,4.890534887127478,5.680229377455222,4.667177453076365,5.375797594667505,38.5116880118044,1.331114951677856,1.3812651780434595,1.313224366636939,1.2841111107049243,43.89912996248453
579,MSFT,LSTM,2024-01-01,2026-01-01,30,8.85745127370435,11.764036935455612,12.971189081405775,12.488686509628678,11504067.483581685,7.435034609902967,9.207969905582203,10.47024473312452,9.810865308421487,7423058.568962812,1.5493132867082189,1.9065196690331112,2.2060656094957203,2.0486911711053124,41.207558508674765,1.0200997902305542,1.5333930889971492,1.6441680202782756,1.6322788137955704,58.09153926976891
580,MSFT,LSTM,2024-01-01,2026-01-01,31,40.1391224653788,35.15935483154937,41.29529469742197,32.03305094661792,14354721.102453385,38.98992410480487,33.84243602422011,40.52980830889995,30.977076750083565,10044797.129089138,8.099690630741913,6.981004230441222,8.48507349418358,6.435233314529206,39.08997150904146,2.0257081298013544,1.9971923863161472,1.7094157291604726,1.7287395113004838,28.586959746361725
581,MSFT,LSTM,2024-01-01,2026-01-01,32,18.217329579847245,24.94534784803385,19.4903687227608,18.501965896787105,11563899.991514118,17.328057699837675,24.28564659110365,18.28066806512846,17.465535475062644,7561979.94844238,3.606291889415604,5.011737938842487,3.84034175208712,3.636350839244298,43.01390858357783,1.2121430435962208,1.2321495838976118,1.475462546159698,1.3143542026896264,61.24003123130046
582,MSFT,LSTM,2024-01-01,2026-01-01,33,63.39541384881176,61.94477218923498,72.15652614541602,67.67816072886737,12237444.219010113,59.68030148316552,58.15186417536101,69.327229287471,64.513361142545,8139112.170673807,12.391671006658427,11.987047047064674,14.493892311787066,13.38387306462901,38.15460559727765,4.452753016793417,4.410894199217413,4.165172643891596,4.247478252613297,43.58746287977885
583,MSFT,LSTM,2024-01-01,2026-01-01,34,33.72071346168466,38.26565147822656,36.78918939492018,28.71877286412883,11683323.466057366,32.69998962350961,37.24435409172835,36.075391285986,27.729274472522167,7895566.687346101,6.79442280988498,7.680448962287563,7.554292738992109,5.761842560280505,46.52345382416555,1.7528483953064296,1.8527861857365509,1.5645334475648975,1.586718848799406,66.06521391564371
584,MSFT,LSTM,2024-01-01,2026-01-01,35,19.042516815481715,19.99290419140731,22.82689576282161,22.646737374877684,11804022.312913442,15.235825332514803,16.415046145787706,19.30418048527888,19.0879630397278,7650019.346786837,3.156589082626307,3.378223805911087,4.024252141318288,3.950039216565816,38.78649727111055,2.351497658871416,2.3391279268061185,2.5107749817322262,2.502949619008399,50.5012679281235
585,MSFT,LSTM,2024-01-01,2026-01-01,36,31.715288455997623,37.39946947171435,29.68029149828431,29.8333155765608,11757940.321674043,30.787765765583863,36.56313107871524,28.955326696083866,29.04243310581963,7601501.087700427,6.398456710104231,7.540266966189665,6.067305147832182,6.034796951778652,38.95930462119232,1.629002141388931,1.6724688571940576,1.423838981752061,1.4636354805040486,51.42035112656757
586,MSFT,LSTM,2024-01-01,2026-01-01,37,42.46730358348654,41.08241566675094,45.20944405244875,41.62702282788965,11468274.428773358,37.19901392419756,35.76576465738855,38.892937946943285,35.761861220466535,7352335.301466982,7.705851011057034,7.356331441996841,8.098816901163328,7.398402575090065,40.64344508563808,4.229682970581854,4.151116088433371,4.774583694990506,4.387727232639882,57.24220398231736
587,MSFT,LSTM,2024-01-01,2026-01-01,38,15.45846318118876,17.768472959177533,17.16969050525746,15.869071240889854,12788253.364645416,12.193517716536132,14.993781833964707,14.263915140532726,13.192646802066156,8761763.732021749,2.5262485011516653,3.083774716159856,2.9753184509349992,2.7318010743554897,38.91681814478753,1.957708069777596,1.9520528154275667,1.9775221418742053,1.8184117275166711,39.07474894622859
588,MSFT,LSTM,2024-01-01,2026-01-01,39,34.54909196026802,31.082597297044728,32.249242685874925,31.28912661391168,11965750.508488828,29.79662852269984,26.46644614062188,27.699503812708024,26.911638474579345,7952173.174862067,6.170086715684264,5.445487271926563,5.772580403961329,5.569246084760488,40.686806114467736,3.608870136439447,3.3414878249442483,3.405986391167396,3.280190564321021,52.60310313872984
589,MSFT,LSTM,2024-01-01,2026-01-01,40,25.850146738051347,28.80868439432567,30.936593970457693,28.680398436929146,13127086.652788837,21.371443286710264,24.29460811143196,26.71508290924185,24.53965750275717,10296579.52072084,4.428388202789361,4.999768148063918,5.5681918249282365,5.079314585902007,64.87121534221481,2.9947877310962148,3.172697985749072,3.2147380972058506,3.0500648137674564,81.25925122098558
590,MSFT,LSTM,2024-01-01,2026-01-01,41,31.17167762555412,31.66092105964816,36.831418016102106,33.04437019051017,12764672.71881845,30.07045875183871,30.504178918127533,36.17800358211938,32.203159022639674,8695097.462718884,6.249531718395704,6.293353168906053,7.576368787819468,6.689745159059664,38.38402011380854,1.7456503585147765,1.7819226845990046,1.5084321076563358,1.5829262752029811,38.375710349209214
591,MSFT,LSTM,2024-01-01,2026-01-01,42,38.22551953948432,42.97750344882109,40.06669845609767,42.39326283612184,12410601.933576103,36.58669444956463,41.330945288217706,38.84320639790103,41.100228277525154,8260916.029474437,7.601574155602544,8.522995073634245,8.13042337611704,8.533302973980335,37.29950903944654,2.331117748352948,2.4591132029790423,2.0841043321058703,2.1882486166969297,39.93682462024172
592,MSFT,LSTM,2024-01-01,2026-01-01,43,93.52250468095215,83.71649869811303,85.07164732527764,83.23450755183569,11737857.001064114,87.3464279698875,77.12294348549273,79.78244260139695,76.8886468987935,7671009.392827153,18.12784208857108,15.892629740501503,16.670213959582014,15.944869878208682,41.23287323063439,6.93415876175562,6.709494346569343,6.120138720501363,6.591446892071471,56.65399294945163
593,MSFT,LSTM,2024-01-01,2026-01-01,44,21.70643080616092,21.362196422086967,24.44332589106734,24.065474095745905,15801724.164931525,20.846039772590093,20.398613978569333,23.70649584831948,23.33226648882622,11671678.215431271,4.336228892766701,4.212603908737149,4.971942972074544,4.851575516980564,43.98052042489864,1.299986779203536,1.3416498235181775,1.3136425595197407,1.2745132857739716,21.5496122293662
594,MSFT,LSTM,2024-01-01,2026-01-01,45,21.634748750191832,22.65320597342469,21.11392280636188,21.95860502329792,12696561.85711412,20.78216374347047,21.7982072374178,20.263648278837007,21.17164248587833,8612363.225123981,4.322856996194194,4.500412529386788,4.252013411753372,4.403523505161204,38.14279097769178,1.292048254581892,1.309692263872707,1.2991422241170922,1.2558890610038336,38.55970900981616
595,MSFT,LSTM,2024-01-01,2026-01-01,46,45.31377959141194,39.26388883484355,42.3824946394116,51.99056284734296,11570135.510036612,43.72783365876963,37.35529950952423,41.12577531579166,50.61067999377228,7483918.221879403,9.082287146291964,7.704631879071694,8.606906915875786,10.504590606501,41.29642303130768,2.503361231097468,2.515020567131108,2.1677315562164345,2.4999740807783835,58.09776476382888
596,MSFT,LSTM,2024-01-01,2026-01-01,47,10.756174251263523,8.53081456662478,10.711467340423706,9.480933050234272,12566990.697981415,9.014555770435798,6.961532952169737,8.55315739965643,7.699383746901246,8506140.924886564,1.8775976104129928,1.4402795122528576,1.7947693693878677,1.5969244043041555,38.38917798415078,1.2411156214663892,1.0353551635344478,1.3726854849835872,1.1530031179996376,40.30302130690826
597,MSFT,LSTM,2024-01-01,2026-01-01,48,38.6138998169679,34.08577568519068,37.67713594688301,33.31509554322114,11998622.04987328,33.8904524569916,29.48479281456726,32.472004738789785,28.836426450414667,7956823.811618686,7.019420086828086,6.064986721332085,6.763690039813941,5.966923562739846,39.98092116986734,3.820100508782288,3.509089320176327,3.950005894729126,3.429956043578992,50.65932253766054
598,MSFT,LSTM,2024-01-01,2026-01-01,49,38.883551463832845,42.42258246359592,42.44609901403146,39.649694339400526,14015809.6822586,34.355747084576784,39.24422574908526,37.05213000729946,34.992057774622545,9933783.065188626,7.116837050830906,8.070154522428059,7.7167060461305725,7.237489502411579,40.85989462506447,3.760630135328004,3.307118602118606,4.290531008728248,3.8404728339568215,33.74228860425493
599,MSFT,LSTM,2024-01-01,2026-01-01,50,59.56916983563577,57.02291985620218,63.04455636178765,59.221304370088205,11468570.618094165,53.52564071661553,50.38529942519791,56.417627822604565,52.34871957503401,7114233.864946763,11.09358919224952,10.366400153936103,11.75808721180984,10.831993570824151,37.13862467471012,5.399176604193545,5.487106554420032,5.821088049832194,5.70878397519967,51.16971407492352
600,TSLA,LSTM,2022-01-01,2024-01-01,1,7.693352565761608,7.949465790635905,6.843515112722368,6.160849183684983,20216433.55499905,6.339078674963275,6.712143488825195,5.22128701581787,4.942750967789645,15232111.8461669,2.6191291033273134,2.7164390720823106,2.195349830725549,2.037397984081173,13.604530806086728,1.841848708244512,1.7614136977479364,1.8999823780035792,1.5251716950096292,15.573971082518462
601,TSLA,LSTM,2022-01-01,2024-01-01,2,33.571988565426174,31.95305724904108,30.48186157581934,34.897662175559965,36771356.83563481,31.15358690405677,29.4648157431554,27.720182645055925,32.922466284943944,31240871.7231378,12.595192431303245,11.717624937515522,11.38554687316693,13.350071730945798,30.75407334340116,4.611357760903792,4.553930915526429,4.830958332035854,4.280614270364647,25.62956821380162
602,TSLA,LSTM,2022-01-01,2024-01-01,3,61.836546479330586,59.97561292945528,53.27620711282471,53.30027777169903,26908671.990540627,58.91236566622374,57.3110514939412,49.86288966599071,50.2411848534616,21540078.358025108,23.91021416870359,22.889921882976697,20.55465120872932,20.384762544852364,17.490383437421038,6.883135204212865,6.424345827594514,7.132072955895465,6.685723435031054,12.445193525380782
603,TSLA,LSTM,2022-01-01,2024-01-01,4,12.688201410374417,8.793814583962073,8.125849347060209,14.311654752403223,20052689.09887806,10.99296715023247,7.228177999939827,6.221092615579861,13.174200660687484,15901404.049679836,4.424509736188651,2.854448468667224,2.527887410084117,5.334608599805049,14.908973751507569,2.433059666178756,1.9096257220483843,2.053931774849335,2.0989164940523177,16.12384959583343
604,TSLA,LSTM,2022-01-01,2024-01-01,5,22.85798368878273,26.108006859320827,33.92773611132479,25.84725945368036,26382636.74162948,19.496339687661266,21.74972980942936,30.125173412097865,21.54319544852577,20106211.32790208,7.891355614971887,8.650630744386833,12.421596328211312,8.714458379160694,16.88689049887587,4.723185141758481,5.638702666651329,6.255629661693464,5.672441552107142,15.822545741059274
605,TSLA,LSTM,2022-01-01,2024-01-01,6,31.005245148910564,29.083972863367727,27.971729740681404,42.07002037442128,48027504.61959229,29.437481553716133,27.49803297440152,26.147615590354448,40.92822176998272,42376136.85344596,11.93118783670805,10.961477333984789,10.768856971611545,16.65665049758701,40.91121634313115,3.5254076546880646,3.4371744801536868,3.7359382668325134,3.4459423572989194,29.141389620117742
606,TSLA,LSTM,2022-01-01,2024-01-01,7,44.55016164079981,41.25063827076235,38.77195020346661,40.14519222521147,20340014.99196492,39.28330598178012,35.73072605974806,33.546262212247406,34.189275058913545,15266038.92213722,15.910252062369931,14.222624727990947,13.798771822246932,13.827332697458656,14.459595701788288,8.231451754241586,8.001014529760614,7.788472637346791,8.330140453125159,18.009662213795817
607,TSLA,LSTM,2022-01-01,2024-01-01,8,10.053913729077497,10.3839987735038,11.403823370586547,8.520264000328902,24063754.302407872,8.097989221127136,8.800939340308354,10.062155971365184,6.766682122491435,18121107.03652238,3.240275462708501,3.481125747223948,4.128331311130288,2.713585607796282,15.075279335444844,2.299121489599175,2.0959251963305845,2.06571729721227,2.005675639939428,14.43544610533278
608,TSLA,LSTM,2022-01-01,2024-01-01,9,44.81857089477909,49.72838190107919,44.53566208134431,50.77691982846975,24007146.20884893,40.087907191379415,44.52637784566208,39.80651415152764,45.9773324369849,17990106.613248937,16.26888459997321,17.765235171311158,16.417786621895242,18.66358177421669,15.269845979316438,7.940191835297954,8.624427159804755,8.04284916767611,8.511412256447413,15.68936027600745
609,TSLA,LSTM,2022-01-01,2024-01-01,10,9.237996714926965,12.409755839713275,13.491429907246394,18.19967731921924,36100695.22237385,7.094969032082008,10.65687959466635,11.743628167794425,17.18743304031972,30475396.31238301,2.82761834535693,4.214646177996939,4.804665926086884,6.971686112568768,30.05752772353265,2.281135087994264,2.4039136441514795,2.5572121803304086,2.197237230252565,25.37599208896045
610,TSLA,LSTM,2022-01-01,2024-01-01,11,33.21604374899187,30.76913782220664,26.58229238120985,29.08023892930523,24673059.049112085,29.350582385859887,26.21631818260264,21.85131640808225,24.06517991280461,18589842.52364546,11.90194279110615,10.434946097376784,8.970484029860076,9.725768377544092,18.222268078043964,6.120039068807531,6.272338924735918,6.096690660758248,6.475139669475468,22.24951097709287
611,TSLA,LSTM,2022-01-01,2024-01-01,12,32.552059514527016,41.54836157665194,38.015828521768526,38.5519223195428,35684702.55964688,27.643857482219087,36.560765660395255,33.159513677921495,33.11293781822308,31159466.00956421,11.178358408334809,14.569601445082595,13.650091886018007,13.4011495746182,26.117477694453267,6.793147786388112,7.662816303689795,7.461999339266008,7.822504281718524,13.053839305182818
612,TSLA,LSTM,2022-01-01,2024-01-01,13,73.09427385062256,67.28771241882728,73.99599319306274,69.79765092689604,28889187.18300664,62.56757090200493,57.1237101974188,63.217806973447054,59.06014483555708,22859392.762547635,25.24817981822255,22.67800353354565,25.93760165886392,23.84391076757801,19.17941382698559,14.72443346893694,13.723801695855512,15.28642522859631,14.64449737987934,15.529651917665817
613,TSLA,LSTM,2022-01-01,2024-01-01,14,15.258639846120532,11.698753517634383,21.02494056264604,18.83460098728605,25843408.58928188,12.679923560632233,9.011808444535454,19.39705988753982,17.371347108227063,21083415.872874457,5.07515287220158,3.5343139011250644,7.976582009428923,7.027863892510629,20.91222665231692,3.244464741210095,2.8464423877228016,3.0441659331795776,2.709036423673049,20.634804533867445
614,TSLA,LSTM,2022-01-01,2024-01-01,15,77.94817451468491,78.36161791925556,77.10517762556054,76.48456010889596,40897520.11380397,70.71648859305611,70.8132362732272,70.46799522031112,69.015366420013,33767071.37026241,28.56656156001128,28.14791643863169,28.98595266281413,27.908183630751072,33.21723503971612,12.34943657362101,12.578100176062756,11.993020212743264,12.620469949897124,27.94325043167156
615,TSLA,LSTM,2022-01-01,2024-01-01,16,55.715930496122894,58.45304140017607,62.0911691617917,61.57427943344654,20974974.422766987,50.96318217651548,54.396514042365055,57.99174494566542,58.2080224997777,17057474.05183236,20.597119248774007,21.66841849592968,23.898900041278907,23.62241474875736,15.598464683549066,8.465187283955125,7.913945738441427,8.407262999423269,7.49532778741319,14.839277430288131
616,TSLA,LSTM,2022-01-01,2024-01-01,17,41.48454712476305,39.0324199884584,37.62735823731998,39.66073340604812,71177265.69856912,35.09997877748774,31.841067672129004,30.674646861075963,32.81134811028465,64905548.988946125,14.172979285935302,12.625541751873298,12.56546509277374,13.245334176762409,55.77818347285727,8.66807195372311,8.756017788809592,8.736802534794107,8.815001716200326,24.25515820692129
617,TSLA,LSTM,2022-01-01,2024-01-01,18,13.72211746290047,19.774202359648616,9.573672363591433,23.09812191979679,55735193.91915032,12.019302180416284,18.10058722541208,8.144582007696954,21.685384210133005,52363971.98177493,4.932495453864914,7.2849156801906,3.417112305856298,8.870460282689214,43.81806929973154,2.786595504643717,3.2585323569639058,2.175322004850512,3.2767096555049093,11.126483748348583
618,TSLA,LSTM,2022-01-01,2024-01-01,19,48.142482737173765,38.29583328280785,39.51356487568846,42.42962467790378,22888813.69985992,45.06406030315005,34.03843534694768,35.44275867537302,39.05827881770315,17255528.765792597,18.24351917258993,13.501684887954138,14.545309869130394,15.80831934798406,14.445286531160276,6.223282155862724,6.581122777268654,6.710871204768836,6.260154867371923,13.853932857288513
619,TSLA,LSTM,2022-01-01,2024-01-01,20,44.56343017744943,38.15269245378572,38.29247744034989,36.81534300191174,26122828.199035577,41.76470017820999,34.99545507220462,34.71006407561278,33.624864218815624,20521869.139048155,16.90664033368264,13.913235979137465,14.255924272284917,13.59779734114854,16.757324138194626,5.682107398745892,5.608243420487273,6.171927869740176,5.667313150834906,13.089567933479154
620,TSLA,LSTM,2022-01-01,2024-01-01,21,13.604387102920104,19.33669765085476,20.516962618672736,15.20931624924534,30534814.10890061,10.481120283493327,17.60774626474756,18.733828886385407,13.187891075274653,25202155.737856727,4.169610490146905,6.99180052385098,7.695270634684517,5.308038947126327,25.043892705275976,3.3484656933563026,2.9469247571672,3.159090533933345,2.884603951676871,23.11299765125949
621,TSLA,LSTM,2022-01-01,2024-01-01,22,57.24657038912117,52.05844063753908,45.39631118949418,53.51678038250461,48736636.84242319,49.17383815765728,43.68812071031695,37.50191178143735,44.81618020489446,40669926.84695791,19.85507815178564,17.33837006919726,15.365448443881,18.09050681408767,35.49873035583923,11.411973192141716,10.929516237719694,10.21852110916816,11.523973527675258,23.636624085254446
622,TSLA,LSTM,2022-01-01,2024-01-01,23,11.029707264113682,9.36351245140114,7.512056212297486,8.079514274993615,31227017.522203907,9.2507066138193,7.474169446952457,6.236604388169386,6.515398849265125,26432120.577326816,3.857595229407603,3.055011029681418,2.5734852944579374,2.701795357256189,21.41568243315327,2.577673839314464,2.357499465357131,1.6913389860613803,2.015639514430739,11.705710901707754
623,TSLA,LSTM,2022-01-01,2024-01-01,24,187.19507733495607,191.49978332520803,181.27560580096105,187.58526727198355,66102169.75776318,161.68932233619597,165.20441157455338,156.09133633875777,161.9529365429266,55989702.49404833,65.22661569582309,65.57771373495694,64.01884118618243,65.40010829243566,49.06169116841606,36.58384184734157,37.11852211162602,36.41451706787088,37.0185037178605,30.53186811515922
624,TSLA,LSTM,2022-01-01,2024-01-01,25,18.347521569379904,19.88041520973752,14.46097044635901,18.6964885469912,25729629.92337987,17.447200335796698,19.16181227204874,13.27960971323943,18.038671616975936,20097246.76004534,7.081130485213478,7.661746252095066,5.463185801457671,7.341038041418433,16.491951508236074,2.094137696639695,1.901795130991042,2.1830456721307705,1.786656106257525,13.606090818771229
625,TSLA,LSTM,2022-01-01,2024-01-01,26,6.512918243103552,6.636525187454191,5.454936476468887,7.134823075782131,20430778.75816847,4.988332455486246,5.177622915281099,4.406701816879771,5.834241080925168,15319219.053570082,2.0709122922958274,2.110887177878696,1.8455810792590808,2.4039226588964704,13.56564993375101,1.7741387838365363,1.7219351525494295,1.372088720572705,1.7060767667716292,15.3818410343943
626,TSLA,LSTM,2022-01-01,2024-01-01,27,19.709341555668463,16.85183633262065,19.329913606364084,17.19025461352239,30807146.40528668,16.133071641979527,13.041579080972411,15.770660013953846,13.866849131519894,25773138.24385464,6.451805958328571,5.117876104915438,6.4197017108121575,5.554897253955996,21.108975899604765,4.323823130455018,4.062637024501459,4.34688655724966,3.918090114080077,12.767918089453625
627,TSLA,LSTM,2022-01-01,2024-01-01,28,34.10703582527713,26.68818893364394,31.11370764817275,31.79186024312249,20319736.01670708,31.38302246881473,23.29201698476804,28.26660561843989,29.366309779604784,15353040.94537139,12.676453027537873,9.219925822825088,11.608324339950192,11.884163451986003,13.678512391213664,4.930399924493239,4.876251349494261,4.930724935794536,4.550309102912366,15.14059092966282
628,TSLA,LSTM,2022-01-01,2024-01-01,29,46.18940868959903,45.34681626564472,46.423201250224125,47.11205796751117,21015910.66937393,41.93588745193198,41.41875359701063,42.47404740015845,43.41669031294769,16513509.649321934,16.9299394646421,16.466701340131394,17.46397501451047,17.5762063741893,14.654303616528852,7.263056469619514,6.8577936331977005,7.147638183450927,6.914525606560903,14.329369575180406
629,TSLA,LSTM,2022-01-01,2024-01-01,30,35.0363086021929,41.85316507721991,36.98675470921342,32.98600442842548,24218447.243721712,31.753625128425902,39.57074711745076,34.086530134969145,30.2127823386468,18514584.24016381,12.810662670466838,15.776092806284703,14.019876491133456,12.218763799537996,15.292312650565412,5.535877847441153,4.9200060190517485,5.4290723597128085,4.988223547623563,13.634477866730329
630,TSLA,LSTM,2022-01-01,2024-01-01,31,55.9597088460638,53.009233000212085,53.5052936869915,52.57858878559612,21728315.57610563,51.3148227818306,48.21033011685197,48.71082130707006,48.20428749242605,16825296.42774244,20.736808295021465,19.16242921552565,20.0210698176262,19.50770715703949,14.627583095921326,8.31425077015813,8.193502125242448,8.445296540982223,7.947556150893212,14.031070451712107
631,TSLA,LSTM,2022-01-01,2024-01-01,32,87.68301334512653,86.42428564101863,82.32677618327868,84.63808740979798,29661961.837567072,81.49231673601622,80.32866641467758,76.17837346375266,79.14502343946131,24151507.24617412,33.001919114293024,32.01022107085875,31.376774840622783,32.09917720723284,23.54381705932812,12.122874147190966,11.868816194234654,11.958072879484956,11.353078791358822,21.42187364800189
632,TSLA,LSTM,2022-01-01,2024-01-01,33,55.6922771947608,50.08018535326859,53.66617595854093,53.1499925104872,35962148.318813875,48.66234132451288,42.35429117314428,47.0798988636252,46.01537795533039,30186915.713081326,19.684931406479304,16.82554402453626,19.36999572485302,18.616017110977324,25.75466931393585,10.608007804151171,10.374005716372578,10.281328513178202,10.497483053209583,16.465030944883566
633,TSLA,LSTM,2022-01-01,2024-01-01,34,35.532806335925365,29.195313000492767,36.122624781611165,36.56131920483397,33309866.76940517,32.436869365480014,25.625631449394323,33.01020452882937,33.68422549002725,27658789.50794627,13.095510377616796,10.15096387378544,13.56763422677976,13.631928778405117,27.416134248564244,5.408861818922984,5.259245349550864,5.590471595736216,5.358514889616932,24.29115378809305
634,TSLA,LSTM,2022-01-01,2024-01-01,35,11.269701628104425,10.80264786992324,8.903688303617043,8.203753037606587,20893483.753425494,9.39431116236495,8.892475468390638,6.918896178465123,6.735173016318466,15731150.942675272,3.898711762186672,3.615935749070756,2.9245490143196995,2.786938649601187,13.882481215812186,2.6592591979700573,2.5563115432566508,2.424145671349044,1.9730609733920417,15.62352515245872
635,TSLA,LSTM,2022-01-01,2024-01-01,36,47.84441937544488,48.3764966686476,45.26716815305912,46.11408291651573,43687095.09757312,45.11320480203558,45.64206939965083,42.393552821577394,43.41601918577148,37508264.39695706,18.281514154663185,18.2004947007332,17.47129674196182,17.60936804288038,36.59303395643116,5.859693073044318,5.868051687756545,5.996883747726516,5.81771681419919,28.18190219681157
636,TSLA,LSTM,2022-01-01,2024-01-01,37,116.65750793036148,110.95730881141118,108.76689212993384,116.76559160241716,24450222.19431413,104.25381140194344,98.01199854641725,96.81819559545292,104.32654792554236,18368318.92607241,42.19327548598703,38.99377849582486,39.83401231097951,42.24385538734083,15.514461933886157,20.31176771611621,19.98848926488847,19.613619586801835,20.48122395961881,15.578181440085062
637,TSLA,LSTM,2022-01-01,2024-01-01,38,76.15867727615603,74.93035994509286,71.18793751680418,75.3520903571941,32217036.03225971,70.26735209466051,69.54685815671509,65.13858831529238,70.14736684723194,26043093.58998229,28.44038312713264,27.710533960513228,26.80150638496444,28.43910011690613,25.62213748853413,11.089976726107054,10.410192743985023,11.06915508600948,10.453831347822035,23.53489099678353
638,TSLA,LSTM,2022-01-01,2024-01-01,39,24.17362008318225,30.26107003750352,19.59290864094294,26.81072804610291,30858686.894785527,20.63951946424786,26.081697483056427,16.316203289329618,22.731280421243387,25612075.09112646,8.36406409540642,10.391883563968594,6.714873942323648,9.205366634929444,25.333984225919764,5.01912328026605,5.990804892887003,4.401610481008699,5.663247719825923,23.7993694476919
639,TSLA,LSTM,2022-01-01,2024-01-01,40,25.655764338252613,28.66719286105253,24.34264232051879,30.20756497996721,20176642.28462012,22.442111278374128,26.14899089156037,21.122803978418112,27.964530650261267,16045157.203449806,9.02170874954888,10.387241754986604,8.638783229398769,11.318594386115524,14.750924293483116,4.687179235652008,4.328848609999012,4.663787098815782,4.2628845799742745,15.180993885612516
640,TSLA,LSTM,2022-01-01,2024-01-01,41,78.3464444504688,79.2192722051773,97.44187792652164,105.7527983162206,32150496.40965249,71.91249618948204,72.27701884282305,91.62030547080091,99.66630546248244,26878829.886048336,29.227707612898257,28.86500950140457,37.90237962290922,40.54923391004962,26.611164337870857,12.296166861253836,12.625922783145304,13.132115573660403,13.814519400272989,24.0571182443238
641,TSLA,LSTM,2022-01-01,2024-01-01,42,67.01270054705384,66.17901508927373,62.13723971741347,68.1178425549116,22515480.82660334,61.377739761196,61.058800462732165,56.269830452595066,63.46815756993926,16928995.335597247,24.81275108711724,24.306743626597783,23.12501096930209,25.72664944307165,14.302694350873274,10.099412060456295,9.478964971274763,10.147882449282625,9.334760660998285,13.987129667884489
642,TSLA,LSTM,2022-01-01,2024-01-01,43,69.27884102083533,67.92666533777879,67.91903315733477,72.360488175756,22419396.39582225,57.73305751036636,55.2526169742021,55.279567940895866,60.511233284689766,17362886.647937346,23.244949417372325,21.8708017273039,22.603822545101504,24.40921735995737,15.318652123382332,14.872311245359429,15.2160393057015,15.680950353718618,15.563814380152635,16.18050182517471
643,TSLA,LSTM,2022-01-01,2024-01-01,44,7.397238098976981,8.527522214433906,8.44459685497574,11.42710713586824,19791705.4112802,6.017140798029444,7.180568859372011,6.871296393597974,10.27665241801517,15239332.04076151,2.421041012959744,2.843804229875949,2.805980898885518,4.160442871534833,14.026686809240513,1.6766836333692303,1.7593794434132983,1.9230687582705264,1.914821904133222,15.9973314762406
644,TSLA,LSTM,2022-01-01,2024-01-01,45,49.06095748772702,44.1059164914351,44.70897089829402,48.818544760898405,21988421.29483475,44.9311059240008,39.18176792705321,39.84963627566128,44.71074396368598,18090583.958787818,18.15290815886312,15.543796395427504,16.347874756989373,18.091461695076685,17.239502769694674,7.34455377185005,7.595227496196595,7.808221390123575,7.424247616168797,16.957517945685375
645,TSLA,LSTM,2022-01-01,2024-01-01,46,49.101904789952144,55.47456426914143,40.674881355595055,45.829997835422986,22471149.75048327,42.26036789650425,48.38423556816,33.46401371751308,38.346060526873785,17318208.44905724,17.073829609245763,19.246898374763934,13.712167388042523,15.484082722738648,17.10114937461237,9.756852030560683,10.438856350872276,9.254231811365209,9.905749268327003,19.965793681782927
646,TSLA,LSTM,2022-01-01,2024-01-01,47,20.76228611272236,23.49569315249034,21.916679295892862,20.53752567103389,22045616.335715108,18.427990657282376,21.025432719458667,19.723259406712533,17.995620822957758,16585144.953527352,7.52132362699102,8.424973645195283,8.17573935042578,7.320921940683757,14.314777390420453,3.927624151236969,4.199150475356694,3.966946406800393,4.000819123919422,15.250741151267269
647,TSLA,LSTM,2022-01-01,2024-01-01,48,6.753462093864069,7.122994939201237,6.190413376767968,6.96469191981548,37512166.9825464,5.191552593908576,5.545713368191956,4.814489829227993,5.29259344554373,33367765.3121512,2.136599665036216,2.2393528933546127,2.018130835089989,2.162917471531634,27.90001769806932,1.7767066395244242,1.8014759015363275,1.643114287288228,1.8310459486707669,12.070690262743836
648,TSLA,LSTM,2022-01-01,2024-01-01,49,76.63461326314984,90.68533485876527,81.22159947554341,81.40058988003102,21403644.72747473,68.41481483533711,81.88248937978311,73.74645512828853,73.66268288591843,16431426.465441734,27.71731497510485,32.63959653939315,30.408542729845472,29.87169698773164,15.00277460785204,13.530032617061789,14.984401164818784,13.514700094572902,13.583055471505354,17.337048456673134
649,TSLA,LSTM,2022-01-01,2024-01-01,50,61.51465931735103,56.3003204435658,56.733635575763664,53.89852288238557,24298442.925781943,56.81764015512324,51.44292969238688,51.76727149182722,49.21783143638629,20131022.845587235,22.98320630052008,20.459638134052945,21.28601051229139,19.913833462511985,19.58855580604009,8.800412913498652,8.527395622763411,8.899397176527673,8.358845680544945,18.610553474370768
650,TSLA,LSTM,2022-09-01,2024-09-01,1,90.79541198683668,99.62046249725203,90.87334153404024,93.13252533343142,72412574.88636787,84.11478502749839,93.01687360123373,84.26058685510212,86.82387300812512,69156914.34050956,40.03134089915289,43.194717554132176,41.05575892942782,41.292758383223095,94.05226001060224,17.081316442387397,17.409252723836417,17.300536972700563,16.77223883137199,42.88740423150501
651,TSLA,LSTM,2022-09-01,2024-09-01,2,37.838590250888416,40.51747558958019,39.31423437756152,38.463891187004485,97314675.7858544,35.11398534283997,37.77248677056389,36.58224878585548,35.86761361302749,93156510.5920092,16.821757670460883,17.64448293426355,17.944271583050316,17.159153555173134,126.35804711995527,7.554730716183402,7.457688286464865,7.803947678590245,7.2224519523769075,54.96705976532488
652,TSLA,LSTM,2022-09-01,2024-09-01,3,17.476400129158353,15.589427501539951,16.744174108335944,16.7856906024088,55082705.45638104,15.187323288860682,13.937288162589477,14.77952645530799,14.396715345019889,51542786.30361,7.263699084583812,6.4666268507226015,7.228638969950825,6.88368768044256,70.674074188176,4.555046410240127,3.3840366644869184,4.213322479725162,4.322073399459762,37.03377711825715
653,TSLA,LSTM,2022-09-01,2024-09-01,4,55.29081814162106,55.67514848068945,51.38236075325332,56.625164582187146,63541657.418883175,51.91196483318436,52.44282549553391,48.15052589566344,53.56783513753227,60318011.96824469,24.769741407013456,24.415380274729344,23.54488474755524,25.51969795545644,82.26753421882252,9.98755146593985,9.454429688303607,9.561465958254814,9.51842305865395,39.238957992276944
654,TSLA,LSTM,2022-09-01,2024-09-01,5,50.43260608045991,54.98492468937246,56.62983940393577,54.728184037227656,75340446.85094105,47.27135837671212,52.10842705505068,53.86003841016312,52.0194384736292,72181851.22851291,22.587912171527115,24.255666653601388,26.28543486855828,24.78474444157467,97.97548111227611,9.327328143465772,9.01786890459549,9.60926772498046,8.953871063640378,43.51018864239701
655,TSLA,LSTM,2022-09-01,2024-09-01,6,27.89955089232496,30.279183444058177,28.68849263070068,27.36059160499976,24663316.44478482,21.689007741223698,23.385705173337403,22.16999838855611,21.516795797115453,21426223.50016157,10.128459617210211,10.608038629719514,10.600248407580557,10.045725586216625,28.685678016557624,8.160218490123508,8.794613310014501,8.648205983065454,7.867246674854704,18.052110461213736
656,TSLA,LSTM,2022-09-01,2024-09-01,7,28.21787231101391,30.00351602889918,28.83924825115612,28.35136602951492,30297124.71648428,21.764935456017945,23.35613489706764,22.572795564398337,22.14801243555068,27036427.071768444,10.12598946388213,10.59183659188729,10.74163134052381,10.30688276226409,36.67692833464227,8.322186686744587,8.607797105567354,8.517975633747723,8.22863014460713,22.280424725975685
657,TSLA,LSTM,2022-09-01,2024-09-01,8,26.655681358465056,25.78079490566636,22.451965285916405,21.173843711031893,47524138.47944561,23.52971446383156,22.898983846177583,19.07366371501656,18.048367953116152,44997242.95418898,11.331408910212156,10.74530820082806,9.447781698794133,8.70415419315282,61.266572787315965,6.702391589146835,6.025017724753501,6.39834031674401,5.6967400654074085,30.075461711424083
658,TSLA,LSTM,2022-09-01,2024-09-01,9,23.919085589165142,23.05726600352948,23.57707867604548,22.57998224573814,37809492.18631047,19.52374116273701,18.773742242336446,19.428826219049693,18.43329685066068,33068226.565379303,9.053285324699733,8.490154650830291,9.21746933091209,8.535390130491928,45.45369490240493,6.326522723889208,6.056047074071643,6.272958651596011,5.9881773018987134,30.36077858876485
659,TSLA,LSTM,2022-09-01,2024-09-01,10,32.00466330154473,30.6738002452486,30.379787439153755,28.64656159933828,53460164.88895423,25.74990697796602,24.29185824988975,24.11950777616147,22.456989214879098,49957145.75058857,11.955671073910937,11.02369618205043,11.460790860666044,10.452490254648785,68.49074175229845,8.763975206693267,8.545376542372022,8.753463743242227,8.25854998831927,36.37739399800181
660,TSLA,LSTM,2022-09-01,2024-09-01,11,23.846608258906468,22.02152554842073,26.789010266575048,23.68982562348466,51333412.982045576,20.892176224598668,19.429086912213563,24.04744247234178,21.07572727838583,48572248.02733103,10.087188078781493,9.136476328904632,11.86121299691483,10.144285668688534,66.2309094495,6.162125884373214,5.3159157844854,6.453459801337575,5.617977475718125,32.39794348609761
661,TSLA,LSTM,2022-09-01,2024-09-01,12,111.1851121828108,98.20827509605849,88.12444655320701,100.04504021369316,124109178.50535136,102.8324584207537,88.49096397162114,79.09142607457855,90.97214189205738,118169770.62540688,48.77503182432832,41.13832062194584,38.544518494616966,43.24679237562971,160.55276165018327,20.818766397237745,20.17635406016913,19.193865905693908,20.243822853190256,71.53350362895276
662,TSLA,LSTM,2022-09-01,2024-09-01,13,23.417821427572903,20.909382683155524,21.681858816983016,25.59550392043381,49799287.48064154,18.633107214602024,17.205367552376686,17.474350837666673,20.700567808523875,46723391.11278693,8.628059250126686,7.805997317296814,8.320645127400761,9.573147837153924,63.90159913599879,6.550958531336611,5.385202007429402,6.087048499495067,6.955799088382688,33.06974794153922
663,TSLA,LSTM,2022-09-01,2024-09-01,14,27.955636281273403,28.81034975547703,27.42521781935251,25.977249607585264,31712988.30229528,23.09937120275477,23.7615601553381,22.7931554414517,21.257835442839284,28104426.07507745,10.716739570627157,10.776517268244396,10.817953576945042,9.858208441990522,38.26482795339415,7.2124213375294035,7.390623388655336,7.167614613112602,6.887730308988312,24.08430745121942
664,TSLA,LSTM,2022-09-01,2024-09-01,15,36.10073225157754,35.96546766084541,37.7972525044362,32.50537468525622,18899951.2625168,33.194560229291206,33.34992112705997,35.10017612311187,29.75694983577065,14389533.4046487,15.90864218346609,15.576566257208658,17.204444726277412,14.259123501275786,18.194950832534623,7.713246247719894,7.014018002528605,7.833659957158036,6.868721509693544,13.01136153492608
665,TSLA,LSTM,2022-09-01,2024-09-01,16,20.337695688647344,13.862157261470324,23.72905525987724,15.20164113211758,29076834.59889192,16.17183328580261,10.517328373810225,19.688633794028974,12.03135885172895,25694344.948435623,7.83529889030568,4.94749817147999,9.749794108751932,5.790267240469351,34.77262377956502,6.427253526246732,4.473949033909104,7.0316593251166015,4.734239023531939,21.28997155612298
666,TSLA,LSTM,2022-09-01,2024-09-01,17,51.19090048793115,56.66540240659128,51.86564628132528,54.08658713791132,80711225.23951611,47.41414678074912,54.04458759825557,48.69836562078283,51.00832989924246,76695656.45630518,22.08802255386676,24.66275706111356,23.235407607822545,23.823297291346744,104.55659603311288,8.885318467754843,7.739369316670776,8.40010360517152,8.317310869695879,49.069420228066846
667,TSLA,LSTM,2022-09-01,2024-09-01,18,18.41927008612874,15.675742249604708,17.984789252776114,15.796600083451802,19743383.181101844,15.89980000556761,13.983248080912372,15.54345015349528,14.10194350235998,15321877.63643066,7.58681923876244,6.4964018220914825,7.616898080289684,6.692927735296437,19.59380614021353,4.853161805342093,3.4350132067055354,4.8057328358390246,3.504482935919168,13.86833336035543
668,TSLA,LSTM,2022-09-01,2024-09-01,19,21.72869046772216,22.97838294883833,19.273415080551807,13.674134650352364,46162059.22878825,17.9597854361762,19.744328076685733,15.375952926824615,10.996380299625116,43789559.697109856,8.686411498527697,9.259256576423716,7.643317499211159,5.273131338516553,59.53195135684231,6.399411415629104,5.884782983008882,6.189129316776784,4.153900721214388,28.924874503443725
669,TSLA,LSTM,2022-09-01,2024-09-01,20,24.76188857685811,22.218525023033425,24.12926922302761,23.61201477213307,54511506.650388844,20.306604985783,17.954398868940977,19.738221893910108,19.19591313276217,52288689.25167479,9.368925787368138,8.091421351599708,9.327871443136337,8.862596757870463,70.80363778397134,6.484183311068223,5.9400868173656445,6.527400896984741,6.3307130086784085,31.80306865405879
670,TSLA,LSTM,2022-09-01,2024-09-01,21,59.13830604074592,65.05516223527144,65.72657820825891,64.75696846238148,68754422.83928987,54.92512159689395,60.913961344805166,61.679600840792496,60.75314097561792,65580673.79127898,26.20954576603661,28.343395913657105,30.08807615638796,28.933768117831608,89.25030265358635,11.228400838503196,11.326273874708995,11.884941608522666,11.365734114985868,41.1814644882769
671,TSLA,LSTM,2022-09-01,2024-09-01,22,16.3640687523075,14.76785258928167,15.69666333094304,14.703894255528564,31230593.86466648,13.966184440448403,13.086317122446417,13.373970930955997,13.017179905657994,27785510.290527742,6.546063652819043,5.992436062412025,6.421880278587606,6.10113338607238,37.78157240359219,4.046048860523868,3.1217151933656524,4.006907955462607,3.1872032590189634,23.49458424904867
672,TSLA,LSTM,2022-09-01,2024-09-01,23,40.61098217044877,33.16548832657947,35.24638017043566,35.35160836202348,50440643.63688119,33.51712873552957,26.45371583576585,28.334299014669387,29.389948727693845,44297287.29981149,16.003643620759956,12.379902320483938,13.938275641425747,14.05982735147662,57.27074687413671,11.643025050912655,9.794851502415858,10.914595925977007,9.895510538366404,34.471537428835745
673,TSLA,LSTM,2022-09-01,2024-09-01,24,26.81324293876808,26.97134201160652,29.04185460956376,31.890594140946927,30138710.623304423,20.87330768116914,21.122513811626657,23.08620043306657,25.592873340592902,26062057.869564693,9.700947019661848,9.582592636212762,10.97835443033745,11.88853343863228,35.465621515508815,7.785430799296182,7.646430965079733,8.343113884895885,8.846860070524649,23.935448551777235
674,TSLA,LSTM,2022-09-01,2024-09-01,25,15.859788293724474,17.235245494189876,14.399259209837057,14.586996144203882,29088840.56406045,12.002215200739496,13.321081607270616,11.147932421784033,11.526240555404229,25547786.89279596,5.829707662072401,6.298507683741339,5.517133590094312,5.5481851686277714,34.62116865247282,5.401125759004202,5.401557550925202,4.870792688498224,4.54120290893789,21.72749390247205
675,TSLA,LSTM,2022-09-01,2024-09-01,26,20.000919273399543,21.421546173437847,21.140324943759047,24.0803278707948,40264730.15160064,15.86536854017716,17.84754293990431,17.141961963922665,20.68324979490564,38029651.544160046,7.705796241845594,8.409592406971203,8.514165109547031,9.954208444396436,51.61124980788878,6.364831913755157,5.927437913886865,6.597955914839219,6.29493158537375,25.907258715608123
676,TSLA,LSTM,2022-09-01,2024-09-01,27,85.99622611217441,83.77221363929091,83.67046818035969,87.21400210295299,41988487.41076016,80.11123722446634,77.52311799777927,77.93371885804969,81.33626093456421,38867112.93843428,38.07994092113424,36.02790264653717,37.945807635034136,38.6613746564418,53.104417941498816,15.686417505500977,15.37954162025573,15.53686749952828,15.66061888297647,29.178544697450885
677,TSLA,LSTM,2022-09-01,2024-09-01,28,18.895596990159994,18.49575466150492,18.594377685317564,18.50248955554392,22580133.96155313,15.96047873752808,16.31265473886832,16.406831481950338,16.50810787956984,17992257.291411955,7.537369660559887,7.559249396739574,7.958788138341193,7.83415980327876,23.591140413822565,4.878217226539912,4.084477618835007,4.438290798212412,4.03673575253578,17.22325211165772
678,TSLA,LSTM,2022-09-01,2024-09-01,29,40.12281499975929,39.72249395930984,41.66385521264782,43.80803807847575,41937195.170167536,34.52413236713163,34.68499185712857,37.04236533182012,39.800179934789575,38830317.55502264,16.061919126347764,15.841162494159583,17.637158681150744,18.572473649492032,53.106572806054544,9.42669001548333,8.778638776558939,8.998803147543324,8.44965105725579,29.62379604106193
679,TSLA,LSTM,2022-09-01,2024-09-01,30,76.18466607750865,78.9638713349891,77.7763913828198,83.29045596870391,43216371.61614877,70.63917678186274,73.49913259810116,72.50398637363715,78.25996523760121,39601044.53671018,33.64801208472057,34.1733609857111,35.34072023748736,37.208071313272015,54.24563003366176,14.36015286783686,14.113612422306748,14.464254416229233,14.3457862485097,30.706526294487297
680,TSLA,LSTM,2022-09-01,2024-09-01,31,13.045102218682606,11.646647767959951,13.179319601551056,11.701499707324952,77892048.36266662,10.084677148359331,9.36570726620096,10.208727414332262,9.79117024073498,74723369.79251066,4.854119599177746,4.3750649141007205,5.044745965984419,4.6502426295245245,101.33395461528592,4.298449585317219,3.4102117568444887,4.439647127026709,3.252529334306868,44.43650601867198
681,TSLA,LSTM,2022-09-01,2024-09-01,32,25.61018919196053,25.07446475452805,26.01152541680021,25.88486897116308,48967599.41255511,20.83066234093852,20.18398390418692,21.25723837231397,21.124844609839588,45690878.73887459,9.656751122438427,9.134403549772331,10.082520629566382,9.791651621768285,62.58035042494636,6.836968646567114,6.75895227037653,7.065153387999959,6.904129297636644,33.576161675488976
682,TSLA,LSTM,2022-09-01,2024-09-01,33,17.39137036689414,18.081685225885384,16.43123340929311,17.606499566486384,28887756.448265065,14.386627884134366,15.363237006832238,13.783423708036784,14.715351213210806,24935140.61992129,6.704009733541724,6.96390220888448,6.617995934199128,6.818336349030705,33.812190921729155,4.547350526525317,4.288344852947086,4.323633434631391,4.428202134718577,22.325011172685755
683,TSLA,LSTM,2022-09-01,2024-09-01,34,67.32051175676861,68.08316997784881,65.73503761789014,59.97164897314282,23345880.72617548,60.33680202977208,62.51531398152335,60.66364956652821,52.27921949404989,17072223.825415175,28.307813569469136,28.709926049665363,29.10720633273625,24.616936157910168,21.26128367370927,13.917205274860688,12.411514665173174,12.10168705065514,13.67291789004143,19.404817261089224
684,TSLA,LSTM,2022-09-01,2024-09-01,35,26.55394054657891,29.92136428058728,35.80677488969743,34.096643309088606,110807075.35995172,22.7131087752992,26.08303061615383,32.24593373056054,30.96745527109775,104085750.11135496,10.537362740595578,11.848530976674091,15.29001169489134,14.379914427249272,142.32486042447937,6.249582484588503,6.590764472611729,7.276626850890907,6.484734021820146,70.33844532599785
685,TSLA,LSTM,2022-09-01,2024-09-01,36,15.45852943809924,19.19429838013655,15.771342468802771,14.918307907583966,63109748.59091116,12.848660850260604,16.423846018164,13.33713757215869,12.343149755229046,58358812.82766499,5.88140204303464,7.341801563873076,6.258763095134133,5.646265923240739,80.35015074072564,3.8310331549860286,4.317379624122578,3.8496954372913423,3.742911020525625,44.040728564649946
686,TSLA,LSTM,2022-09-01,2024-09-01,37,75.42630778626226,81.12256899764363,76.9447744423297,89.61126762002291,66946595.26214469,69.97737128235924,75.66410219827581,71.87250470460097,84.71814562184444,63177555.195714615,33.333087728388286,35.16876822941546,35.02849373727118,40.23080883676571,86.41208233866702,14.175201485808142,14.31874287191453,14.16045488210134,14.785736461910815,42.50240010735204
687,TSLA,LSTM,2022-09-01,2024-09-01,38,23.2659884773927,25.99870585343472,29.667634166880774,26.676182230565427,22247309.01872872,17.994215582097535,21.15293769536254,24.989330617482384,22.09148355129446,16603499.8372859,8.712319233525804,9.941392930070108,12.319498465349657,10.613398147927953,18.51628186850101,7.621480371783893,7.489335102735825,8.49974222069973,7.568303834103984,11.411741164741375
688,TSLA,LSTM,2022-09-01,2024-09-01,39,21.13802909634185,19.98022312474657,16.17678670246595,17.508040562514285,49612990.73425974,16.709866184325065,15.428031079064612,12.631403715539436,13.706250533589566,47096541.0180513,8.081223728658573,7.271348652208759,6.257470382085989,6.611270346863693,64.09081941770475,6.712237747916225,6.226908828392166,5.389716625786886,5.500676111316024,30.79225698636764
689,TSLA,LSTM,2022-09-01,2024-09-01,40,24.810155196388724,25.12327586415588,23.938876873707702,24.52445284860319,20492724.937089235,19.59771291042983,19.83855731243408,18.912931994647074,19.45957272526842,13610725.551268658,9.145080251610985,9.025989272857782,9.046825082217609,9.072590039672306,14.574549564150132,7.073196036544241,7.013911868518112,6.971843631373252,6.923826405221356,10.235611756373093
690,TSLA,LSTM,2022-09-01,2024-09-01,41,44.29291087887371,35.72814624949529,45.695738683614906,41.2922458971225,25019111.527453423,41.74685814387485,33.04416203794315,43.42963712517911,39.00717945838648,19815198.69749565,19.94825087149481,15.458986680063433,21.21853866289233,18.61868676989128,22.689503938190192,8.177995093555616,7.020504051353785,8.12367185847951,7.290024209835351,12.365502481782183
691,TSLA,LSTM,2022-09-01,2024-09-01,42,17.172669729219486,16.569822789846896,16.3722681716807,15.796154655343718,43578848.89590398,13.473250704127224,12.785671361120194,12.483758199845408,12.439436255169143,41284292.44073073,6.528279424544907,6.046166774515495,6.211394029178961,6.008714413863596,56.10290859066761,5.568410597104097,5.207308672275233,5.621431427787799,4.929142310284058,27.717724035854207
692,TSLA,LSTM,2022-09-01,2024-09-01,43,16.747654158644067,15.953606472600653,16.519680876772416,15.998918522227514,54360669.86826326,12.833155961769682,12.103720015862551,12.42338212314833,12.535197944221151,51517886.9423286,6.216888967601665,5.712453870331252,6.178836032675854,6.047648206748136,70.25915430312767,5.606331660640199,5.137474881129656,5.757612195900767,5.03188729027584,34.1155608715322
693,TSLA,LSTM,2022-09-01,2024-09-01,44,29.98050082740888,27.55019723534817,30.19379036765119,27.658278879225435,44628120.28783352,27.2433996555448,24.92777187802977,27.421564224134293,25.060664493796107,42294211.12894455,13.090610119735354,11.69462699256274,13.501672278719791,12.038098818273932,57.48824598648156,6.783579857078856,6.027728684453231,6.931412516573018,6.120008620402332,28.217013586845763
694,TSLA,LSTM,2022-09-01,2024-09-01,45,19.38446337491728,18.630912112460454,19.388271478072163,20.129322027144944,24482998.68066528,16.18629606322114,15.905560678131163,16.096873989033156,16.684362235102164,20302112.146570683,7.585533437340773,7.281794335073606,7.721005736299642,7.76344331031714,27.0431146980268,5.0251565982883575,4.424791048459175,5.213306168046524,5.213401603402744,18.67340626555319
695,TSLA,LSTM,2022-09-01,2024-09-01,46,50.42867663368854,51.13497430387801,50.11267426136564,50.686404793034974,26623980.629916187,47.06178873575687,47.68006547489543,46.81564985553028,47.39582459919358,23693605.41451613,22.47675917344661,22.231417729106614,22.897751329238726,22.61887936012916,31.765203048539263,9.462480985708993,9.22890102918576,9.473506021905624,9.18302783874694,18.790394357568417
696,TSLA,LSTM,2022-09-01,2024-09-01,47,15.74315551382812,15.185503265489956,16.08509683934094,15.495773912020304,23961552.490252137,13.428181590830384,13.476326189055602,14.20224396964544,13.824065943365651,20632819.690512817,6.374221300626144,6.212900973409952,6.891629317997724,6.552287181894213,27.53490183352833,4.105563857442568,3.2540631793946297,3.864182873107461,3.401957891883504,17.500451926893223
697,TSLA,LSTM,2022-09-01,2024-09-01,48,68.98984106878916,68.82744978764292,65.69025561105855,67.07829189032225,65571947.61517447,60.890839615933615,59.7856698878189,57.39884171102287,57.59626743380058,63545851.59132638,28.487814433940155,27.4546240461288,27.496972257354614,27.05129917701416,84.93990923983341,15.100644755970343,15.617283426077256,15.209917896197082,16.077376158895337,33.10615707849912
698,TSLA,LSTM,2022-09-01,2024-09-01,49,31.96048337832616,25.62557658642529,37.38446307161912,32.80387093744121,19638639.63302972,28.91988540513155,22.741218474910763,34.8437570127905,30.22456454219641,15099761.159771284,13.889497512449555,10.67843851951308,17.055667231760275,14.460172220688197,19.240281473872045,7.331854125521113,6.069921515273231,7.608691430208625,6.732189959086016,13.650038878122873
699,TSLA,LSTM,2022-09-01,2024-09-01,50,167.40189239308873,182.90860271514205,173.02373826651046,175.17373017494157,114744434.8988338,149.3663671279543,165.0118863992507,155.48052521675015,157.61391630755375,107350009.6325294,70.87055895271973,76.48909817466938,75.4871894186789,74.77793242244437,147.126262124636,36.17692847305469,37.14011199991316,37.11699051729133,36.74565888777081,73.63535934077025
700,TSLA,LSTM,2023-05-01,2025-05-01,1,32.44032628681707,41.6275454909399,30.340059376534025,37.73090160962624,69100251.24381056,27.08255315173484,37.23742494897541,25.171218035482323,32.29081163267247,58891664.26025321,10.18167488729468,13.599735484205755,9.782115256203587,11.99597132241148,38.09436996666375,6.209855561848934,6.153011256050362,6.112511910147269,6.642604079939468,16.628979053727065
701,TSLA,LSTM,2023-05-01,2025-05-01,2,22.00261847663786,21.38720761488339,18.866443971859542,21.27644554248657,43465234.79091717,16.945684177092474,17.172912730750827,16.038690421022682,18.25070244782141,34833178.77066483,6.446610838656238,6.302811053286082,6.567907095147264,7.002333130188679,23.142298076762856,5.054642788390509,4.510834394671305,4.240989832462031,4.118567868893059,12.9773833989987
702,TSLA,LSTM,2023-05-01,2025-05-01,3,22.182930020886584,26.37275577814112,20.449463790274883,27.29779919069855,44815216.05996191,18.090527817571115,21.584984130261727,16.432004632791156,21.957469702203493,35638182.98392693,6.86672947293859,7.805563917394023,6.45063357144929,8.118217328038133,23.281559013764884,4.444632876177736,5.129695693237762,4.471523444799861,5.622849317860183,13.102985549719945
703,TSLA,LSTM,2023-05-01,2025-05-01,4,38.18770704772394,47.2855708231018,37.808611662291305,44.87079634155569,57932743.31747671,32.963083657750346,43.07863843521618,32.81478091647648,39.80608853179815,46986669.01784689,12.470368721820886,15.804654026958334,12.852102494447552,14.903154749182235,29.68477654284824,6.706105818908882,6.43905924286749,6.759550579863135,6.9768256391495465,16.143493986814974
704,TSLA,LSTM,2023-05-01,2025-05-01,5,178.75890594676872,192.57629012970995,170.7915463634853,163.21769793610903,107616161.84390862,152.7600432948492,163.96067618691157,146.69955748768072,137.76276522774333,88986360.49841423,60.44019824666812,62.285654043950736,60.05454633676524,53.98138217339162,77.05409541572331,36.732152615462766,38.72711484076957,35.682105952184834,34.4875579699622,65.92216082257492
705,TSLA,LSTM,2023-05-01,2025-05-01,6,47.40896598573896,52.11387084005543,44.40889274995648,44.15514916587099,52206958.019603126,42.147103198209614,47.83693943721275,39.63461993400476,38.39485504244466,41684395.099143095,16.05790394996582,17.5967053755682,15.610832160173358,14.341735912711991,26.41724623037998,7.482603958244084,6.777992160539108,7.081086864233218,7.42202459521883,14.8298176721181
706,TSLA,LSTM,2023-05-01,2025-05-01,7,25.559504567564183,30.779219701979063,21.28743449544924,26.14080911287776,42810754.02717732,21.049976380422585,25.75170213893232,17.317626695497612,21.236892247566555,34174024.76966133,7.92928962007446,9.313930071115438,6.779016699560808,7.871784673683489,22.67266053486197,4.9750011217712045,5.718398755924149,4.482326895741496,5.254370580648975,12.814279870974149
707,TSLA,LSTM,2023-05-01,2025-05-01,8,68.23334280806431,76.23439829656405,65.65995424423117,70.73452258615914,54307205.65277292,62.58258013436353,71.53614869331626,60.10702910611735,64.8874755560678,43479769.911624886,24.086935102831266,26.53816712548408,23.9357801982581,24.62925430560221,27.440209429773383,9.436647434889627,8.763613733988562,9.46658877926544,9.515926845897896,15.449965078951209
708,TSLA,LSTM,2023-05-01,2025-05-01,9,20.05535570095243,20.20544730486067,19.4952936494677,21.691463158216205,62015863.04640685,16.5741738557047,16.765780424206028,16.575244435174106,18.330174795307705,51269281.04540522,6.602485157049484,6.256821338145182,6.810753713762466,7.010222811601835,32.624620490488034,4.667808918122165,4.180024094156306,4.408025710104211,4.315403298877683,16.56739129819294
709,TSLA,LSTM,2023-05-01,2025-05-01,10,41.10901759075169,45.96224837766083,35.10250631344798,31.31363673076796,45743594.51396538,36.39027968131909,42.0286799851697,30.24246423966745,26.09588207880089,36355340.63146273,13.81280514568254,15.413251687078828,11.812476357319811,9.672336789529696,23.62612984400766,6.529530360438157,6.0497340959375885,6.386943506372308,5.884158304653821,13.319068285594067
710,TSLA,LSTM,2023-05-01,2025-05-01,11,31.1444749586406,35.28164218616683,32.161264984973165,35.494365312717335,49102656.04022673,25.95680940409849,30.55622405061637,27.16498231955202,29.84347794232173,39094181.642742746,9.75899295004914,11.100122542234743,10.579459721881616,11.05870092526343,24.994553324584164,5.969363526294687,5.911533757780864,6.192226327923646,6.591562545137634,13.914898368349348
711,TSLA,LSTM,2023-05-01,2025-05-01,12,116.21033171781671,137.4772550407011,111.67481041086434,126.91376486581176,54262936.23299255,96.99529367758367,115.93880945462853,92.44229555402212,107.04101171946311,43753621.44094556,38.5007436158626,44.18227919313228,37.979700952288624,42.04285185469347,38.10320566754186,25.637753643853085,28.6088641513087,25.81960257180871,27.23117076133393,36.686238352123546
712,TSLA,LSTM,2023-05-01,2025-05-01,13,71.09729367812056,85.59723783496786,76.8678257414157,69.99463141483125,77760827.87306742,57.41365482691493,67.43695822518714,62.38737303116401,56.08709818970137,69242422.61745939,22.645811272375585,25.614260498948067,25.50465065135092,21.969641485590515,46.81566870719502,16.628253021342747,20.17228046744147,18.211537017015647,16.59427370834535,16.158039290500437
713,TSLA,LSTM,2023-05-01,2025-05-01,14,74.07447536295919,59.93411878854722,63.403506905850136,53.04115546472277,43635474.74580506,63.75020967330465,49.15113300772315,53.18533100373266,43.6017572596839,34710522.382414736,25.44313130081144,18.8170524207029,21.9160853551578,17.142756543376663,22.740526425850085,15.345049586331214,13.496964610929412,14.422764155943469,12.30915424725231,12.834200255975158
714,TSLA,LSTM,2023-05-01,2025-05-01,15,25.0070496044201,21.358938201941903,23.131222418245617,24.497878433179856,65862828.17290198,20.84288961896476,17.726386301214248,19.42976880547352,19.73239817281422,55382972.90686467,8.480344402996582,6.77368193428484,8.165303838347905,7.972923635488841,35.564229252093924,6.044667827580855,4.769738485282442,5.712050664342495,6.264171822038947,16.846413296785677
715,TSLA,LSTM,2023-05-01,2025-05-01,16,22.30975540505468,27.58937286518885,18.38615575737024,23.93463306414373,53879947.737318285,17.58153029842435,22.45310949087273,15.761283118878955,19.453751556926697,43239159.85548287,6.673730280685117,8.145709548963621,6.48375388788275,7.283979379780342,27.323192996573827,4.87531040536917,5.488930858001042,4.093793430139021,4.918563015412194,15.266018417029128
716,TSLA,LSTM,2023-05-01,2025-05-01,17,20.982751222590974,22.26762717867154,21.0500270718829,22.38103752441961,45105990.50709961,16.87579910570366,17.77106722475925,17.650915019116063,18.76248056601113,35924075.5235521,6.599954206637418,6.637626371173212,7.27225560959259,7.242951551366822,23.50573395848213,4.775993153820657,4.942693167373031,4.903302625176441,4.648941441164723,13.17723121780143
717,TSLA,LSTM,2023-05-01,2025-05-01,18,52.98597924469868,60.15250621424322,52.19667673625914,58.25803027247586,73247150.843933,47.72336089500948,56.04433694314712,47.50260076731599,53.55396400883989,63575276.273068525,18.24627367047801,20.68939381519932,18.81007098459164,20.23623342193494,41.66905486878735,7.944826441803817,7.109952075268651,7.617496534181107,7.51304839148079,15.811582554684358
718,TSLA,LSTM,2023-05-01,2025-05-01,19,42.74418309360785,55.425718318281206,40.78151383701849,48.84920866675166,40364698.57996175,37.96232682829355,52.04267053417036,36.33649223093572,44.42362041832195,33286045.7135879,14.43002741906048,19.19692870578725,14.290166993297843,16.70771482946556,28.44647632533617,6.759784948040385,6.053404581386912,6.559962236944592,6.69144235070728,26.397027031897974
719,TSLA,LSTM,2023-05-01,2025-05-01,20,33.55221019642704,27.637264117196363,25.2345956387331,25.75694096693292,43088481.534736805,28.81978853703273,23.32568017185249,21.57724917531106,21.740937452921404,34611128.722957574,11.590220012325403,8.921007850688172,8.921768906517283,8.618862001641386,23.277984412306672,7.4521548177152255,6.091317593803631,5.792194172478861,5.806804678987965,13.44039900742002
720,TSLA,LSTM,2023-05-01,2025-05-01,21,59.00958768680538,63.21460940755019,52.934948827158856,63.04435678636358,50439598.211964704,54.43771265979436,59.33017486004737,48.849477522703744,58.87165412934457,40153617.80722737,20.9087332795524,21.94383333063615,19.383650353669843,22.32025851113476,25.55049019212111,7.777393837989055,7.140818845896174,7.099280890821304,7.314003752189681,14.305622877221507
721,TSLA,LSTM,2023-05-01,2025-05-01,22,90.62023608221142,96.79690191359612,104.96329602097384,103.4543395629414,40401487.3805069,76.57780811256688,81.02976892317658,92.72271332176436,90.07064061100581,33418803.57703666,30.444645208740383,30.95458571025889,38.079839966609086,35.43055269347148,27.522791272150364,19.365378782463047,20.454918680296576,20.3357861231187,20.365173478197853,24.48619416178469
722,TSLA,LSTM,2023-05-01,2025-05-01,23,22.245789239478533,28.18749521165742,19.759767174702123,25.88573255696436,50680927.388949245,17.935098187975676,23.29999166222445,15.869917418323435,20.982847390709747,40254522.74754286,6.801594755774072,8.425980310270944,6.256633812862483,7.784439972811849,25.508287695165627,4.589787266074692,5.372232424376412,4.378689985473146,5.247445119439183,14.587871993256313
723,TSLA,LSTM,2023-05-01,2025-05-01,24,22.33303638554064,24.80103498564344,19.74284564466023,23.14592809990124,37869799.43893185,17.294499975916963,19.394323714436723,15.60874430622786,18.84224703570897,30381781.52067095,6.566356272182063,7.029525844601727,6.188490629920632,7.087736827379901,21.235382975999304,5.056350326428761,5.362396355203392,4.604631991059687,4.796118650633199,13.847935405019122
724,TSLA,LSTM,2023-05-01,2025-05-01,25,64.78422109780786,66.41124335356163,56.72345863422293,58.80335335397412,59027686.10837146,61.335017444706,63.10396964656236,53.365000861194325,54.70735553929405,48205807.25044677,23.6365654320965,23.36115962664543,21.22636571141356,20.70180392071461,30.53965370260289,6.757335401698644,6.588158704880382,6.474127480880123,7.022363510473663,16.17131180903202
725,TSLA,LSTM,2023-05-01,2025-05-01,26,43.224962264113614,47.119094109773705,39.11183013861512,45.1910963201716,44542642.40319302,38.37307605756042,42.99758649703287,34.383891100141376,40.25033455138357,35556397.646900915,14.58834448603671,15.77801536110988,13.49249469518536,15.078387418406615,23.388826173381048,6.8476750645687785,6.346497741022755,6.661006307874097,6.895007386421905,13.076932636415942
726,TSLA,LSTM,2023-05-01,2025-05-01,27,75.63921702509656,76.56399227256593,66.67200106382603,78.93727577395784,49954220.66704914,69.83850491104228,71.15203579524622,60.87954945815477,73.56151773083546,39759966.28050893,26.94662166845078,26.392583462786494,24.25137854265628,28.00772985498274,25.31001419729704,10.118188216387964,9.608056031431818,9.801047449455226,9.569820922498469,14.193906952435889
727,TSLA,LSTM,2023-05-01,2025-05-01,28,22.27303034657764,29.742660124477712,21.95007168462785,26.5465576660432,38888854.976447865,17.613618399904794,24.72490462995056,17.549851195442855,21.38126747075829,31349704.645989537,6.672797435330111,8.951895067567781,6.860542372301034,7.923649392860272,21.932461334426986,4.802814978003017,5.600467976002253,4.812774517650914,5.470200719448835,14.117465006125556
728,TSLA,LSTM,2023-05-01,2025-05-01,29,57.070078236358974,57.229991380112814,47.63131804283929,48.604466522869046,51425593.4814708,52.96556597650211,53.50237300667174,43.33596005941026,43.72434175017965,41081274.91721331,20.33831066939792,19.743643696464744,17.138164598948745,16.430631595437717,26.15260376854753,7.111627135421146,6.585153108272481,6.948594539718044,7.104423496566242,14.523617725692317
729,TSLA,LSTM,2023-05-01,2025-05-01,30,46.64076534898192,56.76436379480749,42.59030342191177,53.19390982338175,58753979.06059459,41.604625673703545,52.87628566766889,37.58195749327828,48.51238792795648,47834284.76709903,15.861746957220928,19.503801213683715,14.790518883983836,18.28643854146488,30.253494016858244,7.282093395127013,6.723277224636538,7.192082346605456,7.216755551118781,16.212378509983587
730,TSLA,LSTM,2023-05-01,2025-05-01,31,33.065074415021925,36.37884590222912,26.644252523036,32.952007236532005,54725235.22624504,27.68311527906758,31.49709062861024,21.80614502846108,27.2709534957537,43938217.73496728,10.409407579077628,11.438949090752844,8.471230406594229,10.083241188142209,27.737652401853413,6.298855741370772,6.12355123961721,5.499355622579894,6.351309828862195,15.503482783789249
731,TSLA,LSTM,2023-05-01,2025-05-01,32,50.85380155930058,35.69175501591785,45.07423618575415,42.65875538799517,36218426.25783806,44.68222118901622,29.90480147378597,38.7243949480514,35.75434510870109,29976297.94233501,18.033610901461323,11.586867803134066,16.196941103622926,14.367954946168782,23.641379714314155,10.553990211551522,8.121276732576218,10.368993946396248,10.112263572792504,19.489523716412524
732,TSLA,LSTM,2023-05-01,2025-05-01,33,30.886805214300107,29.406533393597226,32.24290426810413,26.7985297536477,53546094.39945405,25.99774898202858,25.101065673685177,28.10899212365485,23.191380448496663,42815964.95764148,10.29572580476387,9.497853445452847,11.58408891986964,9.059888405862315,27.036490168373184,6.937376004377863,6.132640257139925,6.944634116439777,5.459687830079427,15.307319800814485
733,TSLA,LSTM,2023-05-01,2025-05-01,34,47.25157656981106,52.564442191210496,35.36271845686885,47.2483211087273,49547740.19844113,42.72342804175979,48.91268334908277,30.11827820170973,42.43345639387464,39484052.03709156,16.300656382283677,18.01171372377648,11.757325400061797,15.921666445308883,25.222100923745465,6.842794637858875,6.169696560131381,6.696532261258039,6.916978512540544,14.02266555909318
734,TSLA,LSTM,2023-05-01,2025-05-01,35,95.2728771807086,88.37041908998594,90.07398507604384,90.2864718096518,51398327.02200929,77.75197648696522,70.43340776159425,74.28381220177877,73.11375275410423,41137513.87103438,30.81679172686556,26.802970806224657,30.49173185256674,28.694154480575484,26.18182664486281,21.796342237669016,20.517587749651494,20.772529124374422,20.91066625284711,14.46138370952911
735,TSLA,LSTM,2023-05-01,2025-05-01,36,21.14353827796037,20.36911410625576,23.478731318379097,21.86400777533616,54961291.54252279,17.85620414661662,16.83715849856838,19.559675132596688,18.958367697372346,44318457.5399226,7.1546895625927975,6.252418981690795,8.251289526010595,7.478064253750663,28.04145849413243,4.860494502890054,4.1975733558728665,5.943783590616468,4.617003167906972,15.311646111503205
736,TSLA,LSTM,2023-05-01,2025-05-01,37,20.238857992406068,20.52885601861097,20.021226125168383,21.342420790265567,51729279.706540816,16.29876844703285,17.04633320586627,16.803358116943066,18.71684448879293,41230513.62866461,6.390820155423745,6.450934953953598,6.8904106602595245,7.336685039138178,26.132132767749468,4.694507767777337,4.439382488964794,4.617310877770126,4.224238606362299,14.734259403840555
737,TSLA,LSTM,2023-05-01,2025-05-01,38,30.222571439046103,38.827162406144105,28.9024314754786,38.782710242680665,61845214.2018958,25.075758802563588,34.29367075200222,23.867890985212565,33.62204023429713,51228444.75421112,9.418691999034504,12.492984333193943,9.26593969166825,12.513934054390855,32.62662422925528,5.880107705402879,6.085709867731823,5.903332378560172,6.58036479716099,16.294621332168273
738,TSLA,LSTM,2023-05-01,2025-05-01,39,54.56082798058449,56.8036976391783,49.75385120023625,59.05101569543245,37965976.95422769,49.341181491468895,52.40498322629519,44.41995336068921,54.234504333870845,31168920.503395896,18.89014438512312,19.32738803052652,17.55519978513349,20.504427354772687,24.95097868377974,8.003232814527896,7.203813098277625,8.008628195688368,7.677345782453456,21.533121311375304
739,TSLA,LSTM,2023-05-01,2025-05-01,40,38.22950683520624,42.67865208051875,33.399872820575794,39.24012529900496,53713788.89170515,32.884548227921165,38.22717436446469,28.216993108870305,33.652298203334134,42976991.55005366,12.425985740261693,13.973775334359786,10.99431276200648,12.518725770126808,27.14499587508741,6.780339512674938,6.292593358244403,6.441742343946707,6.886616546747954,15.29428640718834
740,TSLA,LSTM,2023-05-01,2025-05-01,41,101.54038378979293,106.90639167418418,103.7386898812262,117.6882610441878,55503544.50609511,92.33782222849966,98.97097450548787,95.78489807553385,110.18960429196927,44697969.34822171,35.75194937906528,36.88086215831948,38.42392238358679,42.21393427872231,28.222481376596143,15.265787134048177,14.15170190332782,14.6937112445078,14.310954194684331,15.640701528125977
741,TSLA,LSTM,2023-05-01,2025-05-01,42,21.40776389132176,23.11111295475329,18.799970556058977,23.55486857747779,58850059.98583961,16.527490541638443,17.95799371725252,15.746041516097335,19.20126628002592,48051812.40472109,6.29569805059787,6.526427345331847,6.386126116069282,7.208432366942813,30.443499544084435,4.907788141433803,5.076474551829192,4.230360920732864,4.824560166631866,16.02186914968795
742,TSLA,LSTM,2023-05-01,2025-05-01,43,52.13188803649971,56.498512167908295,49.39445313025197,53.776691149664224,60085886.42555624,47.47729699519701,52.64562332350271,45.17979728372434,49.24576932011574,49311856.846814856,18.16451428148444,19.410729984161044,17.886324013311153,18.568023735915222,31.285776549807053,7.368685200507971,6.678090861953437,6.9873097504627415,7.130377658292055,16.185212595714965
743,TSLA,LSTM,2023-05-01,2025-05-01,44,80.59939951263472,87.55839839830308,74.92441596518506,83.15933641525743,56985600.73217922,74.97094182688846,82.63194722255976,69.79735188131536,77.94111187284354,46431013.50513294,28.97644688684526,30.73331716420744,27.90148206238926,29.72192895671525,29.49962746359499,10.362966114064568,9.819390397119273,9.768524731058728,9.74245052956148,15.472167387832696
744,TSLA,LSTM,2023-05-01,2025-05-01,45,62.193412608255,67.83786308807339,59.78953805803901,68.34923894690195,37034632.12850735,56.70622386580256,63.75349875732435,55.19551949238392,63.55801632143434,30303739.019462068,21.78795409678517,23.614599971858777,21.957530305823,24.133635303507106,22.30854275946529,8.894655686619103,7.599903764887463,8.088272628097242,8.292653363247661,15.889701729772671
745,TSLA,LSTM,2023-05-01,2025-05-01,46,72.46916149313978,83.70748106985398,89.47290564843246,87.26313103056819,49567359.42797658,59.00748137030472,66.79124725690367,73.24045610362869,70.6093076577064,39466025.499884285,23.31697865736385,25.4251856333784,30.02039837383984,27.714272972436746,25.114036268740865,16.774892711040852,19.414804857959485,20.880403483138267,20.213663038101352,14.404554803703531
746,TSLA,LSTM,2023-05-01,2025-05-01,47,50.6335321112027,60.85179654153942,47.24064790525593,48.27794784864189,47572771.606254354,45.411312805539055,56.95325712442056,42.28253655651467,42.61218866721399,37831788.2209454,17.34451246372721,21.04213690353209,16.691733784263192,15.98327416559339,24.33298680658264,7.729914906435072,6.935365811087612,7.491128968652952,7.696262609621482,13.534193959113486
747,TSLA,LSTM,2023-05-01,2025-05-01,48,105.76086004784278,114.84721949628748,106.1078696756164,114.65507989116138,38981473.572637066,95.24409710361464,104.75201921864752,96.70126404182916,103.28857510343909,31995448.03842455,36.87451327779358,39.0494234957746,38.76396700265524,39.48209411170851,24.90395316175577,16.643470092124286,16.624252331442232,16.174417170974078,17.64142132264998,20.33352994082865
748,TSLA,LSTM,2023-05-01,2025-05-01,49,43.05732267270113,41.26908575095215,49.69938619215187,46.7008515241446,46226969.61543147,36.87009940996907,34.7957518197757,42.67034395981012,39.3310820995255,36806402.10279404,14.733037744182504,13.36378386803686,17.718918996572196,15.67070698098974,24.02646642639657,9.462297254275471,9.08448358641909,11.08277335827669,10.680412024443886,13.556266292108878
749,TSLA,LSTM,2023-05-01,2025-05-01,50,48.32570363137913,54.5009823156737,43.48375865712677,55.11054857739935,58792359.97595367,43.74215915917826,50.73778543339928,38.81978007189249,50.657419636551126,48030821.10360503,16.70179620784087,18.69536358506745,15.29163158829156,19.120840667182907,30.444301985297507,6.999448606008548,6.441250612574782,6.969584234558996,7.125308656567639,15.966674240707604
750,TSLA,LSTM,2024-01-01,2026-01-01,1,172.79998614588686,177.22588333828554,178.0263253037074,177.56566343881877,23688385.48058522,158.59159307666414,163.51860832907968,165.17231476625403,164.90956820215263,20761355.106947426,34.554170432163694,35.11605789009213,36.65204499589928,36.033207066986805,33.363281054099694,13.536451214246334,13.304608239808108,13.24040411312135,13.014746711810536,29.13827777049208
751,TSLA,LSTM,2024-01-01,2026-01-01,2,118.09840430702911,131.5815786899343,128.83650374765983,128.25831188557407,22706705.65429946,101.31377575903488,117.7844483241284,114.99487594727604,114.0730099614111,18605506.9748456,21.83670682436156,25.166603060713083,25.342315634232897,24.74331153138584,25.15996792530512,12.395385895212211,11.634626194891595,11.93369017521654,11.973469983322676,19.2869948181012
752,TSLA,LSTM,2024-01-01,2026-01-01,3,35.01002332926619,49.5927550149472,33.82057316582774,35.500642702043834,48467541.63890266,32.57911204794978,46.9374974621114,31.16038067113935,31.98316682896758,43061545.41612088,7.295801695148165,10.320199092890071,7.105988228350967,7.187112022763322,71.23317312389013,2.832148718831855,3.474787913961431,2.980689800208064,3.4666490436119144,53.87088018424056
753,TSLA,LSTM,2024-01-01,2026-01-01,4,164.0344632992803,180.9162684225504,155.232341559904,174.53412484607074,29757216.01351499,158.2250484933269,174.4778308681244,149.95381379802396,168.84519465646002,25174548.399124,34.93191631990121,37.93205697374014,33.67412353626251,37.352243212969846,42.78676633094926,8.327724553453415,9.157410987719947,7.723787209644101,8.488911457968356,38.53551109229896
754,TSLA,LSTM,2024-01-01,2026-01-01,5,136.73587838073902,137.52989982459653,134.76659939277056,134.6902307702695,26200260.068614013,123.55758528884743,124.68527901532669,122.24517530962711,122.00732646030168,22664714.994733334,26.84380452565612,26.69006547186538,27.008863329098592,26.53461437542729,37.67664142796277,11.689190884149996,11.451197332165185,11.560196764600173,11.54285907611674,33.59727302088955
755,TSLA,LSTM,2024-01-01,2026-01-01,6,29.206714074551105,21.71088378953032,23.0447633110831,24.338575911152905,33014162.04254982,23.44424401300035,17.34608602799955,18.86311701589563,20.13489196936398,27775849.43881233,5.029499238511296,3.7474759600926375,4.219857205051012,4.674301005163124,47.51944313518111,3.497752383552742,2.714217398032172,2.855286869418117,3.511681662010652,42.1557955728461
756,TSLA,LSTM,2024-01-01,2026-01-01,7,37.80421771564167,32.54937657510952,36.99640737790345,38.77953122940799,29656891.54461675,32.3048904269968,27.153314381496937,32.675182248983766,34.41178920826048,22816588.229345884,6.963531658057385,5.775065808202038,7.211440119896946,7.479081983533724,26.778156309172985,3.941096447313584,3.56077736325236,3.5000724495169564,3.524137910726933,17.74328315267984
757,TSLA,LSTM,2024-01-01,2026-01-01,8,27.9292490844682,38.59945940364727,27.49281849196756,35.68507397315796,21384775.57501262,25.47047652769429,36.45298107373247,25.13511281825352,33.257303186564926,18270264.8807402,5.802427253979398,8.125092139236362,5.828459589322635,7.571631823930581,26.191771329882336,2.714017770240925,3.021923856013886,2.7379698560276404,3.1872640342546728,21.731906211292028
758,TSLA,LSTM,2024-01-01,2026-01-01,9,181.73241377259228,179.03474751249405,179.50257931386966,180.69889420159896,51085173.30601094,161.76648837054546,158.32433080598034,159.53220051963123,161.5370070117296,46201073.33819747,35.07651826356039,33.784521378821566,35.148752686128326,35.086086921830734,75.58824848620894,16.66864988136542,16.762430761298855,16.97041716017724,16.522191408969704,54.4585326262112
759,TSLA,LSTM,2024-01-01,2026-01-01,10,119.48170566651456,118.98425154639412,126.96949985969005,134.14711294862354,76347211.37180313,104.2436975700311,104.5240911137257,113.82509670713344,121.83363415175614,73107728.41507815,22.520373739025583,22.263682489799468,25.09777510434133,26.509827236689425,114.4228787518272,11.87641673594772,11.403324908192635,11.545661056775389,11.308558130074887,66.64757688339729
760,TSLA,LSTM,2024-01-01,2026-01-01,11,35.30018227614712,34.53453397852177,44.40287812256811,40.21111956605717,21563439.117960256,29.14932714181404,28.525389388407262,38.214932257214784,34.71185100565093,19086108.30325305,6.290652279698936,6.077562664689515,8.385469289023753,7.529636788390355,28.577428785808767,3.998579442961785,3.884436030673744,4.604827947257097,4.048962388160293,23.086232640715284
761,TSLA,LSTM,2024-01-01,2026-01-01,12,18.341938163846542,24.759736289917207,20.1969044704024,26.5545859048395,33063848.52888862,13.376167240461491,18.91702974884396,15.13842466952974,20.572997568529512,26708400.265724283,3.0168196305101325,4.193771949996983,3.500337807959688,4.643709392389499,31.7258665757872,2.775183460561035,3.501198870520196,3.083064283406076,3.784314525974804,16.56534953814632
762,TSLA,LSTM,2024-01-01,2026-01-01,13,187.0460512595829,190.59763784131903,190.8509063902198,195.7810739544184,29632677.45752493,169.131938216273,172.4115088222899,174.39904304008843,180.79434767524944,25163799.942239173,36.76250501993554,36.9130261722153,38.5978109902183,39.47230192248544,42.67117663016891,15.957691791370356,16.107747099009902,15.701563242132032,14.947893446457854,38.148615699165
763,TSLA,LSTM,2024-01-01,2026-01-01,14,103.7790071998807,97.90798925940332,89.98389400135017,78.55473186681496,36476218.08697694,91.91772413000402,85.31827349592878,77.5706359423111,68.16986614107697,30888938.14396103,19.901053306776458,18.147776422273804,16.998906673954888,14.762634309846314,52.68379165016107,9.663657509665686,9.625026085044944,9.48184662428742,7.884389533118716,45.25926611225623
764,TSLA,LSTM,2024-01-01,2026-01-01,15,37.9110846475263,33.91744938943949,32.6052099181037,42.10955842635188,21805312.847742803,31.55677417853781,27.70760184153361,28.048519600900185,36.87964001282532,19553066.68490047,6.788380922399627,5.880575152639631,6.219159111801218,7.99724020069508,29.875871776752856,4.196105065622382,3.891068181837488,3.412824647584934,4.016360928978154,24.349371716178258
765,TSLA,LSTM,2024-01-01,2026-01-01,16,46.11247851281517,42.25027151054935,37.601727639511886,45.50415896123728,21819833.79887614,38.81955910144549,35.305326729633485,32.618287737023635,39.83878443533749,17607888.810607493,8.344522553933471,7.482433841037511,7.204621880943239,8.63266864816787,24.024312688354595,4.994549736643776,4.597039286888148,3.7791384152803698,4.356592078783293,20.089455970793995
766,TSLA,LSTM,2024-01-01,2026-01-01,17,121.15693939340817,127.41049110101126,124.57802922934437,129.75325577030773,22250062.23196737,106.73212726273772,114.34779761782694,111.41712850786276,118.03220684114604,19135730.81156383,23.0918714423722,24.43579116385072,24.555669477876265,25.68696046698328,28.398695025938466,11.629600079729968,11.16208894526156,11.49221588448257,10.850795229624833,23.61065255297183
767,TSLA,LSTM,2024-01-01,2026-01-01,18,68.73261324080421,73.59899304680307,77.9388523556559,80.89261948443539,21625508.87291746,58.289950061488135,63.71276670633339,67.81036191519755,71.19621434479556,18961503.430643927,12.539510082777564,13.53673515684594,14.875360439776223,15.40320394288872,28.036549087025424,7.371413492142648,7.330422240418565,7.960664694966275,7.851907913619864,22.523419325844618
768,TSLA,LSTM,2024-01-01,2026-01-01,19,146.47075411443694,148.14627285458278,143.9709607924101,138.82949376064224,41191975.22808103,129.03269833465768,131.74859532722812,126.55454593731385,120.90778875761464,35124297.6363799,27.929821187938508,28.13083922014063,27.829662587225133,26.152275860267927,59.476556662345246,14.002454046831062,13.50830262337072,14.229519689411676,14.093292690338382,49.86637756881726
769,TSLA,LSTM,2024-01-01,2026-01-01,20,173.70256434371456,172.12123595953128,177.80097090979757,170.64588520523222,21512337.478390515,158.57549732921342,156.34816420026164,164.13407456533886,155.39543371723894,18649172.77661964,34.52101554133853,33.4929124015923,36.390833620937855,33.84330955369593,27.29539858509824,14.021484624491304,14.188513189881228,13.675828454469292,14.20612319091432,22.002849000953155
770,TSLA,LSTM,2024-01-01,2026-01-01,21,81.76094354077692,75.3422035457105,82.35082189593163,84.16876622464537,48069670.75338952,69.88875174904332,64.38907034985317,71.27771428503654,73.65124491260715,42940872.17106153,15.045927622697643,13.666675584857169,15.627947950920696,15.928156815943842,70.86637441427767,8.64327016071887,7.805977383918622,8.546552642428615,8.305712893483156,52.78819251975436
771,TSLA,LSTM,2024-01-01,2026-01-01,22,20.82659694653073,16.814366118396613,17.462869197059412,17.088584911624622,29992757.69741358,17.80513667429693,14.632548808411489,13.948830642130115,14.29708800047274,23151307.07330257,4.11292553017805,3.244930157940293,3.137680411211928,3.227423015083422,27.257035658337088,2.666166230841902,1.934923735236635,2.3254940770568604,2.228855771035719,17.82322025402389
772,TSLA,LSTM,2024-01-01,2026-01-01,23,57.171235596643065,61.39853062748432,58.94425100791192,55.195203281058255,23001399.975853264,48.43340334079091,53.079023433774665,51.09630637288935,48.44054121757311,20521425.293677203,10.415461453432414,11.27480118625752,11.209996177085245,10.496111198500644,32.55214758022401,6.126075906460599,6.107478038548377,6.022678282710618,5.266242886545792,27.569589019156727
773,TSLA,LSTM,2024-01-01,2026-01-01,24,19.780377390508782,18.51672018335181,19.732502844724312,24.1397466725492,46848695.784428,16.210654473296987,15.353003469190185,15.712359022298823,20.318674919400863,41394745.791015625,3.5803761028875933,3.356072178157398,3.567965971914293,4.722437143547099,68.77301186859447,2.4076111989937274,2.233440498098094,2.7288599114300283,3.345438872009305,52.66079707746472
774,TSLA,LSTM,2024-01-01,2026-01-01,25,86.84023698936141,82.86462773378402,78.56065836570039,85.63602745134693,28564504.83596764,74.75553902793307,71.38523466949012,67.71853481924806,74.77952144504037,24268187.922947653,16.11235774859745,15.160803332265187,14.84564926556033,16.167303984837154,41.0737349169164,8.979853184164769,8.410515497557364,8.221195530093535,8.530777431705982,37.078160408422136
775,TSLA,LSTM,2024-01-01,2026-01-01,26,67.61716307698377,58.30112119097556,64.43761426972004,54.42960575940627,35989765.162904754,57.11592139111833,48.83530881673472,55.43280019094088,46.89649376558691,30352780.18872509,12.273036559587336,10.347498904366368,12.1474832422813,10.168917217280796,51.88105638426467,7.37034932144984,6.356248346821743,6.765294172130664,5.558115961970561,45.02030116448476
776,TSLA,LSTM,2024-01-01,2026-01-01,27,29.215201382445976,29.790839727048688,29.854984500328246,29.38780366726377,23476015.964797307,23.82022509926988,24.128156292588187,25.660732593196823,24.62363207156189,20855489.98985092,5.12940562950969,5.117838789193914,5.670012307652354,5.352329774664391,33.425168835160974,3.3883436185426525,3.4750819962436896,3.092143990099966,3.2531718225222828,28.63035298851485
777,TSLA,LSTM,2024-01-01,2026-01-01,28,69.19667882805277,77.4917881843182,74.48972733435163,78.43526119536328,21663255.2245093,58.651483389972206,67.2267363960057,64.56777228497809,68.78229857627981,17890121.24127239,12.614972517942396,14.285329387842529,14.159441702936922,14.875409997556464,24.94804461540893,7.437189530658306,7.695497981895895,7.673795564395551,7.686178970724193,20.46194183235667
778,TSLA,LSTM,2024-01-01,2026-01-01,29,127.16760840866397,131.53433488734737,137.20779437811518,135.99697308235045,39011262.11694273,111.06302561808918,116.3100223246468,122.37043460220352,121.62508258139516,33324951.515645683,24.001705121161965,24.80474894536364,26.96473105293441,26.40454682940549,56.53680984974147,12.576224285377949,12.283212303983907,12.768300979251409,12.387479776291883,47.23623661781462
779,TSLA,LSTM,2024-01-01,2026-01-01,30,84.84641263700783,95.82518465387923,82.96458499800637,79.21244156460557,21500295.41836566,82.49189892497269,92.64344661033849,80.57101774081606,76.43858522674734,17988189.559594493,18.310602006311417,20.21991094247277,18.180068167489548,16.987773600802313,25.27318194475536,3.9795684037442687,4.8898583874537,3.959218979833116,4.277804840052467,21.00268828631778
780,TSLA,LSTM,2024-01-01,2026-01-01,31,99.41727155222368,112.61288627972648,109.7653749020264,87.93505880241021,22797034.15496029,94.62532676736116,107.8782795044633,105.88989113877793,83.46856192935087,17325215.047829274,20.871081101947382,23.47517595159476,23.814897256862576,18.472049758789225,22.406798884430547,6.043692834522068,6.362373408840023,5.643427844340684,5.645258255442701,19.796583643613346
781,TSLA,LSTM,2024-01-01,2026-01-01,32,61.270811564980974,58.5015724999896,64.86675178789916,62.83169940876287,25710882.52195845,52.06740620743637,49.99843815456798,56.35681317037521,55.25435414631662,22419108.10094714,11.199216405804815,10.613114703188735,12.361361125156602,11.959469961977272,37.07904786492914,6.531841179079484,6.018930230554981,6.623310469725942,6.010216294838312,32.736220028356186
782,TSLA,LSTM,2024-01-01,2026-01-01,33,180.2247657499308,185.20854638552493,164.06450583733027,189.2554431875633,35527604.79227568,167.2433809616203,172.59407002694545,152.89649922313677,176.14455352303273,29686500.508529697,36.624298124541774,37.27775281969242,34.078605163420924,38.68143844772568,50.89949899305677,13.383463306282806,13.281234929069877,11.980652738590942,13.916714314369722,45.02474581242231
783,TSLA,LSTM,2024-01-01,2026-01-01,34,99.76631770049154,88.24321533229413,93.11913821233,87.71733443095768,50648673.889161766,87.87917155270883,75.96062499340796,80.74823181265141,76.61343767189956,45815569.48292335,19.00924598788213,16.131017120594457,17.707774676058044,16.57539551462314,74.98667379814823,9.504116173678788,8.996443030913861,9.640633337857562,8.675014272989905,54.0348696933479
784,TSLA,LSTM,2024-01-01,2026-01-01,35,37.07021399346953,32.88985454446905,39.33487521860079,31.295407806503903,28250559.57630774,30.731147666103933,26.7715310295607,33.894114741268005,26.29915794373277,24110160.145129416,6.606568530305684,5.68050560071891,7.447960975160134,5.735205674090508,40.704673390552095,4.144822350674607,3.800177040704252,4.046299890642189,3.474211167936136,36.55659052832959
785,TSLA,LSTM,2024-01-01,2026-01-01,36,97.7632094893666,94.7893563224622,93.54945295227192,93.14837164838134,25107804.29187745,86.0212330705694,82.61488608635823,81.57264736301671,81.57487296622394,21699850.740301013,18.6035766759507,17.57109309164936,17.901951645357112,17.64246196902314,35.58103383496056,9.364576132782483,9.315852584600144,9.512115679708124,9.214755227999165,31.885920802187307
786,TSLA,LSTM,2024-01-01,2026-01-01,37,125.58075868600618,123.78777500218132,127.16727221287135,125.30649803780574,23795617.774154708,112.83124496103648,110.17553963381232,114.99904546221066,112.64340566371786,19539095.619405705,24.488748586463185,23.51438924851693,25.3943526977203,24.467038196591968,25.859122590850504,11.011564938218555,11.25608320611044,11.065032626688636,11.152213867480931,18.31852518855798
787,TSLA,LSTM,2024-01-01,2026-01-01,38,120.56472617970472,134.7855399709027,117.1973253934766,110.63422855954714,24720078.868273634,108.46686480396784,124.60804030045448,105.013628987415,97.38515252149362,19509994.2639798,23.5459578245334,26.76066201182008,23.15173320520469,21.07952979879765,24.60350896938867,10.500172612908964,9.921672895669218,10.682444131600178,10.800439916269363,17.508321975462493
788,TSLA,LSTM,2024-01-01,2026-01-01,39,158.28186192661187,163.1383342929609,151.01302916237955,162.00864874640308,22559301.26446845,146.7275693818272,151.99053844055405,138.14739235009844,150.70836713024045,19640535.47323421,32.02230846530257,32.690757619112404,30.569860898660885,32.934181740959225,30.069260671903663,11.578485837282058,11.386545054493563,12.381500357306972,11.728057323231724,25.54737439564565
789,TSLA,LSTM,2024-01-01,2026-01-01,40,68.2411088932217,76.08138995950105,74.39420037819484,73.86827130847992,21505168.71171224,57.76004972484095,65.94735580712559,64.42507173792988,64.76673018803437,18921665.02884944,12.422520173316748,14.012938224703332,14.126309181500304,14.010892825156343,28.074815174514928,7.356195861323131,7.562115639367395,7.688195328608289,7.197237248624065,22.597334961697765
790,TSLA,LSTM,2024-01-01,2026-01-01,41,73.83546275614587,69.61784349330325,69.16805461249956,63.36742987480525,37872620.56056562,62.89309199827637,59.8658559582713,59.85339070172756,55.396037882055616,32138241.62893136,13.531177100001424,12.712000024745445,13.125749829803596,11.994484187945693,54.73837045519224,7.877273532413223,7.063760408626392,7.137323364708053,6.164576128975807,46.53310615436273
791,TSLA,LSTM,2024-01-01,2026-01-01,42,75.53129874035653,74.96260493308678,71.66837751165542,76.41154576296682,21667482.431803707,65.35048259652349,65.56735839757194,62.56415787449365,67.47741823159328,17856000.603387255,14.09243071458267,13.94822988493615,13.732842610664228,14.607206537156747,24.82573354742425,7.682153007244287,7.227631657973996,7.207019346055773,7.29057504962864,20.399773379243022
792,TSLA,LSTM,2024-01-01,2026-01-01,43,58.18921909059825,62.149587068046735,56.27524273103974,74.81358593843612,30784958.1574614,56.95776313187559,60.751332900135175,55.21862849295042,73.59704399245501,26038370.404634822,12.764173837300486,13.400433826223589,12.595766932300709,16.48825721030321,44.3426975114096,2.780884970471795,3.0193821189139243,2.6154314630736426,3.1029176881591063,39.66231688714797
793,TSLA,LSTM,2024-01-01,2026-01-01,44,153.3160741373906,152.92551672168344,153.5295083698121,155.17954088228117,21571549.65816808,139.57844967157016,139.38315085902448,140.3413379570188,142.11873562412757,18791084.81403669,30.365882683287527,29.867055620988715,31.053389632562418,30.97199534484152,27.70490737367745,12.57838715699572,12.37071522125208,12.61530159099159,12.502563740950256,22.416438883260927
794,TSLA,LSTM,2024-01-01,2026-01-01,45,173.30304160681123,176.57670247311964,176.96289782725657,174.30522591468355,33593201.898609474,159.71727134736048,164.0943492739401,164.43861060722597,161.7886590994464,28006363.21977173,34.82408061306938,35.2820850981651,36.49844749572027,35.34461983830468,48.06168278815771,13.225977883515505,12.590767414906145,13.034371596390429,12.843925812015664,43.15999086084537
795,TSLA,LSTM,2024-01-01,2026-01-01,46,87.79330893334186,86.83823144914065,90.24838548535249,102.413153171462,24808472.507298145,85.66972478796814,84.31805355594602,88.35379259508802,99.80829253644973,18064470.39005832,19.03416125717564,18.437803823382247,19.973051201309783,22.18386642567141,21.926180467716925,3.867950861924378,4.217296948926025,3.661228479929037,4.571089124330934,19.475232135011066
796,TSLA,LSTM,2024-01-01,2026-01-01,47,48.15290702329828,40.20683186109173,49.15094606310584,58.77672327585189,38415551.15564603,40.14632534587923,33.417598068242214,42.345949218687565,51.397289071677854,32627693.312821586,8.625429814808156,7.112216859837832,9.299566249542863,11.11234281111346,55.53945319214421,5.34490953804784,4.4474801605150205,5.07641210988346,5.756899134536863,47.10182506319332
797,TSLA,LSTM,2024-01-01,2026-01-01,48,55.2514416824139,57.77117947484063,58.01343161385447,58.24387902304864,38869884.13284325,46.24619589890114,49.16443789204249,49.97666158142856,50.8684844492412,33103820.799600083,9.933333690645815,10.42647437465471,10.95957616169648,11.009189011567642,56.26398416017804,6.1017273219424535,6.018018290998683,6.03783044778933,5.677595520419666,47.40440760603072
798,TSLA,LSTM,2024-01-01,2026-01-01,49,20.440246705106468,21.56898411717289,22.923415513132696,22.17214088929625,38176022.07672055,17.672811543235238,17.23956268920646,18.77872151710341,17.687298338344256,32401361.86139047,3.989616943258744,3.728502849506833,4.180328180439406,3.9040822404538287,55.17810629508673,2.4134449531350843,2.7077117723093647,2.781610452483134,2.892240762026934,46.85314372652782
799,TSLA,LSTM,2024-01-01,2026-01-01,50,29.60882481445002,26.692499427092216,26.681467276410807,26.331310399459653,23663809.284828387,23.998333603723367,21.225199649272977,22.51548377854142,21.47768394588681,17408711.628697418,5.155626048047653,4.522281255578098,5.006576031268496,4.704318711926462,21.71089990021759,3.475200574179123,3.26523457592911,2.992767155281581,3.2043883775847832,19.69469758752157
800,CNQ_TO,LSTM,2022-01-01,2024-01-01,1,6.038254716298283,5.146301149636282,5.5493423334006495,5.864435102471295,14791254.401172156,5.774969136281055,4.830470743501636,5.259746589399896,5.627774734597779,9961524.380241036,14.798518087772122,12.263179050148036,13.611553085360534,14.441626061164945,57.07136804371482,4.525123133675479,4.521070388120055,4.569697485693358,4.25540574865551,101.35089519367772
801,CNQ_TO,LSTM,2022-01-01,2024-01-01,2,2.431482846975969,1.5887295910682069,2.2585849279019747,1.5787258230762593,13059390.167064177,2.231182235011167,1.322563117718626,2.027249518296105,1.3208401216915262,10850794.455171429,5.690638073068564,3.3342544962191925,5.213677983411342,3.3646473872998435,106.94693564849452,2.4203108164034344,2.206002151310615,2.5148326939222287,2.191043849196897,187.4344503824786
802,CNQ_TO,LSTM,2022-01-01,2024-01-01,3,4.075952272790822,3.261508277790912,3.2543425585573424,3.6852935641237496,14568156.590030752,3.81445172726303,2.9223400840063296,2.897990648399263,3.4199536788741094,9890535.830096403,9.764235233449527,7.412074291908858,7.489029723987682,8.76563555297579,56.842480389530735,3.6583157455747335,3.6706857098940686,3.803863664964845,3.5156926093288785,94.50463561591444
803,CNQ_TO,LSTM,2022-01-01,2024-01-01,4,0.8566374778603971,0.9414047758871542,0.9641957258194456,1.1660201101663734,12738850.998098262,0.7562887069762235,0.7800004208358023,0.8130737098032502,0.9806238442993884,10026160.691527128,1.9359036099598028,1.967500103139451,2.117336651752422,2.491502078756906,86.80214300224392,1.0290725202812765,1.3099488398017023,1.3730430346125797,1.579410199545716,154.3829232969998
804,CNQ_TO,LSTM,2022-01-01,2024-01-01,5,11.06533573309072,8.968873463323675,7.167322231407425,8.524585090616133,12918174.763801483,10.398892925085606,8.214794769239974,6.3550710072290055,7.746289363656319,10571057.379340729,26.7850003610596,20.981402602627465,16.592522716496074,20.02784660373336,100.71180854391322,10.078505293642046,9.431181461250205,8.809258076893007,9.427833277897667,168.248247512293
805,CNQ_TO,LSTM,2022-01-01,2024-01-01,6,3.812478535008277,3.786675382339866,3.575241244541663,3.835007600840375,16610624.173698626,3.307581495813873,3.262767212906128,3.081221468607322,3.307381664691428,11298863.529857395,8.560919947851326,8.365706126582399,8.066083545463849,8.582502112664619,53.12660780867954,5.007553304823097,5.012387819815974,4.834641902266606,5.126793550873657,66.89922136873957
806,CNQ_TO,LSTM,2022-01-01,2024-01-01,7,9.032089108670796,8.235446048069504,8.210923228224209,8.007092884128866,12982774.62236559,8.688690054619169,7.795140065434097,7.719458390012886,7.557296883005483,10077180.920356512,22.28387489366675,19.8106206424059,20.0115619019728,19.42776654285918,86.52212899036792,6.403761340481489,6.837436403119666,7.311866738385199,6.897844103093297,172.797951251788
807,CNQ_TO,LSTM,2022-01-01,2024-01-01,8,4.115259695726608,3.707570309987685,4.458389692025497,3.574751759625097,12875088.885003475,3.7364610746109577,3.290450165078972,4.117625301781915,3.13614900013723,9760164.13751801,9.656083813655796,8.430348592061135,10.74933611662246,8.136531453932811,77.85396372794263,4.599128031662647,4.483770767323398,4.630233169154247,4.555329206664791,134.41833515478814
808,CNQ_TO,LSTM,2022-01-01,2024-01-01,9,6.395684211753028,6.321302469770827,6.788363883939639,5.974595136102337,13936361.163186632,6.005232479124217,5.93641859246935,6.384467405071033,5.579316701411112,9723804.633273682,15.402210486471809,15.081020228067429,16.539380030908156,14.335627664727657,62.65792367538434,5.6719598386303245,5.563490758246221,6.001040034598,5.536237201490751,114.23157239530197
809,CNQ_TO,LSTM,2022-01-01,2024-01-01,10,6.17155276507969,5.66991427374867,5.896490918594427,7.071771857423571,13027330.635205494,5.429567548211813,4.848669792332577,5.121166914552585,6.352436592225853,10475727.1050632,14.027942887196923,12.419861239265536,13.381393972297802,16.43194767768393,94.475462795817,7.71569394691711,7.625739476479196,7.74169289420936,8.212040170526578,155.53601682180806
810,CNQ_TO,LSTM,2022-01-01,2024-01-01,11,7.563576370605035,7.65790729273595,8.01782339951994,7.613393354171341,13965445.22061819,7.132150865694117,7.280612450171789,7.618177902583793,7.234073057885971,9750044.309197664,18.300195726812483,18.49804543643212,19.740148181363367,18.58972748880743,62.57761953778509,6.51527815344832,6.106741075322671,6.52806892457653,6.181051224075042,113.02598113296216
811,CNQ_TO,LSTM,2022-01-01,2024-01-01,12,2.217841733167804,2.893263557213075,2.364228040651054,3.729496633652453,16487461.635660429,1.814676421423669,2.5070559263427765,1.9753384517663588,3.3789840905538213,11166365.426493684,4.711113914480005,6.433122588869441,5.182795355179208,8.753829156163958,52.72990864850594,3.37381269125594,3.785919404728253,3.4742122492195144,4.220407432250627,68.13413031992175
812,CNQ_TO,LSTM,2022-01-01,2024-01-01,13,3.825748971984946,3.7497895195138615,4.011513033322676,3.662773545915116,17142040.11408021,3.615928231646164,3.5738255793060376,3.803742537163261,3.468128372315126,11904732.530531883,9.251771580241416,9.05303899246559,9.826116834226267,8.884468769900979,54.1640664908279,3.163239631968936,2.844102248619208,3.243917831491162,2.9946749323938127,53.36387393693355
813,CNQ_TO,LSTM,2022-01-01,2024-01-01,14,1.980158594181194,1.4824891682491304,1.255691077867214,1.0402508441969247,12874005.580881985,1.7125959502054218,1.2354310316278434,1.0678204996716796,0.9000919799779278,10512388.936450878,4.444294631378724,3.1766296615850185,2.7957254283143493,2.299783788434274,98.25497602745668,2.653568339316633,2.1623891436425,1.784991892766553,1.3163815259999505,167.04948243939475
814,CNQ_TO,LSTM,2022-01-01,2024-01-01,15,5.268495140821484,6.448458397261104,5.057163762739171,4.9808982564842905,19633692.71648908,4.752010982523531,6.015633373641142,4.495984602645852,4.403693927228701,14974506.285926051,12.274902170067213,15.362136647330962,11.748402459256768,11.410893131424144,70.05744988438423,6.0311183717463885,6.144635458542793,6.181822040220051,6.158093622143575,29.43529964012
815,CNQ_TO,LSTM,2022-01-01,2024-01-01,16,0.9350128615251984,1.1048262912822564,1.0639966686768705,1.006034018252119,16913840.293858465,0.7592556884031303,0.932611087118456,0.8918063245867481,0.8628821512582363,11602407.531373104,1.9277946932356749,2.340351112543749,2.281781267939746,2.190780081916447,53.39734495886448,1.360414281287173,1.448732307571468,1.4453490552989674,1.2778007394734487,60.35207769304439
816,CNQ_TO,LSTM,2022-01-01,2024-01-01,17,1.744673072977797,1.7276133504186193,1.3572285211435933,1.7554953024289923,18003343.15713319,1.5310623443945846,1.531419723638631,1.105788238489335,1.554579309930322,12898284.619565904,3.8903155805722345,3.8533278830413984,2.82938994236042,3.951366711507123,58.46341837555692,2.0905115592387835,1.9780084150720223,1.9884099898770875,2.0387074239560987,45.7238539598107
817,CNQ_TO,LSTM,2022-01-01,2024-01-01,18,1.6082388576005195,1.4304322429709162,1.5642845830712568,1.4244474545681451,19154001.03187122,1.3653066172940078,1.2086352203275583,1.3105044367667125,1.20039990339601,14338871.001668075,3.465350029391582,3.037563490765231,3.35327128232956,3.047709356883569,65.62143320570271,2.1334180401414504,1.9001573955346247,2.156684588071413,1.9270657804139704,32.09874979780155
818,CNQ_TO,LSTM,2022-01-01,2024-01-01,19,2.724579166264044,3.177043957621472,2.6606255323371446,2.766512573825863,13074832.079254428,2.351878204287026,2.829166664424458,2.273900482318539,2.367058436631934,9671332.498885194,6.095496803148802,7.25071955877044,5.961253177514216,6.150913058156389,72.00551439005535,3.653172599474327,3.803418681277608,3.699601012458363,3.7995382298568825,124.39582097417257
819,CNQ_TO,LSTM,2022-01-01,2024-01-01,20,1.1042123622541995,0.9851578018085116,1.2177601333300816,0.9830531259791488,16226812.491902256,0.8927534013206669,0.8081358378706256,1.001177909655059,0.8428286847551817,10896143.804805478,2.317955106432294,2.06727844122428,2.62776041601397,2.172707910148601,52.00811672743678,1.737526709420131,1.478981092155632,1.871483892877838,1.334546416781088,70.03524518860013
820,CNQ_TO,LSTM,2022-01-01,2024-01-01,21,1.0080656975395152,0.9651440093868696,1.0290555518954263,1.1873058462252044,13458577.045099722,0.8092504935772773,0.7968462027417101,0.8615036391768044,0.9885141267957318,9786683.073284429,2.0975131218268213,2.0390677852147108,2.252542739970868,2.57122134555398,68.13065311631544,1.6012193085593005,1.4327009064598497,1.5148639889872648,1.766386008436704,116.6327318544322
821,CNQ_TO,LSTM,2022-01-01,2024-01-01,22,12.025235999448036,10.48212991626257,8.249719225624538,9.742147505450848,25123313.34314363,11.204946392233415,9.626267252159163,7.322905233392586,8.837032613882078,21239943.220829863,28.8686390456659,24.579482605033668,19.113866344156744,22.845537058352548,108.44906321661487,11.58608389463837,10.865958182537955,10.091512508303047,10.8504480775207,34.32576810245562
822,CNQ_TO,LSTM,2022-01-01,2024-01-01,23,15.22191877191637,15.117557970217227,15.69264640909658,15.243699059771991,15762252.804682633,13.612800855058506,13.571486320681128,14.088113395700075,13.64035057823202,10498919.236659408,35.10831306777741,34.66342224633883,36.71478905976888,35.256936556702456,52.81927415137242,17.87048398802023,17.32344912479397,18.31301232123088,17.907057779463493,82.82420376995628
823,CNQ_TO,LSTM,2022-01-01,2024-01-01,24,6.416044097269455,6.123628478105759,6.23044023882475,7.054648346127656,16470678.884111136,6.103236609457179,5.773326167287766,5.891253242900124,6.854105591052972,11170639.32381769,15.647191804735447,14.663783020444972,15.25517733972596,17.587444497069942,51.99464328586297,5.09816458882695,5.222212185648396,5.261375111773313,4.329374700994134,62.81092043515686
824,CNQ_TO,LSTM,2022-01-01,2024-01-01,25,1.1695512247903082,0.9346733293882424,1.2743515214744472,0.9337518141220904,17949715.511222176,0.9818979304325818,0.7716477766205045,1.0495101478372977,0.8121514324504119,12833026.05834812,2.4877491489522887,1.9408422818262083,2.6790954196915817,2.0681537514314927,58.36678320849676,1.5759867499857472,1.3013244197828973,1.810732381091996,1.147447416234663,47.63242793023111
825,CNQ_TO,LSTM,2022-01-01,2024-01-01,26,10.138779932441318,9.8287327530479,9.76737364909813,10.58065856996632,16431746.706462083,9.032076280278984,8.68340184353959,8.652719843066796,9.461396987422413,11084354.984995129,23.306553841792912,22.19903048861517,22.572323237839274,24.463832268150167,52.11195982055244,12.096699566948448,11.96290696677838,11.999958936327332,12.475407968170552,66.71957796701292
826,CNQ_TO,LSTM,2022-01-01,2024-01-01,27,0.8325706769983325,1.126943719469039,0.928030715416155,1.14377166060848,14508300.422209268,0.6573425919935133,0.9346453237350788,0.7752892819545306,0.933182473962176,9882886.259439388,1.6909263857718595,2.3394008486900795,2.01891608557858,2.430110957472566,57.22677034914544,1.3297637906080824,1.5314251806496344,1.3565822082342724,1.7726078631725386,94.33218478553204
827,CNQ_TO,LSTM,2022-01-01,2024-01-01,28,2.361418595937232,2.244716211932541,2.074700818104779,1.8572564717811144,17513948.052082676,2.165084203899194,2.053087409603138,1.821225235371673,1.6169928270921596,12292993.201529184,5.519765048200368,5.183257897985159,4.681252824896188,4.119213320546279,55.616774219382535,2.359338523158693,2.2574903206620345,2.5187628280463223,2.3095672743971085,50.87038276987875
828,CNQ_TO,LSTM,2022-01-01,2024-01-01,29,3.937679828200162,4.054221701048123,3.8508764389862815,4.180839137976837,17347659.933957383,3.6683061723930366,3.810031120177036,3.566821432708472,3.9582090975916646,12120283.260955611,9.391332131948143,9.661253612340444,9.218269406084753,10.147164721147549,54.95972561071224,3.645760116055296,3.509319226709182,3.72367076470195,3.4452489918418143,51.77341611703369
829,CNQ_TO,LSTM,2022-01-01,2024-01-01,30,4.824438886295127,5.15688525547507,4.993268244525956,5.479462681916972,16032258.014319962,4.487501364982037,4.869399682201725,4.670132321684596,5.244266860984671,10710689.197479883,11.502122577422268,12.359756188291524,12.086149352681044,13.455968691504877,51.974279980692,4.53922751556105,4.325700681522391,4.563419149262488,4.094788379490458,74.02475111714291
830,CNQ_TO,LSTM,2022-01-01,2024-01-01,31,1.602617721518801,1.1453789010997062,2.229613787404489,1.2902400958404423,18735052.623456363,1.3258631384668742,0.9418650387935572,1.949171676925334,1.089969101355026,13815651.1363099,3.445443958231524,2.408608478973816,5.111618424907618,2.8265662233257145,63.19302804030861,2.4031648000554395,1.7048333929277664,2.9258837261027,1.8430981957807528,38.63801890847373
831,CNQ_TO,LSTM,2022-01-01,2024-01-01,32,0.8127236894136527,1.7279956694601857,0.8541869892093625,0.8954749920448518,12720143.5448505,0.6788522603418504,1.5529539307302305,0.7204833198890308,0.7677989681363215,9800519.80739236,1.7315354464222574,3.898246707475391,1.8600956080325712,1.9534201826029032,81.59263501526561,1.125287001819862,1.8422494457476863,1.1779773236328637,1.1441283526257051,142.67850811953542
832,CNQ_TO,LSTM,2022-01-01,2024-01-01,33,1.1632581399402142,1.486952913910215,1.3365155209649089,1.1323887918562636,16990101.036356103,0.9298479495019052,1.254674460984879,1.103178968527724,0.9554151714347312,11688548.574310342,2.414782182764274,3.226559756962197,2.8967393683651723,2.4758231413719622,53.74014405761045,1.864030260948892,2.112462372171267,2.036779290495061,1.6238902431773516,59.72218673509185
833,CNQ_TO,LSTM,2022-01-01,2024-01-01,34,2.420728172206389,1.497498449557991,1.933614039893435,2.762125217506388,15210077.242617711,2.1156487041268752,1.2316399924185033,1.6026077203336722,2.435379891501636,10162225.515541038,5.4840513507684685,3.160092870748823,4.209808057669381,6.322771777088948,53.45664566752403,3.139108690548738,2.236977907135949,2.901341522947246,3.476272267060073,83.65804029356991
834,CNQ_TO,LSTM,2022-01-01,2024-01-01,35,3.275069243280041,3.515053814005953,2.6948950437103223,2.846712428455876,20301135.055674054,3.072440056774503,3.345971991534021,2.4202722819410694,2.6319936105716577,15630722.426184664,7.852834708152905,8.47110762880072,6.240619623739789,6.732971118772987,71.03692135619642,2.85997673239644,2.693348235332383,3.0220587355335544,2.752149070381088,18.442134532947307
835,CNQ_TO,LSTM,2022-01-01,2024-01-01,36,3.1519546950259847,3.2235724270696315,2.890081240508593,2.8219331211284286,17346904.614185717,2.937499984314994,3.0292177287723603,2.628120866223407,2.598734435286656,12089080.647433102,7.507911747746879,7.66892480275119,6.778771836477494,6.648449780771417,54.68755603775155,2.8831861610141942,2.7636714875126778,3.0630720790774006,2.79199677321146,51.83862763868462
836,CNQ_TO,LSTM,2022-01-01,2024-01-01,37,5.488223256249085,5.8358499556705405,5.379394858061341,5.022574483075878,13525038.869495025,5.134485687759372,5.556192942893073,5.008352328299909,4.704556611503263,9738969.643175405,13.1640961608448,14.103674403756012,12.96794618430967,12.079145034452283,68.35943589826162,4.97629274601673,4.553591658631534,5.080880213660465,4.536278653889692,125.58537772703582
837,CNQ_TO,LSTM,2022-01-01,2024-01-01,38,0.7990693992303869,0.7951462852489429,0.9335978369075778,0.9323563968530932,16272773.545346651,0.6464120494775026,0.6354731448745051,0.7753171108328512,0.7800149075030731,10934766.679375969,1.6575207708615578,1.6092395750097317,1.9892589415821955,1.9817855371877489,51.903289432477365,1.210580966424655,1.2100087358638192,1.3037879039274058,1.2672365373844714,68.78796618111241
838,CNQ_TO,LSTM,2022-01-01,2024-01-01,39,4.030078642308885,4.421084385235698,3.24670910303656,4.04623913313889,15014634.234713558,3.750048976656046,4.188629494928926,2.872939194222736,3.790749987162879,10058492.804912724,9.60203006010011,10.62208686730679,7.428804468701785,9.720283194204736,54.29716543513232,3.763004002466782,3.585167273174493,3.889423181680639,3.626304954030689,87.56554826347065
839,CNQ_TO,LSTM,2022-01-01,2024-01-01,40,2.343767232659518,1.967271776612683,2.038408532092575,2.888262790592861,15990561.7254077,2.028999313883379,1.6564033155133724,1.6916304283455976,2.560011267258876,10664519.50564146,5.261343258254888,4.256916182454982,4.442408184622916,6.64390824159049,51.69623931939532,3.128068164051974,2.791640511313188,3.047851142039508,3.569473328231338,73.45399055689761
840,CNQ_TO,LSTM,2022-01-01,2024-01-01,41,4.564774673041749,4.543997419085816,4.204787214363631,4.717151956592683,12796343.037425008,4.142318539849834,4.112124064133002,3.750728068791076,4.30264430878354,9728600.430701377,10.70058570265398,10.520720174323984,9.80459747148726,11.135243642716562,78.52657551912574,5.099110773906114,5.080323020168479,5.083894154761577,5.157802229590184,135.81030067004124
841,CNQ_TO,LSTM,2022-01-01,2024-01-01,42,2.630484157081395,2.411008961227691,1.8252801539229515,2.6401469011269767,13525430.847860906,2.463780159488704,2.2414348457693887,1.579070522740451,2.4968934834970544,9737056.066107154,6.285965916025509,5.661755999770693,4.057996174124508,6.374785965879158,66.33430092307387,2.2924807963951928,2.195439313575268,2.315169161041148,2.1268754158830507,113.58041606779268
842,CNQ_TO,LSTM,2022-01-01,2024-01-01,43,0.9778890774462512,0.9195957665802248,1.0028406362029674,1.1618230766274875,14084652.177285684,0.7935157969822559,0.751373311292564,0.8375704085578346,0.975594218097164,9792430.019045472,2.012662820201406,1.888963171325193,2.1461123593196385,2.471169928733778,60.46813483109366,1.422073128253566,1.3063290118290705,1.3773642092502945,1.5620655324919654,101.00426418128473
843,CNQ_TO,LSTM,2022-01-01,2024-01-01,44,3.518906524458075,3.725173040426193,4.063414055308893,3.909454253316257,17183029.319472812,3.031130207229377,3.2218412685900355,3.591831959765061,3.3813561189952583,11909912.331780592,7.848517662822021,8.260204871199308,9.392636062102357,8.773023950119631,54.71711535602516,4.721412237766201,4.8802090248666765,5.076377075736305,5.182705721061296,58.66856494553176
844,CNQ_TO,LSTM,2022-01-01,2024-01-01,45,0.869804081832852,0.7849892198287372,0.9612484135204432,0.8984807870733562,12975907.972432468,0.7371982017073757,0.6268238656240802,0.7840509330274015,0.7436016955408301,10688113.410080276,1.9036620430277769,1.584478589960582,2.006478714733469,1.924458303964492,102.8193447938611,1.2299413427721055,1.184698971104256,1.385317396804208,1.3369054576631187,177.872270299
845,CNQ_TO,LSTM,2022-01-01,2024-01-01,46,0.8787888597261182,1.0845483207827424,2.012283549414464,1.3560857507973996,14909849.643404488,0.7702624173553823,0.894495654842568,1.790258937032135,1.139207893147966,10056510.622367462,1.9719492857525047,2.253691351428318,4.592656696784926,2.89382377439634,54.88086826473096,1.082669343910388,1.523690162361396,2.3086160150297093,1.8503532959649984,86.45719091218193
846,CNQ_TO,LSTM,2022-01-01,2024-01-01,47,6.890220563841512,7.271979579471894,6.508485599759633,6.844102542047336,14838559.10967352,6.105582016435119,6.503543486084988,5.713302816349161,6.016811854706641,10049655.59188962,15.7683036429995,16.628080116724487,14.921827910839903,15.578688545050415,55.52336295881998,8.402408128852763,8.486098929949135,8.267441900902535,8.589122225651304,87.15824004320821
847,CNQ_TO,LSTM,2022-01-01,2024-01-01,48,5.318352727503011,4.706379363223966,4.769776605785384,4.727813939735788,13125125.844413118,4.8435196856314295,4.188577213659273,4.263974152060697,4.172495749696882,9776501.486763954,12.506653074951366,10.722839730873645,11.142370402998978,10.81385622792263,73.00660368741508,5.838137202345712,5.618062047959511,5.717051956613674,5.882953797989882,123.7685355754942
848,CNQ_TO,LSTM,2022-01-01,2024-01-01,49,7.147382068607571,6.252171165230397,7.014635924897727,6.965854549783593,15310762.96112144,6.836513104280644,5.863028003513704,6.681995979995478,6.685160986580028,10176201.392735245,17.528664770611595,14.895733398027852,17.304755938514752,17.165701721667023,53.21682576593844,5.383502482801108,5.55975717550107,5.551978527073385,5.087424280349509,85.29445677342643
849,CNQ_TO,LSTM,2022-01-01,2024-01-01,50,5.637315768952747,4.857710726852393,5.247400875097228,4.8926377262446605,14562993.67610734,5.363860949086981,4.551017988906774,4.955113771717594,4.6081729747618665,9931662.47724394,13.744307338675767,11.551524418572884,12.820572670653998,11.826154219892542,56.6719526729242,4.448544881522628,4.3258859343588565,4.456398010417094,4.236867527730159,90.03298469663626
850,CNQ_TO,LSTM,2022-09-01,2024-09-01,1,10.509371845985378,12.402932373790849,11.02066652708265,10.146088914417929,7568907.24439358,9.588573853409416,11.406071008124478,10.06422219021936,9.186797581554174,7037862.504154841,21.483746550930974,25.29362107036355,22.764553234997507,20.57365773102876,124.67016682338506,9.43067809465853,10.561581556362176,9.902261149552912,9.452897865103134,89.46010978066082
851,CNQ_TO,LSTM,2022-09-01,2024-09-01,2,2.0365044667816945,1.9883094778914268,2.173529971223028,1.7728700753900648,8722914.435223032,1.6140986188117707,1.5888192547025015,1.7098810241893398,1.5071457520066966,8093994.890638391,3.5818472433846096,3.4853569919258414,3.822161487477575,3.3539732473762407,153.95448775682866,2.7143875899604404,2.5781274229681386,2.946526243183344,2.0176711111252112,113.79792882398807
852,CNQ_TO,LSTM,2022-09-01,2024-09-01,3,4.847829116835056,4.85262126058271,5.313831650991916,5.175470293952021,7653643.621202352,3.870285833119668,3.925696488717281,4.42478936314881,4.3218599409765295,7140850.389586885,8.577615201442969,8.624681207051859,9.910875448111298,9.596028098961057,128.11501788194747,6.380297618441155,6.183264145197982,6.452876626656658,6.206470668500833,91.9964326580685
853,CNQ_TO,LSTM,2022-09-01,2024-09-01,4,7.183363455769729,7.114315798201278,5.698082904401985,7.68445336702774,8843954.837912112,6.727657573037509,6.650327947354614,5.231336003783722,7.240404118346339,8181015.061189532,15.109078173961018,14.777195756770489,11.866688504519844,16.25451052957959,157.88085281134562,5.589639552316647,5.532856459326652,5.075140289312497,5.688661410649792,116.6171800198494
854,CNQ_TO,LSTM,2022-09-01,2024-09-01,5,7.016168785612823,6.626826586236053,5.975882765164524,6.6531230373506665,9783163.927714344,6.437618383360367,5.972479724161088,5.103156836556013,5.965951563755632,8987671.873147884,14.364426737320033,13.187520078378856,11.45473562010086,13.297828321506415,175.37340031539796,5.986953575335529,6.1506483757297055,6.805543465760455,6.362045037535252,132.48545110857378
855,CNQ_TO,LSTM,2022-09-01,2024-09-01,6,5.208012841765953,5.378118198951419,4.319368188304382,4.275796469502359,7600977.642383028,4.927336188892286,5.0830830031564345,4.020063778367189,3.995721629415937,6206734.144618015,11.0882581727854,11.312562525994142,9.141902606768646,8.992155717212912,79.27840531058891,3.8238273893641774,3.8895354951356778,3.615752361935155,3.4379616510154496,42.9394372383616
856,CNQ_TO,LSTM,2022-09-01,2024-09-01,7,2.457072870747524,2.1975473064874684,1.715651345141266,1.3231262124538512,12677534.464774376,2.237140183308142,1.9439982128293696,1.3716474632835742,1.097449723115388,11489809.434984922,4.979204469731328,4.383286173264973,3.1814045782696985,2.4421464101365906,229.9870360708387,2.173387742596764,2.3968794793800194,2.4755679216277704,1.6101019076910117,166.74392602080405
857,CNQ_TO,LSTM,2022-09-01,2024-09-01,8,3.869111736262769,3.4731087357326467,3.5354667841935354,2.989032614545552,13115151.08333636,3.397492729775167,2.9570083197062305,2.910877739315587,2.35160655161507,11839069.543689886,7.551641834251588,6.501632043827287,6.510602628717304,5.201495471997826,239.4506786545525,4.006317616031355,3.922147453208883,4.402006149609976,4.034788711470218,177.043070756406
858,CNQ_TO,LSTM,2022-09-01,2024-09-01,9,10.254933543453074,9.763083342877277,9.343143823936929,9.828198025169158,8509083.993593296,9.511905119717786,8.969251188743836,8.636700397247301,9.049358492038431,7415705.632674892,21.328516160014384,19.899012601198454,19.557343668176024,20.280887634982765,108.43211176373973,8.40844087791477,8.386634768187635,7.887851317111259,8.415890943022147,69.09420695861631
859,CNQ_TO,LSTM,2022-09-01,2024-09-01,10,2.4006385069541727,2.8093425189645105,2.432619398005291,2.3108361650882343,9621336.480428344,1.8812877129976868,2.312282150152841,1.8848972662537675,1.860503457655701,8791870.072636804,4.16826247478798,5.073223989568358,4.209674400722086,4.122272256628493,173.3576375583397,3.259091307795393,3.445017424225977,3.380815500119108,2.980892388322349,129.03547402938136
860,CNQ_TO,LSTM,2022-09-01,2024-09-01,11,5.088424285477255,4.947438279074819,6.644083608021528,6.390893481526792,8532023.942789007,4.816296665764041,4.667352627400174,6.424706045054804,6.155657593200344,5888126.938041101,10.846763867391177,10.394906808206851,14.612730572012495,13.850373070251171,52.949038226587696,3.766276506975535,3.669218082469725,3.918464049259637,3.89619235231166,27.27005941405376
861,CNQ_TO,LSTM,2022-09-01,2024-09-01,12,1.4996364186175466,1.9876470859408388,1.5161902575761852,3.206969271667893,7799869.100513675,1.1845486461639054,1.786894002370096,1.2207319562959689,3.081590482274623,7283739.166478117,2.7109080588087973,4.014773889510267,2.823720826101376,6.973658580469838,132.4036016558768,2.194827412560907,2.0270026194560846,2.1630698497011247,2.166729118868656,95.7025929697714
862,CNQ_TO,LSTM,2022-09-01,2024-09-01,13,4.199594196901729,4.253247298166968,4.404051735007,4.450811912418995,7162562.606945188,3.506705455229268,3.590632616744375,3.719426105237434,3.807580076831384,6646023.161760171,7.781970780724809,7.897785887455393,8.331282391979647,8.460002357271703,115.51616414926536,5.032069393090061,4.919189142656832,5.161267513039547,5.006937327603713,81.48029739272218
863,CNQ_TO,LSTM,2022-09-01,2024-09-01,14,2.958533211689395,2.3996123962266926,2.863249082986298,2.730866817489493,9093919.571322843,2.326877171036123,1.9399698154901936,2.240238700612588,2.138224866529352,6012968.465990176,5.152857154706927,4.262480488861005,5.002212523893313,4.732757465926885,44.78316812921045,3.991741767659133,3.0469577133164205,3.9200071631668014,3.7087383796801614,27.68263523343491
864,CNQ_TO,LSTM,2022-09-01,2024-09-01,15,11.88969917028082,12.03469874554314,11.614080571983417,11.082104488279024,12447132.27846652,11.006544605085336,11.126641914369094,10.71941994388491,10.213901368426615,8871696.039740494,24.672929984543064,24.68265390779499,24.260388139907967,22.886789952454844,75.21579686628937,9.857759083564869,9.95766124530704,9.868404114741596,9.432491640848786,38.02766536332362
865,CNQ_TO,LSTM,2022-09-01,2024-09-01,16,3.001790235960297,2.964318830919741,2.758188435488688,2.562797442849228,7258058.941396265,2.3409754331457235,2.311916952823261,2.117352784129748,2.078571475905096,5353371.950290601,5.183025008004023,5.064597765717524,4.729359925415225,4.611975903013879,57.35995319722276,4.107090560915425,4.023131450122279,3.8905050297234576,3.258928745972346,26.628285578003947
866,CNQ_TO,LSTM,2022-09-01,2024-09-01,17,2.521615361373465,3.1428043343078342,2.459420837897246,3.729139777730076,7656030.959461847,2.31410931583208,2.9974366873576903,2.2437300026700586,3.6042101451579054,5644843.5637634,5.245912298197773,6.704913007171985,5.144075470261837,8.144092551130472,59.96762385259034,2.4130369560096026,2.2189008315962666,2.4392452284676978,2.320375990037733,28.75667963154705
867,CNQ_TO,LSTM,2022-09-01,2024-09-01,18,4.733197862934595,4.8697974576317655,4.597609709983422,4.815747815644634,8123145.747802583,4.002171579375709,4.185290705650193,3.778456856366222,4.106282543830056,7575231.664441626,8.886867142870623,9.214976025442391,8.455229127008483,9.123959507353469,140.1751157408087,5.497419925050306,5.362706608895103,5.751722784102928,5.469398879963133,102.3855471524848
868,CNQ_TO,LSTM,2022-09-01,2024-09-01,19,1.6501923728648598,1.6989753380007098,1.645531736511405,1.6813519914791282,8881231.96202818,1.4183223387224588,1.4596400734225818,1.4936812770846346,1.4882085178706723,8223150.878011187,3.172995222989164,3.2188390820177206,3.3859062310183776,3.3251060563782304,158.0406566697977,1.867181194566358,1.8631051764116096,1.5508755447035087,1.6945811085666354,116.82629262031196
869,CNQ_TO,LSTM,2022-09-01,2024-09-01,20,1.884320595968848,1.903331032005216,1.10273651457998,1.7911228719135517,10054773.133157494,1.6021023653882451,1.6677521243075732,0.8249980428473814,1.5232174112805636,9131240.958185991,3.662660920281936,3.761481577886968,1.9069033265362447,3.4799626419220764,181.9210830519631,2.3881540651419946,2.145126846574523,1.759715935351286,2.23780419724817,136.10096571842908
870,CNQ_TO,LSTM,2022-09-01,2024-09-01,21,3.1058103376461177,2.470615204302216,2.305126126166437,3.095470697505869,7485928.568379667,2.9470997131767027,2.293549632245988,2.0835575414905536,2.950470119831107,5967582.228333056,6.674471282140453,5.141065831793958,4.784791366036956,6.675254019595902,73.00665363389385,2.407424306473373,2.1497364130409333,2.397304537883308,2.258510551675736,37.37453076784899
871,CNQ_TO,LSTM,2022-09-01,2024-09-01,22,4.864180762574542,4.362944628767909,4.3831990845394255,4.23527772371614,16613446.963042526,4.134261059024731,3.5279259363061177,3.4846169697948173,3.390158737679466,15158790.050992966,9.186150346896612,7.750935297547428,7.788766648055982,7.511538836251155,300.7865990201248,5.573143063231824,5.563188365213316,5.855854456865572,5.552849994340248,213.6775068050825
872,CNQ_TO,LSTM,2022-09-01,2024-09-01,23,9.994597023461116,9.92177846564588,9.234797104644397,8.276191425459373,8186531.059638947,9.35248804038763,9.19312516193417,8.569142796517234,7.560826504113247,6653084.627357821,20.982015064914307,20.402248688728484,19.40891944055154,16.949032229760245,83.57331540942052,7.746202323771397,8.115778280719033,7.6238896353282515,7.417877321470821,45.6252093378965
873,CNQ_TO,LSTM,2022-09-01,2024-09-01,24,2.8510496575064184,4.127698476929266,3.912528536992238,2.612169083787827,9141512.874455532,2.2598841082459984,3.570883877950135,3.2634240716520697,2.228900022356515,8411965.384600759,5.011658223021683,7.858845003955249,7.301308137225486,4.957392283260257,163.9184560872554,3.793010507157561,4.450972573275033,4.72936367856282,2.946116713466302,121.38848645444727
874,CNQ_TO,LSTM,2022-09-01,2024-09-01,25,5.3168809525443415,6.157613312715583,4.541908602165477,6.061247101350063,16755852.608866569,4.672499915127372,5.645636487944453,3.5723278447865723,5.522440239356538,15218541.163615784,10.398298577362445,12.47168233377884,7.980781984421847,12.314389176386518,303.7417533964159,5.491019154539715,5.236800659445927,6.182024615071588,5.369501794932721,217.63439857579408
875,CNQ_TO,LSTM,2022-09-01,2024-09-01,26,4.325746881328036,4.560256263471938,4.074499347540465,4.395246061466253,8914722.093180655,3.670785233971232,4.028530246358517,3.350826219275165,3.8215764991462606,8254951.705506246,8.15109608979588,8.877843344771184,7.496453595548318,8.495364727159352,157.48720761818709,4.977608811803185,4.580640392051892,5.089067685064758,4.703636652366786,117.33055933893137
876,CNQ_TO,LSTM,2022-09-01,2024-09-01,27,5.558470170283304,5.751963944991629,5.900703023286043,5.613274138010355,14227139.619605891,5.172927256099345,5.329957990009018,5.513783784858337,5.220077505355005,10906427.246712098,11.628245859957936,11.848927066280622,12.517001737682678,11.727310404754958,104.25558116792152,4.558648725938214,4.754615662748373,4.734428171367817,4.598512724167991,43.44605316955382
877,CNQ_TO,LSTM,2022-09-01,2024-09-01,28,6.707661161021039,6.037291577805119,7.176298401038348,6.013553920565887,8232483.385651509,6.341301311423631,5.6117883663681765,6.828677263874029,5.638572069222827,5938000.160249472,14.253932341805395,12.476037736007454,15.503027027112411,12.669391020163475,59.30897110814898,4.890215881129426,4.897369753179014,4.957719180250937,4.660499106114608,28.74229286647223
878,CNQ_TO,LSTM,2022-09-01,2024-09-01,29,5.403937317495729,5.46598657374652,5.813385355490532,5.764113517603409,7905614.52884654,4.601076226295559,4.728589947864304,5.022254226118064,5.012767574196468,5048238.0471378565,10.22461359705203,10.416621443126516,11.27204279027842,11.152724846606525,38.12177031729976,6.16096656333006,5.904105795166753,6.391207134284555,6.173869352939406,25.229574922599863
879,CNQ_TO,LSTM,2022-09-01,2024-09-01,30,7.4341227263052785,7.141417247070242,7.108795542323324,7.282339333048902,9061676.893914636,6.773390605174124,6.413266946040865,6.335004210882455,6.615747562785052,7063405.114840039,15.109732936414,14.159416911291714,14.24901922611034,14.755420102681793,72.5979675397809,6.589515373472768,6.737035080372585,7.009576525509587,6.556537364953131,20.8230972092517
880,CNQ_TO,LSTM,2022-09-01,2024-09-01,31,2.016381035487256,1.867477911390892,1.28077701633183,1.0225251703620657,7462168.742891057,1.741435360180982,1.6123789577893048,0.9831520755056916,0.7994384270346738,6924811.472601891,3.9778729394292416,3.640046247914687,2.2799600804503646,1.818970883143104,121.36837902301036,2.452559735480264,2.2006055969705938,1.983226747469376,1.4991929141792748,86.33920127953178
881,CNQ_TO,LSTM,2022-09-01,2024-09-01,32,9.218328296562396,9.294900779294563,8.417052728618922,9.446758777734106,7722590.636271759,8.654801182407697,8.683728842808474,7.9064899044375165,8.907308299742784,7073180.83160758,19.42683244486824,19.28265287264429,17.92710479499202,19.988080704424416,121.69388018440046,7.006866928675286,7.225400111337668,6.430636871480752,6.928345051325548,86.65991699870989
882,CNQ_TO,LSTM,2022-09-01,2024-09-01,33,8.749754455247041,7.571482645723583,8.24110883056714,8.516273060511901,7276985.361850235,8.238391084898987,7.030006754988656,7.755018642690697,8.012505412709027,6796266.667675774,18.496468888377134,15.614261277945554,17.58606482180566,17.9823964380876,121.22192173210551,6.514180957304136,6.147230262647345,6.212475641347611,6.362770494088256,86.45899501923309
883,CNQ_TO,LSTM,2022-09-01,2024-09-01,34,4.638055221709675,4.741508083189012,4.287442585307447,4.825136869841131,11433439.67347477,3.599940084521469,3.774832293620288,3.3019236914229944,3.80639115995304,10332521.154404083,7.971645741029487,8.286598987653806,7.370363580591621,8.431542144151226,208.1114879726645,6.39827695635558,6.226008935942691,6.028200813615507,6.495309032898859,155.7495931085363
884,CNQ_TO,LSTM,2022-09-01,2024-09-01,35,4.437157583622367,4.0142872747061125,3.790454611021968,3.613635200303448,7252211.368119159,3.744713591457552,3.233081497144392,2.936050228810201,2.784541929767181,5891538.49932313,8.312115519306579,7.096519264260079,6.552251022724896,6.157178448182634,75.14771562751851,5.17642772458342,5.156100984159997,5.282721128980818,5.047204872022597,40.20990493791338
885,CNQ_TO,LSTM,2022-09-01,2024-09-01,36,4.666294800740802,4.636800291484151,4.903908580133019,5.02640474661728,7439735.315153376,4.363005902810522,4.319375381056207,4.616141677286663,4.748145609710215,6122159.198604624,9.820588433697168,9.6151748090586,10.49526225867991,10.681094298124782,79.67659885412978,3.758428099047986,3.7428738504368857,3.783709095771336,3.714502341397949,43.79690343250709
886,CNQ_TO,LSTM,2022-09-01,2024-09-01,37,1.0964558055075415,0.9834399455994488,1.1656106302204388,1.0326468597616307,12382989.553634614,0.8331547157344991,0.7828503794946057,0.910565111055492,0.8293205609028443,11231360.069375832,1.9060105215605816,1.7619949567641917,2.1022080733742863,1.878920576520932,225.6600274971365,1.7112973317879987,1.3754330611290146,1.7511500775047806,1.4276368050160644,165.1735407249917
887,CNQ_TO,LSTM,2022-09-01,2024-09-01,38,2.9149740056593534,2.503649970999421,2.4987221345981374,2.842091771012682,7974618.627919972,2.3773565330109387,1.971914988560941,1.96555228468802,2.250254908036493,7443191.968180935,5.270395922120643,4.323363498833145,4.39550343591645,4.978418195373518,136.6315024168877,3.6730427826044063,3.3362372592611584,3.388892747610591,3.792441474551251,99.21097369064242
888,CNQ_TO,LSTM,2022-09-01,2024-09-01,39,11.11534822618266,10.753300075050593,11.06912337288706,11.47039276141546,13028609.051482257,10.3217373906885,9.946003517921415,10.363509764313385,10.71675778402531,9446449.558194552,23.14794186841448,22.071164758887992,23.47603802237016,24.02894938864824,82.05481574162927,9.067741868169817,8.897784580380211,8.600612347783516,8.973966939209605,42.245333568668805
889,CNQ_TO,LSTM,2022-09-01,2024-09-01,40,2.841460988791623,0.9364261878686786,2.005488717344732,3.16214734869658,7127953.378600828,2.664715793724984,0.7385749925516419,1.7222964968307803,3.01860745213041,5837430.696928303,6.050664279536151,1.65981956502511,3.976931860199705,6.842153622399409,75.88810020410335,2.4388722167103696,1.3289578024770363,2.491340373077206,2.315976023744592,41.25565323131979
890,CNQ_TO,LSTM,2022-09-01,2024-09-01,41,1.770563552896505,1.7488770158597111,1.8116631801541003,1.867930699569514,7076081.944074004,1.4437917333970074,1.4612346038025013,1.49953768769578,1.5497359331685894,6308892.540253599,3.218053919013533,3.2164401814410373,3.37305385096693,3.4441031335387366,101.80641839729682,2.252542036662398,2.0640325392389336,2.2376350797477174,2.2604170914185184,69.99164455964143
891,CNQ_TO,LSTM,2022-09-01,2024-09-01,42,2.728633128685112,3.1852584685153054,3.5374138907671053,3.508926781069798,7122812.771597675,2.1245339972400727,2.5860431620985858,2.948252813425825,2.9548940138600224,6335190.446875294,4.7057643697417495,5.673783096984074,6.596106182892561,6.554665935957623,101.4461904072124,3.7418233846304094,4.023400314792198,4.281844150589675,4.115914975271247,69.39320741373761
892,CNQ_TO,LSTM,2022-09-01,2024-09-01,43,4.969543106150174,5.656715937898994,4.959223881776479,5.855722225411028,7464678.313346951,4.008691737245069,5.028810392777578,3.889966096152037,5.227236293610607,6903184.555490017,8.887738651241795,11.088714286721334,8.69143677785178,11.641181253471546,120.15208606741643,6.41761895809602,5.551528301081872,6.781912295462213,5.696488125059356,85.38659880557408
893,CNQ_TO,LSTM,2022-09-01,2024-09-01,44,5.849756561633982,6.325262301894105,5.424380617865866,5.59985469445006,11841427.331752663,5.428930362748589,5.975159395940349,5.007540796646443,5.24782774215806,10757794.932245413,12.122815955623745,13.22249192742827,11.283217047194864,11.720069256750133,215.38453031613764,4.665099358735745,4.374577292688971,4.485422706141053,4.156526603433456,157.8067484145776
894,CNQ_TO,LSTM,2022-09-01,2024-09-01,45,6.837794495846583,5.927686075661773,6.449728231994899,6.289143336338465,10374391.157592315,6.058381263330447,4.978300062700934,5.5288157656114025,5.340321496903552,9402225.608680643,13.492926722253044,10.95760728045885,12.408393028715023,11.873525902617349,187.610758401964,6.852877330497599,6.957156794389807,7.261677604225915,7.23425179545014,140.32598619005896
895,CNQ_TO,LSTM,2022-09-01,2024-09-01,46,10.837270137514327,12.748049408427402,14.542048591474456,11.95838425908657,7710826.539128698,9.63393413048161,11.55995279713212,13.432379654016405,10.639016221301214,6405498.229477008,21.56256843027224,25.6213270427942,30.38133797591597,23.802571487387013,84.56550567111097,10.882286667819756,11.66090139382912,12.226329711983013,11.975296670683369,46.84185648122384
896,CNQ_TO,LSTM,2022-09-01,2024-09-01,47,4.006115259660284,3.4902121959426835,5.085931925614532,5.3729150148190765,7122962.867445712,3.782842686848292,3.2478062229012647,4.903863942074987,5.205059830420085,6265127.133458455,8.530602401076317,7.244274064348753,11.165853975215668,11.722843265923188,97.6575412681018,3.069168175844036,2.884096932221207,3.170054606119297,3.069625079486324,65.47130337448623
897,CNQ_TO,LSTM,2022-09-01,2024-09-01,48,5.865637544471103,6.773983729510696,6.306759887449407,7.212482872991616,7376729.459777639,5.501892636970934,6.43353306867466,5.989881878153278,6.877044862952929,5909821.87394013,12.371883553884798,14.309983014416572,13.606906515669207,15.453694381853303,73.16745348988447,4.576782677538593,4.67415016636053,4.476473933833344,4.842922611630462,37.909292231458494
898,CNQ_TO,LSTM,2022-09-01,2024-09-01,49,11.175836571021437,12.165094372904449,11.384447794046704,11.28018516441553,7816209.642285425,10.53265347112406,11.713660710757104,10.774330920605502,10.67299490059665,7209922.042017777,23.559387617275025,25.967702492478267,24.33825343605093,23.873802192205066,126.8095249924893,7.988598933917797,6.888944258644683,7.872732703767722,7.793860605402907,92.03775512634763
899,CNQ_TO,LSTM,2022-09-01,2024-09-01,50,1.5356648731689526,2.2091435164431124,1.761111250520098,1.8314756496304136,7541527.304469452,1.3898032326033498,1.7506654545905949,1.5056124107592843,1.5446055510811978,6985370.588629047,3.1332765424694555,3.8357757955124887,3.3946666101393297,3.43678068999813,122.35723055811349,1.5168358557182493,2.911898124142412,2.015099698192859,2.129904855083399,87.39383537889209
900,CNQ_TO,LSTM,2023-05-01,2025-05-01,1,3.733216926731218,3.2689372150756943,3.88885371369332,3.5859718721259903,7644502.668031535,3.276355828073285,3.07006495534273,3.4643696912617346,3.3124022452044075,6003421.246865193,8.71239359646392,7.88888371474478,9.364109164737066,8.706113804400294,77.32373738318127,5.31803197251984,3.263556201443844,5.448635558900572,4.1858766812582,98.58921022853168
901,CNQ_TO,LSTM,2023-05-01,2025-05-01,2,4.753065879988127,3.6851434537064094,4.677424256084346,4.4056839953008815,11897317.656936703,3.8808535521581726,3.3385062478866896,3.963448695228174,3.7497242603942937,9799221.35971596,10.432290763698514,8.634286308314815,10.816629690217765,10.004220140000228,61.34055582897309,7.795019749696112,4.398793632397291,7.377656665181536,6.62051951849609,22.18279870597328
902,CNQ_TO,LSTM,2023-05-01,2025-05-01,3,2.355742858730402,2.518754363539196,2.8525994055918247,2.527625022521434,7371683.063700645,1.9372139453813413,2.0594817724076764,2.469448826743124,2.132631103927781,5861858.580564062,5.024903673176257,5.030283441299681,6.351312550825275,5.3899150179687485,72.49506688901181,3.731026972481229,3.3334115841068934,3.589825637038796,3.3847094441106216,90.59798663502724
903,CNQ_TO,LSTM,2023-05-01,2025-05-01,4,7.967802209782247,7.784418615271063,7.981207077697296,8.024706511255552,7282805.9778452255,6.57908939033111,6.450084866832046,6.606253918747258,6.63758917478555,5893104.297950466,17.602716853640857,16.853464387552155,18.03541653730441,17.719878157350546,61.74870176337268,12.444459450455588,11.652765006487185,12.716801553435126,12.391545289664467,68.540229781921
904,CNQ_TO,LSTM,2023-05-01,2025-05-01,5,10.098053151683434,8.94246270567964,8.741603515605345,9.335024709796857,6702990.082116144,8.483793827562286,7.329707836393255,7.183991611101687,7.732092243895746,5311459.836898248,22.60166128329136,19.150634244601505,19.59228228702033,20.603111530996458,63.43982434220836,15.082924269599047,13.614161879682923,13.975668743352973,14.276356684210096,82.76692937915453
905,CNQ_TO,LSTM,2023-05-01,2025-05-01,6,3.9969937001016542,3.5254309359982146,4.893592872260752,4.543323199625612,10613025.473369977,3.424995082313864,3.166673422958057,3.981888738483007,3.8112620992368873,8782113.985613981,9.146348552935905,8.200775387225939,10.932271173176169,10.186853414615223,118.61677616935926,6.037408918909678,4.354962355142227,8.284582027334174,7.016399987986579,142.44034129020628
906,CNQ_TO,LSTM,2023-05-01,2025-05-01,7,4.825565927881252,4.7920066116028925,5.143905756993623,4.796154910061923,13248089.751471344,4.068028583119685,4.080738520828606,4.400218992334618,4.1602993341992605,11449068.71573123,10.884081704774712,10.644067704395594,11.984211775936512,11.06487786520058,82.30156866290312,7.429232465669712,6.830517802780249,7.855799938370904,6.830725035565501,36.182458530099645
907,CNQ_TO,LSTM,2023-05-01,2025-05-01,8,3.481964800233221,3.2316870417684607,3.4677873418654968,3.5521966138494787,11011082.181044664,3.0886351289596248,2.9842919502414462,3.1765682338139856,3.194814292982147,9320951.312918266,8.192898598443415,7.692902550596712,8.5086752286588,8.442324967756056,123.96781117865308,4.837159032259496,3.5577764028516063,4.380496744700309,4.638428361959444,145.75113801484136
908,CNQ_TO,LSTM,2023-05-01,2025-05-01,9,2.520217704742388,2.5720869796433816,2.7947667761592494,2.627658081137972,7978732.378935084,2.279241315644844,2.2482186180884782,2.574894279249213,2.3684331968564587,6264270.977500677,5.789259530384553,5.5203604944762095,6.638667816642245,5.965765909525459,53.34631668968319,2.722383841711279,2.8642357249200034,2.721855970101449,2.7242703100496994,48.07721398694324
909,CNQ_TO,LSTM,2023-05-01,2025-05-01,10,2.7240978950872403,2.352588510227166,3.2970274825361017,2.997216312746044,8371681.164455927,2.336444144903529,2.151263870222824,2.7741785021394567,2.5970364094641694,6590238.243639966,6.147217765158675,5.464639444119154,7.525966593221605,6.870236119981479,48.33308223846363,4.146069842246688,2.600901584503827,5.429376192296811,4.457301365936986,31.99034363764373
910,CNQ_TO,LSTM,2023-05-01,2025-05-01,11,9.562682918534076,9.782638955679904,8.988084035511593,9.357749413560144,8136749.473094657,7.814214369105501,8.01926050219507,7.44873037321109,7.714577851737085,6247820.406833093,20.87584889510888,20.936335193206343,20.26665363136862,20.553529488613066,45.64712057524364,15.039052563832016,14.862252636255077,14.075046937052694,14.39630474348729,34.38812819865031
911,CNQ_TO,LSTM,2023-05-01,2025-05-01,12,2.728695799113752,2.4047765800214487,2.9860888263919705,2.729100566701766,9027541.351893174,2.386975411467274,2.241697900774659,2.6147030551409585,2.430931846708247,7185910.783260266,6.2900310758033084,5.713876489393408,6.974002345662727,6.345358560114471,98.55460478236488,3.9812688912556142,2.459422484749124,4.319820980137102,3.630759134518834,124.13639479612657
912,CNQ_TO,LSTM,2023-05-01,2025-05-01,13,3.614661697729407,3.998443944945728,3.5836990279696352,3.763218792827391,9601805.01414202,3.26022806163443,3.64897247808027,3.2298569593216486,3.3754682540798737,7733147.079037428,8.203123489796345,9.04258467537789,8.220158840539646,8.452562024978414,105.91316926900828,3.7668193815806745,3.8874522789998713,3.734641399385225,3.984593410699386,131.31884537736298
913,CNQ_TO,LSTM,2023-05-01,2025-05-01,14,2.358889139263701,2.443492743044631,2.7923248442948903,2.8707157851352894,9624409.491977504,1.994978949245533,2.0266083026753643,2.4439681390221524,2.4356217109682765,7763800.134059985,5.114423796358882,4.958748837230547,6.302866394359239,6.072754943950286,106.32904376717693,3.3564287371401296,3.1370298872559945,3.4433791652529058,3.5619335164894657,131.82409518245544
914,CNQ_TO,LSTM,2023-05-01,2025-05-01,15,2.526987526003141,2.1978462475246063,2.7443593266715176,2.564465645237828,7290426.024423815,2.151626506298684,2.004225508665952,2.329690470951192,2.229652625455096,5829240.103201668,5.654643959730961,5.083772970268152,6.139587482634097,5.807398423449691,56.49850834523893,3.908078538016329,2.439487934744488,4.087536613725634,3.6324253449264696,59.305364509821146
915,CNQ_TO,LSTM,2023-05-01,2025-05-01,16,6.495501596432344,6.070951007872747,7.371833193328333,6.348916968958382,11999025.180818403,5.347052107564209,5.041646178447072,6.096447516815124,5.328652689687118,10182324.07044644,14.313811009210406,13.170732326735088,16.632572491169153,14.2021912458071,70.28177293346235,10.23695750580934,9.057684677529414,11.733433940710576,9.54255597417873,27.466146000672023
916,CNQ_TO,LSTM,2023-05-01,2025-05-01,17,5.489493544505255,5.638104994368836,5.334952128837707,5.712952505950401,9231850.81617128,5.15958816893824,5.426158515869876,4.860423377037526,5.377962896583841,7293910.960929394,13.035081367082272,13.548749014164066,12.344506272905097,13.548390655923995,100.3212970829557,4.472102035327242,3.465149247201988,5.314937294356493,4.509825328901239,126.84711130667326
917,CNQ_TO,LSTM,2023-05-01,2025-05-01,18,4.414966505971805,4.05550921952939,4.624341643544144,4.238863081874157,10241550.766134422,3.758710262632536,3.5479537708978484,4.002058670577247,3.740203643035147,8009202.36537834,10.045813397224745,9.22593161642946,10.884350698498626,9.924799442066504,48.719443161282015,6.706559601920533,5.426749342847965,6.947554898434068,5.819943381886388,21.981627214451027
918,CNQ_TO,LSTM,2023-05-01,2025-05-01,19,4.194395917117864,3.6308289025324334,4.43794571414402,5.195139177207764,11574395.824742988,3.717005152346193,3.4206098211626834,3.9533633036275737,4.321965718106645,9683826.190530855,9.864910285689716,8.781806367037754,10.689062145026744,11.547454781991677,129.6531673868454,5.715757062860597,3.511533102035877,6.111041061285349,8.038401676737102,152.56660744997092
919,CNQ_TO,LSTM,2023-05-01,2025-05-01,20,4.2963390815468046,3.908820459001965,4.541081010624223,4.108529869379541,7664707.130743853,3.659824743986739,3.4532412951769795,3.795245706142897,3.601583920532488,6031243.685752352,9.781311738996203,8.967406149144528,10.381200984963453,9.56663984810486,51.35596788993582,6.536063774549642,5.090391867072961,7.379766620937992,5.765796350006958,46.38078029964899
920,CNQ_TO,LSTM,2023-05-01,2025-05-01,21,2.3835516205174136,2.2412253408926297,2.7247428798220867,2.372862378691288,7202750.09293201,2.058332775327764,1.937910736167127,2.4496845358611474,2.0827313618634395,5772544.807026982,5.24895404402892,4.768639265295293,6.339722360700778,5.285734533953728,66.28135000722519,3.127013095772432,2.582099694927789,3.0993080209386985,2.884568896703352,79.76331713624717
921,CNQ_TO,LSTM,2023-05-01,2025-05-01,22,2.4118305818784034,2.3512985215454463,2.8088399160904203,2.470115781455436,7042900.224542705,1.99450657325745,1.9160886619517696,2.4120062673435645,2.0697581429186185,5655115.525805156,5.146953407820616,4.701261836844214,6.225009510552764,5.247932274531556,70.05424811450031,3.699473666128867,3.1782245690029867,3.683359994840213,3.409281206111681,89.16404785544461
922,CNQ_TO,LSTM,2023-05-01,2025-05-01,23,3.956016831908839,3.51105856507215,4.094587461848226,3.904940542610717,10233582.8754777,3.059419559766902,2.7802080711534902,3.157212385413738,3.0470985767893146,7953628.97711883,8.28553326628354,7.317442764158138,8.73996436240335,8.225173250564403,48.4109467538886,7.180514030931974,5.829851801498822,7.673128775572384,6.922253811762263,22.7986852718532
923,CNQ_TO,LSTM,2023-05-01,2025-05-01,24,2.6001540498610463,2.621126637853014,2.826187137968368,2.648254188102636,7296667.678030708,2.234482121015989,2.1544384759751343,2.478735508657754,2.250057986455774,5796861.540189783,5.642736840012264,5.248227031857094,6.36729018492488,5.647361320217798,73.868591765134,3.277674952193691,3.4161721410607147,3.3715665997705133,3.364556726658426,94.56737435978022
924,CNQ_TO,LSTM,2023-05-01,2025-05-01,25,2.414641507828478,2.1133687347137644,2.634284927202225,2.356069424701888,7656206.373868336,2.090289213882249,1.82832051309624,2.2974460433734927,1.97246149613923,6003988.720732331,5.350676220704241,4.559563036533972,5.995860122587224,5.109739020700952,51.58046368648496,3.211594452213453,2.6025373890379804,3.520579575642214,3.5891871660468864,47.93838390054994
925,CNQ_TO,LSTM,2023-05-01,2025-05-01,26,3.6646967176604335,2.980165424378291,3.90025306902888,3.639942201490807,7323033.4315546015,3.1925144863215573,2.828823187596627,3.4001715401679973,3.303228082708512,5888120.715740521,8.499595426688863,7.241333229746856,9.22820585475612,8.715590203940526,66.07610435418795,5.362188510704267,2.755930725231118,5.84862946454524,4.613584812623094,77.50994930132715
926,CNQ_TO,LSTM,2023-05-01,2025-05-01,27,2.6626316664271217,2.3301011860904715,3.0244076049987774,2.733785830628338,8320701.588922451,2.256343447018879,2.122770153528547,2.517482014854508,2.3726515638760075,6590734.119867484,5.956287037947339,5.4161785256062895,6.81025122234038,6.231417277108276,89.58601821367202,4.201059325515398,2.681947902499129,5.067934315941643,3.998996471155088,114.71101679724458
927,CNQ_TO,LSTM,2023-05-01,2025-05-01,28,11.585282775257475,11.259053915163255,11.272187139035298,11.323956554069996,12173350.101725075,9.53399344420534,9.267639499450272,9.329377747835789,9.360756018030443,10631021.568047678,25.428359385429296,24.179564401151705,25.35961149620461,24.9109119840395,86.41070545196042,17.922850164505178,16.961943668997705,17.602788778501914,17.28209519043822,49.02199235126371
928,CNQ_TO,LSTM,2023-05-01,2025-05-01,29,2.587951629737109,2.3323706193454137,2.859869912170749,2.598329171645784,13612931.264975162,2.2820870816694336,2.12267344417332,2.509032470452353,2.284449029247676,12231279.82056578,5.926039174417627,5.314316554818739,6.627741839699504,5.856206906182067,155.11989860349996,3.4878061438760986,2.3725049065129533,3.944480788603356,3.2908949944555137,169.0994936089105
929,CNQ_TO,LSTM,2023-05-01,2025-05-01,30,4.799449013427715,4.8403732777192925,6.000949882910462,5.130683345269199,12663236.921745682,4.078923687498826,4.065548766348849,4.910781974935356,4.396364276851557,10669954.44104654,10.89599000775375,10.619481611974138,13.455905336879164,11.70666079166483,72.19677471297084,7.244760397792928,7.106391152752386,9.907613434338916,7.482443310461877,25.3918878684887
930,CNQ_TO,LSTM,2023-05-01,2025-05-01,31,2.7759177454181216,2.7080298213746654,2.8881189183868297,2.7425876696725857,7601710.56908893,2.336945943441388,2.178861054260432,2.489014534212144,2.2886679123061486,5981159.588587482,5.875514986523395,5.297213879473004,6.425181109481742,5.721372438974023,51.49347337156775,3.6321347424002255,3.6908308963103216,3.756699384781391,3.5995906171702488,47.62224752808421
931,CNQ_TO,LSTM,2023-05-01,2025-05-01,32,7.751958337767861,8.09124028806418,8.03899658711511,7.660271906553425,10225232.13090874,6.331365764364503,6.567158509388201,6.599405504222209,6.266033214509863,8625111.670800844,16.93290071746521,17.17335597826932,17.99591684161434,16.726796247797534,114.22546427896012,12.27133473118436,12.53918317601707,12.874045196966213,12.004662614406255,136.3854411327716
932,CNQ_TO,LSTM,2023-05-01,2025-05-01,33,6.016582437850103,5.183936824776843,6.00577164142436,5.6898015280005305,7815701.0830994975,4.854537181931181,4.322460889385463,4.913235870875805,4.687547486467825,6154495.224661827,13.04634995714624,11.297896405140802,13.457709607218325,12.543698751315132,82.3003516954547,9.896570564089478,7.710534729128985,9.89646427424276,8.952064125822915,106.058412396542
933,CNQ_TO,LSTM,2023-05-01,2025-05-01,34,3.9015047265268974,3.5328532074223298,4.367793123847533,4.053750344738408,7399319.109132715,3.4562241706630434,3.262529685037424,3.857654045910397,3.6744764869926825,5803911.698716481,9.17835325507288,8.410285238336417,10.451123101648394,9.703740365889182,52.85943073129791,5.396697662113909,3.869567100215749,6.229596454559975,5.096949105035346,53.57681371598595
934,CNQ_TO,LSTM,2023-05-01,2025-05-01,35,7.141455185133728,6.919270004816503,7.2609018111899,7.17759949535706,6979305.710081459,5.893710070759213,5.702014283401853,6.023347690072887,5.92929493660159,5616418.888352911,15.754269279518171,14.895293716247954,16.41857776713403,15.81761292686024,64.90326550567362,11.134229433478506,10.451033928334976,11.463954769169696,11.06937893153932,78.82840977976431
935,CNQ_TO,LSTM,2023-05-01,2025-05-01,36,3.07228260418566,2.663715872908049,3.06934224518585,3.0234774133879543,7573653.966642779,2.700635398012231,2.3087961791649483,2.7817312663404787,2.6538655699975737,5995979.201779167,6.77090133605569,5.662487450237948,7.092032094984665,6.619770071135727,78.30195235914863,3.5087078445490403,3.0714442702992213,3.046750750911819,3.383357424237797,100.1397580656956
936,CNQ_TO,LSTM,2023-05-01,2025-05-01,37,3.000231917132829,2.5658104526469745,3.2194206556683103,2.8540378984699144,12300441.836776815,2.6621202505109287,2.4548189937060654,2.874924725774813,2.640410105167566,10683050.545532309,7.042656075195191,6.236344219965781,7.727185771628807,6.836998268312498,139.39424908624133,4.209000055540181,2.12277465921386,4.501586755012911,3.134373573748368,158.36416583353642
937,CNQ_TO,LSTM,2023-05-01,2025-05-01,38,5.4120343100750095,5.513501201294125,6.372628278381639,5.526109646938352,7888488.423809875,4.495746602688155,4.534318258599489,5.19093290320043,4.609541132987749,6163118.788261811,12.040999202272,11.869585790464074,14.221302325184112,12.31440952753718,79.09249664435815,8.484359196306778,8.415427891053119,10.542211972584823,8.492709655381622,100.00037945869676
938,CNQ_TO,LSTM,2023-05-01,2025-05-01,39,2.5063557382142703,2.3920660549273687,2.80278395882265,2.623286366352352,7257751.840717862,2.202964408002569,2.046014449208766,2.521438750396366,2.3000721535378847,5783978.329393864,5.586068017743416,5.0152365745058445,6.493045586882987,5.772299928789233,56.10351014390702,3.0000750748653786,2.8268952481893024,3.0626972911272072,2.992464131034729,59.607234152031744
939,CNQ_TO,LSTM,2023-05-01,2025-05-01,40,2.5384394729541007,2.345417475600241,2.838905917225772,2.616865764992094,8266210.393096121,2.127026124641519,2.064684799874825,2.426330498279747,2.225997202985756,6502309.123152494,5.48334673426357,5.156021002332432,6.391881029970743,5.685288049257384,88.51077537635581,3.762835246641495,2.726473995601662,4.142064984996279,3.586815345857624,113.80859150350094
940,CNQ_TO,LSTM,2023-05-01,2025-05-01,41,4.390379905879551,4.257965552691222,4.764955229107809,4.227497349571253,6970276.957997951,3.541160179558712,3.506260719116683,3.8512448418673264,3.516105650313233,5442080.328286489,9.538039277420644,9.189017090138597,10.590422087230042,9.413047461753768,52.54775138534201,7.4111306528860945,6.559937950407338,8.22172212679502,6.70804001310575,59.03972443297244
941,CNQ_TO,LSTM,2023-05-01,2025-05-01,42,3.6284783247603576,3.516265815059819,4.027620484547823,3.836657399459238,6987715.2805198,3.1966034460851374,3.227454491086841,3.619935896952122,3.453732476960613,5578130.615407427,8.493562467146772,8.328736086310586,9.76918147351458,9.129585097964194,69.14992586192666,5.129474181508501,3.966146620476856,5.460297224417921,4.962268754161803,88.81686841132209
942,CNQ_TO,LSTM,2023-05-01,2025-05-01,43,2.69178471773477,2.5625287691055143,3.031620015927402,2.737579339971103,7384167.057468881,2.401363787377636,2.4378141516204863,2.693914431814113,2.471035887995864,5899488.093687098,6.246451140719953,6.186948833930502,7.197085391426201,6.358873952910169,57.58485388078537,3.526885928029487,2.2059994048750786,4.236281541787702,3.222360208893413,60.794572649572864
943,CNQ_TO,LSTM,2023-05-01,2025-05-01,44,2.7788581037130844,2.935106864641845,2.7143354925016108,3.077682048787801,7210181.228261663,2.44219474808926,2.503247985775813,2.474820642986739,2.679122464308791,5780571.884869139,6.135728297331165,6.115249220931976,6.36310208761402,6.664410571026119,72.63386373421457,3.1897971084246004,3.535282230366739,2.7389295714637933,3.506996791213943,92.119169814659
944,CNQ_TO,LSTM,2023-05-01,2025-05-01,45,4.799331343595432,4.43590311212928,4.695810218383951,4.305128505306675,10740545.582457617,3.919719065252559,3.7293939353093326,3.986797623783259,3.769514037437142,8838763.998742104,10.532379402435916,9.74309219890475,10.87493154394429,10.012634925447983,119.70296775807954,7.839320244560706,6.519837893829219,7.345154309274958,6.02014356938578,143.9656576040738
945,CNQ_TO,LSTM,2023-05-01,2025-05-01,46,4.09826121856358,3.65355039497176,4.070067479134116,3.96502975915382,7005807.773706133,3.530847300111008,3.3098353191654715,3.635650692222261,3.572324223416928,5509846.405410171,9.417425119936476,8.55826049061413,9.825496376564706,9.442384635119447,55.09281703947683,6.073387480966135,4.349221822678433,5.624862012421968,5.094825298754872,61.88956498868259
946,CNQ_TO,LSTM,2023-05-01,2025-05-01,47,4.87240736356303,4.9499202747422,4.949051403425039,4.52677908667527,9457240.588956635,4.185875748854881,4.188818313833708,4.315586719120095,4.11307779112866,7363218.592724006,11.161860155216877,10.928503695917485,11.712577978768952,10.85155347402557,47.635661266367975,7.155122274715511,7.1371344943097474,7.199772777492118,5.557411810660852,22.81408279643047
947,CNQ_TO,LSTM,2023-05-01,2025-05-01,48,2.5524307857563766,2.33638568377023,2.8246433998058027,2.5752372245326107,7555428.981882842,2.119605591546452,1.9783102229051963,2.397225469748857,2.220227042937992,5964004.012024999,5.428591408349748,4.899873699704795,6.244531204257689,5.672357115709085,77.33452461260482,3.744997657577994,2.956665852924961,3.981166992421483,3.400037950142792,99.09626846996288
948,CNQ_TO,LSTM,2023-05-01,2025-05-01,49,8.493106999396906,9.057755998835717,9.037981186101202,9.193654780636042,7721710.044916387,7.277828005716419,7.892364807179018,7.797330785914623,8.00385976254018,5970684.204633236,19.38951225136316,20.50318109600421,21.166831304248444,21.231719862232097,46.63337712080348,12.313551229953667,12.070221464363602,13.213736740741624,12.6821068987779,40.998062676959286
949,CNQ_TO,LSTM,2023-05-01,2025-05-01,50,2.845514168158594,2.527127075093268,3.065703597887242,2.7912523192994247,7194777.785121307,2.5880521993623136,2.419570883588985,2.7966836099724994,2.574099980486712,5726422.0764615135,6.790854898141535,6.119587627010291,7.42014056243728,6.632365237316254,68.40354855324001,3.620313871589204,1.974637044280236,3.795934906522625,3.006376373301688,84.62067402005135
950,CNQ_TO,LSTM,2024-01-01,2026-01-01,1,3.524774367069317,3.712578605120844,3.5670273872432308,3.615165519823059,22158854.9454254,3.353642142979804,3.5593507184024857,3.3840855780475447,3.45993100266406,18602722.658847645,7.362248973953209,7.726799936975365,7.4912455007698,7.593471645571113,77.7137909130563,2.308405885372545,2.1832105506940507,2.407392778995088,2.22326213803964,23.698401478849103
951,CNQ_TO,LSTM,2024-01-01,2026-01-01,2,16.803610162118485,16.604398278904053,17.5137911691796,17.800043497572194,19276447.2432594,14.403325137658369,14.21418308214598,15.132460940976053,15.342457719208808,15595476.377307689,32.04074052151758,31.337540049831,33.96302568251915,34.15387046430568,83.72488866377945,19.66275940603254,19.32358030973037,20.21111974439465,20.504860906455875,126.1699594801095
952,CNQ_TO,LSTM,2024-01-01,2026-01-01,3,2.379939329929893,2.7478216032612863,2.9151767141429383,2.615285403508286,11796891.121827371,2.178442565221044,2.557298518584872,2.732090381637618,2.4357680718602484,10010664.09282883,4.7621219147368565,5.5288759261815335,6.030204006744664,5.323529059706862,127.20614553530068,2.032463656174916,2.073499549427231,2.1487394996551044,2.0163804327718178,319.6611387068279
953,CNQ_TO,LSTM,2024-01-01,2026-01-01,4,1.798312187257089,1.5408938438633597,1.4627752219248005,1.5244968911775894,23682912.807065763,1.3505074587818746,1.327174325039971,1.2812793373102311,1.2796716947779487,20257568.027493384,3.0308266706736,2.91072230124733,2.8527358848277906,2.8490522422822067,89.78005452904075,2.734773596149302,1.7630229046738863,1.5899098484395042,1.920689992629818,18.02149938142234
954,CNQ_TO,LSTM,2024-01-01,2026-01-01,5,5.004072566406942,4.254715573947345,4.34282139046253,4.643407132810782,15819122.57384464,4.879117598301844,4.109314751002727,4.1750629755093325,4.524473143314212,12365105.233220013,10.714406265208233,8.921662044512674,9.24580332243454,9.932583811930074,80.19902852876749,2.3026379108791724,2.253128138860807,2.524699066386343,2.163915129724862,150.00571452372773
955,CNQ_TO,LSTM,2024-01-01,2026-01-01,6,1.112774466265148,1.5205749148879997,1.384219174235982,1.6483575451259305,19172962.492986843,0.9243452435385056,1.2936861717353876,1.1885550715440836,1.4644104128431386,15627591.920756126,2.025726774594683,2.7829730241556034,2.6140035303429987,3.1905395252803954,77.42301015877993,1.3483914818426552,1.660814129161467,1.516334241573185,1.6005673278151062,86.28064830648316
956,CNQ_TO,LSTM,2024-01-01,2026-01-01,7,1.984114561892232,2.7294563326852983,2.818133611336584,2.562627913676748,13727382.138890462,1.5350809520092368,2.184774373205117,2.241716300789653,2.009676623528025,10782402.125267088,3.43895918645324,4.84871970431217,5.071824655874128,4.511513856256364,91.4407452798286,2.8925521474002904,3.727539790761429,3.965066987266976,3.6711802910955353,212.9842820054816
957,CNQ_TO,LSTM,2024-01-01,2026-01-01,8,1.1915057827773188,1.3155994890105034,1.1885273107571652,1.2607413281661206,19409515.78488924,1.0197568603943108,1.128091703402132,1.0057254503997846,1.095829327566086,15751115.320907855,2.244024976933369,2.451155351782539,2.240127745225466,2.4142401521480745,77.77618177293789,1.36475163180261,1.456994392882777,1.4334914115799218,1.3934963982267845,91.18743711650102
958,CNQ_TO,LSTM,2024-01-01,2026-01-01,9,2.090250298151937,1.893099156717407,2.162581098747931,2.056907809932571,19372682.2664286,1.898945093593922,1.6439237722227995,1.9330944463856887,1.8710002699673929,15784413.508215122,4.142253419587686,3.5345576457319936,4.247395420812965,4.077821006770507,77.199160778887,1.8466994434749384,1.9621120380410368,2.071338989414591,1.808941491507661,82.03149530094053
959,CNQ_TO,LSTM,2024-01-01,2026-01-01,10,1.921155256239277,1.946057696425609,1.8217909903720944,1.8601009378398927,21241703.421802845,1.5407895680714891,1.6089845369440536,1.5295121695763545,1.5731710568228512,17589979.946807496,3.4433509682200416,3.551023151784453,3.441449405915785,3.5094546376200366,77.68447577143299,2.647487995470961,2.494218947366732,2.315914175924116,2.3135191271470377,52.86154831565042
960,CNQ_TO,LSTM,2024-01-01,2026-01-01,11,4.639536853641301,4.434890053802173,4.95009458090974,4.600665408045543,13041303.844628476,4.454022814106147,4.25496058897033,4.774317548130095,4.452858600336617,10403586.09091878,9.779728619298426,9.239984422365964,10.57283013755978,9.77342329307609,96.47788206295532,2.7369773136848576,2.5755749628412965,2.7436086630106944,2.409617314612989,232.16934188913595
961,CNQ_TO,LSTM,2024-01-01,2026-01-01,12,1.4068272153586452,1.4947979355816252,1.5367131069679942,1.4909582443227545,11933528.51976716,1.2046132249221349,1.2914854992531355,1.245450742180734,1.2455453720197511,10065171.082551876,2.6719323384564566,2.828792743977969,2.805012919920463,2.770701636703471,113.46616017838257,1.6650765273417885,1.6852081917380806,2.101079771286994,1.8899468387682663,278.5471476294196
962,CNQ_TO,LSTM,2024-01-01,2026-01-01,13,4.62974149208094,4.574424743895173,4.708687975628448,4.4990913046818335,13808672.436853193,4.454079835314136,4.408754327788148,4.527938591317323,4.350787552415337,10860007.96438247,9.777746831314078,9.570898007705615,10.024771217857944,9.54834541546241,90.79479270486368,2.651126924535998,2.4912086658693378,2.7147536663657514,2.387370346036178,206.8362343670824
963,CNQ_TO,LSTM,2024-01-01,2026-01-01,14,4.435935496675188,4.653942649631832,3.860712468514537,4.1174036525418165,13161805.142543724,3.507313306778378,3.735481526070756,2.967399209007338,3.213053511160213,10536460.349176925,7.844955968829778,8.275735348689702,6.711040352182423,7.199640312305582,159.93233851755954,6.199141265941202,6.286330176634274,5.683018043895618,5.887494066206199,388.0638069185113
964,CNQ_TO,LSTM,2024-01-01,2026-01-01,15,4.667229223530192,4.934019937527269,4.752078401326482,4.175793709747075,18008693.071634695,4.514614885630779,4.796614467711839,4.593438894445447,4.035029567388994,14654928.97470961,9.911397860417726,10.413697192883903,10.173505724552644,8.85546900223209,76.27341085071697,2.470833969122846,2.325211461334774,2.552320027705445,2.2446716167771488,85.86616372392466
965,CNQ_TO,LSTM,2024-01-01,2026-01-01,16,4.826605206488082,4.830532547832259,4.639259360019449,4.901274135782292,13938337.122964524,3.9988902556943904,4.059001086125561,3.857643111534264,4.123033930444308,10942817.868501095,8.926386936721894,8.976281265867945,8.695239228352644,9.21162905724438,89.86558281243778,6.1844478264642815,5.957428933543322,5.965008817718826,6.095511613398624,203.7803091712208
966,CNQ_TO,LSTM,2024-01-01,2026-01-01,17,5.713693386746732,5.265370754551668,5.75162400952475,5.357957356805971,13505893.37651296,5.482277016525359,5.054664235300254,5.543027050617472,5.155389254208128,10675060.847712258,12.069249571602846,11.008198595145236,12.304518364033845,11.34921333263406,94.937706208551,3.505717504676559,3.150673458239498,3.333057368772483,3.1677917721511752,227.59988661583205
967,CNQ_TO,LSTM,2024-01-01,2026-01-01,18,5.824857827159734,5.911519761772839,6.011986154614075,5.864831096350117,16799894.17497818,5.668262335236542,5.786100218089503,5.865600695839147,5.749251493054464,13616933.39314694,12.462215892115331,12.581464829316854,13.006466295697845,12.635304145241486,77.61683888145025,2.846534719767193,2.470340543871484,2.7809130058416747,2.4099149043021733,100.19318148601242
968,CNQ_TO,LSTM,2024-01-01,2026-01-01,19,1.3357292208111031,1.5751460906685877,1.4459653721217132,1.6435941346856853,14376972.723917468,1.164532270275545,1.265126899223123,1.1517039587817557,1.253719989443554,11203487.264517844,2.5725329915544206,2.7938659606615324,2.595065942554887,2.815936379295924,86.65824325480949,1.4758225269656902,2.1358084092128795,2.0370667207587085,2.4707444544259136,192.33206593969817
969,CNQ_TO,LSTM,2024-01-01,2026-01-01,20,3.273217515452578,3.3040702230192425,3.357913332559094,3.308132902111101,12425503.489351183,3.0769444668012014,3.084227007987957,3.158600394335032,3.119756450705548,10516212.038736144,6.720859005642171,6.659476023347678,6.958957593701435,6.811785647177376,150.10991182073874,2.322820443904515,2.426032327762857,2.379793152971843,2.2957527931596955,374.0766674758231
970,CNQ_TO,LSTM,2024-01-01,2026-01-01,21,1.0764986727159795,1.2309248210188748,1.3188087353142866,1.6642682768701924,14501673.404233754,0.8844897013297824,1.0316318138333471,1.1367868159143035,1.472130148841552,11284822.99909532,1.9460257056524124,2.2388582001422628,2.505800337553162,3.207209740031628,86.19782581677487,1.3579281975452722,1.4417467395211456,1.4367471680960369,1.643847469264544,189.908010378211
971,CNQ_TO,LSTM,2024-01-01,2026-01-01,22,1.6825377820377965,2.13305653862366,2.1856852673108063,2.250719376185872,16119095.9826377,1.4747644065925392,1.878779503452695,1.957689454726693,2.0574032198328043,12625876.970203072,3.2109626721371334,4.0404129079825255,4.29900819945821,4.482913783376425,80.07477610421685,1.7159097631216818,2.1085801053648443,2.071903361428545,1.9294018724192528,148.16765430760856
972,CNQ_TO,LSTM,2024-01-01,2026-01-01,23,1.2581197246566846,1.2665465233750235,1.1006332947940678,1.318919999729193,14558026.645952191,1.076174862792063,1.0326087627528238,0.8988592327012604,1.1523872563135076,11337288.926357923,2.3484261365776264,2.227633861979297,1.990903551054124,2.519503930176033,85.91111215484968,1.3871380827776008,1.546885624305206,1.399503901242715,1.3784774967956646,187.7209991726445
973,CNQ_TO,LSTM,2024-01-01,2026-01-01,24,4.0023412969935945,4.1169873493592055,4.641281493553849,4.522824909549573,17692523.94904296,3.2728499331676923,3.4147338403670204,3.876406526739441,3.8200800978861102,14075098.35286796,7.313621664840468,7.558415321466596,8.735966430737914,8.53556552523486,79.37345770105544,5.280145107118925,5.233725553318602,5.908322431157292,5.579243895952825,131.51829611267155
974,CNQ_TO,LSTM,2024-01-01,2026-01-01,25,5.759564184985915,5.724425522511496,5.442389436520724,5.573000567027757,15593566.136729168,5.586054539688487,5.574179881400932,5.255136101017944,5.427429528272395,12162149.691574275,12.287077916918674,12.129628040629084,11.65980557065114,11.937302874100302,80.96928005939648,3.009068421032872,2.724707268355756,3.04967873908415,2.6986158575279537,156.4423264132165
975,CNQ_TO,LSTM,2024-01-01,2026-01-01,26,1.4908926204643391,1.3744269932491997,1.3065504182722285,1.349591930889192,15867320.86534209,1.123268721685981,1.1760824815556945,1.125311233901644,1.0750609881173432,12387673.445101678,2.5202531085131388,2.568566519139812,2.5074148231449307,2.398335495273741,80.83940042385487,2.2658984127641326,1.5675167122749436,1.5041926756013184,1.887001470088808,156.7236183144223
976,CNQ_TO,LSTM,2024-01-01,2026-01-01,27,6.2793442659123135,6.715261439500757,6.978114824312348,6.615283524396838,45971040.52188921,4.919165166108109,5.361187805224167,5.564609607688462,5.306125172572062,42064403.61132559,10.990370586762925,11.861571475323004,12.537879604692334,11.85605182938043,261.17027748317787,8.846307056319716,9.092213662957455,9.622096223120622,8.96452290356981,228.8065387106392
977,CNQ_TO,LSTM,2024-01-01,2026-01-01,28,3.951567309765399,3.571057659104726,3.870302626624624,3.808487758711109,16811588.410939332,3.767292905372789,3.386720873568791,3.6790965249247183,3.639805687832389,13346943.697505394,8.278510469622196,7.356024519286658,8.149989594135043,7.993531014854717,78.82678215971676,2.55857265598881,2.37703182512378,2.5773104398090925,2.393892633490933,124.41913934804404
978,CNQ_TO,LSTM,2024-01-01,2026-01-01,29,2.942266678586927,2.381071641331746,3.5895854807479086,2.564717764823462,18516541.002477262,2.7890696721375026,2.165163640509564,3.449905809424892,2.382603677490708,15053692.48823295,6.1034455429045,4.673715828506239,7.62028234657041,5.203987597623608,77.78542414395542,1.955845588828135,2.059147536052613,2.0506279943006422,2.009928282644224,93.71771994306891
979,CNQ_TO,LSTM,2024-01-01,2026-01-01,30,3.1635571036418497,3.16268378031851,3.554730452769703,3.0963392626611355,16851130.063764744,2.995271509550835,2.994635319338075,3.39827044527536,2.933519456464956,13332689.198277095,6.566404214012388,6.488725927917291,7.513186022813073,6.426382109001894,79.15588815302999,2.149603951921836,2.095477951677112,2.1884623630012987,2.0928867851668054,134.20089992843992
980,CNQ_TO,LSTM,2024-01-01,2026-01-01,31,3.2105989274134186,3.3792430693109563,3.670736438660724,4.395561145563807,15107471.047878137,3.026143518965575,3.201927789464309,3.504296041923076,4.284503455584794,12090155.633235872,6.639360872781014,6.948378118625713,7.754266184687573,9.402185100217135,85.7606739514568,2.2820768594768994,2.247997524270645,2.311800208196836,2.027801434939377,156.823146641766
981,CNQ_TO,LSTM,2024-01-01,2026-01-01,32,4.250317469584346,4.003833293553829,3.949137810927589,4.103815768136489,18465926.509763688,4.103614761347775,3.85571952548148,3.761332649109703,3.968214670511899,15031595.44967557,9.008666429941169,8.369048656053774,8.328269324520903,8.709524267185914,77.03440856003509,2.321145809400192,2.2090833815372606,2.5594653404595733,2.191554635184129,84.73110482389319
982,CNQ_TO,LSTM,2024-01-01,2026-01-01,33,8.09836155944649,7.307581399342882,6.811433704681412,6.842486109325424,19102772.11838204,7.125530111724447,6.263961452278246,5.836316901778307,5.839866712248106,15351845.807645047,15.85175733677452,13.827642330922217,13.125181401934718,13.027425629239676,78.47262879035043,8.818152653494135,8.52667037936332,8.106704427973682,8.16412305931607,110.38855501434564
983,CNQ_TO,LSTM,2024-01-01,2026-01-01,34,3.651850379501569,3.5505776722478632,3.275903107318345,3.556239906531448,13233865.457884964,2.916134628379234,2.8295106299675847,2.523615610187558,2.853084867402466,10630735.330496827,6.524152603980715,6.274755985847677,5.711232009979254,6.391468918389999,96.8953786411322,5.031379648515403,4.865495445001415,4.817224805353464,4.87978278612709,223.2881079954669
984,CNQ_TO,LSTM,2024-01-01,2026-01-01,35,2.085067134729886,2.014283685980529,2.348515136737536,2.136323974581516,18413512.789066613,1.8911093199764808,1.7632525377917905,2.141838724106553,1.948404705443363,14856329.631364295,4.1241496537314,3.792743461240808,4.710813400639529,4.247103424534817,77.9234186884856,1.8551635443673165,2.035858111235527,2.0471637174241875,1.8551843840590907,99.48096145545372
985,CNQ_TO,LSTM,2024-01-01,2026-01-01,36,1.1809976875241164,1.3107863630764498,1.3507031688595184,1.2662480081033178,17160121.427292757,0.9984520164864478,1.0980128965021916,1.1642948856526143,1.10018358631584,13641643.99869139,2.201263618386305,2.403474742169154,2.5728428486557107,2.430388484631698,79.80735976857052,1.4086299076711264,1.5927779849038055,1.4890051012702517,1.4198306518698744,135.1913791851439
986,CNQ_TO,LSTM,2024-01-01,2026-01-01,37,2.1244105416962875,1.6765509726043604,2.093577029954546,1.8482439052085369,16198725.731090378,1.6479548544448477,1.3379335984668088,1.627141670447894,1.423731645652932,12699446.227219552,3.6987020581809777,2.956624474091477,3.6874665504802655,3.197316913095733,80.40272918097402,3.0867394582189447,2.2972913613310704,3.0705088209873868,2.734319602810288,150.34552881962452
987,CNQ_TO,LSTM,2024-01-01,2026-01-01,38,2.8970266416440302,2.4377848081959685,2.4937624747744085,2.4823723379726923,11769618.51184212,2.268526986184397,1.884559246457748,1.9031771658722056,1.8905387307155253,9991352.69116064,5.08338337198833,4.181868605760189,4.3109420977356665,4.246749230481141,119.6671178679242,4.131351141079848,3.5106737717209646,3.733639173989392,3.702535375029313,295.5262531257829
988,CNQ_TO,LSTM,2024-01-01,2026-01-01,39,1.3799386013076207,1.4939121291346236,1.4683128097472296,1.4485003408947172,14078256.900285382,1.127736754893088,1.2453930723825255,1.1777977601909178,1.172231139175521,11016139.808187785,2.512061670706091,2.7365259741266845,2.653036132372216,2.614518728700717,89.08113814009586,1.8348713648595256,1.8607963218847352,2.04301168385206,1.9689700186397745,201.9954725134489
989,CNQ_TO,LSTM,2024-01-01,2026-01-01,40,4.570987085372759,4.353027955867418,5.039451109807279,5.198336192976855,18480729.37706821,4.388206701159372,4.190477679706599,4.886592323360124,5.078169129077836,14989713.76042063,9.646313554595917,9.10923555924697,10.831960844360273,11.160391184417996,77.19192123505354,2.739088943381782,2.459092715352758,2.6105605009815047,2.335000413620885,86.11259176179686
990,CNQ_TO,LSTM,2024-01-01,2026-01-01,41,4.111727611373376,3.215248565147053,3.683651391698649,3.721305228528534,19179669.536895376,3.989223573516056,3.0496796301840616,3.5342191785802304,3.5946248326070305,15676996.92842178,8.751157012014518,6.607585549305198,7.815287732970143,7.878619685239899,76.97703105549938,2.0549451879950293,2.091040884038762,2.1713805143529,1.9961300178849224,74.16507125578664
991,CNQ_TO,LSTM,2024-01-01,2026-01-01,42,1.4412136530713189,1.4769324739968748,1.3700910481502715,1.5185661521938711,15271670.187088544,1.1282124942610223,1.2084629971728662,1.1413415831346552,1.1616129740841263,11866206.914180616,2.521921261574247,2.658576827044617,2.5606430756235627,2.604051833140869,82.52908560981541,2.070864173008361,1.917600749248954,1.7588359537302425,2.269488274369273,170.8208697088084
992,CNQ_TO,LSTM,2024-01-01,2026-01-01,43,1.28856119071194,1.272192277999088,1.2811733765821427,1.1986700057063553,21796899.317447305,1.108774585103551,1.0794496390181372,1.0923396091891606,1.033399654913554,18168280.6622213,2.424628413865292,2.343486352888268,2.414199924260525,2.2777695582093527,83.80271104979104,1.410271222235745,1.445946524763691,1.460567240168744,1.361752834859376,59.58960682183447
993,CNQ_TO,LSTM,2024-01-01,2026-01-01,44,3.688539392111777,3.568118972988272,3.821477029150086,3.995069960349325,22443520.48409015,2.929359352039653,2.841378372002502,3.0737151044288784,3.2569577659137394,18874230.08899691,6.554341461408525,6.300333625164865,6.941378233808601,7.2890963590903555,87.66905987549912,5.126300976371734,4.893540102040857,5.246741889749248,5.3150963061599175,51.32311127527115
994,CNQ_TO,LSTM,2024-01-01,2026-01-01,45,3.7219088826881928,4.29786511498254,4.538905861428892,3.582044046101025,19285786.07008564,2.8746804025150303,3.458293725455702,3.7070544709810376,2.7729887969227773,15586449.44063897,6.437600596430686,7.662536116181365,8.36179225298551,6.217183550888338,82.9455966251452,5.390043871524578,5.776592284193174,6.041498126877775,5.184429474855893,124.01110298641184
995,CNQ_TO,LSTM,2024-01-01,2026-01-01,46,2.342875745687185,2.5524053674075344,2.794275467821488,2.054489238618245,14386969.836423883,2.146244974464247,2.3448538392603493,2.612899307268129,1.855466783107825,11197165.185149908,4.684604189982291,5.05983827663501,5.7566415540590805,4.045189498908631,87.59893912638273,1.9843649983969285,2.0825616721870013,2.0821951772977885,1.8724629009370024,197.04633044265552
996,CNQ_TO,LSTM,2024-01-01,2026-01-01,47,3.912860839947348,3.672323964026084,4.006594178097913,3.7911550960175457,15716440.864759244,3.765072295649217,3.510412369601488,3.851791999555578,3.649537520438757,12340384.028364072,8.253974674206502,7.606863357133571,8.517256032411415,7.997913052936785,80.72948861593525,2.2064490535454007,2.1914385966876804,2.292619474905765,2.129358380290241,149.3293283575813
997,CNQ_TO,LSTM,2024-01-01,2026-01-01,48,1.412464155825475,1.6823174961804348,1.456397022110325,1.2442179930669326,17061727.118406054,1.2219438366236508,1.449522965216095,1.258969561260166,1.0786437169220635,13592091.362518769,2.661606391723065,3.114997537625234,2.7657319815731003,2.359419235864165,79.15318874731952,1.4990474160680236,1.7713546401359554,1.5565829960556328,1.3362079982106827,127.07095702926972
998,CNQ_TO,LSTM,2024-01-01,2026-01-01,49,6.935543216577247,6.972234785052043,6.8831124313467065,6.97104953350788,12799889.362276334,6.69509584228093,6.777238941425329,6.651444202804754,6.777128722133005,10546061.784336269,14.743953866230038,14.766583991508082,14.77600037402374,14.927485882658168,100.243016790262,3.955828860235458,3.5074433917795536,3.8811454043983984,3.566735090824892,227.18922556734609
999,CNQ_TO,LSTM,2024-01-01,2026-01-01,50,1.1629952703521036,1.306810504377782,1.277028538062286,1.3871565903828618,14171371.572416464,0.9715902666124276,1.079594872362154,1.0882148800158258,1.215115879906989,11090159.355757536,2.12831940668616,2.33105066646398,2.400057467903548,2.655564939203499,87.73621324605297,1.386699430413418,1.5541826488841413,1.4408535184242657,1.434822117983863,194.9250035512428
1000,BHP,LSTM,2022-01-01,2024-01-01,1,8.725960132438757,8.051094866610152,8.527253357618143,8.48729716836675,790002.0104774209,7.9773878323833936,7.18334542880034,7.726637524392249,7.6821417981645235,676933.4792629197,13.507810323368211,12.041596219319798,13.132771827849783,12.962170639039686,38.15107914040021,5.41424300070135,5.607171311186098,5.548295810752698,5.546206107234795,33.12982334724307
1001,BHP,LSTM,2022-01-01,2024-01-01,2,12.148722682594691,12.265879135518132,12.601091246449736,12.70703686330935,1096554.6634626004,11.25358134521935,11.420195952545528,11.783237407605249,11.89648480757725,832926.8451716703,19.09497095874472,19.24614655457282,20.114788438734983,20.16396986284004,44.90529508812698,7.022699486249208,6.784657404496949,6.785052449562236,6.761069192095508,45.772611236253184
1002,BHP,LSTM,2022-01-01,2024-01-01,3,10.689414301128798,10.563031417895203,10.974294430748715,10.906127689464377,1369707.192793936,9.742931041094804,9.589199075380613,10.036259547212335,9.965061463678804,1235210.4882341118,16.499723095025214,16.11239968600799,17.08591908767942,16.839695050886732,68.10156936641872,6.804307271428138,6.82367854705124,6.85306426209526,6.823425681123507,47.552439605762125
1003,BHP,LSTM,2022-01-01,2024-01-01,4,3.5113882947839907,3.43057714127942,3.1653466201330898,3.094779601015634,708398.1003765102,3.155032167371476,3.0796387884954632,2.763917556272011,2.706391780782325,599988.1165552874,5.4382621369256485,5.273497684395958,4.809971035079345,4.661109852969602,33.184983380833785,2.7327408855992816,2.6738557310370465,2.7785122352337304,2.6691408435671464,30.066919568890032
1004,BHP,LSTM,2022-01-01,2024-01-01,5,2.7123712737855,3.0911586057287974,3.3201833525187245,3.796098552041408,882690.4990748732,2.256966124461392,2.673450462118323,2.858787947915386,3.4307518829678227,694010.5138177585,3.9252252541425343,4.605466493806319,4.991916339633453,5.929229029805543,28.629915812391232,2.689613563776688,2.7709099785693216,3.0503554067305623,2.9224947207346657,17.948211307060355
1005,BHP,LSTM,2022-01-01,2024-01-01,6,13.115008327895032,13.212584963039356,13.098411919148123,13.245197929420703,1202876.030178843,12.021565959022944,12.170247422367224,12.01641880726256,12.211732857189867,1025987.245837146,20.37458894863244,20.485189182955565,20.46827345661681,20.66001446047777,56.72976588431589,8.100233174736537,7.861654089067954,8.050792756459527,7.85819136910266,45.37972705421328
1006,BHP,LSTM,2022-01-01,2024-01-01,7,1.578089293112657,2.026760901600742,1.5946564761982267,1.770536882448488,686100.626588284,1.2858816883002269,1.5929139995261077,1.3705438499650264,1.4524523524224022,558718.8511200045,2.1599087738983025,2.6447393243140462,2.330401328276442,2.434558811372193,27.23539795035816,1.455513099823352,1.9845539642963244,1.3052978634537955,1.5959580573762835,23.00986937037294
1007,BHP,LSTM,2022-01-01,2024-01-01,8,3.282890882413763,3.5730453334698864,3.34829457512286,2.61553042759279,1985312.7311763072,2.927651643321417,3.260129246797945,2.983632395757576,2.21030398419364,1882522.5201114984,5.055913988019973,5.591432350682989,5.199016293756853,3.826214607790372,100.76303717995066,2.647509071835295,2.604044580096468,2.748979680397957,2.503987615136636,58.154208183631305
1008,BHP,LSTM,2022-01-01,2024-01-01,9,5.060560238746005,5.700176634576724,5.106840092912024,5.270734379256367,1799231.417550361,4.526360549093315,5.198378539354303,4.553498723906497,4.740851099633191,1564663.98229193,7.734974411887241,8.822212286198155,7.830930716948506,8.086510814094108,66.41253844926453,3.867756358467647,3.9405513229472096,3.996308026771457,3.9206206988527454,29.29642674376163
1009,BHP,LSTM,2022-01-01,2024-01-01,10,10.921563418902132,11.062224456118896,11.23177721311073,11.295762423369949,916066.3940440912,10.164147946551331,10.280795999605376,10.49614928660396,10.549609900840206,719782.9131610047,17.254945847169736,17.322312054610318,17.915173686203484,17.87407187642337,30.02557762144001,6.105202477560076,6.205941990413813,6.074885728156736,6.120601625198904,17.647951710074437
1010,BHP,LSTM,2022-01-01,2024-01-01,11,6.930488793385359,6.686891368660163,7.612693224286337,6.929104904408332,847389.1220678315,6.104706551859738,5.802172871430786,6.862697519218854,6.082943805041643,721294.6278828558,10.293110044877572,9.695686160107504,11.65486872844191,10.227260406022436,40.48369411473304,5.090508442285926,5.157277060116831,5.060022940713144,5.146835252276674,34.80141891713841
1011,BHP,LSTM,2022-01-01,2024-01-01,12,13.8010053353847,12.9833640585486,13.204363170057606,13.44273100323178,872291.7352917009,13.00056850908304,12.163997858229868,12.310944834840036,12.637017551023716,749827.5862366513,22.11282793732481,20.52391380932493,21.01883659103073,21.43882905803268,42.537522003020605,7.058751649135568,6.903226188902692,7.346093521579933,6.971212608124529,36.00257124821729
1012,BHP,LSTM,2022-01-01,2024-01-01,13,6.494176553771275,6.421256946077296,6.136199600389489,6.631982917770416,926255.953553688,5.765875148233931,5.670677841104777,5.306311434620016,5.89595163283236,798757.4366006472,9.729122661163014,9.492357459030758,8.971074205822866,9.925437012771024,45.62027679442844,4.61693874380667,4.641182567618867,4.811553350230371,4.683910675484821,38.23672860252263
1013,BHP,LSTM,2022-01-01,2024-01-01,14,2.735010025622189,2.87930971579522,3.270910934482396,3.41251909352858,664878.3133811352,1.967538316405256,2.123788304283309,2.4951577148108224,2.705907483304212,535521.7514253276,3.258745992319513,3.498179117964236,4.169888913377317,4.5061902254259,25.260793019050148,3.0393171552772094,3.089576486921765,3.376767072352429,3.295691339736284,19.653123115372352
1014,BHP,LSTM,2022-01-01,2024-01-01,15,11.65405232632716,11.885832607650253,12.4029760107558,11.461765060665616,901825.9413484888,10.759021261340964,11.00545006544212,11.596631834423793,10.494638423929535,695694.5285325596,18.247977039865017,18.53568086863462,19.79573509636845,17.740756648320392,27.94890094094783,6.882593569529916,6.840738948659346,6.682753591776494,7.09801554637641,16.397922858795056
1015,BHP,LSTM,2022-01-01,2024-01-01,16,10.807374598989153,11.175398889523429,11.48639550435979,11.5583378671551,1502590.3936059936,9.67064972324533,10.1759148174955,10.472154503579477,10.56067995818307,1381753.4303566848,16.34494585576206,17.102753545057055,17.821060847664253,17.84586201594983,75.94748120542744,7.527785409338282,7.0916314028367,7.290572174788547,7.22684225544686,50.28607432322112
1016,BHP,LSTM,2022-01-01,2024-01-01,17,6.97424514369987,7.271386288325833,7.598825464806695,7.738547133779744,1115859.2610936551,5.947297964596709,6.260881256861544,6.64170450420047,6.813734480147262,982492.523024125,9.996271513545258,10.455049256705696,11.243097847481508,11.460285904481816,55.16356282943863,5.713830178686687,5.75286828242791,5.751688909486625,5.685390084087485,42.486198906051946
1017,BHP,LSTM,2022-01-01,2024-01-01,18,5.89556635507479,5.641720909517346,5.977603423384327,5.702669947237342,1974805.8071821488,5.213945134801611,4.883222961558981,5.268070211910458,4.933658770111991,1880042.4796485489,8.79344251178837,8.156794437628337,8.922941595007588,8.281340530030977,101.06695522846952,4.249883031613056,4.379700022919167,4.371064056366543,4.45258986600749,58.31238195073979
1018,BHP,LSTM,2022-01-01,2024-01-01,19,9.18979972124079,9.631015547269362,9.487067173641378,9.090403826301715,1880403.601396347,8.265004587097454,8.788329740810687,8.560820605814373,8.100135818962437,1764132.6021716564,13.971433528617716,14.769577142328668,14.546390270167905,13.646022522869448,94.82922024024288,6.220528180849679,6.009048318561705,6.318115932780131,6.399140971052455,56.65211817537429
1019,BHP,LSTM,2022-01-01,2024-01-01,20,6.6548507226591465,6.421700922761301,6.507632141619254,6.323799914959869,781257.902065249,6.000844610977128,5.722894321225839,5.818394945966777,5.607225932212052,669369.5774312799,10.142606739412324,9.589203287532548,9.87141125971328,9.436643652254896,37.72775495515236,4.416241050742857,4.473983920308589,4.491170868093896,4.516047005091158,32.783719485723914
1020,BHP,LSTM,2022-01-01,2024-01-01,21,1.8469719572168628,2.7115372626860954,3.060280193132204,2.2495664553030026,789832.422051664,1.4807130927415186,2.043164178143466,2.3675825017054897,1.694875278192894,675364.2676941718,2.482984998325281,3.3726346578994995,3.963609052938817,2.813119934142185,38.36304875998329,1.746842841496273,2.828491266202706,3.094909131925324,2.348598493954445,33.91820251610013
1021,BHP,LSTM,2022-01-01,2024-01-01,22,3.3361427412767246,2.522769008309848,2.479673905324668,2.7046191504395902,2286026.54158079,2.8146337899515688,1.8575393475019475,1.7562054926302748,2.022162919421261,2204417.449347576,4.728448178166238,3.059329002467486,2.916978254210536,3.3511708857754146,117.0919819598006,2.8065922346823964,2.7133227899203938,2.8137339438688853,2.870928962632689,63.26696599418216
1022,BHP,LSTM,2022-01-01,2024-01-01,23,5.759026910201823,5.962089076372348,6.239449908265274,5.758676085943006,739207.8650260333,4.946470952697183,5.1824479562669445,5.4752689552061735,4.926542525997204,570432.6942255124,8.317943889075694,8.660301052183422,9.269810708995347,8.259928060754076,24.34377071810596,4.602523182094807,4.558306364466831,4.63688499182778,4.653688267473333,16.656809954435587
1023,BHP,LSTM,2022-01-01,2024-01-01,24,3.094306776988003,3.048643722222588,3.0989354948614536,3.728148921872424,4377821.647986035,2.646432533075364,2.607793033676552,2.6168662540821046,3.307388266095156,4159520.1951262406,4.582556677373657,4.496325808309376,4.579037165311106,5.713757379615455,191.0880188455947,2.8642864287754977,2.820571576920869,2.9985493359417115,3.0857482418779125,52.03137188662234
1024,BHP,LSTM,2022-01-01,2024-01-01,25,3.5998004809982627,3.389458112455779,4.168637412989368,3.354093680941442,1211541.298663938,2.784217756605281,2.520084927924931,3.456217774620205,2.448799209216644,1091975.07226266,4.636772832889056,4.150775787293174,5.818612674077037,4.045935537628655,61.64941562688049,3.62475353421621,3.6010874418659173,3.664642096287681,3.6662371423813775,45.80870760360282
1025,BHP,LSTM,2022-01-01,2024-01-01,26,4.327468499644452,3.721002990682871,4.0398177085529055,3.999612677384875,649762.4139499133,3.6450942795722185,2.881151460229293,3.2548549196583725,3.2243681227188734,538852.5148391708,6.117949656430339,4.762367484159395,5.464252166144224,5.375280603946445,27.62426397369289,3.647374159501373,3.7262734208291,3.784783544740717,3.736487347860584,23.7754483325814
1026,BHP,LSTM,2022-01-01,2024-01-01,27,4.75224937966043,4.9589158488928895,4.7252311669566405,4.894406528261015,1789590.4099610357,4.379660698828784,4.560550616699581,4.322023406499523,4.484809957451061,1672809.5233751028,7.521894404585929,7.765952547360298,7.472127606333773,7.679882562100468,90.1504693758166,3.2109055275235763,3.3454821600454614,3.3707980277799297,3.393658277445609,54.77403277943544
1027,BHP,LSTM,2022-01-01,2024-01-01,28,3.515704774635605,3.548749581781674,3.4206618335678147,3.4849758209313992,654417.5166619014,2.806193929870879,2.8262000347698697,2.6389348258718086,2.743073462983988,536566.7947319895,4.687422650962493,4.68440299489777,4.41365216632816,4.563857586237063,26.54561782090969,3.348462813356188,3.3828631242784226,3.4683363361870265,3.40936307211336,21.999204381781983
1028,BHP,LSTM,2022-01-01,2024-01-01,29,8.819963472548608,9.184174477917937,8.407893455852223,9.576033382915284,2188139.534472746,8.096096978254526,8.493261387374366,7.535254252193487,8.891624624534845,2103026.2315572724,13.71799019655662,14.296555715388356,12.797605516900024,15.050635724851215,112.53125945716484,5.371124541144784,5.2929829924433385,5.811981048289929,5.392456787579227,63.19355864658603
1029,BHP,LSTM,2022-01-01,2024-01-01,30,2.010617800665356,1.81462159083176,2.0891080425559654,2.0715746192602893,645194.9968387963,1.5135938514279712,1.4222156459043165,1.589077309573486,1.6184221311266844,531378.8860254124,2.52029065364592,2.361500601050581,2.6595244860485376,2.695608007576567,26.76861067530199,2.110955857708132,1.7838677376683458,2.165326734262948,2.0464714738867027,22.660664078733408
1030,BHP,LSTM,2022-01-01,2024-01-01,31,8.190717279499962,8.047609833823907,8.864025546020967,7.791543431923755,3965207.906279343,7.347095362627467,7.146261092068699,8.074840048515789,6.927350971391909,3727429.7625311897,12.415392774870105,11.973965526442854,13.73396615739196,11.66531314518512,188.57679151622168,5.608500001142612,5.722862768576356,5.613438014186996,5.52671561307274,98.46226262558706
1031,BHP,LSTM,2022-01-01,2024-01-01,32,9.162142454953008,9.578714740758164,9.513329000876968,9.5325366558082,3267171.824672421,8.067525220890055,8.680735278885953,8.527101691293952,8.59151941045736,3037636.714478514,13.60914764864778,14.578518707987964,14.479319986360602,14.492287185725075,155.0039557965973,6.791960596946788,6.2089774829763495,6.544808422312072,6.376437469458564,86.46221677851314
1032,BHP,LSTM,2022-01-01,2024-01-01,33,7.702252531912351,7.641328797840508,7.951720034128622,7.93672205012723,1616474.37937171,6.784008750036093,6.690135232283489,7.006095020934725,6.99207664938401,1495497.171838755,11.439403801576866,11.190560480207932,11.870065762412892,11.761440822395288,81.49902808163947,5.664222720997083,5.711885892593616,5.843163696602253,5.82222564700982,52.049912639447314
1033,BHP,LSTM,2022-01-01,2024-01-01,34,10.79499604360026,10.548141299497493,11.05477802530581,11.145549371581442,1274642.8302199298,9.809383893730878,9.52613313844867,10.118346230556815,10.234342678648291,1151010.5058072887,16.60662265278872,15.996979865393271,17.226964422427507,17.30346858863777,64.14389642446466,6.981182932826069,6.990580919274262,6.866496765360579,6.764682123135827,45.718548414397134
1034,BHP,LSTM,2022-01-01,2024-01-01,35,6.152288564817055,6.360070009232949,6.199430253898193,6.450149258361988,920553.6422882376,5.372851873890699,5.594697682542161,5.397493986572578,5.693788216430196,794278.206800841,9.050359827439484,9.36127916803247,9.131229708591212,9.577540377242812,45.238569229907405,4.657838704874565,4.66569783372064,4.74692329897019,4.684642061362228,37.77830950770154
1035,BHP,LSTM,2022-01-01,2024-01-01,36,4.217785715202539,4.818791231522887,4.233682464534709,4.307200591584269,643875.3600645069,3.470662320950894,4.153707732531435,3.443559682635508,3.548852785001212,528762.2986105328,5.812120121110198,6.935062973415509,5.785958537451093,5.928072069260982,26.48573552437169,3.769087138876049,3.781474399818304,3.888822350754072,3.837646874410441,22.202844610067658
1036,BHP,LSTM,2022-01-01,2024-01-01,37,4.208038495395822,4.2886880353863175,3.683452434929697,3.2939480619495405,1264662.479809958,3.520155328776277,3.591566544477725,2.817924341878692,2.381412068556959,1146689.477544534,5.904295180824867,5.979739759609566,4.708015636907556,3.931151316129628,64.40485984660143,3.612406543268618,3.656885862626962,3.783203418392151,3.642815058808589,46.660881235456095
1037,BHP,LSTM,2022-01-01,2024-01-01,38,9.192089421639585,8.399257911956381,7.925464179250132,8.870038589339362,654791.9208224241,8.405732918005695,7.469396691238218,6.8691191335074056,8.018663634924517,523971.7044103516,14.23359434386019,12.517109397248356,11.62157810445666,13.527834761945142,25.045270167686063,5.691597205081334,5.931840837500182,6.20411451181883,5.826723301842096,19.76103869988336
1038,BHP,LSTM,2022-01-01,2024-01-01,39,12.327039191373522,12.778605098843892,12.916192880804608,12.851832505944792,717553.3448361659,11.404242911602188,11.954218584913276,12.10638888134635,12.012656427871654,598744.8865336436,19.34877827253624,20.160218888702573,20.6756969953626,20.357290868695813,33.095742518067944,7.193133930964168,6.831799547136322,6.843550123255104,6.9295640383784125,29.841679577480267
1039,BHP,LSTM,2022-01-01,2024-01-01,40,10.676655754884235,9.963485005019155,10.32125862706711,10.661898301859509,2456593.834970903,9.917522365374817,9.162744328403546,9.53109051770563,9.902084894754053,2382134.5410491573,16.83212169974282,15.417622751398705,16.244717273083857,16.76544199609996,125.72144077854767,6.045274284605054,5.979842844458899,6.080711410088476,6.019336831855729,65.74720856548768
1040,BHP,LSTM,2022-01-01,2024-01-01,41,6.833018022205078,6.153544859539233,6.948376296535461,6.453299652560221,1409755.7382084664,6.1177183172659175,5.316640023210711,6.195158161962648,5.67132308200696,1276330.481853701,10.332250365976648,8.88005865274359,10.507796151967732,9.535726312261025,70.1759200477152,4.687178170192725,4.812089316507035,4.856085196672774,4.772663908005537,48.33427396035585
1041,BHP,LSTM,2022-01-01,2024-01-01,42,9.773121083684728,9.94257119706837,9.5946937780052,10.818171867700128,712170.2710727545,8.86333888074093,9.073072391359492,8.593465955349282,10.064315164384034,552917.0809759077,14.998491929146535,15.250228796558332,14.59372345472985,17.038956464213705,24.56838924998369,6.361947114042038,6.21714788864236,6.644583852132568,5.9960086046987415,18.216412383442133
1042,BHP,LSTM,2022-01-01,2024-01-01,43,8.620829759028727,8.089441529440249,8.828467990586494,7.707900629609361,749481.3080763054,7.77593853459439,7.168260326470742,7.975036315470413,6.742128636004439,629594.6635874542,13.147894328664025,12.007549540406927,13.551063605059127,11.33466045666388,34.925304911801085,5.747827965435789,5.795935907323928,5.838309781740108,5.827320278175244,30.94573174396733
1043,BHP,LSTM,2022-01-01,2024-01-01,44,10.83083583650375,10.788275453315777,10.772160688253216,10.682838395391522,2123616.961610591,9.61082169841396,9.474461697260343,9.384982631265768,9.3251380588171,2038061.898158336,16.226842672157105,15.862441978163815,15.89390031032744,15.68096784422482,108.7284858915025,7.790550561399312,8.034707292048521,8.32162528355943,8.16828483426293,60.3584463911416
1044,BHP,LSTM,2022-01-01,2024-01-01,45,7.80200039767974,7.262593452918238,7.632006203863414,7.423225912876569,1276492.7434346562,6.923120688540398,6.245207094870329,6.657373350404113,6.3946825366052265,1152220.775845973,11.682567024659363,10.427499707414562,11.267367105910871,10.731932656327604,64.15356390085607,5.565640080343762,5.769122991702369,5.818476240202599,5.889639921662625,45.849633608375015
1045,BHP,LSTM,2022-01-01,2024-01-01,46,7.23527637078241,7.371710305806624,7.653647616588135,7.344349947164992,656597.149853125,6.343008411903298,6.485151126737577,6.806549130046489,6.42426412883144,549357.0459220714,10.690241309868268,10.852835211187054,11.542637327780817,10.797830812854633,29.109933159300933,5.413033351273201,5.414891489075842,5.412809245333743,5.531737253070323,25.54588967636084
1046,BHP,LSTM,2022-01-01,2024-01-01,47,13.15704695278084,13.323385182106106,13.02656700571016,12.479755518893914,3747646.362185857,12.514156337811244,12.706347471649726,12.394775048933552,11.77616850301453,3668892.5273994138,21.311576811241515,21.489193232692124,21.21452134017409,19.988205322744072,187.57091436029688,6.122823080947307,5.975910121425969,6.0169166874273605,6.26313235789016,83.27281757729187
1047,BHP,LSTM,2022-01-01,2024-01-01,48,9.725224810067514,9.965504863717433,9.22561431112923,10.40739112398438,760636.6238811944,8.42420392400082,8.82784111773393,8.007113318482329,9.241247852534189,642767.3893978236,14.25438352276663,14.857248107535332,13.63416163063224,15.635738792173152,36.35279285354834,7.935836552094308,7.462950582609924,7.554687239184411,7.751194895511682,33.60672942625183
1048,BHP,LSTM,2022-01-01,2024-01-01,49,10.728906230042664,14.845732586014991,12.08960476607128,12.798286043094835,1907681.9083846128,9.337906130539174,13.600558221558256,10.719348393022818,11.507182417266568,1653506.8349393315,15.822148933036678,22.96232966208284,18.291814082332674,19.502939493715107,70.3710473305111,8.695070708101264,9.536654365700034,9.22103024473421,9.107319495834462,32.84467729670952
1049,BHP,LSTM,2022-01-01,2024-01-01,50,8.048315788717586,8.186660967537692,8.413747066670938,8.451838960135538,657972.7054783999,7.102779281924196,7.244440849507058,7.502434040687709,7.547757948912042,520802.74583971896,11.980687819287995,12.132674447516436,12.728461195323767,12.715398632760566,24.62569580836948,5.886317442208511,5.889653657553077,5.897117125576458,5.871098622834887,19.5627512793749
1050,BHP,LSTM,2022-09-01,2024-09-01,1,4.162775623102531,4.366205070964166,3.740279370275481,4.185546577205979,732149.5489609424,4.020805838705158,4.254415062310342,3.607559848871203,4.062121583137119,640807.4937011799,7.982633692465953,8.368621835074281,7.208083331327576,8.042789266770248,29.22977947517183,2.291718095115581,2.068706503738069,2.10375367285358,2.134933185734809,20.77022679600669
1051,BHP,LSTM,2022-09-01,2024-09-01,2,2.095627167281132,2.5097496493416656,2.2934525146979627,2.0729282262926345,497215.5677793699,1.8669406153250712,2.36135055304255,2.11032613018955,1.8774486801934624,395362.9479059577,3.724436366691537,4.655732825955351,4.228985856667373,3.732470847363821,15.49508677815238,1.969485319654211,1.7546231974026143,1.875452328403908,1.808422825659585,10.441100299505852
1052,BHP,LSTM,2022-09-01,2024-09-01,3,1.5571465853997877,1.4608414809942578,1.3214478964689658,1.389286270882714,532732.7288204001,1.332015083544541,1.2756803623462671,1.1547631396001787,1.2328405219080802,400863.2731556893,2.655035787277216,2.518268419760576,2.313512581261248,2.4482719100142267,15.108314030597938,1.653680912355575,1.4373032176581255,1.32596465431661,1.3086876350686738,11.419582994916878
1053,BHP,LSTM,2022-09-01,2024-09-01,4,1.2938656277447746,1.0882904338367103,1.2265193356561763,1.161289335605478,973695.11457474,1.121048060757584,0.949324678667887,0.9455229767491056,1.0102586665380764,873309.482062459,2.218146286382147,1.857636062084909,1.869771650080187,1.98832961745616,39.72205353010458,1.2874143748959768,1.0334579849783778,1.5264579323014786,1.1177630257208868,25.12763194369005
1054,BHP,LSTM,2022-09-01,2024-09-01,5,3.3292557261309583,3.5616935453775453,3.593168512981764,3.5734286970186773,618616.4215496031,3.1616432955185294,3.433199238570232,3.456461210467761,3.441535952188602,463178.68578761816,6.284286531476662,6.758382929572473,6.907228807295529,6.817944533869428,16.759736991975863,2.1925075624275068,1.9769706326537464,2.0852777838063785,2.0222341590594417,11.856620582031155
1055,BHP,LSTM,2022-09-01,2024-09-01,6,1.886500455533708,1.7560941330928037,1.5046098485263073,1.9248398387978751,634918.5944384115,1.4801884606308142,1.3312264459007923,1.1226774417854268,1.5229039028915925,489470.5208960176,2.90112279173924,2.589098774032762,2.2133354402480525,2.9777453798460454,18.272247141019555,2.260291961185924,2.2035914708756152,1.9509453423474272,2.271594761398507,13.135711631539898
1056,BHP,LSTM,2022-09-01,2024-09-01,7,2.476307536629967,2.183994600564091,2.2763762386164945,2.773298344741693,639399.4271769419,2.278570014671576,1.996896686846093,2.095163155775339,2.6200274393742045,547202.3902420203,4.538361488326574,3.942575956288731,4.198633909620655,5.197581187563904,24.885383719750504,2.0206640573526307,1.8096979413535792,1.859547434488636,1.8948727507782708,18.797383025392573
1057,BHP,LSTM,2022-09-01,2024-09-01,8,5.8484012023387,5.188910469052808,4.267405898648912,4.451505907330477,940613.2950830105,5.696445372470071,5.036201794859905,4.07141151808651,4.267461747182794,800047.2670929631,11.295314274932048,9.903796622587576,8.134188708316898,8.450660631794722,29.6422772413432,2.8045384304379537,2.5914787627126903,2.6689675656594347,2.6253835154181107,13.514751687013552
1058,BHP,LSTM,2022-09-01,2024-09-01,9,0.9595506648066834,0.9184914364093072,0.9979416269449864,0.8863055441319307,997174.2745466554,0.774570743118775,0.7740100241086381,0.8144495044739645,0.7621867580677493,866121.216066877,1.5455260455314994,1.528730901867487,1.636672390261427,1.5115485679064713,39.47015173570706,1.1585961830411031,1.0002757802766298,1.1890766582827816,0.918615588469003,27.77366789713253
1059,BHP,LSTM,2022-09-01,2024-09-01,10,1.126932201851922,1.0274114743230265,1.2010904580931585,1.2562396927940664,574769.6242808345,0.8965466631891791,0.9114641440697606,1.065843976711062,1.1316355460531669,492685.7624965906,1.769378010512738,1.7879843831788371,2.129343409165826,2.2412281758276777,22.038841669275914,1.3375677445978538,0.933730169215489,1.1335348192504968,1.1052013749141305,16.428953464490363
1060,BHP,LSTM,2022-09-01,2024-09-01,11,1.575940866462518,1.3137698368792328,1.0389271723165046,1.0274801235925923,649508.0201533417,1.3297356525857684,1.1267217475631126,0.8910510035795276,0.9005728448863314,555333.824483951,2.653374012148559,2.226169391420713,1.783182913365311,1.7853518277664924,25.297244103745665,1.7313262623706958,1.363156127496676,1.094666426933134,1.0028389874318375,19.17080461116979
1061,BHP,LSTM,2022-09-01,2024-09-01,12,7.571268327814738,8.299307554592732,7.553738051861127,8.840572889852817,489555.9587134306,7.29940594423318,8.037050059883539,7.284111722032687,8.573480418389105,388108.1695108612,14.468608613832911,15.793328816318716,14.526131078001525,16.947951340803698,15.434036875479451,4.138191846168485,4.211893270103597,4.119208268337968,4.415014171190716,10.748696478576797
1062,BHP,LSTM,2022-09-01,2024-09-01,13,2.611469242240639,4.137030026060802,2.607725446210957,2.397465490706555,491141.2778431443,2.42375516105799,4.03954761384452,2.4387290592000097,2.2100806473638084,405964.9750856559,4.825256385315906,7.945788824022612,4.8828697758941,4.389903797177008,17.224769262796407,2.030963429838621,1.893721825829884,1.938491099796636,1.9193436412551668,12.842356803708482
1063,BHP,LSTM,2022-09-01,2024-09-01,14,1.273221610876291,1.0875878408758637,1.1433938531417434,1.1357624894077214,496871.89133989176,1.1000599239627282,0.9584369664416812,0.924900070484296,0.8519470971431322,413786.9318860769,2.1774159401138893,1.876532080347904,1.833775198892825,1.6694398723057935,17.750828742829007,1.279153466853712,1.002167121663207,1.3195692985019192,1.4517876806729106,13.41641260199638
1064,BHP,LSTM,2022-09-01,2024-09-01,15,6.866293846758184,6.55846679089844,6.026226863113637,6.817031585821573,562879.4508367815,6.595481841078407,6.2793152096298375,5.749179465392573,6.569439469225896,415165.7260966301,13.07216795502169,12.342363604218155,11.467767240266657,12.988331541745762,15.273996341740856,3.9065667946233673,3.8180051770730494,3.691165885771245,3.70718619896582,11.372544278992676
1065,BHP,LSTM,2022-09-01,2024-09-01,16,11.761921452747972,12.263041900889078,12.192154992092286,12.10695499793844,771402.2631977921,11.22032681827566,11.728012157479023,11.68020545669535,11.588272306020478,618495.7985314727,22.22260196275034,23.03701680516433,23.27258050390181,22.898532028337463,22.509708215612584,7.102801869250095,7.153262735637014,7.062882397283521,7.035721713807688,12.766288226218895
1066,BHP,LSTM,2022-09-01,2024-09-01,17,8.484579948116663,7.748730172636166,8.707606656900099,8.250309998397928,1530056.126989893,6.738934468099812,6.17501655017447,6.914243892742336,6.571538609525231,1390459.4855395954,13.275448813337553,12.0797842030352,13.703824697023624,12.921917047048623,61.92500827443952,10.027000775655043,9.050248851962213,10.350171667551876,9.676367693655449,37.78576176903555
1067,BHP,LSTM,2022-09-01,2024-09-01,18,8.07260657224494,7.749411154363722,8.140120369204029,7.673769159097012,485013.3629730385,7.71337846913153,7.387126602768276,7.796498146392374,7.289743513640739,377027.3172616959,15.281584514627191,14.51527894036237,15.538633554707015,14.41098391157378,14.993932195788462,4.820116834127243,4.687393884474143,4.745957593994099,4.816122884297842,10.89638228636025
1068,BHP,LSTM,2022-09-01,2024-09-01,19,2.7919348751273945,2.734595135327432,2.974461329922134,2.431330034066193,712063.3303960527,2.621531027098861,2.6009691300513187,2.829264859704532,2.260541729855701,561836.7421510816,5.215910996504518,5.125382015521844,5.659465345982132,4.488677208834269,20.371546291580152,2.016303270575888,1.7517393907691148,1.942808833454336,1.8544602599928075,12.121667197196585
1069,BHP,LSTM,2022-09-01,2024-09-01,20,2.8135660943030505,2.702287520320859,3.195389225516436,2.896539514099407,503474.0846361235,2.271438988976908,2.187607762521871,2.6938208032357265,2.337512901992329,405512.85355528194,4.460910134474784,4.2687296057659925,5.329147407657797,4.58543941781591,16.023955020532608,3.214670503854474,3.053653208708314,3.3447921291913896,3.3044542395573586,11.01534194506772
1070,BHP,LSTM,2022-09-01,2024-09-01,21,1.1572321555416654,1.041745085834356,1.1411194707713532,1.481079594138888,526784.4834351158,0.9406899332334736,0.9179794973245594,0.9892911455204944,1.3450676020625376,442268.1725690762,1.860578744946952,1.800789035436906,1.971412488019135,2.664483552442314,19.489238025374668,1.33069883516127,0.9685429409535412,1.141600188932572,1.2588521304258693,15.151251499165832
1071,BHP,LSTM,2022-09-01,2024-09-01,22,3.719856630353066,3.560993283198159,2.678149714443422,2.981766875251848,636390.9598769182,3.582789178420086,3.443923352124062,2.503400328898266,2.826335681219022,539933.5064898928,7.116062448990683,6.779159615255417,5.012528003911192,5.605756214767455,24.58496931547846,2.130506889851054,1.8994830259016848,1.9965998164602643,1.9820452218962392,19.042576715449027
1072,BHP,LSTM,2022-09-01,2024-09-01,23,6.325715470987067,5.925087787023346,6.159024329340388,6.334808943560815,672948.6829755311,6.031060361657679,5.636779748672529,5.887951909491935,6.060230329184121,521203.1088305513,11.954767827861826,11.08078606663801,11.741133178622576,11.982860193430414,18.884440530866843,3.881625369274227,3.6696344574726094,3.685697372871589,3.735135429302777,11.699239573034337
1073,BHP,LSTM,2022-09-01,2024-09-01,24,6.927426138190892,6.983563934745027,6.30188255204505,6.51965344401059,1077038.6591249115,6.717673011898398,6.786980626781612,6.113520944651975,6.3012907571718335,971038.1330432496,13.315433375226918,13.33819014665028,12.19401111319926,12.462668159332456,44.05133957396426,3.515880541436149,3.3756874686110843,3.190054277413115,3.439618803327402,26.898886144022416
1074,BHP,LSTM,2022-09-01,2024-09-01,25,4.110897778751993,3.796661972698956,4.518456109053755,3.9944681874779375,509831.1260779036,3.937765467383752,3.6342559164673065,4.375302070487061,3.825808067057885,390998.71439437073,7.819215179351484,7.154427872829872,8.735304378767845,7.57799157230065,15.013124518948167,2.4768249589387645,2.2659171509188023,2.389473715488711,2.38626675447626,10.712511928762572
1075,BHP,LSTM,2022-09-01,2024-09-01,26,8.334309815996347,8.375896522213106,8.269470069632261,8.193396387860167,645381.8274205471,7.944656876492471,8.007327225977486,7.910504321359274,7.829710229076879,495398.1101604303,15.739982912873456,15.731572659605463,15.767051939653106,15.47595480825817,18.031389246764583,5.088264669446111,4.91841784663567,4.886409276748123,4.858146644082998,11.391830330950649
1076,BHP,LSTM,2022-09-01,2024-09-01,27,10.39700416919889,11.08477024301173,11.291158144475956,10.436103763828685,1613865.2871416411,9.8772327788547,10.527707259797982,10.757132527612196,9.881678278452334,1499960.6757200758,19.563344753985,20.67840062481745,21.432011516544662,19.52802904355148,58.826183461751405,6.522510543923228,6.897691431179109,6.905021887056767,6.703220102018303,15.997937875169429
1077,BHP,LSTM,2022-09-01,2024-09-01,28,4.538722948208925,5.506951792622489,4.8425956046053935,4.765259571797117,883527.2197769805,4.328778060697422,5.329183515943239,4.654756927880258,4.577724956499939,732229.7979640464,8.592171012764318,10.477410293832286,9.29123572795285,9.060307058378598,26.907262670305148,2.8277226164411107,2.848625950800042,2.77987985701128,2.729895681430019,13.850115743053845
1078,BHP,LSTM,2022-09-01,2024-09-01,29,1.170705748583956,1.0535002478656887,1.209631201435202,1.1656466583703804,489184.9544552843,0.9572943726068792,0.8444984146436926,1.039714942720965,0.9009590888597206,405072.70625442266,1.89081455049631,1.6485900981411197,2.063368611682514,1.765735278153848,17.12118226306913,1.3253393289853936,1.2138763502741745,1.2181224612644264,1.429513422553156,12.6901666251069
1079,BHP,LSTM,2022-09-01,2024-09-01,30,1.2715219741794377,2.226930880542798,1.4382565288725355,1.2871851482828778,856779.512478516,1.0643902383275303,2.0204645606697773,1.2240774853260017,1.1320118749950705,754464.8235535622,2.1236085899122314,3.984758192721917,2.4566888862040512,2.2490132710913846,34.41984411746822,1.4283978786874088,1.889670645461768,1.5556618230420487,1.2517594968744803,23.65359644735604
1080,BHP,LSTM,2022-09-01,2024-09-01,31,1.4157549929361488,1.5370629775138052,1.0722436083869022,1.2620248944284318,821803.980415337,1.215128346202629,1.3334164575930196,0.8750398627912617,1.1149528533596973,701968.8890423378,2.4207192635453243,2.6320278110988835,1.7375984946322771,2.2137123977631106,32.17274890741547,1.490222571947171,1.537505638213201,1.221043212705296,1.206303475220383,24.310687903927537
1081,BHP,LSTM,2022-09-01,2024-09-01,32,1.4002242386650745,1.3710872848638036,1.3771114599235392,1.3263886246197496,504481.9047563593,1.1895323160641849,1.2612868152032697,1.1934634223792804,1.1299022849725513,399660.8950445056,2.3504797056277336,2.474209268008027,2.370507833199935,2.221765195047213,15.598117802149444,1.4567853228046943,1.0609828767026332,1.3553951304991636,1.347598389290558,10.68900999434858
1082,BHP,LSTM,2022-09-01,2024-09-01,33,9.058667119092314,8.688332927531642,8.76250124386729,8.767075900046516,733611.2551847599,8.67260844583047,8.284573822590515,8.380052564059298,8.371855261061107,582625.9963768721,17.17928313722175,16.27628151836438,16.701864714577532,16.54593795280966,21.120897637738786,5.291722286397038,5.231112343229222,5.186358593647172,5.229186189320994,12.315213969495511
1083,BHP,LSTM,2022-09-01,2024-09-01,34,1.308228412959551,1.998848352514733,1.9226562721818088,1.318359508980264,1195075.2041493629,1.1102435790273808,1.7757953283678285,1.6711230926977936,1.1707630257331327,1095207.300448219,2.21312953546245,3.504766696439306,3.3529015121296664,2.3239773069232728,49.35308576947121,1.420332072298628,1.8471179810745009,1.952807462527933,1.2366342801493575,27.967637251799253
1084,BHP,LSTM,2022-09-01,2024-09-01,35,6.633945681700543,6.325382702831037,5.618251009450478,5.954432319119573,481255.5348266607,6.436596285157667,6.116700768217189,5.402362938363566,5.727839913425047,396835.483130912,12.757050622900673,12.022627309370124,10.778581125138633,11.329983005190496,16.529461039710988,3.3357867514292074,3.2873904638398947,3.189291601896057,3.330700746677936,11.766987450848369
1085,BHP,LSTM,2022-09-01,2024-09-01,36,3.822969125596735,4.213032155856918,3.864642764166295,3.8076354472091865,499913.9388884018,3.659155165382639,4.088832945157007,3.717185115168833,3.66480669344384,392324.7175141176,7.268617291654808,8.04460257901411,7.427182382417359,7.259711571155355,15.261600772760357,2.333271160346997,2.126199839443895,2.2395427901453955,2.166335968506887,10.46689210308868
1086,BHP,LSTM,2022-09-01,2024-09-01,37,4.287263794077772,4.286284028919073,4.203359724532873,4.062298634818448,546863.8119334073,3.759235344547313,3.802019789256408,3.604288831571602,3.4256555054151097,448969.4814599554,7.401503755181654,7.436534620107289,7.142379006987833,6.734416761550737,19.693791417886903,3.987783281319632,3.809315803846183,4.214689777742136,4.223323204440109,16.681785331728268
1087,BHP,LSTM,2022-09-01,2024-09-01,38,2.873676983515316,3.1289002836918094,3.3247026765342307,2.847321849746708,508127.8633397685,2.686926385042589,2.9710550178736344,3.1776879234010607,2.6801057772351364,427373.9607999722,5.346060842782975,5.8535880414228005,6.352910899715007,5.316931861102081,18.588802578296328,2.130025185662586,2.0267587173655475,2.068334620780748,1.9967753007210456,14.057572373750226
1088,BHP,LSTM,2022-09-01,2024-09-01,39,3.3497136878919256,2.5473479134979486,2.8020313115512923,2.734845275220623,636369.8708040196,3.2057037928248264,2.394999343152387,2.64652285091948,2.576476956414187,481037.5096905232,6.3704001401865575,4.722588254336205,5.296185696567599,5.112332240450421,17.394688725114392,2.0606362900629227,1.7909506247785203,1.9410391924043693,1.908989411839822,12.02686046236082
1089,BHP,LSTM,2022-09-01,2024-09-01,40,9.321700346309836,9.1051685741655,9.047799259802323,8.734267575814904,859287.3715277561,8.920011264783437,8.698232066841657,8.630863768606835,8.349195709791198,704669.1428683698,17.66860160157953,17.087651974894378,17.200738330388425,16.501542611788313,25.752552795989192,5.470232857019821,5.379974666460252,5.486305549773833,5.158861141617853,13.941556234775506
1090,BHP,LSTM,2022-09-01,2024-09-01,41,1.715842028680103,1.55122013680284,1.7114644779518833,1.639489540555789,538338.6296589485,1.2940444828469282,1.1128133639799735,1.2648264236669755,1.187819985790869,446775.0756243865,2.534644618377106,2.16183647525078,2.49335562657393,2.3195980372849543,19.66713990332734,2.1796524820089687,2.080090793705922,2.246047418719892,2.182289930943928,16.126624699033904
1091,BHP,LSTM,2022-09-01,2024-09-01,42,2.5271966847998093,2.0981879319336296,2.502460907193416,2.4036215588458445,525580.4094055945,2.2718975498024974,1.8651713421492744,2.260291349781134,2.166260984603249,445816.1981994907,4.466388245398542,3.6398593374068975,4.473760935754532,4.252708787190632,19.56410215515095,2.1283760903121807,1.8370046451865985,2.0767719360447314,1.9961340932237608,14.95727572654095
1092,BHP,LSTM,2022-09-01,2024-09-01,43,1.664025157088275,1.4913620030760522,1.5541440525284635,1.5177565052215105,609855.0098951666,1.4517834536597218,1.3246463752810635,1.3803612487698935,1.377877363067993,509253.1811005871,2.890885848393096,2.611163791736325,2.763566518098,2.7321805296042565,23.104452266517445,1.6692288538357685,1.3819853764269212,1.474487396305412,1.3004755951247091,18.83097085814441
1093,BHP,LSTM,2022-09-01,2024-09-01,44,4.572392419999611,4.57944623198639,4.0344825472071,4.373007249681778,480827.0403839142,4.394840098584177,4.411516250448529,3.840219955937694,4.195159331818983,391091.4216399193,8.722648128132246,8.679128114744174,7.672852989706551,8.306992322607638,15.87489466540105,2.6425997620418458,2.533436982739959,2.5784900620359177,2.559128712086121,10.896238588008467
1094,BHP,LSTM,2022-09-01,2024-09-01,45,2.247410455820541,2.731607733600623,2.395621946862933,2.204152787868641,539639.7971174922,2.028547793553249,2.5935732983334274,2.205022683051223,2.008120635691163,455048.73878508806,4.043508450821543,5.11026029433029,4.417755599611866,3.9904696057519855,20.188770506844243,2.0029874165834927,1.771700189249476,1.951596957851664,1.8671685036410253,15.626325087853896
1095,BHP,LSTM,2022-09-01,2024-09-01,46,4.098049648100325,3.8730149610913247,3.2859237506242,3.570200748809646,705200.5600766568,3.958728754717841,3.7513368544855306,3.132688207701882,3.429148953744668,609134.2466870943,7.860022946821458,7.382758240488976,6.264495432703934,6.795036486107529,27.81770100731976,2.2563578473087804,2.019128997671464,2.0965441400669325,2.086094884032061,20.52196188935252
1096,BHP,LSTM,2022-09-01,2024-09-01,47,8.914101619793549,9.588910254950504,8.072489292087058,7.721253696303929,541564.1947674418,8.472541269883543,9.13732815832871,7.644861023951738,7.239229096527576,457893.20132563513,16.78103045036329,17.94591089673161,15.235604794060926,14.309155642414977,20.328956921714816,5.569442723169312,5.786649449699082,5.220041097531927,5.355835306313888,15.609863062688866
1097,BHP,LSTM,2022-09-01,2024-09-01,48,4.756536672969516,4.669021319226979,4.060153769895396,4.46716931553852,483165.9335982257,4.590043262688534,4.517361123274146,3.89246621483373,4.305388279368314,396869.5881061752,9.107540618740464,8.885382008974661,7.774883370674189,8.523275296984474,16.544530683087192,2.619136622301733,2.4425325188258507,2.4203460132375234,2.478532961946448,11.857847393794875
1098,BHP,LSTM,2022-09-01,2024-09-01,49,6.386888609341183,5.283285974465297,6.479081187910047,6.837289811958539,539899.9808502478,6.158989310452742,5.025210463161561,6.249420771191213,6.618126838137429,399197.4093094468,12.209602343897467,9.883531972696035,12.463383121401494,13.085160422132075,14.859953565689077,3.489301888139133,3.298049444444382,3.525650543161084,3.519198815281354,11.102352911889133
1099,BHP,LSTM,2022-09-01,2024-09-01,50,5.706653870750002,4.956056887885704,5.291839507010113,4.922068679860106,691852.2215929668,5.49312496773911,4.7428033412248265,5.079635501984884,4.702693242291267,540378.7540230155,10.892652895840198,9.327979740745366,10.135594092482377,9.306330059486028,19.590832926908377,3.198047878085866,2.925311743733244,3.065188535633422,2.972109138874772,11.83322213696516
1100,BHP,LSTM,2023-05-01,2025-05-01,1,6.061277339288072,5.614277061142087,6.45237719179243,6.1494909940632585,2218395.466715407,5.311446313111073,4.941094334395339,5.554919844059824,5.356472993997132,1346968.541723241,11.856729873645014,10.812732174026763,12.65062030418426,11.962080704059664,27.78697758301407,7.144934459889965,6.2102893161903445,8.317973460006975,7.431510870405969,22.777206513212946
1101,BHP,LSTM,2023-05-01,2025-05-01,2,3.878871852277883,3.3177635768201945,4.319034168798987,3.971503647124509,2242778.999873797,3.007222534936221,2.589126764999266,3.2875922490226306,3.090890981612949,1383801.4750977356,6.819193500046648,5.740624607284125,7.62473839075973,7.008913061901952,28.917976187950284,5.967647310675105,4.830524967712041,7.079601200216967,6.158626200919638,22.17194007926094
1102,BHP,LSTM,2023-05-01,2025-05-01,3,3.0130906277485967,2.92884946240142,3.9184800200610783,3.3614862768493285,2288688.2068357435,2.0723954935032425,2.1682165419717,2.821843217192208,2.355714146776749,1430018.5323233902,4.755166573171056,4.829480047564026,6.589457142346085,5.40258767296822,29.908281425469145,5.313353974332956,4.577575343475252,6.851361969163058,5.882845588479841,22.124023257180347
1103,BHP,LSTM,2023-05-01,2025-05-01,4,5.806028653843995,5.305285106297484,5.816738876304009,5.641569817476459,2348481.5330438484,5.035007867593564,4.670865320049866,4.872337030524808,4.866142130299193,1492379.509222607,11.254269801984556,10.225187342434968,11.140779040003125,10.88636505155053,31.310542192285588,7.054246404685621,5.886296118358141,8.014266157649374,7.048488453256391,22.369378380943026
1104,BHP,LSTM,2023-05-01,2025-05-01,5,3.8112523823688447,3.8053810404639177,4.91200996774116,3.948642744988609,2168353.8039962086,2.9450165377945745,3.19233696989052,4.055412212598536,3.081310178271474,1310869.686341534,6.680830561629642,7.0317602595107385,9.3080212910305,6.985389924420522,27.40969701077214,5.902112830729806,4.883176662341855,7.132226179201215,6.112727587683057,22.4494963449619
1105,BHP,LSTM,2023-05-01,2025-05-01,6,6.174106526958702,5.742917444297611,6.759251996933738,6.22755364985087,2203410.479863224,5.33123239690461,5.00962405890181,5.839690090464809,5.3822108364526535,1344637.4852782488,11.899825786743552,10.955766941711978,13.2700814220372,12.011382404243982,28.045650719571952,7.469083685146412,6.450504590750795,8.512709225933888,7.58193791116013,22.253461493928253
1106,BHP,LSTM,2023-05-01,2025-05-01,7,13.71581649881768,13.324267545302554,13.899810839389785,12.917935265632725,2311917.607937657,12.683088396310044,12.368812393854288,12.834589561908416,11.92399715530147,1483398.5577736795,27.98589604563205,26.818992684157656,28.773416237665057,26.310828544637328,31.785940462319047,12.430944545686136,11.355929388491756,13.1955267864907,11.908488663088937,21.03413914022036
1107,BHP,LSTM,2023-05-01,2025-05-01,8,3.2544037450871435,2.885865377535708,3.37297027186676,2.9027663498774463,2112166.240996718,2.3478232320971832,2.189409658240846,2.22127152338586,1.89020086993152,1275081.798856457,5.362900889893893,4.864910309198849,5.241576250154354,4.3663026123913085,27.22195812932481,5.479393538244264,4.38840482676565,6.371986319551396,5.409507160164865,22.35703164480461
1108,BHP,LSTM,2023-05-01,2025-05-01,9,5.591428696849533,5.110453864195981,5.7838561894962295,5.542029593457343,2150758.492482426,4.859366415780495,4.503874731946768,4.907841294221248,4.7820405233437855,1300215.9341370063,10.865851045774702,9.86298784541237,11.21114751522086,10.701890033899009,27.396420978598098,6.799658207965312,5.67896654412028,7.805509204391867,6.94760148528491,22.392797702321683
1109,BHP,LSTM,2023-05-01,2025-05-01,10,10.602208058236489,10.476584817136583,10.798678093911294,10.696121467643636,1998139.818696268,9.855999892844755,9.787845975947118,9.95641977469798,9.958794043000088,1247726.5059330063,21.788179832688744,21.24608263461026,22.39306754797476,22.00026477288413,28.74968619312525,9.601536631143029,8.759060897698054,10.667821994766804,9.670238019852576,21.67036570990249
1110,BHP,LSTM,2023-05-01,2025-05-01,11,7.237976195404247,7.0360027566091725,8.435433352584342,7.907931814910816,2163970.299474384,6.471574647207688,6.360767045728565,7.597009680403321,7.148414985379259,1301113.2950315874,14.389811258411624,13.863833429640788,17.157830096960023,15.862729140380956,27.058898335249992,7.874368379169236,6.984972060491194,9.29000605909707,8.291243720063939,22.66501244957596
1111,BHP,LSTM,2023-05-01,2025-05-01,12,2.2940624143205857,1.8724037246785528,2.83634557846034,2.3459938941272807,2081741.32716559,1.657970762070303,1.425815956318075,1.8664380094163089,1.6150121554642625,1264578.366375019,3.7531358975358593,3.138042467462048,4.38711378475135,3.684858056423981,27.551063860402696,3.900075346591228,2.83697862067208,5.411419683561262,4.235831130882394,22.238352945020928
1112,BHP,LSTM,2023-05-01,2025-05-01,13,13.333643932432873,12.453152094202274,13.375160808556322,12.996152697597951,2367573.172738588,11.960802780666528,11.192904796910598,11.9621888378586,11.60568686392054,1534177.4049701293,26.37435040088812,24.265314750772458,26.80823027159043,25.589657142224603,32.636567571327305,13.452458904615622,12.108716362641442,14.074336617837265,13.365233975175128,21.787843831430862
1113,BHP,LSTM,2023-05-01,2025-05-01,14,3.3447806200097325,2.9762132464343405,4.248485911179575,3.885457022011325,2264727.283932869,2.395171441311206,2.1983457147852987,3.224506210256725,3.0027482917702173,1401538.5671152174,5.476182286698447,4.89699489374548,7.481427402091081,6.814622734597169,29.13832017396335,5.662985375305395,4.65782046950214,7.00629627380251,6.0989873736743165,22.31613952206013
1114,BHP,LSTM,2023-05-01,2025-05-01,15,2.5872509419249763,2.214233675451724,3.4623228842246183,2.826350048345688,2292011.598585428,1.799489814001291,1.5795055897293075,2.279638572363281,1.8129819047875648,1430687.863760392,4.114731025097409,3.5195075537266938,5.378383120049199,4.191975192477644,29.80664236061109,4.5677983095501045,3.634743386590182,6.540978336908355,5.334505169964409,22.32040512384049
1115,BHP,LSTM,2023-05-01,2025-05-01,16,15.36228119618387,15.365123733957882,15.71276771134781,16.34359351866307,2314426.469814366,13.331767568417732,13.357036812685964,13.699128284241327,14.283655133116843,1481815.7367920876,29.329535756665447,28.89336750895517,30.590448248015218,31.368097803825616,31.41780554915349,16.87390585387109,16.41573483818542,17.388144359724958,17.524274117312913,21.33889925267257
1116,BHP,LSTM,2023-05-01,2025-05-01,17,4.074212888298177,3.515330836587031,4.927728285519816,3.819265302386644,1992993.4148340912,3.250674358172028,2.831403213021207,4.049327571309798,2.907671849400219,1262548.1805728872,7.348467018822628,6.260390462251222,9.299590273557635,6.609588445366967,29.66006361569327,6.013338747526272,4.876243196422482,7.207946538659808,6.106711389564868,21.62595956441024
1117,BHP,LSTM,2023-05-01,2025-05-01,18,2.5034335897591187,2.1618646714704783,2.8664817117746155,2.71371234731556,2309689.2232891354,1.7399581943767188,1.5334954139632222,1.886474919512868,1.726443179197137,1448472.7985993524,3.977534614897954,3.41981710077389,4.437019610676807,3.9946864643297,30.22236363803433,4.426169295427275,3.569117935967297,5.469533679566736,5.156005428021251,22.39811739665872
1118,BHP,LSTM,2023-05-01,2025-05-01,19,7.413214467251949,7.261659283029892,7.822740595710721,6.589112100657391,2084984.5900016904,6.60703200706246,6.567895081580731,6.94906621811481,5.71301199392487,1256298.0966838698,14.682009013632976,14.305187456314744,15.71865726068043,12.737644808980567,27.13470962501303,8.08475956714708,7.153340327122463,9.01334607024308,7.910465909471482,22.734130481777523
1119,BHP,LSTM,2023-05-01,2025-05-01,20,4.945315397767727,5.132624728183346,5.947059255693556,5.439578542228929,2325461.779205708,4.164192228649041,4.538750358565299,5.093825149279606,4.68870151276387,1469743.7946724396,9.349070385015674,9.936629061008762,11.620740259214324,10.495702411000936,30.834892639952216,6.523745705284129,5.64671032281831,7.849473661010217,6.849340281830499,22.14636393651328
1120,BHP,LSTM,2023-05-01,2025-05-01,21,2.945440417657545,2.7428218823257344,3.624869131089396,3.120038326662321,2009730.634439919,2.015971099623288,1.9554239565757776,2.437564029131312,2.075350972491325,1261280.3271164496,4.627740089438162,4.368336785469415,5.738048607263205,4.7843050797183615,29.139061081744327,5.22592180382208,4.466933950859141,6.727376414142479,5.711192969420301,21.566479194223344
1121,BHP,LSTM,2023-05-01,2025-05-01,22,14.290976316478384,13.24601952670411,13.98028232121268,13.644198026436932,2190644.9426136687,13.153228918184563,12.171623561597093,12.767369501086824,12.513202454687669,1342065.9120328228,29.00535224910037,26.395184741891725,28.630222076484745,27.59309934714608,28.22944972382084,13.130110136127168,11.83778365898286,13.828410365631573,12.815953692268048,21.95721383836264
1122,BHP,LSTM,2023-05-01,2025-05-01,23,7.551294424083093,7.133277731281511,7.849706825327376,7.668779580692346,2522587.8515024045,6.798799735044048,6.4453102878854525,6.9747395715378815,6.864169555826341,1698610.0621600945,15.107034777587955,14.05135859568789,15.791797896492335,15.254046970011112,36.971483262345615,8.017607053996642,7.106166100190717,9.1116153594445,8.359022863710472,22.71724847342849
1123,BHP,LSTM,2023-05-01,2025-05-01,24,4.224905646455214,3.670022146914068,4.463617813801037,4.345585004903295,1965971.119955243,3.405870922965683,2.998899771697073,3.441339990937222,3.5142931731363736,1258726.2130125363,7.688332238451162,6.620520309912177,7.965889968433203,7.932038232094143,30.2374499779894,6.100066812467759,4.940596672795299,7.167679967595131,6.316768284831165,21.99511230745565
1124,BHP,LSTM,2023-05-01,2025-05-01,25,11.1426494874942,10.839156548439696,11.136504235522558,11.621171759121957,2019390.106006152,10.106769886545266,9.85571505367297,10.06003954577924,10.599229847933511,1246104.541653891,22.326525633584097,21.38589775548234,22.601401960682114,23.385315563130728,28.237992517303496,10.981398486962664,10.163196030573769,11.600547252406368,11.21028134768852,22.108910144251738
1125,BHP,LSTM,2023-05-01,2025-05-01,26,3.950013692277464,3.1532741955227195,4.445867749279793,3.889818765902111,2016237.3340372543,3.1027303183495785,2.409121325373,3.448553401982747,2.99206073347364,1256096.3973811269,7.025931876545341,5.351406638202045,7.97894651748676,6.793500479318455,28.75862464921225,5.965243520467397,4.729019071509519,7.109290886475944,6.127788123803281,21.77778218019441
1126,BHP,LSTM,2023-05-01,2025-05-01,27,6.593164191050403,6.367710651976059,6.795404452868111,6.1396584147191735,1994191.88132513,5.85675234095744,5.7839180807368615,5.945236478849809,5.349332769061983,1245697.060861786,13.049651565888226,12.617758071702006,13.510747985272284,11.94758655024066,28.821407444432456,7.428447330791295,6.286956191157535,8.398090181771998,7.425002260263128,21.96259384870469
1127,BHP,LSTM,2023-05-01,2025-05-01,28,16.779895609227793,16.05640757861033,17.654508770115626,15.90328214847324,1958744.516892632,15.435105644315588,14.715770139937986,16.201856989456697,14.48788910199498,1249060.024933517,33.965354170068,31.85639609129888,36.18702277891879,31.885703574742173,30.422653765937568,15.182133886766222,14.319501518683106,16.594179125330193,15.074730005248318,24.78455805442237
1128,BHP,LSTM,2023-05-01,2025-05-01,29,4.0083598415429424,3.4297799477322526,4.664486685128686,3.949600048947816,2286793.8208423164,3.155545992907882,2.707497828725133,3.692639816202216,3.0427679875450244,1424561.1402503152,7.140318695202633,5.993367764955764,8.517789605747703,6.903282504464539,29.65852576224518,6.005098877668584,4.882805747135241,7.205875865135269,6.16867354236451,22.31211972528762
1129,BHP,LSTM,2023-05-01,2025-05-01,30,5.843048313190518,5.567576878543474,5.205517699387231,5.704758996741505,2019007.0848165264,5.0760310239455215,4.953050001032404,4.211640043574516,4.90182867285159,1252920.6013767915,11.339530763462792,10.827635809302492,9.67343807289686,10.964001051123333,28.645617050944587,7.043126434321664,5.948665532637369,7.666957886159582,7.15143616406572,22.199636434347617
1130,BHP,LSTM,2023-05-01,2025-05-01,31,9.13513047834102,8.81995086207328,8.798300609052731,8.756172911894524,2076948.895406829,8.282441710002468,8.051313781577699,7.750175826299963,7.866543507614946,1264848.163958937,18.34038129410224,17.498733376626074,17.50787660751854,17.43154939761164,27.608421708191905,9.204133509893838,8.254773820363443,10.194682243715649,9.204796902772328,22.028135626071403
1131,BHP,LSTM,2023-05-01,2025-05-01,32,5.666420837470447,5.131973398921984,6.190691234829986,5.5939184205458,2041976.8070243213,5.006606015443391,4.59200291131226,5.404015874147005,4.901051547844664,1262212.3058839638,11.179422352434376,10.045724724315336,12.301416825632144,10.954584730644443,28.477619070282223,6.62124848618378,5.46110688562902,7.829975072819255,6.788660828080544,22.009233678941705
1132,BHP,LSTM,2023-05-01,2025-05-01,33,8.02616304034001,8.043673918848802,8.400398157133706,8.011729021898834,2555691.357713009,7.3483358586461,7.4291141474310365,7.616667986424408,7.277145134413983,1734936.9942950706,16.309986407852563,16.171386884350166,17.21577976335264,16.16171377388568,37.98922060480188,8.04218056094516,7.309165308567166,9.187011759550472,8.366582642577734,22.895494313630227
1133,BHP,LSTM,2023-05-01,2025-05-01,34,5.220204837790737,5.033175702371062,5.671389003913125,4.813597558959437,2085935.0777529888,4.455485900664219,4.448531189789986,4.773117739063498,3.971572493259623,1261257.8614148498,9.98640378436903,9.741234130543868,10.916390955829185,8.938354205546469,27.260405062715265,6.667605314256188,5.5575623736256095,7.799091442477797,6.698577173610722,22.30617906589121
1134,BHP,LSTM,2023-05-01,2025-05-01,35,6.074597411544912,5.708971837134834,6.316540350802656,5.900407431069381,2155641.0551776206,5.290765664329117,5.072470518981553,5.412695838198457,5.100109002252441,1296404.2902579408,11.810177699666488,11.086327037974694,12.329137416300494,11.396023651580728,27.12031840393908,7.23809799610314,6.105965932508588,8.20927466353828,7.262177894771255,22.69301052423521
1135,BHP,LSTM,2023-05-01,2025-05-01,36,8.83503772390155,8.979608627440035,8.95077566544273,8.815680906313357,2160608.7365473844,8.047976625867985,8.259881525737041,8.047765795858606,7.983712563805068,1329148.7426519394,17.840069846625127,17.95715220230239,18.17155762475449,17.69979062528689,28.48965849485265,8.856509656086656,8.176469518630146,9.864022957683977,9.096913500008336,21.961081614211945
1136,BHP,LSTM,2023-05-01,2025-05-01,37,6.935124880122018,6.330899052954921,7.271902763886707,6.928155464289082,2295466.445770119,6.29896824704336,5.771434935040735,6.497535133049103,6.230184273901428,1429447.1586667495,14.007586112629197,12.593974921896873,14.732090991570962,13.867846747672122,29.659103734084724,7.282041132198716,6.20827972188326,8.49691751543692,7.6245001370319425,22.66278587678688
1137,BHP,LSTM,2023-05-01,2025-05-01,38,7.335041519924237,6.854810614874935,7.733382896510644,7.163131648907012,2119509.718190943,6.553911117813008,6.16804519394397,6.840308886750806,6.3348228975630985,1277376.7747131984,14.568587704285497,13.448372621491114,15.48721196939409,14.094047296260689,27.12453388886752,7.971308186048248,6.925634276446527,9.058774626088448,8.116545614452807,22.36582280193709
1138,BHP,LSTM,2023-05-01,2025-05-01,39,3.6305133775839327,3.063798694113027,4.5172404339665135,3.554519374652485,2356126.9628090155,2.721533268431863,2.304533950154357,3.5366519576863547,2.5882856951522704,1498805.947161913,6.19320505476437,5.12592943442063,8.173260203626711,5.911897230422327,31.439331095131823,5.8376093485581215,4.689099835786078,7.1348775901497605,5.980094988684352,22.51076196211055
1139,BHP,LSTM,2023-05-01,2025-05-01,40,10.935562209862548,9.595494983584626,11.177302025249045,10.647846530842363,1930949.491224973,9.99374123570106,8.796208459737594,10.21864958682623,9.73210007472854,1250789.2113764088,22.08650923397396,19.106517638634315,22.957059811806925,21.505438253444662,31.03121104568921,10.536168085730226,8.78838071657746,11.21953046499902,10.33857179991207,23.754349350863983
1140,BHP,LSTM,2023-05-01,2025-05-01,41,2.2519256681609794,1.8730123633397413,2.630739352400284,2.295729188556246,2057488.75970898,1.6644813182880147,1.4508073272666726,1.9191052380358176,1.7281512968048294,1263689.3689832091,3.7474576434839855,3.1778188978412123,4.418189719134568,3.883171978896365,28.18562313102842,3.714630529693818,2.744638694350791,4.557183840848471,3.7561859430973255,22.18419756481476
1141,BHP,LSTM,2023-05-01,2025-05-01,42,9.002241639976202,7.823634865046751,8.590104081947281,8.883820265057826,2219364.9929162515,8.231333726275446,7.095619110992497,7.671620345050074,8.0863826008142,1361196.1979215343,18.237731990433748,15.455219850395702,17.342618111072085,17.91921404560273,28.44656060652444,8.873884910475093,7.635315934397198,9.717728247145782,8.99368675510742,22.2042940774326
1142,BHP,LSTM,2023-05-01,2025-05-01,43,6.446736424044465,6.376213721589401,6.381301291204676,6.799753421272405,2258189.914003958,5.754953207344643,5.820887567549117,5.512750023159768,6.155727441226725,1392677.0529236395,12.822087120298557,12.695241872776544,12.556011387705714,13.689247296813406,28.876704038448192,7.18899961617217,6.180802385079525,8.201929900454816,7.294064130625102,22.40056230776391
1143,BHP,LSTM,2023-05-01,2025-05-01,44,5.7196821036695935,5.4388532955104,6.189436993892792,6.015606910099518,2091934.2219492616,4.979027150455285,4.82363530703058,5.324974991928558,5.289959401499436,1258468.3463983734,11.126360398351594,10.551358388175906,12.133043422728672,11.805005999329024,26.954911884441472,6.892534450334311,5.89056879413913,8.028232141256192,7.11093472790625,22.46088301341484
1144,BHP,LSTM,2023-05-01,2025-05-01,45,8.849996649129315,8.882341427574362,9.861489869631017,9.465098121151511,2432244.1164776827,8.076554785636388,8.22682949842201,9.039364503192369,8.707422765272849,1587882.7762504916,17.89757419529921,17.877416368895098,20.348812974459616,19.264740691428813,33.83716433468621,8.792970244955693,7.82703519386436,10.023650554476063,9.109049195168044,22.613360631232347
1145,BHP,LSTM,2023-05-01,2025-05-01,46,5.317847301755169,4.443004104886551,5.36830071059376,4.704677317543606,1957028.698794288,4.654475399137499,3.852368893753236,4.494732333687564,3.9096941348292376,1266884.472893576,10.406864397939756,8.456280375320528,10.293212538687165,8.796879075084298,30.84014706712232,6.405978667596371,5.229094273007381,7.520050564361417,6.501789267132055,21.87806445932569
1146,BHP,LSTM,2023-05-01,2025-05-01,47,7.924340973683421,7.016260549077688,8.083401555985938,7.899907621090929,2472665.712835581,7.276981333970167,6.4334825360462125,7.302476362397088,7.209626652501781,1636250.4236927133,16.141886109048688,14.018330377968049,16.51049574022166,15.99926101212476,35.185614417502194,7.814316301774876,6.627144683137473,8.9424929165525,8.07713416158246,22.5821166947701
1147,BHP,LSTM,2023-05-01,2025-05-01,48,4.087365404469426,3.6367076479359888,4.457672086787702,3.6504632331407687,2176535.5492667635,3.290132217919891,3.0036905521584627,3.484069280271325,2.7274390338822627,1312918.1482984126,7.4306041370317395,6.6261223848775055,8.053705482763366,6.212887237148219,27.26643479912279,5.948261201421533,4.817707435680239,7.063186850089469,5.975542001377583,22.5682535074572
1148,BHP,LSTM,2023-05-01,2025-05-01,49,12.730220681051382,12.032169591111934,13.008094249812848,12.272869744375004,2129023.904515392,11.61730547965645,10.957899678030596,11.88487897478236,11.15021807230706,1288154.082040687,25.631551355255816,23.76672019323838,26.642726084275832,24.60064965315281,27.26747855290868,12.150507270515764,11.172565381350225,12.825734718313331,11.99175003222024,22.085984342220392
1149,BHP,LSTM,2023-05-01,2025-05-01,50,6.028451364920447,5.507442529473365,6.256890121334053,5.91954624803108,2304937.231564572,5.282120607234959,4.872607643139958,5.393184611316911,5.155620522000603,1444431.7303141456,11.79356073613206,10.661347414241156,12.286744280782177,11.51953865755075,30.135465575805604,7.12140395366023,6.013147496367568,8.08513578063229,7.197057009075153,22.321055780385247
1150,BHP,LSTM,2024-01-01,2026-01-01,1,5.951636007515584,5.97963737968299,6.100098529493306,6.1212165856413705,1224859.070944672,5.139455886362882,5.173334677298349,5.280475223022361,5.31348655386646,966994.31704402,8.811559039680215,8.806805098326272,9.11714877888328,9.112364673108296,33.037073016378315,4.92696856552041,4.911309427597529,5.061901497615538,5.018376417625606,27.277025218251893
1151,BHP,LSTM,2024-01-01,2026-01-01,2,5.359261982550052,5.574317341008331,5.428553043901478,5.704242994479203,993092.6479399988,4.654206234896334,4.803283050327652,4.701364192589681,4.944791318310786,786491.2898303568,7.998347491036559,8.179743990912298,8.130602155074602,8.484381220938506,31.562370935063782,4.33179440088281,4.6219921697102,4.4730586072399685,4.676383148619542,36.63506514359708
1152,BHP,LSTM,2024-01-01,2026-01-01,3,7.608060760202647,8.043477001153827,7.60724193582119,7.71845777393188,988075.437421874,6.642279932705881,7.145473836851692,6.678873512580191,6.824277855023934,794824.7550060352,11.39324411037295,12.198894826774785,11.545220925248746,11.725412170896904,37.50263377531925,6.155902932317596,6.063003343142895,6.09848978789826,5.9927102283620055,51.235989381357406
1153,BHP,LSTM,2024-01-01,2026-01-01,4,4.689709125490642,4.808299523939776,4.656700962654278,4.612650239287658,1125972.3015439238,4.119350164496546,4.1910653270543925,4.086582553701471,4.060988685065703,878208.1828945877,7.095358687894692,7.1525853681307305,7.086888018237349,6.996156296500386,31.379088839092645,3.6374994911425,3.832010625311424,3.659534937499207,3.571118190019895,30.243945858736645
1154,BHP,LSTM,2024-01-01,2026-01-01,5,2.856810727942386,2.920775458929416,3.174292173451144,2.762594433763299,1231297.78792801,2.6613602063169903,2.709155881160473,2.87255457045143,2.584387799799333,971645.4991243782,4.668870484754614,4.689642949445761,5.016706741102011,4.531285102448317,32.82560609592887,1.747344826794961,1.7554695525837136,2.2008430561141523,1.6372143171522882,25.328981195934425
1155,BHP,LSTM,2024-01-01,2026-01-01,6,8.148342483753828,7.958395352229679,7.938296405226783,7.197053757894926,962692.1750430528,7.009079316636733,6.83830820669957,6.83806770178973,6.227728429204107,767606.4073228836,11.999374527808872,11.625329435169473,11.791996706548282,10.675632973564522,32.46790535956989,6.893116694374153,6.739005657196738,6.743443318286428,5.966038271652389,39.94736868976101
1156,BHP,LSTM,2024-01-01,2026-01-01,7,5.825761352700268,6.32168732735833,6.286623522766547,5.833133117261487,1007423.0758739264,5.034794730702985,5.442367860280959,5.432593876512887,5.101486523291873,793766.7715723315,8.628001190313363,9.25354936298531,9.37177846821312,8.755526643538285,38.94647948194742,4.8246928381966825,5.319808148592891,5.282273139644132,4.661568648153168,53.97404212127184
1157,BHP,LSTM,2024-01-01,2026-01-01,8,2.359948624551097,2.355344120238993,2.449891034733249,2.232849365961747,955188.1997511582,2.1498676691343035,2.197565857833097,2.2811963103022586,2.0077642785091787,762113.4815424681,3.825104740881348,3.8589772811001226,4.044457896558722,3.583874115820143,33.25646882950997,1.8232033404218253,1.520679509770306,1.5630827764821582,1.8537918099858577,42.37288131252831
1158,BHP,LSTM,2024-01-01,2026-01-01,9,3.1549564985063583,2.617023910314516,2.5499324654618487,2.1008519915550807,1179950.0782262508,2.921684740398096,2.3150374364888484,2.2955151410862054,1.8230365448633008,897462.4901102982,5.22378461756824,4.123958569268309,4.146643003245761,3.2818717750335,30.16740027129965,2.268281118758324,2.2791403721384764,2.136145417912755,1.995838170698228,22.219411288950106
1159,BHP,LSTM,2024-01-01,2026-01-01,10,6.6267450634749325,6.669438485981583,6.90969178393124,6.808404832850634,991258.399111756,5.658050351103984,5.718377667650767,5.917860725193483,5.8766058430714905,786821.3013352951,9.69037906392716,9.728263356017523,10.20678961625809,10.077981446162058,38.09615742558053,5.6687560789585065,5.622969109840432,5.919180071704727,5.663607072711712,52.197270359332016
1160,BHP,LSTM,2024-01-01,2026-01-01,11,4.711264173283083,4.684956597867593,4.168059937950226,4.38480760095947,1267266.4547823914,4.103240948208866,4.081855905647226,3.7337536932169617,3.892447176174536,1006260.636453132,7.055306839234516,6.966461411021248,6.508721912294031,6.718059648137914,33.72095434384008,3.76959417963004,3.737145166549431,3.0188697584656228,3.284065798088472,25.071794086167635
1161,BHP,LSTM,2024-01-01,2026-01-01,12,1.6106586889044578,2.5523049107935822,1.5901635629044235,2.75417236153024,1429939.6659499314,1.266379071882965,2.238101888721843,1.2406000340452268,2.477528619626651,1164654.90040491,2.324253441509008,4.013833906599476,2.289471775541509,4.458113991132023,59.37739199805603,1.941632342109344,2.3574208660020264,1.9451508481300857,2.331482600077204,75.4459073764604
1162,BHP,LSTM,2024-01-01,2026-01-01,13,3.988055877303588,4.14664382906471,4.524251262400361,4.565547275188034,953319.1239687882,3.5844138116852187,3.6950200865150618,3.945563922050751,4.01102859685916,761112.5276651978,6.204559741536822,6.329710729220003,6.826495520321535,6.8962077040845005,33.73805574545036,2.8266116302611106,3.0346423874958712,3.647438673697779,3.568777608293853,43.581968330444646
1163,BHP,LSTM,2024-01-01,2026-01-01,14,8.945714224366967,9.25797825409592,9.352733095942115,9.49507467528212,1092753.549518535,7.630712182433357,7.964940488611475,8.080155192069864,8.271560296967978,861480.3152923785,13.05180461740088,13.544362327955294,13.939358801706808,14.186459747792783,32.00048648728998,7.74951053436671,7.803809819465367,7.877388546316386,7.741984992695613,33.483785005121256
1164,BHP,LSTM,2024-01-01,2026-01-01,15,5.241304855869936,4.865325076124043,4.816849399871063,4.882730138531795,952137.4931978544,4.506859755426617,4.251109899019267,4.216183254484478,4.2775178389668325,759773.2672769824,7.72726942107735,7.257499344240323,7.306366860206118,7.357942956287696,33.73584895225307,4.39137980532728,3.844733369820053,3.8259958233187232,3.8530954068812857,43.61125814766399
1165,BHP,LSTM,2024-01-01,2026-01-01,16,6.1416649810437685,5.69577240234376,6.309990687700677,5.794799786218811,967966.9390854748,5.260860749031098,4.942356396741785,5.425330739207154,5.05619475108349,771655.1636242867,9.008288983594277,8.422800186206599,9.356926351432897,8.683331886324384,32.17461212796312,5.220056568214572,4.618614678400747,5.360614331471989,4.645567808312947,38.81485536580848
1166,BHP,LSTM,2024-01-01,2026-01-01,17,8.956482720811337,9.088900830607482,9.01835762049248,9.21257677328088,992275.572194107,7.664518740391519,7.804549053197231,7.781780889085729,7.998124659588601,794284.7832186023,13.114253845280862,13.26787393744722,13.422757714116736,13.711517866339276,32.62674998439587,7.692271563401689,7.717220595050844,7.616352638372413,7.609466458244088,39.22061446836986
1167,BHP,LSTM,2024-01-01,2026-01-01,18,3.979616835785032,4.186831182669052,3.9275674730374206,4.455016760034461,1090160.9411285638,3.5722996527705857,3.71295133054034,3.524182653765615,3.892801998809182,848758.1603393457,6.186270450929247,6.358093405817816,6.143982508245114,6.695107890050626,30.949234301822354,2.8334958009049336,3.1221621600197147,2.8252151393307456,3.549174010072608,31.23431874036047
1168,BHP,LSTM,2024-01-01,2026-01-01,19,4.685405224449644,4.500044347598823,5.023210817105137,4.307489999048056,1066162.880834323,4.582968755283996,4.372279690414372,4.922126453014537,4.173942958071863,817764.1693413755,8.125522440863072,7.68943859517774,8.759142400393106,7.384586348232819,29.62091315243816,1.868728824446075,1.9675207617745647,1.8148937155823703,1.9316505180444576,28.32400163974403
1169,BHP,LSTM,2024-01-01,2026-01-01,20,8.218645194922988,8.321457357727978,8.482188256729877,8.414651340083031,1205879.5684573909,7.022685593272168,7.13572808909376,7.301586142261905,7.28142537860853,954942.2199638688,12.013597871161124,12.128504840402346,12.59058368989966,12.477619184356186,33.31437590745584,7.087221569091157,7.08851608254991,7.222163072666666,7.018634204744003,29.655442795869646
1170,BHP,LSTM,2024-01-01,2026-01-01,21,9.201555194080967,8.749736862778104,8.865646029826381,8.98222878269422,955496.8726892524,7.935463681446314,7.507868188688572,7.643660140764309,7.788833929206556,764329.2334759235,13.590327041500386,12.762118072796731,13.1830114813627,13.350731177855875,34.067091493874216,7.723880123156064,7.437667410001598,7.513734820646187,7.443783056566191,44.30322657136914
1171,BHP,LSTM,2024-01-01,2026-01-01,22,2.005395279261632,1.969053902880912,1.985625333361632,1.947496092616393,980354.4191494104,1.766751891781785,1.7061745520497391,1.5468229312575232,1.5197752870246175,779084.1455703974,3.166985585065792,3.042365470237838,2.841987766243101,2.767158573061486,37.35063531225123,1.8210349505419103,1.8671765081043568,2.424037661061609,2.339836557042612,50.836712870488434
1172,BHP,LSTM,2024-01-01,2026-01-01,23,9.308048237359827,9.478826053856023,8.903964717280223,9.65082529809468,990302.0397882204,8.201711788775317,8.483564812573132,7.787278116152657,8.688701150611966,786257.5741379956,14.08532856570651,14.497481081695726,13.454329076848545,14.964092782071296,31.77570772025825,7.263115907170419,6.898188860875484,7.218193827360432,6.89317055930095,37.242890130617816
1173,BHP,LSTM,2024-01-01,2026-01-01,24,2.8243887197104174,2.982122306462195,2.99734933944882,2.6839930344934007,1061416.2227826167,2.623796389942711,2.7322527460950776,2.7228112709220342,2.5083389708795645,829000.1196380456,4.587771169003019,4.710213770517506,4.757678514660969,4.394145345306444,41.85838456369797,1.7304688185456618,1.91591424914646,2.046843732924012,1.6020291900080517,57.726614853275215
1174,BHP,LSTM,2024-01-01,2026-01-01,25,5.473168503910583,5.506011188597882,5.141454700895752,5.403270786204681,1001662.5281888772,4.7028115303448725,4.731134417192385,4.461110764863242,4.68705586345975,800088.7335347136,8.068905368358854,8.057840753500399,7.722848825728874,8.053134060577289,32.2846180352656,4.580698068120761,4.60174957631103,4.204402851861305,4.408882450405626,37.85184616146893
1175,BHP,LSTM,2024-01-01,2026-01-01,26,8.79743855373659,8.84067468886484,8.955175642021846,9.027291738285536,959626.3440425694,7.493969317529815,7.53560593877673,7.668648116110376,7.794664829622733,764911.5705362955,12.81795929555773,12.800438803152607,13.21698331724731,13.354857189259947,35.624135176033306,7.627542841040446,7.654483449361537,7.728105271113293,7.575774468512842,47.53704652643607
1176,BHP,LSTM,2024-01-01,2026-01-01,27,8.378262021439728,8.094893761615582,7.981161213058297,7.802695691335109,1136921.6312449672,7.208021841122712,6.94091307411096,6.891852519558012,6.768698680346556,896367.4652315181,12.340239243933317,11.79672709396132,11.889116887778648,11.603440149662484,32.31314586701938,7.089108819098004,6.900385526225509,6.712998647811218,6.433796602514253,31.571301745700133
1177,BHP,LSTM,2024-01-01,2026-01-01,28,4.714205507080558,3.6593920924966894,4.579917311182138,4.010199410240362,1110654.424802769,4.049317139392935,3.362663999792246,3.968945139333192,3.604750177138726,862503.6034699779,6.943555515213788,5.807046525913883,6.862843466088102,6.234644212239117,30.958072018503003,3.9632266671079535,2.316108589965254,3.771111231396694,2.84693967057189,30.2733425653158
1178,BHP,LSTM,2024-01-01,2026-01-01,29,2.702107071356091,2.7184591388829253,2.668501947730961,2.68722917562106,988810.6813571051,2.50566686275635,2.5470660057594814,2.482338785542571,2.511663341598675,781716.7094257971,4.418417315272925,4.432368170328871,4.393366731579792,4.408208085908126,31.351789632693244,1.777375330240072,1.5673115433852316,1.6860898460050764,1.6119670692910513,36.16903414315503
1179,BHP,LSTM,2024-01-01,2026-01-01,30,5.989450948798683,6.633623041455492,5.386401949231377,5.646081541983672,948772.096104362,5.145008709020768,5.66427173852007,4.700830789058287,4.91957747209029,755086.8498443564,8.814321194816085,9.62227456664104,8.136479209295883,8.446691861953173,33.04700874212271,5.041495884269329,5.711238590669635,4.325676467063564,4.548556938986079,41.94524423694837
1180,BHP,LSTM,2024-01-01,2026-01-01,31,2.761367198297197,2.4677072840386525,2.8799655474534926,2.3641109205285,1078201.194079058,2.5651665042182064,2.3217397601876995,2.635721771308904,2.1751051666811465,837254.8480693996,4.486147842407966,4.065607095469359,4.617842072416059,3.8677506339605454,30.589614295882416,1.6867827357871672,1.4663596848329217,1.900822873368897,1.7434189300056986,30.77882437856516
1181,BHP,LSTM,2024-01-01,2026-01-01,32,4.707103903447785,5.043122864436401,4.133811072492568,4.370998178173989,2146933.679450352,4.073617475213193,4.308915078973968,3.68611974289241,3.84395224885399,1921312.9836661927,6.999161755395572,7.329890258352338,6.4228221964142085,6.625004314388214,62.329180781387095,3.8454101456102654,4.294253896790786,3.049209911097106,3.391189264875478,16.5770218627468
1182,BHP,LSTM,2024-01-01,2026-01-01,33,6.9368700767943965,7.221290631842232,6.964174052946114,6.898087162036866,1229178.0177659236,5.9294529418866375,6.175587076174372,5.993611824724152,5.9756014668907405,972480.5885714792,10.150141147742543,10.49555351648536,10.34104661361336,10.248571573134294,33.26861962046521,5.935021625871553,6.168673726050446,5.888497827020566,5.683614691674571,27.45586829806348
1183,BHP,LSTM,2024-01-01,2026-01-01,34,5.711093074584502,5.853491548251373,6.029871851755344,5.878640472355898,1183776.8358755405,4.937141068032261,5.060492047178527,5.20427455023869,5.115307268856919,929389.5326489212,8.47373830754363,8.617271679138085,8.983634708949447,8.78025242819236,32.2718412972525,4.702718199604906,4.8106228155235815,5.046828802753902,4.762242746777858,28.41886444203705
1184,BHP,LSTM,2024-01-01,2026-01-01,35,4.680473895158211,5.015726724990721,5.026887020727787,4.935786262304498,1032914.3527918432,4.124700215724319,4.346834551379088,4.362582536538284,4.318116223986181,812018.0983858308,7.108713796078576,7.410601242052742,7.545178783006117,7.425443254598449,31.012005705995144,3.586361256292978,4.08237358494114,4.116894751115539,3.914447665990188,33.418403942364286
1185,BHP,LSTM,2024-01-01,2026-01-01,36,2.2910969748138164,2.337373214221829,2.300039679561083,2.3452191278233894,1028300.4209574092,2.122892680126696,2.192667556390012,2.144214141995865,2.182998542746198,805347.5609930357,3.7578122716604128,3.828666798714481,3.8001197722278905,3.831033677097443,40.12466154463682,1.5712304408886522,1.3849004696582128,1.4601158099757523,1.4588033796048383,55.526869722490105
1186,BHP,LSTM,2024-01-01,2026-01-01,37,5.34621272824254,5.28444302927536,5.297453413607415,5.000570192171803,1147410.428188236,4.595253954740937,4.571879929172095,4.595905529569546,4.383009484741622,896379.5222076776,7.88037367926889,7.7900313448874225,7.94599726926737,7.543522245195727,31.638011755750323,4.484570115460486,4.327439183758026,4.344722990072167,3.940696520969737,29.417126900282387
1187,BHP,LSTM,2024-01-01,2026-01-01,38,4.480624582306489,4.500220411852868,4.71114293756472,4.467837316551176,952295.923052036,3.942629966712212,3.944967005678372,4.097197423900538,3.927454785082462,757992.9298642278,6.79075960413484,6.738024558810101,7.08702551402448,6.761729903970178,34.54085010899484,3.454853466057533,3.5142410212414377,3.8317600641280793,3.483048212118382,45.49341091745451
1188,BHP,LSTM,2024-01-01,2026-01-01,39,4.645757842918502,4.411747086999708,4.119576366117778,4.72328077925412,997771.4329864548,4.022340066003208,3.860389462276544,3.6684135329738297,4.1406390942325215,788236.493829588,6.904317742164157,6.5899933136502495,6.376239764149354,7.114044845704057,38.47260984377561,3.810087431963408,3.474503385710971,3.062611921196264,3.725462452402132,52.7963804031024
1189,BHP,LSTM,2024-01-01,2026-01-01,40,10.478056052017973,10.324509218733402,10.610402505315122,10.601993577663556,1099972.230005226,9.076278353774466,8.999150688879862,9.259421544705283,9.270325907335945,859509.3211936455,15.553252172924232,15.327701853057278,15.994464271352951,15.907120749887346,31.369056856400967,8.685008578920637,8.34799010961541,8.662943167054035,8.550937647702378,31.7230594668309
1190,BHP,LSTM,2024-01-01,2026-01-01,41,3.646160727251091,2.5928322621913225,2.532167641787136,2.5036249512617528,1137199.4155375452,3.388900737208375,2.1983665003526345,2.125588779902374,2.0914344585715754,877758.8348213832,6.109741139866795,3.970118232928292,3.9046381983845815,3.81177177116316,30.73544681900825,2.7395806477758926,2.6549650954358794,2.708668219798388,2.67762049692743,28.3222776730755
1191,BHP,LSTM,2024-01-01,2026-01-01,42,2.157844184170128,2.096991890567601,2.114977299033688,2.0732498132004142,952782.437865119,1.7818899769660754,1.91426513465218,1.952953723871793,1.8926554822444053,758936.0284320513,3.233230421209744,3.383335321286577,3.4838925360257984,3.366551439917324,32.76906106787044,2.367305904735942,1.5981518824608691,1.4969559685588112,1.5843328592394124,41.08020677629559
1192,BHP,LSTM,2024-01-01,2026-01-01,43,4.694195705784151,4.834860572812948,4.756213309940667,4.851115330974001,1286258.7805464326,4.113528397608824,4.192313080559929,4.150847710768896,4.219363642571769,1025878.7289611996,7.087828859066024,7.151462144501728,7.194521058863644,7.254850306606736,34.23434751395348,3.6685310560551776,3.917226437596007,3.808297159018801,3.923065486370058,24.49196109002793
1193,BHP,LSTM,2024-01-01,2026-01-01,44,1.8103226801330976,1.778349570870962,1.7012876177782517,1.8338819392445471,953039.728615816,1.5298238627998912,1.4067903395150856,1.4562938660139602,1.3865391184717812,757588.2116403183,2.7596588836198666,2.5439293330115422,2.635856586828228,2.544841901410104,32.37859717676982,1.864922375390046,2.0808088955619337,1.690971290959033,2.324018365012581,40.07704483054371
1194,BHP,LSTM,2024-01-01,2026-01-01,45,6.796234413736888,7.678655516277742,7.600498527911701,7.283518060151799,1092182.7702424054,5.822135295533724,6.527695623471399,6.496141386987684,6.25175013515147,851228.4912305574,9.981674202377343,11.086114211441348,11.197066234699784,10.711000605141525,31.054959878405647,5.748709673374811,6.67788105814477,6.56802776475692,6.179054820591967,31.40321875714225
1195,BHP,LSTM,2024-01-01,2026-01-01,46,7.667727549260279,7.035034659749396,7.0987787899886765,7.351351205837201,1019553.1849605849,6.571694953210509,6.071669432341049,6.155108488916769,6.365810322794103,816418.8527202606,11.245698134802211,10.328426524141316,10.624297937664227,10.90900928838918,32.62561167324783,6.558540924173266,5.848614713174131,5.880821239635532,6.109718488036175,37.96779422301807
1196,BHP,LSTM,2024-01-01,2026-01-01,47,5.276897423027851,5.206926226234668,5.177444363932926,5.191561263454694,1066409.008817458,4.539195179069111,4.505459118623474,4.492891542112555,4.531415946850401,835155.8881947398,7.783245399224213,7.674520057140644,7.766578554889499,7.783634694320704,31.11297638843602,4.416817844348303,4.264165930683388,4.244188833081694,4.155015243262171,32.52676211693078
1197,BHP,LSTM,2024-01-01,2026-01-01,48,2.612630051956374,2.4653245157917323,3.038103788112253,3.413930332106836,1388142.5098725415,2.2844679421391825,2.1098688718472367,2.8174430801352885,3.217545762888494,1125938.5872278612,4.146538742914553,3.8026184235988607,5.104829013841069,5.7672525613484655,36.480693168620434,2.4929933270190023,2.4586810506540666,2.298823558851604,2.294579688843997,19.733208499890708
1198,BHP,LSTM,2024-01-01,2026-01-01,49,5.230843921613469,4.809168847856913,5.325684075149443,5.285066396517556,1010589.9976274949,4.511730744501119,4.235640272598504,4.610364607660703,4.599568283073851,801872.2895573577,7.742393588690347,7.243076749887928,7.967183317647248,7.897901452261768,31.70610666248601,4.333805472844063,3.684661985038976,4.400016874252062,4.2723932365528965,36.14438463509906
1199,BHP,LSTM,2024-01-01,2026-01-01,50,4.407797223291026,4.484207657350995,3.99750038250434,3.957844547451853,1066641.5654412678,3.868787796214719,3.9164184354553337,3.583164433448768,3.583834302448061,833454.8688019315,6.661938691608345,6.6859893685765535,6.245086696337191,6.209151354771059,30.934816280518945,3.429845587747688,3.5478039269915493,2.88859471084283,2.712994853056733,32.0279456751446
1200,BMO,LSTM,2022-01-01,2024-01-01,1,9.571723780689696,8.952316306633007,9.351975852839326,9.677682893685304,274700.05928459525,7.343862001135159,6.619321375663249,7.068512020768451,7.479426960757992,201976.72286902863,8.623364888672564,7.640083843999361,8.31188120640795,8.737859924045498,28.41055282100401,6.77955066333758,6.638523613085358,6.794740531223757,6.757564253150394,24.175385575820734
1201,BMO,LSTM,2022-01-01,2024-01-01,2,9.592143460963724,9.690585211150289,9.98598708774714,10.178737358416669,291750.9858946101,7.23894652215692,7.320023301788853,7.691601088456747,7.904643764451722,217500.1068839928,8.477167631848829,8.475704168824667,9.071318798937412,9.241003538338433,29.29616109110864,6.980207201083729,6.984078069972904,7.050162240633007,7.064534165808118,21.473337688754548
1202,BMO,LSTM,2022-01-01,2024-01-01,3,12.928870165185566,13.260883619461412,13.018034024561905,13.286404417617016,283924.23508544365,10.693946388309117,11.040936528174424,10.792369285590238,11.090158145269315,209660.47082116207,12.714663382407384,12.991961842010216,12.887209035549455,13.123559755845667,28.45443044958836,7.896655797506996,7.898963212717573,7.923961322426713,7.918018404197976,21.60472462833667
1203,BMO,LSTM,2022-01-01,2024-01-01,4,4.5154952186708766,4.537271814291231,4.59570688300288,4.6665781320856725,262729.75782335905,3.45046479083487,3.384796269576517,3.4427195378894058,3.4600533433058738,194345.7711203893,4.113618778937223,3.96168661283012,4.107273214930023,4.061622123854412,31.211361640166235,3.226147595023701,3.3104332077246363,3.3905791280542186,3.443044220863525,34.87936877205898
1204,BMO,LSTM,2022-01-01,2024-01-01,5,3.608820958871759,2.974794279188071,3.0990135024967755,3.0620992418509814,337009.5495458975,3.1461201589500205,2.488537387296894,2.555383871532789,2.604556179367848,256428.6776627104,4.0249468165513145,3.1678526586682687,3.3026799303918657,3.328974529518261,32.94561072032262,2.410278334604225,2.1702018573366253,2.3741915606183905,2.160842148550795,20.997367467877904
1205,BMO,LSTM,2022-01-01,2024-01-01,6,11.455814475518713,12.12977948332911,12.133862018687587,11.56302556969947,257114.2961615811,9.137707472646204,9.970745374714408,9.947934159084276,9.28586579243317,189803.3352643748,10.797718497250631,11.706517783975745,11.855471901247167,10.915939141511195,28.665840246966795,7.591565754988672,7.448792320513194,7.580137648173955,7.542977767362929,27.77084250968498
1206,BMO,LSTM,2022-01-01,2024-01-01,7,6.408201243471612,7.058280586616848,6.885504421467861,7.123388569392303,319321.0126123516,4.6880597443862735,5.17397587730213,5.041987574182326,5.248800173790603,240362.08192606768,5.480170406148234,5.971237061593891,5.909797462000746,6.093818237157213,31.014902956925265,4.808020530636305,5.258396017780298,5.184546443375013,5.305967048864408,20.25443783664213
1207,BMO,LSTM,2022-01-01,2024-01-01,8,3.429986240933065,3.736910554879554,3.4070232478588736,3.685997457893976,245600.74591553936,2.617129045674049,2.7707698770029774,2.5988797360313924,2.723275614841136,190320.52230671048,3.1186837574070774,3.235567741156846,3.1119606919204776,3.1970815609076664,31.141430695951765,2.4653864237806578,2.7577228735084525,2.4677161345696947,2.7495672601802266,30.596736822416027
1208,BMO,LSTM,2022-01-01,2024-01-01,9,7.5871274563780755,7.553958486891345,7.647872455180345,7.734645849768486,262720.0401249277,5.670748737806611,5.662871513706596,5.7414308086822805,5.8529655902054,192255.02220610777,6.632906499863032,6.551865529125378,6.746156435267288,6.816100094528934,28.36819464001857,5.582880113315575,5.4829166099300375,5.603956990348609,5.578369940836666,27.05386046096358
1209,BMO,LSTM,2022-01-01,2024-01-01,10,4.00987171881793,3.9117571275879,4.010768772387118,3.9272210028618457,273162.99433249614,3.640686703784752,3.572488691282551,3.644011526190509,3.522396445118227,200276.8384330472,4.555266801223241,4.3832621345225125,4.565279412201681,4.331881319712006,29.157848094619,2.143000281889248,1.8882243090138728,2.1151085330495945,2.042714254994605,27.822770299522
1210,BMO,LSTM,2022-01-01,2024-01-01,11,6.286645805073342,6.4245254695842124,6.652223010920832,6.553177095748426,276893.98026059737,4.594238806119912,4.651062654134191,4.849509452653932,4.790777046676152,203972.5008067985,5.378693456803228,5.374754344443849,5.690698881762422,5.570079822081293,28.38885153726852,4.715358063096205,4.84381831774114,5.022108598437351,4.907246035859628,23.265627507315603
1211,BMO,LSTM,2022-01-01,2024-01-01,12,12.102347555143304,12.5148460290098,12.26679068789077,12.677427250057494,281916.48890146246,9.622824273892071,10.054813480571912,9.79150578614855,10.280922985938618,208390.20213236407,11.365034809126094,11.759979057635128,11.61624978040451,12.10585871000782,28.66495179104696,8.052065690115187,8.08419410483482,8.120312810308402,8.079181124700574,22.64477310020474
1212,BMO,LSTM,2022-01-01,2024-01-01,13,9.087512710027914,9.082030671506113,9.69727359696401,9.791202187906537,275783.8826733717,6.862758045619783,6.8237315638570974,7.568891378353809,7.700576098057874,203049.25578927,8.038256051906773,7.895184034013631,8.946709399769421,9.022056275636404,28.40822830531489,6.594369821323416,6.586006460845844,6.679077756702351,6.625355046148386,23.652050791883465
1213,BMO,LSTM,2022-01-01,2024-01-01,14,7.887039173222394,8.256916379337794,8.40659187096074,8.531176180498232,275560.3429004055,5.742030257792536,6.1341541431292645,6.263903408676763,6.432042788484695,202768.3758603533,6.6906115322423245,7.086897930432098,7.351094901609882,7.486031591993571,28.441961559348144,6.0007253920733294,6.066802647575299,6.222231552645111,6.182651513403694,23.98313198112411
1214,BMO,LSTM,2022-01-01,2024-01-01,15,5.212905324271443,5.3609226424402605,5.175383018393208,5.243482305590028,261223.5950932078,3.913740176946917,4.045193350642622,3.868650352139434,3.962942089845932,192899.8059192797,4.587968559790621,4.690425238258346,4.553692768328951,4.621432575118186,27.84563700308775,3.794042579595216,3.847387251655791,3.794977200826692,3.7733669388516224,24.017108162871214
1215,BMO,LSTM,2022-01-01,2024-01-01,16,9.353830448798297,9.816362377657544,9.94186514521522,9.605766684558422,292014.99800307024,7.065133242628272,7.581452668247866,7.731980972528192,7.359756066438714,217687.023284634,8.275097517195446,8.809965810475743,9.133523781873482,8.585697763271487,29.29927087458553,6.791747370991747,6.821279640129389,6.899461368969481,6.809900844898591,21.43288511808504
1216,BMO,LSTM,2022-01-01,2024-01-01,17,4.499240167328072,4.011834688159182,4.425460169621672,4.501084557441049,277729.7275514398,3.855713049306417,3.379708368686446,3.673278867514463,3.949784578646888,205040.5932580432,4.960963944749505,4.314030896868211,4.780410021921028,5.048812618349828,29.782858902673887,3.127212966023305,2.8634732844344817,3.324743752751136,2.914537455536457,28.035829371000386
1217,BMO,LSTM,2022-01-01,2024-01-01,18,13.826629658010816,14.392684739771354,14.240150265396933,13.565845364046153,263228.26887344965,11.66353435575171,12.203135046083707,12.093793093015217,11.277400567538884,202019.0133002897,13.914969679708276,14.40575043008456,14.503521279990158,13.336110076048213,37.15710091694476,8.007181813777123,8.151177287896491,8.106443326721715,8.182246628746299,42.67801572765519
1218,BMO,LSTM,2022-01-01,2024-01-01,19,9.294734870246732,9.358495152260824,9.459531060150816,9.402132319935417,251816.57534577893,7.050374386121727,7.116145286609632,7.224585031166794,7.18172568431648,194724.5862838626,8.26346146539523,8.248907401551023,8.509270175341303,8.374092075700684,33.89887252105645,6.70370681018157,6.665835121627017,6.76389379447939,6.6957787330525615,37.11997564205674
1219,BMO,LSTM,2022-01-01,2024-01-01,20,10.994214410027364,11.897732043112498,12.64495355891415,12.320801790802935,291683.66175483115,8.712758970365078,9.71075694799899,10.576458401209772,10.24428126271112,238728.2867646714,10.28452864283019,11.387583846836003,12.648742352966083,12.114027236125915,44.891637105947765,7.372930696303973,7.431895738552785,7.503772351884555,7.396850031703113,48.94127441739207
1220,BMO,LSTM,2022-01-01,2024-01-01,21,7.81519524952164,8.500391105316151,8.63022714787528,8.120211234288957,263113.96460668795,5.689893162743591,6.341226651593815,6.4653972102344754,6.005087225945734,192459.7371392945,6.631259577226471,7.330325633029955,7.593604120215455,6.971278464061105,28.26769195508336,5.936734278117671,6.212132930858451,6.339067511817269,6.03296646743749,26.710273159904656
1221,BMO,LSTM,2022-01-01,2024-01-01,22,7.239179582483796,7.197019356245332,7.046992126182415,7.350263888581505,283505.0829914386,5.277826124226154,5.2361447807089805,5.137761719906211,5.385535248930252,209901.3566843172,6.161957460736571,6.045241221034195,6.030240242974458,6.253437551107137,28.80467100874467,5.460457187626731,5.398279460770374,5.32473502667781,5.4999881010475935,22.622125216661352
1222,BMO,LSTM,2022-01-01,2024-01-01,23,6.5669535125921135,7.106964829440483,7.264904074633292,6.906113403728399,259226.73446094937,4.793971951893888,5.178732294323572,5.323539421019715,5.076599788942947,195302.51808211207,5.600765225308362,5.970974344783642,6.236874408318479,5.8955719872867824,33.489716748628304,4.942850620324562,5.3394152064502265,5.476575894905951,5.149275604614891,38.87984283775029
1223,BMO,LSTM,2022-01-01,2024-01-01,24,6.462785361401575,6.2764018964896495,6.5209660840601344,6.667152110170788,283147.2155282221,4.760745442611305,4.588888005950413,4.809634763062742,4.962448634048502,209455.6314026316,5.5615190739759885,5.2981891921384205,5.642421746915622,5.769437247149865,28.975848498375527,4.824925733502352,4.689518225590797,4.87030581092278,4.901735368908463,23.57962815291465
1224,BMO,LSTM,2022-01-01,2024-01-01,25,4.433683446567653,4.46341834721473,4.171066346335799,4.124717219412441,277023.4029612992,4.0574813763960655,4.158720180798815,3.808822623370111,3.7838174938617497,203963.2774340113,5.123742556999331,5.169584096902411,4.778431712258497,4.694116332738327,29.809297899392373,2.388084158823677,2.09377103759958,2.152346673515056,2.019796169684469,28.7816819215947
1225,BMO,LSTM,2022-01-01,2024-01-01,26,3.920780109194288,3.934584412157329,4.087247122437994,3.897485171737325,316647.75099388574,2.970463737395211,2.950886389060665,3.056777758309813,2.898069459171406,238104.7277318438,3.524100654241105,3.4544766940250264,3.628354762180338,3.4052514888947254,30.77411771188548,2.8217247139378085,2.8593353529533685,2.9998813735641345,2.878883562217802,20.069181641518863
1226,BMO,LSTM,2022-01-01,2024-01-01,27,10.386241142408204,11.099338199475072,11.035647953489518,11.08962098037131,465431.7732968642,8.183567655480394,9.029441334448563,8.959913004459825,9.059495702470278,424512.0527942975,9.650536341338697,10.582737309423376,10.660198635284798,10.680749757376736,79.40457387490417,7.035440300003054,6.971820572658116,7.039438663515567,6.943703016625564,68.45481682137701
1227,BMO,LSTM,2022-01-01,2024-01-01,28,5.397450637610905,5.331150082836933,4.724570522049661,4.857495558497611,281611.2434778306,5.0386552734355865,4.993681558287989,4.366363589016444,4.516339132220657,205912.72986183563,6.235794672915467,6.094163486489191,5.438918765642704,5.540261604970793,35.371566255060074,2.362516599240647,2.1687534493487366,2.266622189184027,2.10394246146484,44.8210075449513
1228,BMO,LSTM,2022-01-01,2024-01-01,29,6.393561461607603,6.9348093433364575,5.879432661477151,6.400536571949572,295609.7096124522,4.66761803446291,5.16661224134736,4.314191774778341,4.693557277671115,242224.4491871198,5.448210231860849,5.976010919820942,5.079579594134369,5.450049220057574,45.748451163461226,4.817386879411038,5.0544946318830455,4.402222115511126,4.783805500781989,49.554756002232295
1229,BMO,LSTM,2022-01-01,2024-01-01,30,9.45051113589584,9.861695913907957,9.456756014893712,9.943131025918529,266276.7986644895,7.222433637100693,7.68125978440119,7.205293935918676,7.839108827361106,194216.5390531222,8.475241611518046,8.938229025172362,8.483164062699421,9.187796021891645,28.20036460225986,6.738470960981391,6.75323301796433,6.790234052324491,6.699721403606175,26.38254079063361
1230,BMO,LSTM,2022-01-01,2024-01-01,31,13.716707282844729,13.438024336010823,13.993600465523276,13.38086689119735,256470.441570504,11.400106913817906,11.010994104809368,11.667481895956676,11.008476877181904,189893.65667214,13.565149510274702,12.921244744397594,13.945914340689678,12.99434547133204,29.0685341706642,8.25181523689731,8.316589079548917,8.369770663724255,8.256432862058723,28.8564729277491
1231,BMO,LSTM,2022-01-01,2024-01-01,32,11.866812757925931,12.37555001725694,12.065612445105216,12.397119251875164,266891.3141446852,9.622167025610253,10.19196261245005,9.8082698067673,10.22256309606628,194680.4055360953,11.401336836639532,11.970146639126842,11.672189893162646,12.07112817081741,28.177392241890715,7.58387548731679,7.562926727440194,7.691223687668628,7.60834953450041,26.067945869439725
1232,BMO,LSTM,2022-01-01,2024-01-01,33,8.780084405230394,8.926685853539533,8.566865872540383,8.682642459726178,274228.3499765734,6.673932359186856,6.840849338198884,6.460313129894695,6.578669806938876,201203.86316170296,7.825524157291317,7.940219890460579,7.59516919581331,7.661772110605383,28.51203743692453,6.304911719253104,6.273670987113598,6.235059381753514,6.254893315795826,25.032679832337344
1233,BMO,LSTM,2022-01-01,2024-01-01,34,10.719847556628132,10.690014100670588,10.883900040998483,11.042840211801884,254514.06879139025,8.386964225098177,8.26155504267274,8.552007049144704,8.735902423251328,188891.4866435528,9.879037989352856,9.600665970622227,10.118993725948428,10.243991064628434,28.927893320225508,7.34926900948427,7.434381516001014,7.422701533086967,7.407200301064367,28.35513205048344
1234,BMO,LSTM,2022-01-01,2024-01-01,35,10.020300786897318,10.068557055592144,9.999869218619857,10.1061064984745,336745.7674760678,7.755537279380875,7.787058534264696,7.713060048527402,7.841870161215976,255595.59211666384,9.119319534573712,9.050782043545444,9.098814503519485,9.166612494483276,32.29165997800339,6.999034574087835,6.983104960619784,7.041271716937711,7.019066139428423,19.559986159175303
1235,BMO,LSTM,2022-01-01,2024-01-01,36,9.078041596119844,9.332801557679185,9.495279763412956,9.724858200950523,259881.9554826209,6.7200751232542,7.004837340024079,7.167550262862957,7.489977507460318,190389.41455210248,7.846381035463194,8.103227353676633,8.426184536245902,8.745192394451822,28.54086891926015,6.782624095374727,6.780172529415253,6.917624973522174,6.831608953208026,28.002980262157152
1236,BMO,LSTM,2022-01-01,2024-01-01,37,3.025673480952641,3.101640298835651,3.197871048142939,3.1539729389091105,254555.6491008994,2.6638714570416884,2.831784374245685,2.862948963640816,2.853173510786993,190231.12478762865,3.328566604266704,3.5224472672245746,3.593583090639619,3.593765583732808,29.53796170803855,1.854857336554644,1.6695719657078636,1.852356647048999,1.818778355180037,29.34849609564379
1237,BMO,LSTM,2022-01-01,2024-01-01,38,10.157531785435031,10.274310549113569,10.1610532360577,10.576575525201068,300220.21652416995,7.817955496086744,7.9098362255505155,7.787432393104762,8.329965764891787,224472.78827940425,9.184412631803983,9.186628495607298,9.177076006628456,9.761233627037727,29.62092061192332,7.161654219934007,7.181614796997361,7.229648181092816,7.14423300487585,20.26882502846445
1238,BMO,LSTM,2022-01-01,2024-01-01,39,13.422306074553685,12.831107863239806,12.40813799661294,12.830945431839613,273340.2678196786,11.470967838097264,10.724299115080592,10.144340448216472,10.663837070097433,200485.6034531196,13.715820087130089,12.627491904571562,12.08417245227404,12.60950732920659,28.05166080209382,7.442940694829504,7.544517674871347,7.81070486623801,7.723385242970851,23.433146557279063
1239,BMO,LSTM,2022-01-01,2024-01-01,40,4.989306100532753,4.571043141695277,4.608636341615188,5.203775943045869,285131.89373208286,3.6960814863810607,3.772406551543584,3.6650549092128815,3.7637684441120287,211669.13556476435,4.352912072706514,4.503087948582094,4.429508057964539,4.380218017610727,29.360291598171965,3.6725828916690033,2.8003914376577006,3.119445086407361,3.947887477403718,23.933795136465086
1240,BMO,LSTM,2022-01-01,2024-01-01,41,3.98293354920263,3.970392491087949,4.126990490318847,4.0134443317758,267736.3569549223,3.4984289674237528,3.5106678978165227,3.745840001988413,3.588918803401341,196286.37128983936,4.300822931321886,4.258056928242252,4.662069453084902,4.396556449298183,29.2492651570712,2.198995949726245,2.0677371172140364,2.067814320700246,2.049366802510263,29.10390327540916
1241,BMO,LSTM,2022-01-01,2024-01-01,42,7.11784409473767,7.668281682233769,7.948040336642971,7.961495162058174,273332.15400135826,5.174725956789251,5.578560691408444,5.785117355792156,5.877080444608108,200195.7984608909,6.039966746899401,6.430080249279343,6.76899585104904,6.821748639630693,28.621786863578684,5.3888151805103615,5.772468032177681,6.053236791676915,5.923069788432554,25.95397531399867
1242,BMO,LSTM,2022-01-01,2024-01-01,43,6.921498654369708,6.70487483332472,6.877801702375444,6.806906964834166,251014.44497079632,5.05210091893124,4.899211216235562,4.9944247550952,4.964802712276372,193750.3819422424,5.906708948608205,5.673860152373607,5.861329534435333,5.773901632537599,33.14020844983301,5.20370552988268,4.990267523542691,5.220757225497157,5.1119485658819,35.93413631253563
1243,BMO,LSTM,2022-01-01,2024-01-01,44,7.178734875382101,7.262327465558245,7.54298554258075,7.186631036166709,298806.6079520814,5.376157014962564,5.516021834023617,5.797368770746575,5.477018324842589,224041.75437783205,6.290690577727985,6.395100769777348,6.83724545898694,6.386296570318647,30.23678343791037,5.271667848968465,5.172994442640067,5.332935515884377,5.126618932620691,22.38248187691477
1244,BMO,LSTM,2022-01-01,2024-01-01,45,7.9354770907733565,8.494018970359832,8.384693913614687,8.108380405837105,328144.4405401841,5.797384481089271,6.377934111496538,6.218488454925899,6.020159704194483,248095.89920888343,6.7588123605507615,7.380546276726582,7.292748186261594,6.992313064627988,31.649057708638228,6.01060460077389,6.146585147137484,6.245118586193053,5.991765083695706,19.77930413003583
1245,BMO,LSTM,2022-01-01,2024-01-01,46,7.225499502136666,7.711139154364696,7.707200583614806,7.65405721744506,280671.1718128629,5.272985189304112,5.645520103009844,5.632793001213085,5.641826013863851,206554.0413187941,6.153719160235367,6.511460387327987,6.595629104194975,6.549196185898099,28.9835315080181,5.451913803989073,5.764017372214132,5.8345926408029465,5.7007574382005615,25.09266163826772
1246,BMO,LSTM,2022-01-01,2024-01-01,47,8.812852101903786,8.681476786932274,8.886399840168444,9.571811295673225,258086.57445808285,6.648002179721715,6.474595776494605,6.722124191583508,7.556226852888468,197750.86116984487,7.78561930068433,7.482891488564282,7.906089391229165,8.85866977974473,35.68099212074379,6.401529360191175,6.3589402898537735,6.441505988049694,6.42619750222949,40.80279709101766
1247,BMO,LSTM,2022-01-01,2024-01-01,48,8.538361468409173,8.894221290232835,8.414834845479392,9.497579816928784,261421.7672078753,6.323491501368058,6.705875384519868,6.162840545636412,7.504241329279667,191276.49908165136,7.384868436084707,7.763420289897439,7.213083625106141,8.799503219018161,28.424380331629035,6.366333272434449,6.412446085523552,6.382408335756655,6.362219908036387,27.514796219108867
1248,BMO,LSTM,2022-01-01,2024-01-01,49,5.463249190269631,5.634718957724766,5.721070136257079,5.982760565857046,257102.9889327837,4.019117693177552,4.080737239265868,4.1860564774666384,4.407310716288847,190161.9432941079,4.712848549347969,4.711306514839327,4.917105129371443,5.122134667558289,29.565841655596444,4.063677225590031,4.252381910610074,4.3006154814929225,4.443398461427837,30.621300676304987
1249,BMO,LSTM,2022-01-01,2024-01-01,50,6.12834081567842,6.518344386957456,6.496818746859299,6.671805858302138,259795.82005229063,4.486631893804452,4.710964068643201,4.73471304890158,4.880388558729245,190804.1882455845,5.2545545635209,5.4351248282746605,5.555639289771904,5.666727125000239,28.72787237294411,4.583953579811366,4.929943209303167,4.907674248739986,4.998901875233979,28.276457465144823
1250,BMO,LSTM,2022-09-01,2024-09-01,1,6.030240616619877,5.931333696027176,6.4214335353071545,5.840028357099554,1244132.4163401043,5.368011259754698,5.3328034300422,5.766357828970433,5.20115427996246,747524.8469944795,6.83708509728482,6.727645422065533,7.412274801459853,6.623080547484947,41.73750103585846,3.685261619802804,3.4301994470292363,3.822036029034144,3.5216357987859555,23.93677255311846
1251,BMO,LSTM,2022-09-01,2024-09-01,2,3.0959383534538385,3.1607757070993285,3.469502614311141,3.331770293643123,1123569.2624626155,2.308594260638139,2.4854895874105427,2.7010393221869418,2.6748961351923906,660460.992714713,2.9451746349556704,3.1422090559058966,3.4797203472024503,3.4031380890818834,43.54912740254277,2.720086661608737,2.552791799844445,2.9108418076600007,2.6031779303529303,29.140353043246552
1252,BMO,LSTM,2022-09-01,2024-09-01,3,3.281228142869851,3.161099043377369,3.3948715899335453,3.296769704554364,1155492.234379315,2.600002022262637,2.6214089783426378,2.7263575299110814,2.745855726250261,671206.8737768134,3.2686664654420867,3.27839704508805,3.467904281596175,3.463530794248256,40.69228247059049,2.5095165323871647,2.2116514747254588,2.575158437120095,2.3082955398495044,26.41415366697757
1253,BMO,LSTM,2022-09-01,2024-09-01,4,3.665588032740382,3.6351305755501646,3.8512403632920713,3.7917398921543977,1189380.8894462327,2.9520407196275986,2.8842441070187497,3.201241434275535,3.0120902044656,698389.0372397254,3.708996681864279,3.580142302115308,4.054348873935883,3.7586472908706057,40.66666858776434,2.71631386190355,2.6899219606406546,2.6804211418002133,2.787663908776965,24.21812799972987
1254,BMO,LSTM,2022-09-01,2024-09-01,5,2.715288967427738,2.692160358037357,3.0044298498215825,2.8303959995255514,1338038.854695796,2.1009809935515134,2.075194037689656,2.3464113859755256,2.249928234600141,855919.8598377904,2.684534694800804,2.630058767409508,3.027447319636042,2.869369581206876,49.68872444202799,2.29417989715558,2.241247234732361,2.513390768023538,2.250555805818905,26.675468614961503
1255,BMO,LSTM,2022-09-01,2024-09-01,6,4.532783259439723,4.563475488375455,4.445903451109246,4.325110587034176,1145718.5143259452,3.642560098892692,3.6433808304792623,3.389123062302248,3.2726609812813345,662604.2261507859,4.522223303574672,4.485751131633639,4.23230436165082,4.04595234704349,40.23533816805018,3.255220981201074,3.294761802857921,3.492407533291326,3.4070770850230283,27.244342185668685
1256,BMO,LSTM,2022-09-01,2024-09-01,7,6.551961649615,6.1410167701816425,6.390883785068873,6.311967308621912,1269908.252502171,5.914765699544902,5.566745872291699,5.730494719677373,5.721315766918012,771129.1730965177,7.52116564410476,7.016312814132967,7.363927505886052,7.273249033550565,42.68391279033819,3.7772148268213455,3.4243582894201587,3.816399290911959,3.542458057643092,25.68759572570371
1257,BMO,LSTM,2022-09-01,2024-09-01,8,14.377693153143367,14.101793630905714,13.836055095596365,13.546665459255468,1472714.8013631138,13.183465316021314,12.94820185682553,12.744625523213198,12.465244951888447,1056075.60969539,16.645657211745142,16.210864394055292,16.245083227278066,15.735870776396863,73.51442817606139,7.371465765703876,7.091271375354605,7.008141214312208,6.805358271457132,18.463872960256257
1258,BMO,LSTM,2022-09-01,2024-09-01,9,6.222263476553525,5.984156175067451,6.093973430217885,5.609652942728435,1173370.1457185338,5.574708237743579,5.3935982739426205,5.409561819228402,4.934689743879122,686433.1989223013,7.10207654595484,6.808440860571434,6.965808582074789,6.293703192266737,40.918468534700494,3.732102810235472,3.44373534997348,3.804341884697352,3.541059977262828,24.777269629834404
1259,BMO,LSTM,2022-09-01,2024-09-01,10,3.1653428501793672,3.190230067667933,3.666815218212762,3.420442181953657,1140960.6931047868,2.364230567863064,2.50892239776731,2.935223993451708,2.7374345147589336,665189.710623771,3.044285522420949,3.191238344253597,3.80425893347258,3.5096437868012127,41.72872719731673,2.804472335229096,2.5881996656460275,2.9591697916854165,2.7042813489650626,27.3150390890502
1260,BMO,LSTM,2022-09-01,2024-09-01,11,4.33020297501132,4.429796632426447,4.653305310190212,4.681345016414357,1208975.7638541546,3.69395057293041,3.739103534346585,3.928715465935229,3.930654835084018,713022.658550019,4.580778124194267,4.600907517056798,4.903304636348455,4.863207439394653,40.360914075201485,2.702432315468043,2.8300261433483778,2.994226047683626,3.03953332919898,23.806253652771154
1261,BMO,LSTM,2022-09-01,2024-09-01,12,10.696770611343547,10.94629940689788,11.229205546952809,11.331189985487812,1243880.1533261095,9.781502459015645,10.064727502821324,10.34382984121278,10.441902201681902,747043.5643928001,12.376432001844192,12.620126707010874,13.205368306586928,13.1980840751812,41.53901498201451,5.64008074692879,5.526950983736315,5.750411770847799,5.697035646417267,24.280677209045106
1262,BMO,LSTM,2022-09-01,2024-09-01,13,2.7614634888213354,3.175006866163434,2.9181150411424177,2.991107937541372,1149466.7116776844,2.121582755962988,2.536226850964638,2.310800089035685,2.413218638549718,669028.2738009095,2.71952305016638,3.2219120159109145,2.982038667272738,3.0852224479641266,41.08474169720394,2.365444200294885,2.514412677800277,2.3946648292548534,2.3323345369859294,26.49060496003979
1263,BMO,LSTM,2022-09-01,2024-09-01,14,4.021278646981237,3.9235731377515326,4.311528883394567,4.230314959996182,1216672.073280841,3.1298030554854623,2.9473889709537744,3.34448938614248,3.235460228600376,719976.3911192864,3.886034611305599,3.625095708722215,4.176423132129165,4.000741807275629,40.83331828876745,3.060487260840178,3.1161840991589487,3.299857717057154,3.2810892044181923,23.912849797431647
1264,BMO,LSTM,2022-09-01,2024-09-01,15,3.7694950314051554,3.90135712530669,4.545633142300249,4.49712688199201,1252499.779199357,2.9182790240452974,3.1560651392750643,3.7549625107480447,3.7772692230934495,755695.976930658,3.753709094718627,4.01141975493582,4.859901836729785,4.833536974979971,42.07145392001434,3.169463090617141,3.002558805279844,3.436010996386666,3.21693150771857,24.333934017297818
1265,BMO,LSTM,2022-09-01,2024-09-01,16,3.658760957134844,2.9091288977780194,3.9491328293872536,3.32047563261768,1325852.0934465902,2.8666820634428776,2.288217328606463,3.200811401768093,2.6974378269546984,839343.149815922,3.682839907227661,2.904717627085597,4.145273691908111,3.451740103289749,48.10808574355368,3.040219214885739,2.3618666650337774,3.119481384431904,2.562197243113637,26.66941108600356
1266,BMO,LSTM,2022-09-01,2024-09-01,17,3.4187550201568104,3.238294729981645,3.3941747179885726,3.32058092151127,1217489.2122158476,2.6203546961490383,2.430957566513805,2.635713987213265,2.60530661607329,722288.7519523501,3.26581540259482,3.0055478044366164,3.3191051930989195,3.24063634126882,40.9016149401812,2.6892243385715595,2.585578125141295,2.632170209417539,2.4791055717850616,23.557442038775
1267,BMO,LSTM,2022-09-01,2024-09-01,18,3.143123286345584,3.0730530763629105,3.307029378757701,3.1883220712945635,1168404.476694968,2.4611071310861408,2.473853228880008,2.6366810341766067,2.5747728268064973,679936.5495309482,3.106979370801466,3.088588866538168,3.3532848059225766,3.2314947916385512,40.39071309532204,2.488265641841484,2.260898423839983,2.542331436717808,2.320963949786452,25.457357886732133
1268,BMO,LSTM,2022-09-01,2024-09-01,19,3.084585426761345,2.929651474171778,3.239962457279965,3.0507760716085337,1322591.1410911789,2.4234425885509827,2.384211603909072,2.589557251421434,2.410834132476301,835958.0833814541,3.053923226843521,2.973523126472481,3.2922905640778746,3.014971543853844,48.33982732619596,2.424496532234786,2.115441538083977,2.4907513132235124,2.284876845169106,25.949845258756287
1269,BMO,LSTM,2022-09-01,2024-09-01,20,2.5029783524386526,2.367869087711691,2.6778345031219977,2.51116825761272,1340195.5246142764,1.904034190120206,1.7948442779646971,2.049723004767616,1.985676426477994,857952.1353023002,2.4137098889035715,2.2503121433577986,2.6120925131205497,2.501389548484195,50.06604915426684,2.114901074644754,1.953168910134754,2.225992680156022,1.9390886166705903,26.162696280343955
1270,BMO,LSTM,2022-09-01,2024-09-01,21,3.473841755098417,3.3921274735484146,3.81668525511436,3.578795159495657,1088881.8347222842,2.644780544192779,2.5505662471415342,2.932378426867183,2.7167070911571574,660042.5871719917,3.287519011709452,3.141437308914335,3.663073909180602,3.3636252867203016,47.2164062240617,2.743330571881222,2.6887789396983988,2.966281418279677,2.8022395576081687,32.69308275847898
1271,BMO,LSTM,2022-09-01,2024-09-01,22,3.2827487833085005,2.9063750231693337,3.3409878125764267,2.8409530091146435,1256272.625954656,2.640060847757547,2.344984880080695,2.651474831908476,2.222668355447793,760512.8256577998,3.371220266430284,2.957207887820548,3.410186682477,2.812203826116135,42.30857223908776,2.6205015948200026,2.24077983498977,2.718293785510665,2.263226893382439,24.495331655326098
1272,BMO,LSTM,2022-09-01,2024-09-01,23,3.532688678143827,3.4840218046328104,3.652046736778552,3.505077682906695,1197412.5992301044,2.702482254916215,2.665910638342082,2.7671905499427627,2.6504223827761355,703883.2250031581,3.3565520612003623,3.2772929922201426,3.457187055923393,3.277058996714547,40.67742893143489,2.763969423865858,2.691876166771208,2.8960005565086053,2.756113225612176,24.08610704398122
1273,BMO,LSTM,2022-09-01,2024-09-01,24,3.4659833049350737,3.252494944366118,3.0519415119649067,3.2960305135348054,1141131.8182750875,2.658095185228836,2.585094089361432,2.4215846743780984,2.608925975054429,666099.3234725296,3.420820683306037,3.2878565994866618,3.1346331935181304,3.3468855450100405,41.918312427434415,2.962676619267278,2.5943027161139507,2.504708418364658,2.651366592575814,27.19844844483524
1274,BMO,LSTM,2022-09-01,2024-09-01,25,8.629701559877816,7.759832233876677,8.008482733176375,7.34790869972194,1274415.747035486,7.966956015973533,7.128956384167085,7.312582534505465,6.688121241087144,777931.8934242427,10.101409175701994,8.96581258858929,9.36990327315968,8.489272002950234,43.15052809168776,4.424747889410982,4.022583059659951,4.380950964543371,4.017637554304403,25.521477294282995
1275,BMO,LSTM,2022-09-01,2024-09-01,26,2.7022678413165164,2.4518781861657875,2.680029309315188,2.548055662930052,1100993.865843616,2.1177146447690287,1.8418134171998948,2.062724609995407,2.001600725538424,653025.7629420856,2.645225242709313,2.288507854033432,2.612654326387574,2.5058741925343555,45.3276452924179,2.0846753806102165,1.990924265877623,2.162775286670658,1.944331060769304,32.048089466059245
1276,BMO,LSTM,2022-09-01,2024-09-01,27,4.119667104854583,3.682656328471418,4.690656381802364,4.866443849907376,1036462.4878758312,3.364932245370616,2.986847760510301,3.991293037525258,4.244477945253584,702864.5141792297,4.315609854829456,3.796325486834285,5.15733190953371,5.4193903324454045,64.36519986587307,3.175029967820385,2.827869652128963,3.324465373528819,3.158481956605569,48.9339557634613
1277,BMO,LSTM,2022-09-01,2024-09-01,28,13.907420742612084,13.066363571829914,13.691559517254724,13.670193644725105,1593501.9112495424,12.667772244650148,11.864450298619852,12.539387140476132,12.484548828926684,1210016.9451720794,15.996511372859274,14.858805412078391,15.982706635911716,15.758165699210789,91.7900008451739,7.363857179637669,6.939532534927323,7.135459130222596,7.122863201890399,25.425624982010824
1278,BMO,LSTM,2022-09-01,2024-09-01,29,6.049662192620371,6.159453108251405,5.398306701752317,5.156825085345556,1059795.5516690842,5.417305128169113,5.622543802366994,4.65302102614516,4.462756221956109,669625.9442881247,6.897427460339143,7.086902156929048,5.99986536464596,5.693969753774064,55.33598044039,3.619610474210597,3.3398879160224464,3.6724698827122495,3.4075068077045167,42.72833989723173
1279,BMO,LSTM,2022-09-01,2024-09-01,30,6.025414649765303,5.920559444768175,6.113545522660699,6.606064390938649,1266876.5930435192,4.879379203472013,4.664167670859922,4.7995885593102665,5.350167111892718,768486.6620713224,6.059450163766079,5.746538613130374,5.997686720278894,6.633549861587959,42.92327174270213,4.282554572423736,4.396806962603421,4.617506391597939,4.690729453197421,25.15247406451828
1280,BMO,LSTM,2022-09-01,2024-09-01,31,13.991868027614448,12.763639906763892,13.64170878611933,13.648401871607224,1322735.3325413023,12.768799848365932,11.566165930554908,12.463465773608895,12.539511543992344,841415.2491158992,16.119292244193296,14.483136664751406,15.882895407057404,15.824954035767828,48.87782913672362,7.335880804299431,6.836646624625888,7.186481317292246,6.904237585301964,25.94910407825345
1281,BMO,LSTM,2022-09-01,2024-09-01,32,3.525963465177073,3.289004694995373,3.923447696537708,3.5698848960412817,1384450.8749887403,2.631742534880173,2.5294706665018665,3.10716886401251,2.817035243534944,927851.3995061568,3.3907788220214834,3.220648565967487,4.030461493355671,3.6142197393789024,58.14709067167375,3.120121360362162,2.755303776827138,3.217620644061735,2.8880819275394125,22.26806696771436
1282,BMO,LSTM,2022-09-01,2024-09-01,33,5.780145940352796,5.529134505421133,6.036025791668877,5.617259060532682,1147232.743369286,5.0895989852669725,4.922935375651036,5.347266491939138,4.976248069355764,669383.4230540196,6.485436421043286,6.214056969495562,6.878368355352536,6.337999976079656,41.6476927726591,3.659620349205973,3.317126849144098,3.768478384238328,3.448677340966941,26.705854440043588
1283,BMO,LSTM,2022-09-01,2024-09-01,34,5.604800924869432,5.644106614790014,5.734224362992663,5.703312990559621,1258515.0062600544,4.905292416284643,5.050681313508375,5.0173398638452245,5.060341791305215,761278.7029494842,6.2555931312905,6.375016618661287,6.4625998937949545,6.445755786436378,42.285726004391314,3.625944299993572,3.3287562784043128,3.735035941767453,3.485996617682489,24.70870896222156
1284,BMO,LSTM,2022-09-01,2024-09-01,35,5.0779636122393566,4.859418031980142,4.417617873051568,4.730207197586397,1219155.499511508,4.368991721339031,4.23244258512411,3.597336682870884,4.031037032189821,723785.1293819398,5.583777374549016,5.357151436983335,4.660416004574495,5.154319094728581,40.93848131083979,3.471218483315523,3.15469309434136,3.4373797585864176,3.2704659180316065,23.537841004478008
1285,BMO,LSTM,2022-09-01,2024-09-01,36,2.7335850137779416,2.65998221682739,3.044261071793864,2.952535822795368,1360495.2588438278,2.1038258300009995,2.0532392357841904,2.338869304647925,2.366745137973764,890912.0957550779,2.6587984236834625,2.5814644534197444,3.001019793268728,3.003704709611604,53.78469357289767,2.255638818783133,2.1651493008411857,2.5699330665266364,2.292537881146388,24.580727319170123
1286,BMO,LSTM,2022-09-01,2024-09-01,37,9.969059817725396,9.691533844906798,9.7262946829202,9.230394655906622,1170704.2164963798,9.06872873089463,8.831148415540298,8.68456729393257,8.234952444262353,679822.6698095103,11.322828378262262,10.953751210766,10.929145718801406,10.276088131715351,39.821044191947855,4.997486446491242,4.782287708740336,5.311352845310874,5.016502505730238,25.39565522820543
1287,BMO,LSTM,2022-09-01,2024-09-01,38,6.85861821828809,7.278228237145817,7.626928759445094,7.496160065911569,1296421.559146892,6.148945219843119,6.6431926065759885,6.914229618907126,6.863561330008573,805706.9088343779,7.813997544000919,8.356216131936492,8.86189115087798,8.705979476209919,45.3355270775785,4.033324552347681,3.8910822903668345,4.3054809928143785,3.9793960630600655,25.95526432825269
1288,BMO,LSTM,2022-09-01,2024-09-01,39,3.3974692013018704,3.092957757179511,3.336861286285904,3.103748284359055,1354551.461302117,2.6323941935733823,2.3151107060622365,2.557565191549867,2.411621596796734,878286.2603145713,3.2723002343976626,2.8616867600478937,3.2172888334156298,3.000748894486186,52.276439896933525,2.6183191541589506,2.4793764692291127,2.635192533037971,2.3578730489479938,25.743108756251555
1289,BMO,LSTM,2022-09-01,2024-09-01,40,7.378201813581468,9.10135721302361,8.26087232026551,6.775420338494076,1043697.0601699036,6.661799053699705,8.559829547670489,7.618655143240664,6.104692878228994,693808.7952207029,8.459522783455595,10.746406131226175,9.755488262346432,7.754289603743104,62.08473735743977,4.207527928084016,4.084641659221722,4.300775228434149,3.87283570200482,47.756221603774215
1290,BMO,LSTM,2022-09-01,2024-09-01,41,3.056775488729203,2.977606935537683,3.33449189916715,3.222676276996807,1239050.3508692472,2.3021323661448494,2.306981746775144,2.5548029836109487,2.4940969831205013,742717.2170537958,2.884384891640434,2.8606484138964587,3.2112995780863822,3.1031489621823742,41.695837461585846,2.5004214050107825,2.2916604589724594,2.630988706106881,2.462014149208079,23.82463145785025
1291,BMO,LSTM,2022-09-01,2024-09-01,42,4.264860499815794,4.383260278572022,4.691740748537643,4.5328775258898295,1262299.640319979,3.254790435510872,3.384197080863747,3.6443390025688536,3.4804401004961845,763196.751584361,4.0431030235181,4.161471066386277,4.551197736825356,4.303791585394006,42.51197015466269,3.34493611810668,3.348843960604697,3.587022566268489,3.499671697163984,25.18820966371404
1292,BMO,LSTM,2022-09-01,2024-09-01,43,3.6040142942664746,3.339334481031712,3.605920704752018,3.622725199694639,1197843.265673261,2.752894979210548,2.610194177494437,2.801482860798457,2.91277338277561,703957.8165923307,3.54398993828641,3.322913848376711,3.637861886776769,3.735735615392391,40.36982421996258,3.092643067730348,2.730511878900272,3.040394253935126,2.8385989962357883,23.964501449156806
1293,BMO,LSTM,2022-09-01,2024-09-01,44,5.971323924298765,5.654116651975723,6.428500759481083,6.010994946174391,1128338.8040907686,5.307401469422752,5.047984943733606,5.793468430636088,5.388686800749595,663361.0883217057,6.764104168809494,6.375584413415757,7.450286018924852,6.862011994095261,43.338564332270494,3.681861955655644,3.373043690895821,3.789079819239968,3.54647031615575,28.39974402642689
1294,BMO,LSTM,2022-09-01,2024-09-01,45,5.347598936661954,5.606735691062706,5.797157847179859,5.991214821929612,1193021.1450814377,4.053847962312629,4.274736027171567,4.42898982216173,4.614990309926971,699061.9952870905,5.036972778085309,5.264850899060491,5.535414335951717,5.716297070585815,40.54312305805459,4.235360504028664,4.376800482073849,4.561129480731488,4.628837052664654,24.395890316579827
1295,BMO,LSTM,2022-09-01,2024-09-01,46,10.921908412031582,10.867839079333791,10.636475292290752,10.411955043615457,1261103.999844554,10.125835819547316,10.16922447957953,9.870902374247429,9.647462231646266,764572.319015786,12.817568070432388,12.759487685065393,12.615850299442725,12.209049932430208,42.37671957844415,5.398490597782395,5.005050994757665,5.282730824250489,5.127152603525201,24.92316413646102
1296,BMO,LSTM,2022-09-01,2024-09-01,47,9.143384665368645,9.092539381567455,8.663216060438113,8.95703662737673,1236048.3019768912,8.304751880413933,8.328868325042894,7.827555623296488,8.130589099495788,740221.9352718195,10.517663529993431,10.453571817618728,10.014191034913251,10.29304908247979,41.60762123845465,5.002247471503584,4.711073014673589,4.901254088602213,4.880786394600955,23.67160608863551
1297,BMO,LSTM,2022-09-01,2024-09-01,48,7.234768706464741,7.170807490066119,7.036709903841988,6.713826572546976,1087516.7511271704,6.563190306855919,6.591730234084254,6.362413971619726,6.064854462561788,652182.6327724755,8.33619129927892,8.2940972621821,8.164110416222277,7.704994426668509,47.6633204676061,4.059477662944166,3.7216539947048592,4.042268257301566,3.803942491588184,35.286024606158776
1298,BMO,LSTM,2022-09-01,2024-09-01,49,6.051398292795687,6.614611814626377,6.317969283440576,6.3744770300130495,1046149.957698176,4.532271252321695,5.083982798365154,4.759664564037949,4.79960446393999,692108.3567697803,5.630925380562787,6.262741019201261,5.950292547397143,5.943739267428018,59.29924834086251,4.888767731961546,5.123763601711265,5.089005610783536,5.105764578051163,42.80615852153816
1299,BMO,LSTM,2022-09-01,2024-09-01,50,2.5759454639598247,2.578036315904773,2.907756441743334,2.9216722392504173,1114043.280377183,2.01273901586731,1.9759806710916608,2.282579140108508,2.3415129602464884,655675.5760292212,2.5656533143875526,2.50297802827844,2.9429081527515275,2.990210956887624,43.92931192514679,2.137821947843451,2.1584568220702343,2.412287908472329,2.2994664715450024,30.176201421750694
1300,BMO,LSTM,2023-05-01,2025-05-01,1,11.42176812468372,11.2341134547598,11.059935131775532,11.284009041925376,733706.5262087365,10.36392998517132,10.145703072096534,9.858803625902162,10.084291163008729,636455.5313233534,11.3137012424582,10.993828391096232,10.861258747919711,11.004414198868307,115.88760143252271,5.197372579010228,5.195228963280344,5.451604804114994,5.455777417582362,101.91818337123568
1301,BMO,LSTM,2023-05-01,2025-05-01,2,5.857888074364468,5.025049783856163,5.01519726175199,5.526800032855117,588195.1684945894,5.229285532221141,4.202043095400556,4.357700647169964,4.746791650278435,390658.0163908253,5.690853222086909,4.519511092330576,4.800144945327168,5.149697139624868,44.9730590259421,2.8313886125086696,2.9477531928572347,2.6902010535092056,3.0308535108550605,31.140182614735306
1302,BMO,LSTM,2023-05-01,2025-05-01,3,4.489201070058966,4.136312049806118,5.375230071529528,5.14619850999643,585320.7465209104,3.441878388984865,3.30808900763264,4.179865018781463,4.124314211189903,489892.75455604,3.875027100278972,3.651265696386712,4.774383136310316,4.62139587031487,83.19549232323023,3.4143270096163967,2.805937215715835,4.047241543287401,3.587747069367274,66.13773952313626
1303,BMO,LSTM,2023-05-01,2025-05-01,4,2.8223618661207923,2.256630091217871,3.2628296984843623,3.0374560864197795,632503.5522276985,2.040693084335252,1.8979699270473056,2.3738463793158178,2.627033196598844,390496.7569714288,2.282698702504588,2.058740875979656,2.7050568991326025,2.8773893549950613,37.11502557333458,2.312660156317347,1.340288750173575,2.69131834203464,1.706421635747367,26.11671667939132
1304,BMO,LSTM,2023-05-01,2025-05-01,5,11.28092392949127,11.384803581972578,11.677343350850496,11.671845511944047,607871.5781658501,10.374771831469335,10.609012265760514,10.85349875510884,10.823179205517064,385314.68478096026,11.32206075501488,11.48505576371084,11.950387879698956,11.800327235281404,40.10575868998859,4.790106464612697,4.442571269911787,4.64864647534767,4.687271264122014,28.239414423553384
1305,BMO,LSTM,2023-05-01,2025-05-01,6,10.054799328651352,9.62842207419667,10.648478138124872,10.229230257198031,704502.8367677914,8.779915920672003,8.45187030991926,9.3374172772246,8.997637245613094,445750.592802614,9.76308246709241,9.255172278545846,10.527020030745732,9.982951542124306,39.72611484197247,5.647858310857329,5.148117387863036,6.015160045623248,5.566830557957302,25.491707487318244
1306,BMO,LSTM,2023-05-01,2025-05-01,7,7.834587632580736,7.791472148166366,8.966325768817846,7.448219513780966,669789.6417571866,6.640069241683079,6.755098244627651,7.71866072554615,6.308272752008391,416520.636420548,7.407805441381352,7.408658849765651,8.724452968118882,7.026324740856739,38.1862991756088,4.822054011116365,4.350568813182313,5.390549899741635,4.553409280029952,25.720202251427125
1307,BMO,LSTM,2023-05-01,2025-05-01,8,4.539820060469315,4.363613284668172,5.736922950908501,5.83944071600324,580027.1612749819,3.737926804127305,3.431988985645984,5.0498068648207175,5.094870884827227,400465.1905582845,4.084384268491015,3.693362502872548,5.535211745874396,5.521998783826232,49.25921154470372,2.8055658888708623,2.885719052354573,2.940922369175292,3.054226009882703,34.19706942230046
1308,BMO,LSTM,2023-05-01,2025-05-01,9,22.14225471138488,22.913621754864657,23.99626082936881,23.039243825691305,679156.9624324994,19.686748106356653,20.387185286731995,21.476259144936027,20.54639050413131,616066.1561605334,21.77928714498429,22.253880257832048,24.057682784443028,22.687904087696413,114.13877630402465,11.387255415358254,11.54149516598495,12.20609272970339,11.654318490417262,86.62710435620765
1309,BMO,LSTM,2023-05-01,2025-05-01,10,5.749973732103701,5.227374678218573,6.509848812314053,5.997314382981927,596215.8828829415,4.687529425069042,4.3316134385513845,5.33039276244743,4.984475280330207,508181.4102964103,5.252505769181405,4.768670170482852,6.059882204652758,5.5675308136279344,88.2459811774705,3.913952475990283,3.292496675575836,4.455354491354806,3.8738733354412815,70.01840932920487
1310,BMO,LSTM,2023-05-01,2025-05-01,11,3.410411941667346,3.113417477757397,4.432205882010352,3.89462690644856,643262.2471837099,2.7128845858148805,2.5176769277739623,4.001765643629349,3.3324473464195763,395484.7631361336,2.993234193945625,2.714975223397705,4.413044970327052,3.6313787440453673,35.97664607127648,2.3363381969779216,1.9571459779802816,2.074282291206131,2.173609954712431,25.05010544134665
1311,BMO,LSTM,2023-05-01,2025-05-01,12,7.89048519935514,8.845221549778872,7.454050519583118,7.978838354112847,566121.6619699138,7.155259233652484,8.33103289084708,6.52546017477126,7.189043271992417,430535.2206868927,7.791270531500974,9.004859254129908,7.155267441291481,7.818263470980588,61.96097863713737,3.5931594432033096,3.171360236571118,3.925130200430311,3.7167014905871496,45.73780204396201
1312,BMO,LSTM,2023-05-01,2025-05-01,13,11.108015106118952,10.789253938188637,13.202619797727468,14.209213193248695,641938.3003205241,9.846718103274709,9.746513965290928,11.982154608374142,13.216076900004298,398116.1456195265,10.942566384026309,10.66221063019073,13.474222726573853,14.61087511307736,38.49698740771716,5.958993305823616,5.215962854786999,6.59164602198105,6.093364625651415,27.533979384895613
1313,BMO,LSTM,2023-05-01,2025-05-01,14,8.013662732617657,6.253671515677906,5.855806799430132,5.308373716741834,570384.1677256149,7.556430470677203,5.747013104764623,5.209006276121252,4.583800668505599,389673.216004173,8.203048282873528,6.191779150562549,5.702616568449708,4.973795141099884,46.48026363900398,2.8355077136219378,2.617439098647984,2.88749875505372,2.8678430922355944,30.922269201254498
1314,BMO,LSTM,2023-05-01,2025-05-01,15,4.729242655205653,4.195618167378133,5.526751171075989,4.760124742830802,714855.1031205154,3.681642569314198,3.3890015488437104,4.348320617116415,3.718949775421667,457241.6470416387,4.140569718915296,3.738127902917984,4.96203392168931,4.173892296181323,40.275464270640754,3.5127645746588616,2.797958636165843,4.087774235596895,3.460807614394288,25.23757274871733
1315,BMO,LSTM,2023-05-01,2025-05-01,16,4.340120261115816,4.390185907163867,5.394605681950645,4.372705302831515,706321.7331984931,3.3109091669063995,3.5512119230369468,4.188346048987979,3.3325366922579938,447785.17910541344,3.728671987530478,3.91748974256898,4.785006458611189,3.746436675155677,39.12802530987737,3.3327313146695943,2.918602454037967,4.074271433787716,3.302707053300912,25.464796362718285
1316,BMO,LSTM,2023-05-01,2025-05-01,17,13.750422585801758,12.554585387157712,14.810845934356612,12.53686617514458,709894.0233776123,12.123788924209885,10.928300373269373,13.18216706351362,10.941744225211869,452136.0214473804,13.445152249292804,11.956661924368154,14.81035918531516,12.124960803119157,40.99747651129056,7.37361169052374,6.841018759246473,7.821047347486525,6.911227983028226,25.39772181199428
1317,BMO,LSTM,2023-05-01,2025-05-01,18,4.6765661359863575,3.252117830394337,5.488243423307775,4.043040508691992,857273.8613518062,3.640422994600463,2.5879915885043947,4.335939213018507,3.078581983685505,802233.9635660249,4.094800135182273,2.855128683054568,4.946738161846851,3.4602623976930467,152.64509690686972,3.473865132226873,2.234889608531317,4.032640734401476,3.060883304592448,112.26200342461864
1318,BMO,LSTM,2023-05-01,2025-05-01,19,18.17915761935925,17.996209184244545,17.88276774251654,19.52396940264777,563654.5616052084,16.551366521213772,16.358259958936795,16.08582793443564,17.915900822310974,437020.86536452174,18.320049998037103,17.861474194234393,18.05628016546336,19.78903500645836,65.04167096699682,8.607445229637776,8.370983333285489,9.05927572072358,8.843895215631942,48.60690599556646
1319,BMO,LSTM,2023-05-01,2025-05-01,20,12.034342080748855,11.723012539860513,10.70998822203662,11.310489209962082,602871.4442902824,11.114407418194604,10.915829231969614,9.50689645343594,10.26532471364065,381942.7211757998,12.12319806909166,11.80988455357566,10.458853208140216,11.18625609299244,37.280964085174986,4.982194715149222,4.590015851020882,5.362220086188641,5.102456425476508,24.04218799068614
1320,BMO,LSTM,2023-05-01,2025-05-01,21,2.95215985827474,2.532896563224832,3.4699130833352503,3.513617495568913,825175.5705301916,2.0997489057344727,1.995488452374952,2.954039548605289,3.047139248833992,768464.6764596797,2.34879371038347,2.162025782800399,3.297196451297763,3.323452201729053,145.26146471105318,2.4293114418018944,1.680239733634931,2.09129722369174,1.895000556521261,110.73994695360764
1321,BMO,LSTM,2023-05-01,2025-05-01,22,11.485516177713857,12.485594801714536,10.476042286101428,12.816307945867774,559036.0335586269,10.138570231205655,11.322810496977606,8.963877531475683,11.565368127951633,444102.5966773431,11.25715910370439,12.371440769749816,10.11706396951834,12.800231752763382,68.62496029710076,6.195579699454341,5.892398278505754,6.306639093383367,6.316137393307192,51.882778090134266
1322,BMO,LSTM,2023-05-01,2025-05-01,23,16.305147047765065,17.31028997990297,17.59654372245151,17.172390726185895,670807.1721720184,14.353610910271442,15.480656072743598,15.633286519543171,15.361105873641709,608036.7778227726,15.898490352836848,16.89876658581064,17.53477380995626,16.972506494845017,111.78678587488504,8.715417054885563,8.565359896045237,9.24457162183588,8.626781777885496,85.59241627445924
1323,BMO,LSTM,2023-05-01,2025-05-01,24,8.007059965407176,8.571969207002681,12.505720970327054,10.294025508202044,1244839.173941255,6.737511133743251,7.423851248834211,11.389519792432164,9.10689688107438,1092529.7897979866,7.51759521787663,8.140458628138068,12.805369858947694,10.106277622402466,139.65263376572022,5.000771401020549,4.792567540344046,6.160186397450963,5.519542553425572,20.9685988065168
1324,BMO,LSTM,2023-05-01,2025-05-01,25,2.8225320241046528,2.4154887719020817,3.9376114613523487,2.764373132806337,566008.6916406163,1.945140211495424,1.8817781659906647,3.663150369082691,2.0935522525615244,429750.8924582104,2.1862066831695537,2.0738984170564625,4.041090055628197,2.330389973514082,61.760714178633904,2.4270369414192228,1.7227832348765424,1.5827832312735215,2.0921824548536585,45.57341240225615
1325,BMO,LSTM,2023-05-01,2025-05-01,26,3.929127682825932,2.627480624314076,4.75737723404377,3.9276246975279903,579171.9968614957,2.824744105740628,2.0747810029410467,3.501202803851087,2.839412814342116,399148.6462850372,3.1929059149511163,2.283708266299046,4.016120858753377,3.2026468852141665,48.9082105677112,3.240820898887912,1.83333801715053,3.860956812630419,3.1651987780824244,33.76146570000642
1326,BMO,LSTM,2023-05-01,2025-05-01,27,3.5106659467641133,3.255395912370412,3.727217827851702,3.369235304456924,562169.2746315943,2.8805239135752383,2.687221728180484,3.1990647588512835,2.7699049844958155,422218.7867364288,3.167049486612982,2.892175094352881,3.5634043877501527,3.037169063743769,59.21024544553217,2.2517241676427493,1.958518623497216,2.1757665128474954,2.111374267657758,42.433877176083456
1327,BMO,LSTM,2023-05-01,2025-05-01,28,4.652011336359172,3.1623481150670147,4.747262777053398,4.4274616546359,604258.9869239526,3.623252475669854,2.404151114554784,3.5080472290561584,3.386664900330152,517149.58391949534,4.076408911764744,2.659711163570764,4.022953269162484,3.807345413443828,90.67422062349392,3.4636174574406944,2.3277405088653125,3.832056771236055,3.327559564491448,72.37628230854692
1328,BMO,LSTM,2023-05-01,2025-05-01,29,4.69239920533226,3.913939661086263,4.425927330158116,3.3657623268390715,577658.862248121,4.241284821090926,3.3321601150559323,4.0252419816641085,2.8553901098806365,417469.7791734834,4.614005464475437,3.574499554510572,4.432158728837119,3.1217156613026606,56.12856837667921,2.1563365761863764,2.18466547291647,1.9864650810905573,1.942593061408918,41.5368753188764
1329,BMO,LSTM,2023-05-01,2025-05-01,30,11.963118065248183,12.914958504970643,12.694652750347952,13.3120249871241,870631.9108923367,10.969594519481552,12.120878136570235,11.924762526540004,12.572629115506896,788932.2436489163,11.992894117898766,13.137752202378906,13.1566465648195,13.72827129541799,149.2643646749101,5.171240367531104,4.816145181721349,4.6978388976753775,4.696105746711106,125.0191047687158
1330,BMO,LSTM,2023-05-01,2025-05-01,31,5.7729827737686845,5.151157381392516,6.12147330287977,6.363551834235869,621262.8074347322,4.697554375996579,4.267659827157577,4.9667219927784485,5.348471359563154,389143.8080069423,5.263829864231757,4.698177515978279,5.650753117208702,5.9688213292278895,39.45148129363021,3.940681463632528,3.2479730562377505,4.274279699995794,4.005851479181547,28.315421533120684
1331,BMO,LSTM,2023-05-01,2025-05-01,32,18.12344708667773,16.968453456772647,18.310075444742488,18.455015911060663,568743.1574167832,16.364275631938035,15.122187033328002,16.576530430651918,16.75785957677796,457569.5550446212,18.11377690052442,16.521620623860205,18.593534307465205,18.514734190844383,73.26226528825313,8.864369822076155,8.536117213413728,9.019130886906272,8.75983701687056,57.41105610181639
1332,BMO,LSTM,2023-05-01,2025-05-01,33,15.768092024870008,15.79364387396454,18.06440929905932,15.95510757972362,725193.3567017235,13.715468215500769,13.789031185659203,16.111962622027125,13.955955093846358,663286.1907712121,15.198394751102848,15.067989920977007,18.067082813539592,15.43424522292319,124.65835666780868,8.74085604010133,8.486744008703468,9.357492506791,8.647205949517895,93.79690136680868
1333,BMO,LSTM,2023-05-01,2025-05-01,34,3.0948743003150527,2.832416666216503,3.935570866443301,2.940449015556876,567993.7637934751,2.569798497067688,2.41904528764996,3.626815062402111,2.377532003913969,430017.666254739,2.830167058014048,2.601993674572433,4.005356168263407,2.61753618491465,61.70214487052893,1.9770563803139776,1.5659989862414934,1.681578506161181,1.944394538514295,45.84053415113093
1334,BMO,LSTM,2023-05-01,2025-05-01,35,2.8306943228871173,2.5295740224155643,3.2028959781450097,2.779509054202414,570369.3493370507,2.174465293860348,2.226998378217629,2.415575015864062,2.219631726078175,406663.92055352527,2.4179704376447666,2.3986731854581302,2.7405051029835548,2.457592713694152,52.75528483725076,2.1454446871948014,1.281290405441959,2.527344586096266,1.93365039841482,36.97554102343072
1335,BMO,LSTM,2023-05-01,2025-05-01,36,8.332473111381251,8.599245126518008,8.440901623902155,8.672849071362554,620125.6590590519,7.360610292242629,7.75673445411997,7.344490464812524,7.678147407445052,503201.3556015492,8.01939935842148,8.388487950701112,8.05901551194515,8.352321874486773,85.30537994952337,4.223460218646297,3.97866828471262,4.533874599539481,4.338137024433985,74.01552035420522
1336,BMO,LSTM,2023-05-01,2025-05-01,37,3.6626282241821153,4.094877783606595,4.956851132154994,4.266719831711956,893290.7335982905,2.701993437527105,3.2664442430781904,3.759722152663602,3.196964133283549,690896.1924960153,3.042787339386819,3.606335704209256,4.302307177683846,3.597969286399865,75.34493697914047,2.9497902757280894,2.796752005771606,3.881818411112724,3.296968795721615,13.142376337865066
1337,BMO,LSTM,2023-05-01,2025-05-01,38,10.232367373198308,10.345810761818251,11.608064410289495,8.971354430441043,731448.9410502545,8.995749530964638,9.22471948654221,10.403717429849992,7.710545854529285,473190.18501538783,10.001438916975,10.094960448706187,11.71092897815928,8.572076586495553,42.87743359146617,5.640248265250686,5.249401409350735,6.096447292274312,5.247273939702282,25.323439063668303
1338,BMO,LSTM,2023-05-01,2025-05-01,39,3.4494303321081925,2.891319770934173,3.4039262730353395,2.967873237787792,578467.9592405669,2.2699996994239635,2.055159217324868,2.5340537256785125,2.216532608875938,399697.58201057714,2.5781652262135704,2.280060469687509,2.886593139724257,2.483568922552446,49.17299878880591,3.081680877608209,2.301403815744864,2.750321969383614,2.3243080125562727,33.958077824830625
1339,BMO,LSTM,2023-05-01,2025-05-01,40,11.260539050262931,10.90399854234532,12.019345056422832,11.162113049491738,557825.4063651823,9.871688784601073,9.538252211469976,10.523281950069276,9.818955176509478,441080.39467185736,10.963487955651026,10.438000199054306,11.847821127780428,10.885098009900524,67.24276196559138,6.202039795557352,5.867547992739695,6.74740131211114,6.037762350384165,50.17110364069365
1340,BMO,LSTM,2023-05-01,2025-05-01,41,3.114154766695989,2.825188983508472,3.327314306174946,2.920394566614442,572686.2598851162,2.5313443423875746,2.435067216055788,2.6740770420361253,2.2007896883151563,406523.85890396935,2.793217699118572,2.6215066922132504,3.0072046384482323,2.44513334721042,52.43263920097036,2.0918735575901173,1.5253323380018828,2.3389175206123087,2.201741046477732,36.83297231792789
1341,BMO,LSTM,2023-05-01,2025-05-01,42,4.657721671146716,3.9730896168066057,4.278587293302839,4.2702834144749735,570485.3825536858,4.149071671031252,3.3158217483739145,3.8356722205460354,3.7560341774707617,423604.9481553833,4.519570908289315,3.561681982971556,4.231678693321382,4.0836411109551145,59.209132271164165,2.284854903715517,2.3370336032247683,2.063013170280047,2.165557027414336,43.84312688519042
1342,BMO,LSTM,2023-05-01,2025-05-01,43,3.540892639156738,2.6476144620322373,3.624836955815189,3.022359749913216,564681.252490208,3.1152795746658013,2.2505843035757063,3.261668600177728,2.5443008155361744,420123.1651036441,3.408359215986319,2.4257265658791685,3.620516894638911,2.7913341623906565,58.13257964077665,1.875331966076626,1.4886188754007932,1.7972192846592991,1.8206538895186144,41.57698922385018
1343,BMO,LSTM,2023-05-01,2025-05-01,44,3.92068854891776,3.79526888248948,3.9194422779381,4.018610749393657,583744.9065764947,3.3466540275584435,3.1873600002725326,3.465206086664724,3.541867649719658,391154.8820097745,3.6592169359483866,3.42042993045733,3.8402043168870073,3.85227358708746,45.56020943371296,2.244271011297509,2.194482635749683,2.033317716663098,2.026644878453572,31.151108229733627
1344,BMO,LSTM,2023-05-01,2025-05-01,45,7.982837184950008,8.405676957167294,7.641056781780586,7.7659753339023005,564137.8229496077,6.968291658554127,7.56826844879752,6.40250808094087,6.551494132251249,442946.7445508639,7.588139398220618,8.177009024466317,7.02135289582356,7.112628926642374,67.73537999287058,4.209088582045133,3.917156937258064,4.548531359674738,4.501327057706033,51.76396491125382
1345,BMO,LSTM,2023-05-01,2025-05-01,46,8.949795958702916,9.13377553925872,9.29680069719306,9.68933809872702,601118.3423891349,7.86197294704747,8.178680820721771,8.090428816905273,8.641512951376042,391560.3974480182,8.566213799064482,8.846291862808814,8.884232424442624,9.406355451602808,43.427985170409606,4.628358861472207,4.364148954163249,4.992016906666595,4.714633409335487,30.42642414029102
1346,BMO,LSTM,2023-05-01,2025-05-01,47,5.646295829751676,5.616190606694775,5.662607227009185,6.472878392112099,721294.4571641389,5.105197148901565,5.0111091688531495,4.984955193607675,5.775586674609667,655228.3531604209,5.556517721428048,5.396742750224482,5.4611520937609415,6.254760533021293,121.21127758863166,2.5812018994388284,2.7001585011217664,2.9039180121675106,3.134108597890236,96.16252414578643
1347,BMO,LSTM,2023-05-01,2025-05-01,48,7.392001310090321,7.669975279232187,7.538727575539569,7.604830337555063,573997.2282898263,6.721709347159164,7.1724577226657935,6.733069655746215,6.92989989249689,392738.2438165446,7.313375229971545,7.742240099193941,7.373074215675738,7.522270651523194,47.200252106200615,3.313179686818605,2.8883171396766976,3.681115600990829,3.351129883635582,31.762524787136893
1348,BMO,LSTM,2023-05-01,2025-05-01,49,3.084231466887136,2.5422617958891376,3.201160707744439,2.8124447913964072,575182.8590862094,2.625314494138059,1.944208280140579,2.6185777559855667,2.3493507464368424,405097.4679547052,2.8850539463556224,2.1464451265938096,2.940120751289568,2.586908724690332,51.52360007624372,1.8636866018653588,1.864257344468624,2.1938718798572245,1.7714909505191674,36.03100203095371
1349,BMO,LSTM,2023-05-01,2025-05-01,50,9.365109165809397,10.900137792401898,10.198560980884782,10.748165129796671,564455.6586000483,8.450600820019146,10.360428276616576,9.396522139535042,10.042259597373898,416351.8966061871,9.213440133814354,11.207241377519145,10.33691654971727,10.943088342781316,57.12882551078305,4.373565023804837,3.628656883072179,4.283269361178714,4.097554961666108,40.93279972638349
1350,BMO,LSTM,2024-01-01,2026-01-01,1,33.95235904189296,36.50114284039458,34.58855720495242,35.416342482523035,371565.0120210999,32.17173957765387,35.234471773488295,32.94455997057801,34.02445448382169,319149.0813488761,25.240449064646427,27.486661250909965,26.03028660241663,26.721290452695943,83.40912600704851,8.047138236089756,6.89350348528406,7.789748058940205,7.215007767858486,100.8442668313758
1351,BMO,LSTM,2024-01-01,2026-01-01,2,21.499999716203813,22.456952466701164,21.64083531179216,22.713274113136457,373947.6105215629,18.94160423820897,20.13520699085257,19.017332684422453,20.41916602350468,334329.319174091,14.778793272434548,15.615698550506258,14.928390100706986,15.95312872050108,85.14583984909245,7.746943263768105,7.506164249600274,7.898429038755854,7.5569477277178,93.49820524201228
1352,BMO,LSTM,2024-01-01,2026-01-01,3,12.810784302963135,12.865045389988994,13.937581067636907,14.132568676804151,304843.61685637425,10.944333005995484,11.10320482123404,12.06917114159895,12.528951662470474,229135.7487099369,8.51908331113024,8.587633719604522,9.461572746443762,9.776351351324962,49.675059037688655,5.100648956277019,4.941074013035947,5.348975841112806,4.98514728802459,61.100522237854015
1353,BMO,LSTM,2024-01-01,2026-01-01,4,11.636843620042072,8.55797677060492,8.261247318300407,9.708146336538904,567039.8615669113,11.179697322748304,7.977168308428588,7.820024034237546,9.151329586992247,481864.9577988933,8.814435592962647,6.233857701700697,6.206010661856697,7.206956785899528,75.17225753006487,2.4059048189132497,2.327825663163174,2.014955339848926,2.443440627403776,14.94249930184922
1354,BMO,LSTM,2024-01-01,2026-01-01,5,18.705794006252702,20.35330381784178,20.584405958301726,19.88946037349961,492411.6952440192,16.429311799271897,18.33912169327404,18.474041698603205,17.905203543862612,456029.6803323428,12.81355524682258,14.224884433291225,14.522003960234803,13.987730706609414,113.9502462630526,6.8265608722103615,6.661222356422941,6.911618513913992,6.58349820746172,106.37981996064212
1355,BMO,LSTM,2024-01-01,2026-01-01,6,9.745983978949106,9.65688453532485,11.548467322812874,10.998250324992194,374374.83984151593,8.383896339215248,8.361349643882784,10.093336990956532,9.648369456905677,274632.112730369,6.529630951671529,6.46853096481719,7.91654943161551,7.52263998260634,42.59354534872823,3.790428604893616,3.662395178582535,4.297160905564771,4.031831717648718,31.39808712203392
1356,BMO,LSTM,2024-01-01,2026-01-01,7,5.192225482786197,3.690389883487829,2.02841245802158,3.905490873567791,348969.9103825126,4.816755260395676,3.217670289677383,1.5559580214496846,3.449977751009828,245216.43258318305,3.8553582235486377,2.493210829714768,1.2558134689395868,2.7679731505038694,38.81798401475943,1.6527846940776605,1.3604290399147927,1.0654067610254183,1.5408822637153734,33.89106417349178
1357,BMO,LSTM,2024-01-01,2026-01-01,8,9.744325450897987,10.833610430364574,12.617976954108252,12.985668968301924,392354.18198776606,8.481302309749385,9.385595047310408,11.147264774192122,11.6642256547731,356163.6022994915,6.613294547379994,7.260290908308533,8.75002863696978,9.108311138145403,91.0330179962026,3.641536033710989,4.108133673318952,4.51944724074701,4.340589842633231,98.03592819352586
1358,BMO,LSTM,2024-01-01,2026-01-01,9,19.472426439165503,19.87903658223078,18.76853463933505,20.0225083279464,311466.35469156806,17.546559648166397,18.061717512849853,16.537316403724958,18.271604983639904,238506.6605336468,13.709375678448222,14.017947548201946,12.981956516348294,14.287825125369883,56.63704527001781,6.394462639584642,6.244308448400178,6.788458809691312,6.19199596722384,73.93211144279907
1359,BMO,LSTM,2024-01-01,2026-01-01,10,10.769409362716129,9.38544687192844,10.25374964721246,8.486548278013847,408162.8077745008,10.460950949055986,8.990543115882634,9.96498961538191,8.029395286916133,299930.9848747154,8.257617343101131,7.035402010556507,7.920858962793756,6.326758544904622,42.755310630447305,1.906412693886973,2.0055345480484923,1.8061969574280987,2.0762119190412287,22.215754618693403
1360,BMO,LSTM,2024-01-01,2026-01-01,11,7.582640789070047,8.36041059201132,5.661927634489944,6.026667916543207,422715.4127897415,6.579629347348676,7.367046023900897,4.948308908018631,5.294307776879911,315100.3667555253,5.1256613621252765,5.703162915867794,3.8928209216475502,4.134372679861982,44.90181365724023,2.87242768082729,2.9946755524626245,2.091443294164747,2.179714698973101,24.49476783423191
1361,BMO,LSTM,2024-01-01,2026-01-01,12,4.688620782847181,5.046085583778272,4.59968925881491,4.263129084815722,309082.2286538883,4.166494621493974,4.441874424909559,4.05571790842373,3.773990256733411,249623.23732132712,3.2605133959731982,3.443469555197779,3.1948112710609315,2.95727870501218,59.60444251366105,1.618792093561,1.7976067301594696,1.6475408829061604,1.505653629966648,71.95201970589855
1362,BMO,LSTM,2024-01-01,2026-01-01,13,14.078178014234776,13.475680386989431,14.311509632288606,15.404585554043662,385474.55732402665,12.46990830308433,11.81667218556658,12.578155253780062,14.062786013612277,289543.78690354526,9.729245509457073,9.147059444448734,9.870291319573177,10.994921776548209,45.188401273523546,4.973242059292947,4.920751667793106,5.227133253464017,4.756006352982499,31.85967785430589
1363,BMO,LSTM,2024-01-01,2026-01-01,14,2.8397675081828395,2.5932091631022525,3.0575858380792096,3.369891630122148,334113.98387660243,2.143027801840011,2.065495442042653,2.7148318326035423,2.9438456841325813,238524.192477415,1.7305088044125176,1.644101805892752,2.1520000391696548,2.304676105109944,40.72772334670553,1.5517288428406324,1.2866439879199685,1.088133114361908,1.2436791317229885,39.19592210010603
1364,BMO,LSTM,2024-01-01,2026-01-01,15,8.441380528335433,8.621503123529846,10.913683679148823,9.47398333968913,373200.1566123297,8.088187547114272,8.282654207329815,10.687381045531149,9.129505147669624,333336.46807173884,6.3834450009318,6.487189653676478,8.503333746161239,7.2037428683221565,84.98457571076014,1.8247096597650725,1.7900729678354956,1.6553040350643515,1.9066020573032865,93.65759757643588
1365,BMO,LSTM,2024-01-01,2026-01-01,16,14.7186547164315,19.723570089253027,14.472897078059177,18.56251941524357,418027.72134069545,14.064505273074657,19.187261899422943,13.780167735232036,17.96524704428166,306266.3355160008,11.06610308812145,15.00314106510348,10.910291350660149,14.1446698108682,43.33461615899452,3.219047744813807,3.29784819983426,3.2998744993198263,3.427885716348292,21.95743546523631
1366,BMO,LSTM,2024-01-01,2026-01-01,17,10.886200284533382,10.654405153470991,10.861509756128031,10.637405414975856,305097.5276669546,9.296768810840812,9.181817691247744,9.248499067753354,9.231314898295704,231323.7674913307,7.235832016976744,7.100578059080388,7.241890365281693,7.194106270759974,51.32087983010679,4.33691646919077,4.106967728704793,4.375464027289197,4.036964585665137,63.94442321763299
1367,BMO,LSTM,2024-01-01,2026-01-01,18,3.380250641531413,2.786085262936099,3.0019417686693446,3.499231400003739,439306.96670253214,2.6590260374745984,2.397222272441601,2.251971809845853,3.0600009367375303,406147.3778216044,2.151119365428352,1.8743700578230065,1.836915759090978,2.393286565369447,104.17510231533154,1.752738904474211,1.0960312237550582,1.665923071877955,1.2843213208535458,107.50275719085074
1368,BMO,LSTM,2024-01-01,2026-01-01,19,2.820059667755288,2.8535186806351427,3.0382287959087546,2.75385746317407,301863.38573314046,2.3870098588797566,2.473715758894841,2.700483483445232,2.307056083553213,234219.0825920304,1.8923379027306588,1.9373949697632828,2.1481210625448828,1.8251732429355867,52.51012496773585,1.2025813181012524,1.106950299002461,1.098065533395933,1.1977937087423165,63.552047356269405
1369,BMO,LSTM,2024-01-01,2026-01-01,20,21.19574520955548,20.95750054657221,19.88207908499153,19.993124505527696,354561.38626899815,19.33250068260164,19.182001989466578,17.697662321754628,18.030285378963853,264515.80301851034,15.119160997855015,14.896288645102842,13.903685950166745,14.088094515337255,44.90438508691216,6.552378558355231,6.329324014496857,6.909175653014758,6.558834113776654,38.99295826995382
1370,BMO,LSTM,2024-01-01,2026-01-01,21,24.822422260286487,26.23436276032665,27.354662956994343,27.80177221145286,763704.2230726536,21.83881332045469,23.860890245891586,25.179911433013785,25.601031242340262,692665.8618160089,17.037101741570524,18.522274132339085,19.834521312622144,20.034913615398995,171.76893833458834,9.003567550960877,8.201970950875426,8.057109950821326,8.174710081987275,144.3280223612017
1371,BMO,LSTM,2024-01-01,2026-01-01,22,2.624808222450088,6.55586238661099,11.083182334801352,10.478453410665113,397363.27300885937,2.1412281282630845,6.249933584322032,10.90844593104736,10.231813257561742,361521.8667883674,1.6899218911380187,4.902701820283117,8.688486171850109,8.083832732682867,92.49661724705712,1.1875195272871335,1.5067367115689565,1.4905886189874007,1.7067013038458425,99.27499219956808
1372,BMO,LSTM,2024-01-01,2026-01-01,23,8.012077114593197,8.00585357915813,7.507723125109478,8.433228021219582,439612.2254999208,6.924677659794128,6.948199020677598,6.476538231033476,7.34113258718603,333994.3380850181,5.394035957752288,5.375415355657174,5.077740407913681,5.720882243516414,47.61057519131662,3.06960582536892,3.011330598427312,2.894798825317967,3.1688075804617126,23.226228549893023
1373,BMO,LSTM,2024-01-01,2026-01-01,24,2.190733718933765,2.904798970661223,8.417419320726385,7.84892547248848,1074841.701583083,1.8821783691306029,2.608323496538756,8.26700880431999,7.681892708235122,1029781.3785173496,1.5037511478588983,2.06414483452924,6.616528715131071,6.097899676827967,249.64273248638293,0.9318439677343168,1.0322145541558705,1.3849164678303525,1.354645422229607,205.9506405067982
1374,BMO,LSTM,2024-01-01,2026-01-01,25,2.4839497603331946,2.381463213019442,2.61005408421675,2.32788050325346,385109.39816321473,2.020981550474884,1.9213776137607943,2.255312854025288,1.7669546941214471,347827.7401943008,1.6047978998792205,1.513429727400348,1.8003105060303732,1.4115867392026538,88.86656749343655,1.1569733439292151,1.1149332625603738,1.0513174167725383,1.2346146605153725,96.55387086824769
1375,BMO,LSTM,2024-01-01,2026-01-01,26,6.172096051774849,5.8148608729420985,4.37228342493827,6.053162370786776,301406.6221869991,5.97154659451815,5.5954627425032735,4.11517493475791,5.832105153413007,224671.97800939283,4.737548500844936,4.402580285295662,3.29643401296344,4.6229149826630005,46.67948051911651,1.2588069496787648,1.2455607047746549,1.2085687778119822,1.2928161736145554,54.9565296598738
1376,BMO,LSTM,2024-01-01,2026-01-01,27,14.483110086162837,13.766262874812488,13.43519461427812,13.50400334479298,407830.1197469352,12.79860161286499,11.956489011059976,11.50778895234008,11.76504539681661,373386.3234577576,9.984574468175248,9.250275721724856,9.014601255334034,9.170499628684375,95.42602164473382,5.1617976301849495,5.190370150314122,5.332220973291316,5.071117245257161,100.8368965208956
1377,BMO,LSTM,2024-01-01,2026-01-01,28,21.78622439539364,21.20234085263377,22.17644611532345,19.729604894973885,365367.6741562102,20.91223722641029,20.28989572122942,21.356057387320927,18.810037440630307,247824.7018118451,16.451425142623496,15.83745352422409,16.91741621334875,14.787100407346705,36.39464822157852,4.494672702631672,4.517997118477876,4.388235623315072,4.421783018276339,29.926524570512903
1378,BMO,LSTM,2024-01-01,2026-01-01,29,12.305097810864078,14.106697150003557,14.056815639121076,10.715689600409318,323157.2254972161,12.083170014416064,13.833321554238346,13.860288903191163,10.424023279225157,268108.567460527,9.542634768745092,10.832463692616006,11.024346987903378,8.220980433427101,66.4357415750866,1.714678436962587,1.99135486892104,1.7083092067559116,1.845313609677076,79.27111514298741
1379,BMO,LSTM,2024-01-01,2026-01-01,30,5.954013274955559,8.649960359567755,9.592059718340826,6.874829472622203,403412.07524701697,5.267608405116844,7.570986295971831,8.482346302970925,6.035681333102457,295805.32564245164,4.121566627981912,5.858622322699151,6.657809824808404,4.710099907948805,42.74900160289014,2.094822106214818,3.1741699884522254,3.419730385055496,2.4943206374723514,26.17270423412652
1380,BMO,LSTM,2024-01-01,2026-01-01,31,3.4679938162633217,2.9026538354828726,2.941457017337239,2.764253665195453,414489.0075092544,3.048909788444369,2.5114948229460863,2.311815139835113,2.328498305808913,305547.2115794693,2.38791464420074,1.960746486240951,1.877935475070748,1.836228356877128,43.37520474366008,1.24912174489417,1.1162669351570187,1.528735697476484,1.1692617449298903,23.1313960507944
1381,BMO,LSTM,2024-01-01,2026-01-01,32,12.517015783263652,11.30569085082919,12.083994708310192,12.615550001576358,322022.72249228385,11.008759613046571,9.802860958354549,10.42126582425302,11.213820346821512,259613.70058804748,8.584416830587468,7.583264254705563,8.166287579082873,8.75041833811676,64.85453194064938,4.542526653174436,4.2779757341768345,4.701412777747029,4.4070793149396845,81.16157603030751
1382,BMO,LSTM,2024-01-01,2026-01-01,33,5.145283346403711,5.019219559888836,6.02986336024984,6.290621360530973,354545.70377622766,4.833359953367883,4.697893955923691,5.800366300340073,5.997048242459277,312036.0983158151,3.829449800685844,3.694783726938869,4.63052714843717,4.746212771003873,78.93587195248585,1.38412705151793,1.374968171089085,1.3133428929418596,1.4810560820839682,87.6916460030075
1383,BMO,LSTM,2024-01-01,2026-01-01,34,13.30112632182746,13.64817399146193,13.746411294566036,13.64780674551604,374511.6536404983,11.470832516544458,11.905818328553634,11.930738571219086,11.978569903498675,280113.3647939563,8.934364621766852,9.214084434948424,9.354658932915468,9.341154631388086,44.75010301309441,5.151405208493805,5.069235434806278,5.234932816406236,4.995717884203589,33.46397521041212
1384,BMO,LSTM,2024-01-01,2026-01-01,35,2.652140787234161,2.4219343695137714,2.6313190591437525,2.566823829146296,403406.22100427,1.9485495008737856,1.8739436003400105,2.2834272822372066,2.136344977944221,293549.9078987539,1.575048214730695,1.4951251714516136,1.821774442679019,1.685863156737645,41.86966702109613,1.4940967281459043,1.2591075973419263,1.045467159798585,1.1183120923220178,25.11025673223537
1385,BMO,LSTM,2024-01-01,2026-01-01,36,8.912219716977232,9.206725838429676,10.33569519157724,9.745532645665891,609768.8994845325,8.571354278581605,8.88524824090869,10.047926863711734,9.40816563835856,527732.9307716215,6.761994336832827,6.957343782814177,7.984950895791322,7.420481101101256,85.42053151451992,1.835946717736256,1.793868778873196,1.8087689589622544,1.9056992059011832,18.16155957350621
1386,BMO,LSTM,2024-01-01,2026-01-01,37,27.29575694167673,27.249531696341453,27.08029582704357,24.175412293075205,356830.5886202325,25.52139669697988,25.39508812825809,25.203718207524844,21.77800076359837,309180.07262885565,19.998896735702107,19.748137192788143,19.87070005618516,17.015300309639674,79.19793612952652,7.221535256419006,7.356412939523639,7.430797002308398,7.9812117063476515,92.06966234234449
1387,BMO,LSTM,2024-01-01,2026-01-01,38,36.16374275624512,38.3100946900102,35.91358863665251,35.92709350872,316384.6043945941,34.01580054534736,36.63101096265316,33.96548383119885,33.812327952944095,243617.70432184145,26.670024748804128,28.54919506815161,26.81873336707128,26.505414139360425,59.53001030110847,9.137290303798776,8.209528884016098,8.669834649964887,9.07287627938662,78.69516364593555
1388,BMO,LSTM,2024-01-01,2026-01-01,39,12.947532345191629,12.265481019437644,12.519733831877303,11.684980030911872,431666.9659971093,11.24825942760146,10.58799974922606,10.71999867129312,10.131105407897197,398122.47904906666,8.76467591877636,8.188985673348661,8.396990266273528,7.896152595044276,102.08812942570592,4.900355303431749,4.707510362776564,4.973088393157391,4.445544272423589,106.19305801437385
1389,BMO,LSTM,2024-01-01,2026-01-01,40,10.12408891977684,8.775427069292435,8.86482333268992,9.254261178719917,345546.7388508736,9.881379031420408,8.479205468337858,8.601562656285246,8.98408588809807,239413.54942801097,7.806402259614903,6.642734009743865,6.83936718776086,7.093161851268774,37.93370866904597,1.6515829942259943,1.6864418300460913,1.6185462251478508,1.6727807778594974,34.44648683657223
1390,BMO,LSTM,2024-01-01,2026-01-01,41,5.663144995621995,3.434542783139157,4.685727816505716,3.338027450141462,453749.90628499247,4.903723165046241,3.007928357949798,4.045458059772911,2.927176593481484,420405.9028644362,3.948736574298237,2.34170988911463,3.1724137030541137,2.3021710053132067,107.84674424581826,2.3919040237357985,1.255684586001914,1.8006472969223024,1.2387024974835703,110.1040272096064
1391,BMO,LSTM,2024-01-01,2026-01-01,42,13.838680011669034,14.1016030058262,14.428201617172526,14.41574584747736,359947.7220416895,13.255195155274697,13.509058939350208,13.929181017945218,13.847486111789763,251688.94935324788,10.434446897540028,10.553793279515414,11.045215420191154,10.900301572724029,38.630658862007024,2.946526085796928,2.979075997992611,2.7763007234114667,2.971729011286268,32.343071063077424
1392,BMO,LSTM,2024-01-01,2026-01-01,43,22.488365178484944,19.890093138215462,23.073278532099703,23.48425798354674,301450.6220931674,20.976239718396545,18.251605912182686,21.620646304746284,21.87277812635081,233082.7623877426,16.465570493810638,14.20722702687463,17.086812655775148,17.165526495853495,52.25714755439314,6.062459391839847,5.925146652723145,6.024196810833877,6.416602152405909,63.56669253128724
1393,BMO,LSTM,2024-01-01,2026-01-01,44,2.127735229126629,3.128326130130547,2.7922340284151006,4.406592311070109,313275.8930378322,1.6215808520132868,2.749167128968859,2.3567630917037365,4.056869943909168,257475.2664540211,1.3052508096123578,2.1898511036615504,1.9117335667118425,3.2428575620710656,62.29283428474922,1.141646342202569,1.2454233157537808,1.2711783065443971,1.4438616422858337,73.94901702192286
1394,BMO,LSTM,2024-01-01,2026-01-01,45,11.61291716790635,9.335515091858394,9.290535252712118,11.62712597336924,425243.3801930349,11.20766470738855,8.860723212025977,8.891657981488946,11.206878652112756,317545.6620392452,8.838498642906,6.929014772357879,7.057992204466324,8.834534307489736,45.29321142886894,2.2586657687234224,2.193596380704125,2.023210390626597,2.309848864821146,19.867941819043715
1395,BMO,LSTM,2024-01-01,2026-01-01,46,2.134448176345922,1.9350951175699704,4.951649571792631,2.126429300384056,309210.5602726513,1.6341445091450362,1.4859593128299025,4.507189513704804,1.6617785321949972,253208.0587617556,1.302418162679665,1.180128247076237,3.6407828631778543,1.3350836805917876,59.95292858937913,1.1064332751221029,0.9996410503677902,1.7522325237391736,1.098488261787117,70.16524226771097
1396,BMO,LSTM,2024-01-01,2026-01-01,47,11.827676718485026,11.25231428249931,12.582584738016774,12.560696744220316,337412.3690616125,10.122627046812374,9.6934805914395,10.870712009606558,11.046629109183126,287165.7836969196,7.879710118671883,7.496570119368566,8.519999897234435,8.61475792400431,72.33893833658063,4.685784466462929,4.341675427057656,4.865286404586308,4.565123281292205,84.84975289596706
1397,BMO,LSTM,2024-01-01,2026-01-01,48,26.63754598760435,25.00075455523184,26.727116076203583,26.576173548688782,430157.598272488,25.26045683613814,23.73083381154732,25.575340807472056,25.192843165232503,317574.75117939216,19.842998206433187,18.503539735835524,20.240023841525893,19.78541938470107,45.69764937570858,6.274433201749111,5.809148069430032,5.732467905159823,6.303153922499797,22.12134092679572
1398,BMO,LSTM,2024-01-01,2026-01-01,49,13.069945051627435,8.49074001900186,11.662220198355246,11.834869269747475,302446.78851659986,12.63592374388844,7.998735768924391,11.258729892909066,11.365293711985654,226519.8970185717,9.962415941704627,6.253348572879132,8.936391516262395,8.95516532919945,48.46732973627036,2.4676970100036586,2.133607205096895,2.258617567438748,2.461905303276608,58.96905136928693
1399,BMO,LSTM,2024-01-01,2026-01-01,50,18.67918177755163,19.79000657498995,21.15473946315311,20.664315550201103,305972.5343649921,16.284024818678922,17.602173600220038,19.16657211924119,18.708088368031007,234746.14333619675,12.69498525638505,13.642355861224742,15.077886066245478,14.621925491920118,53.8591358598714,6.988224829420801,6.844734264953252,6.787626086762949,6.653759331429006,68.11554725666916
1400,V,LSTM,2022-01-01,2024-01-01,1,47.70610680606618,45.50323290711201,49.2046719884576,48.96186764763395,2801367.1739404947,44.552253752227934,41.92811308996553,46.1023249244189,45.849904258678414,2311571.301288009,17.664226107994327,16.518565402514398,18.37725896327989,18.15654773439685,60.12506135749278,6.604514142291438,6.8303751075504415,6.685068685893906,6.647356604378367,71.96132557511046
1401,V,LSTM,2022-01-01,2024-01-01,2,8.972690216692643,8.649654820124487,9.941463173329144,9.358726202234784,2645428.842515503,8.593667066151575,8.237997615527338,9.61232083586438,9.041939702391272,2114873.1003685794,3.410072495223214,3.249140762065982,3.836521497851384,3.584840552444123,55.358869026379885,0.98305520855394,1.006556315576469,0.976236446980252,0.9190994310242204,70.18563460509421
1402,V,LSTM,2022-01-01,2024-01-01,3,63.88032092869085,60.22271943587284,63.25071626472596,62.43634521808138,2512641.034903384,61.69107525349517,58.06033975855486,60.89664226590867,60.19643217508007,1992878.512961269,24.494680270199613,22.916554601112534,24.303974998899143,23.8664952225497,51.33206289999643,6.3568263490141135,6.103067574952867,6.605471870725242,6.360970421372237,65.95397484184674
1403,V,LSTM,2022-01-01,2024-01-01,4,27.70653963889729,26.884181617988485,27.17803061478218,27.35376887592934,2322264.616999659,26.03335267820678,25.22368005479581,25.43842558778784,25.699357820547608,1711590.574058493,10.323070099389874,9.94332680443172,10.139044479939493,10.17733884184635,36.28320492547951,3.659066792474856,3.5736209629204305,3.717741011780556,3.617889895612908,44.02000175706221
1404,V,LSTM,2022-01-01,2024-01-01,5,16.116779951133072,17.09880495335526,15.690981554914604,16.56800706961681,2936050.3465234875,15.402776812952869,16.42756716845436,14.92848892436924,15.915368534687037,2197677.561652561,6.111128661895707,6.481821601410837,5.953397522243781,6.307844323044192,36.64268076433158,1.8142631067280248,1.8027347995828007,1.8687803702391843,1.7599017151505951,27.60989609789803
1405,V,LSTM,2022-01-01,2024-01-01,6,22.54213935625464,22.060532041133275,21.52447766171773,21.68997903348411,2905928.314479163,21.15061628794724,20.59802490281137,19.98373817750314,20.22942830819421,2398263.533609311,8.386081694445473,8.118140849770587,7.962170956771943,8.00873038430018,62.96157463790036,3.007310447711082,3.0371105445465023,3.112569557179143,3.0257064512202327,75.89704615062483
1406,V,LSTM,2022-01-01,2024-01-01,7,24.826155587006514,22.692785983701,25.608332622059866,22.596609671351818,2273275.614853408,21.785009160846418,19.707960279442823,22.44371582566357,19.399733236369208,1709570.2937648694,8.626852193187558,7.75528711470514,8.931580160323975,7.667246243555552,40.98617238015672,4.664349936894697,4.382416690131693,4.844555636551169,4.539153999179497,55.33050401038416
1407,V,LSTM,2022-01-01,2024-01-01,8,15.621361899057462,18.15377882256669,13.723853931265534,17.648751485368244,3689950.7076276857,14.553622981587417,17.277780583902366,12.515258507386632,16.770737733161855,3047579.959014952,5.768172301923896,6.814424635430777,4.982651897416866,6.643743155580976,49.29220963677543,2.1917231924534466,2.1275015308205534,2.203450169219755,2.1135122810065585,15.758891957479207
1408,V,LSTM,2022-01-01,2024-01-01,9,23.369683850497168,22.57676331638022,20.69697909060732,22.338570071833104,2722781.121810727,19.999262813094106,19.03507552343388,17.069529938026538,18.626410579984448,1944075.6607040763,7.915998727561906,7.486330177990521,6.783021158230852,7.35763109567104,33.91487996385415,4.736941092859427,4.73027174183254,4.609212442037413,4.831468416541473,34.57558486375279
1409,V,LSTM,2022-01-01,2024-01-01,10,27.528594315400493,25.52288229090452,27.469030827688567,27.80971959137236,2796930.521796764,26.325110850832623,24.22719047063093,26.341256744226847,26.79902596400796,2269105.929792126,10.44603135925352,9.554507621340273,10.509508999260689,10.623775521323676,59.70918938122581,3.092897231780517,3.079685445641926,3.0092227992252507,2.8438982921323963,73.54049692642835
1410,V,LSTM,2022-01-01,2024-01-01,11,36.56276443748296,37.1830818755594,38.38027087496208,37.959429709047775,2315531.5661658417,34.45822278303696,35.20178454077848,36.417575849609584,36.04735599293637,1752168.9105252426,13.665927755391056,13.882185377503903,14.52365952227273,14.281759898000152,41.4647416173321,4.722779736863798,4.593591277957641,4.696548002476418,4.583906247071832,53.1216746124186
1411,V,LSTM,2022-01-01,2024-01-01,12,3.556765543063694,3.8998328032284313,2.737550100566832,2.549919017699008,2319878.158608529,3.028376582301856,3.339774145279577,2.165621689089639,2.1095113953139863,1669854.1986072063,1.208938440707713,1.3258156070212157,0.8701678723914592,0.8344420557084623,34.88064010715991,0.7419179072428361,0.7975805183424081,0.6760169106865973,0.5622953887200549,43.72943102314629
1412,V,LSTM,2022-01-01,2024-01-01,13,65.86895501687503,64.69621255610996,69.74218507230245,64.90191960435946,4540012.409950433,52.54932778964537,51.93380620544838,55.79364521617888,51.78955736986364,3715253.2348756,20.76038879678608,20.398159461314503,22.15077012339987,20.433845555086773,67.86577788908077,15.580602121153811,15.046144399166128,16.469716546894798,15.333259280623665,39.86878326023199
1413,V,LSTM,2022-01-01,2024-01-01,14,11.219631254937497,12.197874732308748,10.430997804267722,11.726452848497413,2708108.642956088,10.779926573033489,11.800525547832905,9.975970455594869,11.337744153708028,2177920.6315014763,4.277998980934392,4.657753348308731,3.979231407926569,4.494931521883654,57.14438575916364,1.182715564398309,1.165680597301232,1.1776978779252445,1.1382824190493412,71.7024643892079
1414,V,LSTM,2022-01-01,2024-01-01,15,39.02379921493444,39.80229394784413,40.708483377192,38.22673709173263,2379560.7413926264,36.76956099540383,37.629787088614215,38.444510223550296,35.77621449618968,1806251.070216298,14.582734090465983,14.83894238947611,15.329260517107132,14.166512071217792,41.31967858225261,5.048787070507558,4.978526141912182,5.1936806285234205,5.212164679901028,50.64195984078987
1415,V,LSTM,2022-01-01,2024-01-01,16,43.46726597477058,44.6248158001254,47.357242480385366,43.61077455082489,3830751.5685243527,40.63342539079896,42.04784974905214,44.865348215586685,40.72574143691381,3344061.454229952,16.110629856191554,16.57925809302312,17.89185303625892,16.12533304391842,86.31287409589386,5.977009474206798,5.742954342847629,5.876070727180164,6.042148055934995,90.98534760633942
1416,V,LSTM,2022-01-01,2024-01-01,17,8.060122852345826,7.432697694696635,6.721918287052223,8.669058431891084,5179982.716960514,6.102763454098279,5.707849598022507,5.565754614369721,6.682038387342556,4649278.896238593,2.412505540950837,2.2444054256891373,2.2151909756596204,2.63768846430598,80.55310844174149,2.0718031340951555,1.858610112304724,1.4808015832519548,2.1677370430464884,17.773728441210405
1417,V,LSTM,2022-01-01,2024-01-01,18,36.08401210796726,33.60990191164704,36.59426503794325,34.022545337139704,3539306.6241093245,34.140362340240586,31.45781708360682,34.63918810049178,31.795882841448936,3110682.7567768106,13.54193019506492,12.399751452884988,13.812856121754288,12.58920640333914,79.68283679860282,4.506449352136724,4.556847643077042,4.577249870056793,4.690641817835827,87.61053053426384
1418,V,LSTM,2022-01-01,2024-01-01,19,4.786051206013269,3.083318614355269,4.191106247782112,3.134876795212923,2677429.538372528,4.218812233483662,2.636173201986794,3.589486498236373,2.499039870766948,2163201.9700872903,1.6847565438947074,1.042400323290296,1.4421601209836623,0.9892967824138726,56.33402131041873,0.9037633444255144,0.6296367390766531,0.8743962573553927,0.7442121313423637,71.46424080613595
1419,V,LSTM,2022-01-01,2024-01-01,20,23.202541826896343,23.651724735132333,23.490424517453743,22.557943981647163,2332861.3797364454,21.818368804119224,22.373566890202785,22.05886944551672,21.16758700177692,1789192.310006817,8.651491902895113,8.82250880920002,8.792929088055935,8.38197770281433,44.1802145307202,3.044319655350391,2.937395704274796,3.134261957691449,3.0108975158395244,58.20287720796684
1420,V,LSTM,2022-01-01,2024-01-01,21,30.65847377662144,33.68408338561731,35.52463138241547,31.73130253656467,2341660.6932007093,28.364455045249613,31.896778951838087,33.818477676740216,29.643178159270224,1771999.3401644628,11.240987114701934,12.57884633399243,13.488864545153726,11.736782355446389,40.0671887126592,4.514944183212319,4.149796995296285,4.206143655727504,4.382946636883996,49.29114267234948
1421,V,LSTM,2022-01-01,2024-01-01,22,22.7224882022446,26.173655034045,30.09867250631592,29.85987990965774,8198472.813263121,19.16440549998798,23.07335917651444,27.065729044164428,26.60169035980453,7791231.170237066,7.581428941168301,9.083275944085964,10.778970112367508,10.52331623080785,185.05682733753173,4.796143294499303,4.804961811166147,5.157663318114384,5.294852328736376,145.43826585181966
1422,V,LSTM,2022-01-01,2024-01-01,23,5.672719076566572,9.184834748595163,10.003389851463586,8.162912325887927,2269311.663042217,5.239731524567637,8.929179483331655,9.803186150467068,7.910606476187849,1701523.2108014822,2.0766345630196787,3.52600888219549,3.916596236707759,3.1373268489004955,39.142269409625314,0.8399088982307854,0.8110371565434716,0.7593558924781342,0.7661319664594209,51.4003677714722
1423,V,LSTM,2022-01-01,2024-01-01,24,3.4208865518526603,2.4213194615717337,2.537729513532431,5.669955103565116,2706604.06081937,2.7214659354771387,2.207809512984181,2.215435135003747,4.782822405001642,1944909.546611309,1.0785457924463309,0.8739948833235065,0.8875293280814038,1.8932349467737744,33.834839858934934,0.8183142038783188,0.3918473191693007,0.4979218991822659,1.1960980819229976,33.20780974548643
1424,V,LSTM,2022-01-01,2024-01-01,25,18.559307038014417,21.739896855264035,17.06431850809069,22.5219011382714,3238753.7431680886,17.352834461714647,20.748715439230736,15.762111549302684,21.667558449765547,2772165.403257609,6.878736266700083,8.184587436590531,6.278541709327766,8.5887462469888,72.16000948751336,2.542852663309868,2.477299956950143,2.550825440778375,2.347780706075868,82.15630280366743
1425,V,LSTM,2022-01-01,2024-01-01,26,19.0034529631149,21.35491686407597,19.46475534613096,21.352413998484543,2330013.1691523823,17.92135622166488,20.45425395320419,18.42811226765223,20.4897071536478,1796066.5796919663,7.106487419862141,8.069652755567477,7.347716373267395,8.120683770939662,43.67690262347082,2.438183572832566,2.3401277340376514,2.432760211930405,2.3025141676717307,56.282260184447765
1426,V,LSTM,2022-01-01,2024-01-01,27,3.760568229793894,3.1203680119325927,3.8406926222176687,2.857423384261665,2266460.305924965,2.945926394690852,2.5270088495151595,3.239565822808414,2.532305678449753,1708263.3571026723,1.1668122910328669,0.995769134362861,1.2906289666958846,1.0057058378693813,40.41826821220082,0.9226617157743692,0.7151789736092838,0.8138222596856524,0.5217057041698505,53.72527036503666
1427,V,LSTM,2022-01-01,2024-01-01,28,21.3115697819011,16.763421736981165,19.533997483812406,18.967947726358176,2528441.964242446,20.467096927884217,15.658346118411634,18.60382787794823,18.04439707215913,1998364.6702528,8.122713028794363,6.17070152882644,7.419692665322825,7.148653448191694,51.75713945693533,2.2693491444100085,2.3032720308739414,2.302731981598196,2.2484541854225526,66.81087782749805
1428,V,LSTM,2022-01-01,2024-01-01,29,35.57467728905803,33.413041611117286,40.719247124411375,38.73635234414031,2713360.565209929,33.70523759647235,31.257081473844483,39.30520509564026,37.22365019178923,2190059.5425377293,13.369917331167114,12.32018657508662,15.687823200835808,14.755216445229022,57.34423334811706,4.391362897534929,4.55214076029998,4.0878068467436535,4.111129498007012,71.66685439754328
1429,V,LSTM,2022-01-01,2024-01-01,30,26.5908345767076,27.22333116665521,29.72695930465726,28.002221478301504,2380008.271719876,24.757888076448783,25.49368078156133,28.147063472220285,26.408115261708804,1852773.332318664,9.813705857586166,10.048957191978712,11.223872661727334,10.459474119010178,46.4947983469336,3.754841440451764,3.6718505761884783,3.7033185994217,3.5932086055230643,60.74464859169749
1430,V,LSTM,2022-01-01,2024-01-01,31,32.41179442598289,31.34447647657859,32.069988397663074,31.72083130658684,2461702.987444065,30.900068166758544,29.832320938800247,30.50882462987973,30.344227294171795,1953045.8129914603,12.26022480086927,11.76690494788779,12.168168438596522,12.025513646985162,49.75865910492069,3.761989737894178,3.682093780317389,3.827222657670763,3.549955906529341,63.50855574993039
1431,V,LSTM,2022-01-01,2024-01-01,32,32.93589221150041,36.79820954664368,35.8467547353962,36.97891064748276,2558285.107765145,31.032110441776343,35.21405062168649,34.161015262597864,35.497723348523024,2076255.6898393235,12.306514600997795,13.893281325782777,13.6259225833634,14.0702479917918,52.92854329103699,4.266036311227288,4.080646474298924,4.20421596694843,3.974168562581778,65.32544381111786
1432,V,LSTM,2022-01-01,2024-01-01,33,26.76365424402823,27.14416518141665,27.44483427236005,27.47201620836492,2280823.161220248,25.31562031575469,25.71869988670112,26.01688481914269,26.10586429433625,1725087.2305635612,10.040784662737382,10.142294668977742,10.374800266398363,10.342687531434388,40.90927674895176,3.3467234836294955,3.3257166633080946,3.385656559082441,3.2939266914737177,53.55409869442613
1433,V,LSTM,2022-01-01,2024-01-01,34,31.185422882286804,29.318858526177507,31.65655646201238,31.411961580955627,2510068.6404353874,29.64590066086956,27.67811720351952,30.18020160123077,29.882523493688275,2002269.03335174,11.761011169840064,10.91316725465292,12.038185619432708,11.839557444941676,51.45153189913724,3.729421666905553,3.7184328280154695,3.7022605594887055,3.732892120039039,65.29835587941348
1434,V,LSTM,2022-01-01,2024-01-01,35,42.53034517738209,41.40572210094091,41.90451183467959,42.680743974809154,2430286.229970116,39.75547918794168,38.43823328133088,38.84552027066493,39.93895085921035,1873969.295200507,15.76277215751955,15.147720874203925,15.47821995536408,15.81542699338331,39.36129719117725,5.8461645957241695,5.934199913613623,6.123361442603453,5.821655566256172,42.714676265440616
1435,V,LSTM,2022-01-01,2024-01-01,36,18.029101723331937,20.28058532120984,22.09447999207889,18.667657735393338,2452040.2152837333,15.219374148539506,17.825370123767335,19.406965275261484,15.856500714832668,1719353.7098697822,6.021920473046436,7.017556425221391,7.724065163015672,6.265872831486272,32.91986506696251,3.798352231749285,3.7637505347270417,4.148978524830027,3.8624044728967335,39.87551484608331
1436,V,LSTM,2022-01-01,2024-01-01,37,31.023612793870026,31.23060227283849,31.55152118917337,28.67523917288372,2516432.1587871453,29.537428409057235,29.836962601874927,29.96681133793017,26.949971782625205,2019666.356603504,11.718801243605927,11.770716322552136,11.951085967789844,10.672453193263353,51.66272383717201,3.649227405695492,3.524977201833324,3.8266130683292254,3.788518763671794,64.88853020600168
1437,V,LSTM,2022-01-01,2024-01-01,38,12.75804271607744,14.625913611560987,12.82334503423986,14.407893420296698,2304593.4877934805,12.058274296911772,14.006834676351984,12.183757757841496,13.84743185647025,1671863.739874959,4.781571910255778,5.525657997443689,4.858375128121375,5.488244431920219,35.66037522503102,1.6017522225004817,1.603840751887808,1.5494778334463049,1.5209680983888867,45.0278427942004
1438,V,LSTM,2022-01-01,2024-01-01,39,22.147309950290868,19.91073471347784,24.84405300272008,23.141348125374552,2565650.836765298,21.02696932147359,18.606524148404027,23.851872495293083,22.138430229757287,2043338.573742509,8.340727737982867,7.33299598870987,9.51679261881771,8.773118449114698,53.023202315887694,2.673454569996326,2.7270621236675825,2.6752379951479446,2.584753467348291,67.60188096690808
1439,V,LSTM,2022-01-01,2024-01-01,40,14.924936634052052,18.991831857295352,17.798238054877412,16.056501751812135,2299173.191268314,13.9679631495714,18.25863251152701,16.980912820136393,15.215351756959087,1751889.036150376,5.536820834577752,7.204655685020313,6.772882716258587,6.026729069281305,42.21941320390138,2.0287467672576187,1.9856154453481216,2.059956585792653,1.9739312611092288,55.2830580215122
1440,V,LSTM,2022-01-01,2024-01-01,41,1.6110270173559746,3.930321878708433,8.740755984318508,3.337570748258796,3529219.43823365,1.214212114101097,3.660175714353585,8.64038205226775,2.9919786376942,3053330.1176353307,0.4830207227124372,1.445593381307856,3.4569460201949704,1.1855799994557186,79.27190993042719,0.4160330474311214,0.5538662320745079,0.5100308112088062,0.5770483017420274,86.69421387713936
1441,V,LSTM,2022-01-01,2024-01-01,42,51.42064378261598,52.22254340902008,54.38334446787298,55.28592067394879,2683086.9372183126,49.1979843233612,50.24218811461517,52.32430457228416,53.70832388876792,2162805.9048175816,19.525662588239488,19.828871288050763,20.88283581050687,21.30244365792552,56.40555416959124,5.77301797625781,5.450282750118094,5.745636240795942,5.010534143458345,70.79376913138688
1442,V,LSTM,2022-01-01,2024-01-01,43,14.664469087994457,14.608705167822372,13.7452598815892,13.003769709778645,3758017.8562988,14.11194982524332,14.019901675246087,13.168731487002985,12.401687627363277,3302703.417203428,5.600758368080586,5.531383317075811,5.253236604645755,4.9134042170139205,85.03684302769882,1.5182974406329626,1.5621772101386426,1.5196068898854598,1.5012000039992563,90.42423582332955
1443,V,LSTM,2022-01-01,2024-01-01,44,3.841200931542026,3.832797265292479,1.378832705201689,1.5149607057612116,2297837.935705447,3.5143744698784,3.5850527715006875,1.082983974245955,1.111909706919105,1652520.612161557,1.3975957794542522,1.4169134227706135,0.4353817548290334,0.441290172078569,35.38044427429959,0.6060433294377567,0.5245837266635647,0.3440840229882507,0.4042040404933215,45.73412642056199
1444,V,LSTM,2022-01-01,2024-01-01,45,4.078084438067946,3.4087478960451647,4.694134976568247,3.8395770640072144,3584471.260220198,3.5472767174032613,3.06195553597258,3.949446230077192,3.358489003434467,2911486.415494705,1.410287367185007,1.2132444192106284,1.5729321848674722,1.3338073974362008,47.70543475426373,0.7921660680079249,0.5940494631711933,0.9987293034296776,0.7328422222064135,20.294285550951063
1445,V,LSTM,2022-01-01,2024-01-01,46,27.840162935047186,26.50191125151721,29.752614544172964,27.361399834730488,3816839.287495004,26.28607399470988,24.751957501540023,28.121675531952143,25.56787875433429,3361115.682602327,10.4251242639761,9.755382970772168,11.212889916758948,10.122955802063432,86.44197267772292,3.535382771240556,3.646024562061125,3.767753626290785,3.7720070540009294,91.19531784618462
1446,V,LSTM,2022-01-01,2024-01-01,47,44.07995198356096,42.23532922879991,42.58134010517872,43.42981638259696,3117768.300023049,42.321940120054734,40.382177739037225,40.55256805322953,41.49926965375548,2626281.9406527285,16.798344872622337,15.931941403126864,16.175537545007135,16.446134926427693,68.76454240740709,4.730638271218322,4.734317171366853,5.034590845564287,4.930139430614722,79.96220648083774
1447,V,LSTM,2022-01-01,2024-01-01,48,23.114973435134107,23.10146659922605,23.747763851272342,22.90132657865445,2285307.54033848,21.769645127727504,21.81855068873173,22.508289454022822,21.57734735336029,1717365.64976573,8.632582191713059,8.602851221185544,8.975436026238054,8.545343396661483,39.55747963200505,2.996655627509866,2.910845832793074,2.9316045543041542,2.9626215009003536,50.70148084952469
1448,V,LSTM,2022-01-01,2024-01-01,49,40.49605533316591,36.79503013240794,40.40997874374703,40.63495826183565,2992606.370691997,37.78920709049198,33.37813570322712,37.41635586696885,37.86602560743496,2472468.9977175,14.982034284009696,13.142888436546626,14.908024489831826,14.992159983198066,65.09097207850073,5.63459794947736,5.995903559957134,5.949427425975197,5.709031031371773,77.39433933323045
1449,V,LSTM,2022-01-01,2024-01-01,50,43.51030782047811,42.14695371443145,42.37230884105495,41.368741967080354,3346675.0447242963,41.02197318972381,39.85378632437781,39.730914952616665,38.8116216757272,2870544.813062549,16.2697742140491,15.716153634376692,15.837401304686155,15.369791803143466,74.7550974077591,5.604248064253436,5.264571517827061,5.730511351253443,5.5413671236862045,83.95152878304228
1450,V,LSTM,2022-09-01,2024-09-01,1,7.441701713352177,5.258858018347988,6.339236220925804,6.117057505296894,5371464.019459447,5.942333978861296,4.415853192565036,5.111935850400984,4.974265007456476,2925151.2706611054,2.313426498614696,1.6848507507475814,1.997036970363964,1.923016082359324,26.11193632493412,1.7768010480571983,1.0824864425502705,1.4934142627664126,1.3955796616672764,20.4695684644807
1451,V,LSTM,2022-09-01,2024-09-01,2,10.88773936294676,10.998508069055267,10.31188403971118,10.68214417041036,5716005.404923691,8.612077521942831,8.497822825543025,8.08571823522565,8.31396506765994,3315556.35645469,3.269292476334271,3.1991169320961417,3.092128370180119,3.153707841184504,29.67292973904258,2.4761339064239216,2.5764686122550744,2.394262805926293,2.4893313876497647,20.164089135256805
1452,V,LSTM,2022-09-01,2024-09-01,3,10.936260644499836,11.880252124591037,11.86510492212854,12.284840489724791,4969501.48685832,8.518362482739825,9.326978120893289,9.40767122666005,9.686805943282934,2639671.984008948,3.2359881260786394,3.514373357778458,3.594332049551292,3.671323164864313,25.868562892761947,2.5556157349360147,2.71459188535964,2.7030270343122607,2.802714419379326,23.59392907439983
1453,V,LSTM,2022-09-01,2024-09-01,4,13.365426572621974,11.715237126710177,13.966926110600651,11.867246354633588,6028208.056978267,10.619764611582468,8.654969783713566,11.14573615852109,9.169528858493065,5414457.192773223,4.031671089491891,3.2590622582098208,4.255381647319315,3.483734628997355,79.86043629567413,3.0160722959204413,2.922484493324393,3.144741920127666,2.8038323152284805,48.147886349956046
1454,V,LSTM,2022-09-01,2024-09-01,5,41.84508881562965,36.21498440445464,33.122436387056204,33.79854333774547,6132305.852352753,40.15761531903583,34.428289960186994,31.544801381804326,32.15754568852423,3879263.193441107,15.3992690513675,13.098469236077776,12.172755536725436,12.323327812395425,36.3339970469631,4.389717579394563,4.175205822339515,3.8016435339247714,3.9026549612175407,19.72464635038665
1455,V,LSTM,2022-09-01,2024-09-01,6,29.17256680876252,28.44115383504532,26.27580740686551,24.724297908275314,4955231.382734424,26.03413538210992,25.24840869280007,22.623821191829624,21.160903053559064,2712524.4453804693,9.920384824455969,9.551396906242774,8.660003335403049,8.03921755003169,27.60685606072996,4.879079888443132,4.818497227575486,4.994547856210891,4.732010618869119,24.72660607254369
1456,V,LSTM,2022-09-01,2024-09-01,7,16.98542564618429,15.40842165824704,14.801580446552396,14.831369367237704,5812113.047898829,16.415773174360943,14.890818031499643,14.218342974062669,14.195929478003531,3438832.555434952,6.321735456196256,5.690574209314241,5.515101109455553,5.471186165123169,30.950021535263588,1.7285846942285306,1.5566816035343691,1.6488707932737203,1.7214002916483502,20.018313603446806
1457,V,LSTM,2022-09-01,2024-09-01,8,17.238747342075957,18.747118851217767,23.771629761621856,22.55085342497665,6780748.003118522,13.957197159182014,15.49316467589798,20.87705606242367,19.42675476700884,4750361.491489336,5.3023424806250885,5.84540316382423,7.993823874052311,7.378380758886477,47.63803383762065,3.7602606879329112,3.89048189399456,4.234203934743939,4.231602926519475,18.82651821810216
1458,V,LSTM,2022-09-01,2024-09-01,9,20.89011207069981,20.05909080540379,20.07374317565512,19.89702795027152,4892925.93999008,17.388643075160804,16.43270386875909,16.40259313536051,16.12070365517219,2727027.1187098324,6.606721521441834,6.1980129896729546,6.266304745912114,6.111917743608801,28.544417136118955,4.300697613120094,4.241347725049674,4.322058348977593,4.320439172087235,24.97964942930333
1459,V,LSTM,2022-09-01,2024-09-01,10,18.867939837679483,17.836852672875978,20.043241039795653,20.663190503461028,5235755.634311125,16.00263335920045,14.867937015776738,17.159612161288827,17.878660212929894,2791298.8545428216,6.084587651549934,5.611488203522779,6.564501980939015,6.790887156148455,25.25699557881244,3.7103377520433343,3.630999072378217,3.8639904729080734,3.825435718514453,20.867835407949727
1460,V,LSTM,2022-09-01,2024-09-01,11,20.56992179831024,22.82620059386588,25.17854368758599,24.79797802005717,5085482.802453529,16.93259345701558,19.31126775831131,21.670950504542528,21.35605985304324,2642472.5692483285,6.435025473544849,7.291490994852919,8.29284694654995,8.111989408734985,24.32357309476496,4.33963472526819,4.486791082101504,4.78802653816881,4.661436791741964,22.02555587178641
1461,V,LSTM,2022-09-01,2024-09-01,12,7.388796489577295,8.20332903342204,7.645789757892792,8.98522087323851,5316931.1564635085,5.822236798506664,6.164523389800331,6.037878476467389,7.109263577461009,2871358.165412694,2.224269261527886,2.3218887488677087,2.320962317559809,2.698874719221311,25.77567935730199,1.7157550895901634,2.003242128363316,1.7763985304562886,2.0404546772510965,20.61938327923525
1462,V,LSTM,2022-09-01,2024-09-01,13,13.67110913742943,15.26872285291175,14.98565006039515,13.702014298426048,4869642.541140359,10.808014981440312,12.43239105701172,12.02482398006384,10.625220608235017,2701902.137483309,4.103631120468989,4.687202391888873,4.590836575940018,4.027449568071561,28.223543706578724,3.112808002205082,3.264846440805749,3.3412949655457207,3.213047192284805,24.69789183448312
1463,V,LSTM,2022-09-01,2024-09-01,14,4.521964139837693,4.741560550226788,10.263567542351383,10.827975818693824,5561482.200593724,3.983695662726815,3.667592042779292,9.228399378278324,9.714773435140405,3127863.9022797337,1.53270983786268,1.411429235312259,3.605069490563329,3.769493706012638,27.746528848091938,0.8268688748091609,1.1674484827110445,1.818454005287058,1.9232345638735344,20.02775502990012
1464,V,LSTM,2022-09-01,2024-09-01,15,6.947459690652965,5.96672899661028,5.84102894375319,6.892718105894301,4963972.9013284,5.467494889922719,4.755385164635468,4.68024469796775,5.265680162218754,2673813.510231922,2.129677138599804,1.8308872210699465,1.8270633735083568,2.050156648343274,26.66107943799881,1.6983064162929555,1.4065902873254987,1.388308731378581,1.7618962463151953,24.08632321381473
1465,V,LSTM,2022-09-01,2024-09-01,16,9.437002345784377,8.502670800589705,12.999715871158225,9.529812234973056,5663047.589470876,7.365843801344624,6.341286459885681,10.921296284692236,7.426358487881513,3251168.5807551434,2.798762705228729,2.391861795245055,4.17183303233,2.821268248688599,28.98145440619364,2.1987337243275844,2.1011818341593043,2.627975060359732,2.2239131973394297,20.066431196873445
1466,V,LSTM,2022-09-01,2024-09-01,17,7.003078929547068,5.77023052375132,7.321137632149887,8.676843179657844,5665051.160075092,5.633389478491335,4.622565542314906,5.976302106077014,7.429650759914906,3255444.5795054724,2.194226163307272,1.7819894642097416,2.342720660049513,2.8883489583099378,29.020003668654187,1.65087184092172,1.3524661226010115,1.695849627184336,1.7987358066511516,19.99033764375047
1467,V,LSTM,2022-09-01,2024-09-01,18,24.786008135479584,23.696805654924493,24.5944685153496,23.930978111632243,6161272.832240064,23.99044172353696,22.892965051894944,23.869342462505244,23.08589647156729,3912875.312400335,9.217828446749156,8.7269301770541,9.231458578268033,8.866593233001936,36.66076931634473,2.384662442269455,2.319721404255304,2.2873938972336867,2.426098867365308,19.831706767098364
1468,V,LSTM,2022-09-01,2024-09-01,19,12.337873801783648,12.219653519311334,11.343312441514342,11.91552199454332,7017358.081446387,11.724211113724156,11.64383124749003,10.694261699267196,11.209476755809616,5138871.032130954,4.521643692615561,4.452577321656778,4.153604299876473,4.325578755726321,53.929346822526135,1.5293463934810685,1.4538895252743458,1.5163744294343442,1.6179574568763275,15.277252427824992
1469,V,LSTM,2022-09-01,2024-09-01,20,8.024551903915107,8.964064779604834,17.795996846233535,14.086859375764307,5446543.460467534,7.264648879975612,8.217204172019168,17.37125495075924,13.462032359404809,3006544.998562782,2.8129059335267472,3.151735267032939,6.741338740208466,5.195595440413706,26.774055793366365,1.36047417946338,1.4084494526129854,1.6007606648669743,1.6854114661623425,20.155791930731468
1470,V,LSTM,2022-09-01,2024-09-01,21,5.835521400581996,7.294490504527654,8.829778143077773,5.921886639693981,4874121.817929457,4.883344058423231,6.054086513829533,7.2719514584006735,5.02081439273843,2756657.595309516,1.865646876756276,2.3322741499198973,2.8499538247100022,1.9281270317049608,29.36120735415902,1.198798320791192,1.598323286367213,2.008239659813483,1.2006219910534643,25.34416246664708
1471,V,LSTM,2022-09-01,2024-09-01,22,43.56658148512605,36.03551259313483,37.94272594129227,33.75406443593195,6062364.592594629,41.39913137429812,33.67291061348816,35.87649008114743,31.40974933808017,3779201.280588755,15.862744707950508,12.798860816628236,13.831624114482896,12.020699312923046,34.99143194950909,5.041057367038567,4.756961488842707,4.616639520409973,4.613331507265574,19.908581191768448
1472,V,LSTM,2022-09-01,2024-09-01,23,6.770069487075984,6.364659929735399,6.782817074542482,6.966529829960078,5282046.623379289,5.452074102090504,5.20130939624533,5.533083402270112,5.776138717308943,2837929.6676104763,2.0820775749667733,1.9742400743091608,2.133102940158064,2.2119576473821487,25.567033105407827,1.5093295071661457,1.3665319355242895,1.4942300136470923,1.473986840136422,20.86199207537328
1473,V,LSTM,2022-09-01,2024-09-01,24,9.80750461848264,10.715592145167722,12.174233380537204,12.18912498188187,5826763.203268899,7.62425425050457,8.33796879250015,9.969646109131464,9.871750444762704,3456541.9074305883,2.897533186102246,3.141125541682076,3.8076106313711033,3.741165965869021,31.15281438701957,2.30104079230818,2.484703051218445,2.606487071500613,2.647579018564998,20.06269640232447
1474,V,LSTM,2022-09-01,2024-09-01,25,15.660916103349829,17.637732165967172,11.686558075723806,17.649192460319405,5115411.663671402,15.072854130567668,17.14657161912437,10.978424531956232,17.096150162525525,2695128.7021783493,5.804344973440294,6.547254901775395,4.260753856142722,6.581183962037176,25.061568068081275,1.6776328945182792,1.6125977079542193,1.592238046608862,1.7527372949887068,22.31237447149997
1475,V,LSTM,2022-09-01,2024-09-01,26,25.02369453366134,25.827614817614915,26.77494352046137,27.79000037562375,5641148.256480379,21.305930727582904,22.4741879461595,23.17824447967984,24.406576449955544,3226889.755212068,8.104670520032943,8.495131556504184,8.873657900958607,9.279140851264293,28.69791358088961,4.885253009170397,4.692057887090803,5.010076464007406,4.917190776385704,19.87470742608107
1476,V,LSTM,2022-09-01,2024-09-01,27,9.091873043086126,10.047933051832542,9.052846249126665,13.544824659654788,5336530.934974676,8.15609335472462,9.346482012633272,8.097157814901045,12.84874689687819,2889836.1196374395,3.1605906998859434,3.586369065144813,3.161118902030887,4.964725869493141,25.903439769532195,1.6012794290860035,1.461578445110977,1.6299397607803616,1.7450107821217131,20.69979456571753
1477,V,LSTM,2022-09-01,2024-09-01,28,22.43746034847575,10.67767022884724,20.203850297589565,16.992541491742415,5053118.826998428,21.88263202829392,9.98575133211936,19.67890629944925,16.297148359104238,2727978.927098413,8.41572193795125,3.814583291372141,7.619812051745267,6.270354580873422,26.57574690486188,1.934808704363592,1.4617395821649568,1.8069060333173337,1.8922794641827008,23.34465422060536
1478,V,LSTM,2022-09-01,2024-09-01,29,9.461410460388464,10.227883658045483,7.47867641862101,8.258913119530714,5912493.431123467,7.609881163053262,8.26202112568845,6.008244883622883,6.478958992781444,3573062.3366742325,2.8892642250010003,3.111627605209067,2.3154066461585807,2.464816340604804,32.550541327136735,2.088140238375316,2.2188924668330645,1.6961259317975812,1.9110801008151923,19.919025189722067
1479,V,LSTM,2022-09-01,2024-09-01,30,7.590433802307951,8.780178862288038,7.0961348040916175,7.266805411711059,5380347.2714683255,5.955642119945788,6.812897691016671,5.86266732046932,5.97395606473104,2933183.777274787,2.26802884927595,2.5643670658261524,2.2661675407337643,2.285784551665737,26.193803182677843,1.761641287153371,2.043914920567676,1.5397423396093497,1.5621692356907395,20.38026087545225
1480,V,LSTM,2022-09-01,2024-09-01,31,6.379409469800887,6.1500140623002055,6.77187669690387,7.435608231765045,5168937.760909094,5.4176342510447935,5.046879893016118,5.500615536295734,6.060995990650402,2736120.2053315938,2.090323497260006,1.912847893668933,2.114712713436818,2.349571425609232,25.11749832417246,1.3151529786573375,1.3010775135544863,1.4914276480384556,1.704535660128624,21.77520567914729
1481,V,LSTM,2022-09-01,2024-09-01,32,50.95625577021712,49.823984508701045,45.0924459078945,49.24370995903134,6107898.23566067,47.53134974786288,46.35724767089005,41.837289006572384,45.73063720360539,3830280.3365681055,18.193959152302792,17.60921096234539,16.111265159391223,17.48675310212598,35.587898900316475,6.827279744443793,6.748926316940879,6.289348978049027,6.785875448736524,20.04054299785277
1482,V,LSTM,2022-09-01,2024-09-01,33,8.334916555327984,8.46111878121094,7.849142963570315,8.431506532462612,5735060.319761412,6.513203061757007,6.370339127365418,6.163792984460318,6.583968158497962,3341495.00412176,2.476820112917856,2.398004463905292,2.366677306817582,2.503355408185836,29.93990321552787,1.941000174853222,2.0581020364604456,1.834497428386984,1.9633936663569709,19.93920905570988
1483,V,LSTM,2022-09-01,2024-09-01,34,16.369083695496567,18.807999933924265,16.932188722780527,20.58206861422013,5582100.106101292,12.921677134342774,15.533090766487009,13.377351378240656,17.377522005565293,3154888.1981364875,4.906663382654123,5.859113678476803,5.108207924004623,6.594972350575136,28.0541938939628,3.737923650711992,3.907206973811084,3.882776584080328,4.075628939537364,20.06816175296939
1484,V,LSTM,2022-09-01,2024-09-01,35,13.460557542154351,9.97927243249777,7.197430112450837,11.039864590872572,4861751.564430921,12.818464834594494,9.226813896725607,6.090842870465489,10.10085334961847,2820107.4089157083,4.953979233600816,3.543311333357958,2.383647610599488,3.913069429340934,30.80239530791381,1.6702851934010463,1.5073150559335873,1.5399707960530733,1.795159429954583,26.09238714939888
1485,V,LSTM,2022-09-01,2024-09-01,36,9.565645985355111,9.525689351533147,10.59323594474027,10.865357758517275,4990589.010364668,7.300151693013521,7.045847030007071,8.348222980593393,8.526267595596329,2673065.647367587,2.777104539416748,2.6537440442201565,3.191606061770341,3.232464436327024,26.320157234329912,2.3118435691230013,2.3730149739946538,2.4380610493077617,2.496565651442266,23.807878292234708
1486,V,LSTM,2022-09-01,2024-09-01,37,27.19352606071885,26.94256434067607,26.67475207735136,25.53333391060721,4862825.380217574,23.195253344564424,23.00049113423129,22.56202361572584,21.23674190523066,3653915.576733947,8.824016670217862,8.689696780994732,8.63225197596841,8.062204249635036,47.78421328355167,5.285129198666494,5.179968240948441,5.320762303301095,5.254364214920622,31.15441525501153
1487,V,LSTM,2022-09-01,2024-09-01,38,9.54775415955509,6.982364044829923,8.464566115723386,7.903020894126339,5246285.027846588,7.684996046585656,6.076813543367774,7.160357615491152,6.334846235593196,4387281.814213892,2.9164703935723093,2.320680110521616,2.7942260736993285,2.4153386360025872,61.35822117496512,2.103659545244378,1.314209844465591,1.8068986446601705,1.767550142246615,38.79871237986764
1488,V,LSTM,2022-09-01,2024-09-01,39,21.17467047130972,17.386284489162783,17.073373282459876,22.667619217320595,7630032.099330033,20.41409662364992,16.583455969488917,16.31131491805036,21.935293163321937,5958325.53567657,7.846536385507884,6.32445160656714,6.312746473069191,8.428106517442082,65.74250141940395,2.163378054828487,1.991177186336753,1.960966763158965,2.214696619724734,11.439306870298692
1489,V,LSTM,2022-09-01,2024-09-01,40,24.69715834272775,31.02794991531348,28.04351225604705,23.61773729900752,6187422.99195185,23.76301364884413,30.141792353183533,27.08456072359204,22.64695115204092,3959022.418785641,9.127797385000152,11.48457625179684,10.466137265526772,8.695188873404769,37.3325034086683,2.5656117379141965,2.763091037824758,2.769567224402909,2.567145216575172,19.532419466839627
1490,V,LSTM,2022-09-01,2024-09-01,41,19.739131551241027,20.906405788030817,28.23951771027272,25.56859227829353,5681797.624847307,18.81821435132594,20.11911092932684,27.68498616144355,24.925064840553084,3274292.259567031,7.230965991865698,7.670347563901146,10.7087006542153,9.576682059968537,29.218243122444804,2.2817251762458515,2.1582256414094223,2.1567903700923425,2.2157905241600635,19.923011354045126
1491,V,LSTM,2022-09-01,2024-09-01,42,6.590960518224966,6.80151700557692,6.769183774785668,7.494521766306533,6514334.709124239,5.509128739324235,5.372934614329508,5.571713066442095,6.004134529199389,4403306.019306853,2.118284188059561,2.0302200028436355,2.1521514036154232,2.285571074960242,43.113250264996175,1.3904665346700171,1.5407134351627074,1.4731255243858965,1.6709875351146504,18.90320457507211
1492,V,LSTM,2022-09-01,2024-09-01,43,15.850297953015136,19.2428845240226,18.1583569126802,19.667124710507423,6268511.764910652,15.14275439274136,18.677401637273544,17.592349218793494,19.04652741635088,4073221.558399796,5.828866244235301,7.128129623709824,6.81464251655774,7.3262560472495855,38.82127015450597,1.8302290487643555,1.7892989275832758,1.7819310440361384,1.9349624116710984,19.299034262396297
1493,V,LSTM,2022-09-01,2024-09-01,44,7.166452230955128,6.82806913329533,6.876177895705946,7.142814485187008,5664848.526043751,5.670495050576737,5.385510925575354,5.6020935017083575,5.87839371425692,3253204.656520038,2.16058690215364,2.03514140314568,2.159919624684869,2.2481016487098087,29.00883306561569,1.6405820822532369,1.5512037552624167,1.518932182479462,1.5283777230691682,20.098768397447003
1494,V,LSTM,2022-09-01,2024-09-01,45,27.711339842565486,25.773039043983,26.47258935102302,27.201352685977263,5186312.471947775,24.22041166782388,22.14275435175824,22.749992905302747,23.48768839328127,2740534.493638873,9.221059207087151,8.366448052205916,8.70755236636266,8.925527571647045,24.82647753653823,5.002974142688939,4.866754898546457,5.059314281276938,5.079660125916995,21.046135239460444
1495,V,LSTM,2022-09-01,2024-09-01,46,20.143221865961063,19.59928089840708,20.10092816045676,20.602390718605417,6111800.29428998,19.365990437723948,18.816566015780804,19.35535836284025,19.768583526319315,3855029.981397141,7.44246083178657,7.173612531611069,7.486613428159822,7.593916050987122,35.987304848149115,2.1250454544953405,2.081040526023005,2.094664177544656,2.2355675204516112,19.751253202463
1496,V,LSTM,2022-09-01,2024-09-01,47,12.218236236041438,13.360742059258431,12.08618951167177,15.150128060118474,4859933.140798064,11.592172482022466,12.881211133444252,11.454702602077722,14.575504423532736,2853813.1948548057,4.475643723630337,4.929748485461649,4.453334364683506,5.622858444819638,31.556918697336865,1.5507683975554531,1.4172153848258289,1.5644575068573734,1.685732566842443,26.5469142729506
1497,V,LSTM,2022-09-01,2024-09-01,48,26.66715822199986,25.625021224910604,23.539608807642946,25.726672000743,4839046.981252419,25.65393155377129,24.68791394194552,22.57887260350116,24.74068527918304,3030597.152299484,9.847739080893698,9.404185187778724,8.723636477699294,9.493442728101618,35.74101787802484,2.7476644197908304,2.572856371353552,2.53156839435842,2.676345424774244,29.191511125012493
1498,V,LSTM,2022-09-01,2024-09-01,49,10.930165641232902,9.423165241882886,11.592769764884938,10.457975046474155,5084773.147222426,8.657524025505797,6.9626625788929655,9.240360294348212,8.070657883310302,2682574.761365851,3.2862480898887574,2.6234399894158087,3.5283327654441456,3.062729010317048,25.24175464916435,2.4794966813028343,2.351254387463698,2.613903260218786,2.471505974127599,22.57600536759066
1499,V,LSTM,2022-09-01,2024-09-01,50,27.04658343909713,35.272322826967645,31.68926053585397,31.430780260762887,5115636.990029346,25.54716436002404,33.89657226254042,30.37526457772332,30.07131605633719,2786556.258199066,9.79874792423206,12.90239937910277,11.726053117776983,11.52855920958816,26.980633690233592,3.3413201558178547,3.6234723754847287,3.4016181776635985,3.43648190360812,23.118690382641496
1500,V,LSTM,2023-05-01,2025-05-01,1,43.57831910277809,38.386322920210894,41.484118411582365,45.22171261582588,3207514.3640449857,37.73493363031999,32.33727317265515,35.040551670687165,39.44854620451018,2677212.5186626115,11.56385327867772,9.699152353731783,10.931735888692437,12.032358626058569,41.72114286980433,6.858923340672142,6.253464852834526,7.097488597249899,6.902333574758747,29.58652462634423
1501,V,LSTM,2023-05-01,2025-05-01,2,19.96933067011092,18.19361391442635,23.79506843057851,20.21190351889017,2979256.197029236,16.035505260279002,14.826717820887309,18.74982679767801,16.1408317224795,2323351.9671551385,4.952055052707465,4.461257748914681,5.904574322317347,4.9668846008067575,32.232929210283515,3.848826957711888,3.215562424592757,4.783284830971529,3.872344611727685,20.39720022341327
1502,V,LSTM,2023-05-01,2025-05-01,3,59.87357278733695,60.688164746393696,63.21065988447688,58.55657897477105,3980213.907759349,52.25568483722532,52.85071371085575,55.426692968641966,50.7861887079843,2796726.441679398,15.980360996902718,15.81978662202409,17.214020267955426,15.470379677005406,30.18590983281415,9.114267302884786,9.020674708023376,9.645285316890144,9.016584684452509,19.79007393668309
1503,V,LSTM,2023-05-01,2025-05-01,4,16.20088480897837,20.74967487107761,12.881575937769568,23.499635054211808,4315394.032006844,14.919384558844934,19.48227424554199,11.379874879501411,21.763571709448964,3162865.7397044697,4.491373700553935,5.752364538262736,3.5045404015148924,6.481877695968734,34.86506095346258,1.865073104100189,2.044301206218295,1.928334826508492,2.5568133573671474,19.71351286787069
1504,V,LSTM,2023-05-01,2025-05-01,5,38.36710333756164,42.40657383220291,39.06631843721248,44.707264279615536,2932147.661019982,34.50293525208814,39.47134216240515,34.88826859813863,41.54907967751039,2277975.1558359466,10.378411475499147,11.721747270733134,10.608076272877904,12.457351393388684,30.561459427497866,5.040242208413271,4.590548242779792,5.289408491276816,4.866455446378696,18.821591138259013
1505,V,LSTM,2023-05-01,2025-05-01,6,26.64785832499781,27.947531026112262,21.18597590843146,26.94269350848197,3860149.257800887,24.962994811767828,26.56280624906191,19.02063062454005,24.601155629838345,2626703.68315816,7.492745695381981,7.865794653056842,5.773299740245717,7.335743148067881,27.937789039009107,2.7345899326877627,2.517931024912443,2.773197733403956,3.2263373205127057,19.49194594772685
1506,V,LSTM,2023-05-01,2025-05-01,7,34.54908870096975,35.11212137219161,31.403740558221976,35.17701791110951,3913232.0143145374,32.25771239852681,33.4101525319792,28.333039444601173,32.66247597097014,2695526.015840968,9.68526964611139,9.90736724140457,8.591628280824667,9.76948732531102,28.82376328831297,3.679356632771828,3.16064874377558,4.053804392033937,3.83364473429608,19.34993683951572
1507,V,LSTM,2023-05-01,2025-05-01,8,30.54482656311274,34.16113278787791,31.826935689050178,31.88192203563746,3279830.22403741,27.50709959787668,31.92112950103039,28.72057972372821,28.770700166312388,2802399.747275114,8.266319232750515,9.469305830306247,8.709677731056207,8.598204950821158,44.7453735567507,3.971223781044277,3.5827959349706493,4.106169088836352,4.063847694568054,31.849003867185928
1508,V,LSTM,2023-05-01,2025-05-01,9,29.520116115673183,31.209437794776584,25.7352408551632,26.79274739028193,3813587.26011414,26.87774896092839,28.968065528331422,22.33086500503997,23.36309719896265,3365445.183490912,8.074728407649271,8.589840788846564,6.775800654187772,6.9820176470900845,56.034754259435495,3.6405138757835145,3.41750464530879,3.84396564585404,3.884477907148757,40.119080630339326
1509,V,LSTM,2023-05-01,2025-05-01,10,10.486494656003762,9.415792817657758,11.707277008901007,11.428621084826442,4908190.143677548,8.234591932099402,7.949934873565661,10.009809456541648,9.926166696255496,4471693.971898556,2.512110521888693,2.3417318907219813,3.104600507304157,2.991755631228542,75.39610727683923,2.0884751358533578,1.4586500371404831,2.0090405852701534,1.730561128551202,49.32012899443624
1510,V,LSTM,2023-05-01,2025-05-01,11,60.865028287882936,65.07108479174057,62.52712266433373,64.28695390896195,3596647.676378511,57.5541790442452,62.31814967395183,59.433545751069374,61.26272680516619,2327307.8123780093,17.36989945977398,18.52394028600314,18.159160436680523,18.41814942833057,24.335379549593448,5.921200984312054,5.582713513525753,5.784457357433528,5.758198643648068,20.08779399203418
1511,V,LSTM,2023-05-01,2025-05-01,12,23.017378875034304,21.06281288399649,25.442406423948647,30.29854663896485,5148679.232605891,18.661236123412262,17.076190352595663,20.45880334559428,26.4162767758274,4716694.42412893,5.763016574296837,5.141038176854494,6.4352528521371,8.085486618822904,79.0208557518861,4.337912703702345,3.753587203699797,4.949787358168374,4.746081963966646,50.463536343554274
1512,V,LSTM,2023-05-01,2025-05-01,13,15.489314073758452,9.544764265675887,14.62871164055256,20.2790075870255,3981685.1172254216,14.23570149553671,8.037339359985369,13.553330172803554,18.87642106667548,2782627.8353214264,4.281391351793169,2.366271354763291,4.136045395597895,5.622942370305153,29.942550962004667,1.7976430033794344,1.485349059171596,1.661270918814792,2.101305269107335,19.392749001314456
1513,V,LSTM,2023-05-01,2025-05-01,14,10.668642258459268,7.403343302352955,11.843893105878369,10.5104527058854,3088726.397114189,8.450664606739444,5.953349428350887,10.229374119353524,8.417463264781023,2588022.536228498,2.5733927809632835,1.760546914651843,3.170748148030288,2.5502557877682035,39.56684582654932,2.084126332396872,1.2963905837774004,1.979357965528979,1.9697807494087327,26.955223321874417
1514,V,LSTM,2023-05-01,2025-05-01,15,21.782532620097225,25.5471389674543,22.848745631939167,20.88468636644005,4683113.510968302,20.33215817290324,24.178877318839195,20.81778606118985,19.044975749246927,3611187.752264738,6.111791373232952,7.15408952320144,6.305992778214699,5.689581925088179,41.22658396889666,2.2790715345871635,2.384078384278824,2.783725103651995,2.4871268061966907,18.974690682579222
1515,V,LSTM,2023-05-01,2025-05-01,16,50.39830935680685,48.20579276482777,49.31440345706625,48.69134763607624,3242366.0727943755,44.28218598555413,42.29641490398856,42.88100104686919,42.46680792914861,2199117.1256409087,13.553954413034926,12.666671657895668,13.34810268431349,12.94958278509032,25.10653310296172,7.568068196917957,7.016887111447222,7.801211176532655,7.426226750400882,17.1236403946536
1516,V,LSTM,2023-05-01,2025-05-01,17,18.82884284729199,22.95128032445622,17.576325074333806,23.070790557717075,3125189.081551191,17.56768199969979,21.713361706825182,16.153839877531517,21.32985808783172,2202770.4999836287,5.283572153613991,6.418472898783982,4.912457270608597,6.357714385146434,26.43282946226294,1.9708415019550216,2.134249906399184,2.0471474882951526,2.542478226353112,16.498058008786813
1517,V,LSTM,2023-05-01,2025-05-01,18,65.31549890225212,70.65746524109834,70.30183893874236,71.74744782427612,3059510.018302876,59.37985544335723,65.02823910999987,64.60545348155232,65.89023758610796,2226668.1055315337,18.13967415160197,19.437977227891807,20.036944264041097,20.03291708191818,28.32850345677852,8.62000684595452,8.451451904464859,9.011845743107848,8.946797292101474,17.460502448157296
1518,V,LSTM,2023-05-01,2025-05-01,19,25.606386061401693,17.651279059028052,25.91134580855512,22.63455848997973,4215330.156942495,20.908593519266905,14.973335258872988,20.638699139936435,18.136781294353447,3064932.7288464704,6.450208946086593,4.496293679760996,6.490705375735292,5.578203605453121,33.65914103175721,4.726755552846811,2.8625034859063097,5.099497749869492,4.292818265161729,19.703689877889303
1519,V,LSTM,2023-05-01,2025-05-01,20,23.726412850657656,27.80534522722497,26.556795784766475,28.040677755658745,2953068.8268882474,21.690535752275867,26.056499449758373,23.759976113172577,25.36540985839917,2306420.9137203298,6.523194447087553,7.718499527592507,7.197862242539052,7.568436391741075,31.61244943051653,2.8414777004477214,2.8360733581121096,3.546369143597291,3.5262554550210523,19.430875458723943
1520,V,LSTM,2023-05-01,2025-05-01,21,36.83278103321129,42.08545706116146,46.757892312342086,45.87687449448053,4316227.002177063,30.29900591171385,36.8875419957112,41.16604022019728,40.47933698154551,3877526.585920652,9.312886144082986,11.050870283166724,12.813231535290043,12.343178011549034,64.29829928072299,6.563909207154819,6.154458654149105,7.153666376142115,6.766051270846949,43.352454388747546
1521,V,LSTM,2023-05-01,2025-05-01,22,91.62633424575375,85.11432633073825,87.79415685366105,88.37900811322568,3877001.013739666,84.90625914723714,78.30149413587239,81.11135156647241,81.49698556407614,2691726.663606167,25.888883311287376,23.39964684126844,25.1257552499168,24.75668924946809,28.95814024192761,10.902488310338674,10.187250650435086,10.86228875758623,10.733271622969813,20.243331466402044
1522,V,LSTM,2023-05-01,2025-05-01,23,30.17666877738265,40.234894135344064,29.247850077811147,38.25866346042375,4082156.292312691,27.519407832899528,38.83242403384641,26.06302526383068,36.08204235110158,2864140.095075468,8.26681229877381,11.518695709214398,7.901911255337255,10.800252051523374,30.939665120027936,3.693537568130901,3.071014564271141,3.981213849645725,3.710583536374416,19.55477572761925
1523,V,LSTM,2023-05-01,2025-05-01,24,15.43079249226516,9.690232083557472,13.73965426383871,12.148281850001064,4469109.676452086,12.109977178371704,8.16955060806588,12.289530097629653,10.129046257556062,3380832.233507236,3.7556614431460327,2.4550255526413767,3.7646815437329866,3.0454371830011486,38.129682899210856,3.16814522678101,1.623490092783753,1.8986686908606525,2.0224004098678936,18.75898237958347
1524,V,LSTM,2023-05-01,2025-05-01,25,24.28503205874511,23.73398229017754,20.061858722123763,22.297552616899004,4017426.811651641,22.97359220666626,22.443349890996146,18.2921544886455,20.521004429873148,2828301.9072294235,6.894833499346993,6.637184181681851,5.549758306596452,6.121325293116234,30.541508777727483,2.271271095753581,2.223544664278263,2.4308986466192275,2.5261923147394274,19.39706810319034
1525,V,LSTM,2023-05-01,2025-05-01,26,31.055145285314712,26.472063354611016,36.39080279072311,34.92496147128126,3117695.7063252944,25.5849556318193,21.322122998542778,31.253853486745697,30.078202246331177,2213729.654087821,7.876703665259567,6.412615461185197,9.761511452865806,9.197821251865417,26.76135377527412,5.5688924456302376,4.748623542981102,6.05815015477037,5.593284417984912,16.45080593506034
1526,V,LSTM,2023-05-01,2025-05-01,27,10.649365590027088,10.489446597988731,13.223415020773496,13.269352042177372,2981671.0871716323,8.432051889888994,9.019646616915546,12.09551211111927,12.072364658258085,2450807.787513336,2.5702142775342347,2.6553622642872625,3.711662489985856,3.619880374907999,35.86823949154622,2.0873810570242943,1.54269839011849,1.6909688713896285,1.622302900563508,23.082416824937805
1527,V,LSTM,2023-05-01,2025-05-01,28,57.44084956027708,53.0995115389483,61.76852756942409,58.43748952116118,4690710.340026842,51.37913991974872,47.10392688351553,55.734911293034216,52.500687528259306,3693876.272992591,15.710865988837242,14.100814124860994,17.306049074642615,15.983943915803108,43.03160951959058,8.10976292797616,7.452726763077565,8.595598889480653,8.047389644316977,18.31241191088841
1528,V,LSTM,2023-05-01,2025-05-01,29,52.29884980258016,53.7405272638672,51.83227007638415,51.4739866024611,2933382.3135655485,49.31083011723108,50.78726941623696,48.56541407238248,47.94019242334168,2403274.78613019,14.865746472352928,15.093492616543305,14.81572770535227,14.397449607709897,34.39752585824806,5.197522634708543,5.223699732765192,5.400234139669206,5.547923060738654,21.35408856389054
1529,V,LSTM,2023-05-01,2025-05-01,30,13.642293761604249,10.429300157842691,12.601457635335915,12.078121042705254,2997589.883914737,10.258353353449456,8.674014912117448,9.691501137233285,9.265256737499111,2244503.21108977,3.183892063227729,2.609657119970742,3.034517529630702,2.855446792566692,29.10094464293145,2.980144621075909,1.800568080876204,2.6590601688671454,2.526404881425489,17.38156329553558
1530,V,LSTM,2023-05-01,2025-05-01,31,15.0586825677518,19.87159938437082,15.114730867061864,15.02737700216341,2996617.6321494584,13.649781230534526,18.554775917631616,13.927850019180257,13.639984204239711,2458617.428308328,4.114017694131613,5.477481320710996,4.252828749176596,4.0826819110433865,36.155880688729845,1.9059008270304028,2.043781963736352,1.7758553728169688,1.8379655945602864,23.58147727723905
1531,V,LSTM,2023-05-01,2025-05-01,32,55.75533883875369,49.89262281684697,56.54935058039752,56.28277383699128,3451248.8356941,50.24498544985704,43.77917861998923,50.91786930979236,50.53703490983892,2245894.13851142,15.36200089192101,13.111361922091714,15.819389339886902,15.388939048104778,23.96057246553428,7.658996492970631,7.266193897043611,7.961943933298535,7.775327586480232,19.36587920018169
1532,V,LSTM,2023-05-01,2025-05-01,33,12.665156230296942,9.614215283658655,17.366089350663522,13.379612519822349,3227461.400192016,10.222567905134968,8.658763133753821,13.518141905440398,10.848129634042015,2187013.9363992214,3.147422575754922,2.581702819543012,4.268263967418597,3.3341286460823225,24.9730715718459,2.48600161217138,1.2764903234620493,3.6387802417015584,2.556563550685006,17.13480848674294
1533,V,LSTM,2023-05-01,2025-05-01,34,11.374577512242317,14.007937392929517,11.662234832037454,12.392535946460178,4371206.557942911,9.275855328050904,12.680646513966998,9.349505098188189,10.989296434887184,3956497.5517630577,2.818030196162088,3.736988574209701,2.920379113002124,3.3058914231271297,66.25047584099393,2.083744282391115,1.7065434660377292,2.32180953178146,1.7267664198399906,44.31384599780439
1534,V,LSTM,2023-05-01,2025-05-01,35,26.947343083502847,23.88493650108989,27.618759116366817,25.53464233218678,3631156.877360183,22.35946248562868,19.8092805791658,22.42978825514368,20.84438313435409,3159773.162690401,6.891197256624301,5.9566741938860535,7.043838348461211,6.40349421605496,51.55197210828389,4.811157781602406,4.058867829932876,5.248531925674105,4.664108890767632,36.37990516713791
1535,V,LSTM,2023-05-01,2025-05-01,36,35.59547587018888,38.07933213070271,33.49719645276261,34.96616137465473,3598995.574474396,33.32485423003698,36.62091849416188,30.65228748576849,32.52354245225721,2340530.294497013,10.010652064346507,10.861848702552424,9.299624680732997,9.730405608643675,24.534781517953668,3.715589530150392,3.0457746853435923,4.033296259844082,3.765864636144468,20.04127175816056
1536,V,LSTM,2023-05-01,2025-05-01,37,29.764640518834938,33.94190703156234,24.42883523174944,28.1656467026812,4417236.350668318,27.83653164948787,32.76947505830862,21.956599403428093,25.75626847239061,3285975.764568945,8.352355620888058,9.711293121804166,6.6518203635893975,7.683499082696396,36.58388718000533,3.112734106820161,2.5518413222972463,3.189515921951944,3.351316361873621,19.54393898457298
1537,V,LSTM,2023-05-01,2025-05-01,38,75.95697180557768,91.91930253549356,92.1651285882721,75.93303359980531,3108355.7493094774,67.58766341904888,83.8050383275231,85.04579443582735,67.65862111114724,2194299.7282586494,20.644583500799698,25.04486441408695,26.3310004613454,20.58091078839045,26.367607056128005,10.828362146750589,11.485010718726429,11.415179675823564,10.701283854029352,16.503719286947245
1538,V,LSTM,2023-05-01,2025-05-01,39,39.81036413311229,42.396062175045785,47.81951269479424,29.44608519785923,4397501.481561923,33.71544687855843,37.04881015419506,42.21880043666065,24.247193596397786,3295431.063861946,10.347547645587824,11.099875973667007,13.13773836349163,7.424978333640972,36.9361993020523,6.65562079545427,6.257575146298747,7.245392834982442,5.220872414748102,18.90875442520425
1539,V,LSTM,2023-05-01,2025-05-01,40,48.23533681738867,52.306932196374426,48.91554744989888,47.51448466607142,3470372.601859705,45.30012884823338,49.943080723017374,45.97617901252123,44.226438986794136,2297473.788471818,13.647396314895458,14.835339135778172,14.01265403414224,13.27062717504609,25.32880081086089,4.941076488474575,4.606988593369902,4.959871664201983,5.1283046771716245,17.990024716806083
1540,V,LSTM,2023-05-01,2025-05-01,41,50.78781389475008,58.66545406097424,53.75344223922093,53.46444216211484,3022040.235926844,49.21298118542593,57.58544807349998,52.315664027231136,52.039818927839285,2566021.2357447543,14.824853599700749,17.09617926062753,15.949164843835163,15.617280200990288,38.616123116350295,3.649460504723841,3.265880647541106,3.4962377992737643,3.485187760796381,25.83492221006142
1541,V,LSTM,2023-05-01,2025-05-01,42,26.63958908852705,25.487374161015666,25.40529486063804,26.80560473902872,3376877.472944799,21.92019847858385,21.514641192107124,20.17950189945608,22.17309696591637,2871309.489643971,6.758066233170506,6.464687749890176,6.346636160019036,6.805545966099737,45.88617595992616,4.831915673433753,4.158943702217091,5.02197099309168,4.7617259739843885,32.81023199347083
1542,V,LSTM,2023-05-01,2025-05-01,43,19.447549460638847,15.598661587136055,21.75549053021983,17.712232332500317,2952137.100105983,18.24068249270477,13.822061413498156,19.916639983442284,16.258712729425984,2362167.497471571,5.484013384318035,4.080310888934754,6.0314811300388405,4.860588933097336,33.23089570240436,1.953112992889179,2.102750472428094,2.575301109483886,2.025318638822617,20.586449068749992
1543,V,LSTM,2023-05-01,2025-05-01,44,11.136367517970513,8.384477475033853,14.53976679915683,12.59768303767511,2983831.309133754,8.012552302300731,7.134252215175176,10.853209200887411,9.764284868198777,2257680.4899462066,2.469893149232113,2.121857706413248,3.434168848208976,3.0098547299745806,29.693850302676665,2.522448670008812,1.3209674494976955,3.244973303796735,2.59731514015153,17.807935305559536
1544,V,LSTM,2023-05-01,2025-05-01,45,28.970254384219544,35.318483328865234,32.09749653793054,33.099206894383414,2952185.8426717618,25.95488509300929,33.26086556320022,28.79820075247046,29.92279071988765,2366251.5060460567,7.802734752515185,9.866253173819748,8.735727683244273,8.94675548478244,33.42696828270421,3.844970537058752,3.493308563663585,4.250641087884876,4.185545922907061,20.78852416239761
1545,V,LSTM,2023-05-01,2025-05-01,46,69.81204055248416,76.76563294163218,74.88884949444495,75.27016825107158,4075036.009166153,66.77658691820751,74.1957924715834,72.51320984891464,72.40156751217117,2897744.9365983405,20.165417738077657,22.05684893879861,22.173516254682102,21.78212444689525,31.45383209935889,6.084792247662632,5.887665005094764,5.527443447276592,6.090155049368033,19.293440528127984
1546,V,LSTM,2023-05-01,2025-05-01,47,15.581014471713065,11.243460472729826,16.141834367121522,13.18841111346753,3001267.9187873057,12.18932062417846,9.594957017774652,12.486866979041991,10.618056907454957,2253707.646934986,3.775145760955958,2.8809569077606376,3.943794581138097,3.264527522297685,29.257547913249205,3.1973568198788938,1.8185425471925087,3.427551483816797,2.55294250749543,17.374830974043636
1547,V,LSTM,2023-05-01,2025-05-01,48,47.32471402430719,49.07835760417933,44.1097560700658,48.06939636927076,3633091.4995584646,44.301142224548926,46.764123883493454,40.635313994661,45.30378960457907,3166586.9499929748,13.349422252048267,13.890438956278302,12.380539850363704,13.594926955746578,52.149996440038095,4.968581013751374,4.4112447755044615,5.132679405633405,4.727224497942324,37.1964461360086
1548,V,LSTM,2023-05-01,2025-05-01,49,16.311389805383193,12.562043463523208,19.002177570097075,19.21941972897152,2971251.4693796886,14.918238551383592,10.804311779310131,17.51879161111088,17.79838776245809,2256344.748351773,4.493743938085061,3.1886545899302225,5.316200986099811,5.313843793685812,29.78676537651942,1.9594138049504592,1.8628686920370576,2.1604502258005214,2.077082944081728,17.969818423382222
1549,V,LSTM,2023-05-01,2025-05-01,50,40.21447034363251,36.82957481962613,37.0225960238359,35.43663910264776,3678830.379727928,37.12287503989282,33.851140841806185,33.29463032230658,31.605404896569382,3210274.227654139,11.16886177379732,10.050202632963888,10.117180470245966,9.461465270132496,53.24375010092472,4.62364302388302,4.293094380657792,4.865004166417142,4.755945854169269,39.384523237790376
1550,V,LSTM,2024-01-01,2026-01-01,1,11.425492866352752,11.096332209159,11.096663506216805,11.135666073419554,3208477.393307606,9.492954466198896,9.927302882781094,10.365218453586484,9.9283859762331,2171413.044440349,2.774647256669754,2.959298295057775,3.0935918511464604,2.91825832485742,44.77189166358844,1.790807436531277,1.5418260594669866,1.1686656731540366,1.4240201203467264,57.84864808628312
1551,V,LSTM,2024-01-01,2026-01-01,2,27.607323670813376,29.414682845500508,29.854820980238657,28.272663468887085,3194603.17173419,22.309479070619787,24.2500335115398,24.424164051439725,22.95993028988467,2127168.855958482,6.479034368766694,6.996927272742726,7.133636969585153,6.659618375216351,41.80265863408578,4.569416609195217,4.651573329190311,4.837346842531615,4.637263002961349,52.71465739096423
1552,V,LSTM,2024-01-01,2026-01-01,3,11.919380543085538,10.486356075503764,10.2193696194857,9.306707036452313,3670587.0279133534,9.622131729410718,8.298113580315642,8.423435722943887,7.61031159340082,2483833.895928214,2.9269053813156303,2.50319600544279,2.5708045790510785,2.302686723245845,36.358494185998765,2.17642477909558,1.971101726321219,1.8160223716853736,1.6705794817592607,28.751894882728585
1553,V,LSTM,2024-01-01,2026-01-01,4,10.33032352280449,9.572402721162526,10.819656426622148,10.457193002140825,3226444.6099848305,9.203410508749352,8.615455568097003,9.727816166093572,9.042809358889402,2201797.924707681,2.7696601447059783,2.564614265021356,2.9432946511999285,2.723853384553798,46.221759186135735,1.4702238265539718,1.295264287285158,1.4995377638793643,1.64313569968559,60.11318599169668
1554,V,LSTM,2024-01-01,2026-01-01,5,10.5017423482104,10.239179719477873,10.98156386078502,11.010438746169326,3251766.194378644,9.536023347303244,9.5565808193539,10.283522957349168,10.126666779289067,2255455.995464772,2.8122568516881734,2.8068987825005034,3.071647104582456,3.0298312623951573,48.18284497151886,1.2438959942741006,1.0553208401210472,1.1435608635975572,1.3536115108570443,62.32436371553111
1555,V,LSTM,2024-01-01,2026-01-01,6,21.838939270726613,18.3012253157835,17.467713933435302,16.968489096339233,3308730.133401853,17.50523415683212,14.018714212433649,13.359074900717903,13.32857114165463,2392638.5229923823,5.07933730098909,4.03087903974292,3.896453822381463,3.869040488103246,52.01281648113344,3.674109308664759,3.312736062477432,3.2021665402908592,2.973133884182264,65.45720672954538
1556,V,LSTM,2024-01-01,2026-01-01,7,16.847162774325202,15.90312280353426,14.522523880294797,13.38689073563887,3203998.532387988,12.710680518915746,12.164108235030978,11.821583658670674,11.875686517037472,2166439.169130375,3.6765391732757697,3.497732907594378,3.4698894730043595,3.485951158544491,44.64979887825125,3.129055727672981,2.8847024905678023,2.3957512962497924,1.7383549250273127,57.64386612455817
1557,V,LSTM,2024-01-01,2026-01-01,8,34.81215282128412,33.030767345391645,27.85866964866772,27.201058330325264,4559060.373362348,34.3030022771186,32.52196906598148,27.157659728433806,26.49754995641528,3411849.859669345,10.20672247700527,9.593051398590076,8.144253150270602,7.883419707478271,45.70964225845044,1.8730794864478035,1.7982658408329946,1.9974491247919508,1.952493151016348,16.200696651338617
1558,V,LSTM,2024-01-01,2026-01-01,9,33.76350224328686,31.22489764170436,31.53933782769547,32.06272504521965,3999469.516995302,28.40694923743418,25.86590378341283,25.86805712309768,26.673608131736987,3398068.602528175,8.272006099252229,7.466710587739075,7.558126020157744,7.748815303894483,75.66320522275689,5.123339199593133,4.884352742665763,5.082168136436045,4.992224384128081,79.64137298798678
1559,V,LSTM,2024-01-01,2026-01-01,10,23.62249076812919,23.13265708780799,22.116152740327543,25.049301607934925,3435265.779277776,22.95464386516997,22.535827136738604,21.264467608381743,24.37645792288525,2627810.7545033097,6.862786388943452,6.674223424166399,6.409177818457794,7.277504218180843,58.02861856207614,1.8294299594329515,1.6984812943486791,1.9960825431832805,1.907203718658568,70.44588174900302
1560,V,LSTM,2024-01-01,2026-01-01,11,25.000503994022026,25.420240298064726,22.440186194202145,22.69811992025231,4008488.9994253633,20.38835622491037,21.04353453842236,17.507956856249127,17.931919144433262,2890104.452091977,5.922403999182172,6.071797423468701,5.099341618366228,5.191941741370617,41.80530297232645,4.068857422754499,3.982506842356994,3.9702838304304335,3.923198956889152,27.15282779699326
1561,V,LSTM,2024-01-01,2026-01-01,12,12.501668761807684,11.491992780358576,12.695127000763597,12.287890540854503,3434524.900301734,10.103047407087894,10.304801783475552,10.681277287746845,10.585415850642828,2297242.51295425,2.94654814300468,3.00749160427976,3.1435577948872764,3.099360039936881,37.07931447079352,2.078532104934565,1.4231822037430577,1.9426553639523505,1.7571064616514611,36.55292613693507
1562,V,LSTM,2024-01-01,2026-01-01,13,16.89066596155838,14.337815227396865,15.033455590892016,18.154562856572344,3547585.520097869,12.766330060199154,11.344791189236604,11.969975863150118,14.038554111058268,2408426.353412693,3.693545872896968,3.276361400276969,3.505476874354304,4.058760269123916,37.58597342430488,3.129598771564253,2.469327708756308,2.584013135083426,3.256317768742833,34.217868691213575
1563,V,LSTM,2024-01-01,2026-01-01,14,12.2543033117124,14.059771817366812,12.142820566807504,12.215440190071336,3254642.904721021,9.943215299705532,11.97735359741455,9.890627665835916,9.73174541456386,2153898.106266856,3.023619130856787,3.59847832756474,3.0277797247404354,2.9599384679413463,38.7586665468543,2.2165016954521337,2.278918528747131,2.2048319397030265,2.291719569348272,45.05516559380753
1564,V,LSTM,2024-01-01,2026-01-01,15,12.963436164817455,11.214489591375788,10.4606332277355,11.918135781854591,3321165.671906668,10.648921149823254,9.180950604164789,9.282104073816887,9.589435971519652,2412325.317261765,3.235976359863176,2.762265399428809,2.811401590083724,2.9123431058004186,52.5572920237542,2.29510752948946,1.9886346590863824,1.5219767100008408,2.202146916966786,66.19607271037285
1565,V,LSTM,2024-01-01,2026-01-01,16,14.427610795895353,12.546747224149112,14.155998609615995,12.496249631651184,3199173.7216063505,11.097515056775928,10.814211777755125,11.266805592180589,11.348966758444446,2153518.068056852,3.219568396729316,3.144123723943697,3.297804897422527,3.341448945171257,43.77150942069088,2.6054408072851825,1.780591530478554,2.429946230633902,1.4792256802669048,56.20609116587194
1566,V,LSTM,2024-01-01,2026-01-01,17,29.57355567567099,29.07407009394681,30.317359962406204,29.57650515982143,3342900.398121607,23.963622117746908,23.54868888944038,24.57825925760584,24.07605911028857,2457827.113868594,6.960662893928005,6.788461362779998,7.17544301542247,6.984637674618891,53.70123976619008,4.870337683514889,4.770452682042965,5.0042400488068015,4.82726011425589,66.99331342249461
1567,V,LSTM,2024-01-01,2026-01-01,18,25.292517695405483,24.839231181515053,23.6385449363981,21.91819928886624,3244649.366917028,24.677213400159896,24.26069815416583,22.840128945152173,21.097823829280728,2211394.6382835507,7.371863731706626,7.182735147887222,6.879728913215074,6.302332971694838,45.837752634043134,1.8238816722928688,1.7394187268875414,2.0109990347466624,1.929267713444156,59.79669872941259
1568,V,LSTM,2024-01-01,2026-01-01,19,12.10487781388392,11.73635352396022,12.29465385620736,12.104799240220384,3444979.9249407286,9.94353665857234,10.060968767182915,10.55236304516114,10.452049994835882,2302102.4962682524,2.9039418703307325,2.92406754112983,3.1116759279744386,3.0613545699015043,36.84999264390237,1.9465217791095075,1.6921179666457544,1.7859696081794665,1.7203619366641845,35.787045663474004
1569,V,LSTM,2024-01-01,2026-01-01,20,20.07072633515223,19.11047491484025,19.927969640400992,20.1472819934138,3304048.145283178,15.552029658347433,14.714840994285732,15.234047957637811,15.58926384964528,2198620.922056883,4.505632986127743,4.231047471072431,4.432744485394504,4.508978245965349,38.19743782493693,3.5791913154920305,3.43010755098467,3.643171306806954,3.6079818739049134,42.26012338355429
1570,V,LSTM,2024-01-01,2026-01-01,21,16.901394291717576,17.087363551750574,21.249017358912315,15.56466034771992,3487009.0072426507,12.85286966328342,13.05744859942526,16.85645427656034,12.695214060574015,2711080.35154889,3.722908335557108,3.754976263348067,4.911946569167592,3.6986570828898766,60.16746928638423,3.10435356365,3.1050510132381643,3.655752772137205,2.545618514152408,72.1864783140264
1571,V,LSTM,2024-01-01,2026-01-01,22,10.585828869405775,9.674238588690788,11.17512111017923,9.901568031433175,3216724.0397679512,9.257630589215728,8.55246549460828,9.776560414076188,8.831938681258059,2185111.232282569,2.791096434730994,2.550626772976898,2.967209907690981,2.650190082920657,45.5220691182643,1.6056193558309055,1.4026088529380414,1.7092648419737826,1.401074720343956,59.08670627476481
1572,V,LSTM,2024-01-01,2026-01-01,23,10.75976055320064,10.619574908091565,11.494535733748249,11.64236150712392,3203518.86471638,10.015193352291345,9.990253634553346,10.397181323469828,10.075434832912682,2163216.7155689,2.965199024682659,2.942562406244177,3.0849397908183174,2.9513236751793834,44.28331486695205,1.1331941360994415,1.0608792586265283,1.400332720072352,1.6426307200552297,57.01135556640573
1573,V,LSTM,2024-01-01,2026-01-01,24,14.25170622036664,12.781598075071928,14.041360505629228,13.463779035323698,5379898.59981069,11.57037874035336,11.926264266687872,11.998680859321096,12.082906832537144,5010325.816365083,3.3782467878007267,3.5004787418259387,3.537535479911294,3.5522817674197094,110.46738826635942,2.3569401115080484,1.313800375730778,2.0699014693424256,1.6775810249289664,101.83825055281748
1574,V,LSTM,2024-01-01,2026-01-01,25,11.426061035848184,11.2653208652487,16.65400233943001,11.553331080529627,3234661.533435281,10.14787398690228,10.321892280591722,12.656527805026446,10.588050440188878,2145525.2540903287,2.9853668442477987,3.068266189043111,3.678048888888715,3.122174400985216,39.82082979166133,1.4811617328912947,1.4029330002546887,3.074160181002472,1.3142183918308263,47.95249831212109
1575,V,LSTM,2024-01-01,2026-01-01,26,14.80608078856831,13.341559992300514,14.748971491764111,13.221398901423337,3218442.2054059817,11.326703012880614,11.136999484421551,11.540797436324652,11.662750944244786,2188732.0740115144,3.2843723139027947,3.229204644336911,3.37209437875318,3.421686139235669,45.69318928335862,2.695265120226779,2.0598062712650567,2.604955553632494,1.752217947858798,59.32346421466358
1576,V,LSTM,2024-01-01,2026-01-01,27,10.22797131099118,9.752741255843,10.766113381310149,10.252349880972634,3619492.884147492,8.742347484019469,8.035180703851179,9.175807624078514,8.5198564298159,2423680.511256257,2.641366648301521,2.411931285218594,2.7905010138242607,2.575914904251244,35.57827502706946,1.6560868343929096,1.7062490323995254,1.769247749344778,1.779213037588635,28.587841606717035
1577,V,LSTM,2024-01-01,2026-01-01,28,9.399351760363514,11.148152932398622,9.828522932643082,10.66622193931672,3206390.004252226,8.812187671108667,9.12873480001485,9.152187643778433,9.129721139178976,2121289.7340474026,2.626666050740744,2.745070909133563,2.7359006563343686,2.753449843291917,40.623396488814926,0.998912286345006,1.9762641432980663,1.072286333511647,1.7257761754802166,50.4771666908759
1578,V,LSTM,2024-01-01,2026-01-01,29,30.12750751539124,31.89157146658481,31.682793599578943,32.52048888252443,3295082.4395110523,24.86979250631904,26.95141315585025,26.39457509523799,27.52324774414269,2226346.803905566,7.232240701212583,7.788943545508668,7.719074357830094,8.00461881933614,40.73138107549184,4.776021391030203,4.7544222027624565,4.93023713330814,4.857281926132708,47.86787822628172
1579,V,LSTM,2024-01-01,2026-01-01,30,14.808164651793213,16.014004499042397,11.015695755259715,15.776050240729546,5171500.785510625,12.616980927835474,14.29679549811804,9.118727730004307,13.60248381753348,4677506.921797295,3.825153441703197,4.280124898914735,2.7845455369677885,4.1160951155451295,105.835984338068,2.410796350175428,2.2539316440515287,1.9403990754969032,2.5022638171630494,105.2559852955758
1580,V,LSTM,2024-01-01,2026-01-01,31,23.044893518545507,27.04273678798548,20.033070141379213,25.54196554853481,3484052.2275875146,18.26508756652958,22.67505153715941,15.091240144089676,20.917465402417687,2382769.7390385964,5.297824480415357,6.548157190330962,4.3940583571216365,6.067970366242883,38.98485931370658,3.954359429495876,4.111086207326153,3.748935360581916,4.120480433488257,38.56394111880154
1581,V,LSTM,2024-01-01,2026-01-01,32,20.43184473371393,21.419181520628907,20.292679603208256,20.99693473817605,3184693.8310744613,15.81868912678477,16.866463731058822,15.48826027836555,16.33865880040533,2141059.914661199,4.584148711775201,4.853708675052697,4.508186452522495,4.72789312444816,43.38142039615665,3.648986803981254,3.704510657094056,3.720370770075711,3.7256584496050986,55.231907777522046
1582,V,LSTM,2024-01-01,2026-01-01,33,16.572062191747843,13.80981284698374,20.10788906867747,18.45808567417504,3489971.3592295893,15.69449449346232,12.809261123043264,19.251639850791623,17.581856509179246,2348251.6944666705,4.704220827240702,3.812600697963824,5.805005127042808,5.2614726268602565,37.104836597479135,1.706193603834672,1.630203578746278,1.9003694564964304,1.819785400744876,34.911892780634254
1583,V,LSTM,2024-01-01,2026-01-01,34,21.190877589688384,21.93864255159175,21.66671999106572,21.70720000841856,3219394.6983965547,16.475943292018354,17.286919475091782,16.78940788569268,16.975378390090675,2132341.351080636,4.77482189016313,4.974895685691476,4.888748709298339,4.912868770480992,40.16630452190367,3.758025694203391,3.789582980122457,3.876722604792077,3.818869136997284,49.11668233373167
1584,V,LSTM,2024-01-01,2026-01-01,35,10.340325122577848,11.501646131083756,10.75541213019873,12.258645776235502,3239797.3071423136,8.74437081990231,9.2449489529515,9.062778290741404,9.818130048383864,2217283.200389644,2.645946344249998,2.787161520594588,2.759923350544068,2.984981944212753,46.79332204166467,1.721994386017461,2.106643634160061,1.8198700986358984,2.2825408349395304,61.168191897665245
1585,V,LSTM,2024-01-01,2026-01-01,36,12.65748108622319,18.37971811185704,13.266882261617422,15.246070528193057,3444791.097469816,11.168588762225816,17.501038081286257,11.490546420097129,13.846802571221756,2329717.9837884256,3.3695275744933686,5.203848461382637,3.4982530187433865,4.166803948486637,38.16224767756484,1.8644570098276545,1.8047596825233925,2.08740213146736,2.0259693338799267,38.26467722764584
1586,V,LSTM,2024-01-01,2026-01-01,37,15.008571212645458,15.719271301803795,12.85611030349544,12.820244581455691,3394813.361004765,11.398598225933693,12.01947798743609,11.482130461006658,11.266702184476497,2274892.219903966,3.301122017894168,3.453670178132654,3.4005891903291467,3.304898116397429,37.72697574769934,2.759833296839943,2.8511546201767053,1.644720110422216,1.7225645833798091,38.84877965985834
1587,V,LSTM,2024-01-01,2026-01-01,38,9.763541545460107,9.454154833900656,10.340535264551884,10.385763092983982,3750991.038423362,9.185250507515455,8.859561704504612,9.453544092237872,9.38119783323879,2564196.3991443813,2.73425628244301,2.617185727233781,2.810213245071974,2.812265106329736,37.11972217035205,0.9993140278923808,0.9955428785011502,1.204228874792608,1.3953717399480767,28.353170965452897
1588,V,LSTM,2024-01-01,2026-01-01,39,16.402174382703663,14.793115637855392,15.003091519343084,14.707956267568566,3200885.7876981194,12.453059766751068,11.539934890248237,11.96223914137554,12.02747567253876,2132782.074131717,3.606156399361813,3.3277342976840285,3.5030396251461435,3.50415163881238,41.88627805099254,3.018601684659452,2.606108697078763,2.56961566971155,2.389415667745809,52.907196910341895
1589,V,LSTM,2024-01-01,2026-01-01,40,11.457909116523362,11.343118197355812,11.846467991821871,11.479034906844111,3869076.719189415,10.818185830648718,10.153524270775472,11.160268144021815,10.811314972868663,3224509.313292504,3.2171140191691974,2.9627311475196483,3.3404204577235164,3.2161391981458496,72.70010427226745,1.1318819459445593,1.414117069026053,1.203183101364521,1.1723025018267956,81.1635226644293
1590,V,LSTM,2024-01-01,2026-01-01,41,25.59223629996953,25.220117366218894,26.90839785036596,28.127952496603097,3336854.034325553,25.036463340314977,24.684593600878305,26.327172988897846,27.531926809882528,2161136.6073396304,7.458105006259401,7.28679917005549,7.896141892009205,8.190725861941468,35.22328531662985,1.689195560071356,1.6197768178301253,1.805182978988603,1.8420937655780567,36.24438969509842
1591,V,LSTM,2024-01-01,2026-01-01,42,35.42033414226182,37.85799213692589,38.89714513000471,35.8442881885929,3173390.667566179,34.74582069580745,37.1709621016873,38.20010946449791,35.127347002715155,2088778.07545354,10.32156262177758,10.942284249433756,11.420495027348778,10.423674068680215,40.73886005155142,2.0735768225096938,2.110799023040732,2.241754549215897,2.16600459727638,51.15763342921436
1592,V,LSTM,2024-01-01,2026-01-01,43,15.331835092294686,11.06165364358988,15.238815732429256,15.031751095099349,3250651.431162361,13.91633952066915,9.153267683969396,13.567637720618018,13.50201427527166,2157133.922711709,4.195022252182615,2.751829581026968,4.125223704788826,4.068117582103556,39.28073814711662,2.0327837950989505,1.9154260854117144,2.201148464646097,2.091587207850648,46.27361957352785
1593,V,LSTM,2024-01-01,2026-01-01,44,10.018603962754137,13.967008270398294,10.125661439515383,13.070984536376924,3323682.137227566,9.333978769920533,11.323132854854835,9.199466987473889,10.56639605437443,2408537.753383816,2.7910419692969657,3.4143050472058394,2.732160806928001,3.209789291268314,52.48542000436108,1.133460951260163,2.5167507600164387,1.2106490314544935,2.394032018879947,66.43739886781674
1594,V,LSTM,2024-01-01,2026-01-01,45,12.48463878594985,14.367494356996945,14.604054213629905,12.89079873137505,3231532.3170704097,10.925102715087268,11.114049433053658,11.393343781910517,11.204455848399144,2139731.502465804,3.2098663712957034,3.20138239911568,3.327291399996458,3.282957487090364,39.66055799795056,1.7063261156031135,2.5643678221422705,2.591216286627599,1.7945265281026996,47.71002604333383
1595,V,LSTM,2024-01-01,2026-01-01,46,14.404082742424194,14.662181612095765,12.75712199240012,11.863849612815873,3460741.9373577246,12.245264966375265,12.75888905673945,10.42052790605271,9.455983949821894,2671194.7711159787,3.7126490690250216,3.826947476655128,3.190416567945986,2.8751505099774324,59.13260896323307,2.3581251490998936,2.243356143862947,2.301992314604773,2.224252467943668,71.11868158688506
1596,V,LSTM,2024-01-01,2026-01-01,47,22.23111316114627,21.98684000244475,24.72055993654513,24.47124874299038,3258208.5585808307,17.64760260535012,17.429307437336895,20.02616055387276,19.905404424613,2167570.10401532,5.119659051226084,5.0182476398439935,5.844409227872762,5.772765781865381,39.472051358909525,3.8045767630371694,3.758184040981232,4.086547424202988,4.001537499818012,46.47102316690089
1597,V,LSTM,2024-01-01,2026-01-01,48,11.188022835104466,11.30485853790594,11.850127513549433,12.440397091936603,3199961.815642726,10.334282930025848,10.02755383578823,10.65215159589536,10.463912140865917,2128745.958060523,3.055363319416511,2.9236796607127844,3.157666434480705,3.053955772537327,41.72259934019407,1.2254091045054796,1.4608740774592777,1.4789941884202946,1.8898243084982989,52.6836013964526
1598,V,LSTM,2024-01-01,2026-01-01,49,33.10979165701357,33.21020670447958,34.47450252222882,33.95558422450902,3976131.8992781206,32.56397429057109,32.70285038299061,33.88154351570309,33.37545671345391,2744363.10127827,9.691608383524713,9.649133360883074,10.15194608239758,9.9231392288498,37.51434891361578,1.8945268908568504,1.8153045528531937,2.0549365917387497,1.995854878616278,24.5339786028314
1599,V,LSTM,2024-01-01,2026-01-01,50,17.429095242567406,16.18443360561056,18.03724088004993,16.53100517475775,3204032.9776756843,13.19495743289988,12.31598368582534,13.590835429293476,12.862447421245452,2127522.4022354186,3.818869473267016,3.54414263912309,3.951922831600327,3.728464328244795,41.42796220287937,3.221827375777228,2.962671401232764,3.3694894009671432,2.9385991261237905,52.1664893718801
1600,L_TO,LSTM,2022-01-01,2024-01-01,1,1.214825690967285,1.4672940037969016,1.454280989797385,1.6254368150314171,1887867.546379316,0.917113985184463,1.176212044493968,1.1138655337726615,1.3307787608963244,1052471.006825765,3.033107792502157,3.857508880110584,3.7069315351846535,4.396210373110541,49.08364738442844,2.575842680893408,2.811632698953745,3.0368334360598688,2.994826986335256,50.5693995688165
1601,L_TO,LSTM,2022-01-01,2024-01-01,2,0.943782411420754,0.9640200074550236,0.982059362893332,1.3985192490092555,1952843.592123463,0.7223346303509791,0.729233536703639,0.7165239952477163,1.170761386369452,1131053.951729735,2.3906741595699623,2.387639946533361,2.3812010249620474,3.8697602524839545,48.60391882836617,1.9593914902214853,2.021600296676544,2.1778302029268017,2.449027135965873,39.838378610081854
1602,L_TO,LSTM,2022-01-01,2024-01-01,3,2.320756543780402,2.2076686800633816,2.180124232802964,1.971705684496324,1826526.588266861,2.218917019066501,2.10874731580417,2.059093019512118,1.845701274466334,987921.0044868788,7.488610076353113,7.039472501162456,7.016880709669844,6.228639468048867,50.916855153620745,2.3900352417219697,2.2726293454721733,2.546888192825118,2.4473329208194445,62.10508807911126
1603,L_TO,LSTM,2022-01-01,2024-01-01,4,2.129441365904795,1.9352122776849303,2.055673691619469,1.866842140475596,1843153.7932561173,1.852174031298489,1.6580540679953728,1.7378731260691869,1.5404560364849849,1321316.2948278587,6.162533278811119,5.455498640326597,5.815678854884688,5.092950060439042,90.28808073339266,3.3783466337038197,3.18452417690512,3.545832691605778,3.3885090507632776,106.70735548323442
1604,L_TO,LSTM,2022-01-01,2024-01-01,5,2.397610491514797,2.3714755766511137,1.81540665033814,2.1851577822911312,1932069.5662792705,2.1772002829338475,2.158700002896905,1.486374407584321,1.9319677546254184,1515801.0656483967,7.259490721414331,7.123958153278536,4.966245144668243,6.409930437917802,106.15065201104495,3.204924167385649,3.103155366726383,3.377518422276348,3.250470361753695,119.60672847778751
1605,L_TO,LSTM,2022-01-01,2024-01-01,6,2.062035903156295,2.236836567697507,2.7620665286658164,2.730280143673361,1922219.082778481,1.6961422760204636,1.906370270892449,2.4996136739548964,2.490688139935774,1102688.4839953978,5.632438704933355,6.274345767041373,8.396186439397086,8.27920059438519,49.95129122355389,3.792515172338585,3.7418379744650574,3.7528745253562894,3.5330775995834647,47.08505548450083
1606,L_TO,LSTM,2022-01-01,2024-01-01,7,2.6011180499252657,2.78660559438812,2.74011570424642,2.890948204490551,2017637.2353024415,2.34131609599969,2.5669677779024496,2.4932610811277653,2.6681738245895965,1211554.6347804863,7.804991743826574,8.477649121072968,8.376485832777343,8.875677119559363,49.82246394489536,3.627135332491189,3.41759536762802,3.621555805934875,3.502415488765213,33.729402153978015
1607,L_TO,LSTM,2022-01-01,2024-01-01,8,2.439941800397537,2.473584161444889,2.59109537074219,3.058720465913338,1818314.427180088,2.137828003773224,2.1763706068654423,2.244637748161288,2.814374851167474,985544.872254928,7.1175077938173725,7.172720518153103,7.526163294492466,9.362775308533088,53.53125753095382,3.7810674090851375,3.744190155965834,4.180927707666462,3.7814907640824655,69.2464862953297
1608,L_TO,LSTM,2022-01-01,2024-01-01,9,2.0154448769893483,2.244323268545482,2.1174778109725216,2.128767243181706,1805106.6164883403,1.7065013685976642,1.979726971517124,1.794309072646079,1.8101404647119883,974615.6986697516,5.67102575705442,6.523268864654326,6.005371774814609,5.994470026646719,53.67281889503327,3.455960543026635,3.3604422405828074,3.629230037730967,3.5881783299151886,69.9368631852432
1609,L_TO,LSTM,2022-01-01,2024-01-01,10,2.636257867436028,2.4444550763942376,2.623680442932192,2.753919269937797,1785575.6643786696,2.398104030305781,2.198097252746502,2.353923857809161,2.5149536226437474,994836.8151481948,7.99839657645836,7.251020500185666,7.9041484269825695,8.36226719360791,58.59380241131913,3.497399084643272,3.3925506855209613,3.7140272526344087,3.5495395414920403,77.16459501213939
1610,L_TO,LSTM,2022-01-01,2024-01-01,11,3.5483689556526703,3.7127678189425546,3.734904648257423,3.651376607858708,1929599.0788483417,3.22882883632631,3.4332401706067524,3.4193892766266374,3.3385819204393385,1106888.388934334,10.776111886696471,11.3466036263683,11.501872676244313,11.108984936197343,49.28385845849999,4.718248630312381,4.466736043025934,4.812477935274448,4.694050259255183,44.53140482398478
1611,L_TO,LSTM,2022-01-01,2024-01-01,12,0.539799729472925,0.6714928199388802,0.7010515044712943,0.8137391585575762,2481227.430740542,0.4413300688508199,0.5121335721169682,0.5453462424582526,0.6327320913274282,1729456.51816984,1.48750520553993,1.7274366035624111,1.872165188845558,2.1576055063345274,62.99223735002955,1.058993224133277,1.4947005636951818,1.5385321197165904,1.7825315978986955,20.73090794691238
1612,L_TO,LSTM,2022-01-01,2024-01-01,13,0.8729263932310405,0.6657843877970121,0.7600748599316711,0.9454392667247342,1803167.054444617,0.6801449436710124,0.5408324219745018,0.603102190544865,0.7340940819376821,975115.178184112,2.251922525694661,1.7894478757413048,2.0232668971718977,2.4227414802436766,53.843358332159895,1.7611394536124294,1.262116820623723,1.5030897672552084,1.912684998149485,69.89237738149059
1613,L_TO,LSTM,2022-01-01,2024-01-01,14,2.839583974952216,2.4729884137822977,2.983962805565105,2.804193722618188,2049928.000075725,2.617509034166186,2.2107629566541847,2.755135795696006,2.5574993729444397,1233743.8292916615,8.735869987479909,7.290608710004939,9.265396494233988,8.50260716072163,49.296870297234086,3.5002925838435632,3.518795413453258,3.6388701297225055,3.637802140120353,31.299452757156644
1614,L_TO,LSTM,2022-01-01,2024-01-01,15,2.788023037408108,2.6306589235442788,2.5168689484524625,2.5256318311262254,1837285.629432698,2.5784085742839773,2.4271979953008525,2.2392591492574216,2.279083609958972,1007072.6808138688,8.606304177497975,8.015877683594981,7.515086186396886,7.57139990324647,51.538459803421176,3.367411070075927,3.1940997063516803,3.687022131124604,3.450917809144704,61.63827421575688
1615,L_TO,LSTM,2022-01-01,2024-01-01,16,1.7102788033208478,2.0295757637452336,1.7455716926900282,1.8223526920065167,1857492.1104122517,1.4527284648555217,1.831930603874112,1.4643857799960636,1.5573668061575177,1021930.5316046872,4.825696813167563,6.040461630214162,4.895817201152994,5.155854602840263,50.04369386797112,2.9047244401368757,2.7607229197936283,3.065344014796969,3.0266589440305918,56.33875338233627
1616,L_TO,LSTM,2022-01-01,2024-01-01,17,2.445784628923133,2.3644444111689924,2.474382206901613,2.3168769130390663,1986200.9807015792,2.1804677785305966,2.0982191133440278,2.184043069247888,2.0135095307362536,1172415.2289934952,7.264710107250768,6.916642041482112,7.326856563424111,6.676827304497361,49.884419319491336,3.5508088413886085,3.464359702639749,3.7371672205031135,3.6634223945355022,39.019221907592566
1617,L_TO,LSTM,2022-01-01,2024-01-01,18,1.1712853241125931,1.6045782318603223,1.2637443343254269,1.6890147827074755,1851208.1444686044,0.8860393598214009,1.371511337098868,0.9489165920549814,1.4271518626662556,1008679.9901107948,2.929984945994363,4.509540364910737,3.1556849624700964,4.720981411854721,50.0851765319133,2.4771748966621674,2.6550784624210566,2.7052567753008443,2.8924831259633628,58.25090191321687
1618,L_TO,LSTM,2022-01-01,2024-01-01,19,2.1540827719297444,1.5946201645045204,1.925033676379742,1.987114157698025,1856939.7900220903,1.9465805168863304,1.306171539661012,1.6476205617346082,1.741449280277603,1022305.6623403232,6.486285239530338,4.287991362136168,5.5145396078067686,5.77298729936571,50.02574813603678,2.938599518805072,2.930683911347473,3.203891282660756,3.047997864303273,56.17786659489363
1619,L_TO,LSTM,2022-01-01,2024-01-01,20,1.3002055092813836,1.0659787027587482,1.131541303795117,0.9958366276104036,1894378.478030966,1.1703986806730429,0.9165745160244766,0.9668804718099192,0.8091575592657857,1437823.2159705956,3.974002232120231,3.0838652290541826,3.3211301578646526,2.7566150090875747,100.28888130807148,1.9847480410056173,1.8783559437973931,2.068713694497375,2.0244409772669893,116.23240002649156
1620,L_TO,LSTM,2022-01-01,2024-01-01,21,0.6168148652914939,0.5843278295361383,0.7266265361468983,0.7133823410670169,2294876.4501115344,0.5197672047711321,0.4757917678915299,0.611089207864551,0.5817919279072157,1505259.7202871244,1.751153685027253,1.5845214392785842,2.086038686105034,1.9350466243807127,53.47106517420903,1.122557502904455,1.134477705493648,1.361893677615548,1.339485466287846,18.89413584823801
1621,L_TO,LSTM,2022-01-01,2024-01-01,22,0.6910224684420654,0.7946238639486993,0.7955508513342869,0.9042776239746172,1904974.2706914945,0.5619641992535407,0.6022951265566401,0.6182749352986249,0.6949389914991002,1072699.2002054057,1.8762848566432968,1.975073067008526,2.0668469475001485,2.294649934990182,48.77639975019049,1.3091315935604362,1.6632607994336823,1.6180049168327442,1.860664968208877,47.38361228849031
1622,L_TO,LSTM,2022-01-01,2024-01-01,23,1.8376434882271195,1.7687931785901434,1.7177798989956838,1.7965368333700744,1845348.8067488135,1.6002435335382084,1.5373244714101637,1.4298445723779536,1.523508952467004,1009840.979737838,5.3220262118741495,5.05957487785569,4.778279392714486,5.04178502513422,50.74327092270894,2.89895943750634,2.7836372306273534,3.073946443930238,3.048314972513872,59.47492197393248
1623,L_TO,LSTM,2022-01-01,2024-01-01,24,2.174481145487136,2.141252428387882,1.9589924795234104,2.323881610590192,1774143.4940438385,1.9036078696016283,1.8749096667507863,1.613081663855245,2.044240622944145,1035120.2306830884,6.335360981701994,6.175847190204627,5.391337743141429,6.782223830390742,65.2478018130566,3.375022123068329,3.2921177705514686,3.600188933444028,3.523706150881228,86.66436231780669
1624,L_TO,LSTM,2022-01-01,2024-01-01,25,1.6680308689187897,1.7681006423673795,1.1972756176105426,1.7299165383816864,2040466.017306424,1.4409285579693063,1.5645734870016546,0.8950788725038765,1.4925452864537418,1219964.8850244284,4.7891243820674045,5.152915921413352,2.976288797188146,4.9421466355327865,48.580845600994266,2.697598093159874,2.61221509345643,2.576190286410176,2.7920812050560806,30.597688985928727
1625,L_TO,LSTM,2022-01-01,2024-01-01,26,1.64622174152933,1.5358772466769937,1.6387142433084307,1.5998993011011966,1904733.1138072652,1.3984151974771175,1.279693414443245,1.3538674533595951,1.3174782869993844,1071801.8921156724,4.644654548076537,4.203278423976913,4.522205330052585,4.353405239726774,48.89341892783455,2.7946827752791235,2.7160015535515045,2.982921508014444,2.912667413796028,47.852120827407695
1626,L_TO,LSTM,2022-01-01,2024-01-01,27,2.726992633593784,2.938793153467005,2.7450896738991286,2.6780945191017618,2169766.650437916,2.4961103640204496,2.731567286280477,2.48798630593503,2.403398879238345,1377217.60215501,8.327941247053445,9.026014562785132,8.358749785443813,7.984862402818542,51.9261748000548,3.501231439315345,3.4090933401865957,3.70786874099904,3.758115289788369,19.61381955576858
1627,L_TO,LSTM,2022-01-01,2024-01-01,28,2.1943560398946613,2.2705166108820505,2.0697141712785685,2.600694897636401,2021312.8261494464,1.9017840898829064,2.002754789499746,1.714742324351398,2.3526878113149525,1201278.792916139,6.328188936019533,6.600083036601149,5.734518476213141,7.817354693416884,48.75146735519651,3.522836665429259,3.40307688753196,3.755197605340759,3.5117576230924605,32.93093424834845
1628,L_TO,LSTM,2022-01-01,2024-01-01,29,1.6758031536411444,2.023498430518042,1.6863868345731974,1.945252464379012,1796928.242700755,1.4006216386788382,1.8167426312524404,1.3651222376130112,1.6951919458088809,974658.4745077292,4.649579550367559,5.9887136954949804,4.5565204200021565,5.6179155862353465,54.803954228434485,2.965329230843914,2.818962535535832,3.2074847770873163,3.0418401048729304,71.94114485674818
1629,L_TO,LSTM,2022-01-01,2024-01-01,30,1.1361769438314169,0.9174323090843076,0.8292861456221968,0.954653599479762,1775912.7719981803,0.8978630911936,0.686111393487055,0.6434495087113536,0.7254308470037927,995468.9838242532,2.9709220450342206,2.246225610508056,2.153018111860189,2.3939947140023548,60.405293120475775,2.248362502021945,1.95441096599914,1.694253282622479,1.9952681991369527,81.1267375111155
1630,L_TO,LSTM,2022-01-01,2024-01-01,31,1.7312673924681008,1.7586791566210378,1.668933801164478,2.0522028866321627,2016340.0160209788,1.4455391685469303,1.4920667876941769,1.3279415903579106,1.8036885289061424,1197502.71978875,4.79840732856646,4.905467889422596,4.428598952727138,5.9800831442013775,48.643712365091815,3.0712014996653787,2.971024712039463,3.2780257499093386,3.1146945357301727,32.94527782799198
1631,L_TO,LSTM,2022-01-01,2024-01-01,32,0.8305258112772782,0.9122934813347972,0.8025971233658253,0.8709318981263433,1942827.9705915663,0.6758432516277881,0.7566655681603756,0.6376913050602192,0.6926860087375114,1115562.0903130372,2.303172752374468,2.549571039152931,2.1914546043144543,2.3603593562519456,48.19983125020665,1.679800936950255,1.756798985395046,1.7062828315868943,1.8416129272390225,40.84473066860962
1632,L_TO,LSTM,2022-01-01,2024-01-01,33,1.693685660964004,1.2678414869042602,1.5477742063800446,1.408192303830125,2213782.773194896,1.5883659356375843,1.1381108183035862,1.41175699097157,1.2639982204863032,1404629.235991637,5.37016894724485,3.810774139600348,4.822625977467529,4.277627170191063,50.35353819986612,2.0685277863141467,1.9306192223569143,2.245143223872188,2.17968679161068,20.47195085266656
1633,L_TO,LSTM,2022-01-01,2024-01-01,34,1.5167667656632149,1.4715360297983229,1.463033338556353,1.7035987368576262,1951462.2238364683,1.2588229748665474,1.217253189538636,1.1505614340004844,1.4487721708523889,1127207.778319319,4.176192280894778,3.9966420751965455,3.833521340376599,4.793989392387326,48.719895563626906,2.727539101305902,2.6449598487774355,2.932168113715314,2.867728101196458,40.68623241001482
1634,L_TO,LSTM,2022-01-01,2024-01-01,35,0.9332183770196032,0.8014410984471794,0.8545120523194861,0.8827069634630613,1779244.5651647502,0.7211687155362725,0.606709539441389,0.6504173136891958,0.6655102569067177,984208.240279754,2.3863545519765026,1.9915020687979696,2.171165456197599,2.199701787143711,58.735841302345406,1.907940150632432,1.6808196846029164,1.7921331605010564,1.8701635785989184,79.0362528198445
1635,L_TO,LSTM,2022-01-01,2024-01-01,36,2.10485618912188,2.007751903152034,2.0155788680422315,1.9147636511606616,2375074.4908897784,1.85004319398311,1.7525038171933038,1.7137303432029691,1.5953551393559755,1604369.2668185632,6.157480452405468,5.77043179168726,5.735415092225672,5.276896664949925,57.17591953739187,3.2198157373223744,3.117112227758194,3.4208985145963307,3.399168524854057,20.03814264316728
1636,L_TO,LSTM,2022-01-01,2024-01-01,37,3.54606504181989,3.463121795821153,3.446825673778949,3.018899037642035,1781712.2471312578,3.346879838441664,3.263474619345468,3.2188726955271743,2.741241773264028,984958.0218215784,11.18873271385353,10.794954973853171,10.83737268415978,9.116077991427016,58.71587590804425,3.7059500893513424,3.6344230695107713,3.917102918447989,4.019194168346694,78.98983793599045
1637,L_TO,LSTM,2022-01-01,2024-01-01,38,1.1831323097875517,1.3324250727291116,1.2478084819442017,0.809216505678884,1833152.067799641,1.0354449264171222,1.2115396960623337,1.0835632917795823,0.6280502427702269,993053.955631256,3.5190509343033605,4.063850646748841,3.719486858520714,2.1390698560506824,50.65791218597172,1.9962788495472483,1.9291577436278209,2.177274105314687,1.7782567266930238,61.02085272893801
1638,L_TO,LSTM,2022-01-01,2024-01-01,39,1.1746048178880937,1.4613366904266536,1.2825692386348158,1.3752890104999504,1856581.1923954808,0.900208650231865,1.2232031987590126,0.9704209466504596,1.100118169990257,1017323.4488765398,2.9771425805865173,4.017660524997173,3.2272250806781653,3.629925288832301,49.89747995507774,2.438157088972883,2.553995831367605,2.720516518820045,2.6491414442044454,56.636958524640455
1639,L_TO,LSTM,2022-01-01,2024-01-01,40,3.178725547742963,2.8562003553989768,3.087895349234976,3.0588115537201914,2216935.3028454348,2.9728076223179056,2.6187052247963845,2.8548991960859893,2.830341378930899,1440137.081984083,9.930862330473978,8.647654694003796,9.602942527258223,9.41842707397984,54.04675268267908,3.564529358407885,3.603014114179657,3.739892083189347,3.653172190952262,18.385026087067715
1640,L_TO,LSTM,2022-01-01,2024-01-01,41,2.61809806819282,2.381692015897084,2.6074038133104738,3.0677568164329463,1942350.64284456,2.30447623131885,2.0649840181640977,2.3069817392114427,2.8473630523300946,1114199.3894626696,7.676147900554361,6.801502644211081,7.740768830247538,9.476344951139048,48.64605529550109,3.999487465713453,3.788296437527647,3.9036728623776535,3.589657818452216,42.19091715763347
1641,L_TO,LSTM,2022-01-01,2024-01-01,42,2.6738507282184663,2.510749214720337,2.4956754579417417,2.504497261642913,1929361.151603695,2.4288170737798414,2.2611092557151244,2.1939113039691347,2.230023624305515,1103232.7451618512,8.099956212348086,7.458853122801287,7.359175164371769,7.403615995100058,48.76073265656045,3.570013239633887,3.459705872125987,3.828023365369466,3.6267845154115417,43.59509021836376
1642,L_TO,LSTM,2022-01-01,2024-01-01,43,1.203855656756218,1.0924284589840032,1.4931098794846556,1.4039836160730457,1945197.3365007923,1.066991704312362,0.9533370092968204,1.3615535976175708,1.2660860046153894,1116423.3919312556,3.617895536399715,3.1983833985298964,4.654808882241517,4.285770285231929,48.13168417168565,1.945903261453517,1.842293923008438,2.1725405562009623,2.1352504018013976,40.73052752622954
1643,L_TO,LSTM,2022-01-01,2024-01-01,44,1.7826127489360868,1.8629420835640875,1.8214714004349155,1.727963874138785,1832440.605480391,1.5327847356004596,1.6374542116393045,1.5457604721357665,1.4292653063488845,993413.4300049146,5.0943650288794,5.392089419308913,5.170941962833598,4.724554159446911,51.26839753221686,2.924671504430138,2.821916563314477,3.103832729493896,3.1176900552826456,62.61159816535288
1644,L_TO,LSTM,2022-01-01,2024-01-01,45,1.913806219964544,1.3823734311242517,1.568823729592148,1.6199316190601247,2015062.223214564,1.6940542508445964,1.086886633596794,1.244238042700446,1.3355622826294014,1665737.3818469048,5.638329889350765,3.562319852767669,4.148598103260514,4.413405974900634,117.3329368812214,2.848783696461592,2.741471686293505,3.100488136605528,2.9416998344685448,126.8534125495417
1645,L_TO,LSTM,2022-01-01,2024-01-01,46,2.8056733382050094,2.8319528669715286,3.492513760380973,2.987900360268338,1803472.718134136,2.421274252843117,2.440000855782145,3.1697543544438123,2.62160344723092,1179485.5072514217,8.06009796177589,8.038240117604015,10.65505308249016,8.702841324270576,79.79467348819274,4.575232112891501,4.599249039510943,4.698675346316697,4.583836837470474,101.98683658020838
1646,L_TO,LSTM,2022-01-01,2024-01-01,47,0.7265931345501444,0.7422574188223594,0.6388061035717085,0.6551712941099962,1819289.5502838008,0.5900084927468241,0.6010410605685552,0.5393913278270056,0.5281755317698753,981966.2139983972,2.0081060351819984,2.024787094633982,1.8238165362942969,1.7815762724044744,51.63908591317593,1.4739217963124975,1.5032812965241555,1.1410967600054212,1.3296609626134133,64.44412975585651
1647,L_TO,LSTM,2022-01-01,2024-01-01,48,0.8195023090863256,0.6253252933229299,0.928867562985482,0.671079400065015,1778406.7218041597,0.6682518237794255,0.4977362062476022,0.7767975119665539,0.5467470704551108,1051260.6861639025,2.276799297940624,1.6690422989816645,2.669351911441466,1.8400124637387008,66.28107111471037,1.6480283792574213,1.2932803891290918,1.7889645199966369,1.3237390073597697,86.74888340806261
1648,L_TO,LSTM,2022-01-01,2024-01-01,49,1.594959201118746,1.3500944668803017,1.6430647353919414,1.8563386944819424,1848054.5506212933,1.3300152602251794,1.0570466481614302,1.351321987638748,1.6101296169959407,1005525.0774470964,4.413733187961463,3.463992672391219,4.512813178037685,5.333923849960658,50.19320655690688,2.837235939175589,2.694145463354629,3.020949185002686,2.9467963116081037,58.80713360452168
1649,L_TO,LSTM,2022-01-01,2024-01-01,50,2.1608866905786166,2.3047590978896784,2.2340015077856075,2.1358944287465755,1941291.5344742404,1.8858343255653665,2.087315688962517,1.9602171296506323,1.8479309063270724,1120961.2260158856,6.27604544903137,6.886037096741394,6.571818080446048,6.124943970686969,49.87088577286456,3.390914794048039,3.090267533284216,3.441170508534808,3.423269541111177,44.73391598150804
1650,L_TO,LSTM,2022-09-01,2024-09-01,1,4.787690401899754,6.566740992242896,6.040003054106166,6.091465111318328,1338333.461233146,4.39487066943566,6.1676664851515,5.642957978449838,5.72251227677519,1265159.9656118948,10.55291034309979,14.668121274333265,13.611799055172485,13.702313549036685,147.65223254583114,4.5205113314573335,5.2962841088383765,5.120096375712175,4.945532576487848,79.24606675954836
1651,L_TO,LSTM,2022-09-01,2024-09-01,2,6.600391202256712,8.31081470704287,7.54446887713775,7.205876684616551,775226.5020225798,6.267818532962565,8.14469307589965,7.28790235286891,6.92920038418761,610205.6643469384,15.012363189713248,19.35579115745743,17.551043530381737,16.556032788683442,51.441835072387285,4.755641375993074,3.675150509381998,4.427197720551478,4.488602594977516,30.824351139099612
1652,L_TO,LSTM,2022-09-01,2024-09-01,3,3.8009724219626135,4.403283462268504,4.2442335458460265,4.246687365587627,831715.2793333683,3.4516991297544046,4.132454990333967,3.917192246996812,3.9556238076167727,782475.2163771788,8.245261541542856,9.796379492142744,9.405420304332372,9.430239274691637,91.66720824601138,3.6862647643399056,3.4661138167234444,3.770129921758479,3.5357812645341333,52.2110271411898
1653,L_TO,LSTM,2022-09-01,2024-09-01,4,5.132715802697758,5.271971811022533,5.247677850519024,4.857973253708741,1656420.9604432464,4.79909099681936,4.969232930401516,4.9095693428969245,4.474230377546943,1602932.6495840151,11.481356110085226,11.784105195765624,11.798282657873042,10.665047460759297,181.7775327556014,4.189999895569875,4.01202655919229,4.260902776949731,4.349970709873677,82.19596046630153
1654,L_TO,LSTM,2022-09-01,2024-09-01,5,0.6805721783105928,0.6137944709693474,0.6281144116317945,0.669808155319646,666399.64761622,0.4730287258117772,0.543770939551996,0.5441803615342524,0.4432095894584715,519359.90948026377,1.1564449917057205,1.29987876466551,1.3256041910580698,1.0803199003874808,43.265379804040165,1.213138406162681,0.6906633540474891,0.7896959957504515,1.2473673573352444,16.05838582197524
1655,L_TO,LSTM,2022-09-01,2024-09-01,6,1.634367639246328,1.7746031935990731,1.6267998481283212,1.307180994605149,423142.388300841,1.456711195306322,1.5987059046687129,1.449435787040344,1.1142071035700838,288926.41955862445,3.5168834772199293,3.8187078239160823,3.5199115362930957,2.6866268114830656,25.33580181948373,1.828243315607018,1.878626799657299,1.843274145476384,1.6928553618521387,17.0824923679865
1656,L_TO,LSTM,2022-09-01,2024-09-01,7,1.9999780445798063,1.3638290697412496,1.2558105931822812,1.8332974075585775,935286.2687576204,1.818862151222984,1.1512585580193526,1.037341454004543,1.6445195715948784,874975.7848413786,4.339703132003844,2.714341154195089,2.478018046046435,3.909048280422552,103.05687851831472,1.9288056639752609,1.6966220480991567,1.6574824646649784,1.8771581757626892,58.4639108768596
1657,L_TO,LSTM,2022-09-01,2024-09-01,8,2.144939890113939,2.252613304792789,2.3907979403593687,2.7600040436639777,430032.6702504779,1.8649798717105808,2.018875520885868,2.116329171283944,2.551373732504605,349998.52343102294,4.442763446839253,4.772874308297847,5.067516702330211,6.07588027487452,36.1201697974089,2.4701694315176503,2.297660537284508,2.588907360093154,2.4129574522114625,24.37014749917953
1658,L_TO,LSTM,2022-09-01,2024-09-01,9,0.961810195695632,0.6962917911603524,1.038135680900797,0.8266409802880639,865780.4698003794,0.8535362550998128,0.6087447052983599,0.9196115783512516,0.7326837793390647,810782.0648012558,2.036414514612654,1.446047716148908,2.2031417719511377,1.7494228401496146,95.4050335900261,1.0338249642686208,0.7955596517039316,1.1233734360665966,0.8985675857056628,54.92920174444127
1659,L_TO,LSTM,2022-09-01,2024-09-01,10,2.7702159482196653,2.9419522525158466,2.9271691871031478,2.4443259456538367,725959.081809696,2.5294062595555884,2.737445459109149,2.6776919447985628,2.154022884319208,683760.8574370543,6.039493804867726,6.483122328968453,6.4227135990535285,5.119625242037694,79.57378423171872,2.611234873169169,2.4578136508709467,2.7330074611596604,2.674133709995686,46.09609006872083
1660,L_TO,LSTM,2022-09-01,2024-09-01,11,2.591428539556677,2.5328468848137824,2.9122183410198312,2.7261167862137894,426789.5423951158,2.2877337609768813,2.2464324710414165,2.619566960131048,2.435160586455292,342276.1710572243,5.454701324194818,5.310016525708394,6.278432736463175,5.791274920816133,34.738169295377574,2.829744262145033,2.6931372778372027,2.950420158649495,2.8286187922741046,23.516538706100015
1661,L_TO,LSTM,2022-09-01,2024-09-01,12,6.542865958368245,7.197360981279444,6.557277858878788,7.226118856392837,531053.9828897681,6.051770103306756,6.777582814420463,6.0142819198900135,6.785193650408193,473586.2498232722,14.476493357415112,16.077450655950294,14.4461094084894,16.193137842931854,54.366503988822544,5.749108078989514,5.534915758206184,6.054187488985118,5.694978700799874,37.53425399420337
1662,L_TO,LSTM,2022-09-01,2024-09-01,13,4.823842443024399,6.704899388655163,5.280349284054434,4.699685921210721,508386.7753733304,4.41891594254683,6.4914537000291865,4.928565734551015,4.281750321910674,451517.76321748894,10.563342914411718,15.413242929164122,11.843041703040026,10.202420583491074,51.15019701284938,4.4779581686266985,3.768394928584725,4.361999113291113,4.465277334891011,35.477018586048544
1663,L_TO,LSTM,2022-09-01,2024-09-01,14,0.6592780195202969,0.7503995764065696,0.6541133746074372,0.8231793305159182,476070.0736117146,0.4664522075928116,0.5312463745020456,0.5083636579200921,0.587011498274713,299867.26684987545,1.1386207919592493,1.2820882200472818,1.2437152144984651,1.4284439009572345,22.53487775544734,1.1528988737543526,1.3018835797921091,1.0312208129277638,1.4363606907851956,17.18700971546801
1664,L_TO,LSTM,2022-09-01,2024-09-01,15,2.6882058001825384,2.5815208770747207,2.2110256132448787,2.520717732675628,1168703.4259978677,2.452270858664684,2.3328345815868725,1.961698859051869,2.2596184571602254,1085278.9922732117,5.897956204762453,5.555436128802544,4.742350916074683,5.418468896666544,104.37068601916056,2.652327367737942,2.6394506165933573,2.478821824520957,2.69226317398336,18.98296074180427
1665,L_TO,LSTM,2022-09-01,2024-09-01,16,4.17607982386664,4.86323237710883,5.020155457882328,5.350768911308971,645733.5526182842,3.7350678230842056,4.548458692114186,4.679278261510224,5.053166703674644,598789.8901991049,8.919310680798942,10.782106267243693,11.242548721800432,12.0571924919054,69.74761218986224,4.340215314128907,3.9293462111686015,4.185878204859426,4.010482623927448,43.07741579014996
1666,L_TO,LSTM,2022-09-01,2024-09-01,17,1.512187005213947,1.876083867953456,1.4060763023970906,1.7996873482485245,606045.8337264073,1.2608189296345214,1.6897821447770018,1.1374817790792175,1.5813187901369248,559981.171622773,2.997697051700304,3.994062095303607,2.7141267164752274,3.755873223373654,64.72762443503981,1.955065592226081,1.8763847101723112,1.939981392442131,1.9928116233615656,40.00894229564324
1667,L_TO,LSTM,2022-09-01,2024-09-01,18,5.427313141115043,5.196770205773931,5.421319474135694,5.38205899856792,778861.7905987181,5.090483025610328,4.822411017339945,5.110820112239179,5.028278611843787,653164.7381965816,12.228478024545298,11.47181217477072,12.337720560508998,12.043674487054908,58.21796065567887,4.48090239087703,4.575224896084107,4.324626177796927,4.5673939382375055,15.225828229177878
1668,L_TO,LSTM,2022-09-01,2024-09-01,19,0.6359552973560401,0.6437186865127554,0.6604540091880478,0.6683832500870243,420334.1519655932,0.5141708764919066,0.5869786033359936,0.5958415999792254,0.5778020299210084,300208.72455209494,1.248502686517939,1.3986482458500074,1.4455298339494966,1.388622586027289,27.322724217007572,0.9319770753783192,0.6321589470894642,0.7118321509165715,0.8216385749585479,17.944481254520817
1669,L_TO,LSTM,2022-09-01,2024-09-01,20,3.771867816798516,3.340780483995951,3.2456031562104792,3.280694560142968,425115.29933651065,3.521782051540172,3.077782848444997,2.9140974741353904,2.9794407739104978,338611.9971060753,8.420393555807095,7.287816737972208,6.9858501699209805,7.092968729247223,34.04603419140601,3.101938200561014,2.971347165118669,3.31606662437529,3.1604095739666347,22.772099978934826
1670,L_TO,LSTM,2022-09-01,2024-09-01,21,1.9090713709271103,2.289760337457133,2.2160143697395047,1.676405834282987,957333.6218103037,1.6387172833003814,2.094782749777969,1.9572502784860164,1.3789833225391703,897904.0186576048,3.901172384095298,4.9559400482319615,4.685452963299133,3.26840772174807,105.545890836684,2.2880292434501666,2.118498489094325,2.4209977531073688,2.221362892100987,59.02562139549828
1671,L_TO,LSTM,2022-09-01,2024-09-01,22,1.255393974175261,1.563015991930841,1.9835625016575376,1.6904388743223115,786307.2238925009,1.034200542672402,1.33422980445922,1.756353432105041,1.4678069989207188,737846.3866027197,2.4596352318418684,3.146929637919778,4.20401604471152,3.4846866886749392,86.51593140993073,1.6644847828917242,1.888227242504389,2.1499600750693526,1.947388926545697,50.46144320538901
1672,L_TO,LSTM,2022-09-01,2024-09-01,23,6.893292923823234,7.088175009997896,7.12487572029064,7.283623842192902,540325.0355326147,6.3272811347887,6.567465942024943,6.575157876262063,6.761797106632233,479156.4055365324,15.133097209938075,15.57032202427721,15.79841656263775,16.13049799733523,55.30216881643255,6.339427164726858,6.120095139196418,6.351592577804439,6.22470203765679,40.082685832174434
1673,L_TO,LSTM,2022-09-01,2024-09-01,24,3.201874412411628,3.1358532597731577,2.5516927780541474,2.931905998366791,685587.8588204152,2.989543002238178,2.922243151090467,2.209618297415524,2.672461709110591,538715.8567551834,7.145708231545314,6.92172217522167,5.287344487848002,6.361623946106949,44.334014208375535,2.631800613260749,2.593075696823775,2.9787613522430374,2.773064689850716,18.58915980323537
1674,L_TO,LSTM,2022-09-01,2024-09-01,25,1.2531522492004854,1.0704730640124125,1.4030975632988147,1.204642907957956,863942.2625871339,1.074722829510898,0.8853370764636881,1.2247129109247994,1.005641938670078,807352.5259572268,2.6020833534776147,2.1224935892855328,2.980200088617351,2.4295242678944904,95.18136565987233,1.6013304232239665,1.47784457188327,1.7170855117931694,1.6487849736603677,55.402854821644766
1675,L_TO,LSTM,2022-09-01,2024-09-01,26,4.9564696160223045,4.721511125237496,5.070363412680175,4.886629414180312,457194.4784006206,4.603968061964798,4.359612492996635,4.723289364734124,4.531692118935204,389821.2237568696,11.010751269235785,10.32975969892092,11.348022120309114,10.804331019655937,42.110252262656815,4.231339312315823,4.152954705268138,4.24476817854857,4.19348880740784,30.016865832198604
1676,L_TO,LSTM,2022-09-01,2024-09-01,27,3.911763801922112,4.351793642710887,3.9019288085342136,4.6212946636020975,687048.1286525885,3.637735477959879,4.0481715860903575,3.649937289012117,4.337388893046144,648787.273122867,8.74361378393982,9.633451301039624,8.81673837429292,10.3927964875016,74.8689355432158,3.445996393697871,3.783851857791381,3.32599898705669,3.80792124592405,42.582910423029766
1677,L_TO,LSTM,2022-09-01,2024-09-01,28,4.359155959185903,5.413612934458784,4.342909489376229,4.961307822636423,750993.3724200494,3.9455217088190353,5.1443637256368415,3.887551925591859,4.640381762489953,613659.4522232562,9.425548064795322,12.201917973481006,9.323266855415808,11.065649386916595,51.84449819678123,4.295998832273113,3.823164899179472,4.4981321166245465,4.01073725488532,19.3146614573074
1678,L_TO,LSTM,2022-09-01,2024-09-01,29,2.8679322134841434,2.7749677095711496,3.123968547311387,2.7141136782141646,484609.7473063845,2.655856290449805,2.511135620596909,2.933624542505733,2.4819968784549093,300475.3077381353,6.391465084254809,5.980793722450401,7.094072525388993,5.95567065001152,22.27972649937665,2.6219319806264867,2.823203406760725,2.6173156442715144,2.661240010122163,16.841988217811654
1679,L_TO,LSTM,2022-09-01,2024-09-01,30,5.615937008629511,6.136663446040313,6.285992528838538,6.025154262851978,872686.7580340607,5.229997724515708,5.825029693218869,5.954416039066424,5.692677892732301,814996.775055329,12.512968648926307,13.820438429017567,14.321607770812175,13.587125218645385,96.1253236990109,4.722540718252491,4.396335459934543,4.6179770151278206,4.508152578079063,55.91438469595008
1680,L_TO,LSTM,2022-09-01,2024-09-01,31,0.667477587379834,0.9243947394952868,0.7881869527931613,1.135777888793462,419054.28210613417,0.5924249712978996,0.8454279371946939,0.712391691372553,1.0272118289004992,306273.5554735859,1.429606351716461,2.001157433829976,1.7152812764999703,2.444413071410374,28.561598461915484,0.758811223324502,0.8570476131124376,0.7987346301027124,1.1206917583815228,18.849197254784496
1681,L_TO,LSTM,2022-09-01,2024-09-01,32,6.6268023373082725,5.756348799530105,6.428403159139394,6.9749572737954,1781707.3798986287,6.136064353536075,5.2315310638916,6.006632029013058,6.5190814330091,1719568.141929309,14.724612470409925,12.433059592592,14.485656593599098,15.601148160734708,196.66625343861003,5.9146791950908,5.645200734590106,5.430390980848783,5.848166599675302,98.2910404798348
1682,L_TO,LSTM,2022-09-01,2024-09-01,33,6.400018313492052,6.6365041181185145,6.713070448479556,6.936029025937031,986636.5540439975,5.87678673539403,6.195083836678734,6.220072056236124,6.505753212629217,937512.202890118,14.055839634311592,14.69062002047762,14.948051295003468,15.52543370407652,108.61005504958476,5.875816736125157,5.451740737164473,5.841330466848597,5.512916648893764,56.43211600672612
1683,L_TO,LSTM,2022-09-01,2024-09-01,34,4.696276702658003,4.081252405720197,3.4544899375271227,3.869577931750861,699948.7865878115,4.460108090862914,3.814965030770924,3.0850393329396826,3.5610850358575514,551453.2087660581,10.674977436056622,9.041016196997138,7.395294335676962,8.48460458203887,45.36119634097951,3.3562809096492083,3.306769242740284,3.6116650408944415,3.475616313277885,20.54544116539027
1684,L_TO,LSTM,2022-09-01,2024-09-01,35,2.361039843239561,2.378563993027017,2.307504841015971,2.141178283084171,1120152.1758448014,2.10517789773143,2.1537456361279026,2.01004181698385,1.853608388305194,1054063.4655622642,5.020315229586723,5.093807927145987,4.80967109069982,4.4013375471477545,123.36796427987169,2.482596392442142,2.316855331687786,2.644159823534277,2.4877897876530644,65.98964439349922
1685,L_TO,LSTM,2022-09-01,2024-09-01,36,0.7462555538436337,0.7614881454043299,0.7643346230001881,0.6899582173405955,447864.0629657088,0.690183990002069,0.7114660322211577,0.706905446458254,0.5973067429555841,287887.39441598457,1.6541123403982358,1.6887108619220204,1.7029019824139628,1.4328874041658073,22.9360955090767,0.6687290777996961,0.6252316174303157,0.6875287019270292,0.836632811877853,16.81346344668169
1686,L_TO,LSTM,2022-09-01,2024-09-01,37,11.474010473074364,11.399381315672384,11.239047710276058,11.43107833677166,1074938.7015064969,11.1086431376505,11.006169012704577,10.809533806421744,11.007658417845002,1020648.3979101976,26.64587491484448,26.151810166339374,26.042537959686506,26.31814823412227,113.63959021096824,6.584581268680288,6.780481799342366,7.080557392138498,7.051982961029196,54.58107299497242
1687,L_TO,LSTM,2022-09-01,2024-09-01,38,2.974304762814846,0.9677035630898512,1.0034747250248486,2.3310217329785083,2276848.3742934167,2.818703526896259,0.7567998286345456,0.8997086616287494,2.131734799160169,2237826.848824024,6.741319739607819,1.7883085324832293,2.174872654201708,5.072761590822087,250.0642179664858,2.1662664332784605,1.4050114458714602,1.0757927117226642,2.170716660237746,106.29333040467364
1688,L_TO,LSTM,2022-09-01,2024-09-01,39,5.110511376499932,4.201565263128917,4.235405146863132,4.410922907575011,605607.0589127203,4.830012893855989,3.89112834656775,3.92180181176903,4.100866532098402,435986.78446335095,11.605732575239518,9.258904402971924,9.465766480239182,9.824802630995736,35.01862132839122,3.977942469654811,3.754134505717005,3.831697180680001,3.8785999991648135,18.574518849861093
1689,L_TO,LSTM,2022-09-01,2024-09-01,40,4.688901777637807,4.874964764083368,5.055956657457658,5.728979059501184,605983.6794038194,4.307064485216084,4.5256619003936525,4.663994896461096,5.462465437405869,557369.8944175243,10.296048281024545,10.725739742259789,11.201909283530703,13.03957070169105,64.68230480932,4.285017525689387,4.146960686263141,4.511216881135551,3.916718378034054,40.90257837940698
1690,L_TO,LSTM,2022-09-01,2024-09-01,41,1.6858159462684066,1.829584797053438,1.9739157091877328,1.9155154162415124,1507090.615968055,1.3985319333515125,1.5851744198146105,1.6854812335560865,1.6581442084236642,1446998.937639793,3.324855138493174,3.741867454274106,4.028621833690113,3.9366667330750538,166.2221427437239,2.205006115839402,2.1118655969318234,2.4051457120678665,2.226185137242825,81.32796685204328
1691,L_TO,LSTM,2022-09-01,2024-09-01,42,0.6938749707433409,0.6063580248951922,0.8934871216309105,0.7195213128966328,913654.019043064,0.4897781014538379,0.5225775624699541,0.8162828872750043,0.4793637980979535,855017.0149443547,1.1960974107199631,1.2476929763122473,1.9604478098315208,1.1677671469449171,100.65650607583578,1.2200515537771577,0.744653254357382,0.8496455968818737,1.3322630024944946,57.22530368455945
1692,L_TO,LSTM,2022-09-01,2024-09-01,43,7.083290946437414,7.121536130432077,7.441635409478784,7.412531150691943,444077.77461497113,6.581800565591872,6.611892072839741,6.943203943448395,6.884347067808547,375644.5692971349,15.796276436968313,15.717991545480755,16.74106048092403,16.47230293710158,40.03361410451504,6.190589168257488,6.207780047440075,6.342477223625344,6.480348579090085,26.03199061158844
1693,L_TO,LSTM,2022-09-01,2024-09-01,44,2.578557948407342,2.7269691534546774,2.645587838347649,2.686841904839652,814651.4891587895,2.3490207233233185,2.535012765436747,2.395582753870511,2.46165630218242,765415.8003401756,5.607505843511597,6.002676355361136,5.742639177951246,5.860213742425871,89.75728585471165,2.459958088926923,2.292643035250783,2.601751707976911,2.474395482008785,51.75045933992445
1694,L_TO,LSTM,2022-09-01,2024-09-01,45,1.2816931860170828,1.4788634524976532,1.0844986450577303,1.6916811600267698,704776.6282641017,1.0870294797864115,1.2990569287697176,0.9197903511713827,1.5168665011243092,567256.3799687723,2.5860611084750342,3.066958712589372,2.200946397263903,3.605557379103576,47.83627745756876,1.5906675860983173,1.638746742289234,1.3431303975317348,1.7359470217043265,15.45786932026328
1695,L_TO,LSTM,2022-09-01,2024-09-01,46,6.713159448340562,5.0613526144671175,5.059448047343687,5.521291157200072,1522123.8655300862,6.364512693560912,4.646981502165948,4.679714452821348,5.121913479244798,1451087.004442513,15.287045263327707,11.05179024831107,11.291455921483964,12.2638276654351,144.02564097817628,5.061818631877088,4.735715147601269,4.597196114842348,4.896272219305809,34.44437521233333
1696,L_TO,LSTM,2022-09-01,2024-09-01,47,3.909145824303772,4.109358810373088,3.859306550293309,3.987702284859727,715249.699337291,3.5880529265176744,3.8373757801972497,3.5152901064808417,3.679184579608061,567620.1273695627,8.574427650867904,9.09379471917898,8.434589466940281,8.767307515733327,46.94567381413644,3.5845661976322085,3.353555120202454,3.686761195042582,3.528687532649127,21.274288845910423
1697,L_TO,LSTM,2022-09-01,2024-09-01,48,3.778263209198864,3.4145864507895127,3.480543445832568,3.532042382330707,803537.2405118654,3.5198698622648674,3.1361081646445177,3.2292760825517823,3.2617079632878663,752299.7504546245,8.461818216356747,7.466111358316464,7.801893860709956,7.818768751414434,88.4509887444186,3.294883331658472,3.216252198297177,3.1381534905252506,3.255142586271253,51.95396612139415
1698,L_TO,LSTM,2022-09-01,2024-09-01,49,1.4341213352429087,1.550935819116024,1.2657181415277592,1.8539664534995344,727123.1177922935,1.2554794431225789,1.353859817117442,1.088758632082251,1.6821159109030608,681675.2548321089,3.0306090148741998,3.2325538118001247,2.64554071083523,4.04573641183602,79.66584317659856,1.7050060696395477,1.8360106463945236,1.6082115532226322,1.9215015529177997,47.11346591999882
1699,L_TO,LSTM,2022-09-01,2024-09-01,50,14.744129889552717,14.230323163905878,16.0697439758698,14.336176691939231,914843.8713221882,13.815095591593169,13.370668584713464,15.238843535471736,13.502447521117425,764561.857088767,33.15190168756356,31.78983161748492,36.75136112584313,32.31479455801672,73.11826710850862,12.154105339901312,11.417622447826412,12.041575294847975,11.34449358541417,35.044984532469506
1700,L_TO,LSTM,2023-05-01,2025-05-01,1,3.414881548745735,3.9679779301407705,3.263136384262283,3.304756864657773,849934.2310663172,2.881772341133843,3.4930985673267143,2.688225710839258,2.729798642275944,699187.393184503,5.551509801721298,6.659156464016344,5.204170735748023,5.211818864804861,45.99287617570982,3.3555003120948066,3.376184689905412,3.425747927731297,3.4110054870122872,41.1260855921954
1701,L_TO,LSTM,2023-05-01,2025-05-01,2,1.536135678971006,1.961701379201641,1.4549860823678893,1.4599163983271517,1004648.5547947217,1.2127610165120086,1.6009967195984995,1.2205786097039926,1.2448585225860789,709540.2353904644,2.332976806554706,3.0340566237603084,2.3913056308389624,2.397891415422281,33.17986531481799,1.753152254869804,2.06483981434851,1.5014397638962684,1.3903678318603037,24.8053976149626
1702,L_TO,LSTM,2023-05-01,2025-05-01,3,4.65846818064889,4.964584389111309,4.974604759765407,5.376275681470268,960528.1175474128,4.054959266432439,4.382166104361382,4.378300696573779,4.852427537336954,693397.3399204016,7.834857638414331,8.355316526050364,8.533381117676853,9.35337651570124,34.83979552960949,4.172796359674753,4.185386873219018,4.302215305495203,4.112657061375979,27.09690772057552
1703,L_TO,LSTM,2023-05-01,2025-05-01,4,2.207507930919207,2.796225261590728,2.493789155837632,3.1915046927252426,1039131.8216874156,1.7703517467930647,2.347326324543938,2.039025011885974,2.752656390780684,738103.1106479963,3.4006065511745684,4.45485813734111,3.947620415246137,5.281484638235321,34.26868252911427,2.4330214308205447,2.760036481201897,2.657270097668621,2.9331464582910503,24.88757135383428
1704,L_TO,LSTM,2023-05-01,2025-05-01,5,7.853424177581288,8.820863700040672,9.150493025326474,8.953086098520375,1123161.505272651,6.97924539437751,8.085004961045325,8.494912897277437,8.269163111023232,818708.4096892675,13.518646122908454,15.4888175227864,16.672671307200783,15.988964483479254,36.92566723216338,6.536340213382699,6.211484776046512,6.004372619357914,6.02180367220096,22.512352339901664
1705,L_TO,LSTM,2023-05-01,2025-05-01,6,5.402264104552114,6.26622384576514,5.931026012503248,6.188685119282363,913759.1847776964,4.711489639364673,5.657409555531336,5.293737403991338,5.59688319471846,685839.6543586254,9.105273897768305,10.816156684736535,10.335195115830157,10.79115502091092,37.148927405002006,4.811006681009579,4.78132470049793,4.83971533570696,4.689914566865282,29.281735068141977
1706,L_TO,LSTM,2023-05-01,2025-05-01,7,9.241011240018734,9.59377584853526,8.830149445715568,9.02597509530634,843751.7386942457,8.529199881309296,8.902002108081964,8.081251552209324,8.313024019279005,698754.261815548,16.59995583905403,17.08216138396261,15.830713085636122,16.068084828270987,48.21664464134443,6.2971450094897286,6.235797285698315,6.3572462619895225,6.179196396736481,44.75514792616344
1707,L_TO,LSTM,2023-05-01,2025-05-01,8,7.381094132009776,7.827934995788606,7.518648530578383,7.892761186965984,964776.1521368878,6.67085058084777,7.166171879777973,6.839283722539062,7.249136592869581,697001.8616569042,12.946976196179127,13.72562231489433,13.385634643212684,14.005401801917127,35.00216169587601,5.6730828525808334,5.547092320144141,5.600444398005851,5.49916937384281,27.164422644470957
1708,L_TO,LSTM,2023-05-01,2025-05-01,9,4.372543880873786,5.389548443127523,4.788954359411367,4.695289731336079,1129656.3230930765,3.766845894489102,4.87830927299363,4.19248603811589,4.107138788715584,824544.923727115,7.27027074846997,9.329586753487776,8.166200905610014,7.887678796072955,37.1128199745752,4.049067303529407,4.05425457664602,4.223667941015073,4.103473458913916,22.458977688977438
1709,L_TO,LSTM,2023-05-01,2025-05-01,10,6.032530812192498,6.776839997241066,6.32725598425534,6.13361583802104,1275163.272202815,5.365716595830102,6.165856509438453,5.716050060790636,5.500195662180749,975837.8086121876,10.393049998662104,11.799736300122689,11.176510016531113,10.59387887318458,44.01005836082396,4.989761927673006,4.973553048286071,4.876863508732934,4.844726218507199,21.630378146313078
1710,L_TO,LSTM,2023-05-01,2025-05-01,11,8.45953609103441,8.73942573763421,8.911419855383386,9.055943622526026,908647.1037782852,7.642944287815589,7.924748379462397,8.16612552624391,8.31666956535876,768182.8543666998,14.83410057400823,15.161429893552992,15.999578295584262,16.06922084086752,58.16571085644402,6.513387182867632,6.531903934851687,6.365292503364885,6.313277126669606,56.8093259958021
1711,L_TO,LSTM,2023-05-01,2025-05-01,12,4.526355760438266,5.084595055717783,5.1625155888542125,5.768696744438018,1523725.588095361,3.859254834598324,4.461577504007918,4.544694456558189,5.249907350113377,1363551.6603334744,7.440781389076473,8.500941161103105,8.858008098788682,10.130091563454696,108.6911187910858,4.32504824145984,4.382929830245633,4.45667304069053,4.22223521421278,95.17131345645404
1712,L_TO,LSTM,2023-05-01,2025-05-01,13,3.34115650563864,3.340997581107237,3.2656646210749707,3.6739880641296714,1093989.883369688,2.8145027804617677,2.8066876443009097,2.683093767432557,3.148750626375647,790574.9068601927,5.421164445326221,5.32473684090321,5.192945882178543,6.034865734731609,35.84008612289032,3.2966358541219147,3.283771798369431,3.447196025124757,3.433724749735541,22.826155463352563
1713,L_TO,LSTM,2023-05-01,2025-05-01,14,5.033984791955591,5.647097527275196,5.127457567347359,5.7650482894534365,1134335.9132755008,4.415264516301178,5.11472463519465,4.516028517670247,5.246444285290583,828320.1460842291,8.538003067815774,9.78248468568506,8.802592036737819,10.123261745686415,37.15674029242327,4.394389121898234,4.233514585849323,4.4199066108593446,4.224458218722571,22.43046739283001
1714,L_TO,LSTM,2023-05-01,2025-05-01,15,16.738348859090827,17.834416141925228,15.771978781993791,16.61994623362754,1094445.70146114,15.883460002452004,17.121103551254567,14.819697453302371,15.756706923710672,816475.3383551041,31.044733057259304,33.031097682130515,29.148915488726946,30.590571004412435,40.276581146020405,9.12821926872783,8.343328677312348,9.512337789446224,9.091382788220416,25.77934837902286
1715,L_TO,LSTM,2023-05-01,2025-05-01,16,7.963250352821552,8.67309181612874,7.3496170525450655,7.288033466662135,1658863.9854701082,7.286773900226081,8.037851219393179,6.634348739922514,6.546189331184193,1415248.6772209902,14.164918726056024,15.420610652879382,12.97196044666204,12.612265142978355,70.19841803215192,5.72187406673507,5.686225191168329,5.69572125812238,5.723316311316869,15.891400200385617
1716,L_TO,LSTM,2023-05-01,2025-05-01,17,1.3045070044341995,1.0069367018199056,1.0873748412616926,1.3975424260691165,986765.8231305352,1.0313363535768787,0.7725254993706303,0.810942961509325,1.0753080916051052,696248.7872970104,2.098493367367446,1.5367616693008868,1.637674242449069,2.1705445479313754,32.70397476009793,1.6688684392399202,1.3100716854555172,1.5159237225697908,1.84886870167766,24.573035162060616
1717,L_TO,LSTM,2023-05-01,2025-05-01,18,4.200487861609481,4.983648778428861,4.154265688088871,5.053788235162184,1382455.3228592214,3.5943317168155438,4.446668463972609,3.51731060340848,4.545290563385652,1105420.430631141,6.932624139489553,8.489220299920634,6.826112106474598,8.757787119343421,51.60541429726568,3.9709302778634936,4.013145705620113,4.069459516637657,3.929293805810611,18.76360968473785
1718,L_TO,LSTM,2023-05-01,2025-05-01,19,10.268471466175132,10.495558026582016,9.419455675916389,10.122335426264932,955542.8019256752,9.542098068425297,9.785723633480483,8.613877562242855,9.379338825985148,688773.2722914219,18.58924545928911,18.79115712432962,16.873359968232446,18.144749808338013,34.48014754446808,6.6794932260423865,6.584543592833975,6.8182935428239695,6.670634982351226,26.69830322789936
1719,L_TO,LSTM,2023-05-01,2025-05-01,20,12.534153201816393,13.392102564121506,14.057389707892645,13.919820952868658,983213.6331021376,11.507800317514318,12.442260759155698,13.29144367879167,13.109028962208104,862168.736436367,22.38520091639481,23.88393708174137,26.163085393933837,25.42180957871648,66.3970210431909,8.868710920574175,8.657792607305764,7.9502653443322275,8.083897662416948,58.16296555611649
1720,L_TO,LSTM,2023-05-01,2025-05-01,21,1.139284315446744,1.0605300089159044,1.246989990271434,1.3941325154692057,1162887.0320210878,0.908181739879564,0.8862081632047266,0.9315362171899008,1.0392999099249665,854149.751278162,1.8411123813225785,1.7103935992242545,1.898875539809544,2.103947261132256,37.90167968314274,1.436358238219958,1.0871943250320375,1.7439653129563693,1.917485767201914,22.38288730581665
1721,L_TO,LSTM,2023-05-01,2025-05-01,22,6.584996613448273,6.765157620907607,5.8334250746957,6.529738683017066,1128271.6120385632,5.998945109342684,6.192283257684088,5.16964409337316,5.9333424309008285,823399.18024381,11.654075405188378,11.859413595746512,10.084261798278517,11.446700132554993,37.090592630186656,4.847338896821856,4.794734211403105,4.909221291207877,4.833963016185347,22.492007337746696
1722,L_TO,LSTM,2023-05-01,2025-05-01,23,1.1683054535202122,1.5654094284336768,1.6538832994901218,1.2298150401904862,1291117.4295836017,1.0143289096806865,1.2783069038529429,1.3923229374713582,1.0755140233947031,998899.697522521,2.0326005325570526,2.427213906447634,2.710994938961946,2.1003723175814377,45.44715964087141,1.2144844283842933,1.6439905198341906,1.6577182208945809,1.1357960211535445,20.455129341444607
1723,L_TO,LSTM,2023-05-01,2025-05-01,24,6.029577147277503,7.205583603375232,6.376777717618208,6.347417679578225,867022.9011857923,5.32919004925631,6.626602115849969,5.721723420928991,5.682646609463287,686229.6442826589,10.314731331952148,12.699303609552166,11.178292104083244,10.94333209747987,40.94473870561594,5.11500033909083,4.960488379096289,5.081677402430264,5.0539894975270165,33.69769599408692
1724,L_TO,LSTM,2023-05-01,2025-05-01,25,1.4575887082889152,2.46747000737176,3.469522299417337,2.473799361720708,1589891.075740758,1.312080483924737,2.014176545414086,3.051859490188359,1.9813765745342415,1357389.970226884,2.625539426257264,3.8137904903932185,5.951979892492528,3.774257952716135,67.85083103292276,1.3397129830150187,2.596360613109236,3.012939036939051,2.726769158595621,13.188794661456146
1725,L_TO,LSTM,2023-05-01,2025-05-01,26,7.439257668933957,7.90223341642158,6.996752215505688,7.529779603615585,854367.5659080357,6.757774835416857,7.254693374458321,6.268030189780347,6.8736527682769255,696445.3382929167,13.1239946007178,13.90026987834909,12.243982112144478,13.269374118988372,44.42994622097863,5.568790837829537,5.505560474660276,5.626807350266003,5.435934066468124,38.70254912775437
1726,L_TO,LSTM,2023-05-01,2025-05-01,27,4.444898112307791,5.070780519585643,5.464616641141731,4.075540397062162,1344739.0843627,3.800935404610385,4.494908353529996,4.921764003684549,3.384237672281438,1179424.8959692318,7.330518472533005,8.574666158966886,9.61958206826001,6.463592525301852,95.02660240253364,4.211143903404194,4.196499404100856,4.271258873752929,4.1473970641161335,87.56241079784765
1727,L_TO,LSTM,2023-05-01,2025-05-01,28,3.1271153519640897,1.460382541777555,2.6303312819105904,2.045604479741768,1011990.6661491704,2.721712817210552,1.2696662811428812,2.172892499882661,1.6585448985348346,717416.9877511263,5.261910814419565,2.4771586280991014,4.209988581575481,3.166128410719344,33.75251643247328,2.800854947242277,1.3923678423420065,2.7437970172668127,2.1831372893998604,25.171261872847627
1728,L_TO,LSTM,2023-05-01,2025-05-01,29,1.1151799155203714,2.563449455751787,1.2944435002801236,0.996268552144768,917163.61707445,0.8382248011680576,2.4214451099822845,1.1459931904725975,0.7224041665633346,686612.4519570669,1.707086176504493,4.77303500436685,2.255160590487195,1.4364213078411074,37.13321779051577,1.52499101932604,1.766495333774223,1.1530201007769274,1.3876674322412104,29.496293677421345
1729,L_TO,LSTM,2023-05-01,2025-05-01,30,3.455529554323351,3.932907942242843,3.3758941920850742,3.3771572897000386,885701.1803763525,2.918293366409993,3.437011033980073,2.79122933157912,2.7906534504260776,686741.0164697965,5.622225014750672,6.546749960613495,5.40505975000997,5.327983498087067,39.43396721794369,3.3876907328820107,3.435919368463842,3.5154769817704024,3.482578573288065,31.854600515163945
1730,L_TO,LSTM,2023-05-01,2025-05-01,31,9.22212034276743,10.125660731806622,8.940179799194444,9.152735715374131,846272.113847702,8.468114227598873,9.45961314473227,8.20463095228892,8.411536704307942,683408.7253212929,16.46987247391288,18.16954546654666,16.078218123766387,16.254151213898872,42.010848734639104,6.504007218926204,6.258803667714923,6.33545395291659,6.363463457503417,34.554131775350655
1731,L_TO,LSTM,2023-05-01,2025-05-01,32,1.8344553308923144,1.0129031031850273,1.622331420576533,1.059949163260951,875251.8825146721,1.6093891013491513,0.7720221430473609,1.2232157661725542,0.7274532902211112,684655.4368400574,3.249514930507743,1.5323616248779692,2.516503499614473,1.4539455663653786,39.89613437833963,1.8527449063618289,1.3228664550550795,2.238951423806573,1.5651844903746506,32.29025955117426
1732,L_TO,LSTM,2023-05-01,2025-05-01,33,6.161626540673481,6.421208171209651,6.133496270633163,6.476123725224199,1242478.1410787571,5.56139352838568,5.843801821474654,5.528525623293646,5.91162364879912,935911.7116936048,10.791246426119743,11.183656720497208,10.806618639841282,11.411310773964225,41.79249800085825,4.763279731263028,4.701541771233868,4.784587830078242,4.672523057091168,22.60512481413348
1733,L_TO,LSTM,2023-05-01,2025-05-01,34,6.952952864519275,8.090749907755557,7.640674348743288,7.332921255869733,965435.2000185382,6.171361511803668,7.430895563107167,6.960825848157044,6.613808749556259,695462.9748644432,11.951279436026798,14.23879780997619,13.626249617252734,12.748820185150386,34.62327114749408,5.80619503186426,5.622391024797266,5.6420229789286696,5.642267847044305,26.61837292325527
1734,L_TO,LSTM,2023-05-01,2025-05-01,35,9.137006480642745,9.052529346644716,8.99961379619918,8.824106769914756,1048180.3588552596,8.433856210689909,8.31517657102857,8.302212821134033,8.087714904196321,745129.786962072,16.414416919488286,15.93425432956082,16.280429686338,15.62264618173115,34.13727309320353,6.224507868341297,6.296713646652274,6.169871767910565,6.23363746386717,24.04815523811573
1735,L_TO,LSTM,2023-05-01,2025-05-01,36,12.443880262813384,11.177034915721258,11.677596270197526,12.308790354201774,1053305.0581079868,11.642157236036349,10.163102167256016,10.784978283126613,11.493027326823048,749152.5338713328,22.70385325785449,19.453182959148403,21.157102490093944,22.259642876530485,34.17959684909427,7.696935753493459,8.258440361029546,7.976404607997875,7.676779777236733,23.84562626569781
1736,L_TO,LSTM,2023-05-01,2025-05-01,37,4.208646235789399,4.699202034548536,4.330537103915381,4.640993908739453,1083160.3657272365,3.6576808345342138,4.184698692788431,3.757834090293308,4.125139791393042,780713.5042194525,7.066241144771214,7.987350724112777,7.312425766750438,7.937111884660754,35.5587939344722,3.787747867161583,3.8179328036761055,3.940566922640567,3.808882759517923,23.071266185264356
1737,L_TO,LSTM,2023-05-01,2025-05-01,38,6.90191482543683,7.651843009875384,7.124106813387963,7.227563028976327,1168328.7587299813,6.177173133210856,6.9874227400676805,6.436651635741286,6.552241805609792,864541.1876722177,11.97422363934241,13.378740495856018,12.586548776885945,12.637788326085625,38.97035941397188,5.558919646840653,5.505659899912653,5.493538944520717,5.418565291520012,22.12429176742194
1738,L_TO,LSTM,2023-05-01,2025-05-01,39,5.496427540286727,5.1772413649720574,5.445422215771618,5.185506949197135,1361785.1206070352,4.964221661494338,4.560223782659008,4.877897653092277,4.595486505914615,1081953.1526249647,9.633333387245692,8.692603858162864,9.527334595613748,8.83868098365941,50.25747964339072,4.226752695739484,4.403652048148008,4.370080515379648,4.310779417578714,19.037842081435127
1739,L_TO,LSTM,2023-05-01,2025-05-01,40,7.285095745442385,6.62608143256983,5.961875911641232,7.157905601789956,845090.2988491086,6.683803545111257,5.958015244584136,5.190908920232307,6.557281313604327,693288.5321458181,12.99679072477686,11.385467086092444,10.105378146262014,12.663932178432916,44.72291350020996,5.14931726757596,5.158875504973892,5.36964339718349,5.058384001128266,38.874745286206576
1740,L_TO,LSTM,2023-05-01,2025-05-01,41,6.932488342560229,7.082358038495344,6.339291924023059,8.330278182149982,950289.4714753232,6.23110683030835,6.3959697873095935,5.569658561385707,7.792364089269169,689546.6337859631,12.085052028531916,12.229117221227751,10.85433649043821,15.092199550001489,35.102588294812286,5.472739717705585,5.401093546218187,5.523799774722583,5.093757835727271,27.499291252615656
1741,L_TO,LSTM,2023-05-01,2025-05-01,42,9.512816186911625,10.90469776129128,10.80973845879666,11.085398463260002,1147528.7854398943,8.606237073147634,10.157522486214146,10.08549924768285,10.398898943347763,848485.2188630899,16.70764485157309,19.502871244979342,19.81058836159273,20.151911033283994,38.86753548421908,7.290743263825479,6.899082822593022,6.848139502273955,6.644301246477044,22.301847898456412
1742,L_TO,LSTM,2023-05-01,2025-05-01,43,3.691524912984033,3.624629089928815,3.728927453326242,3.766257261956366,1212243.360990466,3.170246634407378,3.0884983460976314,3.1722377266501818,3.216429984260245,903954.8442292212,6.117468628860437,5.8667733230406816,6.1602518541466,6.161545205758413,40.11490572760968,3.4488519935038644,3.433678459868972,3.6073694240555216,3.5636161261626484,22.548307861331654
1743,L_TO,LSTM,2023-05-01,2025-05-01,44,5.487646795865423,5.594708949543063,5.484704490774304,5.991877074181685,850509.2629748412,4.86179714107095,4.976023203896725,4.852367346306153,5.429812227799808,701558.8370144367,9.412465195968496,9.49608484935102,9.46325712124461,10.471539241365884,46.93645068089808,4.609100778081152,4.572857075069496,4.646214826586752,4.493437895091708,42.74876157313946
1744,L_TO,LSTM,2023-05-01,2025-05-01,45,3.9967599416488166,4.934855274719942,4.283849314443479,4.980449094183222,1272573.9323395586,3.3349082767565346,4.376329142620477,3.6319497321848586,4.40474713643608,974100.9143692256,6.416827585087392,8.348897457223508,7.049564340735781,8.469837430395051,43.94385716210383,4.046505979497851,4.077507395642789,4.180381552616005,4.173914859950594,21.42147501333387
1745,L_TO,LSTM,2023-05-01,2025-05-01,46,3.291981290045531,3.1025574579858417,2.508701404899244,3.312104148997719,880164.9589175296,2.810096999364357,2.6123010092751504,2.011123566826899,2.8178522813010733,684244.4598142306,5.42004592084655,4.957589073226284,3.889099046090604,5.3974365598918,39.35594792518678,3.131849899268268,3.03502300674292,2.77652576620331,3.167938132928081,31.51460986073736
1746,L_TO,LSTM,2023-05-01,2025-05-01,47,7.84035710276991,7.953596218414099,7.196008033259574,7.809964573976928,1143140.9889137817,7.1852443124638565,7.300197081650501,6.490300773398675,7.159056343496809,837688.6314396063,13.970194894647056,13.987084649731235,12.688821974391576,13.82785139274906,37.61060162432005,5.584195281214829,5.550116976803476,5.602425588622403,5.506463513151881,22.313900753766543
1747,L_TO,LSTM,2023-05-01,2025-05-01,48,3.7719794660201407,4.218311386259448,3.853273523056105,4.203313959538867,1316589.665303542,3.2072199772513583,3.66790521772998,3.2612214999385865,3.656364704486911,1029083.651723663,6.182506187006342,6.981755875802516,6.329166213978979,7.017904897181082,47.19449010992674,3.631959471259479,3.759073979781636,3.780675136479221,3.75004372642552,19.863794863219823
1748,L_TO,LSTM,2023-05-01,2025-05-01,49,6.201198759217214,5.569137113100254,5.410045613804883,5.83988632214312,926273.3972810088,5.618932418422782,4.903342074127769,4.73070235275909,5.2315037102756525,685176.9015514851,10.90825753239693,9.346296311592615,9.21336634403828,10.07495250284493,36.22757562886782,4.696581871489344,4.745431333269563,4.795787045967734,4.633410634310165,28.52437222905823
1749,L_TO,LSTM,2023-05-01,2025-05-01,50,8.050733720493536,8.859448417149878,8.425053481481866,8.446693165855466,861357.0735731544,7.271527078014904,8.19087643751397,7.730979792958288,7.749441619629018,709811.6860707601,14.112256059564835,15.709272805224304,15.1490041104906,14.970627779940385,49.85907427418572,6.217767643410894,5.907330368930911,5.97263626456401,5.930139248693968,48.00959079805178
1750,L_TO,LSTM,2024-01-01,2026-01-01,1,8.059156426660632,8.232483913192976,7.820399269825832,8.46616529177012,854499.6356921204,7.905825505444175,8.108338271081845,7.652198760319169,8.327888875213496,647826.6804568967,12.831947594190588,13.051968245529808,12.508453062686142,13.504292433196923,76.96225174360714,2.524401512192041,2.294492302513776,2.602303330491579,2.4505816694463456,151.69019744838167
1751,L_TO,LSTM,2024-01-01,2026-01-01,2,7.686985346104544,5.6676145471680135,6.0070971878230575,6.048888292380383,1369566.1682743456,7.638164587212151,5.609936129840469,5.927787964242964,5.977596524499639,1295683.6812332273,12.395952993977662,9.027035648886455,9.68797424250367,9.69053872832876,143.00896951701364,1.3535048254136774,1.2777613314186622,1.544014224580514,1.4676408965568504,217.040554027454
1752,L_TO,LSTM,2024-01-01,2026-01-01,3,3.192901379501022,3.0697519605653403,3.634203870545186,3.754371890631593,853455.1850656339,3.1433718803374973,3.023553114303101,3.591721979628218,3.7122592939083536,640752.6437719663,5.096169494155435,4.860389393432973,5.867586437205772,6.01445815435597,76.58194816579264,0.8621374559483688,0.8112672532780529,0.8546677585580746,0.8547228897755453,152.5475220198333
1753,L_TO,LSTM,2024-01-01,2026-01-01,4,8.515694066833799,8.014035959329126,8.415378542694793,7.85696164415019,886170.1776887504,8.32689837110294,7.829685370478335,8.21062484440211,7.6484218768076255,596339.9553476771,13.516154494004178,12.604122178797589,13.42123902794436,12.401923488828256,47.54779525496834,2.881963772004591,2.756407653352332,2.9794097020695096,2.9000889088544977,82.36659941157191
1754,L_TO,LSTM,2024-01-01,2026-01-01,5,14.76279131887902,13.865156294890271,13.554154652348403,13.37820072575432,1055079.2543156983,14.384559107794958,13.455614929729176,13.106792037910283,12.910252085059687,805864.6042678505,23.355184541077065,21.66722238912147,21.429037420753986,20.94071649311532,59.936135164032,5.395167280127621,5.416000444818132,5.613965186369036,5.685561152633531,75.84292965503118
1755,L_TO,LSTM,2024-01-01,2026-01-01,6,1.964873555100164,2.277884799254948,1.2551883694592607,1.7666663829769498,1033100.562324508,1.69765391745757,2.05719693667572,0.956693951895212,1.455264609765273,751627.3173416158,2.74773002290874,3.302476229521397,1.5588236812329292,2.352140565268132,49.91201990365,1.5862232297313423,1.5493046307185594,1.3165745043815145,1.6045383469446388,52.68488236129802
1756,L_TO,LSTM,2024-01-01,2026-01-01,7,6.1868251222849935,4.9022058727420434,4.996403426481696,5.785204529487499,881572.586342194,6.151791054543704,4.868050101011432,4.94283899723734,5.748839029431516,589781.0079072913,9.981983205799445,7.831641968067715,8.077232543584273,9.318922716016724,46.96589941322741,1.0056677101772975,0.892093789512746,1.14140375069279,0.9923869209983406,81.73882320652669
1757,L_TO,LSTM,2024-01-01,2026-01-01,8,3.844216490553055,3.721949998417685,2.2696228688819478,3.4432532834593603,1202828.163233677,3.792019564056196,3.667922979315642,2.193539302721644,3.389832476321381,943236.0135641196,6.149267754952676,5.897078787880293,3.58048981077334,5.491319871841817,58.23025143791334,0.972150446118348,0.9683459263664156,0.9234654308220384,0.93139989970675,31.91543537685947
1758,L_TO,LSTM,2024-01-01,2026-01-01,9,7.859998767707628,7.088825852345219,6.964408060335147,6.704158596664611,835327.2511720461,7.775857399571469,6.999300559271953,6.839458746178453,6.594196713764526,553486.8952476978,12.620544417807483,11.26524764200414,11.178820545352314,10.691270937085054,49.15371804901502,1.8321865170575888,1.8001040332018314,2.106594431042917,1.9358246704041429,95.04903249197982
1759,L_TO,LSTM,2024-01-01,2026-01-01,10,7.034837835952087,6.062009705375638,6.954768074391438,6.940578457225493,784183.7303831447,6.957245079333855,5.981176146858255,6.861342315226241,6.865691921729373,512158.0720305443,11.290821143503054,9.62571676715415,11.214938782053432,11.13143619473235,53.83830563510398,1.659619441701625,1.5778469228312209,1.811071030920247,1.6144586004882722,114.25829812423824
1760,L_TO,LSTM,2024-01-01,2026-01-01,11,2.393092687628377,3.0957409047660045,3.4755300696298046,3.454745818533118,993154.8714985928,2.292457647167445,3.016337955787365,3.422482497642854,3.3907118447965066,701805.8521564802,3.713993343152058,4.847819666758161,5.591130224044679,5.492683166108607,47.78911146227868,1.0821821767565123,1.0821586569221209,0.944692456937248,1.0279027215942256,59.02546766518974
1761,L_TO,LSTM,2024-01-01,2026-01-01,12,6.832558682430991,6.900613947003122,7.045452995291539,7.424380299221912,984452.3763092888,6.744683608747764,6.813799812223946,6.94759822496428,7.336365608081231,697834.8447630057,10.946137917436388,10.966359140496971,11.356363221752048,11.895265495186113,49.04941518584162,1.7467020297699216,1.7479596548298078,1.8685532412506949,1.8184554518801224,64.65424969549139
1762,L_TO,LSTM,2024-01-01,2026-01-01,13,5.519269257685735,6.123104260000983,6.331502508429237,5.827290982939445,866952.9145685439,5.468981655007324,6.086612230885095,6.276267853068546,5.777052101341789,577896.5213982761,8.873813706602613,9.794017536197613,10.258384033463576,9.365128144474715,47.49554709136348,1.1651122731253725,1.0412598620366067,1.3064403826189088,1.1954548680225534,85.66764533215613
1763,L_TO,LSTM,2024-01-01,2026-01-01,14,9.589583510366738,9.44531982214054,9.648622265873223,9.127064377678323,780589.1713504258,9.422244229737506,9.28682541668653,9.469280851210923,8.945913418654989,506709.1121804714,15.29516748013754,14.95015883892346,15.480571179404064,14.507284301020166,53.58522931630086,2.882485496135949,2.7812394014327086,2.9867002635198965,2.917662163501923,114.10316947058016
1764,L_TO,LSTM,2024-01-01,2026-01-01,15,8.930673120050697,9.323575827235551,9.903413317880885,9.009530311235537,904455.8835341848,8.729150360955902,9.14870305950958,9.720142164541802,8.817193073694803,612325.9936637183,14.169495102386238,14.727721079531973,15.89061706236013,14.298423713297078,47.43640072293175,3.0522925018655016,2.9012618821161795,3.059339875295092,2.987333713554188,79.06695453258367
1765,L_TO,LSTM,2024-01-01,2026-01-01,16,3.54455401001338,3.516938283775884,3.0935603515032386,3.849075295556512,861185.6493127444,3.498974110094549,3.474168763649798,3.040866809139082,3.809535065002145,571785.4407933354,5.673552755370878,5.585749738230587,4.966253688080964,6.17235369190035,47.071079563851455,0.8675178846932406,0.8320616971126009,0.8865936166640349,0.836269435897803,85.22365176695705
1766,L_TO,LSTM,2024-01-01,2026-01-01,17,8.103073820496979,7.780485449061452,8.818630218077686,7.78388459341812,808821.8012311315,7.961710301733545,7.637027528939516,8.674514639333532,7.624378907402055,540920.0044310093,12.923246289693152,12.29363626331796,14.18081491558612,12.362965121422736,54.202970308546895,2.430277560723516,2.3973494965967963,2.5531464119251748,2.5238728431028696,112.1680895012808
1767,L_TO,LSTM,2024-01-01,2026-01-01,18,2.7179777802661738,2.8864880102975765,2.874361435845113,3.2874137026677515,816076.2120112677,2.6315716728233647,2.8038259906068657,2.80251172575382,3.2204229875690165,536273.6059632897,4.264709694039437,4.505782401940275,4.576717878898635,5.216398703580023,48.83490291076906,1.0670649462902049,1.0671655158830406,1.008577646913121,1.0268528859863493,96.22969035190044
1768,L_TO,LSTM,2024-01-01,2026-01-01,19,5.6839130220777525,5.595631449948974,5.573677306987191,5.666083717916767,914842.2793786328,5.617848297392143,5.546970618740918,5.492097211907405,5.606125170399943,744472.982599636,9.1153890597686,8.925591030336193,8.975192206996446,9.087843179013335,87.64321582629248,1.3670926782452104,1.161260821330432,1.509491248086518,1.295269283291229,164.09894654755433
1769,L_TO,LSTM,2024-01-01,2026-01-01,20,3.00123342378986,3.8821340239242494,4.651869533171203,4.419885343157736,905958.0438291352,2.650489425311789,3.3056079590767213,3.9040587494849226,3.7154826460594,606317.3938537886,4.310105865432891,5.333400005045378,6.39239719333478,6.035923630512556,45.26286422646408,2.2944115660724207,3.292642652168224,4.142208526787213,3.892351575206955,72.84171851283703
1770,L_TO,LSTM,2024-01-01,2026-01-01,21,4.5111737219946,4.270438483470682,5.064128206867839,6.49506977919878,809784.7808402845,4.461358378355454,4.2324270569871,5.008861224933104,6.461928899174333,532926.8347673118,7.237305687087711,6.808382939374052,8.185038123316058,10.47601593400804,49.82852245819218,1.0445645233638137,0.8819236627632269,1.1681017315516304,1.0006885661487055,99.78714600900672
1771,L_TO,LSTM,2024-01-01,2026-01-01,22,7.857884877692786,7.805434618770775,7.220330952464712,8.038597732673146,1008633.045946992,7.727816651343507,7.689661480432259,7.059642584578902,7.902453495115773,729369.6055265764,12.543075458045008,12.377343016428531,11.53891237769629,12.813932023136642,51.19686429406502,2.2922383642447373,2.153818479160213,2.4400673056790128,2.3667842562555736,64.51184094935833
1772,L_TO,LSTM,2024-01-01,2026-01-01,23,12.017142644551807,13.405317692467811,12.816859119159592,13.618001545078045,788143.729346183,10.763930927387571,12.097480832194558,11.58715534719664,12.42264699590384,511892.33782351017,17.495173672212516,19.503188145046543,18.958231638672235,20.16867101918901,49.66166134537245,8.713691090911588,9.350158120868848,8.972340636132031,9.078059988729652,101.5268253859512
1773,L_TO,LSTM,2024-01-01,2026-01-01,24,2.360851383139155,3.179626683506468,3.03211270117871,2.761097973196955,1142397.3912797074,2.2568291195101606,3.1107510834700665,2.9665201657883378,2.6725763010016483,877283.2683122655,3.656220109199779,4.999988401065983,4.845013271638683,4.327412742791783,55.27736971399274,1.093861771455476,1.0182886378009834,0.9874100734836332,1.087940000431208,38.23477838732488
1774,L_TO,LSTM,2024-01-01,2026-01-01,25,4.306441337737776,4.614640944792245,4.351596148191931,4.605045551371112,853378.9299216837,4.270666948142066,4.588966644152612,4.309280132064212,4.571355908304732,565952.7818509936,6.927200208639634,7.381569079882295,7.041054892207815,7.408535138183415,47.33776212199153,0.844132226524443,0.7283526279619338,0.9350993331847895,0.8438689345818262,87.0131376001661
1775,L_TO,LSTM,2024-01-01,2026-01-01,26,2.7421184903919538,2.918328101233163,3.120070470628966,2.460375120931312,793859.6828703822,2.646284512637549,2.82090985915628,3.0516720374660062,2.3578453497788776,537823.1594921151,4.288494793526644,4.532881580322106,4.984417528382464,3.816812166163878,62.25877251706539,1.1306976698708735,1.1670971368052063,1.0241185928320302,1.1063648701160833,132.60198472711446
1776,L_TO,LSTM,2024-01-01,2026-01-01,27,6.496293574567559,7.82060189421256,7.9797512077300174,8.169096369477876,935913.2002225956,6.289333676417979,7.667194028038807,7.815957014367127,8.017183553393188,766653.5128047069,10.207740513431098,12.342278989624315,12.776119368431848,13.000234453377075,90.8277670217992,2.6311776405521257,2.484986258376532,2.591108320614053,2.52249818676014,169.87764657878256
1777,L_TO,LSTM,2024-01-01,2026-01-01,28,4.948039322391014,5.40110121384163,5.465626113599996,4.768732092983585,823152.06224296,4.9028716559360666,5.370051453209309,5.416430107716226,4.721953391779501,590926.6014340023,7.954211722354796,8.639815310996735,8.851975734758874,7.652991551567724,70.34946263821863,1.0371447385915773,0.8890860527592326,1.1387930261940449,1.0354680095979545,144.43864268799285
1778,L_TO,LSTM,2024-01-01,2026-01-01,29,8.226504501985032,8.32432449627355,8.613689107520967,7.256745551409042,897971.089180969,8.074990350708697,8.189614413125266,8.456929001822054,7.061170420553659,606370.369853427,13.10673261725039,13.183020508975227,13.82473442949022,11.449600325092309,47.44657667592808,2.5345452528704566,2.4034573898883265,2.6332235145696594,2.699437971681086,80.25583265586175
1779,L_TO,LSTM,2024-01-01,2026-01-01,30,2.60232081447796,1.900260967488044,3.456296597704992,2.104151210924928,1139868.6159743543,2.463600686720227,1.6866194762242877,3.364306175148556,1.947949529464673,869892.5702781355,3.991770717958417,2.706466565204433,5.496285773250784,3.151532847380362,53.79199054299145,1.3311386531614469,1.38716001458633,1.2612950228004696,1.2624257172203803,34.69666279713425
1780,L_TO,LSTM,2024-01-01,2026-01-01,31,4.848981307886497,3.7030224570567087,3.767451132319321,4.793803117198526,805398.0049433837,4.0194414793385285,3.177649842490064,3.188502130127008,4.031433037840126,565720.9626203775,6.539037084777616,5.1261919135710015,5.220354522532628,6.549127664785378,66.47203395607826,4.418134291344916,3.074512127028422,3.285197698990662,4.216703579401929,137.69953840661887
1781,L_TO,LSTM,2024-01-01,2026-01-01,32,4.638377527496394,3.7884613557695648,3.251149820934081,3.7382677049057222,1126762.2997594776,4.606586179570555,3.7534693211304457,3.203932635571757,3.699278547041623,860324.8024382939,7.472283488444632,6.035657414960785,5.232973914979889,5.993476262787946,54.65452759877908,0.8113925431735937,0.7747812186566851,0.8575755347824399,0.8188241303834627,40.42711599886887
1782,L_TO,LSTM,2024-01-01,2026-01-01,33,1.604278626168954,1.6689312876510172,1.4735432802439823,1.585273792352916,790042.073040069,1.420891683768514,1.4606593591765678,1.2774953170326329,1.414627130385281,529106.2062984208,2.3032908467829305,2.346203306276534,2.08539218977898,2.290293142513751,60.63226191939689,1.1997405772342338,1.2851674661720205,1.1914000504776416,1.1463038755966617,129.87357175453744
1783,L_TO,LSTM,2024-01-01,2026-01-01,34,1.272251324006097,1.3761315285591371,1.5089061068920495,1.7142150578834612,807002.3899115667,0.980539308010681,1.0254505468461823,1.1889315004348258,1.33888510503679,530518.2906904817,1.5866266631429589,1.643509539178165,1.9382932806032411,2.163293740248855,49.90823646595935,1.303026945339545,1.4619309934357367,1.5068438632879082,1.7180912075192754,100.32362386053228
1784,L_TO,LSTM,2024-01-01,2026-01-01,35,2.177226102097526,2.5238863504009577,2.287832847551381,2.320124785209349,862638.4428373851,1.9979218396126832,2.216148040611818,2.027460239075662,2.0782030295399485,564255.829000175,3.245191373425226,3.5727188110715504,3.3179102269095013,3.372558070565605,44.2341525940901,1.4085165129881712,1.953256564704072,1.735836249766345,1.674468679571079,76.99021328441701
1785,L_TO,LSTM,2024-01-01,2026-01-01,36,2.6955714825390444,3.2923010572539595,2.322467638073596,2.1130642136993,1342531.2634039735,2.300069171650497,2.7586120042256064,2.036918447008245,1.9166642556763085,1246866.7324543,3.741333684358917,4.451061188225278,3.3336721199074,3.108511089042826,141.44487564654352,2.2914458252325782,2.907096326599234,1.8275344273231493,1.4396900156903845,225.7829926469946
1786,L_TO,LSTM,2024-01-01,2026-01-01,37,7.451440736924192,7.820185606167369,6.916496955952097,8.128978647742185,1021216.01978926,6.254499777028175,6.57929424681331,5.824692827981525,7.065405023331087,873943.4255625805,10.17148766837296,10.614115053386568,9.533438263514196,11.47530370688029,102.92699937321234,6.59563078742018,6.830317706626246,6.103538440056635,6.532791585040027,184.86213757476995
1787,L_TO,LSTM,2024-01-01,2026-01-01,38,14.55263757173056,14.023818243163849,13.357702225365705,13.37565782800634,774068.0003397799,14.221406506101529,13.681860667457125,13.006678148477766,12.989610027369372,496015.3767836094,23.08975151631495,22.030017413418225,21.26562757072132,21.06930053257251,51.51329770236669,5.015182143786654,4.985321126053628,4.939516331199992,5.171678042351696,109.05173776058096
1788,L_TO,LSTM,2024-01-01,2026-01-01,39,3.273750769996245,3.813394847672372,3.3847034270896885,4.056840744083859,940624.3768021056,3.223927823388723,3.7726411285320913,3.339497985788671,4.017996588849834,783694.305283924,5.227038700615495,6.066186073858162,5.455308726877297,6.510482692348584,91.78418167372406,0.8759666042302908,0.8431852132962917,0.8552660929036439,0.84928478043233,168.39674835574522
1789,L_TO,LSTM,2024-01-01,2026-01-01,40,4.666554473265859,6.382821700729816,6.839087643820286,6.2342389016436215,793406.5097176861,4.587266653617864,6.336588153680703,6.770518224856781,6.182163982492633,523825.8568243682,7.442186677120483,10.19681784419581,11.066547747107878,10.022296647386495,54.11369663090482,1.363283343124826,1.208601994005453,1.5242104334803308,1.2599242007695042,113.84436421147636
1790,L_TO,LSTM,2024-01-01,2026-01-01,41,1.9372438715232088,2.122024729520644,3.910242495010104,3.51294968327756,831697.3519742549,1.7736549270595674,1.949887008901768,3.839852983345621,3.4395030629438077,604335.7597354552,2.871530800371302,3.13031580658332,6.274211574721468,5.571635010125345,72.16078264334766,1.2409831824961115,1.3221242391989545,1.1670426083262837,1.1135812147067643,147.148370728511
1791,L_TO,LSTM,2024-01-01,2026-01-01,42,5.94873524034337,6.189322115783123,6.898157328416055,6.290241657563553,968179.7882145512,5.873061712008286,6.127774189047991,6.8154626903478,6.213852572251377,679215.5435549716,9.530693949195168,9.861454407029417,11.140357985271564,10.074087817760685,48.52337502056765,1.506370252844796,1.3856579045829736,1.6922614093898103,1.5526172460216217,67.43633256022152
1792,L_TO,LSTM,2024-01-01,2026-01-01,43,4.590715848049342,5.780986350838751,4.375228408037383,3.88160554624436,786389.8525740929,4.550770239062394,5.758370414844878,4.3254944265217015,3.831770506935421,514718.0490376055,7.382070015878678,9.264343589537631,7.067391048757475,6.208957765471065,54.07291598499848,0.9294805101005555,0.761302381988402,1.0254080342821237,0.9669640202354186,114.73836906060916
1793,L_TO,LSTM,2024-01-01,2026-01-01,44,2.604227571588656,2.5591277396285568,2.330971032708801,2.5189610541174448,820866.8495209325,2.4609120806690896,2.405688005884058,2.2032356696729805,2.374432418656291,540801.9446510077,3.9870660382447713,3.8637844318495858,3.5966465058454515,3.843475469683782,48.99295970478504,1.3521918981958936,1.3744551848207447,1.2197060673516085,1.3329182071786254,96.1820681849576
1794,L_TO,LSTM,2024-01-01,2026-01-01,45,4.6906986842002425,4.732698684575718,4.757000215182703,4.944554746306706,784424.4124193556,4.657089709691418,4.706703924385068,4.716426755524499,4.911744282627475,515606.80504808825,7.554831167900798,7.571278257324546,7.707095491078647,7.960839727607537,56.39959810157284,0.8520369056651027,0.7453144191501315,0.9546751124541268,0.8627686192707515,120.88463107276166
1795,L_TO,LSTM,2024-01-01,2026-01-01,46,5.529329595820952,5.829190242503024,6.049187319926139,4.990811607996446,809738.1185351359,5.465698684839285,5.779217829785192,5.973869667236737,4.911295928738135,534053.3611088991,8.86852016457386,9.299641011796442,9.763508310524283,7.960733968157791,50.48562666820805,1.3222798760335863,1.203073737674672,1.5075873351813638,1.4102039922937843,101.73786069988886
1796,L_TO,LSTM,2024-01-01,2026-01-01,47,8.497217112275855,7.944724522572563,7.772136443386404,8.915980655340807,793729.099735346,8.37419317114369,7.82788142098149,7.61191781423562,8.801946320325676,524371.7011255026,13.592464866149658,12.6000411848348,12.44254934883529,14.27336190320643,53.11616432103772,2.318375351868005,2.184577206781748,2.530915313940543,2.2798266201937487,110.591327712949
1797,L_TO,LSTM,2024-01-01,2026-01-01,48,1.3303690941949224,1.3714749363725596,1.802289399514268,1.5103792287956288,1333108.8737987834,1.19637255870832,1.1758624150545594,1.3927989748085574,1.0980703076508007,1245533.3282750845,1.9405580244516267,1.8882877446511608,2.2719805215118893,1.773462234604303,140.06917124034936,0.9383383245646326,1.1222843163285332,1.85768016934422,1.6661665783565902,220.5285098883496
1798,L_TO,LSTM,2024-01-01,2026-01-01,49,4.937918230221972,3.4772609247590527,5.303752110508257,4.973629955102192,1022380.6497258792,4.905419066461617,3.440736163148477,5.2674167282778,4.941546938355153,893322.4188791713,7.957968922594354,5.533217135386436,8.608379062327312,8.009076495470557,103.25197199935847,0.857079938793307,0.7723865808428716,0.9460082561021108,0.8531955459621479,180.14756865295752
1799,L_TO,LSTM,2024-01-01,2026-01-01,50,6.253549663298223,3.288996522367419,5.057271923212068,4.669938985834822,787216.5411174062,6.223501531828728,3.247823364266736,5.013457092646662,4.632191487644726,516425.734885931,10.09847322503817,5.223126590545048,8.192832119297337,7.507460632493499,53.58964914288076,0.925625435017674,0.8054432092582248,1.026909254026957,0.9092680547887986,112.99481437104828
1800,USO,LSTM,2022-01-01,2024-01-01,1,8.942368293458806,9.051003868332751,9.28493098722842,10.02159579397641,1856713.0160378737,8.120750514589963,8.142279444647473,8.536561313589642,9.214149588586961,1306787.2305356462,11.944470076222215,11.879313963630953,12.707924353293281,13.601982275507746,30.362649609445924,5.733544643588919,6.006623335083922,5.6722603082742715,6.074298917439531,35.89365657155248
1801,USO,LSTM,2022-01-01,2024-01-01,2,4.872801446988228,4.52865889734522,4.614943567239816,4.583550663630618,2158347.730471804,4.000106303934321,3.6917030072646924,3.790423174859183,3.8702980334602897,1563411.473317792,5.7611103938706245,5.262947697864718,5.538154602356412,5.611414576668904,31.312210848691624,3.9800464796517465,3.7354071660217163,3.83527850307354,3.5582440372762543,23.015156642583342
1802,USO,LSTM,2022-01-01,2024-01-01,3,6.939893689849211,9.660199166061565,7.396744106404738,7.418716213587776,8197084.617098243,6.013290872968719,8.880237077602336,6.61616969591561,6.463554878140164,7616480.218313535,8.874906506011392,12.934135572618425,9.870363077842162,9.579933703707875,199.77192190902255,5.247301400591456,5.822439537008036,5.100287943741303,5.530936778167509,123.46158979123601
1803,USO,LSTM,2022-01-01,2024-01-01,4,4.168909003173294,3.9293197237845687,3.5537706499943145,3.400287076734258,1998540.7556905348,3.5049507314760064,3.3155313374187774,3.0092352010786043,2.9703992741627987,1431928.9677687485,5.032548447513011,4.712299086355791,4.388096305572389,4.294048456360001,30.407057759981804,3.1975000419317814,2.9688627551411844,2.7340852936083864,2.3604742191503743,27.757043496311585
1804,USO,LSTM,2022-01-01,2024-01-01,5,10.034113405902973,13.100983295007435,12.508836466273175,13.405261673038275,8513661.436999613,8.67862997516786,11.674654395138267,11.24245803446138,12.116953855232907,7927544.334061642,12.780069246278817,17.0079692292801,16.72682355276834,17.878759023861264,207.3178230459516,7.549364544510698,8.89720644521158,8.35275673739478,8.69668395990934,126.66957393625566
1805,USO,LSTM,2022-01-01,2024-01-01,6,4.211594949480832,5.036230528409723,4.41750466068703,5.060512730789591,2076932.1268087043,3.593750173423056,4.39518641318075,3.8522080673427315,4.469229809463559,1496778.7656297286,5.322478398032575,6.442162410488541,5.770745106100848,6.632283418586056,31.044870056647216,3.389099815876108,3.782295043335372,3.389309324997979,3.6818296351122077,28.63662847671088
1806,USO,LSTM,2022-01-01,2024-01-01,7,3.5953293248811184,4.143253376370088,3.8144801500537313,3.267886421873696,1919359.1998100607,3.002597344606996,3.5473674261291874,3.2537334571841634,2.67994962627137,1352249.4400855403,4.452138331909777,5.206348235330518,4.88150760459477,3.995231430536936,30.05978450224082,3.054589941965981,3.303911301414046,3.1184380577175386,2.8989977153225324,33.28735299882205
1807,USO,LSTM,2022-01-01,2024-01-01,8,5.406265628995268,5.014800824129697,6.899270965690531,5.754844575778909,5455948.874745995,4.569521502662941,4.254718957577859,6.319569933211036,5.214597049750247,5093921.488888363,6.604237760082123,6.083464641824434,9.27020721429788,7.576722960359092,139.8293304367383,4.130877525033265,3.77095686444133,4.008840273423087,3.5096147560163935,100.54315007695268
1808,USO,LSTM,2022-01-01,2024-01-01,9,45.83854221234066,47.54095024024978,45.65589962393628,48.646123836316214,2329361.7743134866,39.28654801872544,40.58920545157097,39.18665788853857,41.69287367039947,2005315.698865801,57.545860876896924,58.97359391087701,58.145656507068274,61.404047241847636,53.2396470831706,34.728149182834,36.189624177903816,34.86350610400535,37.137113203636964,48.46522228548238
1809,USO,LSTM,2022-01-01,2024-01-01,10,4.194528379787447,4.629970986737074,3.906344000095468,3.841280732488681,1815942.9501808384,3.608486831397628,3.992067227893953,3.341058257575791,3.2416089477927774,1289720.371522208,5.341825161587328,5.856908958343597,5.011790692587717,4.825802785796781,31.33712393090275,3.308759207299994,3.6075552259822485,3.1721753839948534,3.1923866795338207,38.05883270713872
1810,USO,LSTM,2022-01-01,2024-01-01,11,4.003142556577744,3.9458072895492964,3.6752845117931168,3.2709346494785203,1901790.6908834425,3.328350957147388,3.343683223625542,3.15750992923282,2.858243070111496,1329996.638553838,4.773324532902448,4.749444430609499,4.596021390263324,4.131455934515439,30.365986631232772,3.1523151254404755,2.9458413433430675,2.7090955419939458,2.263833269102315,36.83768196376291
1811,USO,LSTM,2022-01-01,2024-01-01,12,2.1319765297444935,2.045907917654807,1.874437972009979,1.9542571030379554,2132138.4393830025,1.8138688429795973,1.7294447241540827,1.5725865659564382,1.5571517074204546,1547758.1053109963,2.618515839495172,2.497768522266263,2.3286254654199765,2.301213226151583,31.666654889282714,1.581402812924558,1.6080656542378704,1.559661254982835,1.8118686479062502,27.837799483471365
1812,USO,LSTM,2022-01-01,2024-01-01,13,2.159908880298385,2.5392357674388686,2.0924201973308407,2.5623709012688867,1793213.7389222288,1.7628512859001906,1.9698393475261204,1.6502576601153578,2.026239818044307,1289251.2894145648,2.594734631624721,2.89558339956794,2.4699443212236942,3.019925936957834,33.20582587006651,1.908757884842501,2.4456595960939698,2.004700892565578,2.4279685739947467,42.00982535392341
1813,USO,LSTM,2022-01-01,2024-01-01,14,3.10661418134387,2.6074473581487183,3.1248522899686972,2.7254260702812276,1903521.9839335596,2.5892042732659926,2.2714407126545475,2.7333476417092886,2.416610303400944,1340952.695535024,3.7066050514453575,3.2370512920077887,3.973919459481122,3.4872020822891767,29.960158010323074,2.3997770900397493,1.7688939939873356,2.150871079250856,1.7625799602814174,32.97311545906204
1814,USO,LSTM,2022-01-01,2024-01-01,15,12.367106828247282,13.361759764738485,12.17428936816221,12.214189568188502,2491812.57377747,11.283825166867974,12.208954202669156,11.120043096318625,11.109293255816112,2224059.729162256,16.564461183946882,17.763546437117824,16.5356935479938,16.392825881337934,61.43430067875024,7.680773799167382,8.206664328582828,7.598701355464758,7.733488927857038,56.53491775105687
1815,USO,LSTM,2022-01-01,2024-01-01,16,6.127358971378584,6.798129329944303,5.266019762901718,6.024644164860717,1992353.9408081614,5.528648346678528,6.1785453594090916,4.664955496098775,5.395595261358884,1628978.777723511,8.151510915292336,9.021813965495054,6.977270093184608,7.994995821470965,45.83311146656688,4.095824999527511,4.386815138988756,3.8193617137699873,4.151956521561152,52.74076796620504
1816,USO,LSTM,2022-01-01,2024-01-01,17,4.612628941065622,4.736586137155324,3.7377417659336607,4.579310217181619,1963632.2048595387,4.039321446339697,4.087798318893893,3.1522069107576614,3.9499985423694017,1391466.2479519844,5.972405062347648,5.996866891346131,4.731614678271294,5.8725091156016855,30.111277044681156,3.4529301529181717,3.6783155290759115,3.143746588308423,3.579120949328068,31.25214348955477
1817,USO,LSTM,2022-01-01,2024-01-01,18,21.761841232692245,20.162072371467588,20.549367446511305,19.652131213427076,4910023.229766308,19.402440338639643,17.723139460356894,18.30989749465309,17.243791169418103,4381294.208485086,28.439062190079113,25.78318474651572,27.19342293622201,25.433577158055215,117.93265456994317,14.668105899271438,14.217657365026476,14.046681216346798,14.097004944680275,85.78140102907692
1818,USO,LSTM,2022-01-01,2024-01-01,19,8.352826005559486,7.880284611424468,7.5925639130324365,8.360178608106274,3158424.310993983,7.617181427396281,6.940143053481552,6.880507315743474,7.553909209121057,2881456.836942037,11.205424347166328,10.144489918734955,10.259078326534526,11.170451047954417,80.05339150883839,5.271186476293446,5.649590439596124,4.981779967833105,5.501209286970851,67.14429022191494
1819,USO,LSTM,2022-01-01,2024-01-01,20,9.228814567519654,10.13201440419214,8.706277186569789,9.72895838560978,1845141.5380933,8.442618166981992,9.316838683653403,7.930400570338753,8.939109651049703,1311885.0477390487,12.4105929752573,13.568295196627874,11.813582278840675,13.196877688041903,31.034480837624955,5.719017129494232,6.094305174365491,5.562290609889608,5.917829368235941,35.83558797362552
1820,USO,LSTM,2022-01-01,2024-01-01,21,3.251135460842548,3.5975821311094545,3.4104452981487237,4.147071629650575,2886024.2192123053,2.6521562347541474,3.0032593261002054,2.86100080480579,3.642653351097681,2333255.935486108,3.8149359961364953,4.275041825729438,4.172472028345356,5.264002130052906,44.38801475118635,2.6685193355325207,2.792235473068003,2.682318644505752,2.8418959239595223,18.567517195982063
1821,USO,LSTM,2022-01-01,2024-01-01,22,7.250040038223609,7.558969665116514,6.933847367479542,7.216251090630103,1789525.2335536096,6.53390552822093,6.7808218229835955,6.2491124657815345,6.464420665975975,1289603.4255705278,9.623614015730457,9.902461608016374,9.323904357251504,9.569316947408717,33.14251528861906,4.82287870406111,5.097351881789504,4.664529136788793,4.926868601956229,42.4842732043634
1822,USO,LSTM,2022-01-01,2024-01-01,23,2.429595216760231,2.1115598294035935,2.1809028904811782,2.018556084993943,2356106.23328903,2.073690205275125,1.83110594669101,1.900678285467662,1.7144003534790273,1761438.999446978,2.9802050869534513,2.6323663528632046,2.7800207240339603,2.491681295499667,34.07680508254348,1.7563346666783732,1.508071721414287,1.5357025704416694,1.5452253963950977,22.505960146275648
1823,USO,LSTM,2022-01-01,2024-01-01,24,5.566977864314464,6.187759562116654,5.677269265513322,5.957575033265146,2082462.047450348,4.9034583656549025,5.46483374296619,5.0575302549321695,5.273792614573089,1756568.617687424,7.241577788334713,7.996868451943675,7.558951689503483,7.819645539918153,49.68904550869176,4.0522354503479985,4.437145897248205,4.020398115906233,4.267817283680978,55.073866775528344
1824,USO,LSTM,2022-01-01,2024-01-01,25,6.190839003770635,6.288569361959762,5.325770795038322,5.485176294059466,1803012.0275746428,5.6233394674229205,5.631801535918771,4.728023461737783,4.799104880753945,1324486.7212378483,8.287139343780108,8.233989697845193,7.070524157075283,7.123971729801962,35.300812952599735,4.024440023162083,4.30637401436125,3.830013698058802,4.089087853267596,44.92033035650719
1825,USO,LSTM,2022-01-01,2024-01-01,26,2.118348371454914,2.104019289243685,1.9940869216403534,1.9690077108483597,2624626.2358997683,1.8083604914454554,1.74547898145748,1.6885266702118467,1.5874505366496654,2113547.157965923,2.6376611652373985,2.535838941977654,2.5044812348447953,2.338374646565196,41.804189607618305,1.6253745310294707,1.7554112792323828,1.619482541433433,1.7725103228344439,20.500898868581235
1826,USO,LSTM,2022-01-01,2024-01-01,27,5.775221281380755,5.965612467423245,5.482045092269641,5.333650497525264,1839937.3211384092,5.177080357720479,5.290939925482985,4.892900958462604,4.644276480387126,1296465.3491908312,7.638192315852603,7.742433544893143,7.31434861003781,6.897032664607715,30.50558731955918,3.963576069122262,4.2320734480850035,3.8677329454804297,4.0367362759845244,36.28466964601264
1827,USO,LSTM,2022-01-01,2024-01-01,28,4.031413388417082,3.708971028030608,3.4869833592110973,3.3734783615146706,1811738.7116845394,3.258685560417082,3.086273559311153,2.9012319543066116,2.858045684861179,1262869.874554823,4.67444847628802,4.39295677396788,4.2330052558480356,4.1404393379165665,31.002471271718036,3.383382129298982,2.903343979583721,2.79987173209023,2.574836215097214,41.088373000308906
1828,USO,LSTM,2022-01-01,2024-01-01,29,3.681141091338261,3.8735262697141453,4.422359069792314,4.031178737058481,1894177.8635642987,3.0826473811931767,3.2050181194614122,3.888233026218101,3.4315613717087747,1332860.3884578247,4.570647267343177,4.715057327471407,5.821689436738263,5.1066282323033745,29.995358284844638,3.107473574786288,3.3361975703672,3.3099666469727,3.277084487511118,33.74824041975439
1829,USO,LSTM,2022-01-01,2024-01-01,30,10.048102138608327,10.57189446684133,10.025014411632243,10.856734911550143,1950469.4642346029,9.236254523147727,9.681897445604568,9.267007978417839,10.084963551377598,1571295.2748201292,13.569954380823221,14.101819259302816,13.78728330191428,14.87408044028237,43.535343268240226,6.076309730675723,6.480321129435461,5.944866937420713,6.221877778635008,49.91329090032474
1830,USO,LSTM,2022-01-01,2024-01-01,31,4.892064771393903,5.297701097818622,5.767970839773814,5.199836788297637,1955156.063582936,4.3078604169742585,4.795551213624467,5.380411959287225,4.810101680168153,1515558.2781268656,6.2010876506083275,6.836306751880097,7.862935408632467,6.967185947241505,43.84792625983912,3.261862462703317,3.130129223173002,2.9448675366463095,2.797594597591861,60.39691476536964
1831,USO,LSTM,2022-01-01,2024-01-01,32,6.708409096238954,6.962320560353965,5.666790098982268,6.112586821116241,1813016.7036577591,6.127926437850329,6.316068312327798,5.049518096390466,5.445293412131654,1337599.2847141623,9.02350957651878,9.221802439947044,7.54676068131441,8.069914132447492,35.86779552418934,4.237423231317577,4.5143585977880125,4.009823306696822,4.28418192998639,45.64624919008131
1832,USO,LSTM,2022-01-01,2024-01-01,33,1.9958148437280288,2.063744221041703,1.864866838913144,1.9879148448121227,1872112.7531273803,1.663354482303536,1.761125518096954,1.556780984213132,1.6979275564329024,1343410.4827984672,2.4108118733016846,2.5330682108727496,2.310319953440252,2.4630826873212346,30.956027915337035,1.5912719324998377,1.5495492261534711,1.5834612151616783,1.488507511326287,32.46523014971151
1833,USO,LSTM,2022-01-01,2024-01-01,34,4.013654109486128,3.466688816487522,3.066349359188528,3.286394130899328,1802989.8503037759,3.411354475802787,2.9672952706154208,2.660901489537183,2.9203419575413365,1269482.4976388614,4.89189168988834,4.208904042414517,3.873966341310447,4.211304792076132,31.46797502396724,2.9754318259688177,2.489961816203291,2.1790903392316254,2.122985034437951,40.32958925277685
1834,USO,LSTM,2022-01-01,2024-01-01,35,7.167688636770632,7.444370372637408,7.5567122025226965,7.683050108044769,2110952.051830615,6.4357237542313666,6.650852081242158,6.926141744244425,6.9913339285145035,1528729.2393609385,9.482946564135439,9.717110481639814,10.322572640497766,10.338548752220305,31.522508642795504,4.845868557700066,5.104025975604859,4.7246225284159635,4.926289005227932,28.84825216514081
1835,USO,LSTM,2022-01-01,2024-01-01,36,4.739011518488677,3.318921496968737,4.5273234994703415,4.847413183398244,1953321.2926413082,4.188999762132395,2.6467705490952085,3.9763452801238333,4.272484113936502,1571693.758823971,6.1896662431505245,3.8980278082618796,5.954066784480606,6.341661156495065,44.45538625660724,3.4430266150117435,3.0636824985045066,3.3957879064902414,3.556296499434354,53.10129719036614
1836,USO,LSTM,2022-01-01,2024-01-01,37,3.7403496452518237,3.1890366031561825,3.826721788237797,2.9258384358959,2763519.9750911877,2.982182365226586,2.6107330686161334,3.1555658579138024,2.3725744880266233,2490922.301428417,4.287224424384816,3.7348119912794098,4.60564940397294,3.4498313603182242,71.81526111537283,3.22283778285705,2.5933860119845384,3.1414727295647116,2.475236016657016,70.39457598883651
1837,USO,LSTM,2022-01-01,2024-01-01,38,7.23440770223825,7.388551908576044,6.978516275967461,7.265057884316654,1921199.613002432,6.598036000788852,6.684836177731881,6.378872531130806,6.604080310053913,1357507.9372566442,9.713995814670412,9.760053165697634,9.512094390990434,9.769047173198334,30.054428273630858,4.593019747394291,4.836844955023082,4.4341308757038504,4.689710854362737,31.92233536703223
1838,USO,LSTM,2022-01-01,2024-01-01,39,5.1611132868989555,4.437752684476083,3.7993689061107423,3.5139268427435755,1823285.554020809,4.581019546439708,3.823608015241507,3.219563579420482,3.0171370891624862,1368104.245179395,6.59426724099735,5.4381343979841175,4.692396223587635,4.367960893553322,37.61716517147031,3.3448507463375807,3.169844892320971,2.919002966897779,2.5837918454212785,48.58722237707298
1839,USO,LSTM,2022-01-01,2024-01-01,40,2.1221224182929825,2.316790860842862,2.131307566092829,1.9481936330362337,2143774.3225512905,1.7463705805878513,2.024715561956884,1.8474529459566915,1.6109874227478258,1560408.0797056358,2.5600367623351046,2.8946907605468595,2.7079791011471914,2.3562860417714737,31.888815167029772,1.804876012515381,1.571687823509753,1.5396611399229903,1.6289153111550239,28.02623264836291
1840,USO,LSTM,2022-01-01,2024-01-01,41,2.6572674167134935,2.2334754876120053,2.1797419833824994,2.152605258188677,2317133.219399295,2.2415677858456546,1.8859482949720625,1.8488318966581423,1.7293504396110697,1741540.6568615139,3.228772985497149,2.7286413645948913,2.734196412444464,2.5581646612851343,34.422869744279076,2.006302746399289,1.7480150585246723,1.7228089623289145,1.9574842397345953,24.08717435008804
1841,USO,LSTM,2022-01-01,2024-01-01,42,2.0601829876839424,2.074363866282,2.0228645551447992,2.0954959853006265,2834771.834274769,1.7025596508650778,1.7729381168447313,1.739811916704491,1.8091326855686476,2557361.820782522,2.492261304444717,2.558400531233653,2.5672380065692004,2.6248724251658646,71.62920686654601,1.7356904079093798,1.5748138419590225,1.5389658484239221,1.520620667822537,63.847031251562626
1842,USO,LSTM,2022-01-01,2024-01-01,43,4.117455482978679,3.814206084617929,4.514988805543285,3.8987803531707867,2031540.95809973,3.5343801606547154,3.140474597387007,3.9859909332911343,3.301866415782009,1453181.3358322282,5.2330143223729015,4.621409504167287,5.9662424011265065,4.915083418689749,30.68343474952372,3.2711552917728373,3.319280446396017,3.3348917927846298,3.213702475650936,30.07939672102281
1843,USO,LSTM,2022-01-01,2024-01-01,44,4.505303537895539,4.3835682858206155,3.985373738407663,3.8432857922652075,1840394.0277548935,3.920833916277629,3.873371421278913,3.522932379183831,3.4331976438757463,1324228.083320856,5.636732031589207,5.504109611847785,5.132226302070204,4.950720745601714,33.1439191902021,3.120768143603239,2.850663817801287,2.672991764381598,2.445260892896115,38.405269801094185
1844,USO,LSTM,2022-01-01,2024-01-01,45,2.1594375889453197,2.8899814579436947,2.2411273752569523,2.0523161586403833,3259551.6553925914,1.8599822715393506,2.5048674147449637,1.9489135369584005,1.7553303095985258,2756240.232246071,2.6870790701947804,3.5508631245713143,2.845898229247424,2.5480054118090867,53.36565445557343,1.54867646481825,1.9673560511654506,1.5785884902766598,1.531334296535917,15.323907435851863
1845,USO,LSTM,2022-01-01,2024-01-01,46,10.171171535377185,9.703965976944277,8.695713391018327,9.079421315481854,1857726.0561291936,9.462801799144653,8.870915637953113,7.907208333650482,8.23927339829248,1302425.2490881085,13.893007848626723,12.92612474985178,11.780374698812722,12.176071155943259,30.32781945274093,5.76595169549153,6.011431734780339,5.598921875152898,5.854530647938734,36.77698984528298
1846,USO,LSTM,2022-01-01,2024-01-01,47,4.848616879945263,4.522577798482616,4.986070803271652,3.8970445697367038,2266033.1227938295,4.37501544993265,4.058899155501104,4.625032454730439,3.5324893045367465,1978996.1693721015,6.289331631733304,5.766694850937775,6.74982377148507,5.0959883782801505,55.89078421003192,2.888352599005508,2.734267414269527,2.625400658744851,2.31026055809526,57.479445606477434
1847,USO,LSTM,2022-01-01,2024-01-01,48,5.387068159069848,5.335849879626174,5.7559843270283935,5.288303611629648,1944767.031535046,4.789595785306544,4.650921225609825,5.237322243541888,4.62794833394189,1372251.5938264132,7.072139200119529,6.8164250082699915,7.818631209340935,6.871139834023039,30.091782173558602,3.815976687645332,4.009401530137167,3.7653303586975517,3.9473494378028113,32.58779036318564
1848,USO,LSTM,2022-01-01,2024-01-01,49,8.52395905899769,10.964241742310993,9.65740475722297,10.122240319699113,2269190.1065642536,7.529779945465816,10.058141140342688,8.805227037265082,9.229344819753406,1996171.4855840802,11.090709302795611,14.64408419296844,13.10948244949055,13.628605253636755,55.86519362906696,6.054548903853625,6.65000008027436,6.121927200490411,6.371792505762305,56.02229887522192
1849,USO,LSTM,2022-01-01,2024-01-01,50,8.38450771001086,8.502936615576337,8.505615764254708,9.233559209424298,1933486.8117824793,7.685444252600428,7.702088101144174,7.859875269809203,8.549158200372233,1363764.0784510474,11.304398731068032,11.238054871444511,11.703946174880349,12.620835095410133,30.231534974775865,5.179983202247881,5.515918466113556,5.090578584505672,5.421748821932174,33.8345963783283
1850,USO,LSTM,2022-09-01,2024-09-01,1,5.038857263278467,5.233016591234639,5.311882758732736,5.9276612918989295,1936308.5455641865,4.1230548487057606,4.325947307603754,4.356456439447834,5.159428283340007,1669498.3112468326,5.402993966940344,5.626860366103886,5.774260550093872,6.788107777297685,72.02738727189261,3.7539708390892477,3.795437921159489,3.9755931529137074,3.777787437104574,59.38162885722681
1851,USO,LSTM,2022-09-01,2024-09-01,2,24.160892428339093,22.96405259914981,23.615831609321724,25.2568848673275,3807715.4082139386,21.722913181079882,20.675118419876426,21.233100823910537,22.717364515472315,3396111.126557117,28.738032772465417,27.115044740524656,28.389653011828713,30.115617557250868,106.29189850770074,14.04443035594651,13.17644085727013,13.88598386587149,14.757902365505778,48.045365401875465
1852,USO,LSTM,2022-09-01,2024-09-01,3,4.786632898816846,4.538988309908324,4.609183886389467,4.314443910720655,1091927.8083361515,4.473654973934875,4.260169948920884,4.316583605540609,3.986113146449217,932039.0696976583,5.957989592312249,5.617398862675659,5.807637162765991,5.316284698945486,38.148274986276164,2.422529144144032,2.1857211907369805,2.3060214250635735,2.3148768347968356,34.607640193330866
1853,USO,LSTM,2022-09-01,2024-09-01,4,3.8678447614898577,5.431430714568914,3.792837958143491,7.004366406492385,1031392.3085902755,3.4498916416197973,5.1880989925502945,3.423861000181781,6.797201329475911,853190.2873756489,4.607643034828577,6.832575249852248,4.616784823878752,9.032419151606096,31.91937875210761,2.452769401188667,2.2644013302288246,2.301155899528578,2.449299823556972,27.269541377295308
1854,USO,LSTM,2022-09-01,2024-09-01,5,5.057633971569282,5.617548199595697,5.647060065484393,5.4896638490944465,1340450.8589060374,4.73304847814937,5.3714989030177325,5.3807734278935335,5.2012165521397185,1151665.0238841774,6.301740697082274,7.072703984822416,7.2290694109582585,6.9241540938172665,49.42684805618724,2.5321664170547815,2.3130459610126284,2.4643988186592596,2.4859687469081955,44.09337060836439
1855,USO,LSTM,2022-09-01,2024-09-01,6,6.755195764488184,6.51880611800675,7.741705197151288,7.388233782991755,1087879.9072031118,6.418904636365733,6.210484064826209,7.466838409819532,7.069633556401338,921675.5528284115,8.528622267097866,8.172369910897158,10.013768472584337,9.397033288199287,37.475083355841434,2.9734198224161417,2.747821013788214,2.9320837030405458,3.026728668198897,34.34726674539089
1856,USO,LSTM,2022-09-01,2024-09-01,7,16.909249604598045,15.346435431888773,16.35055032761313,15.82349135302043,2646200.726665443,16.12417461657836,14.617922385732024,15.561589367276065,15.015018185071623,2341505.3715725304,21.351116988583367,19.184355923225755,20.82382512474107,19.915829745322444,70.29094589403068,6.9198980612121765,6.2800205358538586,6.875176684280028,6.8089077607684665,24.55051118984503
1857,USO,LSTM,2022-09-01,2024-09-01,8,4.194731480563657,3.7686216848364222,3.2830367960475684,3.955803779293423,1356737.155500008,3.820458862591537,3.420287461972657,2.8579861340461625,3.6056159515612385,1164067.6255646353,5.0948682318430905,4.517121402555769,3.8594464278760032,4.810926773083021,50.18011209142712,2.4371991742679544,2.1798857575106942,2.25825622881679,2.2668280558765854,45.038077816572184
1858,USO,LSTM,2022-09-01,2024-09-01,9,17.02457117607642,17.39296892773424,18.510321377957197,17.683966225662868,2595933.097137957,15.915620838878507,16.276115777387187,17.396509899343393,16.53681504480663,2277384.3781601638,21.075500675125404,21.356303927606028,23.273831607618053,21.93237775650661,68.10894525479038,8.129819135232994,8.160367428065088,8.592902018011282,8.47140878095654,26.208243841348295
1859,USO,LSTM,2022-09-01,2024-09-01,10,2.273900317967538,2.3416280193237937,2.2763830322112955,3.036857520254935,2875769.425299759,1.7953261960868379,1.9043859956989613,1.8824539037608399,2.637882773013477,2689700.0254533696,2.410693032120789,2.5270270018108616,2.5473892353469205,3.5286407577804253,108.12731959104136,1.9363718076076564,1.8515145438745642,1.7896434819176572,2.0788913538561826,71.31611917151002
1860,USO,LSTM,2022-09-01,2024-09-01,11,4.771605437157655,4.494887162062364,4.953819404820318,4.61907617430297,1015950.1210376531,3.841493528417929,3.6652214832008214,3.894862372745941,3.6592812813779725,845231.8837252259,5.036584745443115,4.768260964848759,5.157818076898575,4.804347042531032,30.67855654202863,3.667236275287665,3.3489521127253106,4.012892513491714,3.6663840936821424,24.544523385147173
1861,USO,LSTM,2022-09-01,2024-09-01,12,3.3440135849548187,3.237016603333798,3.3301191735852025,3.217282528272909,1092553.9968107636,2.76470072743723,2.7353063194601686,2.7485593099074475,2.6796172643966996,928792.2691423696,3.6299895812553773,3.562191888466008,3.6427480306650133,3.5197967908906427,38.02270748064949,2.4287704420601646,2.212799424257632,2.441589305508137,2.294809039607033,34.79632077532522
1862,USO,LSTM,2022-09-01,2024-09-01,13,9.605393844346295,10.037560806965258,9.552358335474167,10.757858525858177,1638729.9121297426,8.9273523270201,9.410524734997011,8.888282052904454,10.069815639373852,1338081.531522423,11.84013639035836,12.362393396533847,11.910745237124095,13.369713847003789,37.583596940271406,4.820760313308271,4.698148062604575,4.805211883769271,5.170081887914477,18.35331960312843
1863,USO,LSTM,2022-09-01,2024-09-01,14,4.565134641711656,4.106264665336545,3.9931894768404272,3.5101324220657886,1036851.3398252113,3.778543955619019,3.3656055159483875,3.1619261027459515,2.875286717738205,852218.3887668451,4.950175476601486,4.372979779150984,4.184656339642056,3.773135416622221,29.57679069559867,3.30997139278331,3.021098686791255,3.1814124994455115,2.5974069726403037,21.876917900904818
1864,USO,LSTM,2022-09-01,2024-09-01,15,6.2354201968653244,7.004519264215581,6.2261383442822495,4.559068552975532,2470876.3280932433,5.91532389635698,6.7387975000882765,5.960940190257861,4.139663351821893,2258950.347187917,7.861359902400858,8.86204008434315,8.001282218603542,5.5214360900554915,92.80647270232207,2.7881353776953097,2.667805755628893,2.5772505482615924,2.6478828838659183,65.87994727535491
1865,USO,LSTM,2022-09-01,2024-09-01,16,3.2538728706161084,2.9509427536850135,3.043774715576773,2.6596237968372733,1084664.9525066903,2.6926871241483847,2.455275866723317,2.5370123220153196,2.1878366432459417,885352.497395277,3.602956591346141,3.2505886815394174,3.426593309036488,2.92785973719809,29.24195620483555,2.52628276179371,2.225459074235238,2.332119246904779,2.0773405891840153,19.212920444854067
1866,USO,LSTM,2022-09-01,2024-09-01,17,27.161651270377977,26.3673163311206,29.45446025699081,27.862655708203764,1904061.697477913,24.540960807436022,23.808412757301237,26.702712566253528,25.13286530834082,1623247.1493160725,32.462087719177205,31.218441222531375,35.69244450710904,33.31468029628499,49.00672189880796,15.452519278381788,14.928275861508917,16.68601480431202,16.07551754612171,21.44988546995161
1867,USO,LSTM,2022-09-01,2024-09-01,18,13.465104688724663,11.902435252557863,13.554975068416597,12.293032639523606,1704699.4452876283,12.724142994401094,11.194673513527118,12.851687001911568,11.50890608678864,1379020.6245546043,16.857045924741957,14.700415557953155,17.203609525418546,15.276430755025238,37.96995456705699,5.983935367149908,5.428388295865861,5.916684806231206,5.884618696216752,20.356778051220957
1868,USO,LSTM,2022-09-01,2024-09-01,19,2.5461135618212745,2.4344820895757016,2.5447953311493308,2.3903723339408156,1059629.0334755061,2.218445725848263,2.056758309443823,2.157277245661438,2.041280117602514,909364.7394838929,2.932062351639859,2.689825641105846,2.8693967478114994,2.6930554024189135,36.075787849782046,1.6736059554380962,1.7081785180188338,1.7808053004855753,1.6414066907709917,31.50316127872638
1869,USO,LSTM,2022-09-01,2024-09-01,20,7.062959540298939,6.728364459146911,6.9686686557163835,6.286984577257814,1054106.8027096754,6.763076701406802,6.452752030903161,6.684476727380676,5.94376284817763,887188.0181349318,8.982810897749076,8.489078608674214,8.969556025881507,7.908466507281002,35.57567360507207,2.899135398368332,2.661415693668702,2.819314377013252,2.875729021238992,32.37462419973457
1870,USO,LSTM,2022-09-01,2024-09-01,21,2.7516474200007233,2.8595681329249754,3.750333472969916,2.8933316285643174,3231803.1841576463,2.4533003019929915,2.512081120902349,2.975440333766604,2.4030869353331807,3064845.0425855326,3.233384517094362,3.2718377229723927,3.9372794653684666,3.153554611628063,122.8749427949477,1.642480584570112,1.7433779263680398,2.9741866164939315,2.072906920639521,79.39365188291309
1871,USO,LSTM,2022-09-01,2024-09-01,22,4.030385433617503,4.058369903329115,4.126138125371282,3.971399100536321,2945157.3737761127,3.61356976877499,3.6134135318207314,3.633222669190354,3.504087455147593,2766427.771941027,4.765385086156573,4.721524446484395,4.830670031827788,4.620561981918026,111.73241527019819,2.335582040653097,2.3888447972473017,2.5572453630290712,2.4383112669352203,74.50769821520488
1872,USO,LSTM,2022-09-01,2024-09-01,23,10.097990010471653,10.44899012004818,10.405306788585065,8.753913521292445,3505537.1167367026,9.637717593630017,10.025755283345983,9.970488163064571,8.234722898608235,3350674.8236225047,12.779306828216349,13.167147545166744,13.355445584170694,10.941381958620875,131.39472825136698,4.171298825504576,4.019594116814333,4.157249710297313,4.094429606185539,78.73272145068744
1873,USO,LSTM,2022-09-01,2024-09-01,24,5.433992753409162,5.706331911438382,5.064293767573669,4.961884768772342,1043581.4914922433,5.138172729333079,5.461234176410107,4.775222056820257,4.645973980008906,858340.4237636924,6.836372759979949,7.19037426394476,6.420782317565099,6.190150383327052,30.240117075062173,2.526018519891927,2.3288240408946486,2.411835517284277,2.452096967383127,23.184355062730063
1874,USO,LSTM,2022-09-01,2024-09-01,25,5.968098090457515,5.663038330950899,6.760446891265634,5.893812164330588,1352164.576063162,4.817929803883211,4.596262336302827,5.552477306958182,4.727155822089879,1161206.4419262612,6.319380651600176,5.9823330913530715,7.369184394663682,6.215794496483362,50.083974862529544,4.580869389879469,4.27677602289243,5.063703162467922,4.594949571313556,44.888185716195494
1875,USO,LSTM,2022-09-01,2024-09-01,26,2.2655278381025354,2.1444883953873184,2.2207590323620443,2.15387702943709,1580236.447405148,1.949664327157431,1.8047077069597435,1.9211622585175518,1.8788901679327106,1359516.8206338093,2.5757712109719155,2.3626063301252236,2.562126651900182,2.4877228084293472,58.9799860587087,1.5421701130720948,1.5305429579419434,1.4936089019743712,1.4142749762152196,51.24309964810717
1876,USO,LSTM,2022-09-01,2024-09-01,27,6.518131669369805,5.528206738878208,6.26965727189484,6.038710965156246,1340857.5664731,6.240966389524874,5.237527268133681,6.001844698880329,5.731783677958947,1081268.6180232961,8.292930468372834,6.8983201020693246,8.058376815213023,7.627107565237659,31.25693200736009,2.6951607824505652,2.4632640292846286,2.6059417498610222,2.6837849997511882,14.696412605176256
1877,USO,LSTM,2022-09-01,2024-09-01,28,3.278197038109794,1.8991070725980053,3.6739704626900096,3.0755054484859854,1070565.9714424855,2.7590633816958263,1.5238547000691824,3.2463793630302766,2.6279507691849022,878036.7987447977,3.6922055172726522,2.0168760533642907,4.377367750789022,3.515202404366799,29.54951400464979,2.4535941934226915,1.5462409717393033,2.3985396774922663,2.199627778148707,20.258282268545592
1878,USO,LSTM,2022-09-01,2024-09-01,29,11.713216738284888,11.539884752361067,11.909920088980508,11.729869352309235,1435035.0255416972,10.869756263103048,10.667921160055432,10.962583981929777,10.938065431966798,1227449.504101078,14.315718270106714,13.935483813406984,14.598860361118222,14.43583180855155,53.27213352537129,5.638071118121006,5.662763472517609,6.087026184291525,5.500249894745365,47.43657156082492
1879,USO,LSTM,2022-09-01,2024-09-01,30,2.8172694030305605,2.7129989676947526,2.88960098184908,2.651843904674231,1008428.6566423882,2.3558374136104856,2.2819661862300262,2.3428321397838774,2.206263013512777,840721.1472210288,3.094546298533012,2.9709329538178064,3.102777940829194,2.896959041210052,31.58536916014647,1.9997745000838691,1.8744304526539337,2.1957355549238446,1.8966572889852187,26.731165666853812
1880,USO,LSTM,2022-09-01,2024-09-01,31,2.17941080598793,2.01511348546055,2.188243269736561,1.9728285435097461,1474395.7233045634,1.836470168986792,1.6815098727807785,1.8995169474104387,1.6563590679863334,1167510.7467652361,2.431217680475493,2.2043439194547743,2.5415875660552554,2.1883400952699645,32.2058253682662,1.5838512471176032,1.474346637959941,1.4830551461381847,1.4142001666595012,16.820891272518093
1881,USO,LSTM,2022-09-01,2024-09-01,32,4.896304390894514,3.172186060925387,4.503773403384328,4.251657199194441,1172327.0780385279,4.586001839821498,2.756427185389202,4.198691339790624,3.919668772055426,956954.0787147483,6.106612458359186,3.6496742008675462,5.650634810498487,5.228295721924456,29.730836696265854,2.4437246958793417,2.150128774535792,2.32014757283456,2.3079503552941585,15.811504069067468
1882,USO,LSTM,2022-09-01,2024-09-01,33,1.9970978632638485,2.480950344262729,2.234801725695728,2.1655167345379978,1161757.422914784,1.6290303451680301,2.0593302116766683,1.874388889146894,1.788247045191512,942509.9089580774,2.1613606641723333,2.7203922388445414,2.5216872299296424,2.3846625476891026,29.218756908956433,1.5683926566665876,1.8823146077888704,1.689923755908851,1.671278641946261,15.938274467427513
1883,USO,LSTM,2022-09-01,2024-09-01,34,4.728438289735577,4.664550808381952,5.697048398152822,4.174339610645085,1339529.1404135847,3.8689285615380564,3.8496469399526103,4.912923131832349,3.346108010228481,1124858.7887511656,5.068796182675961,5.003178623046294,6.518371309051413,4.388317543652687,48.371363473922216,3.5177519884465123,3.389988901557825,3.757858015566943,3.236130102973455,46.781216346128126
1884,USO,LSTM,2022-09-01,2024-09-01,35,3.4551909441261235,3.0391125364045886,3.0569066323399126,2.693151376089494,1990409.0049452647,2.848828295009965,2.534746674843503,2.427280821410386,2.160275705354017,1735640.0121891503,3.728076162571206,3.2892145005781575,3.207057232932865,2.826035421978508,74.00571605959425,2.511786161716652,2.13386928663319,2.411185142328621,2.065888178850263,59.14081501487729
1885,USO,LSTM,2022-09-01,2024-09-01,36,2.28649858611919,2.129057723642262,2.4871608904617832,2.3524225239839938,1466340.8805591047,1.9246831735406886,1.7758633195623437,2.146260673884323,1.9916645596254057,1163085.6322548788,2.556135918680508,2.3342703294564173,2.881682709785338,2.6497800081537477,32.2220465332682,1.6909766406492803,1.5784073611971112,1.7395972487722695,1.708991506136844,16.557605161495935
1886,USO,LSTM,2022-09-01,2024-09-01,37,3.727402484068438,3.481536225585267,3.728947081946378,3.6204389453926713,1038723.3028448215,3.0449861081539287,2.908169913001022,2.957028871066427,2.9354602746563843,877539.3260988593,3.991453780166466,3.7835444821857585,3.914123022328485,3.852160261591675,34.994081949553916,2.7721151176784566,2.4467815451672505,2.959308465559833,2.737989783727488,31.435926552481842
1887,USO,LSTM,2022-09-01,2024-09-01,38,3.3867029757889666,3.0441299091326326,3.339272098216392,3.6435503149596724,1575520.491371143,2.8953201838231206,2.598789123439072,2.909097417606002,3.249598911928994,1257953.3283631504,3.8741758782944844,3.4419988924661826,3.928292966491199,4.340909033601404,34.43294552927944,2.444196769477352,2.1644616740656883,2.292638227694895,2.2849434759581926,18.125531504468512
1888,USO,LSTM,2022-09-01,2024-09-01,39,19.1388172880117,20.760635117861938,19.76630674664307,20.60086098771401,1516805.5065262702,17.620559978516635,19.254501937859043,18.276751240872393,19.070992261812986,1268407.1767258893,23.324625819281863,25.254865665966786,24.4460204983663,25.2863722922292,37.71630918689398,9.982006760347327,10.28379477737515,10.170709825822618,10.48186403136102,16.840176773496207
1889,USO,LSTM,2022-09-01,2024-09-01,40,9.906407429479696,10.58080333934331,10.335553645704803,8.231764627055211,1226269.8501027655,9.522066382619657,10.235688629562537,9.982375299316315,7.796885119286374,1055904.5433069272,12.628320928230737,13.44279040095134,13.373435229138577,10.362445490278034,44.71574495831535,3.8281834669591728,3.7016406859002564,3.7887892589241954,3.669490015382687,40.44197613120137
1890,USO,LSTM,2022-09-01,2024-09-01,41,3.4257508155917042,3.1182119146384824,2.3393234227227273,2.6635106025457653,2239783.3250623005,2.8644515163128137,2.607580369615501,1.948054631858698,2.2163900738729883,1998429.1620683675,3.829665974032336,3.44921515808827,2.6234789227674375,2.962004899968008,82.93923553507503,2.5921172130451744,2.315689910374804,1.7990486520665174,2.026001209609949,62.13073528616688
1891,USO,LSTM,2022-09-01,2024-09-01,42,7.836729667803587,7.17869464954785,7.230051672482075,7.283913489980809,1796980.1596560045,7.481207019865421,6.833185244845277,6.881370828752506,6.8951085137036365,1551031.5260358655,9.930285349173902,8.987138045218362,9.23165542736545,9.166998694635334,66.77381365776365,3.2759064671127893,3.0296294100465566,3.131788273004442,3.274479242974121,55.47708362877501
1892,USO,LSTM,2022-09-01,2024-09-01,43,2.208223038869232,2.3055936193714244,2.5496670170959015,2.3032011610174337,1059532.7997620064,1.8769358254869075,1.8730492520272568,2.1976927409720246,1.8755115225163383,890792.6120849453,2.4871631149836766,2.4403892115526697,2.9474909888107037,2.463612411621484,35.67935496960146,1.5815159199085498,1.7270207019109296,1.7787049499429448,1.7262719554270192,32.61463663475588
1893,USO,LSTM,2022-09-01,2024-09-01,44,3.720780678128829,4.232931247592553,4.518725728812245,4.550754250851329,1220815.138607774,3.229680426232638,3.8510718946177347,4.17431114430705,4.229367079355564,985651.5312946836,4.2256791629968244,5.005145522574948,5.53295003505204,5.55125825691194,28.89812403261406,2.3658722498684135,2.2206745296732,2.2142303377830177,2.1227000803054814,13.36786492972341
1894,USO,LSTM,2022-09-01,2024-09-01,45,2.7646358794432686,2.8845202663163025,3.0622209314284303,2.638308543816011,1354542.0733438765,2.354793788263669,2.41058562696118,2.4688325988992346,2.211849505573044,1163149.3324455624,3.097228197850251,3.1393605199198356,3.2702834236035696,2.906337886574608,50.146247156797365,1.8851303338170649,2.025297510014799,2.352930984704029,1.8578077631590055,44.81457268623128
1895,USO,LSTM,2022-09-01,2024-09-01,46,9.004390979182588,8.200941776506022,8.927777939494344,9.237073052025876,1397224.2430368208,8.516826833374944,7.714524985752132,8.436968922959341,8.70065080400541,1146573.1059139967,11.298883049516926,10.14230305908765,11.30899078186689,11.557598390716755,33.4795470364741,4.031981315749697,3.7754030621155477,4.054157188715666,4.270593170420768,15.202065914845633
1896,USO,LSTM,2022-09-01,2024-09-01,47,11.276203382285338,11.16313858098778,9.47132076653333,9.702072187990225,1516598.4123382247,10.834501440079173,10.744486201815699,9.02410084305531,9.194453557791174,1318798.8012837372,14.360334414083024,14.108679267121635,12.093344639565276,12.211424347426846,56.34741282241992,4.336777238394798,4.140734225810738,4.013681353953036,4.2774298975526515,48.08717816605636
1897,USO,LSTM,2022-09-01,2024-09-01,48,4.3807732080821955,4.317936872811604,4.296321060263701,4.370501594812782,4658980.730810708,4.032780668520172,4.029799889352648,3.982327217768246,4.058102534654699,4541533.909593622,5.375228881137111,5.314574808792827,5.360508484508085,5.409896599472832,173.65860666309948,2.4173351498990883,2.1552013541740584,2.2859597905364715,2.2770266208093224,92.75807403658838
1898,USO,LSTM,2022-09-01,2024-09-01,49,12.407659708478263,12.657127427708422,12.373544598854982,12.45296171494697,2116770.734516959,11.67092393080316,11.973136266944948,11.55273476060086,11.69995468701954,1872985.9964621072,15.377421053324039,15.645168404635475,15.389873283734875,15.445379458183083,78.44674810820628,5.42954925985046,5.2641037395933115,5.783637201208096,5.531560576052322,60.26435801757686
1899,USO,LSTM,2022-09-01,2024-09-01,50,2.965284007835624,3.2533360787879695,3.2659451270781537,3.0185762488131496,1026979.7238105454,2.460326273647358,2.7068593857243513,2.5918502959733813,2.4499801947676816,845190.0288530191,3.226050532103688,3.5179428499239807,3.429353499411545,3.2120944322472083,29.805944493977954,2.1316630859934924,2.3029439903293367,2.5823593182689946,2.270375631299842,22.773099473078677
1900,USO,LSTM,2023-05-01,2025-05-01,1,3.882856532515216,3.4303161341078128,4.053338130900589,3.8676281806742825,3317020.9931545374,3.3329436812524857,2.8633238265178664,3.5368005142857633,3.2256081328857005,2146053.4576286874,4.704539134645899,3.9541489332693205,5.057298327253686,4.492735512403665,41.90199345850887,2.6829827873925294,2.429233861943691,2.7043118393780876,2.804303437459344,28.160765153833417
1901,USO,LSTM,2023-05-01,2025-05-01,2,6.97975955742772,6.753509651751549,7.253440226399515,6.820790659718844,3216558.896565363,5.8022813947078244,5.603102767716117,6.016856389244397,5.687994327443585,2227528.6492733657,8.641257507657205,8.186342434064272,9.10713746150213,8.426727531162323,49.83726096582603,6.05647745759418,5.695395690204581,6.474492000712834,5.8469073175753685,34.01068830585
1902,USO,LSTM,2023-05-01,2025-05-01,3,3.9980487405509875,3.6663336626230953,4.509708545434526,4.061818338696231,3522345.5193834365,3.514329651760628,3.2642263729904166,3.9509711816906927,3.6205891652042244,2264888.113863071,5.064527797293728,4.596634647649067,5.8401540674605,5.211487952221115,41.57078139214618,2.8638759572028296,2.305179511856102,3.4893684291293616,2.7747304212545387,27.71636296297889
1903,USO,LSTM,2023-05-01,2025-05-01,4,10.243995522009104,10.025143490358525,10.455786355124168,10.148250231898302,3882656.7760765655,8.339639967880734,8.189736092348994,8.40561921298504,8.176739337411103,2520602.6445404687,12.451161623600768,11.99567588174664,12.776840259638563,12.173679674664799,41.74384803619361,9.099499160123004,8.639359838927703,9.688822451616144,9.146665580740006,25.57774078449329
1904,USO,LSTM,2023-05-01,2025-05-01,5,5.585284193938093,4.896846934808501,5.649827603118237,5.1665513066151005,3631016.8781492813,4.7980451804589395,4.321271140119923,4.889308465520541,4.559667607937505,2306966.4428686597,7.102253380158796,6.24272411725434,7.3301847092298535,6.67724443688003,39.73964358979094,4.55739202382828,3.545036252463178,4.637397604541871,3.862084634397133,26.138816423380707
1905,USO,LSTM,2023-05-01,2025-05-01,6,7.022153390765215,7.251160419198365,7.435504731288521,6.703083875742453,3685746.3028993406,5.856087845517883,5.951813290095037,6.173281299074491,5.674791716777145,2352009.5338510475,8.716307209784171,8.709975819741548,9.342321097950279,8.388883780312112,40.171201484835684,6.0518690188573725,6.229868515929542,6.615783261691632,5.571589203408273,26.0602783759014
1906,USO,LSTM,2023-05-01,2025-05-01,7,5.959249684903814,5.710445213788109,6.677074682468656,5.98129323638122,3467851.2500486295,5.089715803600666,4.874415057906488,5.578875975807508,5.115707481263189,2240618.307479223,7.544838142422774,7.088601177309364,8.434024297891204,7.547039036246097,42.28672267841335,4.916962316129759,4.538766672154596,5.904505162254807,4.871510316248238,28.7141305672175
1907,USO,LSTM,2023-05-01,2025-05-01,8,7.069041844369184,7.080630749500723,7.6503782691340785,6.850275683292568,3197149.582925381,5.885272036715256,5.828029319787325,6.27539335389932,5.772540641862103,2215679.331289629,8.761685237625212,8.524616573121376,9.515364961345774,8.539666097813319,49.97171515643542,6.110339673188666,6.055643723458229,6.948917845880471,5.748240664367494,34.46300265897595
1908,USO,LSTM,2023-05-01,2025-05-01,9,3.8412737476326617,3.4157377834048317,4.257074768463748,3.8521364163966982,3129653.7288351115,3.258137353560187,2.9612162421049715,3.615978117287159,3.325379337403001,2327305.9292307994,4.727172926307106,4.20193446312925,5.35048287797633,4.8171977630131035,61.66003516202028,3.1223620810203805,2.442369305340379,3.5819060977750463,2.975339229797175,48.97428969875909
1909,USO,LSTM,2023-05-01,2025-05-01,10,4.788312890578776,4.664163283796954,4.7687960283168085,4.087103451477219,3160581.1910715853,4.13946291667271,4.053065498972357,4.140885750949383,3.6769086925687664,2268525.9949296713,6.102689659624864,5.869607010380156,6.1615799289408795,5.256776954773405,55.35771500017543,3.858570544164048,3.5412584012183292,3.8488319713891146,2.6107437265695963,40.89302173029871
1910,USO,LSTM,2023-05-01,2025-05-01,11,3.851676436764286,3.438155506172806,4.07460851167588,3.7234581034019336,3297878.061880293,3.2682361288674353,2.989151635713036,3.439947734773159,3.2044617953292875,2267136.6122820973,4.749156340873208,4.2396985635065505,5.035757424305328,4.590097455454086,49.13968643789433,3.1417948599684267,2.4320879120305063,3.352083902813284,2.7728872687665107,32.79759493615927
1911,USO,LSTM,2023-05-01,2025-05-01,12,4.8245468138330425,4.100494440188809,5.3073675235206474,4.466598241128231,3541100.8963270737,4.1982992601565,3.7080928541230795,4.546690287192662,4.022248057738117,2266523.267362565,6.176830717726226,5.2981861795978595,6.816543844702752,5.834924599165825,40.93585810065915,3.8038248583781624,2.63384201173646,4.472763349837485,3.0540695361267347,27.181513921357038
1912,USO,LSTM,2023-05-01,2025-05-01,13,4.703600077022074,4.091842709309662,4.917265298890872,4.376009711505775,3225845.4282601643,4.0547354668831606,3.6382574097781495,4.230235328773658,3.8697853890310814,2231013.119635731,5.9752077089526265,5.220931648896299,6.317853055725332,5.6280988897103565,49.751492095983146,3.8210775564053177,2.8414643756633593,4.095960667000384,3.201281246256498,33.93024848694146
1913,USO,LSTM,2023-05-01,2025-05-01,14,7.771989597295848,7.179978025916414,9.646214966962251,9.274816289124534,3413976.2195916623,6.5156737705056305,6.0829973395419,7.742115746935209,7.472399351777873,2223477.5540344915,9.684120583347958,8.857607011753595,11.769723849930882,11.122935209011834,43.02275249309264,6.58659669165067,5.793493269906299,8.980741145383192,8.382950304897363,28.822997130700927
1914,USO,LSTM,2023-05-01,2025-05-01,15,11.612621606843241,11.403288392336867,11.792009430831852,9.717999669400122,3064763.351296178,9.795000732761203,9.643644589857294,9.844061927000682,7.759597270420864,2204256.682784011,14.56161828972378,14.069362687991264,14.890764753419047,11.562657311415665,55.34346732405591,9.620917753560063,9.165596817046378,10.204093871896717,8.894359935302761,42.154510006282
1915,USO,LSTM,2023-05-01,2025-05-01,16,7.353189837148855,6.743452771692587,7.997316622111319,7.804024455063816,3450965.240331234,6.1158937214338795,5.673509746263502,6.551898123820623,6.3699776382887645,2249315.825086633,9.105059413277178,8.270163771510676,9.934636719845173,9.46606503807166,43.287767411711684,6.352694896201144,5.528231712842465,7.259865571428101,6.93250997440665,29.16366992638929
1916,USO,LSTM,2023-05-01,2025-05-01,17,5.8876733916840935,5.768924492028577,6.076545270464108,5.629923353900064,3254199.128605484,5.125452841658387,5.067867762055214,5.216012919570009,4.848399736317466,2250820.5660159886,7.14971420077854,6.989393410889044,7.3239888470127,6.7287081611553,49.970448617587934,3.708210527185755,3.4767463911898124,4.017846519310757,3.6538728519888286,34.088001994058864
1917,USO,LSTM,2023-05-01,2025-05-01,18,6.347199535755166,5.774236251145132,6.661779106630238,6.026951968591657,3932547.3187277783,5.3947054352260695,4.96713736054365,5.63716520567735,5.207698549268253,2556494.1530709714,8.005454351133542,7.215692653156788,8.50191975526569,7.67044971391801,41.7830570293176,5.278601758900086,4.502676691934275,5.732310667872108,4.785520780964165,25.62425068872432
1918,USO,LSTM,2023-05-01,2025-05-01,19,5.47990897988858,5.067240679733413,5.75954285431656,4.920046391573734,3508254.4090890666,4.726262827052051,4.41786150412986,4.934613304336866,4.423962691822938,2247316.877384136,6.98906710815741,6.398160584706458,7.413365834080452,6.4482824295557215,41.13063038444643,4.429483174768385,3.8104324920800305,4.8466232651962295,3.4352597949884744,27.68103954447334
1919,USO,LSTM,2023-05-01,2025-05-01,20,14.735991689391838,14.786786445649827,15.2534544162224,15.089475514821912,3063219.9909967575,12.577313061430353,12.746805791727995,13.01304078201453,12.899702674758078,2124123.081608216,18.646515954513827,18.541024569445362,19.600211511799767,19.048173248377093,50.148417038304196,11.824999443691397,11.333626323198821,12.517403576382213,12.04687416249654,37.28407056663352
1920,USO,LSTM,2023-05-01,2025-05-01,21,5.70888917272028,5.428625508654751,6.2779268470408685,5.983660179914186,3451284.8938445766,4.945466306875035,4.715505227984492,5.327142255504926,5.128405315802093,2235293.714930018,7.307403882105991,6.837935421225709,8.027540776235583,7.563467140749245,42.49045349333546,4.547575420222794,4.126835471916386,5.387188737545578,4.849523468771247,28.705736738716702
1921,USO,LSTM,2023-05-01,2025-05-01,22,5.8716414887781765,5.678111926112447,6.747979456879565,5.905892538818555,3570914.8242427655,5.072545628372184,4.879410706772849,5.662032412489255,5.107150515583074,2315464.302622229,7.502118765304319,7.087813508838541,8.553146070462411,7.5194399733264445,42.28588998089259,4.705126582979911,4.439124657623497,5.908730768275624,4.681601659867588,27.02276714485068
1922,USO,LSTM,2023-05-01,2025-05-01,23,5.039243641024245,4.387113796812073,5.1424253656756465,4.667785199111621,3434057.980629405,4.375154385402569,3.9163555530583003,4.477021781603495,4.139482277557492,2231333.7998734415,6.451726447821858,5.629821771111784,6.684068986070378,6.034816044484739,42.775540076764365,4.008231344880862,3.023845035185796,4.145350200578205,3.405911437262004,28.702855140592064
1923,USO,LSTM,2023-05-01,2025-05-01,24,13.423061805027347,12.889276594677089,13.196978026767207,13.824394524923205,3727144.1446598447,11.43779825657639,10.959189402643794,11.039767102400463,11.820470964070653,2445171.5876787403,16.97195704788631,15.971994040600048,16.68301219796155,17.462068383213285,43.674563307195086,10.841146821662424,10.224976933573268,11.337705650201487,11.043925406227466,26.765951973783093
1924,USO,LSTM,2023-05-01,2025-05-01,25,9.525404294418175,8.864083977801554,9.312427348991017,9.19505003378743,3179278.9444538355,7.821936784730497,7.218389452914653,7.443686673045159,7.416217288623844,2238367.3531114063,11.672931935466744,10.577215443273635,11.325757185164466,11.042021477569039,52.241805631837146,8.354137822669488,7.696853629449303,8.74546097984182,8.293314197191599,37.03036644113377
1925,USO,LSTM,2023-05-01,2025-05-01,26,3.637457247665601,3.393536166032204,3.88503894744235,3.5931308875631873,3529792.0033451584,2.8784896108889444,2.6726688754493124,3.1096610123912494,2.870909891045187,2266963.288498024,4.058522031000343,3.6687841917377937,4.468558972445675,4.0187006691410305,41.35976788451232,3.0621241118160505,2.6816161014464743,3.323733424024601,2.8987557221921443,27.432845807069416
1926,USO,LSTM,2023-05-01,2025-05-01,27,3.796573903299225,3.416190553257794,4.0791395695939165,3.7325189838565556,3714829.1324387495,3.073607220206607,2.828532619968996,3.4376710534095762,3.1295073525700636,2343386.4741316685,4.354135009187624,3.9358104835322116,5.007486095424268,4.434006414582754,38.31292860579059,3.1162135326718103,2.538462014091942,3.3008442381554213,2.8365402522373504,24.763454415885686
1927,USO,LSTM,2023-05-01,2025-05-01,28,5.989209845828384,5.242328095592364,6.142442732974067,5.2469687659105455,3188255.07488382,5.052817067851432,4.537872086081923,5.18815027376016,4.621434014587847,2231824.3857494495,7.506814568054578,6.5820051987038815,7.823477689792151,6.773014116415611,51.376499362179196,5.083521441111363,4.023577843365909,5.3341859669587475,3.949912469579423,35.942841702950275
1928,USO,LSTM,2023-05-01,2025-05-01,29,10.01835776620705,9.976436172329553,10.051148122022518,10.580764656971935,4957871.560417039,8.046074131938258,8.070910369391527,8.04271358847618,8.49478124084153,3682585.4743717588,12.028359485168053,11.83142623113608,12.227009237335395,12.650041856795847,65.99914103136607,9.10322342738132,8.74714401048103,9.391589446364927,9.583327860316075,27.80524934030436
1929,USO,LSTM,2023-05-01,2025-05-01,30,6.765843159012791,7.054162768408597,7.567101841342104,6.727185699200596,4082916.877401171,5.683194197024432,5.796866352163579,6.214527996381124,5.654819446303532,2718460.8171816915,8.449134007160271,8.480670167789423,9.421424125747752,8.367833102219556,44.614294358217386,5.756605304824222,6.051391273127381,6.8636023260914,5.676031512003707,24.474953219562888
1930,USO,LSTM,2023-05-01,2025-05-01,31,3.7702413891145734,3.8926298692176604,4.017082597977793,3.9596292481954802,3218856.0193247222,3.040096075449761,3.0050856903286425,3.3511232641836006,3.1463214335106424,2278678.3781785765,4.248561452603958,4.0831223069901235,4.750406446579909,4.33869957070302,52.96711094797529,2.9535919633174412,3.172249638099373,2.943445311328348,3.103687924443082,37.07740209436951
1931,USO,LSTM,2023-05-01,2025-05-01,32,3.9345294646691866,3.5406061756008693,3.948074508450461,3.960434807973877,3512599.107314914,3.228712611314533,2.7626582344386312,3.317283799747626,3.1678364943176573,2272767.712313831,4.5104777177703665,3.76932508214683,4.7193325311438645,4.372788404154711,42.358349290460446,2.9604935430540222,2.8290849871661297,2.886286107643706,3.068038902136087,28.20048077438336
1932,USO,LSTM,2023-05-01,2025-05-01,33,18.257152136595852,16.50778264071131,18.494185524844436,17.491959252999283,3021451.834549101,15.749984690441927,14.035714844417575,15.899693087736766,14.863689720932538,2185371.1528864503,23.293339109274918,20.434506010295163,23.89472831287425,21.945598035378776,54.54149440080749,14.21023072190064,13.076096377420393,14.829569221351917,14.138958226462966,40.52192738977644
1933,USO,LSTM,2023-05-01,2025-05-01,34,5.539505322949146,4.9262061572015075,5.568155238425429,5.0054212440340216,3057759.40127633,4.72597460504406,4.297348911246687,4.7431200315554936,4.378628514983999,2347688.806704233,7.00296973846953,6.2216536516451475,7.129139692759308,6.420023411946513,64.25354373580153,4.6033866729552075,3.699191246447344,4.76174154561462,3.8475916621548407,49.95138612052954
1934,USO,LSTM,2023-05-01,2025-05-01,35,8.233752872187294,8.193709779244701,9.062828705691961,9.31467624424454,3346160.5792679205,6.708359348631363,6.63988177363032,7.282560578982035,7.522976434067656,2235953.011659533,10.014511819831725,9.729597160086376,11.072369732447546,11.199534532268268,45.64161838601299,7.356568218213464,7.187861346771072,8.449690316913172,8.379560134563098,29.90336474924363
1935,USO,LSTM,2023-05-01,2025-05-01,36,14.922390354894592,14.229835876710583,15.120727879285578,14.236966437469253,3571180.7834725087,12.79749220244045,12.126786662532428,12.875602782766025,12.011542662117897,2248625.651884526,18.96215770721809,17.661760749662196,19.397981924822684,17.76678053058656,39.01644792463957,11.838455810670979,11.22136391385289,12.464143253481543,11.71818726237799,26.678631418033337
1936,USO,LSTM,2023-05-01,2025-05-01,37,8.329928363683663,7.862159400947843,8.870398487438692,8.167904708770525,3362959.076033054,6.741361242408008,6.410819194983113,7.1312453836202625,6.600231161293444,2243119.2077325783,10.079355709501034,9.391886024707986,10.847672735737426,9.824402596084756,45.516068592944286,7.5270536127561805,6.82544623365982,8.279530525632344,7.367618363814427,29.84759576556434
1937,USO,LSTM,2023-05-01,2025-05-01,38,3.5838424670597604,3.524499082525165,3.7145456352625965,3.5930219041812754,3341065.5765110813,2.866223526274871,2.753367318044483,2.9493603413303693,2.888762314927491,2242274.2052410543,4.043778839372463,3.7564066640093494,4.258431784934594,4.030257133733375,46.2921093282194,2.966392259038463,2.792835342415806,3.281193875761238,2.8292325320284815,30.56984505427252
1938,USO,LSTM,2023-05-01,2025-05-01,39,4.793757045107676,4.747000896640549,5.296900854971754,5.2593770978050935,3083426.102186843,4.132728707661605,4.112890025854146,4.498434575398763,4.47680814214325,2499059.574763179,6.0940495915831745,5.957525042555655,6.757112457144326,6.600590478255987,73.20513186380133,3.894055268197051,3.632426091002873,4.570357291879538,4.344254842696205,57.773527441746985
1939,USO,LSTM,2023-05-01,2025-05-01,40,12.26615590211358,11.401812042223868,11.612798940025739,11.565541121023793,3744499.29782941,10.281423469149452,9.405598206408255,9.335527879993121,9.452543884487334,2449196.600403587,15.288382071492606,13.75573153230563,14.180942380978914,14.044255901973127,43.19069546143889,10.274868482347037,9.643526575686542,10.724414403855615,10.153993707240511,26.48016035798887
1940,USO,LSTM,2023-05-01,2025-05-01,41,3.6255687567016976,3.3622816417869252,3.9857569215284703,3.6365574185094274,3458598.2129833465,2.923248532752162,2.7121658468284258,3.3104247535268465,3.0625667695123373,2273403.9049634836,4.173559932458141,3.7486990403742473,4.840188566676681,4.36355694508069,44.27930397732433,3.087956163362404,2.5916019216173867,3.3781503865104536,2.7991522918850973,29.58184510722078
1941,USO,LSTM,2023-05-01,2025-05-01,42,3.878595909060372,3.4470375653665877,4.174884074776367,3.7814913188021655,3256294.322941131,3.1322102296986714,3.002030088024738,3.527514885365963,3.2719346629460877,2263328.072837889,4.418791786186644,4.251556730849348,5.211930980568254,4.666783503229987,50.528289514639,3.152602969699262,2.40534805918084,3.5245284345652736,2.722918040610901,34.37912812996473
1942,USO,LSTM,2023-05-01,2025-05-01,43,6.226416734766376,6.297553234502795,6.501803500946424,6.977467332301997,3483646.9754242534,5.298846997654391,5.2904891808866905,5.520777491728465,5.739970393678065,2256103.131555468,7.860578338683778,7.716105375669516,8.319829485719964,8.521231128608916,42.56927516369176,5.168862545033681,5.183662541479304,5.559772187705221,6.131389326561034,28.730577718685247
1943,USO,LSTM,2023-05-01,2025-05-01,44,7.661446787025869,6.389456873196483,7.3141425348246765,5.726189541856178,3875343.0715703983,6.2312681909876115,5.320718069957396,5.978627222776413,5.032354749426164,2497604.496472304,9.313887722064765,7.770265148098191,9.070862522086584,7.391518289895406,40.62501145577723,6.889024987623542,5.3537153279257295,6.705438053530162,4.34621615268323,25.131303012753474
1944,USO,LSTM,2023-05-01,2025-05-01,45,6.182619202308828,6.200795453257408,6.283775207652759,5.7814189094250334,3341356.934242083,5.212983377622883,5.186694929860353,5.32444328268369,4.991329676213998,2257757.319962581,7.745563038213275,7.5709048823780325,8.025153693339641,7.351153580131774,47.11931039350083,5.244409976876269,5.150829376929149,5.411051933457668,4.605474558234751,31.11466745850126
1945,USO,LSTM,2023-05-01,2025-05-01,46,4.854730286470626,4.213866377247729,4.997789429814217,4.502008568631289,3195662.915933928,4.1738421839523046,3.7229130797585714,4.2771711255113285,3.967340420840473,2251880.303919365,6.160676887607954,5.358225103731642,6.398396376697997,5.785639286176143,52.38738255362111,3.9739051418824696,3.0142827570175683,4.2203949331335675,3.355126560780953,36.93265552688794
1946,USO,LSTM,2023-05-01,2025-05-01,47,10.619402204553454,10.917273157382818,10.6132360326478,9.099257217282265,3048336.2856954564,8.777190434241113,9.221927572353897,8.602580878138543,7.338838141125515,2347369.4805559516,13.083145372008037,13.458153607032411,13.065187638011622,10.921975278203314,64.3674354079592,9.175991354226065,8.799963880232454,9.706933808902573,8.214359670550413,49.82990987444212
1947,USO,LSTM,2023-05-01,2025-05-01,48,13.505838523888695,13.401994579475582,13.10413365704153,13.338911581362327,3209151.6277544,11.23400748288847,11.222123020915426,10.628716916839283,10.906350318064218,2251381.8034992614,16.706245976821826,16.37649618557954,16.113822419483245,16.18980080343406,51.72344715070742,11.459692064866648,10.993429555026887,11.888978024676529,11.683017636561258,36.03464986477245
1948,USO,LSTM,2023-05-01,2025-05-01,49,4.359123091088092,4.354326402681295,4.980697043900091,4.634822464765661,3570273.236653586,3.8844098160581098,3.8624033884345748,4.341304285327594,4.095796757509504,2294216.4236988127,5.656909717575733,5.558799698137454,6.470979296321795,5.975542576230644,41.30118738772659,3.130878672044856,3.0738551844814737,3.9947938415170516,3.4258685352063334,26.919888619047
1949,USO,LSTM,2023-05-01,2025-05-01,50,3.772827409330912,3.4001128395081115,4.105297071315776,3.734560052773397,3500385.843959932,3.1787594595408186,2.8822790038245483,3.474514926970005,3.199880647918735,2221393.8997109234,4.577472493276594,4.036496960394161,5.06639395353931,4.565438689691812,40.1437164147808,3.021013772836879,2.4407093138905553,3.304613084511438,2.76488778657442,27.613854601711857
1950,USO,LSTM,2024-01-01,2026-01-01,1,2.874721236101587,3.8158574515378674,2.6544884181154815,3.162937898617351,1762240.8111480174,2.5294823628688734,3.4877563754207737,2.261734563425489,2.8036889508610217,1471783.6679296691,3.665417905708919,5.0122169171136255,3.3083988721885755,4.061989636241748,39.95809915457791,2.0422543243778706,2.3162139830337134,2.0909927409466715,2.2049829761612356,42.08200640897621
1951,USO,LSTM,2024-01-01,2026-01-01,2,4.473610912140604,4.816427030930239,4.432455004120415,4.474399284172174,3569663.179507687,4.162505847613662,4.455684610934076,4.0901842726862165,4.109568548060281,3097896.8086985988,6.014344883432276,6.396795027051219,5.958895619798394,5.941858345946439,94.72785218467592,2.463761169478677,2.7324784136180797,2.5879982102657713,2.6683409552446262,88.4327683194514
1952,USO,LSTM,2024-01-01,2026-01-01,3,1.1884947075835226,1.5796796019066963,1.346755216079727,1.6445378342231676,1926607.3674249616,0.9238841139120875,1.1848487731950854,1.008214367538964,1.2679376497401866,1646095.6113217026,1.3413895169469647,1.7136812489096165,1.4780529943644125,1.8444781380624282,48.45204427495749,1.115115741818775,1.548262923140958,1.3401883970425514,1.5684305814189539,52.0884325627096
1953,USO,LSTM,2024-01-01,2026-01-01,4,1.388725003012613,1.8142238319857513,1.3426764790337136,1.2609175955466856,2692046.2952921824,0.997364736809368,1.4414435887041577,1.0121432402055992,0.9597159146942166,2313828.0623631175,1.4545112276114305,2.0827483886033837,1.4832344458717097,1.386196931995144,71.511876220586,1.434556684869345,1.6362972369075346,1.3237053914602641,1.207375400368209,71.68955277669194
1954,USO,LSTM,2024-01-01,2026-01-01,5,16.712874042604597,16.177233590816005,14.98588404139798,16.14645150239596,4750224.027702779,14.846576301111721,14.397002146796103,13.366617015451629,14.34649375460764,4025995.7027164693,21.410233515826818,20.6395689071864,19.435173060575337,20.711192013079838,95.96985654397947,11.167247074544449,10.726621141494897,9.98666150257035,10.870907252938283,74.51228676473848
1955,USO,LSTM,2024-01-01,2026-01-01,6,1.1466186854275875,1.323478177115173,1.2911160423581516,1.5086297228961858,3917175.2733230176,1.0328825412027944,1.1450266466591719,1.097021799551476,1.2825945023226533,3537536.614945878,1.48549397089359,1.6274110760469462,1.5822915589671072,1.8285926569342623,104.61933078893266,0.7252412745052892,0.9373998950904813,0.9753259021843301,1.1167717576374414,88.28009052840692
1956,USO,LSTM,2024-01-01,2026-01-01,7,5.494884092955077,6.016404505822067,5.508462599023872,5.723075674535651,1945382.542996451,5.045767809766483,5.500135430236541,5.006609380667124,5.184859969144282,1494693.8457489512,7.288491584543483,7.89490738520619,7.292359854879551,7.495393526518425,30.68820483806555,3.2338941121545153,3.6083467537077403,3.443967728040177,3.6160629243356848,21.144603962584014
1957,USO,LSTM,2024-01-01,2026-01-01,8,4.293360576649911,4.586032554145656,4.10097277264216,4.519898870598177,1779153.9942439797,3.9424791744203125,4.183128872198487,3.692267989949687,4.110574953136055,1397529.1664278756,5.699029094150641,6.009082710483624,5.384315890011571,5.945140168866174,32.699405297283654,2.5443096773365603,2.7982607795489503,2.6874846807955874,2.8246243368837973,30.076429704778125
1958,USO,LSTM,2024-01-01,2026-01-01,9,2.714422677640071,2.114330348425557,3.138370631463454,2.0543406542923988,2803591.2477303245,2.444564766506066,1.8242771524907426,2.883358068473308,1.7760927945018825,2407539.503304014,3.4882703955734664,2.5791752786718325,4.145726457071267,2.52835727728335,74.56777588770149,1.659108074321782,1.4903841480066107,1.7413145707495716,1.4449608257136017,74.82016942799862
1959,USO,LSTM,2024-01-01,2026-01-01,10,1.8645333902323062,1.9657377808068464,1.84755818280224,1.9055282707169214,1765341.20768318,1.4785359506637292,1.581878604577696,1.450983945764013,1.5260665635206085,1411168.776577264,2.151414790818414,2.2851180072247756,2.1288836619476674,2.2188003705998796,35.52038992764682,1.690830331861852,1.7344742564652353,1.7178666743531164,1.7115851469618268,36.624241160181334
1960,USO,LSTM,2024-01-01,2026-01-01,11,7.218960619090534,7.39105329213131,7.057840961251453,7.119750158456782,2051170.6148950253,6.7316837398524365,6.830692899796906,6.542831969660013,6.53563114125194,1570156.8353792406,9.713857826337982,9.796794275881197,9.51903774420792,9.44014731728112,30.499045377464295,3.872479271105209,4.175908159293107,3.9715183740478,4.209581696578751,18.106485320384742
1961,USO,LSTM,2024-01-01,2026-01-01,12,5.415001502210069,4.999527988740839,4.754229500434961,5.058326860023999,1807557.9018269894,5.019549210562059,4.528255325249529,4.300552779834091,4.58409587456567,1422740.3456924483,7.249331859459987,6.504584384195172,6.267522772275999,6.62883680648717,32.301043903441965,3.031333627747529,3.1414077054383567,3.044831789042177,3.2008284131040643,27.479263891724408
1962,USO,LSTM,2024-01-01,2026-01-01,13,10.272154057311218,10.864004131691441,9.84171033610305,10.701662834908023,1709744.4038458345,9.159890901693075,9.74031932725023,8.713081220293498,9.497985704006657,1328710.841617373,13.216406364275427,13.968482489804082,12.678285620576158,13.71946139454788,29.537999028012447,6.7891028020323745,7.021747772617365,6.758175308494881,7.25408338368224,22.94460304854503
1963,USO,LSTM,2024-01-01,2026-01-01,14,1.778625626133221,1.9410641442415038,1.5080566360548273,1.572515114376736,1893953.6254101037,1.3882124911849891,1.5735666016358627,1.1263225788258902,1.1811304977046424,1622055.8130356919,2.0207108511640755,2.272498054624094,1.6537129447199859,1.7184613555134485,47.23510191388185,1.6526694355736837,1.6898690973018566,1.5051360346470468,1.5520736039173277,50.533102291456444
1964,USO,LSTM,2024-01-01,2026-01-01,15,12.66518009970189,13.340652635652802,13.017711989636968,12.934321782268057,1760567.7063081416,11.653224129168553,12.25947151046987,11.948833703598423,11.843135727260313,1355202.607240056,16.804937144922693,17.568466951301723,17.36893080788611,17.08992015762151,29.893145936205862,7.283561893079433,7.7111950274353465,7.6658411046281,7.68617348597499,23.303678311604497
1965,USO,LSTM,2024-01-01,2026-01-01,16,2.0126544058412534,1.98038202265995,1.6868265757820824,1.6119486619513805,1771549.756614382,1.6491664009573204,1.6035074854707925,1.2830136637586596,1.2191167675315493,1483629.584074368,2.3968866645580533,2.315956278372814,1.8838962742963543,1.7733845928013945,40.1977016907826,1.718964639738919,1.7278799466038965,1.6430322417670087,1.5766120301639264,42.34808645198919
1966,USO,LSTM,2024-01-01,2026-01-01,17,9.381692609804503,8.995934779344145,9.218737272227838,8.277765986586465,5711609.940627293,8.820399610130858,8.374744858519437,8.627339641537977,7.580588962481071,5236977.84213379,12.719676609883459,12.004280393862302,12.541820935208477,10.94676519652274,151.90978846160564,4.740998121405736,4.856477020321907,4.86870295100329,4.941142291937788,127.90574042760903
1967,USO,LSTM,2024-01-01,2026-01-01,18,4.395694104279221,4.533861933763631,4.069547024732098,4.553274865317667,1878399.495770298,4.073779192775502,4.146831961599764,3.692186413043722,4.166550997420439,1616442.8034997482,5.887000415250052,5.956759231497096,5.383230804044588,6.025200908710476,46.81986314236994,2.478904205696841,2.731030361757663,2.5835581503871556,2.7623077121470714,49.20938982244943
1968,USO,LSTM,2024-01-01,2026-01-01,19,1.9358400804011096,2.5841407115991326,2.062904882340765,1.7423895555779083,3318685.667480177,1.5555054144328742,2.2271397545209313,1.677646132987411,1.3438474107390221,2845014.0243779807,2.2623838161476595,3.2098880638311225,2.458750908037842,1.9543980702854278,54.9412818704813,1.7172192853906896,1.9525676458691021,1.806233421276313,1.6595677881066937,16.87267974780874
1969,USO,LSTM,2024-01-01,2026-01-01,20,7.135318637129111,6.869011686529835,5.610370165660416,6.382819451125258,5205616.201337829,6.75177776804694,6.418621321868931,5.135109773763164,5.886897830392831,4805410.747270733,9.740199752746635,9.204121094336633,7.477895530477399,8.503875038906038,139.04894781700952,3.4543163234732215,3.640545791998296,3.394537964700072,3.689764399493154,113.245124037892
1970,USO,LSTM,2024-01-01,2026-01-01,21,2.4867938987569116,2.0329008264591053,2.4452312679226305,1.6616628689527304,1848895.343292104,2.1907505907036353,1.7505991244361023,2.1376095559926926,1.4052234288117367,1465454.9667115759,3.1253121261516434,2.4767545590919227,3.070703272996405,2.0038803931134113,34.66303649105368,1.6606066229772343,1.4456180643031482,1.6823457668169555,1.2498888929241956,33.46212057505556
1971,USO,LSTM,2024-01-01,2026-01-01,22,4.641711275895943,4.411663524691055,4.3057447635850075,4.359872897223334,1748329.5349242203,4.287697810053688,3.9840923044290664,3.887636865527323,3.9263478901616207,1407072.90485772,6.1956027861598395,5.725408424027237,5.667908583506657,5.68097900212265,35.274018471153425,2.660940176897814,2.815370289808135,2.7857172550087896,2.8428292703431977,35.28414178474148
1972,USO,LSTM,2024-01-01,2026-01-01,23,5.272607229964384,5.261903622149364,5.086728649755952,5.268116324664132,1725555.9812564394,4.815260233756093,4.751461049758757,4.5943041553719315,4.752431069811867,1381310.8222397913,6.957071539637161,6.824836497598441,6.694465264063592,6.872599485514557,34.360556416583954,3.1905409801507503,3.344559288339409,3.2732844143968958,3.39483066726229,33.82703241916432
1973,USO,LSTM,2024-01-01,2026-01-01,24,15.726920188971167,16.207575164954168,15.651640009195804,15.227475872895926,1736152.187303032,14.472895066965812,14.867892413088287,14.350487869861869,13.828294881891896,1428245.8710530028,20.868563229194905,21.304599068309532,20.85740476265137,19.95651907485349,32.858674150451755,9.035170759532168,9.449087659853223,9.265414583060688,9.40128558052454,24.61835310364159
1974,USO,LSTM,2024-01-01,2026-01-01,25,9.493094882582572,10.177278269260526,8.186516080324115,8.284566907834716,3849563.054415739,8.906202444698943,9.521184145931837,7.526807757732453,7.628349116612685,3329019.1341800983,12.84409479041517,13.642647620134168,10.949398578649182,11.014011196036318,101.85022755065161,4.869868160258514,5.314450571233746,4.807746976522187,4.807826310376709,96.21156080268037
1975,USO,LSTM,2024-01-01,2026-01-01,26,2.07984584597269,1.869899856918283,2.314516003945706,2.016862543027377,1868829.4620007398,1.7561484250604318,1.5952807698652558,1.9948878085247845,1.7454699212846378,1519157.7724802494,2.5033354753575776,2.2559831922213536,2.8647070092200413,2.4852406722554115,37.68261522630632,1.5752256684937147,1.3638216408110875,1.6632556387323263,1.4158401100914637,38.3905123949068
1976,USO,LSTM,2024-01-01,2026-01-01,27,1.5337360065767656,1.3980278090580498,1.6094516486970143,1.4515302408057786,1875326.33433302,1.3042902885499037,1.2166770243226437,1.3587393234794036,1.2299782996539004,1481658.178016146,1.8606617607229667,1.7263981433583444,1.9510220734981896,1.7548449867557083,34.865844321720566,1.138470352823547,0.9655146844062154,1.220687634151127,1.087043706584166,34.007157097617515
1977,USO,LSTM,2024-01-01,2026-01-01,28,8.227907279660846,7.74290768895603,7.464829437289221,7.953053977812825,1763631.3413724399,7.644364425067654,7.077468271569876,6.830287089322216,7.2491089394222135,1505454.2609874408,11.028730590276924,10.15293806129282,9.939036555068567,10.470348218961801,41.566784950944836,4.50279495281733,4.624672405178837,4.496784644672732,4.856988053573504,41.643821571510685
1978,USO,LSTM,2024-01-01,2026-01-01,29,1.1654291948365518,1.2812132552700863,1.189648534153531,1.310315283784874,1879486.0270363057,0.9239834600373077,0.9520292627361376,1.031674172263941,1.1064941706582583,1477963.5889862974,1.340519055495418,1.373172094108407,1.493613742275162,1.58343237569142,34.09361359760435,1.0563178627743601,1.2673895801413844,0.8661998981689969,1.0033866654230243,31.832983282092354
1979,USO,LSTM,2024-01-01,2026-01-01,30,1.4099074994401946,1.7659450439806654,1.4445902285558525,1.6703797965649319,1847127.0214941716,1.0131446014647962,1.3838763732424013,1.0830466742395857,1.2911479759263897,1453700.8106130362,1.4775134634242815,2.0001735901371323,1.589159832648429,1.8781191065708167,33.62550516271867,1.4563828190946673,1.6292364620436353,1.4357395998677718,1.5871911522687103,31.092791871897347
1980,USO,LSTM,2024-01-01,2026-01-01,31,10.759280865546776,10.76636762991608,11.535209140436432,11.068992640629503,2342526.331675755,9.911148900385092,9.838118275529,10.636679132118632,10.114498623746135,1776326.2446873821,14.294635992583407,14.10455843613961,15.462269979824352,14.59936872937361,32.406496982707864,6.156221773532156,6.413955395173611,6.637246386562774,6.653844741193825,19.013199697569664
1981,USO,LSTM,2024-01-01,2026-01-01,32,3.254915653355507,2.891779211506648,3.069439869357676,3.1888349920199506,1743017.3536992273,2.9564795314918495,2.508267355534061,2.7169000037862285,2.8309380361396963,1429381.0281577955,4.278567851883406,3.613197948926894,3.9678044248854647,4.101219509285552,37.386300068953666,2.0466183178428707,2.142290213481459,2.1570725851983408,2.2112304301752332,38.61606189423098
1982,USO,LSTM,2024-01-01,2026-01-01,33,1.3101928708393682,1.7874058704804667,1.8801895321426854,1.5610886466564122,2107877.8050512304,0.9744761148464515,1.3978042435289428,1.4851000948020556,1.1643358213029047,1631358.1438431519,1.4182952346812459,2.0203093432439254,2.178596630787327,1.693441149597961,33.16247684847003,1.3049444362383698,1.6548316107816623,1.7322101246689783,1.553066814503929,23.947640705903705
1983,USO,LSTM,2024-01-01,2026-01-01,34,5.840212053630745,6.366948004057199,5.434919185280082,5.195968723101908,1712735.4445399782,5.530472805998754,6.032926083347942,5.108110544274768,4.81528103623865,1393685.7620790352,7.981501438337212,8.647892081789331,7.43335265210929,6.957369037655062,35.88325926751432,2.823780876130297,3.056179912792529,2.8193877459787506,2.9408334889247776,35.22415168155662
1984,USO,LSTM,2024-01-01,2026-01-01,35,3.6292817936908763,3.5924024597764697,3.4465681091641462,3.9172417999186524,2714428.123118173,3.3056244579702367,3.212516326634265,3.0638929671364017,3.538170062412068,2308416.6024382906,4.7819439311449985,4.620481002094754,4.472248130632902,5.120479925293759,71.77235706940662,2.24694936043826,2.396980517333558,2.379784319827018,2.5306963159475107,72.90647855008149
1985,USO,LSTM,2024-01-01,2026-01-01,36,2.3690632581432634,3.4084985918683337,2.4299185808099106,2.6466299384289393,2328938.1006187596,1.9834899206764665,3.045090020967537,2.0092344446471846,2.2206253526738426,1781832.036010089,2.8794910266513627,4.3808906322366274,2.94213884990825,3.2238392350658223,33.450424010816796,1.932263131636062,2.2830111215687956,2.052885323787563,2.155501582559858,21.019243991838636
1986,USO,LSTM,2024-01-01,2026-01-01,37,2.914185121672138,3.422990071551084,2.544079918117679,3.110107129655674,4764935.456420895,2.5737737708101993,3.069415507229898,2.137471687818667,2.7335280120306833,4381766.570831686,3.7290463051523575,4.415260270361728,3.128316007217977,3.961671384546941,127.63133072412631,2.045197774552392,2.2610518243151767,2.074468960976504,2.23106049259512,104.87241022270682
1987,USO,LSTM,2024-01-01,2026-01-01,38,1.5214062474793923,1.6992185134874727,1.245144355826652,1.7076474108874584,1794784.4397305804,1.1073837297741684,1.3128565072589709,0.9648014349201579,1.3318159137676655,1499455.0246769935,1.615060975621847,1.8980079753485943,1.410490584876891,1.9371730877722013,40.45242676020495,1.5483177996284645,1.6010995064614082,1.1807100421631267,1.6010876920128698,43.15834192754525
1988,USO,LSTM,2024-01-01,2026-01-01,39,2.6682182268700365,2.8266911598377353,2.566645294721036,2.563854471937738,1778836.6775843704,2.3237951790999736,2.450128108387003,2.17301122506016,2.164724889166208,1416976.4493676026,3.3691462633260922,3.5298950400699796,3.179684082125295,3.1423747827518578,34.64571875744638,1.9605344609825195,2.0989088609907496,2.0547185105839207,2.0603330588698205,34.27409460309212
1989,USO,LSTM,2024-01-01,2026-01-01,40,1.493234332429184,1.6160761936548156,1.2585011539509494,1.4801220642278123,2034555.8762654276,1.0817089620071176,1.2189581206851965,0.9749590692368353,1.0902717902796097,1586351.6895627605,1.5777834182997257,1.7629800303124892,1.425361185272674,1.5858375452657638,33.333110363104005,1.5283765381070968,1.5731193995443502,1.1942138584257105,1.4942766408581345,25.528837774894324
1990,USO,LSTM,2024-01-01,2026-01-01,41,6.363691065714003,7.956455949182668,5.83649760599383,7.1058790014854205,1810707.3921895423,5.960586118921632,7.513790223054965,5.382601612314238,6.650312191294066,1412474.3718263756,8.603267679705178,10.767605786584362,7.836011970652497,9.599449839930998,30.141839284510358,3.3284818310499404,3.904824011424176,3.395825121265094,3.7597248787580346,20.29442965551813
1991,USO,LSTM,2024-01-01,2026-01-01,42,3.032201524208377,3.142805199240119,2.733415385171877,3.009333776888897,1847419.9960595712,2.701793251495258,2.773443283970524,2.340088902526122,2.627243892436771,1448340.7517167926,3.913049826938185,3.9922988294762867,3.422198231088832,3.8086138183486966,32.835375787795975,2.061818253895055,2.2038339381724503,2.1264651446870997,2.2060339469175134,28.940250152256976
1992,USO,LSTM,2024-01-01,2026-01-01,43,6.290047988453406,6.901224528542408,5.85573216670107,5.373862137408041,1893727.974793317,5.845641880860009,6.432839683635731,5.349289403684482,4.877150395013314,1481920.1322995252,8.43877294384387,9.225166707449109,7.789243835709642,7.051093965221451,32.26511133927963,3.4554811018860314,3.7143193078189536,3.5716455495712944,3.3745183812843735,25.62626708259733
1993,USO,LSTM,2024-01-01,2026-01-01,44,1.2897796686235306,1.4540559886876085,1.1929447404222577,1.2676381370763394,1834030.159615656,0.9488357275593936,1.0689329565046326,0.9594106534588567,0.941334638678499,1449797.4944593261,1.3819367226696124,1.545537019462904,1.399067796718797,1.3632881386314082,34.164091273145445,1.298822954082336,1.459683375310995,1.061124446000394,1.2600641417292178,32.57217252039985
1994,USO,LSTM,2024-01-01,2026-01-01,45,1.7468093299086611,1.433404001839848,1.2926971463692998,1.3420786748077513,1787338.1387873404,1.3646673053689142,1.0556163327236618,0.9770194618620128,0.9971442601806416,1442632.6818672817,1.98597069460819,1.525506261430973,1.4308443468918712,1.4471224285804376,36.194025145663645,1.6205272563741782,1.4360786720459928,1.269934367962822,1.3389774810007016,36.85359157708108
1995,USO,LSTM,2024-01-01,2026-01-01,46,5.93756120255284,6.315109565219822,6.151348888343551,6.38962987927206,1811997.0652393613,5.4636512410745315,5.794077747093729,5.659965647240946,5.850657904722035,1414071.5384341776,7.890168751916845,8.315006501783207,8.239071531802502,8.453593971537808,31.959140902446425,3.4526845490654554,3.718869436861122,3.61769284081356,3.8343827179348895,27.63369904212578
1996,USO,LSTM,2024-01-01,2026-01-01,47,36.77337717160971,38.60826166939729,37.31875473589482,40.71061877798604,8241989.078691634,30.172359009992977,31.68053491762674,30.679914674013524,33.282653530153524,6388359.825226764,43.53584697006024,45.46712418730693,44.63855987727835,48.10701659983433,199.50831151196843,30.40670678660507,31.843193208452682,31.05875911460283,34.116393970289735,241.04044642451106
1997,USO,LSTM,2024-01-01,2026-01-01,48,23.30150432402883,23.384537002127004,22.021626192751096,21.352326063087368,4479472.376957788,20.15123297226719,20.3667813770477,18.95566693605412,18.43873184480016,3985655.5952552515,29.059526540200192,29.199404144779734,27.566611576429473,26.62869445079635,91.9764921220572,16.961922559969175,16.643418870780753,16.434566541629998,15.733799155540726,55.11729255683865
1998,USO,LSTM,2024-01-01,2026-01-01,49,2.067096070708272,1.7494370933496206,2.1855088264404094,2.3838340408135363,2704825.321492858,1.7055155993091375,1.364326037464063,1.8235868098745263,2.0431412822779293,2323266.0312535856,2.4781773209461115,1.9717413989032921,2.670249196919699,2.964831022785253,71.8217471049576,1.7405544817682337,1.6264471381676753,1.8141425382459786,1.848224232769006,71.880974131906
1999,USO,LSTM,2024-01-01,2026-01-01,50,4.955556378308816,3.728423074697691,3.4606151911673075,3.5995321413097994,3666710.5945280907,4.703872555936489,3.3755684041806755,3.110926604557956,3.241618310516386,3248459.2091443907,6.790815148944756,4.852548591839453,4.5392069837634414,4.692116168334008,66.41823562219724,2.3648647847632867,2.3665782461689107,2.2919610769762113,2.360552674674551,14.073143371590142
