,Stock,Type,Start Date,End Date,Seed,Open (RMSE),High (RMSE),Low (RMSE),Close (RMSE),Volume (RMSE),Open (MAE),High (MAE),Low (MAE),Close (MAE),Volume (MAE),Open (MAPE),High (MAPE),Low (MAPE),Close (MAPE),Volume (MAPE),Open (SDAPE),High (SDAPE),Low (SDAPE),Close (SDAPE),Volume (SDAPE)
0,^GSPTSE,ANN,2022-01-01,2024-01-01,1,125.7865116,152.2621997,130.3779012,161.8046289,92751681.61,98.8609375,116.4679688,100.3384766,125.9305339,59155971.47,0.483626526,0.565937888,0.493983753,0.613878756,34.35350034,0.377370626,0.475038233,0.407330978,0.492884411,60.80371661
1,^GSPTSE,ANN,2022-01-01,2024-01-01,2,292.0524651,281.4168393,287.5777575,313.0544439,97561314.88,258.0397135,250.7776693,256.6029948,274.4417969,62435138.93,1.266137892,1.224057377,1.262249653,1.344123232,38.51746483,0.669825051,0.622285698,0.637396912,0.734380244,68.06228579
2,^GSPTSE,ANN,2022-01-01,2024-01-01,3,196.0530656,226.3899504,193.1578906,243.1939221,94010005.48,177.2260417,201.7207682,167.7246745,219.2948568,57023563.47,0.86879144,0.984168668,0.824466756,1.074133704,32.70136031,0.409191768,0.500732028,0.470166958,0.515115826,59.86336249
3,^GSPTSE,ANN,2022-01-01,2024-01-01,4,167.0242855,161.2782572,148.0756953,177.5080803,93260948.93,146.0857422,133.6919271,119.0175781,148.2641276,60328245.87,0.716283923,0.651882818,0.584453993,0.725189434,36.14670514,0.397203752,0.437832993,0.430590861,0.475847864,64.23398482
4,^GSPTSE,ANN,2022-01-01,2024-01-01,5,181.2902703,198.3034702,198.4111575,234.2194994,92982956.61,147.1022786,160.1477865,148.2121094,182.1507813,58711010.93,0.719055898,0.779254346,0.726915026,0.889629178,32.48877724,0.513428913,0.566135293,0.641444459,0.713644879,55.36192882
5,^GSPTSE,ANN,2022-01-01,2024-01-01,6,132.2413726,165.4748057,197.3566314,218.7765162,94682467.93,105.435026,128.0205729,164.6878906,160.7463542,59636225.87,0.514990772,0.621958022,0.807187043,0.783029303,33.31967902,0.385821737,0.506475924,0.527567846,0.718651024,55.99403621
6,^GSPTSE,ANN,2022-01-01,2024-01-01,7,191.8149718,216.881369,172.812803,319.0148291,96433483.71,142.6773438,160.4573568,128.6513672,254.6785807,62305140,0.695357782,0.779480397,0.630396923,1.239622692,36.34257439,0.618857926,0.704254395,0.561066437,0.929182569,64.09091561
7,^GSPTSE,ANN,2022-01-01,2024-01-01,8,192.6947937,204.3281514,152.2205043,203.7292571,98172784.42,152.6986328,165.6016276,123.8005208,158.0471354,61980142.4,0.745873704,0.804648899,0.608975676,0.772936716,34.15596888,0.569125563,0.576229649,0.433132758,0.62601662,58.08112221
8,^GSPTSE,ANN,2022-01-01,2024-01-01,9,207.2420872,241.2431519,166.0935527,230.199064,92842669.71,159.3411458,189.5823568,128.1067708,175.8311849,59910311.2,0.777511965,0.918673247,0.627506276,0.856147926,34.51729334,0.64224421,0.715420001,0.512580093,0.716365042,60.17209806
9,^GSPTSE,ANN,2022-01-01,2024-01-01,10,230.7020971,249.8434899,276.2789921,322.0723496,95128398.23,189.5259766,191.775651,232.4957031,271.2354167,61079848.8,0.925092904,0.931793425,1.140228131,1.322963414,35.67106099,0.63458467,0.769791626,0.723569544,0.8358755,62.57899153
10,^GSPTSE,ANN,2022-01-01,2024-01-01,11,191.9157423,220.4779552,173.4908994,193.1823425,89360848.04,151.0272786,173.7223307,136.7571615,163.3136068,56721821.6,0.736188144,0.842968441,0.670196522,0.796784926,33.98614444,0.572405295,0.653167862,0.517553421,0.500713797,63.85208567
11,^GSPTSE,ANN,2022-01-01,2024-01-01,12,147.8935292,262.6841913,209.5825572,188.881005,96113999.83,122.3150391,212.0731771,170.0221354,135.5654948,60253695.47,0.598907334,1.029803415,0.832553307,0.661047582,32.05528792,0.404863695,0.746987855,0.594195293,0.636651664,53.98105156
12,^GSPTSE,ANN,2022-01-01,2024-01-01,13,192.3948779,163.1625172,167.1186035,211.1781012,100476122.4,159.6720703,129.4712891,148.2432292,179.0722656,67290216.8,0.783465148,0.632645984,0.728872744,0.876912221,42.15108635,0.525561073,0.485283471,0.378778643,0.548423232,72.96928702
13,^GSPTSE,ANN,2022-01-01,2024-01-01,14,172.7456957,197.2404658,159.4719287,190.027947,93899479.74,136.4068359,145.3835286,124.3777995,135.1684245,61321544.27,0.665605677,0.705610654,0.609351545,0.658962518,35.08539796,0.5128418,0.643021431,0.48385616,0.646655275,59.75497523
14,^GSPTSE,ANN,2022-01-01,2024-01-01,15,136.7312084,169.049385,155.7414992,189.5526585,92119931.71,108.3564453,138.2296875,119.1572266,142.2373047,58978399.73,0.531199078,0.672101313,0.583789183,0.693660663,34.00072461,0.406588498,0.471027056,0.487664491,0.606460299,59.78841647
15,^GSPTSE,ANN,2022-01-01,2024-01-01,16,146.5813049,165.1262692,146.0210539,182.9213516,95659111.33,102.8130208,121.7485026,117.1927734,141.1208984,59598548.53,0.5007442,0.591900106,0.576115664,0.688358807,36.01748695,0.503224086,0.539085246,0.425059595,0.562313455,66.40373838
16,^GSPTSE,ANN,2022-01-01,2024-01-01,17,140.5128855,144.1684911,130.3326927,162.5845663,93499209.73,121.239388,124.3555339,101.7779948,132.5879557,60590771.47,0.593699012,0.606509366,0.500079738,0.648295894,36.65294976,0.347281156,0.35562902,0.398899832,0.4588647,65.43986163
17,^GSPTSE,ANN,2022-01-01,2024-01-01,18,136.6843531,151.4803191,151.900916,177.1069396,93284518.11,108.644401,127.7033854,116.9085938,145.7574219,63809111.73,0.532187432,0.622300371,0.572150204,0.713413622,37.17111435,0.402697513,0.393753822,0.470981224,0.48943187,61.7961015
18,^GSPTSE,ANN,2022-01-01,2024-01-01,19,136.6366199,132.3267986,164.1294366,169.712219,94071220.84,100.672526,108.174349,125.7530599,132.6017578,62207659.47,0.491085835,0.527550931,0.61559709,0.647820327,37.55701639,0.447957372,0.370487035,0.512584601,0.516207913,66.28634781
19,^GSPTSE,ANN,2022-01-01,2024-01-01,20,144.6345359,164.004345,143.0583662,174.2000417,98300569.69,113.1160156,127.1319661,113.6436849,136.6588542,65314015.73,0.553335029,0.620516941,0.560334503,0.66902727,37.70953166,0.437676566,0.506163987,0.428005313,0.526633998,62.08501108
20,^GSPTSE,ANN,2022-01-01,2024-01-01,21,113.9866235,157.6899428,131.2174656,188.8148209,97130647.33,76.24707031,121.4703776,110.1173177,138.4992839,62873821.33,0.373023836,0.590484625,0.541730642,0.676644755,32.78565973,0.411717161,0.485067067,0.349068543,0.6237665,50.76025153
21,^GSPTSE,ANN,2022-01-01,2024-01-01,22,231.811942,213.5166199,182.6098633,215.5671177,96051268.62,206.2209635,169.5846354,134.4888672,179.2065104,60206362.4,1.01160637,0.827000177,0.657956579,0.876392946,33.72131609,0.518436602,0.634290747,0.600414008,0.586123945,58.38479068
22,^GSPTSE,ANN,2022-01-01,2024-01-01,23,150.8414306,174.2759525,154.7015347,195.6075405,93650028.02,120.8044271,140.4578125,120.8655599,168.4770182,62737326.13,0.590627265,0.685948981,0.593788557,0.824158509,37.58975901,0.437769947,0.502019202,0.469465435,0.484278116,64.6618509
23,^GSPTSE,ANN,2022-01-01,2024-01-01,24,197.7942833,161.3941733,160.0910216,173.7390999,90846384.86,166.6259766,128.9097005,126.5509766,147.627474,56559842.93,0.815601712,0.628927806,0.623240984,0.72157516,32.51730739,0.519702591,0.475524749,0.481599031,0.448173447,57.77297337
24,^GSPTSE,ANN,2022-01-01,2024-01-01,25,135.498165,206.0679744,151.8211214,204.1193156,97528057.08,100.1448568,155.4880208,116.4751953,154.7430339,62873839.2,0.489745035,0.757268515,0.57082776,0.756167237,36.36219478,0.444800278,0.655473391,0.473412841,0.647797916,62.14621806
25,^GSPTSE,ANN,2022-01-01,2024-01-01,26,145.4931253,179.0807696,140.509499,173.2871633,95271831.96,113.8389323,132.5501302,96.46386719,119.8928385,63437712.53,0.556146129,0.643637043,0.473731089,0.585028434,36.20295273,0.439182639,0.58018334,0.497374192,0.606421522,59.19113825
26,^GSPTSE,ANN,2022-01-01,2024-01-01,27,147.606119,164.8192646,188.715463,224.0921527,97488147.13,118.8099609,141.069987,161.1196615,193.432487,66693121.07,0.58081352,0.688210243,0.79266298,0.947897147,40.68811203,0.424337033,0.414515382,0.483426577,0.554259366,67.96987161
27,^GSPTSE,ANN,2022-01-01,2024-01-01,28,167.0130526,212.871369,147.2578267,186.3637754,96545495,128.5277995,157.380013,117.1628255,144.3408203,62233672.27,0.629001196,0.766141435,0.576576247,0.704750927,35.10290535,0.516650786,0.69239691,0.435074812,0.571289996,61.42583093
28,^GSPTSE,ANN,2022-01-01,2024-01-01,29,171.3016922,187.4128326,178.2794694,236.2479183,91726972.5,129.1090495,142.1587891,142.8886719,168.219401,57267687.2,0.628952386,0.691592428,0.700209905,0.81960836,33.3235378,0.544131142,0.589897193,0.516982872,0.80404008,60.04834543
29,^GSPTSE,ANN,2022-01-01,2024-01-01,30,207.0194904,212.3709953,207.1039053,238.9785797,93708216.76,151.6037109,181.4188151,152.9901693,169.794401,57308319.47,0.740339352,0.886281414,0.751800498,0.82761429,32.66049432,0.68625869,0.536322035,0.682668203,0.815266229,57.85802983
30,^GSPTSE,ANN,2022-01-01,2024-01-01,31,173.7453476,213.8968086,201.1361504,223.0730474,97117381.69,142.7847005,177.1280599,155.9404948,179.4186198,64702097.87,0.699911342,0.864721113,0.766560276,0.878329914,39.02296249,0.482326065,0.584286198,0.618449388,0.646298711,67.5418358
31,^GSPTSE,ANN,2022-01-01,2024-01-01,32,150.9419013,186.3055349,160.8558704,177.6377624,91801646.28,117.0173828,142.7468099,128.2463542,141.6253255,57638269.6,0.57178753,0.693681829,0.629742976,0.691154522,33.64983935,0.463833199,0.57740395,0.47438915,0.519100792,61.70503875
32,^GSPTSE,ANN,2022-01-01,2024-01-01,33,249.0667991,281.8322002,204.6641041,284.1732608,94614510.83,211.3411458,234.7059245,154.3232422,223.4835938,62018597.6,1.034087251,1.142047866,0.756805868,1.089732245,35.92351171,0.638429231,0.753476335,0.653970849,0.848784919,60.36070508
33,^GSPTSE,ANN,2022-01-01,2024-01-01,34,156.5519041,186.5588715,139.1696823,200.9301739,98654072.99,137.3874349,160.9841797,108.4539063,177.6230469,60464119.47,0.673899335,0.788495674,0.534092588,0.872205067,34.42854961,0.366619452,0.464148835,0.427847904,0.462610619,59.95537816
34,^GSPTSE,ANN,2022-01-01,2024-01-01,35,177.5105134,171.2196658,176.6558977,232.6309123,94786234.03,156.7002604,135.2932292,132.6216797,195.2526042,58323916,0.767557224,0.659508598,0.650496545,0.954993331,33.04161063,0.405491967,0.508304092,0.566922376,0.614606201,59.5669453
35,^GSPTSE,ANN,2022-01-01,2024-01-01,36,136.4769587,168.1650193,133.1214221,157.3684701,93732765.21,115.748112,129.6251953,103.7681641,128.9569661,60511785.87,0.566873783,0.629765303,0.509406918,0.631844363,36.08311297,0.352112189,0.517537589,0.40480379,0.439070471,63.87646976
36,^GSPTSE,ANN,2022-01-01,2024-01-01,37,170.1894217,183.4200365,207.0004978,178.5251872,101428539.7,140.5839844,146.6075521,169.725651,141.1677734,69510273.87,0.68876539,0.715567247,0.834011298,0.692391559,42.80179309,0.468739567,0.538835083,0.581595372,0.5352833,72.21587246
37,^GSPTSE,ANN,2022-01-01,2024-01-01,38,193.8450373,298.3909142,346.9817596,275.5445672,101160160.7,148.4060547,252.2786458,313.3708984,211.1020182,69695815.73,0.723873868,1.226116107,1.535991388,1.028012215,42.75033481,0.60027917,0.761605861,0.713167079,0.852669314,71.21461793
38,^GSPTSE,ANN,2022-01-01,2024-01-01,39,201.3394638,213.5132187,172.1114458,215.3237239,93786475.73,166.8080729,177.3690755,150.3752604,187.5650391,60066018.13,0.818559002,0.866348475,0.739073532,0.917701434,36.53628888,0.552608611,0.581224961,0.411243787,0.516867085,66.78955121
39,^GSPTSE,ANN,2022-01-01,2024-01-01,40,200.6822133,212.3677753,199.9085668,174.8077982,94143405.17,168.5291016,179.2951823,170.1583984,142.278125,61627403.2,0.825904157,0.874826535,0.835248843,0.695517155,37.37502591,0.532553135,0.553806279,0.512756491,0.494588863,66.23041795
40,^GSPTSE,ANN,2022-01-01,2024-01-01,41,197.3520908,151.659871,139.9249786,181.8134209,91545403.34,165.0701172,112.1891276,108.6680339,153.282487,58525858.4,0.810564157,0.545534975,0.533363204,0.748855329,33.69691214,0.530068393,0.491729654,0.429914598,0.472499416,61.19257095
41,^GSPTSE,ANN,2022-01-01,2024-01-01,42,120.6368102,153.01557,142.1558222,192.0167083,92696458.74,96.09029948,121.7807943,108.0959635,137.0895182,60234210.4,0.469988647,0.592403323,0.530461712,0.66918365,36.01803796,0.353692776,0.449077744,0.450127238,0.652641342,64.08816472
42,^GSPTSE,ANN,2022-01-01,2024-01-01,43,171.7622312,165.9670093,184.5455011,192.2962734,94808498.75,147.9397135,129.1287109,161.7472005,168.5690755,61692240.27,0.725738657,0.631048859,0.796813977,0.826468147,36.62234367,0.427681615,0.508616967,0.43941116,0.451914228,65.86585855
43,^GSPTSE,ANN,2022-01-01,2024-01-01,44,150.417642,143.6696953,188.237868,209.2193971,92747478.83,130.0957682,117.6626302,163.7511719,183.6195964,57515842.13,0.63923037,0.576507791,0.806375678,0.901216764,34.50213613,0.371991648,0.4052989,0.459488432,0.494228611,64.48960354
44,^GSPTSE,ANN,2022-01-01,2024-01-01,45,211.6824671,202.1406148,148.7555114,199.4006051,95501856.23,152.0229818,156.1986979,116.1786458,143.318099,60453396,0.740648362,0.758160641,0.569853682,0.696832032,33.55400281,0.713065028,0.619016745,0.451780955,0.669006847,57.44990939
45,^GSPTSE,ANN,2022-01-01,2024-01-01,46,196.3773687,318.4190222,174.7878963,274.6801144,106945824.1,166.5891927,289.1369792,145.0681641,238.9376302,78592181.33,0.816546554,1.411852783,0.714502229,1.171009818,50.25560557,0.510856398,0.651930737,0.483390794,0.665874357,82.30545897
46,^GSPTSE,ANN,2022-01-01,2024-01-01,47,153.6905928,156.4602218,140.448523,159.1995259,94913324.1,131.4888021,126.1361979,121.5041667,127.4747396,59971464.8,0.643876694,0.615045504,0.596594546,0.622768267,35.55127606,0.387935794,0.448706214,0.344547292,0.463092596,62.56313794
47,^GSPTSE,ANN,2022-01-01,2024-01-01,48,125.2816467,144.582983,141.0982139,153.7092625,97603501.3,105.0615234,114.3731771,113.0333984,129.2832031,62905820.53,0.514548258,0.556074194,0.558075774,0.631244892,36.29657339,0.3319975,0.426451739,0.416579235,0.403470455,62.4852108
48,^GSPTSE,ANN,2022-01-01,2024-01-01,49,162.1127792,187.2415434,154.3802555,172.0360483,92967831.75,116.8115885,131.5283203,110.4820964,129.6451172,60745295.2,0.571180396,0.638340509,0.542663142,0.633614805,33.90162479,0.543789895,0.642258266,0.523733948,0.548919339,58.29358368
49,^GSPTSE,ANN,2022-01-01,2024-01-01,50,185.3322536,164.7800555,223.5708429,194.2204747,93352635.28,162.6746745,123.1869792,181.4082682,148.4336589,62211980.53,0.797539958,0.600795417,0.887871773,0.724195093,36.22742731,0.434742422,0.533041461,0.634585322,0.606730833,62.14744434
50,^GSPTSE,ANN,2022-09-01,2024-09-01,1,405.5196477,405.1073217,361.350841,364.8893691,43585810.86,361.8108724,348.2031901,285.902474,293.3891276,36861966.67,1.582832873,1.516739552,1.266394796,1.287130879,17.59769381,0.792580724,0.897968559,0.991477304,0.954758307,11.87467399
51,^GSPTSE,ANN,2022-09-01,2024-09-01,2,270.2640149,312.1932487,392.2972244,293.0750679,43351440.7,204.2779297,243.6650391,294.5634766,231.3954427,33286019.73,0.902246209,1.06716248,1.308694863,1.018522084,15.17149687,0.790871318,0.867777262,1.174791985,0.794380989,11.57536893
52,^GSPTSE,ANN,2022-09-01,2024-09-01,3,385.6368955,383.9355477,433.1706919,480.6756804,41847921.69,331.4544922,327.5733724,398.8602865,439.2795573,33043884,1.446947739,1.426770847,1.753228131,1.918251779,15.41261426,0.855484172,0.86461981,0.735862347,0.839998346,11.86680377
53,^GSPTSE,ANN,2022-09-01,2024-09-01,4,230.8214632,278.4592876,350.661949,292.6830384,41615688.13,178.663151,214.9804688,249.6354818,205.6483073,32614827.2,0.788916892,0.940204572,1.110512354,0.908431026,15.14750153,0.656158863,0.783488633,1.123287174,0.939620879,11.65178283
54,^GSPTSE,ANN,2022-09-01,2024-09-01,5,326.5824011,336.5367494,389.3831448,385.2919858,42276209.66,240.9747396,273.1210938,287.4698568,279.3904297,34663440.8,1.0658816,1.19918914,1.281999731,1.23625413,16.13372839,0.995387484,0.872929967,1.197298604,1.195621437,11.10506875
55,^GSPTSE,ANN,2022-09-01,2024-09-01,6,303.7684118,317.2853031,284.5984658,365.9061948,44679319.74,258.478125,244.3455729,218.0573568,287.3521484,37655062.13,1.138190257,1.071552392,0.968847386,1.265429221,18.04703959,0.713569699,0.904197009,0.835537224,1.005696637,12.41755974
56,^GSPTSE,ANN,2022-09-01,2024-09-01,7,277.3826099,292.2219308,325.8775778,348.984719,43853443.96,197.3005208,212.898112,240.961849,268.4383464,37573537.33,0.872321217,0.932769553,1.070527781,1.182263518,17.94941839,0.879493288,0.891934494,1.000402744,0.998182972,11.70988154
57,^GSPTSE,ANN,2022-09-01,2024-09-01,8,427.4717921,487.5042023,479.4692583,389.6925343,44734250.1,354.3577474,434.2440755,415.2946615,340.9604167,38094269.87,1.558595866,1.892232201,1.832489855,1.496682626,18.00908791,1.060331519,0.960147253,1.06420429,0.827838177,11.54304555
58,^GSPTSE,ANN,2022-09-01,2024-09-01,9,263.5273041,389.1539381,366.5985418,377.665195,45679105.33,211.0014974,325.6773438,306.1292969,282.0847656,38386390.13,0.932164726,1.429146212,1.357579684,1.248500547,18.27160408,0.712000641,0.954148072,0.91633925,1.14145164,12.33196042
59,^GSPTSE,ANN,2022-09-01,2024-09-01,10,472.1662799,495.1723131,591.6814119,560.5473821,45071276.93,420.3839844,434.0814453,535.2809896,490.9825521,38783261.07,1.842383168,1.895072254,2.353901389,2.151227422,18.56769025,0.93840403,1.041366589,1.105925749,1.183628141,11.93972173
60,^GSPTSE,ANN,2022-09-01,2024-09-01,11,343.9004441,328.5334213,423.4727436,381.0842358,47891557.78,259.038737,248.9958984,314.7852865,293.4389323,40622168.27,1.142398179,1.089877818,1.400389012,1.295587365,19.80230457,1.003774172,0.944815995,1.289041132,1.088115627,13.9689149
61,^GSPTSE,ANN,2022-09-01,2024-09-01,12,213.3130949,305.0567479,396.2154802,371.4518687,43112957.03,156.5496745,248.6597656,289.0960938,275.0274089,35892850.93,0.691513192,1.084434562,1.287157335,1.211197955,17.07652654,0.649085958,0.775521885,1.236832255,1.117872491,11.89255579
62,^GSPTSE,ANN,2022-09-01,2024-09-01,13,284.0345938,291.6181425,462.9434906,432.6596266,44561448.63,201.823112,224.9201823,329.8744141,293.9927083,37277913.6,0.889098086,0.98620865,1.468895839,1.303795476,17.68413821,0.887540734,0.829341575,1.476566551,1.433054478,11.98852372
63,^GSPTSE,ANN,2022-09-01,2024-09-01,14,339.0738938,307.1611168,291.2237652,288.0506161,43001823.17,307.228776,254.9094401,222.2954427,214.088151,31734354.4,1.3463939,1.115689135,0.990562301,0.945803904,13.9119645,0.624914144,0.751623738,0.859001412,0.863594269,10.88820141
64,^GSPTSE,ANN,2022-09-01,2024-09-01,15,392.1264129,377.8888192,436.1984937,449.7213869,42030876.08,348.0898438,318.499349,375.2952474,412.3059245,33408828,1.52621087,1.391174763,1.658523356,1.807089655,15.27498951,0.790216353,0.894905143,1.000699706,0.79062443,11.02746679
65,^GSPTSE,ANN,2022-09-01,2024-09-01,16,537.1030383,479.9005397,456.9731882,740.3348037,44538137.19,486.94375,430.141862,383.3236328,677.8402995,36317812.27,2.133420087,1.878012054,1.696518409,2.964299262,17.13749355,0.997830322,0.932249178,1.114858229,1.296731997,12.45268805
66,^GSPTSE,ANN,2022-09-01,2024-09-01,17,232.1869095,307.8587169,281.1055519,336.8714371,43543680.89,175.1144531,263.289388,213.2501953,253.5507161,35769544.8,0.773314424,1.148455184,0.944925705,1.120091019,16.88737224,0.680265483,0.693795417,0.831488377,0.996704464,12.05044954
67,^GSPTSE,ANN,2022-09-01,2024-09-01,18,379.8061663,339.7622903,316.6445472,479.7277771,45134574.45,319.7946615,288.1712891,259.8251302,401.34375,32482933.07,1.40588589,1.260332063,1.15047905,1.756409339,14.01921938,0.904520023,0.786704607,0.815614288,1.141955305,11.44494509
68,^GSPTSE,ANN,2022-09-01,2024-09-01,19,236.8844026,340.989438,280.2179218,302.3901047,45358906.21,182.3147786,280.7675781,178.9870443,234.979362,37849366.13,0.804465571,1.226023597,0.800364052,1.036943714,18.15445959,0.682585058,0.852970606,0.98960578,0.859531331,12.87688803
69,^GSPTSE,ANN,2022-09-01,2024-09-01,20,346.7507555,401.1756744,390.1228822,394.5041006,44704013.98,303.1277995,353.7561198,347.9777995,338.7369141,37434196,1.328408315,1.545244929,1.534064181,1.485327543,17.67076026,0.737627453,0.828912598,0.778039718,0.883876134,11.97402923
70,^GSPTSE,ANN,2022-09-01,2024-09-01,21,270.6891661,300.4783395,353.6167122,339.5129454,43308176.61,193.456901,205.8514323,254.4738281,243.7083333,35667237.33,0.854907545,0.905970566,1.134993171,1.076613198,16.54904396,0.850015064,0.982411832,1.126550076,1.058634704,11.13868828
71,^GSPTSE,ANN,2022-09-01,2024-09-01,22,594.690882,587.8044109,489.6124854,453.6120812,44103364.07,539.7123698,529.1045573,393.7733073,399.3445313,32244857.33,2.363852232,2.305972123,1.742837709,1.752216402,13.9874814,1.088156335,1.106265561,1.293314887,0.941298116,11.25400351
72,^GSPTSE,ANN,2022-09-01,2024-09-01,23,583.1018953,557.1362143,1098.801329,920.3444103,42667453.57,542.3404297,521.2049479,1046.272201,872.1970703,33099420.53,2.372015307,2.268557898,4.595864054,3.812913038,14.98793763,0.929530033,0.843453764,1.462864753,1.27526422,11.13713762
73,^GSPTSE,ANN,2022-09-01,2024-09-01,24,272.1569161,378.4016903,340.8312875,318.7747982,42896404.39,240.2907552,313.6596354,278.8938802,288.866862,34551588,1.056163208,1.364005173,1.235199574,1.267962454,16.11214256,0.570673569,0.916989071,0.887450143,0.59150496,11.73538566
74,^GSPTSE,ANN,2022-09-01,2024-09-01,25,207.1448172,224.4556792,327.5026647,258.1528445,42918902.99,150.7075521,178.0475911,242.0866536,191.6660807,35065409.33,0.666895429,0.778808273,1.078178465,0.845994534,16.24735906,0.644667095,0.603850385,1.000934476,0.773859614,10.97162419
75,^GSPTSE,ANN,2022-09-01,2024-09-01,26,612.6411404,452.5358952,501.3572205,500.6778482,44774676.18,566.8116536,392.2085286,413.2417318,416.1436198,37553901.07,2.479640891,1.712688175,1.829400185,1.831053573,17.58412979,1.004717691,0.984053383,1.263606055,1.236677593,11.3156008
76,^GSPTSE,ANN,2022-09-01,2024-09-01,27,270.8329831,322.8265079,356.4517026,365.2914086,45139825.84,199.4255208,248.4292318,263.53125,281.4966146,37453717.07,0.882046113,1.091121301,1.1720171,1.24071415,17.63136278,0.830027828,0.920147407,1.090851514,1.040337272,12.09423209
77,^GSPTSE,ANN,2022-09-01,2024-09-01,28,560.9783,449.6852068,586.6062497,740.5719271,44246222.57,503.8571615,389.5121094,477.5048828,649.0440104,37744088.27,2.214507657,1.703730538,2.113242432,2.85515675,18.16277147,1.105950955,0.995601212,1.536312771,1.603527211,12.04942765
78,^GSPTSE,ANN,2022-09-01,2024-09-01,29,1616.184675,1176.659306,1281.612257,860.6931598,61534909.57,1598.178125,1151.312435,1244.100781,806.5371745,55075578.13,7.021185756,5.036073755,5.500137395,3.540507567,27.61817278,1.126067102,1.108238869,1.453969248,1.332274958,17.37879428
79,^GSPTSE,ANN,2022-09-01,2024-09-01,30,212.8158343,323.9531867,320.2832166,371.3805777,47282840.57,174.7132161,257.3104167,241.2677734,309.0847656,41343410.4,0.768435083,1.125866468,1.070439803,1.361989908,20.18219454,0.538387699,0.870259917,0.954548136,0.921042022,13.05340483
80,^GSPTSE,ANN,2022-09-01,2024-09-01,31,329.4367539,335.214699,381.5049394,408.5694622,43601642.8,244.830599,257.8248047,279.4326172,306.3539714,36552826.93,1.081999415,1.132153437,1.245997921,1.355515978,17.60291014,0.992305331,0.954408783,1.185000283,1.222545406,12.39652195
81,^GSPTSE,ANN,2022-09-01,2024-09-01,32,284.3716288,265.148804,349.7400534,316.3458506,41860724.19,232.8224609,192.5615234,235.8985026,251.0684245,32008914.13,1.025359598,0.847729298,1.052766503,1.108308936,14.48563411,0.729252947,0.820223628,1.183350572,0.863554894,11.32004818
82,^GSPTSE,ANN,2022-09-01,2024-09-01,33,440.2924213,424.1742718,433.3094819,476.7112978,41514153.12,389.2462891,354.739974,386.7164063,396.4255859,33985590.93,1.706008306,1.547952533,1.703201974,1.739872647,15.67871461,0.898383472,1.012214394,0.857965925,1.158952818,10.68194081
83,^GSPTSE,ANN,2022-09-01,2024-09-01,34,221.9886675,238.0419368,372.9282282,358.3014622,44424926.27,151.3914063,179.2899089,280.1927734,281.1059896,38005849.87,0.669557406,0.786804429,1.244564348,1.241363632,18.09660062,0.733730127,0.701965891,1.118843581,0.997119572,11.64762881
84,^GSPTSE,ANN,2022-09-01,2024-09-01,35,311.0872435,280.9472714,377.0902564,416.3521804,42628003.96,250.7704427,222.2313802,291.5995443,316.4015625,34745554.4,1.105017169,0.97503702,1.286659969,1.390925005,16.27401348,0.821793862,0.76234482,1.064659896,1.193047242,11.52451539
85,^GSPTSE,ANN,2022-09-01,2024-09-01,36,235.7219993,308.232207,371.6542829,319.6826051,43236775.86,167.8818359,230.7205078,252.8440755,232.4250651,35600773.07,0.743279431,1.012543003,1.130400864,1.027486365,16.66292735,0.749150044,0.913227893,1.246493758,0.991606855,11.43048622
86,^GSPTSE,ANN,2022-09-01,2024-09-01,37,403.0263,459.5425364,805.5501325,700.112842,47174931.32,368.9033854,407.6485026,759.2838542,645.636263,32709033.87,1.615442726,1.780241449,3.330731058,2.821054049,13.70175121,0.705688473,0.924179055,1.161381993,1.168413247,11.75434733
87,^GSPTSE,ANN,2022-09-01,2024-09-01,38,249.9017881,480.1695946,332.276285,336.0818985,43352724.41,202.4963542,436.6083333,251.0758464,258.6173828,33074254.4,0.890874913,1.905047079,1.116701168,1.136710993,14.97739854,0.650550656,0.869424381,0.99075921,0.948317321,11.36034135
88,^GSPTSE,ANN,2022-09-01,2024-09-01,39,323.8258712,341.6683882,372.2019696,338.2482556,50458632.29,242.069987,241.4921875,253.6110677,238.0895182,44689916.8,1.072540095,1.065440994,1.135293039,1.054797495,22.16243065,0.977002266,1.084325351,1.249533964,1.084328748,14.38490583
89,^GSPTSE,ANN,2022-09-01,2024-09-01,40,618.1099121,532.5093,621.0430785,760.0405904,49262206.99,576.0073568,466.3290365,547.9001302,676.8269531,43041140,2.530383192,2.038146291,2.427309753,2.977485002,21.09517008,1.002012858,1.135536905,1.337495876,1.558547206,13.9469352
90,^GSPTSE,ANN,2022-09-01,2024-09-01,41,317.2411736,343.5858295,382.3249002,331.8998056,43363389.16,267.3370443,294.9094401,320.2958984,265.0521484,36562778.93,1.177751885,1.291665385,1.421978214,1.170195255,17.37721759,0.765942449,0.776414778,0.950310364,0.893167493,11.69745305
91,^GSPTSE,ANN,2022-09-01,2024-09-01,42,332.1853069,412.8776224,452.7348648,453.9381825,44833695.36,293.3430339,348.2567708,377.0247396,379.3943359,38979426.4,1.28715124,1.520416839,1.661415268,1.663574246,18.9998065,0.686392148,0.968044616,1.104509172,1.087686489,12.54935433
92,^GSPTSE,ANN,2022-09-01,2024-09-01,43,290.1509952,300.3248315,351.2183537,331.6797152,43865921.42,238.0156901,264.4111979,258.8985677,272.4910807,36716233.33,1.045308267,1.153713611,1.14720972,1.19573952,17.39811738,0.730012574,0.62576294,1.067333639,0.829754388,11.89622153
93,^GSPTSE,ANN,2022-09-01,2024-09-01,44,249.5303199,259.3390092,293.7606001,335.2644939,44976079.72,194.4408854,191.2478516,230.9134766,258.9849609,38451918.13,0.858262068,0.834283959,1.02449096,1.144718964,18.42608711,0.700860753,0.764311187,0.815319397,0.963666591,12.19599026
94,^GSPTSE,ANN,2022-09-01,2024-09-01,45,315.6188251,302.4428854,323.2670377,409.4407482,48223003.41,259.0152995,237.3644531,235.9082031,319.8597656,41637647.73,1.142243967,1.041946434,1.052551739,1.410131407,20.14607259,0.808595754,0.837683458,1.010649687,1.141266099,13.18706714
95,^GSPTSE,ANN,2022-09-01,2024-09-01,46,795.1803125,568.7256008,623.6950088,567.7682307,44732658.66,755.1134115,510.6107422,567.9510417,515.8666667,35380598.13,3.305081892,2.224920233,2.496619956,2.257694609,16.06657502,1.078697943,1.083348206,1.122082007,1.029475403,11.18825854
96,^GSPTSE,ANN,2022-09-01,2024-09-01,47,234.7758453,233.8053832,314.5987516,296.5398451,43139778.53,184.4528646,180.4585286,226.3695313,223.8990234,37444398.13,0.813160351,0.788013399,1.004455342,0.987678286,17.91736223,0.655009436,0.653064012,0.983873296,0.870532306,11.48665621
97,^GSPTSE,ANN,2022-09-01,2024-09-01,48,344.144522,350.7020907,343.0373396,404.2217916,45825151.35,260.4435547,266.6674479,237.1382161,328.5488281,39562440.27,1.145960702,1.166028076,1.057326071,1.44948688,19.05747226,1.004349997,1.012721561,1.134983301,1.060882935,12.5150226
98,^GSPTSE,ANN,2022-09-01,2024-09-01,49,363.4998505,328.0657767,439.2900095,348.387276,43767111.83,278.7639323,237.7417318,333.5022135,247.4722656,35060409.6,1.229725536,1.045233862,1.479433976,1.088691683,16.34282083,1.045043309,1.006904687,1.279690406,1.084499174,12.05381714
99,^GSPTSE,ANN,2022-09-01,2024-09-01,50,200.8600116,254.6362884,542.6302059,419.7997948,44958023.9,144.9072917,192.0159505,462.78125,336.1085938,37314849.87,0.634090974,0.840799754,2.052574667,1.483380025,17.59665576,0.607412403,0.73693181,1.293702891,1.136750179,12.08936375
100,^GSPTSE,ANN,2023-05-01,2025-05-01,1,616.4814478,516.7481899,748.6217268,691.0024869,80676679.75,502.3809245,423.4264974,531.6393229,544.0249349,57680598.93,2.092837527,1.734378688,2.264572549,2.26644974,18.39986647,1.560914243,1.254362729,2.359535059,1.85302018,11.77842683
101,^GSPTSE,ANN,2023-05-01,2025-05-01,2,646.6332134,573.1399726,885.8090767,793.9518937,83388460.87,494.8634115,459.9134766,701.9994141,603.2431641,59304817.6,2.065074065,1.884984826,2.969358304,2.516069957,18.72443203,1.799892113,1.440207404,2.37887883,2.225263674,12.15643864
102,^GSPTSE,ANN,2023-05-01,2025-05-01,3,618.3745832,488.9737662,734.3972485,690.3328438,81809490.29,497.6892578,359.8817708,541.8229818,491.7544922,62148565.33,2.074224873,1.476750832,2.305462521,2.066988796,20.641151,1.601227428,1.396422511,2.21686773,2.119939989,12.07296378
103,^GSPTSE,ANN,2023-05-01,2025-05-01,4,573.6051408,585.974042,754.7918539,725.1315201,79081780,497.4298177,500.2459635,598.3121745,613.0978516,55534853.07,2.055406498,2.038751379,2.496873838,2.53813296,17.59189998,1.216139036,1.252585202,1.992192202,1.670708987,11.74669805
104,^GSPTSE,ANN,2023-05-01,2025-05-01,5,528.7469789,428.0512543,712.2398492,668.9530268,81932542.79,410.7879557,359.1710286,590.4517578,527.0817057,60301433.07,1.713111691,1.469989594,2.488055524,2.198524928,19.81929513,1.449006502,0.969715134,1.777513572,1.791753073,12.48915643
105,^GSPTSE,ANN,2023-05-01,2025-05-01,6,714.0318345,646.8002477,828.1657856,807.57246,84410376.42,534.5219401,462.2957682,577.3194661,554.8311849,64166180.53,2.231858115,1.904182708,2.460045917,2.331493034,21.56393843,2.05228173,1.91325243,2.657689689,2.562845761,12.84177761
106,^GSPTSE,ANN,2023-05-01,2025-05-01,7,525.2076811,416.5340498,709.9263552,621.5393974,82929043.61,346.0876302,350.763151,541.0351563,510.7099609,55008588.53,1.446487802,1.428567546,2.289619551,2.113504475,16.8314698,1.706529505,0.918403882,2.047405465,1.518141965,13.23176745
107,^GSPTSE,ANN,2023-05-01,2025-05-01,8,1582.458256,885.1925488,1996.653549,844.238295,91732380.72,1456.367969,710.7086589,1818.145247,577.2309245,59353034.13,6.028760146,2.911432737,7.633193499,2.415092595,17.4559951,2.759587573,2.235132278,3.792762777,2.680128798,14.62941967
108,^GSPTSE,ANN,2023-05-01,2025-05-01,9,787.4554748,773.5579826,1101.321955,1001.040215,86575979.66,595.3828125,544.0990885,767.7016927,689.2428385,59016773.33,2.485951784,2.243113188,3.279492864,2.890744847,18.24123022,2.238305145,2.319768357,3.526988455,3.182384779,13.68599398
109,^GSPTSE,ANN,2023-05-01,2025-05-01,10,564.1367045,537.4317802,800.0744784,690.5572142,86764265.01,442.510612,418.1050781,609.8758464,534.7328776,60294048.27,1.840830602,1.71162414,2.587376459,2.221211929,18.74144735,1.500032313,1.398251244,2.307761714,1.879505586,12.99762391
110,^GSPTSE,ANN,2023-05-01,2025-05-01,11,744.5796308,562.2292919,906.9998921,747.6755052,78329649.41,539.613737,447.7669922,621.7167318,527.5067057,52915999.73,2.266373803,1.835379369,2.658506246,2.210606067,16.68828988,2.247706912,1.426616044,2.951207397,2.322748654,12.58569109
111,^GSPTSE,ANN,2023-05-01,2025-05-01,12,861.8815959,667.2973617,834.9054227,879.5565556,82988782.04,759.0722656,593.9919271,695.0714193,796.976888,58826566.4,3.121791818,2.419016582,2.909653549,3.287106071,18.68263618,1.703500041,1.242660435,2.013151088,1.577774031,12.55335157
112,^GSPTSE,ANN,2023-05-01,2025-05-01,13,711.6867741,617.3817976,807.7818613,827.4425414,88070989.34,533.8854818,437.3376953,570.5200521,586.3390625,59560579.2,2.223775851,1.798246218,2.422880706,2.457202845,18.17432829,2.003056731,1.842966497,2.538859307,2.553202846,13.95529922
113,^GSPTSE,ANN,2023-05-01,2025-05-01,14,610.8642413,549.4530787,822.1274638,731.4552833,82673603.06,467.305013,413.4951823,583.433724,557.2479167,54797205.33,1.947037321,1.696837942,2.482059437,2.321232686,16.66287643,1.690049279,1.513672445,2.570393396,2.026071367,12.93977975
114,^GSPTSE,ANN,2023-05-01,2025-05-01,15,470.8716109,518.0119897,791.2229259,772.2787219,80894197.4,308.3690104,388.736263,558.1491536,533.717513,53817062.93,1.293050272,1.592457125,2.369305718,2.240400677,16.61867346,1.531751201,1.437346069,2.496251506,2.449271776,13.00946316
115,^GSPTSE,ANN,2023-05-01,2025-05-01,16,874.63202,716.6111071,936.2454256,927.7644977,79921625.11,659.6652995,522.4561198,657.0816406,605.8604167,59662370.67,2.760274865,2.149339241,2.798959501,2.552669792,19.98557046,2.49248594,2.060030515,2.955123682,3.063856384,12.83858139
116,^GSPTSE,ANN,2023-05-01,2025-05-01,17,592.0439988,612.1933907,794.4501558,712.9529968,84602108.38,469.6954427,514.1284505,605.2329427,524.7063802,64879998.93,1.960691267,2.111012204,2.569984743,2.196366297,21.47753977,1.573447172,1.400927208,2.282820614,2.096630997,12.11157297
117,^GSPTSE,ANN,2023-05-01,2025-05-01,18,572.8221943,466.5972181,750.0541262,618.8352659,83709302.58,442.1519531,336.7878255,526.25,473.6926432,63085312.53,1.846292191,1.383101225,2.231484979,1.978522348,20.86257283,1.578978332,1.36580379,2.381695514,1.740818351,12.29635828
118,^GSPTSE,ANN,2023-05-01,2025-05-01,19,524.8206537,524.1006056,719.8774796,683.0307369,83337995.53,364.6490885,415.4533203,558.935026,507.7328776,58610333.33,1.524056298,1.700423098,2.368974942,2.123564021,18.35580206,1.647291391,1.329842317,2.041899722,1.9997212,12.2507071
119,^GSPTSE,ANN,2023-05-01,2025-05-01,20,528.2430807,485.2039699,767.9183677,713.8262852,83978032.51,369.7061198,349.2358724,567.6985026,483.3925781,60492672.53,1.548084954,1.431927824,2.409610708,2.030365858,19.40633714,1.628016445,1.416079095,2.304909398,2.293167086,12.64520743
120,^GSPTSE,ANN,2023-05-01,2025-05-01,21,683.3501245,554.6448623,842.9231695,775.7367471,84508046.43,528.381901,444.3380208,624.3998698,593.156901,66138256.27,2.209311705,1.82936294,2.660427884,2.483114027,22.57827004,1.894543082,1.402847013,2.545914044,2.178708893,13.19798583
121,^GSPTSE,ANN,2023-05-01,2025-05-01,22,919.0491057,766.8298359,954.5881809,1119.330479,83397321.34,858.9927083,697.2309245,850.6466797,1059.036849,56640475.2,3.519100558,2.819309728,3.519218019,4.311922621,17.61291435,1.32774272,1.272350418,1.804672472,1.415350113,13.28948755
122,^GSPTSE,ANN,2023-05-01,2025-05-01,23,617.176176,486.3505428,679.8952014,696.1173573,82539942.93,429.8360677,384.6231771,493.9104167,495.7544271,61919749.87,1.799575741,1.57812334,2.103439539,2.073819755,20.49457833,1.928430743,1.255522785,2.095928929,2.144187884,12.38359276
123,^GSPTSE,ANN,2023-05-01,2025-05-01,24,709.780736,551.0016341,885.7525887,719.5620471,81557141.6,493.743099,403.5900391,619.3619141,493.6692708,60945503.47,2.06477734,1.651383525,2.643275591,2.073886489,20.15719808,2.228464371,1.563846713,2.823569317,2.284403016,12.02342411
124,^GSPTSE,ANN,2023-05-01,2025-05-01,25,502.4543209,494.7296775,798.5684519,655.8064507,84427986.1,399.9663411,416.8522786,618.3848958,520.8259115,60299269.33,1.667367319,1.700109557,2.620522238,2.163352254,19.53363965,1.337022081,1.090634302,2.245183216,1.711039578,13.7875174
125,^GSPTSE,ANN,2023-05-01,2025-05-01,26,658.7407887,477.3953828,794.7679844,609.0239283,85923894.34,480.0527344,382.2042318,543.3419922,416.7716797,63455984,2.008028869,1.566792736,2.323498406,1.751130381,20.94038358,1.95842099,1.201482322,2.580315055,1.955601734,13.52900329
126,^GSPTSE,ANN,2023-05-01,2025-05-01,27,740.5180089,588.4071209,842.4711526,782.8082515,83657836.05,505.0682292,446.6472656,577.9895182,546.0227214,56700765.87,2.117153296,1.833553691,2.45730721,2.287668135,17.53182499,2.345134018,1.60553062,2.716340827,2.433329621,12.77904813
127,^GSPTSE,ANN,2023-05-01,2025-05-01,28,1185.549916,925.7364214,1183.390417,947.2503362,81523641.05,1064.075586,844.2723307,1071.926042,855.3539714,64575394.93,4.346483926,3.428542808,4.41399988,3.505426327,22.17773831,2.144233635,1.534987122,2.041085492,1.66481082,12.43051797
128,^GSPTSE,ANN,2023-05-01,2025-05-01,29,558.0821939,435.4078614,774.5009394,570.6274252,85027413.24,371.8361328,347.5397786,523.9690755,433.8236328,57086849.07,1.568079505,1.430851931,2.243479079,1.806540667,17.31200085,1.835836746,1.115764001,2.557192975,1.610436388,12.99749392
129,^GSPTSE,ANN,2023-05-01,2025-05-01,30,622.9646807,590.0375089,789.4801764,801.7495769,84537086.05,508.6046224,476.1722005,577.5026042,612.191276,62815666.4,2.114987738,1.956904669,2.451896087,2.55933983,20.68119617,1.563216537,1.477024166,2.424870187,2.265035748,12.68178508
130,^GSPTSE,ANN,2023-05-01,2025-05-01,31,583.610506,489.4757332,809.1201707,633.6667179,81345263.52,408.3263672,371.2400391,553.1429688,486.4130859,57170080,1.719484481,1.524282948,2.374592679,2.026777158,18.20003624,1.828811682,1.351230698,2.654408635,1.777440303,12.53439561
131,^GSPTSE,ANN,2023-05-01,2025-05-01,32,1276.355248,820.6656608,964.5721506,1048.686664,79162157.8,1146.341732,696.7024089,655.9177734,776.8419271,59226187.47,4.742406889,2.856697502,2.812290777,3.257397408,19.69433762,2.463029357,1.826393804,3.152407612,3.085154258,11.99909263
132,^GSPTSE,ANN,2023-05-01,2025-05-01,33,507.8191661,490.8137576,710.649883,648.7694415,81637694.01,408.8122396,418.6591146,479.1177083,480.5801432,61858675.2,1.702954304,1.710468436,2.047570416,2.008021955,20.91363944,1.305877493,1.068137422,2.346073921,1.909487228,13.41497098
133,^GSPTSE,ANN,2023-05-01,2025-05-01,34,526.9095293,593.8156583,799.3626027,703.4686078,83093070.85,409.3330078,527.4271484,560.3296875,521.3841797,59581176,1.709469386,2.153970673,2.388622933,2.177119813,19.0855297,1.453858211,1.12738368,2.565296461,2.062742504,12.63500297
134,^GSPTSE,ANN,2023-05-01,2025-05-01,35,669.5609368,763.3673133,758.0860945,1313.709348,80834788.57,494.5197266,599.2488281,562.5394531,1080.664063,60321371.73,2.066031368,2.448565531,2.387030359,4.477709067,20.10656551,1.962835417,1.961185629,2.275614211,3.227719405,12.69391709
135,^GSPTSE,ANN,2023-05-01,2025-05-01,36,933.0219179,1162.653695,1097.696819,1227.979747,82099678.34,852.999349,1083.499023,1001.520638,1166.425195,57916621.87,3.502943208,4.398014188,4.158643136,4.783969551,18.36983484,1.570174236,1.724957239,1.919415418,1.590218804,12.31800887
136,^GSPTSE,ANN,2023-05-01,2025-05-01,37,613.474704,584.8195945,748.3247469,750.8577499,82625171.89,532.6116536,498.4515625,649.3544922,654.7391927,58030041.07,2.198184355,2.042223435,2.712688107,2.709141538,18.29947609,1.285978248,1.278883746,1.611520878,1.582964892,12.57000087
137,^GSPTSE,ANN,2023-05-01,2025-05-01,38,573.121949,517.6346113,802.0340954,759.6693065,84131308.33,439.0208984,383.707487,580.983724,562.6181641,63182338.13,1.834343855,1.574652364,2.470318476,2.351866295,21.11652695,1.609776264,1.451137905,2.453302933,2.220283545,13.50572985
138,^GSPTSE,ANN,2023-05-01,2025-05-01,39,658.9052655,638.1812234,888.0711603,813.7767213,80928156.45,481.509375,509.4891927,701.1065755,645.9122396,60582207.2,2.023086437,2.092164412,2.961918154,2.692970065,20.07214785,1.960650796,1.609733457,2.402016045,2.152060555,12.0028547
139,^GSPTSE,ANN,2023-05-01,2025-05-01,40,834.8894853,697.5553232,835.3015694,920.7761705,79787599.8,663.3533203,557.500651,580.0908203,687.5897135,56074927.73,2.752923792,2.282943621,2.463120139,2.874521118,17.83404798,2.169543104,1.755534561,2.668687804,2.67631746,11.87532513
140,^GSPTSE,ANN,2023-05-01,2025-05-01,41,645.5120236,589.1209705,851.5697685,702.4942175,81908366.79,487.9666016,472.2632813,581.7839193,502.4108724,55762376.27,2.036739018,1.937418462,2.478285288,2.101862365,17.16394997,1.827844089,1.470002321,2.774011866,2.129329469,12.27717556
141,^GSPTSE,ANN,2023-05-01,2025-05-01,42,559.1964855,421.761873,749.8440925,721.5808922,86563110.12,379.5897786,290.8772786,487.1768229,483.9852214,57614653.87,1.593467456,1.196178119,2.093012145,2.038175972,17.41983334,1.799604441,1.29259924,2.563702774,2.348884516,13.51951652
142,^GSPTSE,ANN,2023-05-01,2025-05-01,43,458.7907356,622.9715577,691.0586017,633.5731243,83094344.31,338.8427734,497.0976563,507.4210286,465.0322266,61778429.33,1.409756383,2.043605482,2.147695327,1.941327548,20.09163288,1.322240586,1.576578766,2.084452522,1.871967829,11.73953655
143,^GSPTSE,ANN,2023-05-01,2025-05-01,44,516.4058164,779.3269451,664.8781159,853.3571983,87659779.61,433.8589193,636.7165365,513.0158203,750.1453776,67053600,1.792242854,2.599904325,2.163055836,3.092481534,22.27181301,1.172651352,1.847878004,1.873586355,1.70704002,13.56204288
144,^GSPTSE,ANN,2023-05-01,2025-05-01,45,734.1798853,628.1497848,1046.414159,887.7869262,84008224.15,521.1222656,463.2587891,770.156901,627.0352865,60726813.87,2.177948468,1.903658131,3.267584668,2.617690075,19.53261463,2.227114364,1.79127371,3.148567712,2.725926818,12.6668756
145,^GSPTSE,ANN,2023-05-01,2025-05-01,46,635.6744908,701.7065323,1032.231336,823.1802562,88791665.64,521.053776,571.1957031,767.1141276,614.0970703,62549549.6,2.163583506,2.335863763,3.259828431,2.557974758,19.59748305,1.566109756,1.699008859,3.088933335,2.381898665,14.07312045
146,^GSPTSE,ANN,2023-05-01,2025-05-01,47,644.6562356,399.2115704,712.0714533,554.156968,84770512.56,493.6133464,303.231901,516.2471354,411.0469401,70413497.87,2.061073048,1.239388748,2.190720365,1.714528225,25.07007622,1.789666227,1.084811005,2.174066706,1.620477775,13.65170787
147,^GSPTSE,ANN,2023-05-01,2025-05-01,48,505.6682036,635.7969526,732.1325745,725.0474321,85469450.17,420.3583333,591.9507161,575.6847656,598.7472005,60633664,1.743599305,2.414137903,2.423230397,2.484244471,19.24914445,1.218999475,0.959200301,2.025651861,1.781959567,13.14091761
148,^GSPTSE,ANN,2023-05-01,2025-05-01,49,688.5555929,608.8728579,866.534858,758.7838197,78800700.93,521.9943359,432.8072917,628.8483073,581.285612,58178958.93,2.18319701,1.78047911,2.675422751,2.429144493,19.17571611,1.955546493,1.806512997,2.671950872,2.130277808,11.84672048
149,^GSPTSE,ANN,2023-05-01,2025-05-01,50,583.8867708,615.6033776,818.5929837,722.507644,82243800.47,470.3664063,508.0720703,647.3813802,593.9419922,62883909.07,1.949319352,2.0721912,2.716493032,2.452742321,21.36179353,1.469489317,1.438345338,2.170681676,1.752558131,13.12374142
150,^GSPTSE,ANN,2024-01-01,2026-01-01,1,365.0366749,472.9012935,367.7389933,347.4767248,111905976.9,301.1552083,403.0212891,309.6335286,295.0598958,65325040.27,0.962271237,1.282880563,0.993818666,0.942945393,52.37441613,0.653919298,0.785971587,0.633852575,0.582362024,144.5967101
151,^GSPTSE,ANN,2024-01-01,2026-01-01,2,546.339488,506.9753973,630.2170403,710.8795641,108967606,462.0292318,427.9326172,549.7298828,604.6951823,59289880.27,1.477043787,1.363481068,1.763888781,1.931127334,46.15000359,0.928265883,0.865181101,0.981853814,1.185862274,129.6895489
152,^GSPTSE,ANN,2024-01-01,2026-01-01,3,366.4965174,380.2267657,435.051366,379.8576771,119590734,307.4540365,308.9057943,338.0367839,324.5542318,87690145.6,0.982152851,0.982855043,1.081202182,1.03797414,64.8998812,0.631839499,0.702584199,0.868107871,0.629037225,160.2167604
153,^GSPTSE,ANN,2024-01-01,2026-01-01,4,304.2050539,315.0089121,336.1726552,499.7316196,108340710.5,236.7100911,267.7586589,282.1533854,410.8954427,62808870.67,0.758080025,0.851617127,0.905892276,1.314349785,44.92266037,0.611954616,0.525430969,0.584858495,0.909529145,120.2081339
154,^GSPTSE,ANN,2024-01-01,2026-01-01,5,959.8317127,892.9411151,859.8653281,712.9127283,111810196.1,908.9858724,851.9078125,797.0546224,635.2157552,69522014.93,2.910458282,2.710423906,2.560692171,2.033382786,53.79620999,0.978346029,0.839004441,1.024103848,1.031984711,143.0223588
155,^GSPTSE,ANN,2024-01-01,2026-01-01,6,306.2318008,332.1835319,279.8724228,354.3723599,110230311.1,256.9869792,273.3852865,235.6279948,293.2270182,67561013.33,0.823353022,0.872702524,0.757087022,0.9353168,52.55649952,0.532827683,0.602028594,0.48511349,0.630261929,140.0865152
156,^GSPTSE,ANN,2024-01-01,2026-01-01,7,532.6375837,390.6005633,947.6033742,951.471917,110640120.4,474.0227865,300.8480469,910.9386068,879.5026042,61176848.53,1.517819082,0.959234351,2.927775505,2.812144574,48.00997286,0.777072113,0.793740102,0.83453453,1.152507358,134.0186178
157,^GSPTSE,ANN,2024-01-01,2026-01-01,8,326.6520288,295.1253406,296.9736672,376.7105332,109745976.1,264.4115234,245.839388,232.3660156,253.7453125,63867636.27,0.849302311,0.783510943,0.747247793,0.810233172,50.49126835,0.615728372,0.520075694,0.593863016,0.885458152,138.1748134
158,^GSPTSE,ANN,2024-01-01,2026-01-01,9,465.5381584,463.4436764,393.1751555,496.3478053,108758762.6,413.1880208,366.8449219,299.7298828,385.1863932,58222222.93,1.324230609,1.173019403,0.964993067,1.228612573,46.63601596,0.691300803,0.906964876,0.818507698,0.99402754,134.5939508
159,^GSPTSE,ANN,2024-01-01,2026-01-01,10,317.0477169,381.3555201,444.6888923,305.1177715,109275511.2,260.6119792,310.1044271,371.4800781,246.8792318,60139884.53,0.836099562,0.986990697,1.196665925,0.789585106,47.08209456,0.575972427,0.702742928,0.78543723,0.572085144,132.9426507
160,^GSPTSE,ANN,2024-01-01,2026-01-01,11,342.6820626,357.3054804,340.1289005,346.8154852,118625999.7,282.0076823,292.5682943,280.1682292,281.1089844,85090601.87,0.902430418,0.931838399,0.899035767,0.899169236,62.18104582,0.622941088,0.654156788,0.618451199,0.646742011,150.6873689
161,^GSPTSE,ANN,2024-01-01,2026-01-01,12,771.8725737,527.5134757,828.5206069,454.4057388,110312314.3,733.5415365,480.4061849,792.976237,369.9619141,67669657.6,2.342756293,1.530009562,2.540144605,1.179308012,52.88070826,0.754801947,0.695799894,0.7514288,0.838617185,141.7613217
162,^GSPTSE,ANN,2024-01-01,2026-01-01,13,749.6814234,549.3561273,635.5603437,625.5482009,111277889,702.406901,464.441276,571.7443359,523.9354818,70283331.2,2.247885326,1.48237979,1.830979385,1.675948664,54.3556006,0.83192043,0.93569684,0.878636965,1.088004008,142.651251
163,^GSPTSE,ANN,2024-01-01,2026-01-01,14,1182.189123,1047.7148,932.9959021,575.5151364,117801508.3,1151.045703,1012.315299,896.4641927,509.8380859,77653792.27,3.681623582,3.218493098,2.872859725,1.628148575,46.62658992,0.83976051,0.837468328,0.812274418,0.850998477,107.9113681
164,^GSPTSE,ANN,2024-01-01,2026-01-01,15,359.1183852,306.8455117,284.2717415,328.5068499,107728150.7,311.4641927,259.1122396,211.6890625,286.964974,60486946.67,1.000110488,0.825927097,0.680276112,0.920405499,47.2243333,0.579807716,0.523328828,0.608664735,0.517269384,132.2403875
165,^GSPTSE,ANN,2024-01-01,2026-01-01,16,329.1190444,302.5333474,293.8037236,419.968537,120217413.9,270.9538411,239.0119792,226.3244792,355.4228516,84587521.33,0.871308795,0.763500231,0.726563807,1.140026642,62.94031179,0.606680943,0.593876999,0.600155508,0.718917303,155.2433232
166,^GSPTSE,ANN,2024-01-01,2026-01-01,17,744.3172182,485.8481659,284.0735085,285.7890533,123410777,693.6363932,425.458138,214.5867839,223.1015625,93818605.07,2.215597701,1.353213084,0.689125619,0.715745065,67.47371166,0.854818348,0.746709471,0.595981479,0.57513484,158.4495757
167,^GSPTSE,ANN,2024-01-01,2026-01-01,18,295.0729105,361.9642982,317.471842,493.4993929,125060745.1,252.3923828,300.519401,258.9046224,395.0167969,93654637.07,0.808964629,0.955866501,0.832230605,1.267547587,68.23573253,0.489674327,0.636131065,0.588089302,0.948917795,161.6293081
168,^GSPTSE,ANN,2024-01-01,2026-01-01,19,337.1714404,486.7877691,472.3965952,389.4696897,109573551.7,274.1171875,428.9360677,417.9551432,320.6886068,60352097.87,0.878560501,1.365444552,1.344331041,1.023652014,47.88093583,0.627733241,0.731394233,0.707173392,0.7054235,134.86486
169,^GSPTSE,ANN,2024-01-01,2026-01-01,20,624.8931735,465.9519402,640.6388968,648.1339036,112363500.4,559.7657552,378.7238932,569.8288411,559.8541667,62831224.53,1.796157028,1.208076532,1.836770349,1.795673467,50.81292661,0.892117493,0.86513657,0.947081662,1.050631963,141.5819986
170,^GSPTSE,ANN,2024-01-01,2026-01-01,21,602.0727172,542.9154172,788.3062691,636.609485,110271577.5,530.3863281,473.98125,729.4298828,572.7705078,60743799.47,1.703690509,1.510878654,2.344266681,1.833784847,48.02132138,0.924250558,0.845253205,0.958883133,0.892245386,134.7001876
171,^GSPTSE,ANN,2024-01-01,2026-01-01,22,1491.197473,1342.137317,1805.975974,1282.075933,113672145.1,1456.476432,1316.961393,1781.421289,1239.373307,68550086.93,4.65648094,4.193998222,5.715280853,3.963253257,52.38074037,0.981336271,0.813307118,0.881010536,1.038548215,137.8396316
172,^GSPTSE,ANN,2024-01-01,2026-01-01,23,810.492546,407.6340979,430.9918299,721.4189956,108084399.5,767.0671224,351.7963542,350.9740885,638.9981771,60461964,2.455756519,1.117932089,1.127696992,2.042225995,48.62727471,0.832056991,0.649303842,0.796313199,1.06299756,136.4832509
173,^GSPTSE,ANN,2024-01-01,2026-01-01,24,301.0232314,315.8360904,399.0918589,388.7016587,108829008.7,239.875651,239.4520182,335.4809245,307.2384766,61509367.2,0.767015005,0.763185289,1.07591146,0.980859474,47.97692822,0.581632822,0.658507887,0.685642395,0.754842758,135.9154039
174,^GSPTSE,ANN,2024-01-01,2026-01-01,25,503.933847,518.8389739,568.8520875,692.111804,109247887.1,438.5477865,404.844401,493.0304036,616.800651,64883546.93,1.405301336,1.291317499,1.580888755,1.973908859,44.5555218,0.796165095,1.0295212,0.901881696,1.005005905,116.8969127
175,^GSPTSE,ANN,2024-01-01,2026-01-01,26,280.8092236,283.6258952,346.2083792,329.86828,109641865,240.947526,229.7087891,285.7686849,266.1590495,64429467.73,0.770103444,0.731817859,0.912971147,0.850250055,50.30809955,0.459141585,0.531607919,0.618662549,0.624162497,136.0919815
176,^GSPTSE,ANN,2024-01-01,2026-01-01,27,563.9966489,632.1909873,863.3198122,767.4299521,117237307.5,512.623112,550.1632813,804.4144531,689.7533854,82312532.8,1.642801339,1.752594881,2.587672877,2.211743194,60.28866128,0.753681268,0.986592619,1.008375483,1.081514052,146.8107255
177,^GSPTSE,ANN,2024-01-01,2026-01-01,28,971.8037898,565.9168648,475.592757,1055.72083,117098657.6,933.772526,448.936849,342.2485677,984.9213542,77840445.87,2.98920529,1.427951667,1.094621277,3.14800847,43.92800371,0.855813376,1.088006256,1.047732378,1.202079514,92.16779742
178,^GSPTSE,ANN,2024-01-01,2026-01-01,29,1028.563637,1257.702112,417.3067293,419.17876,117744237.3,995.2135417,1237.119401,347.926237,312.7066406,77674984.8,3.18629565,3.941381736,1.117969362,1.00271789,45.61874847,0.820956192,0.714034739,0.738699194,0.894460256,102.7109599
179,^GSPTSE,ANN,2024-01-01,2026-01-01,30,897.7592617,754.9422546,967.6307165,894.1837434,116613317.3,840.7338542,694.777474,901.0800781,821.053776,80573958.93,2.686216662,2.211205436,2.891639316,2.62255299,60.53677192,0.988158647,0.933397772,1.114653259,1.11986427,151.3200921
180,^GSPTSE,ANN,2024-01-01,2026-01-01,31,1245.52288,1247.702022,1154.981629,1181.512337,107651292.2,1219.380013,1209.911393,1111.44707,1135.733008,58967477.6,3.904049986,3.85504967,3.57107753,3.632002507,47.00394665,0.803129768,0.966757134,0.996386767,1.032074215,134.4496863
181,^GSPTSE,ANN,2024-01-01,2026-01-01,32,1365.903289,806.8619047,1397.143667,1219.677461,119479177.3,1344.445508,765.4264974,1373.214518,1177.594792,84167118.67,4.30505379,2.439656589,4.4114107,3.76513093,45.58114195,0.763591415,0.816121647,0.806848621,1.000950915,91.75011832
182,^GSPTSE,ANN,2024-01-01,2026-01-01,33,926.9137113,937.3423318,769.2241764,1014.49807,110251566.9,900.6673177,908.0458984,733.1879557,985.6671875,61268745.87,2.882442881,2.896138729,2.350745345,3.147379278,48.35777458,0.69377502,0.750210351,0.733056,0.745469513,135.6430168
183,^GSPTSE,ANN,2024-01-01,2026-01-01,34,285.8337199,358.0257074,379.814145,412.4207959,116855271.4,220.2550781,280.5042318,317.9105469,329.8733073,81508021.6,0.705633005,0.895400493,1.020289687,1.056584402,60.80357421,0.585237484,0.713283224,0.663403423,0.793338418,151.2086235
184,^GSPTSE,ANN,2024-01-01,2026-01-01,35,1073.091195,1023.317803,1662.691635,673.7728746,112220899.6,1028.389583,973.8399089,1629.000456,564.9202474,65347905.87,3.292779648,3.101734851,5.231916125,1.804835032,44.75440424,0.974020104,0.993858404,1.037363366,1.165860931,118.5960945
185,^GSPTSE,ANN,2024-01-01,2026-01-01,36,284.5251214,404.6201203,353.0027178,356.1988859,111371473.4,243.8803385,334.1097005,296.1655599,300.5826172,65707397.87,0.781149846,1.06663319,0.94895988,0.960864703,52.57844451,0.469132008,0.731640429,0.61245684,0.612784947,145.3677271
186,^GSPTSE,ANN,2024-01-01,2026-01-01,37,1152.669329,1517.64542,1388.741157,1115.596543,112646866.3,1129.45651,1492.677279,1368.541341,1070.307487,66832367.47,3.61826314,4.758885873,4.393416363,3.423524374,53.33075245,0.737707958,0.883979122,0.722969457,1.000741545,144.6684349
187,^GSPTSE,ANN,2024-01-01,2026-01-01,38,259.5264602,246.957525,249.675776,488.8984682,141153056.1,205.9149089,201.791862,196.8960286,393.8376953,117822190.1,0.663742069,0.642903611,0.633326592,1.265174468,80.79571067,0.514902399,0.452407185,0.493466265,0.931875663,175.1089974
188,^GSPTSE,ANN,2024-01-01,2026-01-01,39,582.8388997,614.0577802,670.1097779,600.8797632,107233697.2,543.2025391,573.330599,622.9669922,541.3832682,58191449.07,1.739872085,1.828350305,1.999657886,1.73017852,47.57186339,0.677793075,0.704695077,0.787609126,0.831991706,137.0825204
189,^GSPTSE,ANN,2024-01-01,2026-01-01,40,273.8306011,339.4154285,720.7893335,594.1039663,107560848.4,202.8290365,278.3145833,657.036849,520.7130859,58433143.2,0.648772112,0.884283696,2.10574394,1.660860884,42.97374804,0.587157183,0.614669221,0.936267601,0.907997324,121.0250194
190,^GSPTSE,ANN,2024-01-01,2026-01-01,41,605.069749,557.2662073,911.2549727,570.7833704,107451261.6,544.6507813,483.9305339,872.3921224,470.1301432,59561664,1.74061801,1.543855151,2.802167174,1.505972582,48.06486153,0.836944805,0.884495161,0.835499365,1.035388777,136.439228
191,^GSPTSE,ANN,2024-01-01,2026-01-01,42,391.033225,330.5562716,330.4554866,399.5349376,108365225,327.8463542,285.3838542,274.2102865,324.6984375,58008592,1.050732036,0.908389095,0.881744933,1.039620009,46.2456601,0.679409119,0.530023671,0.589961205,0.74328009,132.7228085
192,^GSPTSE,ANN,2024-01-01,2026-01-01,43,561.3202548,492.4913817,682.2933351,735.2428645,110948960.8,503.5988281,427.8550781,626.4429036,662.6438151,72130377.6,1.611434953,1.364222947,2.009804259,2.116951582,55.27511847,0.793709704,0.780440538,0.86246756,1.012503236,143.124869
193,^GSPTSE,ANN,2024-01-01,2026-01-01,44,346.4555527,335.2348164,332.4532761,381.5960198,113824888.6,257.1580078,275.5443359,242.5893229,305.2498698,71265570.13,0.822837274,0.875047974,0.778277283,0.975130079,56.21846524,0.738840017,0.602225614,0.725634544,0.732278299,150.6056837
194,^GSPTSE,ANN,2024-01-01,2026-01-01,45,304.290089,281.0586492,283.1481449,360.8469856,131951853.7,252.8150391,243.7757161,221.6599609,275.4957031,105086252,0.807661652,0.777158337,0.711540662,0.878745805,73.3779046,0.539015129,0.444230533,0.562946506,0.740451551,163.1449644
195,^GSPTSE,ANN,2024-01-01,2026-01-01,46,287.4312955,1187.445956,384.5656508,1080.177679,109119912,234.1392578,1156.044076,311.4334635,1027.315039,58759993.87,0.749724144,3.687126165,1.004234095,3.287200263,44.45146238,0.534346249,0.878358159,0.729787647,1.065777441,123.0145061
196,^GSPTSE,ANN,2024-01-01,2026-01-01,47,489.2435967,365.231799,472.9905776,436.6869218,108030084.9,414.3589193,314.2770182,368.6666016,365.4697917,60697460,1.333953811,1.004781162,1.193828909,1.173304073,42.09557448,0.847365394,0.601826607,0.962855077,0.770726392,113.3809767
197,^GSPTSE,ANN,2024-01-01,2026-01-01,48,323.7394129,298.4725643,434.6020447,376.7331387,118017474.1,264.5253255,253.5302734,381.7698568,319.9427083,78594606.4,0.848358283,0.807979394,1.228041002,1.024722817,60.26337151,0.59640851,0.500370406,0.664728598,0.636491824,153.9693582
198,^GSPTSE,ANN,2024-01-01,2026-01-01,49,268.6663665,251.8375237,290.0552794,312.1078561,106489255.3,212.7051432,214.7959635,232.3017578,266.8184896,59550197.87,0.682529066,0.685614032,0.746297557,0.852501408,47.42881901,0.526032087,0.419878973,0.5577839,0.515343892,133.6626421
199,^GSPTSE,ANN,2024-01-01,2026-01-01,50,369.9507613,350.5209135,356.5516548,674.4785753,105403673.1,307.2114583,285.7966146,299.8772135,565.3083333,57746493.33,0.980731758,0.90881943,0.96205107,1.807009642,45.62524857,0.649192556,0.644194817,0.614383221,1.167886745,129.4120204
200,SLV,ANN,2022-01-01,2024-01-01,1,0.850941994,0.808644021,0.77957108,0.939520604,6583942.149,0.746209526,0.71744283,0.646677462,0.791215642,5342697.167,3.411783932,3.244722141,2.953528042,3.590373785,33.60661875,1.908218839,1.701421807,1.979251833,2.302275772,26.38342233
201,SLV,ANN,2022-01-01,2024-01-01,2,1.654270709,0.716566432,1.293036763,0.806656536,7695164.193,1.340257963,0.605309359,1.187201627,0.645946821,6607846.333,6.130157773,2.721246394,5.427062399,2.943462205,43.48619717,4.474165342,1.714679117,2.341844849,2.21843126,29.46852514
202,SLV,ANN,2022-01-01,2024-01-01,3,1.996352562,0.608254336,1.587058587,0.984641239,7174595.18,1.782078107,0.511002223,1.517614555,0.770521609,6214524.2,8.123202499,2.302945136,6.923817129,3.496673237,41.14345561,4.133149619,1.488642852,2.078935616,2.77524802,27.89657678
203,SLV,ANN,2022-01-01,2024-01-01,4,0.768248407,0.640604783,0.658811558,0.878319529,6978307.933,0.625595601,0.525690269,0.540339025,0.679020945,5890651.7,2.86969581,2.386470634,2.486035905,3.107034997,39.27810663,2.085824361,1.693667618,1.749873942,2.579551631,27.80774362
204,SLV,ANN,2022-01-01,2024-01-01,5,0.671648593,0.629102104,0.736791614,0.730348403,7018556.988,0.568636576,0.517213186,0.559383774,0.558169047,5499232.733,2.568635614,2.325362187,2.567561955,2.536041821,32.44818081,1.588061632,1.606358272,2.193951722,2.144961352,21.57986993
205,SLV,ANN,2022-01-01,2024-01-01,6,1.408642011,0.775370397,1.008863693,0.88826731,7214955.4,1.133595276,0.659031041,0.884151586,0.711020215,5379249.367,5.183732669,2.954779209,4.033064801,3.225340617,28.17257483,3.858532442,1.81166074,2.210218956,2.414551548,15.61754629
206,SLV,ANN,2022-01-01,2024-01-01,7,1.226793143,0.760096948,1.136152278,0.6614688,7290740.65,0.968686994,0.620403417,0.957519913,0.510434151,5069747.233,4.461813644,2.778004653,4.359222307,2.310979919,25.25948798,3.54219943,1.939457298,2.771744709,1.882783997,17.42458772
207,SLV,ANN,2022-01-01,2024-01-01,8,0.828576718,0.636054601,0.765243411,0.772307306,6374107.802,0.726148796,0.536977641,0.602579562,0.624537722,5189050.9,3.303402406,2.441114963,2.758438087,2.853704875,32.9847606,1.83197612,1.578165989,2.175932752,2.083109017,23.70293387
208,SLV,ANN,2022-01-01,2024-01-01,9,0.991870744,0.865945932,0.690119711,0.770178111,8234951.868,0.824284363,0.715325864,0.559760857,0.641630046,7146534.933,3.751783223,3.238187139,2.563911647,2.918577453,49.28105075,2.538836646,2.222772672,1.85813426,1.932328124,33.39023156
209,SLV,ANN,2022-01-01,2024-01-01,10,0.69645947,0.579163856,0.83431518,0.845703583,7422300.381,0.58864549,0.465364774,0.68396314,0.685672633,5674460.267,2.667158372,2.091551946,3.125213721,3.119740152,30.94234369,1.677839457,1.536835728,2.175643719,2.253986032,19.79700066
210,SLV,ANN,2022-01-01,2024-01-01,11,0.860701045,0.768997873,0.892227281,0.884812189,6450647.48,0.700828298,0.674488767,0.665946897,0.672322655,5077492.3,3.160674699,3.057764238,3.068083226,3.074325872,29.11999777,2.241159648,1.70626035,2.76087792,2.668364779,16.71526413
211,SLV,ANN,2022-01-01,2024-01-01,12,0.960859243,0.814382177,0.748879315,0.866902842,6690502.525,0.784450785,0.672031148,0.576685778,0.652199491,5349221.567,3.562940366,3.021960848,2.629776213,2.95264159,32.60093605,2.518974707,2.060200692,2.167795924,2.567941693,21.92689815
212,SLV,ANN,2022-01-01,2024-01-01,13,0.698160725,0.554570988,0.81241341,0.802432341,7176542.663,0.608693377,0.444379807,0.676100922,0.627461052,6083182.733,2.770704567,1.999111589,3.081758988,2.838650977,39.17134105,1.568505502,1.489919222,2.051906756,2.245772869,25.70207328
213,SLV,ANN,2022-01-01,2024-01-01,14,1.514358059,0.835560337,0.657437734,0.704737733,6953811.064,1.26829567,0.72995046,0.548808416,0.593602244,5673546.1,5.809683453,3.311940966,2.492677284,2.706890818,34.51345507,3.833624349,1.881534578,1.62416039,1.739362708,21.15591734
214,SLV,ANN,2022-01-01,2024-01-01,15,0.789651287,0.678086394,0.552684842,0.997231393,7932044.595,0.637387975,0.568036779,0.408235614,0.858961868,6853955.333,2.882835021,2.551455644,1.860789746,3.882240784,47.79970992,2.083112085,1.653295673,1.6884108,2.26383706,34.00341497
215,SLV,ANN,2022-01-01,2024-01-01,16,0.789500313,0.575555377,0.673682353,0.91568614,6624765.432,0.612873141,0.463183594,0.542518489,0.74621067,5582474.9,2.789638509,2.086595582,2.464407193,3.376273248,35.50511262,2.284254915,1.54436935,1.805117561,2.403242545,21.85136819
216,SLV,ANN,2022-01-01,2024-01-01,17,0.835761393,0.655283053,0.811795862,0.904091534,6993192.967,0.716159248,0.580619748,0.661321894,0.726123683,5747926.767,3.267567056,2.6204728,3.020388629,3.300970321,36.37642686,1.999211263,1.381463561,2.148145236,2.457994842,24.12420422
217,SLV,ANN,2022-01-01,2024-01-01,18,0.78845438,0.608356968,0.612718295,0.761131745,6525668.437,0.684272448,0.513845507,0.48660024,0.587365913,5565805.367,3.091498119,2.315668392,2.213443606,2.649455376,35.80333431,1.759523326,1.472966737,1.669098412,2.175945789,23.89479214
218,SLV,ANN,2022-01-01,2024-01-01,19,0.59899244,0.490239299,0.632606041,0.728865517,7359050.739,0.484017944,0.403745015,0.532150714,0.578911018,6014995.133,2.191250252,1.829880831,2.437091407,2.623473138,38.53354562,1.596150796,1.271876477,1.558982974,1.999825089,27.95529976
219,SLV,ANN,2022-01-01,2024-01-01,20,1.102708106,0.724606674,0.755874929,0.857532298,6957700.553,0.936152522,0.638844935,0.598456828,0.724561946,5653343.3,4.256765748,2.876364207,2.720282423,3.296092178,35.0400438,2.660250334,1.539238371,2.074728575,2.077383073,23.18361533
220,SLV,ANN,2022-01-01,2024-01-01,21,0.614565618,0.580267301,0.647128791,0.629477786,7152556.461,0.52762235,0.496273041,0.549393845,0.514921697,5021443.133,2.386694812,2.229524209,2.501386663,2.32711996,25.48891383,1.411543759,1.339805299,1.543542051,1.631694597,16.0253644
221,SLV,ANN,2022-01-01,2024-01-01,22,1.565311595,0.679638633,1.17781818,1.095324954,6784117.826,1.313685862,0.543407122,1.023498535,0.839941978,5563418.633,5.992323517,2.431517048,4.685511267,3.82080933,33.09377113,3.905757642,1.801071377,2.670162027,3.203678196,18.91339361
222,SLV,ANN,2022-01-01,2024-01-01,23,0.989512472,1.023075167,0.642107019,0.743037618,8120388.469,0.833305486,0.883378919,0.534737905,0.60596536,5626831.733,3.737711016,3.938182818,2.423769178,2.723552835,26.67307961,2.341324702,2.249393466,1.576653955,1.89528451,18.71767201
223,SLV,ANN,2022-01-01,2024-01-01,24,1.027125071,0.574777508,0.576206698,0.630336362,7009286.711,0.891889318,0.436685054,0.451440493,0.521278572,6080382.367,4.021291967,1.94713684,2.066223884,2.351986786,41.15496057,2.256133029,1.634477207,1.627286528,1.572011582,27.92975698
224,SLV,ANN,2022-01-01,2024-01-01,25,0.780594133,0.726784331,0.762972158,0.788196028,7108759.353,0.683747927,0.552316729,0.564404806,0.613847033,5935000.733,3.121886717,2.469376921,2.58916056,2.785018593,37.38348554,1.747482602,2.091923581,2.344733744,2.245057192,24.42349582
225,SLV,ANN,2022-01-01,2024-01-01,26,0.893884509,0.62034402,0.607652544,0.666610884,7544369.507,0.770655378,0.546824455,0.491807683,0.532337825,6385866.4,3.498308079,2.468710628,2.242482604,2.412616561,41.72177976,2.065825303,1.338690703,1.621960622,1.817819867,28.84238592
226,SLV,ANN,2022-01-01,2024-01-01,27,1.064043438,0.710890237,0.617376046,0.783319375,6824290.764,0.93403333,0.574378713,0.471470896,0.610963885,5027743.167,4.201620906,2.57428439,2.159468652,2.761212288,28.62394194,2.246760208,1.869261947,1.8145645,2.204570154,20.6480484
227,SLV,ANN,2022-01-01,2024-01-01,28,1.016636576,0.791155641,0.805119017,0.776142787,7579517.855,0.845427958,0.700109736,0.673888715,0.669872793,5793672.633,3.824825392,3.156720136,3.072530788,3.03539513,36.16933295,2.545794237,1.661747165,1.999241775,1.767068928,31.48998213
228,SLV,ANN,2022-01-01,2024-01-01,29,0.747145934,0.726265478,0.741547195,0.701037474,9077676.793,0.617344666,0.654122988,0.600023905,0.587732697,8114345.267,2.826348066,2.956487636,2.738345706,2.66141897,58.28372281,1.96398931,1.444955694,1.963725638,1.712549595,39.09394542
229,SLV,ANN,2022-01-01,2024-01-01,30,0.866259299,0.673031704,1.005738906,0.975322745,7140651.978,0.716335487,0.589361,0.781684176,0.772618421,6178932.367,3.251730175,2.670777269,3.56088562,3.502529702,41.36236461,2.205209808,1.484354473,2.870011056,2.697617336,28.37434001
230,SLV,ANN,2022-01-01,2024-01-01,31,0.725884453,0.734320706,0.705742229,0.844275374,8478527.168,0.601552073,0.626593018,0.553742536,0.666138331,7592977.133,2.740505815,2.845300045,2.530749555,3.023866229,53.63515669,1.864116228,1.759387932,1.99347166,2.347116519,35.80509037
231,SLV,ANN,2022-01-01,2024-01-01,32,1.176693966,0.917250915,0.734411792,0.75493512,6834112.631,0.959940402,0.758501879,0.590850194,0.587434196,5112450.467,4.406860761,3.445521605,2.705515933,2.680443955,28.23637478,3.186407194,2.384731653,1.992223148,2.177015885,17.23647151
232,SLV,ANN,2022-01-01,2024-01-01,33,0.691188377,0.679103682,0.58033597,0.735747569,6802040.521,0.529040718,0.556461461,0.466018677,0.590703456,5384792.467,2.386951947,2.503887204,2.130222574,2.670970881,32.47806877,1.997921774,1.741776781,1.589012365,1.982875526,21.25373988
233,SLV,ANN,2022-01-01,2024-01-01,34,0.730001565,0.517598723,0.506374409,0.569438168,6958568.597,0.584892972,0.415387472,0.367683283,0.465901057,5629158.233,2.669805364,1.886355896,1.684602036,2.111564386,35.73341128,2.014677819,1.431001795,1.587330724,1.488943919,25.77763366
234,SLV,ANN,2022-01-01,2024-01-01,35,1.019780987,0.612411666,0.645264548,0.848565672,6977678.667,0.874107297,0.549344126,0.493355052,0.68941129,5425268.667,3.931017255,2.466886457,2.257873003,3.119915859,31.92691751,2.301261189,1.19852124,1.902500229,2.222996647,22.49722871
235,SLV,ANN,2022-01-01,2024-01-01,36,1.015814717,0.810237056,0.719936077,0.859131054,6418010.858,0.838871002,0.654601542,0.607066218,0.687251155,4996922,3.845519134,2.984687346,2.771832367,3.124546883,29.12005994,2.673210158,2.236676016,1.761481762,2.355385383,18.75794632
236,SLV,ANN,2022-01-01,2024-01-01,37,0.740925878,0.75180098,0.865881977,0.888419379,7026212.482,0.614814568,0.673634593,0.753621229,0.71366539,5858920.267,2.785241861,3.046659365,3.449642133,3.248713032,37.70283772,1.880683553,1.538728747,1.950294463,2.438872742,25.66318869
237,SLV,ANN,2022-01-01,2024-01-01,38,0.950398337,0.577314361,0.724707169,0.757703897,7271280.285,0.768757693,0.441573397,0.589339129,0.566765912,6058436.233,3.459223371,1.97468171,2.685750025,2.561960626,38.95964104,2.481857438,1.623504681,1.908144412,2.265265272,26.18174589
238,SLV,ANN,2022-01-01,2024-01-01,39,1.253036353,0.686001285,0.747984721,1.041449391,6437205.303,0.990676689,0.570309258,0.629409726,0.816146533,5392917.5,4.504452422,2.576811088,2.87924276,3.708794449,34.24540765,3.509502398,1.720651383,1.852954432,2.951779463,22.44488623
239,SLV,ANN,2022-01-01,2024-01-01,40,0.854175119,0.710437282,0.789549709,0.795966573,6708269.667,0.698714892,0.609691048,0.674441592,0.703515244,5443140.467,3.180581846,2.756584374,3.077305986,3.19228821,34.15382158,2.245102506,1.652230012,1.870455567,1.684882209,24.01332438
240,SLV,ANN,2022-01-01,2024-01-01,41,0.790513776,0.454514008,0.715833666,0.578771389,7076140.868,0.686802038,0.386279742,0.590915744,0.476970291,5365881.433,3.089915565,1.735707564,2.690297952,2.167326894,32.80382404,1.719380161,1.069447151,1.818277502,1.482500026,26.56117303
241,SLV,ANN,2022-01-01,2024-01-01,42,0.750657636,0.580566043,0.575807852,0.643393032,7353769.497,0.636127154,0.497483253,0.434374682,0.502726173,5704842.6,2.912331909,2.251736461,1.974940998,2.274181024,34.10917988,1.87056427,1.38131441,1.712602634,1.806817748,24.90783018
242,SLV,ANN,2022-01-01,2024-01-01,43,0.87962679,0.532141415,0.600027469,0.594838469,6599280.575,0.742140897,0.395027033,0.457831955,0.443297768,5120353.3,3.358423204,1.772785798,2.093874764,2.004842692,29.83604702,2.104092785,1.58999524,1.769424132,1.791417341,18.74702678
243,SLV,ANN,2022-01-01,2024-01-01,44,0.967321073,0.891856402,1.149112228,1.085394955,6465801.014,0.814447912,0.665360006,0.955204455,0.885368029,5155053.3,3.681340427,2.974499984,4.369429664,3.992053395,31.56161682,2.338765067,2.644306754,2.905830573,2.795379093,20.52289326
244,SLV,ANN,2022-01-01,2024-01-01,45,0.880614209,0.701317296,0.603074711,0.765675695,6505052.791,0.73696874,0.597165426,0.503759766,0.581675911,5085422.433,3.355299498,2.699970514,2.309223519,2.635617571,29.66123223,2.21505826,1.66142238,1.505142837,2.240800417,18.24382747
245,SLV,ANN,2022-01-01,2024-01-01,46,1.024279371,0.676359274,0.741250394,0.954897941,7200199.123,0.842768606,0.557728004,0.563814227,0.750699043,5699327.367,3.802275796,2.514901138,2.584915055,3.424687657,34.23820121,2.577299787,1.724245243,2.198514854,2.695253811,22.85768562
246,SLV,ANN,2022-01-01,2024-01-01,47,0.683061551,0.605002299,0.584415379,0.728150222,6616139.993,0.595016034,0.500971222,0.483077113,0.582660866,5019054.633,2.708170358,2.254875591,2.219932146,2.652472605,29.38138167,1.530897092,1.514950918,1.526082408,2.004689099,19.26816963
247,SLV,ANN,2022-01-01,2024-01-01,48,0.781313126,0.665954709,0.676673713,0.770189805,6975816.335,0.657736651,0.586297989,0.562033272,0.640803591,5462618.067,2.970282791,2.645039618,2.576456772,2.90394024,33.64206935,1.871558083,1.432334069,1.730858785,1.927038959,24.10707318
248,SLV,ANN,2022-01-01,2024-01-01,49,1.11879288,0.79963519,0.8809748,1.077247868,7019780.579,0.951873843,0.620741018,0.690666644,0.828991191,5797957.933,4.349348895,2.817064217,3.161505256,3.779922392,36.96105615,2.707393451,2.294330584,2.501261106,3.138972941,24.964308
249,SLV,ANN,2022-01-01,2024-01-01,50,1.001277826,0.767434201,0.658387646,0.90276075,7356712.261,0.77214152,0.59820563,0.541321182,0.765493965,6088324.567,3.479585933,2.675731709,2.476296302,3.454907062,37.56721648,2.818924793,2.112779964,1.706600662,2.117709105,22.94273916
250,SLV,ANN,2022-09-01,2024-09-01,1,0.954233336,0.876436195,1.20224664,0.84676056,7184371.504,0.750022443,0.729588636,1.040126483,0.705070114,5783942.333,2.898046331,2.775219662,3.999383384,2.708400494,39.1390228,2.304149192,1.849925792,2.285841636,1.808145114,32.79700031
251,SLV,ANN,2022-09-01,2024-09-01,2,0.93637219,1.118181573,1.07513728,0.898314805,6848513.128,0.788822365,0.942961121,0.9291303,0.740481249,5494023.967,3.031395663,3.56988842,3.580584438,2.840480248,35.91597058,1.922112543,2.262021653,2.034267904,1.941898012,29.04128117
252,SLV,ANN,2022-09-01,2024-09-01,3,0.903926428,0.768955546,0.902761173,0.91620273,6892464.448,0.739317195,0.60556647,0.747341283,0.769912211,5442059.733,2.852996577,2.309925925,2.916888833,2.974600597,32.72020728,2.03244092,1.81951151,2.00003607,1.93977272,22.13923632
253,SLV,ANN,2022-09-01,2024-09-01,4,0.917807431,0.852873277,1.042511833,1.083563341,6690505.773,0.775503476,0.72086792,0.778237724,0.849674988,5056345.1,2.970720788,2.72560946,2.99507979,3.228200231,29.79432717,1.865240509,1.698490421,2.613175997,2.514724898,22.45587269
254,SLV,ANN,2022-09-01,2024-09-01,5,0.999895492,0.823975451,0.820802973,0.897884298,6909824.988,0.811984126,0.697528203,0.660108821,0.750005976,5459530.867,3.155038861,2.671214437,2.585849802,2.90462833,35.46514519,2.312277792,1.677739636,1.933244696,1.945849213,31.07626409
255,SLV,ANN,2022-09-01,2024-09-01,6,1.325357377,1.175275608,0.857019518,1.009397649,6490458.529,1.103921127,0.955271085,0.704046059,0.834959475,5063432.3,4.190681993,3.610292751,2.733560816,3.196249726,30.2758167,2.719976556,2.542319708,1.875333293,2.163592409,21.41120624
256,SLV,ANN,2022-09-01,2024-09-01,7,0.897683395,0.79169052,0.707246062,0.851191173,6373937.041,0.741365941,0.617853546,0.561239115,0.698439725,4799558.3,2.86365345,2.356673639,2.195661132,2.681752519,28.25383431,1.972904492,1.87464011,1.701199746,1.88499291,21.14857519
257,SLV,ANN,2022-09-01,2024-09-01,8,1.379830688,1.260972281,1.377286183,1.184772592,7173555.538,1.11499335,1.024928729,1.166124217,0.986781375,6008203.567,4.247204124,3.875639908,4.489472191,3.764089601,37.21657453,3.049220399,2.73656795,2.778065609,2.469226497,24.34447417
258,SLV,ANN,2022-09-01,2024-09-01,9,0.95614857,0.852354966,1.009165971,0.995284969,6358729.822,0.750039673,0.698185857,0.842528343,0.848905118,5016442.533,2.906442238,2.664789813,3.30674644,3.280938189,30.29998984,2.32707814,1.878992994,2.237209928,2.066065406,21.81168846
259,SLV,ANN,2022-09-01,2024-09-01,10,0.945747065,1.070382426,0.704527545,0.910077085,6342421.369,0.752500534,0.85230821,0.568173027,0.743271001,4984812.9,2.863376943,3.224805346,2.197237984,2.866234751,31.08898679,2.133449491,2.427349736,1.59377165,2.026083371,24.10943398
260,SLV,ANN,2022-09-01,2024-09-01,11,1.844503496,1.181099664,0.741260855,1.051494633,6693154.222,1.570428022,0.915166028,0.61035099,0.840988859,5306043.133,6.038171015,3.48449633,2.373581713,3.217684066,35.17115165,3.732729449,2.838962683,1.641231336,2.412928151,29.14783416
261,SLV,ANN,2022-09-01,2024-09-01,12,1.364351395,1.321715453,0.912933767,0.988813113,6347462.41,1.153375053,1.055447896,0.723483404,0.798840904,4857720.167,4.391164776,3.99768348,2.805225582,3.061992531,29.62849225,2.752512073,2.987217474,2.135306624,2.218788561,24.25790564
262,SLV,ANN,2022-09-01,2024-09-01,13,1.288685673,1.530688912,1.270486718,1.063445195,6286755.322,1.137185669,1.36752065,1.092952601,0.896889814,4832543,4.335046012,5.183570559,4.212194115,3.428817675,31.47752764,2.261981791,2.580712255,2.466765776,2.161934263,27.70511689
263,SLV,ANN,2022-09-01,2024-09-01,14,1.461986459,0.925004251,0.782566481,1.474123491,6779255.236,1.166650581,0.742685191,0.676022593,1.232646243,5209727.433,4.539263395,2.860323029,2.627684843,4.783521978,29.66785779,3.476904369,2.167364296,1.540322807,3.216393901,18.81656595
264,SLV,ANN,2022-09-01,2024-09-01,15,0.761988373,0.89491229,0.661963712,0.744479436,6643258.186,0.557679303,0.734211159,0.523884328,0.639794604,5411096.567,2.15480835,2.824664379,2.058988686,2.465073823,34.36031049,2.015976828,2.005973876,1.618984358,1.470575944,25.86214925
265,SLV,ANN,2022-09-01,2024-09-01,16,0.861220951,0.87386848,0.835542977,0.890989248,6869162.246,0.697239939,0.688842328,0.693349648,0.747254117,5520806.167,2.677695777,2.622887985,2.682769517,2.874886284,34.85285536,1.930434639,2.038793978,1.798714138,1.869355579,25.35763538
266,SLV,ANN,2022-09-01,2024-09-01,17,0.855586266,0.802575976,1.065283062,0.799798149,6757937.35,0.746641731,0.668455442,0.900144068,0.66027832,5181714.867,2.849463016,2.523584447,3.487406879,2.549046331,32.62363915,1.569970842,1.657217131,2.18766833,1.752787709,26.13782261
267,SLV,ANN,2022-09-01,2024-09-01,18,0.841231239,0.902041639,0.72571485,0.847420492,6629623.973,0.692571767,0.736195946,0.588219833,0.719494184,5212327.9,2.659358483,2.795660386,2.285997105,2.762158701,30.73567937,1.821164195,1.953943757,1.650075956,1.732701124,20.12179608
268,SLV,ANN,2022-09-01,2024-09-01,19,1.705286435,1.049043118,1.128786424,1.223180148,6822961.308,1.484642665,0.867189344,0.970361201,1.032076263,5124148,5.74919869,3.327004826,3.800585963,3.995328307,29.36843006,3.293806667,2.280004539,2.294452297,2.560199406,20.56258799
269,SLV,ANN,2022-09-01,2024-09-01,20,1.012402876,0.806312832,0.866032183,0.943143305,6618543.611,0.805675443,0.64702301,0.647338804,0.7844841,4753897.333,3.096167449,2.482866188,2.536337134,3.023198675,27.53844608,2.321223243,1.860168033,2.293212084,1.997755558,24.30658001
270,SLV,ANN,2022-09-01,2024-09-01,21,2.174276715,1.406198506,0.837947847,1.064419732,6822596.898,1.981966972,1.204640706,0.680150223,0.905930901,5624232.067,7.663911924,4.646939242,2.67527297,3.51897724,37.29629484,3.544127393,2.880731511,1.986071403,2.240899929,29.61593481
271,SLV,ANN,2022-09-01,2024-09-01,22,1.117972178,1.046113001,1.157047937,1.085815924,6408509.59,0.897980881,0.847251892,0.9447951,0.863964335,4933712.367,3.473735107,3.243836377,3.686575123,3.339191358,29.6045933,2.55656947,2.360521399,2.586980807,2.554082894,23.90502684
272,SLV,ANN,2022-09-01,2024-09-01,23,0.97641399,0.879329761,0.915947298,0.827276571,6761809.906,0.755385017,0.719628716,0.735148621,0.644253159,4830335.6,2.906569777,2.738452361,2.855455291,2.475657043,26.36673375,2.365733728,1.906060301,2.120863725,1.984729825,19.63824332
273,SLV,ANN,2022-09-01,2024-09-01,24,2.667732153,1.764953621,1.134819807,1.404192418,7046552.607,2.555979538,1.577338727,0.941260783,1.167707125,5059172.767,9.77370927,5.963160111,3.625722808,4.440770862,25.84896821,2.753028971,2.901880916,2.405116429,2.915232264,16.63061388
274,SLV,ANN,2022-09-01,2024-09-01,25,1.015124029,1.004856479,0.941914801,1.124212319,6970551.244,0.905207761,0.844247818,0.782143084,0.962642543,5283937.8,3.4934317,3.213922218,3.053080357,3.705501008,31.72237301,1.802130251,2.07742484,2.069498849,2.229620364,23.56765044
275,SLV,ANN,2022-09-01,2024-09-01,26,0.938559878,0.792386789,0.793948594,0.782912753,6830572.068,0.813361359,0.62897021,0.603475761,0.602495702,5345320.833,3.127184393,2.419240105,2.371305169,2.336105519,32.46355994,1.779785611,1.888178611,2.052173187,1.984948992,23.5585636
276,SLV,ANN,2022-09-01,2024-09-01,27,0.873132804,0.744878854,0.611234595,0.66543092,6318339.52,0.674426079,0.617128881,0.479495112,0.546469116,4775157.2,2.605249167,2.35178402,1.876390379,2.109183291,29.70290582,2.166822171,1.594318346,1.497497498,1.462548635,24.92702468
277,SLV,ANN,2022-09-01,2024-09-01,28,1.275863653,0.978184629,0.959437069,1.254366293,6825903.493,1.01612943,0.793859037,0.799120013,1.007512983,5313297.967,3.919615088,3.022965713,3.116365325,3.882329154,34.09311244,2.982849557,2.188586094,2.103890593,2.886738944,29.18604535
278,SLV,ANN,2022-09-01,2024-09-01,29,1.183434901,0.84787625,0.799510224,1.346712284,6329502.386,0.966665204,0.704154269,0.656425603,1.163858795,4828465.167,3.738921377,2.685440766,2.532949275,4.517411235,28.84466772,2.661046454,1.807453039,1.738325269,2.681786952,23.43747036
279,SLV,ANN,2022-09-01,2024-09-01,30,1.22599512,0.993327613,0.768127242,0.939355356,6279921.281,1.001776695,0.789791044,0.597723007,0.725341733,4864074.367,3.814833369,2.986563215,2.317354357,2.765868498,29.43473667,2.658949556,2.264036674,1.851508465,2.257558274,22.99597478
280,SLV,ANN,2022-09-01,2024-09-01,31,2.032591726,1.687538075,1.675929982,1.761757627,7259306.52,1.867886289,1.509271113,1.538721593,1.550515302,5876588.8,7.142069025,5.714560598,5.939461968,5.9241123,41.02072915,3.033876874,2.82928846,2.519417142,3.165241008,37.47629243
281,SLV,ANN,2022-09-01,2024-09-01,32,1.063754588,1.059314084,0.789232248,0.982054321,6594882.906,0.859272067,0.89442819,0.601121076,0.827127775,5309761.867,3.285849286,3.395911042,2.339155038,3.158456998,34.93627007,2.349543541,2.113591362,1.995806098,1.995086279,27.78415552
282,SLV,ANN,2022-09-01,2024-09-01,33,1.225139345,1.428375891,1.575417558,1.559649141,6779106.7,1.041100375,1.263811302,1.40958608,1.44314963,4954514.5,3.946142678,4.776821776,5.412711426,5.510427304,30.54935431,2.391208004,2.475829475,2.614598185,2.211084181,26.47656559
283,SLV,ANN,2022-09-01,2024-09-01,34,0.894947445,0.830965205,0.755968263,0.743312773,6787440.796,0.691740417,0.695781072,0.636528269,0.587916247,5489193.733,2.631482458,2.659345663,2.485432896,2.260353818,34.64212208,2.111887502,1.739498465,1.608850895,1.741081452,26.12963745
284,SLV,ANN,2022-09-01,2024-09-01,35,2.074022445,0.941550546,0.891291557,1.156995121,6855460.1,1.786877187,0.765282631,0.744454956,0.960430527,5579189.5,6.876309339,2.93533728,2.898901219,3.700955843,35.58230318,4.052208928,2.12836108,1.929339989,2.50486116,26.760978
285,SLV,ANN,2022-09-01,2024-09-01,36,0.832594765,0.647086382,0.711405895,0.598435734,7419374.341,0.656386757,0.53821888,0.589003372,0.482372665,6140875.967,2.509176762,2.046874145,2.300659487,1.851993324,42.21335545,1.914232388,1.336423454,1.588506016,1.35819532,34.82731912
286,SLV,ANN,2022-09-01,2024-09-01,37,0.832749806,0.736393876,0.654768788,0.97330057,6874661.367,0.623706055,0.587491608,0.482042503,0.769944,5312855.033,2.391315815,2.243142865,1.877028843,2.973106976,31.59913862,2.106387547,1.695961019,1.719753442,2.328763942,21.81318166
287,SLV,ANN,2022-09-01,2024-09-01,38,1.26023039,0.852971674,0.703623331,0.979862306,6369614.786,1.000965055,0.6279157,0.540865644,0.800086466,4685967.933,3.850469874,2.400895162,2.117653841,3.093286844,27.54706486,2.959197424,2.19562368,1.784534803,2.214905068,20.51717081
288,SLV,ANN,2022-09-01,2024-09-01,39,0.926246008,0.956094242,0.864599564,1.003763457,6745950.501,0.820352618,0.801870855,0.701064046,0.825836945,5039631.4,3.170059323,3.072249078,2.753590308,3.204545327,29.99616284,1.66301455,1.989040687,2.020358096,2.244314163,24.17047168
289,SLV,ANN,2022-09-01,2024-09-01,40,0.950272183,0.767337135,0.668508089,0.761294433,7115715.712,0.790283457,0.608936946,0.55594724,0.589672279,5721901.067,3.056995283,2.324393318,2.162545082,2.283998039,38.53282804,2.060306695,1.785060638,1.453014274,1.885039364,32.11559701
290,SLV,ANN,2022-09-01,2024-09-01,41,0.903911143,1.44901105,1.601852757,1.645921889,6957421.526,0.792717361,1.329223061,1.506142807,1.5545784,5432226.333,3.0333967,5.02203979,5.818125296,5.953045004,32.29665279,1.644373496,2.121713809,2.049685886,2.037659,24.43836847
291,SLV,ANN,2022-09-01,2024-09-01,42,0.849007492,0.793925784,0.938539538,0.817832761,6867461.759,0.716864459,0.623831749,0.743402163,0.669126574,5360984.3,2.750090585,2.379967935,2.879592027,2.565020757,35.72090598,1.724171767,1.871800367,2.203014982,1.783505136,33.10498829
292,SLV,ANN,2022-09-01,2024-09-01,43,1.186032436,0.979344196,0.948331409,0.917809622,6602318.831,0.914716021,0.7621219,0.755345408,0.74623483,5173809.633,3.476527238,2.88328541,2.915459972,2.849583015,32.08052031,2.80705905,2.29658784,2.176831782,2.014523927,24.3660796
293,SLV,ANN,2022-09-01,2024-09-01,44,1.082407192,0.78510913,0.777788485,1.041585396,6738173.281,0.848562749,0.626951027,0.61506602,0.826804733,5290884.4,3.24598462,2.400463924,2.380084999,3.1953977,34.54678201,2.550698414,1.82266525,1.819423069,2.493890905,31.1742502
294,SLV,ANN,2022-09-01,2024-09-01,45,1.44183806,1.694814864,0.927227062,1.424853566,6464489.766,1.217031288,1.555450821,0.761956469,1.270438639,5009238.867,4.618667116,5.875195269,2.931722826,4.833389619,32.36533713,2.874126991,2.456147056,1.986612677,2.405837025,26.94252391
295,SLV,ANN,2022-09-01,2024-09-01,46,1.336143964,1.155177148,0.812225223,0.957325197,6892491.428,1.100177511,0.903776805,0.621131325,0.742516645,5220297.5,4.202740413,3.422144385,2.408925675,2.843109076,32.45955099,2.8765855,2.696497559,2.021321104,2.288740701,27.16433278
296,SLV,ANN,2022-09-01,2024-09-01,47,0.792718428,0.797969082,0.727904865,0.882496766,6693356.392,0.610406303,0.664936193,0.57535642,0.699297333,5426078.267,2.368567799,2.538299631,2.249758106,2.679327211,35.5551314,1.999366355,1.694426408,1.765611985,2.073399555,28.98345969
297,SLV,ANN,2022-09-01,2024-09-01,48,1.032243417,0.819052669,0.690604578,0.803675341,6537681.874,0.85018603,0.678231366,0.564830716,0.673293686,4695679.133,3.249384962,2.572806302,2.226145093,2.593919594,27.95694352,2.228509187,1.729283171,1.623660789,1.684667484,23.16480956
298,SLV,ANN,2022-09-01,2024-09-01,49,1.056497993,0.911924972,0.911067679,0.984951593,7101813.607,0.893758456,0.788698832,0.724512164,0.796410688,5471108.1,3.446157811,3.02158694,2.832745055,3.06728278,32.00051463,2.162092952,1.75790375,2.190832009,2.228827091,21.66582957
299,SLV,ANN,2022-09-01,2024-09-01,50,1.830942422,1.975886943,3.861844604,3.212800323,6375961.027,1.549021212,1.71445357,3.724980354,2.997007942,4991084.333,6.020570907,6.594332189,14.53597649,11.57277705,32.47342782,3.835409547,3.835868745,4.152994343,4.560113991,26.12716997
300,SLV,ANN,2023-05-01,2025-05-01,1,1.737006059,1.557338723,1.224820375,1.241208176,12055825.02,1.389804331,1.262766393,0.960588137,0.925265058,8008565.6,4.731219937,4.274539713,3.297714297,3.178932425,31.65717811,3.653189396,3.223279578,2.73008371,2.980316856,27.65237313
301,SLV,ANN,2023-05-01,2025-05-01,2,1.496162491,1.414529061,1.623386509,1.444405798,12508919.22,1.260992559,1.145352173,1.398422178,1.188027763,8671334.867,4.219152046,3.796241264,4.758518177,4.025127596,36.14318803,2.638875871,2.687242479,2.825470205,2.812591856,29.84778335
302,SLV,ANN,2023-05-01,2025-05-01,3,0.913232755,1.003958926,1.118346401,1.305231537,12313951.75,0.674022675,0.758360163,0.774087079,0.946214422,7752302.467,2.28404823,2.568793154,2.701966197,3.263336977,28.60717283,2.148665501,2.319486614,3.000874124,3.28851934,23.38612486
303,SLV,ANN,2023-05-01,2025-05-01,4,1.202567365,0.918514976,1.0722833,1.270245726,12207266.44,0.907041677,0.744772021,0.76841952,0.854336993,7311525.533,3.119113539,2.483757901,2.682984231,2.973465401,24.98704965,2.813654851,1.809769044,2.784993835,3.462694929,20.19180221
304,SLV,ANN,2023-05-01,2025-05-01,5,1.950322871,2.53526646,2.329298472,2.931703198,12218918.04,1.553460058,2.244675891,1.933761279,2.59968516,8133038.867,5.331117413,7.581045369,6.71917422,8.886525209,31.83951386,4.247449087,4.224084676,4.884515312,5.037918201,26.42753671
305,SLV,ANN,2023-05-01,2025-05-01,6,1.098634639,1.16211921,1.403732066,1.545331425,12282549.6,0.80670948,0.902576319,1.054304886,1.130016454,8091436.2,2.765837831,3.054100772,3.673124509,3.909624411,30.60598975,2.65674521,2.565555186,3.44336945,3.868230818,23.16361183
306,SLV,ANN,2023-05-01,2025-05-01,7,0.924096619,0.936364176,0.975577096,1.085930962,11918965.26,0.717629051,0.673728879,0.628779221,0.780834389,7969904.2,2.422869122,2.275385234,2.187003613,2.677322803,31.46097483,2.003775008,2.267217745,2.722778211,2.717517988,24.68081488
307,SLV,ANN,2023-05-01,2025-05-01,8,1.110663877,1.300729826,1.310047692,1.076752165,13676009.41,0.826917267,0.985739136,0.958653831,0.765984599,8688761.733,2.836476483,3.351834788,3.36205505,2.635864409,28.56782771,2.66182231,2.987718704,3.350308742,2.737786564,19.13029283
308,SLV,ANN,2023-05-01,2025-05-01,9,1.162120834,1.103157554,1.314214942,1.433956257,12359356.6,0.999433263,0.918260193,1.069724337,1.156034597,8799434.867,3.377096386,3.086886635,3.676523811,3.932152323,36.48246859,2.083452948,2.126048002,2.740297205,2.960603491,28.40375651
309,SLV,ANN,2023-05-01,2025-05-01,10,0.910973288,1.243577632,1.263487019,1.436493362,13354711.14,0.743078359,1.032195791,1.013041496,1.127973811,8791163.467,2.488411115,3.476878682,3.510792489,3.870771994,34.05340565,1.755398971,2.368714628,2.71684922,3.139622485,30.5733712
310,SLV,ANN,2023-05-01,2025-05-01,11,1.207909521,1.100190917,1.452956743,1.405312969,12284179.96,1.021614393,0.912866974,1.174585152,1.115493266,8247974.533,3.473221187,3.076724473,4.014878854,3.788667332,32.50613636,2.259726712,2.137286656,2.985785821,2.945342805,26.58192543
311,SLV,ANN,2023-05-01,2025-05-01,12,1.04737638,1.148914783,1.185046615,1.640689656,12828182.73,0.864848073,0.914178276,0.877369054,1.442798487,7903608.6,2.912170498,3.042693067,3.046885117,4.854293871,28.18011317,1.99264627,2.29785331,2.908250558,2.590469381,23.31306372
312,SLV,ANN,2023-05-01,2025-05-01,13,1.144313255,0.973617717,1.222792046,1.245886248,12859089.11,0.921279081,0.772602208,0.919850159,0.951044083,7951325.6,3.097668843,2.604776371,3.204326403,3.270740575,28.16019007,2.277330343,2.054507724,3.005591829,2.92960661,22.88153193
313,SLV,ANN,2023-05-01,2025-05-01,14,1.110206599,1.046656299,1.120792556,1.619705156,12640030.21,0.891518148,0.871916072,0.84902064,1.287159538,8809306.133,3.033176753,2.923180694,2.933345275,4.400583754,36.52512166,2.319649147,1.997459037,2.694647867,3.511687003,29.73742717
314,SLV,ANN,2023-05-01,2025-05-01,15,1.04345069,1.160202615,1.145330839,1.334777908,12299607.91,0.791010475,0.864695867,0.801339595,0.930567741,8745025.867,2.693447487,2.924767314,2.802630359,3.218879319,35.73338827,2.402968221,2.715379409,3.035163509,3.46824498,27.42701779
315,SLV,ANN,2023-05-01,2025-05-01,16,1.162033617,1.28128029,1.262601308,1.622604983,12819320.04,1.011763128,1.023438454,0.94815286,1.224490992,8160026.267,3.415880759,3.439708839,3.290180905,4.226316315,31.55812247,1.989127301,2.6623796,3.095303656,3.924946053,29.48059818
316,SLV,ANN,2023-05-01,2025-05-01,17,1.142956915,1.173012253,1.343452712,1.450725754,12858919.29,0.825390816,0.86459446,0.972565651,1.055531693,9372009.867,2.842801142,2.941144646,3.396326627,3.650473065,40.79764147,2.835119252,2.80671042,3.455975105,3.650907442,34.66619278
317,SLV,ANN,2023-05-01,2025-05-01,18,1.255961591,1.260638222,1.334036006,1.516733849,13089306.82,0.957458878,0.989295006,0.970592753,1.155138206,8960569.8,3.281247337,3.351414357,3.382627989,3.970195801,35.46618497,2.888138191,2.747918848,3.408034065,3.591000858,26.89130537
318,SLV,ANN,2023-05-01,2025-05-01,19,1.542034896,1.349895954,1.116507372,1.352124083,12708981.41,1.199228795,1.106168811,0.770949491,1.071178182,8157279.133,4.064785796,3.722950953,2.690458437,3.675077223,30.72226082,3.351156643,2.667426587,2.98637753,2.984562332,25.31441988
319,SLV,ANN,2023-05-01,2025-05-01,20,1.061726888,0.983839145,1.212648064,1.222837822,12667486.86,0.87844677,0.726066335,0.848193041,0.858734512,8398739.067,2.969219215,2.455048233,2.962440585,2.962913745,31.37232946,2.066509911,2.339811501,3.218925659,3.162129574,23.64051287
320,SLV,ANN,2023-05-01,2025-05-01,21,1.578831976,1.482256007,1.298942769,1.247893954,13122094.9,1.246389325,1.158756129,0.931070137,0.92332077,9521934.6,4.270063656,3.93637599,3.267389856,3.185837897,40.95116304,3.456266851,3.28538827,3.362247823,3.028405055,33.51442834
321,SLV,ANN,2023-05-01,2025-05-01,22,1.53293422,1.13215214,1.577919755,1.308860709,12341560.21,1.194261869,0.840364202,1.150763766,0.84427077,8172773.2,4.067026537,2.844281932,4.014076394,2.931840468,31.96210558,3.364587881,2.671527032,3.993521846,3.653223131,25.14540772
322,SLV,ANN,2023-05-01,2025-05-01,23,0.944607735,0.911378309,1.025003602,1.073893276,13161231.48,0.770221901,0.728033829,0.777299436,0.857361984,8491297,2.60096826,2.44830661,2.687161959,2.927771945,31.74204311,1.857696231,1.885814003,2.428935757,2.300040675,26.38511589
323,SLV,ANN,2023-05-01,2025-05-01,24,0.882964776,0.990381299,1.298992778,1.160898563,11700963.48,0.743419139,0.739769109,0.860340691,0.746453921,8252523.333,2.517778885,2.510070847,3.007054208,2.575508846,34.32690594,1.686842283,2.330282166,3.60484575,3.182401593,25.82090929
324,SLV,ANN,2023-05-01,2025-05-01,25,1.752857249,1.253753665,1.114795106,1.943199598,12654339.43,1.463520304,0.948715528,0.848969014,1.551059914,9140364,5.007132128,3.233922236,2.94723442,5.352192145,40.31553144,3.471369566,2.927434814,2.666981743,4.294957629,33.31060041
325,SLV,ANN,2023-05-01,2025-05-01,26,1.067398079,1.17343509,1.403329088,1.291367544,12756855.84,0.801457596,0.912839826,1.005467097,0.989567757,9065468,2.731082089,3.096162292,3.517526264,3.412452582,37.93519752,2.499320026,2.616276546,3.6355798,3.059554169,30.96488517
326,SLV,ANN,2023-05-01,2025-05-01,27,1.437375531,1.61092746,1.584577182,1.792017658,12250527.91,1.19279995,1.419524066,1.30657107,1.507971764,7750557.667,4.070382814,4.782254014,4.518578617,5.165713945,29.14738301,2.830494451,2.655105931,3.28999666,3.530195726,24.45989972
327,SLV,ANN,2023-05-01,2025-05-01,28,1.497452296,1.423539119,1.534313248,1.91773775,12350110.03,1.256496239,1.167693202,1.199409103,1.542645899,7914265.267,4.275035528,3.932440849,4.174326288,5.294597234,30.73650763,2.83094637,2.818299142,3.588268389,4.180731851,26.5819418
328,SLV,ANN,2023-05-01,2025-05-01,29,1.100354355,0.850369351,1.219074951,1.524733571,12544145.7,0.860658709,0.705483373,1.064026642,1.188084094,8238340.6,2.922738264,2.368652593,3.625478857,4.070948026,32.09295228,2.35825595,1.635413039,2.078552616,3.419016466,28.09001418
329,SLV,ANN,2023-05-01,2025-05-01,30,1.65670959,1.490765395,1.603397571,1.93499859,11913175.18,1.315411695,1.222443326,1.161893336,1.500060972,8002599.6,4.490018853,4.134698776,4.061101392,5.150467187,31.70536396,3.551368245,2.994426098,4.08840513,4.409132945,24.75879101
330,SLV,ANN,2023-05-01,2025-05-01,31,1.051480312,0.925770725,0.956082808,1.269172487,11788750.85,0.893389066,0.760560671,0.701115545,1.036354828,7449738.067,2.995050276,2.537162313,2.430562333,3.503985919,29.04660624,1.82236793,1.753292518,2.388271082,2.530238156,27.8888529
331,SLV,ANN,2023-05-01,2025-05-01,32,1.552572007,1.725756833,1.769625327,1.487118195,12178502.17,1.214767329,1.426581446,1.366679255,1.110151354,8800824.4,4.169683956,4.833651498,4.773695311,3.833831069,37.57161657,3.457831837,3.426832538,4.202498769,3.620202187,30.04752794
332,SLV,ANN,2023-05-01,2025-05-01,33,0.838050771,0.882997245,0.993249647,1.074016321,14046934.67,0.634565036,0.73373731,0.707233747,0.863643328,11007907.13,2.157803618,2.46436679,2.461265284,2.941063856,50.70979573,1.916016579,1.67254531,2.562152954,2.224336056,39.92087172
333,SLV,ANN,2023-05-01,2025-05-01,34,0.897004799,0.705741172,0.95255736,1.026239358,12366780.45,0.761852519,0.579183133,0.672299576,0.851708412,8557010.067,2.583331247,1.941049282,2.361848197,2.910573573,35.73939055,1.649789868,1.375757515,2.542057462,2.075761315,30.8336537
334,SLV,ANN,2023-05-01,2025-05-01,35,1.151535232,1.160878976,1.104326106,1.103121315,12364237.89,0.992356873,0.878973707,0.800588099,0.893745677,8292851.333,3.355590318,2.969965044,2.780861689,3.04283284,32.03389623,1.989353288,2.634329483,2.822620199,2.332665669,25.77880272
335,SLV,ANN,2023-05-01,2025-05-01,36,0.964318592,1.102628706,1.092083748,1.180877066,12590768,0.776978811,0.858482679,0.760899862,0.843535678,8157497,2.642386928,2.917003554,2.651319808,2.916801172,31.27282473,2.026430083,2.479245141,2.892977938,3.034463151,23.41728633
336,SLV,ANN,2023-05-01,2025-05-01,37,1.059804568,1.045013803,1.10120784,1.457397228,14221675.4,0.791457621,0.780710665,0.787183698,1.098491542,9293352.433,2.718594228,2.64871346,2.755007681,3.801624758,30.7817982,2.496073294,2.471501489,2.877413415,3.542298065,19.71658704
337,SLV,ANN,2023-05-01,2025-05-01,38,1.53250498,1.143462205,1.058712483,1.434248129,12618683,1.328636614,0.985724894,0.828530757,1.175336965,8559765.133,4.47593731,3.312418454,2.872244662,4.000536755,34.51130762,2.557754482,1.968999969,2.423414853,2.860231924,28.46801248
338,SLV,ANN,2023-05-01,2025-05-01,39,1.377136535,1.274767324,1.453113817,1.514296136,11974070.88,1.175691732,1.032235845,1.163253848,1.191807175,7573288,3.965020838,3.456255205,3.981693041,4.058306381,28.75393665,2.433312116,2.515050166,3.029614138,3.243752301,24.22117429
339,SLV,ANN,2023-05-01,2025-05-01,40,1.374107508,0.988734441,1.101818589,1.308707579,12402169.5,1.066008949,0.762472979,0.790773265,0.975837262,8015268.033,3.628450729,2.568817118,2.740716958,3.34966347,31.40491529,3.053505148,2.190603142,2.789167495,3.141691775,30.6156426
340,SLV,ANN,2023-05-01,2025-05-01,41,2.53004823,2.77775474,2.409662269,2.982367276,12589301.2,2.313957024,2.635331472,2.228516515,2.740442721,8712822.667,7.778874879,8.772145323,7.54274688,9.202216545,34.74645254,3.443314228,2.893637164,3.092649405,3.977591564,26.32530137
341,SLV,ANN,2023-05-01,2025-05-01,42,1.363745518,1.243236876,1.352657553,1.398197215,12519748.2,1.081067912,0.973264249,0.99538002,1.040395037,7595677.2,3.713874639,3.31034223,3.479330718,3.593593046,26.10371375,3.001724564,2.762562476,3.415072725,3.414754778,21.0948513
342,SLV,ANN,2023-05-01,2025-05-01,43,0.761977463,0.789979222,0.841534056,0.815866727,12566520.69,0.642702421,0.628831673,0.597543017,0.588079071,9036558.733,2.165752021,2.102136488,2.066804051,2.014769755,38.98241795,1.378682455,1.620894228,2.146090447,2.007683652,33.73564044
343,SLV,ANN,2023-05-01,2025-05-01,44,1.220110745,1.205772634,2.020958831,1.631058733,14040021.34,0.992481359,0.988444265,1.850443776,1.474464353,9247745.533,3.298642409,3.272636726,6.234242957,4.922294947,31.33652919,2.298888337,2.246166697,2.671298033,2.2613329,23.81966174
344,SLV,ANN,2023-05-01,2025-05-01,45,1.275262861,1.312110487,1.533994098,1.389253985,12394334.01,1.027721278,1.094972229,1.206639163,1.089116669,8211786.867,3.494040219,3.684032476,4.187147867,3.726616232,32.39633439,2.636850978,2.529878021,3.530967864,3.124372691,27.94145166
345,SLV,ANN,2023-05-01,2025-05-01,46,1.166341191,1.028833848,1.211020208,1.983424132,12634525.6,1.02120177,0.764864286,0.860368538,1.582603582,8358355.067,3.452176384,2.594777135,3.004119009,5.423659557,33.78325061,1.924639251,2.435543529,3.165383199,4.3273257,29.668548
346,SLV,ANN,2023-05-01,2025-05-01,47,0.938245238,0.97165634,0.967446498,1.025632675,12530183.1,0.806982994,0.824966939,0.783807882,0.810547511,8346621.067,2.709085819,2.751589239,2.694827024,2.77032412,34.06875246,1.588674799,1.712475322,2.052546491,2.255382922,31.77601662
347,SLV,ANN,2023-05-01,2025-05-01,48,2.278074411,1.221693663,0.995232807,1.232773722,12748821.21,2.132490031,1.022291501,0.689441999,0.96619428,7980397.2,7.141388193,3.400985578,2.404498817,3.29917895,28.07668115,2.601233048,2.200163973,2.655187914,2.702363483,24.71815134
348,SLV,ANN,2023-05-01,2025-05-01,49,1.331200983,1.060560708,1.165418047,1.273050322,12247873.12,1.011624209,0.779847844,0.882986641,0.991767883,8184073.733,3.47756281,2.655854001,3.075774197,3.38751168,31.47873765,3.133759889,2.568063433,2.846285861,2.847001964,23.16700564
349,SLV,ANN,2023-05-01,2025-05-01,50,1.121568452,1.026096209,1.719965743,1.842811381,12506131.54,0.94765288,0.754111036,1.318262927,1.406222089,9615294.067,3.161142544,2.548614171,4.610440254,4.8669562,43.9195018,1.94217063,2.432151517,4.138334913,4.397931951,37.192952
350,SLV,ANN,2024-01-01,2026-01-01,1,2.811826486,2.532156401,3.767530868,3.034178574,31795889.1,2.164689,2.003702291,3.247800954,2.35907402,20308594,3.896562182,3.510938643,5.778161979,4.085827078,29.73345247,2.901765062,2.435711991,3.157070564,3.059791786,22.13477985
351,SLV,ANN,2024-01-01,2026-01-01,2,2.652452953,2.923148268,1.979571122,3.379893199,30898446.31,2.205082321,2.333234151,1.450196711,2.791904958,20340412.67,3.88544251,4.048782124,2.59909253,4.862467937,31.20566255,2.537835624,2.968733643,2.308266904,3.084982604,20.36976912
352,SLV,ANN,2024-01-01,2026-01-01,3,2.025842899,2.078543685,1.794441115,2.577537798,28055084.73,1.559869385,1.559521103,1.376647313,1.86698939,18466530.13,2.749144659,2.716519442,2.467706186,3.247218677,29.16707534,2.179721287,2.252422211,1.941285087,2.880406559,21.27058515
353,SLV,ANN,2024-01-01,2026-01-01,4,2.068395623,2.4760343,2.526915691,2.564221105,28719245.58,1.737707901,1.892306773,1.906924566,1.980184428,19149205.27,3.187230213,3.251922618,3.382862029,3.469185086,30.96979343,2.013880024,2.652416258,2.927862052,2.658363734,22.04995922
354,SLV,ANN,2024-01-01,2026-01-01,5,2.158899182,2.471795605,2.020369356,2.55720843,26130227.97,1.636581421,1.900864029,1.554428609,1.923794937,18900315.87,2.907870374,3.298962866,2.817303639,3.375476161,37.48244576,2.435595032,2.67078631,2.225647408,2.735728935,29.83379572
355,SLV,ANN,2024-01-01,2026-01-01,6,2.198216242,2.638021473,1.824618502,2.77133931,27692511,1.794601059,2.089566803,1.376913071,2.236258316,18638588.2,3.132120912,3.569262205,2.585217499,4.120848622,32.29257403,2.122784942,2.591458541,2.109652922,2.948773029,24.32045807
356,SLV,ANN,2024-01-01,2026-01-01,7,1.997342094,2.397486913,1.977465231,2.231205888,28831140.15,1.515187963,1.812096532,1.528230031,1.752077484,18994533,2.690730714,3.12325003,2.816622934,3.123101389,30.35099129,2.224599569,2.58278231,2.140775127,2.258839843,21.33102925
357,SLV,ANN,2024-01-01,2026-01-01,8,5.578168505,4.941344324,5.661588772,4.876935644,36805041.74,5.036568069,4.252318954,5.142622884,4.206718826,24739940.6,8.885236457,7.368654196,9.202362201,7.313889501,34.95211513,3.714057126,3.90123166,3.621198772,3.844877488,20.62069305
358,SLV,ANN,2024-01-01,2026-01-01,9,2.750770554,2.777477375,2.356520056,3.032859475,28836019.74,2.097537867,2.098684947,1.746604411,2.222105916,19508009.13,3.754860914,3.615344002,3.099442504,3.853188784,32.871483,3.103869476,3.035430666,2.720136105,3.308169001,21.50984513
359,SLV,ANN,2024-01-01,2026-01-01,10,2.276492874,2.489039653,2.114663994,2.50183209,31153292.72,1.743293381,1.946710714,1.700861104,1.999772898,19622028,3.088758618,3.365487199,3.101703671,3.511779509,28.23945134,2.551368792,2.56106533,2.164778756,2.423007739,21.52207403
360,SLV,ANN,2024-01-01,2026-01-01,11,2.249736509,2.445640971,2.825606069,2.650198759,28483690.22,1.894666036,1.87248586,2.249982198,1.978436025,18874468.8,3.445860736,3.231052409,3.95153071,3.443511352,31.35667589,2.075930528,2.486918801,2.884578309,2.819740142,22.36031895
361,SLV,ANN,2024-01-01,2026-01-01,12,5.65089697,6.852201351,5.359654442,8.987163255,30794563.96,5.254947535,6.390314738,4.971202342,8.579695257,20389835.6,9.287311073,11.14236055,8.935993821,15.17371107,32.60394883,3.035123659,3.502035126,2.994156963,3.499944155,20.42739166
362,SLV,ANN,2024-01-01,2026-01-01,13,1.941769828,2.409064153,2.742581158,4.00492191,29924790.05,1.587339147,1.886390559,2.22057546,3.257740784,19984953.87,2.892667278,3.255658337,4.04251079,5.778759583,32.99806328,1.951151441,2.379168872,2.639049082,3.683258633,21.2189217
363,SLV,ANN,2024-01-01,2026-01-01,14,1.841279835,3.186751817,4.395115147,2.412581716,29292298.23,1.484016673,2.565486526,3.924901454,1.907843018,19986530.8,2.736222238,4.433286964,7.054977683,3.38168489,34.65032564,2.057727819,3.1166283,3.312435901,2.446520311,22.3535137
364,SLV,ANN,2024-01-01,2026-01-01,15,2.820525523,3.560707287,2.361577746,3.214687071,26994050.24,2.351047516,2.899728139,1.89406662,2.516783015,18624412,4.16267882,5.074822831,3.384957501,4.413745884,32.56601942,2.722940129,3.488264566,2.530895093,3.4415374,21.63714577
365,SLV,ANN,2024-01-01,2026-01-01,16,2.507119464,2.653670634,2.084156733,2.775327275,25947191.16,2.019843038,2.094501368,1.730946096,2.080196126,18303267.33,3.688429745,3.726260232,3.182631598,3.647375181,35.03945736,2.563452332,2.646504482,1.997711786,2.895343373,26.67478845
366,SLV,ANN,2024-01-01,2026-01-01,17,2.302141495,2.588907658,2.293094628,2.681860829,28260325.32,1.81385053,1.884492238,1.788313802,1.857147471,18872260.87,3.177453677,3.316767489,3.217661132,3.221190223,31.19152332,2.411712669,3.029622005,2.568749019,3.156478434,23.1182667
367,SLV,ANN,2024-01-01,2026-01-01,18,2.618680431,2.758739252,2.766088724,2.982270467,28446669.93,1.986847814,2.282337443,2.207700602,2.416397349,19288371.73,3.5522101,4.018237297,4.032330102,4.301585608,33.32917001,2.737044121,2.412818846,2.741501717,2.82151203,23.42215282
368,SLV,ANN,2024-01-01,2026-01-01,19,1.877037851,2.193765218,2.44524915,3.101491899,27869257.28,1.502543894,1.62115682,1.91264712,2.35099322,19093331.93,2.710670195,2.809347136,3.405863675,4.068676774,32.425109,1.962835382,2.303061982,2.628665797,3.164579826,19.91047313
369,SLV,ANN,2024-01-01,2026-01-01,20,2.453589125,3.000530935,2.18210913,3.462264985,30698228,1.900740051,2.227521261,1.565075811,2.628822962,20127868.73,3.394541173,3.894364119,2.803884962,4.583654433,32.13220432,2.756728562,3.37929401,2.702702564,3.70173604,23.96224755
370,SLV,ANN,2024-01-01,2026-01-01,21,4.088259089,4.74717932,5.136028933,6.143379634,28575344.37,3.692548243,4.176687113,4.67529246,5.557405599,19187459.07,6.573423512,7.232240978,8.381544907,9.745632552,33.15897388,2.955294475,3.397270197,3.306950292,3.823688283,22.72551806
371,SLV,ANN,2024-01-01,2026-01-01,22,2.099037443,2.55668616,2.768709383,3.003682235,28132375.48,1.609331258,1.947562917,2.328037135,2.266500473,19649380.73,2.879822165,3.422059617,4.322641396,4.052373121,34.59090908,2.421096977,2.896678604,2.643141065,3.187368455,24.00468363
372,SLV,ANN,2024-01-01,2026-01-01,23,1.787196771,2.092433722,1.870006315,2.122470506,27247493.39,1.337797165,1.54213206,1.375367737,1.615685527,18938028.93,2.373755807,2.721550406,2.54111086,2.917634238,34.53746749,2.053785049,2.312459771,2.158795913,2.303950842,24.97185761
373,SLV,ANN,2024-01-01,2026-01-01,24,3.186110123,2.674472472,2.143311794,3.597424442,24843243.37,2.686555099,1.946113332,1.58420461,2.853091049,18055978.8,4.715406077,3.333036383,2.856478706,4.933340862,37.42272417,2.7937711,2.917792507,2.34927493,3.504564727,32.80833321
374,SLV,ANN,2024-01-01,2026-01-01,25,2.095753259,4.378887797,4.508381691,3.515622073,32504293.78,1.740088781,3.761010361,4.027023824,2.819091034,21102193,3.046908684,6.446439514,7.141768424,4.821918966,30.91804001,1.912851277,3.420456958,3.165101668,3.336829582,21.04224857
375,SLV,ANN,2024-01-01,2026-01-01,26,4.32881309,2.920368842,3.303238961,3.831308973,29740496.21,3.942524592,2.295138804,2.906910578,3.305019379,19991723.6,6.976560262,4.026084611,5.216830623,5.816407319,32.31384412,2.868406108,3.20387476,2.642930242,3.219740345,19.9647232
376,SLV,ANN,2024-01-01,2026-01-01,27,2.561321214,2.896443511,2.207848499,2.674135656,27687364.65,2.01940155,2.227167638,1.739735921,2.114810562,18853129,3.517519653,3.804312457,3.101594475,3.657772562,32.07299254,2.589140789,2.965027329,2.208845817,2.554267501,23.28627601
377,SLV,ANN,2024-01-01,2026-01-01,28,2.201549017,2.409384632,3.104904,2.587086482,27232256.02,1.745571772,1.836142985,2.49520607,1.972636541,19264563.6,3.157399606,3.230003732,4.386744237,3.468596756,37.55113416,2.320543639,2.563616763,3.096078271,2.635723461,29.10960697
378,SLV,ANN,2024-01-01,2026-01-01,29,2.116843642,2.44870549,2.885616767,3.517568047,27660850.22,1.714156342,1.843390274,2.382826106,2.932809067,18799395.67,3.108438453,3.150796951,4.209201989,5.233087624,32.12364801,2.084370435,2.501684544,2.675478521,3.202158845,21.25756289
379,SLV,ANN,2024-01-01,2026-01-01,30,1.939797915,2.533347832,1.807885245,2.363647712,30959909.92,1.556060664,1.929522959,1.50983607,1.865923564,20214659.67,2.775702328,3.32163953,2.760626748,3.253336371,30.69420416,2.030772453,2.672292533,1.709797511,2.339825583,20.65362667
380,SLV,ANN,2024-01-01,2026-01-01,31,6.81195638,6.903302749,5.544085879,5.253567883,29108498.45,6.444834646,6.426651764,5.113705826,4.660986582,19472617.47,11.41685451,11.1754448,9.150337432,8.183047837,32.37354773,3.082306973,3.489198978,3.163050651,3.705083129,21.40158287
381,SLV,ANN,2024-01-01,2026-01-01,32,3.42594346,2.483063802,3.000772113,2.911096013,30103061.39,2.960493088,1.881549199,2.480867132,2.213420359,19695145.73,5.175225101,3.231253375,4.364227714,3.839432161,29.58696909,2.790505789,2.678668401,2.789228757,2.940329084,20.32701328
382,SLV,ANN,2024-01-01,2026-01-01,33,1.899631027,2.599117775,2.048072356,3.156701744,27802741.26,1.591616694,1.927620061,1.560528183,2.468901825,19029237.87,2.885222672,3.265299644,2.783200564,4.22223084,34.33948471,1.824458915,2.689877453,2.125844953,3.011632833,25.7180212
383,SLV,ANN,2024-01-01,2026-01-01,34,2.196926554,2.475272539,2.172989588,2.92702552,28521154.1,1.883183034,1.99787852,1.830173492,2.275857925,18939646.47,3.400109848,3.449934149,3.32038959,3.888781313,31.09103136,1.952897259,2.255407717,1.912620263,2.909349696,21.4600677
384,SLV,ANN,2024-01-01,2026-01-01,35,1.980042381,2.569806939,2.294375035,2.592013211,28194218.62,1.524463272,1.931357193,1.67270902,1.993639755,19196625.13,2.729662348,3.337311538,2.917949318,3.487359451,33.58843106,2.179253005,2.701876659,2.548682377,2.605983517,22.69280963
385,SLV,ANN,2024-01-01,2026-01-01,36,2.478802418,2.286775567,2.271589217,2.335296376,28208090.71,2.001153437,1.619383621,1.57271347,1.672424062,18821103.4,3.500803145,2.776583822,2.773535841,2.889019024,31.33504342,2.359055463,2.58525788,2.584538785,2.535258132,20.44129392
386,SLV,ANN,2024-01-01,2026-01-01,37,3.721224791,4.98077132,4.864953372,5.351672471,27921577.85,3.333777746,4.546489461,4.495225906,4.660216904,18837927.27,5.93055739,8.018872409,8.150796322,8.184092626,32.09940613,2.864571198,3.241570774,3.038760793,4.199998257,22.16569247
387,SLV,ANN,2024-01-01,2026-01-01,38,1.848295864,2.801447247,2.08819896,3.588810822,31644063.64,1.530473455,2.051352183,1.757441584,2.884129588,20232909.93,2.793295525,3.514570005,3.146120625,4.962409978,30.25248024,1.92806033,3.100813733,1.864835419,3.480316052,21.6381476
388,SLV,ANN,2024-01-01,2026-01-01,39,2.875939148,2.847035395,2.978791643,2.93778486,29265155.52,2.088377889,2.088178635,2.10168101,2.124502182,19305899.67,3.712751867,3.640979287,3.784969755,3.75679694,31.11877872,3.094707641,2.970661411,3.355419301,3.231378367,21.85491644
389,SLV,ANN,2024-01-01,2026-01-01,40,2.796506382,2.175445679,1.97236495,2.470915774,25177430.95,2.496431732,1.866161346,1.742893346,2.017451986,18025507.87,4.549052664,3.344559586,3.186325659,3.631307028,34.87870457,2.226490964,1.923528054,1.57232218,2.411768463,25.3861549
390,SLV,ANN,2024-01-01,2026-01-01,41,2.133849565,2.706657908,3.601481863,2.567351391,30238927.16,1.670026906,2.136818949,3.164496994,2.018413035,19731873.4,3.033462253,3.656275938,5.671924373,3.514059018,29.93968632,2.234194101,2.699140797,2.810823354,2.475305345,19.01523598
391,SLV,ANN,2024-01-01,2026-01-01,42,1.926570741,2.351051955,2.107813087,2.441735025,26724993.02,1.547642644,1.780318324,1.504080327,1.92414182,18709146.2,2.79757569,3.092637382,2.769121752,3.360664684,35.07388989,1.898251504,2.494346238,2.457742188,2.430617965,27.68546379
392,SLV,ANN,2024-01-01,2026-01-01,43,2.304359684,3.068506174,2.287866747,2.765553802,33923042.84,1.845169067,2.407129796,1.816061783,2.024242528,22537659.87,3.220561136,4.069919105,3.192517835,3.487793733,31.94084193,2.230572442,2.916816386,2.233296044,2.903222555,19.6119586
393,SLV,ANN,2024-01-01,2026-01-01,44,2.78390372,3.028262075,4.043506333,3.086618437,31049651.54,2.162939835,2.389916865,3.603902054,2.404154714,19996325,3.768222717,4.142762326,6.503418168,4.17455534,30.75491668,2.960467515,3.114328175,2.989300381,3.140732256,21.40568836
394,SLV,ANN,2024-01-01,2026-01-01,45,1.866242101,2.105361363,1.973428614,2.297044277,26749563.65,1.534596888,1.597814306,1.612299856,1.825780869,18746405.2,2.777259074,2.783481487,2.919264377,3.266491931,34.49728695,1.94766651,2.31178546,2.00860217,2.304774239,24.08657031
395,SLV,ANN,2024-01-01,2026-01-01,46,6.939842962,9.39384513,7.673447122,7.652452545,30145703.89,6.605917358,9.021548843,7.324597677,7.169586054,19868168.93,11.7431608,15.7854942,13.22066816,12.6680792,30.79351743,2.925716549,3.175289756,3.102119037,3.742221614,19.66217263
396,SLV,ANN,2024-01-01,2026-01-01,47,2.703795242,3.240412847,2.818933919,3.633343013,29968915.26,2.314852269,2.57449735,2.426247279,2.944403712,19783741.73,4.072698471,4.425343866,4.320960315,5.110575459,30.95546512,2.353876835,3.172523916,2.43490444,3.360648949,20.468445
397,SLV,ANN,2024-01-01,2026-01-01,48,5.060948204,5.373676545,3.518890229,4.125945799,25575180.74,4.803065745,4.917922974,3.046091334,3.618982061,19206897.6,8.578757028,8.472788053,5.337275659,6.327908442,41.57068589,2.410095547,3.060226516,2.68601375,3.0573905,34.20846355
398,SLV,ANN,2024-01-01,2026-01-01,49,3.549277801,3.715150605,3.540292997,4.171378901,26317648.09,2.930810801,3.219989777,2.956409963,3.619585546,19412812.27,5.306154154,5.741446389,5.451457573,6.561440295,39.81107725,3.300127076,3.084033152,3.330695971,3.661980719,31.55607304
399,SLV,ANN,2024-01-01,2026-01-01,50,2.178150708,2.326877349,2.204941098,2.502553359,31184139.82,1.615324148,1.706198629,1.825376511,2.009182994,20381397.53,2.84768625,2.937021232,3.394275083,3.636655841,30.84647934,2.465932619,2.609141249,2.186128475,2.501213338,20.57915044
400,MSFT,ANN,2022-01-01,2024-01-01,1,6.703315842,6.599225325,7.445076705,10.24593512,13504231.9,5.693456956,5.21015185,6.207640737,8.587349447,9753815.467,1.546610687,1.408875069,1.699928074,2.329361041,40.76337481,0.959661594,1.097870425,1.12501174,1.514384715,36.61543224
401,MSFT,ANN,2022-01-01,2024-01-01,2,16.65862815,4.372310571,11.66409184,5.577441541,13768584.22,15.92322825,3.494282324,10.77838063,4.421203613,8484582.933,4.344883561,0.944169219,2.947629842,1.20285283,29.62077836,1.364732192,0.710377793,1.202243215,0.92517017,26.71213919
402,MSFT,ANN,2022-01-01,2024-01-01,3,7.433842111,12.62458876,40.84706663,25.9010038,13724630.76,6.305295726,11.98789351,40.70014921,25.64963684,10442747.4,1.716851965,3.2427518,11.16364367,6.973075914,48.82533383,1.068271404,1.068985065,0.906469556,0.965354124,49.4712974
403,MSFT,ANN,2022-01-01,2024-01-01,4,9.778569835,11.80520421,10.62704097,9.6720157,13420477.75,8.839670101,10.91519589,8.489942726,8.245874023,9223493.4,2.411096735,2.957290553,2.33382231,2.247543931,36.54845328,1.147908428,1.229648593,1.767375269,1.386990688,31.66578868
404,MSFT,ANN,2022-01-01,2024-01-01,5,6.656512093,3.684709655,5.294514885,4.465016892,13561032.87,5.932834395,3.018639067,4.142921261,3.763882446,9047817.933,1.611178422,0.816846552,1.142086786,1.023921575,35.47084802,0.811000535,0.577036739,0.917645344,0.652963344,32.5022871
405,MSFT,ANN,2022-01-01,2024-01-01,6,9.255173649,5.424015229,10.08013664,6.868677884,13988916.83,7.776572323,4.371653286,9.259680476,5.839628092,9175779.133,2.125817052,1.1803012,2.537112822,1.58737792,34.01746463,1.38455455,0.863623332,1.082888725,0.980947572,28.42009442
406,MSFT,ANN,2022-01-01,2024-01-01,7,26.04296583,10.58273516,4.900398037,12.6330601,13615465.53,25.64595469,9.680082363,4.039659475,11.84500631,10027829.47,6.991878898,2.624683553,1.107521509,3.225059056,45.89900984,1.276508523,1.17229376,0.762038144,1.207908443,44.96650519
407,MSFT,ANN,2022-01-01,2024-01-01,8,4.719727039,4.249273509,5.810916608,3.822830582,14297461.71,3.474990419,3.424500201,4.725003095,3.198041789,9393893.067,0.948325644,0.924835267,1.289903084,0.869742072,35.61642728,0.874397355,0.677322653,0.916410222,0.568021176,33.45844294
408,MSFT,ANN,2022-01-01,2024-01-01,9,11.06098038,12.02192937,11.15346665,12.02015149,13682219.51,9.870682064,10.85909644,9.940590133,10.93837179,9073774.4,2.698528378,2.945521041,2.736180476,2.98145614,34.65387601,1.381689402,1.413106439,1.413515502,1.368786197,29.38951793
409,MSFT,ANN,2022-01-01,2024-01-01,10,8.288216407,11.57577451,19.42940198,12.88910766,14721359.38,6.651412344,10.29646662,18.52619088,11.57475281,9310414.067,1.806692536,2.780519257,5.073272317,3.140347254,34.64591134,1.33301002,1.41390043,1.576626603,1.522508131,32.2024806
410,MSFT,ANN,2022-01-01,2024-01-01,11,6.915312788,6.87219833,7.613341251,10.03022798,13486249.09,5.678832098,5.805783171,6.383545645,8.557672119,9553797.867,1.550897067,1.574835431,1.75856478,2.334824529,40.6146295,1.085986199,1.005405485,1.153813928,1.43840851,37.29600201
411,MSFT,ANN,2022-01-01,2024-01-01,12,6.081342132,4.806564669,4.807503857,6.321332884,13518281.04,4.611174121,3.691817074,3.681606922,4.850351969,9403638.933,1.258410349,1.000209271,1.012813669,1.323276344,37.77073651,1.088777272,0.840244161,0.86263781,1.112451807,33.9839012
412,MSFT,ANN,2022-01-01,2024-01-01,13,9.763292689,5.761271281,5.618937876,6.404581516,13464189.48,8.057998747,4.498116203,4.45460017,5.385853068,8705140.2,2.201510331,1.220415775,1.221885451,1.464943341,36.62701284,1.522118576,0.984676045,0.942495783,0.946560451,39.9537495
413,MSFT,ANN,2022-01-01,2024-01-01,14,22.59167221,8.239565633,4.36776675,7.856448881,13951114.97,22.11409434,7.247621248,3.505783243,6.829308065,9821410.133,6.032298791,1.967202172,0.963225748,1.863614134,44.05376441,1.301841107,1.071683763,0.719038802,1.069191937,46.50774658
414,MSFT,ANN,2022-01-01,2024-01-01,15,6.257225669,12.48832978,9.49722861,12.04176482,13408637.03,4.885014773,11.38949704,7.818063379,10.57859395,9185629,1.337387928,3.083745293,2.152606936,2.883085261,35.99749298,1.08183827,1.389011545,1.497771877,1.576985806,32.30535739
415,MSFT,ANN,2022-01-01,2024-01-01,16,28.86850195,26.60824558,29.51453361,29.14124816,14723812.67,28.34086986,25.96703576,28.77920296,28.49168193,8974936.733,7.708561984,7.01599521,7.884507839,7.739177057,29.69609206,1.447470698,1.528878623,1.751321262,1.627350308,25.59355418
416,MSFT,ANN,2022-01-01,2024-01-01,17,6.235119475,6.52821256,9.923059757,4.673867658,13495183.95,4.718880256,5.716846519,8.975559969,3.60663859,8656884.6,1.288709461,1.546907034,2.458726433,0.980476503,32.32178053,1.119763961,0.853699544,1.152804969,0.809949424,30.87157491
417,MSFT,ANN,2022-01-01,2024-01-01,18,6.287572129,4.524315757,6.257940144,7.243789138,14044944.83,5.390923216,3.652521477,5.477186256,5.419800822,10813430,1.471412682,0.987861653,1.501430222,1.472294521,48.66484255,0.888432589,0.723460647,0.826997983,1.304508972,44.48645437
418,MSFT,ANN,2022-01-01,2024-01-01,19,25.16000581,22.47779336,19.51513175,23.96661629,14252130.46,24.6038439,22.02292057,18.82642586,23.20694377,8698533.133,6.701155553,5.958460932,5.16530248,6.31255397,29.43846625,1.4366172,1.222055942,1.4133652,1.639199883,27.22400352
419,MSFT,ANN,2022-01-01,2024-01-01,20,5.206349741,4.954336662,4.519381497,4.513523416,14379454.6,4.181786334,4.225296074,3.321343453,3.547094727,9125883.633,1.143013002,1.145330619,0.914484109,0.964098458,35.29408998,0.854305662,0.706219239,0.853456139,0.759623549,34.44934181
420,MSFT,ANN,2022-01-01,2024-01-01,21,4.894866003,5.135573847,6.736856653,6.697491963,13380230.18,3.690989874,4.011775443,5.48714839,5.092937215,9001453.067,1.007026083,1.087201529,1.503396463,1.382777886,36.96998298,0.879613896,0.876895677,1.071959097,1.180593375,35.46905919
421,MSFT,ANN,2022-01-01,2024-01-01,22,48.75734172,7.684107667,13.57211654,28.02719587,15233141.24,48.36924876,6.110792704,12.54783293,27.03449605,9746754.633,13.18798084,1.659325684,3.431830995,7.361912623,31.36893247,1.774659498,1.272360306,1.390026427,2.04291676,19.24258078
422,MSFT,ANN,2022-01-01,2024-01-01,23,8.560319862,17.4572607,16.35587822,13.32866941,13883149.27,7.78462758,17.09018572,15.89435559,12.62874654,10252845.93,2.126518678,4.628697303,4.366361222,3.439644503,46.84205341,0.980874366,0.983714602,1.080700154,1.171992398,46.7928571
423,MSFT,ANN,2022-01-01,2024-01-01,24,13.14299394,10.12504988,5.026331425,5.600610812,13397794.57,12.52326732,9.301609845,3.911097939,4.590662638,9843869.2,3.408524939,2.516138489,1.076505453,1.249465654,43.1228592,1.079507415,1.084813265,0.878707796,0.874252217,41.0212366
424,MSFT,ANN,2022-01-01,2024-01-01,25,7.420608244,5.772663564,12.18424908,8.894055171,13766716.36,6.532011826,4.149406102,11.53531868,7.511269124,9098920.067,1.782728789,1.12634168,3.160467408,2.040091617,34.91088159,0.966395102,1.092132363,1.07039058,1.295184366,31.02227235
425,MSFT,ANN,2022-01-01,2024-01-01,26,4.545590596,3.958138664,5.210912076,4.614368789,13628833.13,3.996892777,2.923425665,4.29137333,3.841573079,9060172.267,1.088620796,0.789885266,1.175005595,1.043040376,37.3616747,0.58913936,0.722592855,0.807309701,0.692108006,37.65921618
426,MSFT,ANN,2022-01-01,2024-01-01,27,14.81966101,5.427291338,18.22581586,19.41180235,13965719.46,14.25749338,4.485406105,17.66738314,18.89842936,10549853.6,3.891447692,1.217003445,4.855729684,5.14626404,47.83959111,1.130524618,0.835727719,1.270010352,1.239953141,44.78176139
427,MSFT,ANN,2022-01-01,2024-01-01,28,4.71162044,5.674750716,6.289770366,8.867343829,13046215.6,3.667117394,4.692395689,5.040683436,7.376620483,8791073.533,1.000565709,1.272760145,1.382218315,2.005790941,35.48695093,0.813900723,0.870695598,1.03114537,1.337366872,33.62018684
428,MSFT,ANN,2022-01-01,2024-01-01,29,17.0210946,9.027829998,25.25205281,14.30221253,13120691.1,16.38702769,7.803417349,24.61774768,13.29288025,8571992.6,4.460037205,2.112339035,6.750899551,3.613575155,33.8736032,1.243872819,1.22917439,1.531641873,1.42898296,35.13507585
429,MSFT,ANN,2022-01-01,2024-01-01,30,8.14352873,7.272033078,5.885814104,6.663382481,13593092.34,7.019108236,6.375865399,4.9508089,5.633041382,9016569.333,1.909637085,1.725633209,1.358936198,1.533259177,34.47389559,1.121729808,0.946889714,0.87732049,0.971341682,30.59957563
430,MSFT,ANN,2022-01-01,2024-01-01,31,5.996313334,4.643599533,5.417476377,6.16951746,12994457.41,4.702360999,3.648022231,4.211567195,4.952402751,8194435.467,1.275942012,0.989617307,1.152508228,1.352052452,30.07733927,1.003710093,0.780452611,0.928189088,1.010398139,29.76153219
431,MSFT,ANN,2022-01-01,2024-01-01,32,18.80528831,19.44790397,15.05916093,18.44833159,14672912.37,18.38012869,19.2039895,14.49276458,18.01039225,9876201.333,4.999920463,5.191887166,3.9707424,4.893770347,32.20845598,1.058627812,0.809985472,1.11094309,1.074206442,19.1204782
432,MSFT,ANN,2022-01-01,2024-01-01,33,5.420666377,6.846713109,7.026476303,5.041210545,13393233.26,4.508822419,5.574087203,6.346591905,3.902937826,8806266.6,1.234423304,1.515607973,1.745833198,1.066926035,35.2520281,0.832642356,1.088184647,0.84248782,0.880461769,34.15351591
433,MSFT,ANN,2022-01-01,2024-01-01,34,4.441254202,3.779055953,6.137687306,6.395837418,13664965.89,3.571049627,3.233330277,4.559142335,5.125338745,8894910.6,0.970863777,0.87561236,1.257656489,1.398482006,36.14302236,0.711113213,0.531948269,1.144242682,1.051180111,37.55951019
434,MSFT,ANN,2022-01-01,2024-01-01,35,4.592193326,7.153684527,7.146774767,7.436486593,13599267.74,3.685398133,6.216451677,6.325529325,6.027388509,8823096.533,1.002969172,1.679788507,1.733258708,1.643947415,33.49352417,0.746310897,0.953852661,0.909780232,1.194903132,31.10532931
435,MSFT,ANN,2022-01-01,2024-01-01,36,7.902926694,11.27790943,11.49729185,9.152835857,13616394.18,7.038050424,10.5082684,10.34921908,8.208795166,9689277.6,1.922152967,2.84705223,2.846628573,2.238176239,43.04624076,0.989610534,1.118748348,1.395832698,1.118717099,44.23041941
436,MSFT,ANN,2022-01-01,2024-01-01,37,6.592169227,17.66466039,8.728405626,8.460741721,13895743.03,5.550611429,17.34461348,7.98554977,7.597689819,10107705,1.511652473,4.690068675,2.189110502,2.06499831,46.50456044,0.96831039,0.896769738,0.96429627,1.011714587,47.99742357
437,MSFT,ANN,2022-01-01,2024-01-01,38,5.707221383,5.761992057,6.188922187,5.421348515,13496747.8,4.457614372,4.825253959,5.325026629,4.506355794,8558638.867,1.216803668,1.306749238,1.460553875,1.228753716,33.18454522,0.975523842,0.857753942,0.870452248,0.827508058,33.58133304
438,MSFT,ANN,2022-01-01,2024-01-01,39,9.342669866,9.256884288,8.543366802,4.997936484,12964423.19,8.035305076,7.696154385,7.177412564,4.176789347,8772764.333,2.179445809,2.074324292,1.960905875,1.136946578,35.38690476,1.279424006,1.377554789,1.25673814,0.749254427,33.37486005
439,MSFT,ANN,2022-01-01,2024-01-01,40,7.107486161,4.74725912,6.386447792,4.867948194,12908117.78,6.169885098,3.795444483,5.218709275,4.098433431,8705937.933,1.683526347,1.029349679,1.430017354,1.11686009,34.36761582,0.966553503,0.777028709,1.00609075,0.718550513,31.53008665
440,MSFT,ANN,2022-01-01,2024-01-01,41,14.81324378,14.14459351,10.70141145,14.51506188,13156739.63,13.93582021,13.56861861,9.413866194,13.3221283,8477526.267,3.789800248,3.6675239,2.576668452,3.618321132,32.55370191,1.357737661,1.071505927,1.384760739,1.559285823,30.84900689
441,MSFT,ANN,2022-01-01,2024-01-01,42,4.952628375,3.805148321,10.21644864,3.813153473,13622269.01,4.323805578,3.270769641,9.399403564,3.171566772,8806019.933,1.176339841,0.88427578,2.571678825,0.86336881,32.42408038,0.656002628,0.52398539,1.088082965,0.580284221,29.00546029
442,MSFT,ANN,2022-01-01,2024-01-01,43,4.406950877,5.730550643,5.138390964,8.423495695,13556799.36,3.257166066,4.600863766,4.15254643,6.688543701,9349422.867,0.888471049,1.247942042,1.14168361,1.820633711,39.83467773,0.814784174,0.931927724,0.837836505,1.398307396,40.63047023
443,MSFT,ANN,2022-01-01,2024-01-01,44,5.723137054,6.303955193,7.237829834,5.979132221,13399575.85,4.417174574,4.92782706,5.651043013,5.01891276,8807628,1.206295275,1.337134324,1.556575609,1.368344313,36.19414056,1.002008282,1.075086024,1.259313377,0.893021307,35.96962175
444,MSFT,ANN,2022-01-01,2024-01-01,45,8.242097297,10.86184713,15.23904451,8.621294409,13507184.48,6.662686063,9.813268195,14.28286369,7.198976644,9109479.867,1.821868693,2.661714018,3.92683272,1.964044978,38.0891307,1.334811071,1.27510081,1.489775808,1.302679734,37.56761922
445,MSFT,ANN,2022-01-01,2024-01-01,46,21.41295993,39.6811021,15.56464896,33.49970899,15417533.27,20.97335989,39.29410282,15.00408903,33.30974223,12220484.33,5.703555685,10.62190161,4.108227366,9.053198457,56.48230434,1.133165459,1.429150346,1.106129267,0.920339482,49.4450086
446,MSFT,ANN,2022-01-01,2024-01-01,47,3.871702601,4.652641005,6.228754292,18.29609069,15514932.77,3.049800919,3.641278911,5.246885379,17.55177307,10567294.3,0.829797999,0.986249551,1.440086734,4.770978904,33.95443099,0.64693062,0.784655125,0.92364071,1.401575368,17.85857478
447,MSFT,ANN,2022-01-01,2024-01-01,48,10.22425251,5.956875713,9.213234631,11.94410957,15298808.83,9.258727591,4.788558309,8.345544996,10.93294678,9790093.533,2.517757638,1.294909724,2.286147296,2.967577729,31.76820634,1.177151789,0.956872773,1.06493643,1.296362451,21.57021079
448,MSFT,ANN,2022-01-01,2024-01-01,49,8.746537091,6.858085445,5.578599983,4.651284645,13982343.23,7.808213815,6.109407937,4.540587995,3.636935425,8981844.8,2.117503751,1.647787571,1.241180905,0.994177717,32.48515468,1.051566691,0.828217595,0.880460243,0.800656581,29.7018433
449,MSFT,ANN,2022-01-01,2024-01-01,50,5.553586097,5.039341197,6.248599503,5.762550971,13441448.23,4.603010261,4.028778927,4.906852856,4.853207397,9455908.467,1.251774955,1.08909723,1.350481655,1.321951654,40.50129188,0.844799847,0.82078215,1.073918228,0.854320316,38.84114761
450,MSFT,ANN,2022-09-01,2024-09-01,1,16.08546415,16.31715616,15.68659232,12.45675753,8139713.366,12.97432014,14.29745724,13.24304177,10.16227722,6097558.967,3.159580038,3.442559127,3.275299987,2.489730168,26.21708235,2.379494554,1.911595413,2.144109782,1.814076897,15.24527805
451,MSFT,ANN,2022-09-01,2024-09-01,2,9.011930173,7.553379877,11.60916194,10.89799914,8141005.677,7.028469639,6.500471904,9.600894912,9.085358683,6212998.067,1.713234149,1.574049898,2.363829258,2.222151239,27.38461477,1.398924533,0.952576889,1.633371137,1.497502062,16.22920997
452,MSFT,ANN,2022-09-01,2024-09-01,3,14.45621693,13.37452362,15.05332033,14.1185259,8672266.822,11.80886529,11.00100294,11.8813732,11.00929565,6287142.3,2.852362567,2.645648201,2.913470468,2.681052954,26.37348041,2.001854896,1.830596685,2.270197392,2.147950225,17.06039212
453,MSFT,ANN,2022-09-01,2024-09-01,4,24.64818251,13.28078404,15.03372006,20.29353712,8397737.717,20.77646882,11.51829802,12.7280921,17.46614685,6239995.567,5.079900502,2.785916065,3.132435294,4.267933769,26.48070872,3.381081957,1.633437991,1.983231944,2.59013443,15.66327184
454,MSFT,ANN,2022-09-01,2024-09-01,5,20.6901439,16.16093582,18.64456565,11.48680755,9579344.225,18.28881294,13.31662117,14.49768863,9.523922729,6282782.9,4.423019914,3.198992926,3.545771672,2.3072625,23.66639038,2.331766847,2.197515993,2.854471807,1.533244264,19.32146864
455,MSFT,ANN,2022-09-01,2024-09-01,6,10.76014373,14.31212244,10.39219839,12.52308761,8496195.328,8.820958568,11.62246959,8.054136137,9.993723551,6343305.133,2.147461914,2.806016592,1.977896582,2.430208655,26.94025998,1.533821832,2.033505561,1.642449317,1.833356124,15.41977319
456,MSFT,ANN,2022-09-01,2024-09-01,7,11.69178244,7.400717912,13.20311074,12.42538377,8248144.736,8.984245748,5.851095416,10.82217315,9.773903402,5539217.233,2.193367599,1.418747331,2.683097287,2.381973088,21.9860973,1.88776869,1.125383043,1.946749128,1.878980976,16.99850595
457,MSFT,ANN,2022-09-01,2024-09-01,8,19.30081027,15.62376807,17.81949084,13.44364969,8104472.177,17.2953158,11.93963339,13.55615157,10.05653992,6862339.667,4.205780822,2.888112365,3.331847865,2.447157312,32.82292371,2.165754638,2.433736011,2.843615057,2.165540683,17.62081997
458,MSFT,ANN,2022-09-01,2024-09-01,9,17.79663363,19.15255031,17.54939226,13.5486495,8576477.965,13.82830689,15.49724086,14.07222635,10.68844096,6353144.067,3.388709675,3.742863556,3.477711896,2.613563077,27.16880179,2.842741827,2.759355751,2.654686929,2.055953487,17.06182109
459,MSFT,ANN,2022-09-01,2024-09-01,10,15.98077651,16.40398416,22.20708705,17.34791043,8060331.204,12.75790588,13.23792605,18.04870473,13.66882324,6074673.233,3.11099821,3.207067232,4.460314869,3.348953146,26.1314372,2.429303419,2.41897278,3.297512315,2.68804637,15.01752772
460,MSFT,ANN,2022-09-01,2024-09-01,11,12.14748249,12.15675069,19.2632876,16.15121899,8693769.214,9.960472353,10.28098709,15.46565067,12.67951965,5794505.033,2.429372563,2.476653428,3.787694392,3.082376409,22.47088484,1.741986151,1.583279806,2.809291796,2.422397457,17.1452122
461,MSFT,ANN,2022-09-01,2024-09-01,12,12.99987485,11.02737903,11.93728457,15.78336533,8060347.558,9.658917649,8.643471295,9.874884813,13.09286397,6626463.133,2.365710241,2.098134236,2.435852665,3.201219854,30.85578829,2.204038726,1.712301528,1.689779944,2.211811259,15.9127739
462,MSFT,ANN,2022-09-01,2024-09-01,13,15.40047323,12.53120126,22.68881513,19.8576511,8862504.613,11.72496309,9.384137323,19.17619129,14.97539063,6387382.1,2.869547774,2.271581369,4.729269138,3.666265156,26.7116768,2.513490233,2.041987832,3.05299081,3.240953614,17.99822948
463,MSFT,ANN,2022-09-01,2024-09-01,14,12.47594182,10.27703059,10.37895571,17.11830006,8325063.048,10.68308678,7.713870409,7.588043261,14.39362081,6015072.133,2.596975206,1.869029945,1.878085269,3.525289382,24.89148011,1.612678432,1.660174206,1.825093418,2.321948308,15.58720088
464,MSFT,ANN,2022-09-01,2024-09-01,15,18.13863388,20.28650151,19.64713913,22.72944942,8316854.595,14.93731926,16.28714045,15.46849286,16.98176982,5721258.767,3.63090165,3.920992206,3.806221331,4.142884658,23.2454981,2.548532937,2.952836246,3.015441434,3.724962989,16.67815795
465,MSFT,ANN,2022-09-01,2024-09-01,16,17.73508828,15.25884903,13.09182535,16.64449209,8482731.133,13.89586575,12.67272134,10.93924072,13.11742859,6608408,3.384952092,3.044463611,2.699017168,3.210586136,29.93351038,2.750975433,2.044376946,1.80799478,2.552840906,18.58034825
466,MSFT,ANN,2022-09-01,2024-09-01,17,21.19161817,14.66907227,15.40719458,18.73648361,8160769.489,17.53426062,12.68465882,11.62731611,15.22008464,6615479.6,4.273340982,3.063542318,2.889615304,3.726359104,30.10329123,2.991595488,1.820962699,2.591214296,2.72595522,15.71096931
467,MSFT,ANN,2022-09-01,2024-09-01,18,11.76637108,9.750436898,12.35289865,12.21345393,7828686.724,9.088636969,8.023179235,10.1264107,10.06329753,6351482.933,2.22926812,1.941517647,2.509386567,2.456391438,28.88971795,1.918418933,1.378811772,1.813448061,1.710614054,14.48173015
468,MSFT,ANN,2022-09-01,2024-09-01,19,21.03438335,21.35535309,21.56073922,26.56038315,7628749.084,18.93203355,19.40758716,18.96280529,23.39960327,5979858.867,4.599895523,4.668355618,4.66471034,5.725758169,26.93473928,2.273100847,2.142370157,2.560944176,3.154471713,14.36324043
469,MSFT,ANN,2022-09-01,2024-09-01,20,11.25710631,12.67001391,16.32331766,14.90441238,8247446.688,8.913761536,9.870881987,13.98104739,12.93150635,6440839.2,2.193619659,2.379284544,3.459243224,3.164114476,28.08733472,1.752723213,1.919582784,2.132684185,1.840379127,14.2707158
470,MSFT,ANN,2022-09-01,2024-09-01,21,23.63268768,26.27912549,31.33761096,31.18336817,8445662.441,20.75281089,22.89827643,28.77656848,28.02805888,7221871.667,5.035400543,5.510372317,7.075742272,6.838644318,34.61065799,2.791952277,3.124100953,3.129620815,3.415890205,18.14717885
471,MSFT,ANN,2022-09-01,2024-09-01,22,18.60302366,35.42226253,20.79105042,27.24754965,9468532.493,15.84951119,29.67513252,17.33093157,22.89672038,6276226.8,3.86518643,7.149213898,4.247422467,5.585977119,23.64939042,2.445245702,4.720686685,2.827765139,3.670075084,19.19642352
472,MSFT,ANN,2022-09-01,2024-09-01,23,13.36566367,16.24330068,11.18092605,10.10219265,8503511.376,10.59595701,13.39913801,9.318998673,8.311073812,7626301.8,2.581330444,3.222516864,2.291699772,2.027980628,39.08283754,2.031281809,2.214382746,1.573406925,1.41946566,21.77958785
473,MSFT,ANN,2022-09-01,2024-09-01,24,24.69175304,30.63268496,31.1981373,27.02135095,8421506.078,21.04617683,27.74867893,27.78575887,24.07729899,5883590.8,5.081897006,6.646497712,6.767048905,5.811114017,23.84130653,3.110354562,3.086657076,3.410190065,2.928777762,16.10211711
474,MSFT,ANN,2022-09-01,2024-09-01,25,12.53656832,12.71454816,13.3647821,14.24838703,8094258.828,9.725818534,9.329968841,10.60532229,11.00450033,6254684,2.378617506,2.251530565,2.601987886,2.684078229,27.97123361,1.987711845,2.078497548,1.995203803,2.207880989,16.40914377
475,MSFT,ANN,2022-09-01,2024-09-01,26,12.39407779,17.56285261,15.33447703,13.83952624,9025584.085,9.548478742,14.17333943,13.24993249,11.54891968,7243923.333,2.330827153,3.417753336,3.259797224,2.822173419,32.6732609,1.992966589,2.540363971,1.925929511,1.890468007,16.84765975
476,MSFT,ANN,2022-09-01,2024-09-01,27,13.38646627,13.15184109,13.40679075,13.29341473,8213971.701,10.58521393,10.18902344,10.71045204,11.41949463,5899156.333,2.583001443,2.456960173,2.626551673,2.764091018,24.69401422,2.031123487,2.037313026,1.974659666,1.636523341,15.298482
477,MSFT,ANN,2022-09-01,2024-09-01,28,8.251920678,8.158881784,13.11902367,13.47398239,9330911.258,6.457309909,6.286132378,9.861592903,10.46088155,5936094.133,1.568490816,1.515716501,2.429508584,2.54717757,22.10570163,1.253019677,1.259125288,2.133987353,2.07401833,19.16948462
478,MSFT,ANN,2022-09-01,2024-09-01,29,17.58439937,16.07115373,22.65604973,18.65525282,7953546.024,14.77783631,12.18858737,18.59586428,15.3737498,7178569.733,3.597547276,2.944970918,4.595523414,3.751320714,36.35493327,2.395629947,2.587351936,3.297584712,2.609590667,18.81384646
479,MSFT,ANN,2022-09-01,2024-09-01,30,9.438280964,8.235953056,10.81217799,9.21723356,8155105.392,6.587275824,6.349912476,8.216081305,7.305916341,6206291.8,1.613561226,1.531420339,2.020805846,1.776153269,27.03811683,1.685966436,1.266119129,1.757259986,1.360414553,15.47634919
480,MSFT,ANN,2022-09-01,2024-09-01,31,29.29942403,21.18586801,27.43000606,29.05589727,7927631.245,25.8117265,18.68970948,24.28346109,25.21643677,5999732.533,6.269293093,4.503424977,5.982190763,6.167416234,26.87056896,3.430520895,2.435230142,3.222023045,3.612896543,17.08451849
481,MSFT,ANN,2022-09-01,2024-09-01,32,17.32364083,10.37747149,15.30371249,15.79596656,8043224.116,13.6100393,8.724940409,12.65029291,13.57699992,6291018.4,3.321162338,2.102283628,3.116287891,3.30881924,27.89605834,2.70091854,1.374174161,2.147376683,1.993728256,14.79197736
482,MSFT,ANN,2022-09-01,2024-09-01,33,19.94790575,20.36639788,20.57039923,25.48187791,8643229.642,18.76394724,18.57147353,18.66517374,24.18841451,6274732.467,4.527915432,4.464460468,4.554425225,5.87516509,26.3166423,1.605851896,2.026234362,2.086428397,1.949512127,16.62260607
483,MSFT,ANN,2022-09-01,2024-09-01,34,16.83731172,12.72386839,18.24696821,14.32081052,8169839.785,13.65725703,10.83107264,14.55422254,11.81005452,6615944,3.352577246,2.624894841,3.602679285,2.887485377,30.24847401,2.523603633,1.662133027,2.801571481,1.994196446,15.76106043
484,MSFT,ANN,2022-09-01,2024-09-01,35,17.72823011,14.07410509,15.23944568,13.64392542,8011831.432,14.35648306,11.35634836,11.41209944,10.8547526,5941349.667,3.503478097,2.725005145,2.796974158,2.634956689,25.30420932,2.578320148,1.991257472,2.491717928,2.005750279,14.87327041
485,MSFT,ANN,2022-09-01,2024-09-01,36,13.72759766,9.0474271,12.76306571,12.38884845,7721202.141,10.81560868,7.195683735,10.43660578,9.741867065,6027780.667,2.640695165,1.73880753,2.565174172,2.374926459,26.85377025,2.081067999,1.320709981,1.810931052,1.868722219,14.96098191
486,MSFT,ANN,2022-09-01,2024-09-01,37,13.23109487,15.3012057,22.71960707,21.16683389,8030403.891,10.65208698,12.4781633,19.21065692,18.71927287,6794301.267,2.599046391,3.020282953,4.746068301,4.579051779,32.27243221,1.983334911,2.187447883,3.084278226,2.486846599,16.2015518
487,MSFT,ANN,2022-09-01,2024-09-01,38,15.82159882,11.02426907,19.65741104,22.58685634,8546952.544,12.76572424,8.608546631,15.4257696,20.33705444,6889057.667,3.107086342,2.086538189,3.82060083,4.954689027,31.29006963,2.342569959,1.716112685,3.112382963,2.43681369,16.42495948
488,MSFT,ANN,2022-09-01,2024-09-01,39,16.06164069,11.07797597,14.86295821,14.2266489,8229451.347,12.25331188,8.729916857,12.07425078,11.19608968,6742974.867,3.012953221,2.116604254,2.994145947,2.739914037,31.74189668,2.654994102,1.66967602,2.21736819,2.164416016,18.08183658
489,MSFT,ANN,2022-09-01,2024-09-01,40,9.75430262,10.82686396,9.537560511,12.50797347,8412020.91,7.950541011,8.568822503,7.604734977,10.14166972,6021442,1.946177367,2.079818874,1.881618309,2.482394832,25.42461769,1.427048003,1.627272782,1.464339402,1.821048231,17.50168338
490,MSFT,ANN,2022-09-01,2024-09-01,41,14.30563464,15.41266036,28.01445022,12.68925557,7458207.504,10.97635913,11.92514596,24.12609444,10.06960856,6300357.867,2.684192301,2.890029594,5.947065547,2.465390622,30.13100082,2.306197053,2.407288074,3.598200889,1.937282025,15.69584449
491,MSFT,ANN,2022-09-01,2024-09-01,42,12.50340023,13.40207293,15.60385261,13.46279234,8308955.433,10.66254911,10.27519916,12.74279301,10.71508687,6178533.533,2.585775461,2.475567058,3.125412445,2.594095533,26.85021106,1.581544424,2.078565405,2.204246731,1.969272886,17.11250351
492,MSFT,ANN,2022-09-01,2024-09-01,43,8.645487596,10.02242844,9.070783269,8.754304266,9141468.156,6.340728252,8.805565498,7.200698949,7.200554403,6384055.267,1.547011282,2.117366695,1.770877666,1.759947062,25.85756384,1.462358336,1.151554555,1.388556029,1.228576889,18.76521601
493,MSFT,ANN,2022-09-01,2024-09-01,44,10.47905111,12.00714865,15.19570062,14.15812762,8311024.8,8.353392803,9.565540312,12.65474812,11.68379211,6486682.733,2.040749459,2.305461572,3.099579839,2.859883377,29.50083492,1.587313257,1.744429335,2.056450993,2.009579244,17.78162763
494,MSFT,ANN,2022-09-01,2024-09-01,45,12.44213681,10.02387639,11.35689017,13.92040703,8591815.075,10.87450011,8.331113001,8.885449978,10.92681885,6363738.933,2.641340091,2.01148076,2.18243481,2.656353801,26.95899834,1.4846133,1.348880302,1.749752471,2.103487603,15.64024864
495,MSFT,ANN,2022-09-01,2024-09-01,46,21.98855155,22.68313397,24.18260533,21.0035475,8388141.385,20.40608388,21.36389181,22.0185834,18.49166972,6773598.067,4.920048467,5.125666755,5.369041933,4.470927437,30.2083255,1.936028634,1.819416613,2.411110317,2.376813984,13.67848686
496,MSFT,ANN,2022-09-01,2024-09-01,47,13.50723553,13.73883243,10.85523062,16.71056413,8244378.892,10.15837723,10.5515951,8.094783196,13.91716512,6058678.333,2.481140435,2.554525296,1.999567157,3.410175978,26.56232127,2.256397657,2.181908637,1.831100913,2.318528459,17.86904144
497,MSFT,ANN,2022-09-01,2024-09-01,48,20.29883735,25.88997222,27.15646801,16.34685848,8031711.809,18.73131785,23.01683588,25.24696085,14.47303569,5981757.467,4.528512579,5.535217049,6.147897432,3.497590944,26.15068917,1.881938292,2.88097776,2.365027662,1.808994453,16.26694505
498,MSFT,ANN,2022-09-01,2024-09-01,49,14.954009,17.85031504,18.78156503,21.622268,8359263.138,11.4901522,14.20629787,14.61509238,16.89931742,6083485.133,2.822597204,3.440774686,3.620842043,4.146354646,25.42407574,2.429235673,2.661324877,2.991739317,3.383228669,15.71098894
499,MSFT,ANN,2022-09-01,2024-09-01,50,11.39824095,10.71154372,12.68080649,12.33008258,8295953.921,8.536616152,8.021146812,10.613274,10.48603617,6951648.467,2.083572142,1.941030174,2.627124374,2.571266144,32.18198777,1.873009858,1.729661519,1.772374225,1.619937914,15.12508996
500,MSFT,ANN,2023-05-01,2025-05-01,1,12.98746073,9.874191233,12.00138893,12.77804855,10786993.97,10.47409396,7.880559577,9.670661431,10.86229045,8820292.133,2.801142013,2.063371954,2.624465024,2.894210669,34.25973524,2.094415597,1.550518921,1.969635119,1.820722203,16.35450557
501,MSFT,ANN,2023-05-01,2025-05-01,2,14.14082241,12.16335818,13.22536663,18.46790787,11741248.08,11.11655215,9.113388076,10.26989994,14.43119609,9549751.067,2.962986357,2.38309508,2.777591345,3.811650542,36.67889826,2.330555831,2.09103274,2.24033858,2.990920838,19.2110504
502,MSFT,ANN,2023-05-01,2025-05-01,3,14.27229876,15.81522247,16.40524588,18.40416383,11372102.61,11.93329481,12.39664255,13.90001443,15.23474325,9020228.333,3.198121497,3.260346472,3.778110451,4.069783633,34.24238975,2.128541708,2.614984819,2.396284492,2.809013657,18.67195409
503,MSFT,ANN,2023-05-01,2025-05-01,4,13.20624705,14.93905243,16.32137001,18.20010886,11173967.78,10.90210857,12.02669791,12.92178833,14.6430013,8840000.133,2.911977669,3.158200503,3.509164343,3.903272714,33.19439574,2.022919246,2.342731569,2.74731328,2.923483329,18.62416836
504,MSFT,ANN,2023-05-01,2025-05-01,5,15.76153027,15.38320554,17.19380882,15.8916848,11022486.03,13.87643467,13.93954611,15.01665854,13.94931641,8861398.133,3.72044867,3.654897064,4.083278783,3.719607463,34.27469616,2.087853049,1.731660713,2.338968551,2.080348833,18.02417187
505,MSFT,ANN,2023-05-01,2025-05-01,6,13.32619169,13.32513298,16.25368347,15.82081209,11658656.52,10.68456023,10.63145964,12.46879159,12.89312236,9366626.133,2.846208492,2.779279625,3.382498083,3.396537896,36.03712714,2.115276291,2.087996692,2.851649957,2.370109909,19.3481821
506,MSFT,ANN,2023-05-01,2025-05-01,7,17.86362078,15.02014624,21.62942676,18.1285131,10715321.67,14.63759098,11.21407941,17.9376005,14.19223836,8256293.4,3.948710239,2.964721683,4.89709459,3.805118687,30.49237849,2.843277165,2.68409724,3.391176584,3.073917623,15.47910829
507,MSFT,ANN,2023-05-01,2025-05-01,8,12.37567139,11.61922389,14.35870359,14.34906551,12006293.07,10.48133926,9.803927357,11.67928293,12.31688029,9048073.4,2.809009742,2.57634491,3.205122757,3.292900731,32.51996618,1.824197334,1.662122511,2.394517321,2.020096082,19.25431266
508,MSFT,ANN,2023-05-01,2025-05-01,9,12.92656125,14.18321932,13.78002238,15.08245088,11296848.81,10.15765551,11.43138704,11.31284918,11.29220785,9167852.467,2.725116981,3.005752327,3.085404812,3.032589045,35.62136755,2.188339719,2.239617137,2.247035028,2.732727686,19.41055531
509,MSFT,ANN,2023-05-01,2025-05-01,10,15.10829543,14.88885883,13.41164748,14.83841759,11598712.84,11.92371397,11.47778357,10.92813729,12.20909729,9044846.933,3.201916271,3.019037905,2.98481582,3.256091255,34.40220949,2.559994744,2.542547126,2.202760294,2.305278693,20.06473603
510,MSFT,ANN,2023-05-01,2025-05-01,11,15.20285854,13.7126206,15.00902561,15.64291862,11193921.49,12.59160639,10.97812974,12.21865046,12.54495646,9005703.8,3.36602096,2.872100745,3.307575653,3.334178141,34.10078938,2.287056318,2.144934507,2.365293262,2.473627084,16.34809259
511,MSFT,ANN,2023-05-01,2025-05-01,12,12.44182091,13.52026036,12.51777034,15.1008004,11596501.29,10.51457067,11.02619487,10.63308235,12.45413818,9658692.067,2.80510501,2.873996426,2.875496985,3.289398501,38.08706202,1.768250822,2.017875038,1.804558489,2.236875682,18.87076128
512,MSFT,ANN,2023-05-01,2025-05-01,13,15.54530621,14.70766812,17.67305367,17.94500755,11638183.93,12.12533272,11.8022395,13.35360984,14.30036112,9035193.067,3.253671022,3.107042652,3.665067646,3.832146948,33.81997251,2.65516271,2.337885898,3.266460854,2.95342152,19.28611419
513,MSFT,ANN,2023-05-01,2025-05-01,14,13.98621161,15.1979576,13.36772039,13.70222429,11618420.74,11.45994797,10.75722974,10.95749922,10.5604777,9457055.933,3.057731983,2.81464672,2.962653915,2.810729817,36.3272285,2.151369738,2.810316944,2.087127645,2.323441207,17.86748331
514,MSFT,ANN,2023-05-01,2025-05-01,15,15.81360036,15.19551014,18.00190277,18.64327119,10986024.97,12.27283579,12.26472312,13.61392465,15.18032125,8613988.067,3.322621919,3.248434838,3.744046235,4.096479558,31.93825507,2.777697695,2.469007311,3.327888777,3.053036976,15.48375715
515,MSFT,ANN,2023-05-01,2025-05-01,16,13.78675419,16.8635511,15.13232829,16.0184881,11061800.25,10.70717414,13.18690981,11.8247399,13.05748189,8156609.4,2.866001425,3.457704767,3.220677787,3.481077466,29.01211703,2.363246085,2.757383018,2.63421758,2.507190159,17.73865028
516,MSFT,ANN,2023-05-01,2025-05-01,17,12.09324471,12.15730372,11.67704445,15.89556437,11972913.63,9.920823108,9.967545144,9.99936722,12.74856974,10008822.2,2.658048531,2.621199837,2.709805635,3.40023852,38.81661936,1.881549119,1.840430344,1.665655051,2.542343066,17.45371786
517,MSFT,ANN,2023-05-01,2025-05-01,18,11.60897855,13.26139025,13.465398,14.74269235,11441156.48,9.334715272,10.03318506,10.77298062,12.12133382,9120168.933,2.488516797,2.623476264,2.943914942,3.22612766,34.88499353,1.833503442,2.281039779,2.26680708,2.23741158,19.76345804
518,MSFT,ANN,2023-05-01,2025-05-01,19,11.97461772,13.22074435,13.22648303,16.98595496,11602855.23,9.768958057,10.58858596,11.09228632,13.23689982,9189944.267,2.628365815,2.784996457,3.019095943,3.538498802,34.57611552,1.928665144,2.09864743,2.022763193,2.901572661,17.56194079
519,MSFT,ANN,2023-05-01,2025-05-01,20,14.84091686,17.1291972,16.03173293,14.40101582,11639306.63,11.00711017,12.95531228,12.23179663,11.28932699,9383505.8,2.923142759,3.395343785,3.308832125,2.991484769,35.71025083,2.612097634,2.933873441,2.778331142,2.337515613,17.75732858
520,MSFT,ANN,2023-05-01,2025-05-01,21,15.95319259,13.67731676,15.51444617,18.58032235,11855807.19,13.65270877,11.06373675,13.07636306,15.93427327,9667916.067,3.683979743,2.917725418,3.58175199,4.261844261,37.16029067,2.322079556,2.188651824,2.37055415,2.63625951,16.87178996
521,MSFT,ANN,2023-05-01,2025-05-01,22,13.98075376,13.47045017,16.39337436,15.94535909,11208134.63,11.62739238,11.54765406,14.02148733,13.29880676,8628243.8,3.128836858,3.034199762,3.836342616,3.578591273,31.55118945,2.172619177,1.844648925,2.435671316,2.477788458,16.81794001
522,MSFT,ANN,2023-05-01,2025-05-01,23,9.911504655,8.797939271,12.35877084,12.76842009,11436434.25,7.848652806,7.562553453,9.853596919,10.65762431,9292893.2,2.114927076,1.989128834,2.70412824,2.866929022,35.35309347,1.674039688,1.201593866,2.124038554,1.961754209,15.94614442
523,MSFT,ANN,2023-05-01,2025-05-01,24,15.85667283,14.85811071,17.57238872,18.21241306,11660070.64,12.89361352,11.84181948,14.08705085,15.31194763,9566618.867,3.472837767,3.113000833,3.845169153,4.103217872,36.77987752,2.554876038,2.369943661,2.916251143,2.71956663,17.62182
524,MSFT,ANN,2023-05-01,2025-05-01,25,15.98607861,14.71736436,13.40881844,18.61734136,11493188.58,12.9981837,11.16382138,11.22935446,14.8838501,8777823.533,3.504287265,2.937343998,3.058014078,3.97383653,31.8897715,2.588231361,2.566813347,2.048884198,3.055571029,17.92604071
525,MSFT,ANN,2023-05-01,2025-05-01,26,14.76654101,11.70434904,14.20644425,14.28811271,11946141.26,12.17318543,9.401349887,11.27583945,12.05482686,9367837.267,3.266271707,2.472883606,3.091326078,3.221701516,34.39824806,2.292785747,1.856710736,2.4264564,2.081472907,17.53079267
526,MSFT,ANN,2023-05-01,2025-05-01,27,13.45788095,13.72904021,14.83541688,17.98142533,11437410.44,10.19338958,10.96858979,12.01735194,14.7216746,8674612.533,2.725170132,2.87629516,3.265405459,3.918525076,31.75157652,2.389996145,2.163951279,2.39591477,2.762901511,17.88888684
527,MSFT,ANN,2023-05-01,2025-05-01,28,12.59113875,14.87885886,11.98477941,13.63700563,11286749.63,9.691546132,11.45683032,9.813321133,10.9139506,8918092.867,2.573673891,2.987438096,2.650292542,2.900999245,33.27647296,2.129405207,2.450621883,1.889807265,2.17653229,15.98992888
528,MSFT,ANN,2023-05-01,2025-05-01,29,13.03741521,13.85459141,12.91662866,17.4816581,11476736.26,9.626736772,10.72666526,9.880115922,13.80869446,9426045.8,2.615797347,2.834033295,2.721654085,3.711105132,36.64740412,2.466641685,2.375162133,2.38483519,2.982917752,16.88714795
529,MSFT,ANN,2023-05-01,2025-05-01,30,18.74018521,21.12528451,18.42036691,21.49695529,11699919.42,15.13571148,16.83249207,14.86126701,17.40556132,9483651.8,4.054766771,4.434717208,4.040041969,4.656536637,36.80745193,3.035287064,3.428183213,3.017585363,3.442164393,19.62281257
530,MSFT,ANN,2023-05-01,2025-05-01,31,13.80935706,14.0836789,17.53073757,18.4391435,11166000.65,10.73548066,10.98322282,14.07771449,15.6734141,8971834.267,2.855482433,2.867536513,3.804624919,4.162739865,34.28352537,2.311846105,2.281468994,2.825713639,2.58891259,18.02821112
531,MSFT,ANN,2023-05-01,2025-05-01,32,14.36131226,12.19826746,14.9992215,15.53198343,11767939.02,11.73312535,10.45355996,12.10863232,13.30564779,9138175.4,3.165110074,2.738373327,3.312107416,3.553378585,33.86120724,2.323298183,1.670765604,2.500858674,2.191445785,19.31888823
532,MSFT,ANN,2023-05-01,2025-05-01,33,11.45014857,11.03180904,12.11227817,13.02700448,11132380.31,9.297305043,8.229336199,8.915297505,10.41872253,8500583.667,2.494418284,2.146744332,2.441422957,2.784038207,30.99798673,1.830300666,1.901697863,2.286923427,2.108221818,17.93455151
533,MSFT,ANN,2023-05-01,2025-05-01,34,13.02532921,11.75473543,12.60315786,14.72949579,11820236.26,10.36100654,9.820134221,10.8631388,12.04115092,9152008.933,2.760419176,2.572005852,2.919778594,3.21898542,33.62454819,2.126374228,1.695448827,1.713721103,2.2934248,17.46340848
534,MSFT,ANN,2023-05-01,2025-05-01,35,12.07677773,11.04479877,12.21016245,13.38505489,11241223.1,10.22866238,9.093662795,10.25415096,11.38515523,9059562.267,2.739850755,2.395022788,2.781211949,3.039644281,35.28806511,1.766666497,1.692270945,1.828893974,1.934353701,20.52674895
535,MSFT,ANN,2023-05-01,2025-05-01,36,14.10575959,13.47469912,14.95427082,14.13795246,11341110.31,11.77698721,10.93483189,12.22011083,12.15338542,8883156.067,3.160549275,2.875533719,3.34062314,3.240092339,34.02383332,2.143460956,2.095076911,2.428596266,1.948002948,19.77842537
536,MSFT,ANN,2023-05-01,2025-05-01,37,19.04140133,14.73486727,17.64353418,17.35617002,12148228.7,16.32067628,12.89114667,14.43818219,14.75802205,9805622.8,4.391899994,3.400198104,3.957847754,3.963317099,37.18991318,2.750509855,1.945153294,2.887491353,2.555233565,17.93253096
537,MSFT,ANN,2023-05-01,2025-05-01,38,18.72928161,14.11665183,13.54583579,14.49707486,11797553.04,14.88892018,11.29986367,10.80628688,11.93034668,9765829.867,3.939707219,2.947737474,2.926175792,3.178085339,38.60908148,2.984846474,2.202167678,2.232496119,2.248509925,20.57492267
538,MSFT,ANN,2023-05-01,2025-05-01,39,12.29896072,15.88206116,13.76362579,16.01783114,11200685.98,9.500969766,12.36081787,11.64161741,12.81110433,9336541.667,2.52817372,3.220339944,3.154373782,3.387365254,37.12639437,2.076426433,2.571572688,2.020875913,2.498242884,19.53553604
539,MSFT,ANN,2023-05-01,2025-05-01,40,17.99346974,12.28593376,17.95134057,13.90623108,11221631.3,15.10663355,9.593720954,14.67604406,11.84592692,9250909.6,4.067423062,2.532995691,4.010209874,3.171569414,35.94913251,2.712635193,2.047435499,2.909979768,1.991381614,17.66611972
540,MSFT,ANN,2023-05-01,2025-05-01,41,12.90741323,12.88168794,13.12084848,16.80616903,11163997.29,10.16462863,10.49488567,10.11358236,14.20497335,8914580.2,2.747756918,2.77120665,2.780840059,3.821376121,33.28099337,2.1989283,2.001546588,2.400025957,2.499153372,15.46378508
541,MSFT,ANN,2023-05-01,2025-05-01,42,15.36036153,10.32404986,15.08396818,16.42605441,10936072.42,12.5896099,8.940846389,12.06631796,13.815802,8782291.2,3.404057381,2.3530145,3.314055676,3.713460651,35.00976762,2.471001896,1.386198639,2.572697642,2.459183613,21.52083632
542,MSFT,ANN,2023-05-01,2025-05-01,43,14.9445164,15.75972076,13.57252277,16.10816252,12114319.62,12.39998997,12.28771521,10.52534811,12.63243917,9803738.867,3.331570154,3.247683785,2.882010393,3.3879731,37.09029662,2.304435504,2.661218549,2.402076566,2.749660281,19.25774775
543,MSFT,ANN,2023-05-01,2025-05-01,44,12.39340656,14.59985216,13.00926336,14.73251867,11498302.3,9.944636472,11.64998716,10.36582447,12.46035868,9266403,2.646117587,3.030318692,2.779699785,3.299277218,35.45790593,1.948330478,2.266267644,2.087204606,2.058670781,18.09710393
544,MSFT,ANN,2023-05-01,2025-05-01,45,13.44096402,14.20633041,12.74908242,13.16153716,11538872.44,10.88480257,11.84778851,10.73258334,11.32688192,9261208.2,2.899679137,3.075510901,2.90051169,2.998707829,35.18008357,2.130878752,1.999366733,1.895455316,1.771745806,17.62346201
545,MSFT,ANN,2023-05-01,2025-05-01,46,11.24031976,11.59603608,11.3470337,14.17696701,11745931.36,8.734852449,8.85415306,9.086555241,11.6533254,9137432.067,2.330579945,2.30935323,2.463062905,3.088286724,33.34862966,1.919451568,1.949237378,1.8987884,2.120700354,17.16867651
546,MSFT,ANN,2023-05-01,2025-05-01,47,11.0629547,13.69736008,10.95373199,18.01580241,11165618.16,8.723262645,10.74429131,9.048247768,14.56916097,9280720.4,2.312106675,2.787518572,2.436680742,3.836871583,36.16419729,1.798412859,2.18354813,1.678938709,2.775485478,16.67112683
547,MSFT,ANN,2023-05-01,2025-05-01,48,13.20954503,13.63161731,14.54552887,16.4702737,11548722.37,10.44142264,10.27164396,11.71718619,13.34832153,9170935.2,2.798404045,2.700880668,3.193166801,3.566532546,34.67771966,2.197876816,2.345292477,2.380941506,2.600513366,18.11986857
548,MSFT,ANN,2023-05-01,2025-05-01,49,13.24386591,12.42840761,13.12532719,13.61006663,11334185.67,9.905899398,9.144531361,9.676916185,11.05013021,8956686.333,2.656779547,2.378047405,2.631806488,2.916261203,32.99982959,2.394326575,2.159810169,2.460499779,2.060616566,15.66419301
549,MSFT,ANN,2023-05-01,2025-05-01,50,16.13277749,16.43656836,16.31930306,16.87064371,11549508.57,13.5569538,13.44150176,13.07930854,14.01688741,9772306.733,3.581455167,3.522238482,3.577058402,3.735026378,38.70160056,2.281570372,2.51232295,2.744688948,2.532650951,17.3740184
550,MSFT,ANN,2024-01-01,2026-01-01,1,15.28432287,9.099435755,18.46292119,10.76043965,11446937.41,13.0926676,7.987841616,16.00656893,8.999805705,7522241,2.716579305,1.641073682,3.332884189,1.860287641,41.90865161,1.632442128,0.890532499,1.895856946,1.211232824,57.81501674
551,MSFT,ANN,2024-01-01,2026-01-01,2,8.259296113,9.222997953,9.864415634,11.87314564,12020814.2,6.556843908,6.807909581,7.925751258,9.440826416,7629350.533,1.35689486,1.397461107,1.649693915,1.94840906,38.39320772,1.033444614,1.271988976,1.213534801,1.475090712,51.1191671
552,MSFT,ANN,2024-01-01,2026-01-01,3,8.943638057,7.940533621,10.30553046,9.237468394,11505756.16,7.287780909,6.742479271,8.796783602,7.92237854,7564278.6,1.507201848,1.384594221,1.841779286,1.639204152,40.23121529,1.067470029,0.860527506,1.129458647,0.980049598,54.24000748
553,MSFT,ANN,2024-01-01,2026-01-01,4,13.56349877,8.63715577,9.744314105,9.741885532,12592340.94,11.08924773,7.35517448,8.024902367,7.956363932,8658171.367,2.304117149,1.515540944,1.677332013,1.652737246,41.36705417,1.624341535,0.939706432,1.153735465,1.177798208,47.10393625
554,MSFT,ANN,2024-01-01,2026-01-01,5,7.276248304,8.675168522,9.391172971,11.60523813,12334700.25,5.550976409,7.254711992,7.504422639,9.542398071,8370432.133,1.148648616,1.491076085,1.57005054,1.984184333,41.46878015,0.970088584,0.978341472,1.183010268,1.380714565,49.65833757
555,MSFT,ANN,2024-01-01,2026-01-01,6,7.538134006,9.647254152,9.512509443,12.447462,11811165.02,6.463839655,8.025769497,7.967745565,9.254586792,7856276.067,1.340721147,1.654919273,1.669277599,1.928865385,43.079756,0.805066683,1.110117253,1.099005085,1.741375641,57.88434999
556,MSFT,ANN,2024-01-01,2026-01-01,7,8.235526083,8.203324452,10.06874918,11.34779725,11952811.3,6.485523876,6.964807279,8.24168775,9.375986735,7772028.733,1.344476761,1.4353698,1.729776237,1.950243139,39.92029201,1.049873973,0.898088724,1.219144649,1.338332503,51.99790209
557,MSFT,ANN,2024-01-01,2026-01-01,8,11.01896861,10.92568108,12.39190137,10.09760396,11926881.31,8.542284701,8.479613252,9.281193309,8.492060343,7734743.133,1.774598335,1.74818174,1.949355231,1.755052063,39.45844714,1.446438923,1.422213728,1.732059673,1.129232488,51.150425
558,MSFT,ANN,2024-01-01,2026-01-01,9,11.7849708,10.91431497,14.55554953,18.75477384,12346779.15,9.771264105,9.068950195,12.26370184,16.49123433,8339203.733,2.019177755,1.86112171,2.549124653,3.405193753,40.24878007,1.355239558,1.239234706,1.614745161,1.823671124,47.17269179
559,MSFT,ANN,2024-01-01,2026-01-01,10,8.59591936,8.908989631,12.7887489,9.960301517,12141225.08,7.118106149,7.485379273,10.40606955,8.371791585,7997658.533,1.476080441,1.54042818,2.185939151,1.739342483,41.63216829,0.999401802,0.996492589,1.572034135,1.128258043,56.36502096
560,MSFT,ANN,2024-01-01,2026-01-01,11,12.77590677,10.57760385,12.57692882,10.65201034,11640443.23,10.8993075,8.738721891,10.75034713,8.411638387,7579327,2.260517118,1.79615254,2.237955904,1.741677345,38.48052861,1.37815517,1.223342729,1.34931809,1.356125917,50.5632161
561,MSFT,ANN,2024-01-01,2026-01-01,12,14.98756056,22.87437801,22.99498355,25.79594529,11688460.79,12.40993988,21.30591491,21.21916048,23.86671855,7730958.467,2.566360295,4.376630285,4.422097534,4.936324608,42.44271932,1.727332281,1.692270444,1.817759821,1.997344972,59.07279154
562,MSFT,ANN,2024-01-01,2026-01-01,13,9.856923096,10.45335239,10.5209132,10.35645773,12243880.82,7.954227621,8.481440844,8.699040465,8.899253337,8151980.6,1.646003374,1.741818051,1.823258806,1.844458813,39.17556963,1.19896126,1.246953796,1.252305875,1.101279993,46.73262195
563,MSFT,ANN,2024-01-01,2026-01-01,14,8.036747297,10.86882216,10.83086097,9.677583305,11814220.21,6.87368582,8.861961844,9.103309146,8.481306966,7771049.467,1.423057888,1.819080586,1.893682817,1.759312264,44.28164761,0.858979895,1.284736051,1.21420687,0.975933273,65.657838
564,MSFT,ANN,2024-01-01,2026-01-01,15,9.37471014,9.397020399,11.99998956,10.34316948,11864598.53,7.555654019,7.541776279,9.739428177,8.629575602,7749359.533,1.566432819,1.548545493,2.040647277,1.787562614,41.31958693,1.148726303,1.148469481,1.471697516,1.181748746,57.38860064
565,MSFT,ANN,2024-01-01,2026-01-01,16,20.70201831,21.47441455,23.8513191,30.58351624,11965766.88,19.16652456,20.15936238,22.19518078,29.3992218,7840707.2,3.965273644,4.140982848,4.624288593,6.082906873,37.66044494,1.600504327,1.502826131,1.786266775,1.705047999,45.15592968
566,MSFT,ANN,2024-01-01,2026-01-01,17,7.607074222,7.855012878,9.157874783,9.028883722,11836973.17,6.178311207,7.006672969,7.722585448,7.549344889,7714986.667,1.27763521,1.440467944,1.608670575,1.563272632,41.40736844,0.912208554,0.729154882,1.018383797,1.024093884,59.85806943
567,MSFT,ANN,2024-01-01,2026-01-01,18,22.1217708,19.75275762,17.33666982,17.18281917,12115214.93,20.9510613,18.56626037,15.12755804,15.51859029,8286895,4.336519369,3.814505526,3.148197255,3.208976713,40.93840605,1.450493382,1.369757351,1.742703771,1.508409148,47.61710048
568,MSFT,ANN,2024-01-01,2026-01-01,19,8.64416233,9.450335598,10.70815916,11.15593034,11967091.49,7.100673908,7.695268801,8.72678782,9.175917562,7757725.333,1.46932625,1.579754333,1.816628977,1.89522332,41.28814755,1.014486227,1.120300311,1.284858853,1.301913101,57.23354056
569,MSFT,ANN,2024-01-01,2026-01-01,20,8.061945458,9.577851904,10.26537019,9.880616892,12066122.46,6.275104501,7.824692425,8.272015392,8.554400635,8123880.4,1.296693953,1.606506948,1.72335598,1.772562143,42.60324498,1.040426188,1.128582108,1.257223429,1.021516176,49.78273054
570,MSFT,ANN,2024-01-01,2026-01-01,21,12.23863906,11.75757849,11.20418022,9.235323921,11787900.87,10.23012425,9.857679668,8.841847514,7.377934774,7624333.6,2.12576228,2.034559673,1.857815067,1.534668874,42.17450626,1.39722722,1.332239699,1.457880874,1.163589204,61.66612764
571,MSFT,ANN,2024-01-01,2026-01-01,22,11.64290053,9.42753728,16.69681075,11.59012757,11266259.32,9.502146148,7.948268618,13.78051071,9.762930298,7421718.4,1.973456469,1.635749163,2.894309247,2.027366775,38.56062457,1.396716381,1.046324116,1.98893254,1.304755201,45.40065786
572,MSFT,ANN,2024-01-01,2026-01-01,23,9.486291501,14.57056127,11.84455299,9.60418062,11880247.9,7.539598755,12.53111531,9.269911015,8.674755859,7676104.133,1.559626522,2.570444747,1.92756337,1.800432336,39.52769995,1.18482057,1.517825972,1.524026149,0.857730391,51.95810135
573,MSFT,ANN,2024-01-01,2026-01-01,24,15.52719798,7.659361716,9.77033701,9.362877309,12087516.51,13.2852711,5.962507927,8.098217796,7.846935018,8278499.067,2.758335849,1.2245494,1.689937345,1.623389561,41.12672158,1.670205298,0.984595262,1.137402309,1.052927296,50.73561781
574,MSFT,ANN,2024-01-01,2026-01-01,25,8.267682791,7.660215564,11.37266093,10.32701143,11833566.15,6.949589165,6.556229127,9.615843876,8.692391968,7518072.467,1.442394636,1.348243205,2.000604879,1.804522008,42.0297249,0.931278631,0.817919666,1.254036783,1.168986645,63.99879822
575,MSFT,ANN,2024-01-01,2026-01-01,26,8.200092362,9.136079525,9.466883829,11.67161376,11944969.74,6.697285704,7.591260079,8.487283856,9.757263184,8132183,1.385589311,1.56638826,1.770657834,2.030497162,45.13569174,0.973299516,1.056155874,0.868747262,1.340740226,59.72740314
576,MSFT,ANN,2024-01-01,2026-01-01,27,10.43472254,12.11984213,12.48794003,11.05578385,11686185.27,8.619764608,10.24544006,10.69039267,9.186721802,7597244.933,1.78058679,2.104209546,2.22286745,1.897305946,39.97396787,1.209439951,1.321601347,1.328628439,1.262091198,54.23455297
577,MSFT,ANN,2024-01-01,2026-01-01,28,8.990559603,10.01288158,11.08903573,11.11915488,12239623.45,6.523726432,7.641770793,9.123495823,9.163105265,8456131.467,1.348411243,1.570021156,1.903530265,1.895034575,43.94707211,1.275643352,1.326331516,1.312067042,1.298100572,52.32431697
578,MSFT,ANN,2024-01-01,2026-01-01,29,23.18482267,19.16111208,20.23347701,24.06734157,12018636.25,21.60881215,17.23474773,17.98270516,22.00358887,8622408.6,4.486532526,3.553811583,3.774245497,4.575308728,52.40504514,1.754538746,1.738676686,1.969578828,2.051832989,73.54216541
579,MSFT,ANN,2024-01-01,2026-01-01,30,12.29730257,13.66623476,12.11717813,12.76376907,11933648.52,10.8174345,11.2851079,10.68338944,10.73787638,7979241.2,2.245464046,2.328075448,2.238252348,2.232345595,38.99294354,1.213687187,1.595073358,1.202645579,1.439968636,47.08418287
580,MSFT,ANN,2024-01-01,2026-01-01,31,8.438744072,8.537951627,11.26810566,11.13119198,12239712.12,7.026967355,7.171267654,9.447838403,8.750095622,8219408.933,1.456862102,1.474336715,1.979269697,1.81837053,40.41869174,0.967913254,0.954915956,1.29192729,1.435581347,50.71895699
581,MSFT,ANN,2024-01-01,2026-01-01,32,7.642533978,8.573465359,9.376069204,9.242899518,12624509.99,6.590940489,6.765330669,8.005122537,7.754331462,8442442.733,1.365431611,1.389420829,1.672588003,1.604117767,39.77276302,0.798433377,1.081022131,1.022107749,1.038966668,49.49800316
582,MSFT,ANN,2024-01-01,2026-01-01,33,9.885732992,9.887231256,10.56830188,10.31927696,12503307.77,8.747231729,8.44035212,9.149111452,8.602349854,8260710.2,1.815104642,1.740084582,1.916714495,1.788044535,39.70984606,0.956603737,1.064927117,1.112670987,1.192190282,48.97744011
583,MSFT,ANN,2024-01-01,2026-01-01,34,14.34290093,18.03371196,13.16448542,17.0128561,12436054.99,12.10477793,15.92676026,10.59866772,13.86634827,8341596.667,2.516614297,3.286415341,2.227604555,2.887636678,40.03814974,1.604529605,1.75787993,1.650706193,2.061025038,46.94919042
584,MSFT,ANN,2024-01-01,2026-01-01,35,10.03551593,9.44391462,9.120778046,10.32984445,12088910.12,7.482447054,7.516201872,7.65157623,8.469822184,7953494.533,1.547439492,1.545037883,1.599394022,1.752012873,44.45406509,1.377686533,1.173289248,1.036687397,1.219979144,66.03919851
585,MSFT,ANN,2024-01-01,2026-01-01,36,7.055454414,6.875759115,8.91444737,9.001428253,12006317.73,5.944991709,5.694483542,7.670434594,7.410531616,8042640.2,1.231153197,1.170248371,1.602681922,1.539399588,42.15035665,0.784633233,0.792697673,0.947966451,1.068818579,57.80163413
586,MSFT,ANN,2024-01-01,2026-01-01,37,13.78275292,10.03076071,16.41052227,17.16828578,11971134.34,11.68154075,8.241926466,13.2532031,13.92160441,7835912.133,2.425110958,1.700292321,2.784692453,2.899039279,43.39246964,1.51570664,1.184897471,2.042332054,2.103401441,62.16083403
587,MSFT,ANN,2024-01-01,2026-01-01,38,10.64590921,9.250903427,11.38454435,11.51875388,13221624.81,8.073003822,7.804220776,9.737523762,9.537496948,9065559,1.67351826,1.605872818,2.038089081,1.973959228,38.92968378,1.438583013,1.0271978,1.240363117,1.334533067,36.09429335
588,MSFT,ANN,2024-01-01,2026-01-01,39,10.33403522,9.46060326,14.37543125,14.31959388,11888686.96,8.329179092,7.375952691,11.83892916,11.7523936,7661221.933,1.721732073,1.514613727,2.463390529,2.426964967,39.15382062,1.257690503,1.210044306,1.684160671,1.67486367,53.75127712
589,MSFT,ANN,2024-01-01,2026-01-01,40,10.24426022,11.27350033,9.623698982,9.442493834,12374444.34,8.417480544,9.078881086,7.879200869,7.927277629,8336900.733,1.740238769,1.863870867,1.641954759,1.641228966,39.00920186,1.201073494,1.365965596,1.143193843,1.062600285,41.73730507
590,MSFT,ANN,2024-01-01,2026-01-01,41,12.83787085,14.3624826,17.97041057,15.5309427,11405887.01,11.10595543,12.64078725,15.46255094,13.30883077,7563588.4,2.308133655,2.609005544,3.248461995,2.770934887,40.92171946,1.344909513,1.417395344,1.939110702,1.67985704,55.9266819
591,MSFT,ANN,2024-01-01,2026-01-01,42,8.176305434,7.389428966,10.60467884,9.034389317,11685201.15,6.36089457,6.207854173,8.377871291,7.308548991,7626060.667,1.319285165,1.275819925,1.757579541,1.51236516,41.75560045,1.06311526,0.824263234,1.371238645,1.100021404,58.04764062
592,MSFT,ANN,2024-01-01,2026-01-01,43,8.035138385,8.579067057,9.585088812,9.485702028,11491510.78,6.598409736,7.188760235,8.226783774,7.935839844,7549671.333,1.3689249,1.48127813,1.720819138,1.647051257,41.45334921,0.951047796,0.96865707,1.030111395,1.082181733,57.31690619
593,MSFT,ANN,2024-01-01,2026-01-01,44,7.690308783,7.962745034,10.76696047,8.622922607,12054569.32,6.081822771,6.14246443,8.799516258,7.283247884,8051891.733,1.258656149,1.262179993,1.83257338,1.509430449,40.70317507,0.970277535,1.038108594,1.28181638,0.956165656,53.93235657
594,MSFT,ANN,2024-01-01,2026-01-01,45,10.0950022,8.496214534,11.07657976,10.41124866,11915858.3,7.956865513,6.867353917,9.098899758,8.662239583,7894622.2,1.644558411,1.40955459,1.893911484,1.789228381,39.36299659,1.275765472,1.023827639,1.306817423,1.185757209,49.08544956
595,MSFT,ANN,2024-01-01,2026-01-01,46,9.047273122,7.92479649,12.12006906,9.062605914,11750814.09,7.157143689,6.012217423,9.794303491,7.486878459,7846392.267,1.479196495,1.233234885,2.036071037,1.547049617,41.07058965,1.138260627,1.05357646,1.472056261,1.045830888,51.54918433
596,MSFT,ANN,2024-01-01,2026-01-01,47,7.617082912,6.924906097,8.705560752,8.425461305,11654966.09,6.120373586,5.761564181,7.347628197,6.959347534,7691858.067,1.272277049,1.18702957,1.540175138,1.444512721,38.55967379,0.945476484,0.797468835,0.982691676,0.992593756,46.28680248
597,MSFT,ANN,2024-01-01,2026-01-01,48,7.673968107,13.54139531,10.80706368,9.019634298,11688246.22,6.428612967,11.64610849,8.528168716,7.463916016,7743695.4,1.32889234,2.392492763,1.773893839,1.546051821,45.75644829,0.8612688,1.410521827,1.369898659,1.047632369,68.58353786
598,MSFT,ANN,2024-01-01,2026-01-01,49,8.869758332,8.183189877,9.461714512,10.20756109,11600688.83,7.329413223,6.88648939,7.854094312,8.268593343,7501991.267,1.516737486,1.415965908,1.646240431,1.71498813,40.72961584,1.029681446,0.906698298,1.118626076,1.244416097,57.0310268
599,MSFT,ANN,2024-01-01,2026-01-01,50,10.15892949,8.897812713,9.835514305,10.2682283,12282430.88,7.830049995,6.667960432,8.306735547,8.209298706,8362654.4,1.617200009,1.368087666,1.732550288,1.695500007,40.97701777,1.330798862,1.203703469,1.093614901,1.26537265,50.07496754
600,TSLA,ANN,2022-01-01,2024-01-01,1,11.36042385,12.46532034,10.6587224,11.17166045,21373735.27,9.179744975,9.581926982,7.514774068,8.980573018,16486824,3.707646332,3.809386646,3.107817495,3.636304877,14.83260255,2.629660402,3.098538371,3.102995143,2.622388254,15.67385215
601,TSLA,ANN,2022-01-01,2024-01-01,2,11.06634447,9.142033461,8.374417595,11.60494586,21678592.62,9.208236186,7.103033956,6.228362528,9.35022227,16538762.4,3.809667064,2.850433911,2.591627809,3.833461098,14.8208606,2.603123931,2.257499162,2.310604258,2.845954182,16.00899134
602,TSLA,ANN,2022-01-01,2024-01-01,3,15.17621372,8.618959332,10.00182048,7.416209047,22223658.96,13.20693766,6.786931356,8.038961283,5.809015401,17407286.93,5.477986173,2.747752245,3.3093896,2.364816602,15.98312523,3.172394987,2.156985226,2.379455756,1.860204084,17.42166473
603,TSLA,ANN,2022-01-01,2024-01-01,4,13.10003955,10.4062075,13.78930686,21.20134702,19945327.8,11.71908366,8.501773071,11.24404856,18.79184011,15260288.27,4.849335529,3.467749637,4.714501914,7.735066982,13.71116889,2.513513561,2.494963422,3.366555426,4.074025463,15.78473341
604,TSLA,ANN,2022-01-01,2024-01-01,5,8.554729695,8.935465973,11.02755137,9.581161885,22632603.84,7.181870524,7.338109334,8.365957133,6.757737732,17871363.73,2.949503343,2.960564374,3.492526381,2.768889628,16.82689351,1.934979089,2.088593129,2.997880863,2.81600262,18.10216623
605,TSLA,ANN,2022-01-01,2024-01-01,6,11.75481013,8.952395429,8.807877671,9.508812445,22611673.35,9.880088806,7.696320089,7.346140544,8.335370382,16953119.47,4.103108535,3.111622256,3.058994386,3.4255911,15.19383995,2.735552166,1.854479237,2.020762425,1.892875538,16.91860936
606,TSLA,ANN,2022-01-01,2024-01-01,7,17.73700428,17.44431498,17.69911313,19.6886169,22320831.15,16.06315257,15.8014801,16.06688843,17.50398305,17232576.8,6.643661039,6.421732033,6.768973073,7.230800202,16.59932461,3.200041969,3.095769977,3.265500705,3.816068702,19.42691252
607,TSLA,ANN,2022-01-01,2024-01-01,8,9.769461695,11.44888126,10.56950217,10.14632224,21701143.36,7.286338298,9.235350545,8.308381653,7.834615072,17046126.93,2.985288777,3.725341307,3.453765925,3.20367276,15.96247143,2.615652816,2.731945181,2.685153151,2.61427909,18.13655639
608,TSLA,ANN,2022-01-01,2024-01-01,9,13.17207489,11.88655929,11.92907751,11.93486714,21685636.18,11.34119415,10.38453776,9.812605286,9.814491272,16357960.8,4.634750882,4.16396316,4.072529373,4.017343255,14.59367188,2.71899118,2.295513563,2.743628593,2.755137524,16.12749201
609,TSLA,ANN,2022-01-01,2024-01-01,10,11.17650268,10.25711601,11.00301757,11.28766718,21981831.81,9.276123047,8.372613017,8.481385803,9.858988953,17452250.67,3.839538562,3.379410463,3.542367987,4.032091951,16.17965749,2.632109578,2.395591662,2.900305798,2.23875025,16.39251001
610,TSLA,ANN,2022-01-01,2024-01-01,11,14.00226779,9.228887745,10.82129363,10.50509917,20164088.52,11.44116313,6.641492208,8.852428691,7.781075541,15483496,4.777048575,2.720354488,3.751556498,3.237071338,14.36418402,3.479209611,2.676011992,2.725597288,3.012549155,17.17898221
611,TSLA,ANN,2022-01-01,2024-01-01,12,9.179868408,10.8286901,8.213950679,11.59319474,22335265.31,7.448264058,8.643209839,6.504890951,9.35590922,17531825.87,3.072864855,3.506227491,2.725834293,3.838811733,16.28512199,2.265464707,2.688236676,2.129412255,2.865500462,17.42624546
612,TSLA,ANN,2022-01-01,2024-01-01,13,8.911630102,12.29264427,11.15214709,11.1657859,22519424.69,7.42499644,10.79904073,9.474829102,8.952433777,16669666.13,3.041335274,4.329518614,3.9290333,3.644743785,14.66370193,2.027282881,2.287654942,2.352968007,2.666744903,16.20225439
613,TSLA,ANN,2022-01-01,2024-01-01,14,9.722722039,10.25297785,11.50825021,8.564503739,21979112.36,8.085070292,8.210135905,10.03097636,6.513437907,17247448.8,3.338450464,3.281733635,4.144786792,2.663461231,15.72153744,2.284825628,2.419172181,2.250616547,2.284504021,16.82821392
614,TSLA,ANN,2022-01-01,2024-01-01,15,9.666315563,9.884570289,10.49862251,9.496378808,23358949.23,7.930569458,7.604058329,7.887935893,6.796852112,18291072.8,3.261205422,3.05762828,3.272484213,2.766632046,17.06599967,2.279375416,2.514097971,2.848325397,2.672843125,18.17824606
615,TSLA,ANN,2022-01-01,2024-01-01,16,9.726194385,9.666987417,10.61789436,12.05263309,23336930.54,8.137426249,8.423651123,9.335816956,10.26500905,18038576.27,3.313197933,3.382430786,3.86607249,4.18094543,17.46672542,2.132339276,1.887999649,2.052849983,2.52598902,20.52119857
616,TSLA,ANN,2022-01-01,2024-01-01,17,11.20435947,10.26098909,12.00848825,11.12011194,20464767.42,9.399868774,8.535929362,10.13920848,9.095199076,15452494.67,3.886227146,3.459814141,4.251885183,3.748138958,13.91163627,2.588043564,2.348838214,2.762847732,2.68856157,16.14999043
617,TSLA,ANN,2022-01-01,2024-01-01,18,15.89192485,9.093249213,10.58361068,14.3913267,22522646.22,13.60666199,7.619356791,8.192611694,11.92017975,17120578.4,5.642581139,3.087339247,3.438853979,4.91940897,15.20430552,3.51002723,2.047799242,2.865080987,3.368936699,16.04023985
618,TSLA,ANN,2022-01-01,2024-01-01,19,9.5223871,9.859532314,10.87553572,12.04349946,20885887.07,7.923784892,7.515406799,8.351468913,9.433437093,16156406.93,3.238525037,3.021805291,3.461731237,3.844170889,14.45570121,2.158435681,2.559165969,2.829032174,3.034714001,15.19815973
619,TSLA,ANN,2022-01-01,2024-01-01,20,10.27690755,11.07792592,10.31255983,11.73534267,21606659.04,8.395537821,8.934740702,8.231010437,9.533115641,16807550.13,3.451756772,3.605503104,3.401666168,3.885208132,15.7924539,2.455209885,2.677275685,2.53429267,2.796993065,17.63748639
620,TSLA,ANN,2022-01-01,2024-01-01,21,7.959492453,8.66986664,8.529870871,9.829516911,25025436.87,6.13032074,6.860529582,6.842817688,6.997172546,19977379.47,2.532726814,2.791110143,2.855784971,2.874635064,18.91617443,2.126600619,2.193626411,2.1382672,2.881425164,19.68378843
621,TSLA,ANN,2022-01-01,2024-01-01,22,23.11363852,12.99795613,15.65261745,18.56299207,20667342.77,21.17556152,10.76256561,14.03414307,16.3764033,15510812.27,8.763575923,4.39384316,5.917304449,6.773914316,13.92845457,3.984816967,3.026792969,3.010793684,3.712672795,15.85234732
622,TSLA,ANN,2022-01-01,2024-01-01,23,15.06030499,17.15832202,20.84843345,14.90724529,21189707.43,12.92015228,14.8482666,19.09164429,13.21226807,16481345.33,5.252842749,5.934981637,7.908561277,5.390384263,15.3288196,3.080393945,3.317117636,3.340294134,2.74570212,17.04064912
623,TSLA,ANN,2022-01-01,2024-01-01,24,7.686291894,9.584807127,8.952383557,8.944198629,20778665.15,5.890513611,7.590282186,6.814341736,7.184968567,16353342.67,2.431138274,3.071599098,2.856008897,2.954562706,15.49739913,2.077097765,2.39927393,2.47476318,2.219493819,17.13865875
624,TSLA,ANN,2022-01-01,2024-01-01,25,11.07664049,15.1673428,9.153917036,13.20204647,22898255.85,9.396321615,12.37036184,7.362950643,10.57882589,18170481.87,3.879449761,4.982708958,3.068875726,4.328233382,17.36164545,2.475482386,3.526762796,2.289499267,3.243453821,18.61585984
625,TSLA,ANN,2022-01-01,2024-01-01,26,12.23951907,9.371693998,10.63382145,16.46799656,26057293.37,10.22166646,7.384045919,9.421126302,14.06401215,18949053.87,4.171555893,2.976789177,3.916774103,5.749756858,15.79116068,2.713039664,2.325424563,2.031061301,3.500449765,16.04097698
626,TSLA,ANN,2022-01-01,2024-01-01,27,27.53132469,18.37803495,22.90787664,23.69295091,22301218.09,26.67076874,16.34751841,21.04345042,21.68717295,17223859.47,10.87440627,6.536990028,8.713892944,8.832868871,16.45804142,2.586011177,3.288824261,3.576710674,3.742471221,18.72513725
627,TSLA,ANN,2022-01-01,2024-01-01,28,15.62716908,13.48386928,12.41904284,12.47962333,21467631.86,13.19301249,10.85798798,9.635598755,10.14988861,16286188.27,5.344674719,4.335044447,3.958959732,4.111049541,15.20902476,3.300336622,3.116352647,3.130355549,2.860879946,18.34412649
628,TSLA,ANN,2022-01-01,2024-01-01,29,7.98079354,14.03921378,9.031864285,11.67436183,21594621.87,6.724360657,11.7445226,7.855901591,9.780046082,16612426.93,2.74610459,4.700181723,3.258603272,3.998949105,15.14588151,1.74009724,3.036490199,1.816238032,2.589851326,16.1097206
629,TSLA,ANN,2022-01-01,2024-01-01,30,10.71353349,11.51710835,11.65390829,10.16074647,23023969.87,8.805654399,9.140012105,9.727122498,7.740990194,17430248.53,3.575824123,3.674628868,4.057039109,3.151221129,15.87371529,2.45196388,2.830964002,2.713145317,2.66398052,17.400862
630,TSLA,ANN,2022-01-01,2024-01-01,31,11.21701606,15.15076808,11.38774119,10.97901227,21612129.38,9.590029399,12.93742371,9.041164653,8.766735331,17473503.47,3.893332399,5.172657697,3.7432677,3.582949242,16.37679485,2.288628305,3.043239965,2.852830776,2.716379123,16.9665421
631,TSLA,ANN,2022-01-01,2024-01-01,32,9.091020293,8.309402315,9.416513698,9.786786652,20350844.08,7.324406942,6.468669128,7.666051737,7.717025248,15914399.2,3.033397027,2.613832585,3.225054879,3.185162828,14.85910723,2.26661323,2.122010345,2.321970818,2.545444771,17.27177691
632,TSLA,ANN,2022-01-01,2024-01-01,33,8.488153919,8.390624143,7.593334352,10.2782043,20880734.52,6.761738078,6.013858541,5.148539734,8.065668742,15739904.8,2.752373912,2.417853009,2.163524236,3.329537645,14.07226791,2.076976165,2.370161916,2.407523214,2.694014614,15.94849318
633,TSLA,ANN,2022-01-01,2024-01-01,34,10.47666219,9.92906942,12.31854959,12.32006968,20712999.05,9.063474528,8.337728373,10.16601817,10.05827993,15824248,3.745184899,3.375553106,4.27612458,4.117373348,14.49860385,2.214334439,2.202626058,2.937846048,2.90202567,16.70492073
634,TSLA,ANN,2022-01-01,2024-01-01,35,10.11153958,11.89129913,8.370121002,14.88612013,22329688.38,8.408877563,9.968488566,6.936345418,12.60784353,17357339.73,3.469352989,4.060458883,2.90293863,5.1962236,15.72543148,2.306568068,2.707227801,1.980847268,3.326474278,16.94711457
635,TSLA,ANN,2022-01-01,2024-01-01,36,7.735178792,8.114835921,6.895358586,8.226623907,23702405.1,6.36362559,6.306403605,5.251412455,6.485176086,18938776.8,2.575591372,2.529959931,2.170170671,2.639234757,18.07129063,1.739524248,2.011248626,1.860778206,2.066785371,18.87630019
636,TSLA,ANN,2022-01-01,2024-01-01,37,12.92077267,15.9291283,11.61868563,10.09539552,21623392.29,10.2691803,13.83556213,9.43151652,8.123901367,16618361.33,4.166922425,5.515856855,3.885994713,3.297250015,15.64740908,3.100941596,3.0743356,2.703724741,2.382729019,17.90577728
637,TSLA,ANN,2022-01-01,2024-01-01,38,14.96217384,13.38279585,10.88290937,11.33351642,21505664.81,12.72787069,9.897497559,8.061360168,9.316514587,16357695.73,5.185540298,3.962232739,3.329902454,3.79883306,14.59315107,3.166305428,3.528516056,2.949779341,2.594345915,16.06317658
638,TSLA,ANN,2022-01-01,2024-01-01,39,8.116307391,8.487929379,12.86368997,10.78379394,21249294.29,6.626033529,6.584979248,10.93871867,8.771168009,16719664,2.710899913,2.647217861,4.53063107,3.580540582,15.40264706,1.891167316,2.151543263,2.728334844,2.522248783,16.54948301
639,TSLA,ANN,2022-01-01,2024-01-01,40,36.39202066,31.89555294,24.73386217,25.5422976,20822102.61,35.79399465,31.2668457,23.99014435,24.26618347,15797233.33,14.60754811,12.55795501,9.954555794,9.882848709,14.75945343,2.324807666,2.345012111,2.28231581,3.086881969,16.90892646
640,TSLA,ANN,2022-01-01,2024-01-01,41,11.26524171,13.44488722,15.56141491,18.07922354,21722601.42,8.332983398,11.38235118,13.2369044,16.04150035,16056270.93,3.47048983,4.618701409,5.575492431,6.617823126,14.19647429,3.209534266,2.945879586,3.507955821,3.513932937,16.21689058
641,TSLA,ANN,2022-01-01,2024-01-01,42,8.793773288,9.863626671,8.931783663,9.436724776,22206867.36,7.098901876,8.167051188,7.041038005,7.248466492,17487811.73,2.912268122,3.28625707,2.939887648,2.953003172,16.30201059,2.11864933,2.200160646,2.30895164,2.443825425,17.48491073
642,TSLA,ANN,2022-01-01,2024-01-01,43,10.15375048,11.86584071,9.760611799,12.10347756,20799206.3,7.951247152,9.552597555,7.761129761,9.487946574,16149523.73,3.259238762,3.856130976,3.217299986,3.882365772,15.32695653,2.540331799,2.82644406,2.413107853,3.028213584,18.00147956
643,TSLA,ANN,2022-01-01,2024-01-01,44,11.14089096,12.77256146,11.311075,12.20002643,22001981.23,9.394852702,10.19017232,8.88193868,10.0883255,17476772.53,3.88102469,4.10601073,3.729060194,4.157667928,16.8793568,2.525423155,3.081804742,2.969917303,2.872715739,18.64765323
644,TSLA,ANN,2022-01-01,2024-01-01,45,8.383071788,9.470381112,11.84096034,9.211830841,21625943.13,6.878475952,6.669439189,9.4079717,7.339082845,17152678.93,2.816002049,2.718840661,3.958689688,2.997481743,16.16623581,1.948307991,2.769731126,3.059538424,2.28319591,17.29224321
645,TSLA,ANN,2022-01-01,2024-01-01,46,11.35814315,10.82182291,10.27063474,15.13095858,22683480.9,9.604083761,9.095089213,8.127016195,13.39338277,17497074.67,3.972579222,3.681844231,3.413837795,5.502315115,15.56555748,2.557071065,2.399679713,2.674659334,2.938242473,16.30700987
646,TSLA,ANN,2022-01-01,2024-01-01,47,9.567212684,12.80044941,10.09128157,11.16803402,20818952.81,8.238860575,10.54582418,8.613235474,8.549570211,16769772.27,3.389461468,4.270480637,3.604184325,3.484222809,15.66756176,2.013041412,2.950131388,2.214732264,2.893584152,16.21116408
647,TSLA,ANN,2022-01-01,2024-01-01,48,11.20932308,10.89262644,12.49236851,10.88307862,21130034.89,9.544577026,8.94405721,10.75337168,8.100534058,15806638.4,3.921627191,3.600855696,4.506096566,3.33302053,14.56120678,2.446003351,2.507833857,2.732906741,2.994761309,17.19467653
648,TSLA,ANN,2022-01-01,2024-01-01,49,9.749727428,7.966751518,8.988777456,8.579627413,21322830.95,7.670993551,6.568134054,7.673927816,6.956946309,16658171.2,3.112251173,2.641539797,3.173823377,2.832475825,15.26455352,2.396698831,1.820451799,1.902263388,2.024002741,17.30539222
649,TSLA,ANN,2022-01-01,2024-01-01,50,12.35820734,13.16421105,11.55647357,14.04822427,21621970.67,10.21888123,11.14530589,9.049784851,11.51376648,16477816.53,4.161148481,4.471687313,3.745297988,4.694676034,15.61403174,2.79217484,2.763176501,2.903746476,3.203634187,18.8999476
650,TSLA,ANN,2022-09-01,2024-09-01,1,10.69891199,10.50101349,11.42377854,12.44135634,22917898.36,7.691703796,8.4831604,8.741541036,9.53621877,17233951.33,3.53208124,3.821947166,4.190341505,4.427234833,21.44726379,3.365232594,2.711966562,3.612660064,3.658114216,18.49683738
651,TSLA,ANN,2022-09-01,2024-09-01,2,13.0732629,13.14060601,12.81459677,13.05478971,24337420.04,10.22611847,10.7379425,9.704912313,10.12256877,20480776.13,4.76148458,4.853219295,4.652252141,4.718065268,27.04191196,3.92579636,3.276123761,4.04653566,3.712050055,18.44741456
652,TSLA,ANN,2022-09-01,2024-09-01,3,12.27711663,12.63680137,13.61792614,14.51623345,22826680.84,9.761352539,10.72735647,11.17267202,11.79755707,18922116.13,4.620716146,4.888309615,5.422225252,5.532592595,24.45383981,3.735572499,3.04086392,3.913382009,4.014462577,16.07262391
653,TSLA,ANN,2022-09-01,2024-09-01,4,10.21212023,9.881342561,11.87640198,11.55177277,23293867.02,7.857600403,8.292879232,9.369869995,9.569079081,18093632.4,3.680298666,3.770774605,4.52620918,4.465242001,23.34212405,3.240425369,2.371636285,3.636525372,2.953624949,19.0548338
654,TSLA,ANN,2022-09-01,2024-09-01,5,20.74886292,21.33432359,21.2452377,22.55233633,34058754.3,16.80263011,17.86169637,17.09406026,18.3603653,30660781.73,7.851861367,8.131515591,8.193050515,8.60212995,40.55563608,5.813763868,5.182545395,6.198330262,6.078882181,23.07928587
655,TSLA,ANN,2022-09-01,2024-09-01,6,11.61556077,12.36557013,12.89121571,13.07496166,26327100.01,8.885917155,10.26743469,10.2391037,10.8022522,22416910.8,4.218881102,4.688348317,4.989150943,5.085540651,29.21122673,3.815902718,3.117971916,4.109660019,3.467930002,19.14909301
656,TSLA,ANN,2022-09-01,2024-09-01,7,12.66439209,8.842438847,11.36124529,10.86168419,18830306.71,9.318195597,6.788370768,8.457140096,8.936124166,14751752.67,4.349684559,3.079966801,4.064268237,4.15700822,18.30104873,4.201164879,2.587439775,3.848089671,2.863453748,12.41095443
657,TSLA,ANN,2022-09-01,2024-09-01,8,12.63763435,12.43880663,11.10542198,12.67665931,22094584.62,10.39333954,10.27793833,8.894697062,10.32703451,17612271.6,4.871999459,4.668470388,4.238004198,4.797007916,22.71104014,3.379056647,3.120450873,3.158913952,3.32168855,16.30120946
658,TSLA,ANN,2022-09-01,2024-09-01,9,13.38295576,14.01835734,13.38232636,15.47330655,22574894.8,9.634651184,10.70957591,9.971838379,11.58421122,18282141.73,4.486510747,4.813415971,4.770316331,5.353625306,23.71763735,4.498089882,3.999459298,4.436579776,4.729821938,16.73967459
659,TSLA,ANN,2022-09-01,2024-09-01,10,11.10783088,13.78069393,11.35757747,13.91805625,21691685.57,8.441572571,11.67986908,8.898209635,11.47170054,16976358.53,3.915360197,5.283236927,4.287930492,5.346631598,21.02446712,3.381361793,3.206599961,3.482190994,3.6752183,14.76168394
660,TSLA,ANN,2022-09-01,2024-09-01,11,11.5059968,10.05140069,11.7060457,11.54332673,21659859.08,8.868496195,7.895543416,9.085941569,8.613257345,15672272.93,4.130518503,3.540101672,4.294384803,4.013531104,19.09875509,3.450772078,2.68626229,3.425460043,3.519126568,14.7469555
661,TSLA,ANN,2022-09-01,2024-09-01,12,15.36509136,14.68647351,12.96634639,16.141894,22170862.69,13.39310964,11.73189189,10.89353892,13.31654714,16940474,6.191358954,5.258237295,5.165612002,6.075608956,21.14833604,3.445948292,3.854379627,3.3659477,4.018050509,16.52721833
662,TSLA,ANN,2022-09-01,2024-09-01,13,12.80764687,12.13684284,11.60516143,13.66765099,24129638.53,10.34755809,9.258663432,8.595975749,10.43856049,18981058.27,4.770688612,4.164456829,4.075831241,4.820380838,24.71040028,3.469656543,3.415191188,3.633168405,3.904272262,19.69799868
663,TSLA,ANN,2022-09-01,2024-09-01,14,14.63475004,12.71990019,12.72391651,14.55117624,20883730.99,11.54679769,9.989508057,9.717229207,11.88405813,16325047.07,5.422130984,4.502456689,4.668036886,5.519977798,20.38777435,4.473817999,3.541233959,4.097336063,3.877396229,14.73302553
664,TSLA,ANN,2022-09-01,2024-09-01,15,16.05671377,16.1731922,16.27255245,18.21661633,22189140.74,12.35753581,13.36654256,12.47336528,14.6911204,18266909.73,5.850174465,6.109720349,6.070506919,6.941711987,23.32329569,5.195170214,4.248702568,5.504524238,5.266977929,15.68584961
665,TSLA,ANN,2022-09-01,2024-09-01,16,10.54145045,9.833258925,12.28208899,11.59664107,20373554.63,7.530863953,7.705436707,8.717543538,9.293305969,14811763.6,3.522062592,3.495593247,4.231420665,4.312927527,18.13658368,3.613309561,2.715301866,4.432860742,3.094179084,13.89241903
666,TSLA,ANN,2022-09-01,2024-09-01,17,10.73499883,11.5705174,10.81971025,11.82506298,23621241.92,8.191210938,8.955388896,8.624656169,9.37477061,18955013.47,3.792089487,4.017099362,4.116771704,4.369094184,24.43364177,3.292032296,3.181983324,3.104987496,3.282302813,18.37031909
667,TSLA,ANN,2022-09-01,2024-09-01,18,12.0873171,12.71820683,12.69055017,15.76990946,22293888.18,9.546392822,10.1807312,9.831147766,13.41011403,17123135.6,4.42418999,4.613509855,4.728406037,6.25842117,21.05819475,3.389703505,3.408539935,4.055025537,3.90102694,15.09696509
668,TSLA,ANN,2022-09-01,2024-09-01,19,14.67304264,13.57099325,13.49259042,13.15165099,20856520.89,10.43846334,10.35764211,10.26249034,10.64251556,16206602.53,4.859250412,4.668018092,4.93809495,4.961389745,20.21795065,4.978053472,3.933127627,4.415037785,3.637117878,15.40317105
669,TSLA,ANN,2022-09-01,2024-09-01,20,10.6459848,10.52985655,10.60928671,11.34870069,24213723.29,8.424435933,8.111623128,8.337453206,8.793532308,19133719.6,3.944672747,3.654926039,4.009849599,4.084388015,24.64011929,3.106494065,2.94355008,3.272704887,3.24835097,19.306983
670,TSLA,ANN,2022-09-01,2024-09-01,21,18.09211102,15.3408873,14.35444841,16.27662976,25680330.21,16.08745219,12.82412262,11.91052144,13.77871501,21079418.53,7.454347495,5.7818424,5.661720193,6.389710712,28.00768687,3.682433041,3.713362687,3.764357578,3.966536816,20.10202162
671,TSLA,ANN,2022-09-01,2024-09-01,22,12.55083291,13.15863431,13.36999567,13.75049639,19345334.23,9.597591654,10.45878601,10.28742574,11.37039388,14330587.6,4.469320787,4.709440574,4.947425189,5.320190947,17.29625592,3.870999165,3.586742431,4.347613421,3.657671003,12.6074888
672,TSLA,ANN,2022-09-01,2024-09-01,23,10.33908595,10.78774175,11.35300371,11.81515836,21706999.28,8.112761943,8.871658834,8.439709981,9.451088969,16113699.33,3.792623794,4.031342366,4.084971622,4.393473311,19.5633124,3.135093259,2.733368436,3.86837234,3.175011535,14.96320419
673,TSLA,ANN,2022-09-01,2024-09-01,24,13.9462886,14.93045157,14.40628006,13.60446073,28038336.86,11.899027,11.71384735,11.52569224,10.98478292,24203918.53,5.528019487,5.290291863,5.488203931,5.103172825,32.24549162,3.389176826,4.117579042,4.042782756,3.678638837,21.02521301
674,TSLA,ANN,2022-09-01,2024-09-01,25,12.03006405,10.04852067,11.87660508,13.2522469,25918973.67,9.105358378,8.479903158,9.797232056,11.27260946,21540525.2,4.268321246,3.872576328,4.703690497,5.282035841,28.23181694,3.825688744,2.447164979,3.304601912,3.268007818,19.89834937
675,TSLA,ANN,2022-09-01,2024-09-01,26,11.92282499,13.31098553,10.58441676,11.00980227,24015863.01,9.200101217,11.12244517,8.547245789,9.089183044,18952236.93,4.310497897,5.051895208,4.110746562,4.216600512,24.74719107,3.570271286,3.254363188,3.081919055,2.850490425,19.40890477
676,TSLA,ANN,2022-09-01,2024-09-01,27,13.194671,11.83362702,12.33726407,12.31403815,23202914.16,11.34580943,9.779940287,10.33508809,9.834618123,18541910.53,5.297643627,4.434706354,4.906263594,4.552893434,23.6674488,3.139194461,2.999336261,3.112931745,3.385633242,17.61775151
677,TSLA,ANN,2022-09-01,2024-09-01,28,16.16582484,12.53919376,15.73225076,15.75234417,22590270.99,12.74327342,10.03308868,12.55897013,12.63426107,17761581.73,5.999200839,4.581397412,6.115017355,5.937721012,23.04400344,4.778312196,3.434873384,4.854930834,4.465964129,18.42084744
678,TSLA,ANN,2022-09-01,2024-09-01,29,10.3491065,12.55277327,11.89253437,14.09825664,21689228.72,7.882009379,9.641203817,9.185087585,11.26830343,16743123.6,3.653610613,4.356897236,4.343587659,5.226253047,21.12564931,3.140143892,3.558951993,3.452120739,3.801098717,16.754823
679,TSLA,ANN,2022-09-01,2024-09-01,30,13.19280955,12.7136688,12.38384421,14.10466305,22826645.58,10.29418793,10.49788411,10.08111623,11.35859324,18573255.6,4.848962319,4.789842948,4.880055158,5.3331646,23.75638879,4.137880411,3.280153462,3.637472414,3.93137576,16.748538
680,TSLA,ANN,2022-09-01,2024-09-01,31,10.49872288,10.42429263,10.42400804,11.59171346,21750672.31,7.81939443,8.178477478,8.116501363,9.414836121,17508286.27,3.618979746,3.654108345,3.882648383,4.377481466,22.33506837,3.327445793,2.813058479,3.18669971,3.0976059,16.10992694
681,TSLA,ANN,2022-09-01,2024-09-01,32,12.03304224,11.48430293,11.91634023,11.48953271,20894222,9.110983785,9.530961609,9.382115173,9.440549215,15119772.93,4.247204175,4.299956141,4.50528606,4.40283429,18.29032255,3.7905833,2.833532865,3.68029168,3.000615862,14.92903022
682,TSLA,ANN,2022-09-01,2024-09-01,33,10.52067318,11.41647979,10.04510709,11.04930174,24855137.79,7.695951843,8.894513448,7.395981852,8.366716512,19803520.13,3.556283761,3.988178991,3.524718745,3.870365357,25.52469376,3.440522977,3.136970783,3.26702197,3.221420634,20.29399481
683,TSLA,ANN,2022-09-01,2024-09-01,34,10.40000043,8.204152132,9.94768156,10.28797328,21333771.07,8.594569397,5.779293823,7.620121765,7.782703145,15700007.6,3.991498814,2.571741422,3.636853312,3.586787765,18.88752849,2.766746529,2.557585101,3.053652211,2.990576336,15.02608912
684,TSLA,ANN,2022-09-01,2024-09-01,35,25.24576992,18.6787284,20.58785211,17.05069188,21669360.26,22.62098999,16.21460215,17.56288045,13.90156047,16329287.33,10.57429458,7.506831902,8.635770305,6.547155235,20.09644626,5.12889567,4.365275668,5.626413499,4.696275655,15.02901898
685,TSLA,ANN,2022-09-01,2024-09-01,36,10.69421379,11.11434898,11.30524775,11.69113937,18673598.92,7.656578064,9.476839193,8.717324829,9.381866964,11839941.6,3.574689591,4.287871486,4.184753331,4.354172039,13.24564992,3.708424088,2.60574331,3.637467655,3.261376289,11.52161976
686,TSLA,ANN,2022-09-01,2024-09-01,37,13.48976266,11.80756747,13.57569643,15.17860377,25284623.89,9.867818197,9.250062561,10.83922475,12.1530777,20242350,4.616563021,4.190188244,5.168405644,5.631777726,26.27837405,4.453294941,3.319023873,3.973759691,4.243491348,20.11106924
687,TSLA,ANN,2022-09-01,2024-09-01,38,14.86585278,11.30943439,12.70868831,13.3026067,22752694.5,11.48281555,8.838726807,9.903005981,10.6808787,16973312.67,5.371998017,4.013040485,4.751736866,4.978671142,21.08459293,4.680826221,3.226613227,3.899701256,3.673353391,16.43147779
688,TSLA,ANN,2022-09-01,2024-09-01,39,10.46638144,9.751265229,12.39359261,12.3180423,23319937.05,7.941163635,7.927565511,9.17378184,10.24113464,19562485.47,3.74735082,3.601844455,4.47678722,4.790436427,25.77016316,3.391237993,2.551442153,4.345563257,3.231617799,17.49570661
689,TSLA,ANN,2022-09-01,2024-09-01,40,12.00643198,11.13943965,12.27605673,12.14935635,19199568.23,9.516235352,9.250963847,9.759984334,9.456800842,14385150.8,4.399022706,4.165793612,4.645249702,4.379465636,17.46681749,3.423814011,2.696885229,3.520847548,3.442633186,13.34529141
690,TSLA,ANN,2022-09-01,2024-09-01,41,17.31482373,14.31201535,16.56927178,13.91639145,24187641.87,14.32890778,12.16928457,13.08600057,11.27278188,19142619.33,6.768901662,5.552309184,6.365849648,5.281799572,24.52556022,4.755906833,3.443412314,5.181523688,3.906233309,19.19887675
691,TSLA,ANN,2022-09-01,2024-09-01,42,11.91786946,10.86322505,11.0733234,11.52769673,20717775.44,8.501066081,8.948976135,8.207939148,9.117963664,16212341.2,3.938874057,4.025431239,3.917554223,4.224933009,20.07772007,3.961760946,2.667116846,3.582894621,3.212069756,14.9095578
692,TSLA,ANN,2022-09-01,2024-09-01,43,9.582938696,8.489658899,9.353210487,10.261038,21810892.71,6.961748759,6.861302185,7.255869548,8.290134684,17049379.87,3.285044569,3.097763991,3.483788049,3.82541329,21.56590069,3.35252256,2.151615168,2.918070221,2.717649126,16.21108129
693,TSLA,ANN,2022-09-01,2024-09-01,44,12.36832146,12.3112868,10.95765154,12.25458668,21425768.84,9.323368835,10.25656586,8.778664144,9.897179159,16856637.73,4.336803242,4.627474739,4.217321187,4.61225377,21.3331579,3.881153299,2.996734693,3.247014255,3.354580458,15.38149599
694,TSLA,ANN,2022-09-01,2024-09-01,45,13.40655069,13.70434846,11.11102261,13.89007573,20902554.64,10.52090454,11.19157562,8.192698161,11.31453145,14884531.07,4.904066291,5.066377486,3.930529456,5.276362019,16.98650068,3.898342876,3.509556443,3.666111369,3.749139141,12.34753856
695,TSLA,ANN,2022-09-01,2024-09-01,46,10.24746624,10.47032145,14.2592802,14.34871363,26360859.72,7.792420451,8.603426615,11.74181671,11.87833913,20529327.47,3.667689192,3.916347117,5.719370656,5.552565258,26.61770969,3.319244268,2.691528212,4.168734793,3.833085172,22.42663415
696,TSLA,ANN,2022-09-01,2024-09-01,47,9.100592038,8.803745011,8.907608884,10.46656187,22408716.92,6.507115682,7.001213582,6.564266459,8.051454163,17889911.87,3.033602504,3.166784535,3.101137694,3.731673335,22.75867315,3.044792317,2.362381804,2.813082799,3.058664961,16.95214891
697,TSLA,ANN,2022-09-01,2024-09-01,48,10.52909643,10.08576843,10.22369426,12.17903545,20521543.38,7.581254578,7.962969462,8.108544922,9.763721212,14972363.87,3.551421719,3.591419275,3.910298014,4.588228575,18.92094108,3.564233369,2.711713016,3.116122718,3.467462479,15.29226081
698,TSLA,ANN,2022-09-01,2024-09-01,49,11.93532506,11.08724509,10.42249071,12.20434756,24866433.51,9.244935099,9.139836629,7.917617289,9.680937703,20793784.67,4.309790801,4.13812488,3.784339232,4.494896613,27.63516124,3.528357088,2.800587685,3.271527828,3.422090959,19.11018037
699,TSLA,ANN,2022-09-01,2024-09-01,50,12.08222663,11.64508442,11.5859916,13.06001093,21754354.93,9.818858846,9.347207133,9.53168691,10.7410731,16619450.8,4.602844453,4.218113532,4.585198816,5.002553913,20.90521037,3.541099288,3.087765212,3.326384582,3.437054709,15.83344806
700,TSLA,ANN,2023-05-01,2025-05-01,1,20.11237878,19.03100577,24.21202146,23.3050959,38454171.98,15.58073832,16.44197439,20.70237986,19.6921641,31633593.33,6.21865453,6.17853373,8.369564086,7.587213329,25.64868116,5.425978148,3.457531984,4.963066671,4.620051601,24.01976346
701,TSLA,ANN,2023-05-01,2025-05-01,2,18.87020257,17.9743733,21.17720108,24.29555329,42170916.74,15.749882,14.89226023,17.42102509,19.49403483,35840461.07,6.206799811,5.627212626,7.246744969,7.693845868,26.39466746,4.220391802,3.94965133,5.341038734,6.067300998,18.11919654
702,TSLA,ANN,2023-05-01,2025-05-01,3,23.29198711,24.21242409,23.9282755,22.61707682,42474429.83,19.74873454,20.93713938,21.2855779,19.2550293,35856758.13,7.723558583,7.853523688,8.723279741,7.491037937,26.77381003,4.740270019,4.39450238,4.64234077,4.544360762,20.26699634
703,TSLA,ANN,2023-05-01,2025-05-01,4,26.98100804,24.71461349,29.641629,29.821939,38326312.61,22.84494476,21.07111308,24.21580861,24.81394602,32104985.07,8.904873938,7.902849558,10.06857804,9.651648897,23.74271716,5.632574541,4.827934102,7.689368398,6.69700364,17.49419786
704,TSLA,ANN,2023-05-01,2025-05-01,5,29.32002875,24.57428196,24.8562407,25.6632572,47873894.9,24.52682393,21.12684072,19.74306234,21.2132609,41016302.4,9.943216622,8.145345562,8.29901297,8.389996409,28.88606876,6.818113951,5.083134732,6.71024447,6.011231664,15.63754144
705,TSLA,ANN,2023-05-01,2025-05-01,6,38.93541433,56.99137973,35.18106743,39.01886003,48125577.47,34.11126963,53.67517649,29.95156097,33.22576548,40859162.67,13.04174395,19.87098188,11.80969958,12.45088095,28.00511336,6.520038462,6.2748118,6.721063821,6.958323173,14.01747034
706,TSLA,ANN,2023-05-01,2025-05-01,7,19.16108917,18.3281551,20.17601103,22.50471332,40270146.57,14.27233124,14.76917369,15.94150696,17.5224177,33828072.53,5.589863569,5.500603306,6.585719877,6.751177495,24.83449,5.041414993,3.908556244,5.317439135,5.285228635,17.29637874
707,TSLA,ANN,2023-05-01,2025-05-01,8,19.82616971,24.95206994,21.78568005,26.80768125,41193798.36,16.23115031,19.98312887,18.53865204,21.51008352,35362709.07,6.308561592,7.36223486,7.497226325,8.15043258,26.4723348,4.346038819,5.237869187,4.50446098,5.658600744,18.78488307
708,TSLA,ANN,2023-05-01,2025-05-01,9,22.71124573,21.35458747,22.19601302,22.08414175,42174809.47,18.16705627,17.32050171,17.38193817,17.69853363,36499290.13,7.146629562,6.346692122,7.080821184,6.777857364,27.61339664,5.593475652,4.284590499,5.858586601,5.003737785,18.68237287
709,TSLA,ANN,2023-05-01,2025-05-01,10,23.81647953,24.35448087,20.99500722,24.87576259,43755020.22,19.81727193,19.62634023,17.31708272,19.97405497,37364796.27,7.787454549,7.308509133,7.139024438,7.700408562,27.62420257,5.155726938,5.109233927,5.094988874,5.598479985,19.10224514
710,TSLA,ANN,2023-05-01,2025-05-01,11,32.97405271,20.74680224,22.47978875,28.46278406,43838071.11,27.04714406,16.0305069,18.07483673,22.51066182,36569538.93,10.89648673,6.047815008,7.561806806,8.944148549,25.67793704,7.976119371,5.033455856,6.077477643,7.279611301,14.74426722
711,TSLA,ANN,2023-05-01,2025-05-01,12,28.90838437,25.2871082,24.93238727,27.48498504,45860499.85,23.94036306,22.06732737,19.72211863,22.88440399,39645385.33,9.526948135,8.343976474,8.261978742,8.965584008,28.24801093,6.888233391,4.80060058,6.926883791,6.279645923,15.56689321
712,TSLA,ANN,2023-05-01,2025-05-01,13,21.41291844,22.21682481,22.0098051,24.13204447,45175155.08,17.74165548,18.00892029,17.90639292,18.94994202,38413137.07,6.951043395,6.697531877,7.378844353,7.298425257,27.88021102,4.862815566,4.690735255,5.744203833,5.838584784,17.69529753
713,TSLA,ANN,2023-05-01,2025-05-01,14,14.83287293,16.18928036,16.74906875,17.5792208,44126905.22,12.53256124,12.65087077,13.47480316,14.65221049,37467667.2,4.962985078,4.721750911,5.606473942,5.625194106,27.2560318,3.281370606,3.688726823,4.45384758,3.635277011,17.85130864
714,TSLA,ANN,2023-05-01,2025-05-01,15,21.47986007,21.12052744,25.04532539,27.70370728,42665440.54,17.08537547,17.52009735,19.80510101,22.09355164,36062267.73,6.859455328,6.566837882,8.350285169,8.855738254,25.97550843,5.561885387,4.360287173,6.999327193,7.246903012,16.19870015
715,TSLA,ANN,2023-05-01,2025-05-01,16,19.22850879,18.22382812,17.89933107,23.34168842,45213788.61,16.42920074,14.43259989,14.9494283,19.99239248,38705561.33,6.431039135,5.383602006,6.058628052,7.651986739,27.37201868,3.971660358,4.16232059,4.085424392,4.42476296,14.65174987
716,TSLA,ANN,2023-05-01,2025-05-01,17,23.40755274,25.30795952,21.72883,26.28551043,46072532.52,18.35786184,21.05325775,18.28940328,21.68525594,40247721.33,7.050233352,7.78863472,7.336315124,8.273637255,29.87293611,5.260019715,4.9008107,4.510957547,5.318548263,18.62552674
717,TSLA,ANN,2023-05-01,2025-05-01,18,18.03962829,22.53419751,29.00949559,24.74714745,43329823.42,13.52082265,19.27672017,24.08101807,20.42898814,36368334.4,5.385261486,7.292657316,10.05909193,8.060039854,28.03453913,5.075357352,4.568339364,7.268511837,5.83213361,23.19651171
718,TSLA,ANN,2023-05-01,2025-05-01,19,35.89064803,40.73047158,29.60668758,45.46698053,46622369.86,29.05397135,34.44853465,24.95731303,36.59252218,39996750.4,11.2759226,12.79678854,10.02901008,13.83595923,28.1619746,7.670766041,7.61395002,6.019133049,9.570538984,15.35739932
719,TSLA,ANN,2023-05-01,2025-05-01,20,22.11456762,24.21842566,23.61774099,25.18331278,44183337,16.5795578,19.24597626,20.38732351,20.37316081,37885194.13,6.370894841,7.148857845,8.322749154,7.727298499,27.97889984,5.427568132,5.209715174,4.965809714,5.112038036,18.11293006
720,TSLA,ANN,2023-05-01,2025-05-01,21,25.50650218,22.99658937,23.11870425,24.0797993,45070088.41,21.32902934,20.27628072,19.50373739,20.01425323,38539164.8,8.480485013,7.648948463,8.116267964,7.765710524,27.57324658,6.030672112,4.007689142,5.602749065,5.111035757,15.10322843
721,TSLA,ANN,2023-05-01,2025-05-01,22,19.50013165,21.11770057,22.99510331,27.65272862,52835561.45,16.51678721,16.74110514,18.70799611,22.18707377,44140868.8,6.533733698,6.23745955,7.460217247,8.561551726,29.4396146,4.125511537,4.765861192,5.109655086,6.514764594,14.49542469
722,TSLA,ANN,2023-05-01,2025-05-01,23,17.69367956,24.9323765,20.4224318,25.21805957,43442894.6,14.2920812,20.29080556,16.854658,19.79813588,37880110.4,5.532411604,7.497861679,6.771228556,7.530755213,28.01053834,3.895759076,5.071516184,4.507548293,5.687842601,17.78233047
723,TSLA,ANN,2023-05-01,2025-05-01,24,41.86940273,37.59306931,33.07777078,40.09928536,41086663.56,34.4145991,31.24259237,26.80960185,32.34802195,35069288,13.81484702,11.89751547,11.14840406,12.8248466,26.62755993,10.00807164,7.953644535,8.446117287,9.639020554,20.12590945
724,TSLA,ANN,2023-05-01,2025-05-01,25,27.49426592,30.81856265,25.22611342,33.48592885,45427626.21,22.67086538,25.25130819,21.54908396,27.50273692,38998652,8.775705734,9.313901591,8.690976146,10.42248564,27.96684481,5.557140368,6.122266207,5.139782484,6.751660592,16.16382914
725,TSLA,ANN,2023-05-01,2025-05-01,26,21.13579285,21.71522649,18.56543511,20.99030637,44518467.37,17.5348053,18.31297658,15.08061981,17.3927302,38046148,7.122260095,7.045631044,6.277712066,6.753275285,28.55546592,5.211349986,4.73954176,4.773980154,4.520326363,20.26766638
726,TSLA,ANN,2023-05-01,2025-05-01,27,21.34313514,23.89551199,22.99188816,26.01899204,43901794.86,16.85159403,19.27175954,20.1891098,21.49978027,37408395.2,6.533129981,7.117181753,8.254518031,8.289548151,28.08327037,5.002306266,4.981952856,4.795412842,5.459205678,20.5069399
727,TSLA,ANN,2023-05-01,2025-05-01,28,23.12499728,24.46754406,21.20433201,23.53487657,45223387.33,19.66798757,19.99950358,17.41694946,19.15173289,39054428,7.622967478,7.409413391,7.141622857,7.434715116,29.01479224,4.467659577,4.951661799,5.06700695,5.221938595,19.520034
728,TSLA,ANN,2023-05-01,2025-05-01,29,22.3682606,24.14945536,17.67353249,24.05510001,41639612.15,18.5442749,19.10655416,14.8032491,19.434758,34928780.27,7.134743947,7.049708323,6.02791095,7.368349437,25.36436066,4.49211074,5.144537065,3.983586416,5.002719001,17.39136185
729,TSLA,ANN,2023-05-01,2025-05-01,30,22.6974502,22.71661385,23.705632,24.39836761,43132669.12,18.36611989,17.8997762,19.66895905,20.54148102,36498804.53,7.266156437,6.638300654,8.125487495,8.00048568,28.23693947,5.478220302,5.031986737,5.9139927,5.153631674,22.30558164
730,TSLA,ANN,2023-05-01,2025-05-01,31,19.21507496,24.50818851,19.04307214,26.69738863,41941648.43,16.2256429,19.6614919,15.49068451,22.15644023,34824266.13,6.289380006,7.312775223,6.288351001,8.445939724,26.2373963,3.987790593,5.391564156,4.468742653,5.467631658,20.67504345
731,TSLA,ANN,2023-05-01,2025-05-01,32,23.58241227,22.50900993,25.11288171,28.75087612,42942381.63,18.87805939,18.80824076,20.70165151,23.56961619,36365730.93,7.528845442,7.060920585,8.646539735,9.259705327,26.92568865,6.091982885,4.554008288,6.501384536,6.791714642,18.97140589
732,TSLA,ANN,2023-05-01,2025-05-01,33,19.51895599,18.98836195,18.31627658,19.70738294,42333745.31,15.63098857,14.09562073,15.86349131,16.23017578,36244764.8,6.128428154,5.259274325,6.534483544,6.273754983,26.75961501,4.753384241,4.697980562,3.934441554,4.147818363,17.69751084
733,TSLA,ANN,2023-05-01,2025-05-01,34,25.00153139,21.36753272,22.88906547,21.9815338,45473211.35,19.9460495,16.93649851,18.37652028,17.91579386,38936437.6,7.784508973,6.30988637,7.540597777,6.964060839,28.66311849,5.928366716,4.615592129,5.851090557,4.985639541,18.35265356
734,TSLA,ANN,2023-05-01,2025-05-01,35,25.26609845,19.46079246,21.49246422,22.4822046,43669009.13,19.97300313,14.55693461,17.64928589,17.63667959,36779332.8,7.771758803,5.3415186,7.224085483,6.68716491,27.98641103,6.051697412,4.538268956,5.197226192,5.071658695,22.46361029
735,TSLA,ANN,2023-05-01,2025-05-01,36,21.6116185,21.80976105,17.53911912,21.58367311,42260132.33,17.27001139,17.26484121,14.49041341,17.27903849,36279188.27,6.679187941,6.370502583,5.856017729,6.606266601,26.41984001,4.830932084,4.675619132,3.935527212,4.643235815,16.37845396
736,TSLA,ANN,2023-05-01,2025-05-01,37,25.44833867,22.46316332,23.20284423,26.84655968,47248171.52,20.20389506,17.63965912,18.99190267,21.44807281,40600989.33,8.006017485,6.573148986,7.853831588,8.353628489,29.66821608,6.535582655,5.133176404,5.918346097,6.478400053,18.56945506
737,TSLA,ANN,2023-05-01,2025-05-01,38,39.84100856,31.81190747,42.11353165,33.35478786,40396181.95,33.70529887,27.19191132,34.85674235,26.91862895,33408851.47,13.64959685,10.40642564,14.49937885,10.81704985,26.53670466,9.232092233,6.61042643,10.4498782,8.534751325,23.16575594
738,TSLA,ANN,2023-05-01,2025-05-01,39,21.59987395,24.60790228,21.79774889,24.86484946,43232380.32,16.57505544,19.65314026,17.70799459,19.43936462,37267295.47,6.442348147,7.222503765,7.188977845,7.450138402,27.50251623,5.380620781,5.111252582,5.337545022,5.883898285,17.37290808
739,TSLA,ANN,2023-05-01,2025-05-01,40,25.70987725,18.65275559,28.21496234,24.3504173,41983836.13,22.25340932,15.66719716,23.39264577,20.87104645,35902558.93,8.945455943,5.891171816,9.76548209,8.24155325,26.71242021,5.637037529,3.859678513,7.032815678,5.389948597,18.13398425
740,TSLA,ANN,2023-05-01,2025-05-01,41,21.44784637,21.15168956,21.98031665,25.68619784,41817015.5,18.37116191,17.33064626,18.8587031,21.99346822,35426234.67,7.167328025,6.438844189,7.766506047,8.398642303,26.51736524,4.273464046,4.290331204,4.934730985,4.661799609,19.23592101
741,TSLA,ANN,2023-05-01,2025-05-01,42,24.48023179,20.97929591,23.12009914,25.31372085,43410843.69,19.97803701,16.69355927,19.38473409,20.52592621,37025440.53,8.008723364,6.281019484,8.07568108,8.097030698,27.78548734,6.076436706,4.781750447,5.703834282,6.142658322,19.85905372
742,TSLA,ANN,2023-05-01,2025-05-01,43,21.18035571,23.52606645,21.67232354,24.06599733,43937122.42,16.74327443,19.22656708,17.73944092,19.69350128,37861878.13,6.612642529,7.216635922,7.379728642,7.709116608,27.98894251,5.182807248,5.004710027,5.469840559,5.396386449,18.88904366
743,TSLA,ANN,2023-05-01,2025-05-01,44,23.74045497,20.67231745,23.64571586,24.31363521,43870589.4,20.05871328,17.74427541,19.63919474,20.58651174,37146960,7.957824031,6.709494779,8.156290209,8.019016912,27.03200865,5.351194912,4.030485669,5.816553077,5.219141958,17.64343784
744,TSLA,ANN,2023-05-01,2025-05-01,45,23.09073094,20.11560473,24.99812282,21.89299797,44681204.18,18.06664225,16.81335907,20.02459513,17.18786977,37451870.93,7.206322569,6.443810938,8.417708909,6.780345355,29.17471728,6.093907306,4.482609538,6.899986635,5.646600816,23.72246523
745,TSLA,ANN,2023-05-01,2025-05-01,46,22.76024383,23.32323824,19.85596113,24.89178311,40601498.15,17.96776632,18.43271993,16.41734721,20.68630117,34255048.53,6.876973785,6.792825053,6.653233618,8.01924206,25.90115116,5.049182718,4.996018208,4.466397665,5.331021735,19.58943818
746,TSLA,ANN,2023-05-01,2025-05-01,47,18.85693758,21.86596205,18.69511299,22.60997704,43668333.03,14.98943888,18.12618154,15.38700104,19.01379852,37652989.07,5.84943589,6.755796438,6.281734315,7.259219273,27.63464108,4.458445765,4.400372121,4.490332751,4.490897848,17.20167819
747,TSLA,ANN,2023-05-01,2025-05-01,48,20.13442764,17.74577352,21.99370796,21.04429114,44993995.64,14.80154928,14.05377452,18.39254608,17.01301524,38573302.67,5.910077197,5.327450389,7.511276628,6.649520109,29.04208387,5.712873128,4.243248849,5.043727587,4.981328916,21.38864924
748,TSLA,ANN,2023-05-01,2025-05-01,49,20.03452228,20.75006327,20.55616821,20.05552515,43683589.83,16.58689168,16.82953084,17.18218638,16.52601471,37852245.33,6.539327967,6.281950745,7.069294753,6.382054666,28.34968121,4.523649513,4.421918023,4.849513867,4.188710424,19.14751006
749,TSLA,ANN,2023-05-01,2025-05-01,50,26.0479913,26.34879672,24.69242154,30.73394185,43369162.83,22.07338308,21.41094208,20.99822133,24.49162038,36893276.53,8.537328412,7.915621467,8.390045897,9.180490785,28.00435483,5.015229428,5.304423025,4.887204633,6.415063931,21.34750067
750,TSLA,ANN,2024-01-01,2026-01-01,1,26.32789012,23.88444157,29.22191208,30.42992446,26116887.67,20.99751994,18.24389038,23.96888428,23.74122925,22964667.6,4.559640285,3.904191692,5.280402774,5.177700667,37.0565828,3.317370392,3.156527166,3.488398168,3.965192708,32.30374646
751,TSLA,ANN,2024-01-01,2026-01-01,2,17.53379589,23.56641289,16.23273557,21.91787482,28042647.04,14.4495341,18.24222107,13.42116191,17.00223287,24031222.8,3.229715997,4.003652452,3.006002734,3.866175555,40.28071152,2.186179134,3.22810877,1.941860515,3.161685312,36.47741889
752,TSLA,ANN,2024-01-01,2026-01-01,3,22.67803235,19.97778563,17.80978643,19.79773966,25362566.62,17.61584676,15.71211751,13.93049927,16.35190938,21634983.6,3.890975502,3.415489223,3.120778971,3.629207341,35.44414309,3.098130375,2.608044206,2.410340498,2.391550792,33.25694846
753,TSLA,ANN,2024-01-01,2026-01-01,4,16.3960523,18.73336353,22.8297808,20.82084522,24539410.36,13.74397786,14.80774841,19.54967041,17.72890116,21478257.2,3.067187449,3.222995183,4.358485678,3.943294469,34.87024484,1.983785661,2.432899536,2.52232898,2.420164914,30.9328623
754,TSLA,ANN,2024-01-01,2026-01-01,5,48.24823808,50.19452689,54.94492555,46.58626544,21884916.42,47.49379272,48.32125244,53.85586344,43.87119039,19132058.53,10.62579587,10.66987799,12.2314978,9.8333977,29.90270476,1.934538593,3.110099288,2.390620692,3.48855446,26.82438984
755,TSLA,ANN,2024-01-01,2026-01-01,6,15.7810035,16.73303256,22.78437752,20.98218584,35344569.92,13.37457682,14.02550151,18.78104451,16.40618083,29619819.87,2.94696553,3.047737131,4.170212392,3.602660062,50.65607102,1.76237703,1.929282009,2.728142542,2.754806693,45.24661439
756,TSLA,ANN,2024-01-01,2026-01-01,7,14.97492598,12.89499705,25.44893639,15.12549847,27048777.36,13.12857666,10.82167257,23.28050334,11.80499776,23213970.8,2.914182674,2.357541271,5.245625135,2.618983273,38.91696493,1.549607534,1.475912756,2.202691749,2.072665824,35.29670944
757,TSLA,ANN,2024-01-01,2026-01-01,8,35.71285181,39.27525695,49.68743276,37.14853851,21791902.02,34.17336222,37.39820658,47.98982035,34.69296468,18493760.4,7.611561186,8.202236524,10.83992742,7.719361725,27.68921643,2.198787132,2.503384909,2.633085488,2.848124958,25.17841272
758,TSLA,ANN,2024-01-01,2026-01-01,9,14.68137837,14.05714114,12.02074208,18.1972845,25538485.07,11.26166992,12.50955098,9.823948161,14.50948181,22820162,2.49632984,2.743946228,2.241920338,3.283432736,36.71551574,2.046826499,1.403435153,1.576790209,2.563746707,31.57279963
759,TSLA,ANN,2024-01-01,2026-01-01,10,21.41292394,24.35274919,26.1511852,40.30019967,26257477.28,18.85388896,20.8132609,23.23226624,36.76879171,22505619.87,4.223892372,4.565180461,5.220575386,8.138119149,36.35845249,2.236841738,2.698971054,2.601347,3.456298073,33.95095856
760,TSLA,ANN,2024-01-01,2026-01-01,11,20.94502563,17.29102631,29.6472815,21.69465215,23633696.52,17.4194753,14.43523153,26.81360372,17.17070109,20734719.6,3.865544803,3.147741572,6.049266916,3.81939175,32.7575686,2.508964171,2.013610118,2.748425676,2.909093617,28.3136159
761,TSLA,ANN,2024-01-01,2026-01-01,12,16.88647749,20.44131665,19.85531519,18.96228325,26296336.79,14.5874349,16.96404521,16.5401296,15.55140686,22752487.07,3.226858622,3.716742135,3.776696737,3.445627228,37.28602383,1.821018133,2.461840977,2.53501717,2.389142524,34.41838899
762,TSLA,ANN,2024-01-01,2026-01-01,13,16.81242458,15.84098004,17.86211669,17.47336281,27222256.03,13.23552958,13.51479492,15.33931173,13.720696,23666655.87,2.978556277,2.961856259,3.460167985,3.068378529,39.10576968,2.348389362,1.794081674,2.044357275,2.425398879,34.75885899
763,TSLA,ANN,2024-01-01,2026-01-01,14,26.57206053,37.57016222,11.95627654,18.92721287,35176299.92,24.11184184,34.25180868,9.783701579,15.00776164,29609357.73,5.361628123,7.518934171,2.215739392,3.362086442,50.46444466,2.450455846,3.346306676,1.520274446,2.529743814,45.40006685
764,TSLA,ANN,2024-01-01,2026-01-01,15,15.31721734,16.77646016,17.37852576,17.44493508,26081407.05,12.66244303,13.66145426,14.45982056,14.50493571,22360155.87,2.783865077,2.987509269,3.253895465,3.245089217,36.64594836,1.824470326,2.148586404,2.063054288,2.130078233,34.2840004
765,TSLA,ANN,2024-01-01,2026-01-01,16,65.36051286,62.07721413,56.58835128,47.42667516,23343919.81,63.68743896,59.96382039,54.56081136,44.39822286,20717908.67,14.11376573,13.09345058,12.26185883,9.791658466,32.45096021,2.695993658,3.145099366,2.782870518,3.402161854,27.64801802
766,TSLA,ANN,2024-01-01,2026-01-01,17,12.91608354,14.89193841,11.57176823,14.87437869,27957114,10.12490438,12.2689738,9.805322266,11.34316711,23966494.27,2.244935781,2.685464031,2.251811659,2.551136652,39.99917414,1.747481766,1.832661179,1.441316952,2.203354646,36.25510685
767,TSLA,ANN,2024-01-01,2026-01-01,18,22.96214662,17.54086608,25.2777636,18.62755924,34612217.56,20.41175944,13.86506551,22.44394836,15.50502421,29721526.53,4.579176537,3.016160408,5.102380758,3.474782016,49.93265588,2.37578188,2.273902681,2.663259553,2.23726078,43.34118459
768,TSLA,ANN,2024-01-01,2026-01-01,19,20.73670886,22.75716468,19.43054152,20.95594806,23012767.61,16.56164449,18.88938497,16.73462016,18.01087952,19729719.87,3.651731231,4.07839596,3.776096933,3.996995173,30.32752348,2.629317902,2.602871137,2.190190627,2.263499117,27.14408992
769,TSLA,ANN,2024-01-01,2026-01-01,20,17.1119529,15.31162819,21.90670486,24.33899399,24976968.52,14.26149597,12.85150859,17.89524231,20.36807353,21727279.6,3.119077818,2.812178905,3.976423168,4.448943343,35.32981148,1.943543969,1.788580445,2.660719973,2.749934832,32.247787
770,TSLA,ANN,2024-01-01,2026-01-01,21,15.21380664,17.22659268,14.3422479,18.12470004,26406909.68,11.862264,13.91839905,11.94592285,14.35428263,23381670.53,2.629805031,3.028189164,2.691362827,3.189647564,37.4375395,2.076893455,2.155488749,1.74762228,2.35442531,32.09288424
771,TSLA,ANN,2024-01-01,2026-01-01,22,12.37739818,17.47982595,16.12966132,19.03136241,26633894.95,10.95979818,14.24956462,13.93100891,15.93917542,22949879.6,2.442154254,3.093412438,3.168798174,3.523863775,38.38279709,1.259319113,2.106755789,1.864278729,2.218267143,34.85546552
772,TSLA,ANN,2024-01-01,2026-01-01,23,52.36293222,53.7922905,36.58489524,34.24569358,28156461.53,50.83980815,52.08450114,34.23792013,30.97426758,24088924.13,11.25633102,11.40485293,7.722896276,6.853134167,40.45490146,2.345632288,2.749541566,2.768779845,3.089922262,36.72678199
773,TSLA,ANN,2024-01-01,2026-01-01,24,22.70904608,21.48870007,28.23419801,23.57129189,28701752.56,18.13555094,15.53213908,21.76344096,17.36434733,24520826,3.978603221,3.363078948,4.886033961,3.848796988,40.7682233,2.873287551,3.154545393,3.920156034,3.471328222,37.75483116
774,TSLA,ANN,2024-01-01,2026-01-01,25,27.99919058,29.94713286,14.99920098,26.67591982,24273014.14,23.5209788,23.05635681,12.67185262,20.96153971,21192837.73,5.160070973,5.019042545,2.876205538,4.660708587,34.1154458,3.185350672,4.052587728,1.79336339,3.62411544,30.91763988
775,TSLA,ANN,2024-01-01,2026-01-01,26,27.91665047,21.17041973,31.80013305,32.90519416,26851996.39,25.07400309,18.28463135,27.2146637,29.22913106,23266679.33,5.601713645,4.072924513,6.116240232,6.511400101,37.49698306,2.715934071,2.492387705,3.497610737,3.275983204,33.6176882
776,TSLA,ANN,2024-01-01,2026-01-01,27,12.44449103,13.4353705,16.68903009,17.15052025,25075682.3,10.27053426,11.43257751,14.4545461,15.03705546,21888327.87,2.261876979,2.506184171,3.247003458,3.341929389,35.9890811,1.499656722,1.499654837,1.810687101,1.782305914,32.40223366
777,TSLA,ANN,2024-01-01,2026-01-01,28,18.30626513,22.32211921,17.84919405,21.31508931,26511357.32,15.11938985,18.30450643,14.13781331,16.87830302,23003471.33,3.309541935,4.046988907,3.177244616,3.748589724,38.20565132,2.125400461,2.831114626,2.355047532,2.812499389,33.91890448
778,TSLA,ANN,2024-01-01,2026-01-01,29,33.40218178,35.91158456,41.22652127,41.13275598,31127273.41,31.62361247,32.54741923,39.70392151,35.25127665,26599166.27,7.059879036,7.124136932,8.960427127,7.781603732,44.90594015,2.349047232,3.161669112,2.298286883,4.442623498,40.18226639
779,TSLA,ANN,2024-01-01,2026-01-01,30,18.32544357,23.86877404,26.98743918,22.26338837,26645496.71,14.7094106,18.89163106,21.73841146,19.38219808,23044554.53,3.212037576,4.123300422,4.809612344,4.271284486,37.88719188,2.302457128,3.161964099,3.341388434,2.343906011,35.22692949
780,TSLA,ANN,2024-01-01,2026-01-01,31,35.97666995,49.27089047,22.62571539,32.74698955,29331439.21,34.25078939,45.85288493,19.77444356,28.50492249,25332748.93,7.65861773,10.03700221,4.459513175,6.378773941,42.52266187,2.498986313,3.846244945,2.437446018,3.609547059,37.99968797
781,TSLA,ANN,2024-01-01,2026-01-01,32,58.63913387,25.83174034,42.362575,46.32994755,23835020.01,57.31872253,22.72552083,40.50328776,42.74972636,21182208.4,12.78218072,4.971001605,9.164853069,9.481419056,33.89634297,2.612191577,2.637298823,2.727444362,3.831677128,29.09115285
782,TSLA,ANN,2024-01-01,2026-01-01,33,21.0970604,15.7269219,23.29908936,22.65314606,29078863.01,16.97171834,12.54960836,19.04934387,18.1630188,25393825.73,3.743985961,2.727645451,4.243973803,3.980821651,42.22311573,2.645258813,1.993515168,2.861902005,2.888694222,36.65354885
783,TSLA,ANN,2024-01-01,2026-01-01,34,17.18064536,15.03142042,17.96171388,19.3673737,22153719.76,14.94090576,11.65753988,14.32911682,15.83184102,19569492.93,3.263664683,2.536919253,3.211034663,3.518576482,30.89438339,1.770066478,2.009158764,2.332295801,2.459057291,26.99237029
784,TSLA,ANN,2024-01-01,2026-01-01,35,17.70403954,18.92997042,19.71958992,19.66750698,27373485.25,13.8789683,14.25192566,15.23333435,15.93599955,23536054.27,3.020916113,3.088029176,3.382823814,3.525650904,39.24654381,2.297636422,2.626751465,2.647055412,2.461981168,35.43999324
785,TSLA,ANN,2024-01-01,2026-01-01,36,18.58857452,16.36198785,22.92406392,18.96404016,23840332.08,14.7413442,13.58198649,19.09098714,15.51338298,20862254,3.269848045,2.971138871,4.317010445,3.439231577,33.20197865,2.428852531,1.950787773,2.822577435,2.428182774,30.30565415
786,TSLA,ANN,2024-01-01,2026-01-01,37,40.11416157,22.79358256,33.26125794,24.15820958,28866124.12,37.78200989,19.1435201,30.93123474,20.27814331,25266265.73,8.503915623,4.28679303,7.070919888,4.575907872,41.26120944,3.156883651,2.890400585,2.854595554,3.03946883,36.65986591
787,TSLA,ANN,2024-01-01,2026-01-01,38,19.04470306,22.40960796,15.53008871,22.39310517,28939167.88,14.82630819,17.62573344,11.98554281,18.70380961,25041473.47,3.320802312,3.768357569,2.715931148,4.14467034,41.67339651,2.646164616,2.813195335,2.232837227,2.599225942,36.83970238
788,TSLA,ANN,2024-01-01,2026-01-01,39,37.69070041,31.34675713,21.00216923,22.95157159,28027470.01,35.64561768,28.53870138,18.23982646,19.75571594,23951632.67,7.884531602,6.212134708,4.113845354,4.372695026,40.32892386,2.521768404,2.750039965,2.259469806,2.548599626,37.03685585
789,TSLA,ANN,2024-01-01,2026-01-01,40,32.41460667,22.96554308,21.93669694,20.08848124,24605909.79,30.14819946,18.66587524,18.50437012,16.49649963,21604644.93,6.694698697,4.015228597,4.128927173,3.606331536,34.82992116,2.516298053,2.749366809,2.499730593,2.356082853,30.77246605
790,TSLA,ANN,2024-01-01,2026-01-01,41,26.9246141,23.48325813,22.26118785,27.04714597,27848521.91,21.16519877,17.92788696,17.21093038,21.25481974,23856497.2,4.554167945,3.816148974,3.817514778,4.603920744,39.87518746,3.375329029,3.077338866,2.95611844,3.435293607,36.35797204
791,TSLA,ANN,2024-01-01,2026-01-01,42,26.12783289,15.12834059,22.87088285,25.65221713,27770369.04,22.54057515,13.09331665,18.67247518,21.30211995,23828247.87,4.937283308,2.872519105,4.139557238,4.686892247,39.83218217,2.747032089,1.618084565,2.80346043,3.110802145,35.74768096
792,TSLA,ANN,2024-01-01,2026-01-01,43,21.17754826,25.44223607,22.02366565,21.57336136,28083535.39,19.0136912,21.15658671,18.97883911,17.79954122,24472645.47,4.268972697,4.746308737,4.372896746,4.004023186,40.14840974,2.128578075,3.238389301,2.678686703,2.807836362,35.01923065
793,TSLA,ANN,2024-01-01,2026-01-01,44,38.2491729,42.03522939,31.30172752,38.9230177,30039813.76,36.59906413,38.88520101,28.52702637,36.60282084,25674817.2,8.156547602,8.522511985,6.487626036,8.197266542,43.38908214,2.316467099,3.368501758,2.883188483,2.957566212,38.83443679
794,TSLA,ANN,2024-01-01,2026-01-01,45,15.80550088,18.43880547,23.50642857,23.55349788,25814542.67,12.94398702,14.43944295,20.21529541,18.5516866,22843751.33,2.844156334,3.138065032,4.51056351,4.05207798,36.81762647,1.901428125,2.44468455,2.572311903,3.103551295,31.7710218
795,TSLA,ANN,2024-01-01,2026-01-01,46,32.51798211,21.96342719,35.46734856,30.05825167,27627266.62,30.63169149,19.19314677,33.54726054,26.71888835,23856031.6,6.820218047,4.191702867,7.560146454,5.913598933,39.41223133,2.315239093,2.295784533,2.391165516,2.923513951,35.81132881
796,TSLA,ANN,2024-01-01,2026-01-01,47,17.29532117,23.07296826,17.32772601,23.04649268,23191399.4,13.4384318,18.12971497,14.631073,18.98741659,20482327.07,2.987810708,3.999834342,3.320766168,4.280217533,32.93615046,2.353586744,3.12836582,2.106718641,2.927007577,28.61753731
797,TSLA,ANN,2024-01-01,2026-01-01,48,24.92095365,17.99211399,33.90038464,27.80079752,23155394.08,19.90529989,14.65046895,30.99065755,22.75684408,20392271.33,4.329945578,3.128312374,6.934305358,4.971497394,30.813838,3.079648254,2.077361356,2.828484868,3.326897933,26.05165748
798,TSLA,ANN,2024-01-01,2026-01-01,49,20.00220649,22.02333603,26.74375969,20.80789784,30348493.7,17.55175476,19.39681905,24.08098246,16.83486328,26216771.33,3.914371545,4.237707451,5.465207489,3.687425491,44.00501467,2.132940034,2.253156229,2.661865682,2.624648788,38.65900185
799,TSLA,ANN,2024-01-01,2026-01-01,50,21.66916274,21.71236813,20.6944706,20.69327533,26477804.42,17.02555033,17.9124054,18.04581197,16.42674764,23133237.2,3.710635334,3.869403013,4.045523027,3.641582008,37.61491595,2.811335028,2.536878439,2.185918491,2.735859518,33.74467256
800,CNQ_TO,ANN,2022-01-01,2024-01-01,1,2.488700091,1.09902395,1.092111456,1.320217827,12353866.52,2.335268297,0.880168953,0.914124515,0.954419708,9599882,6.000671022,2.25100408,2.344690491,2.471238498,75.89791654,2.254936161,1.709571267,1.50963161,2.396069999,115.1642684
801,CNQ_TO,ANN,2022-01-01,2024-01-01,2,1.303767085,0.963814117,0.962137738,1.52661365,14175688.73,1.05889053,0.806425042,0.812172412,1.307550812,10656222.37,2.677688375,2.033813498,2.098305248,3.316061694,70.26665529,1.887309172,1.304996471,1.343748873,1.958512308,94.06231852
802,CNQ_TO,ANN,2022-01-01,2024-01-01,3,2.774679317,1.320121118,3.163953865,1.236544623,14646992.86,2.578813703,1.119316983,2.983182016,0.926707967,10268632.97,6.633570809,2.813565129,7.667656543,2.410175499,61.27937604,2.72348988,1.734203985,2.609362277,2.167619748,92.06689818
803,CNQ_TO,ANN,2022-01-01,2024-01-01,4,1.998505467,1.729794064,1.295489741,1.984916732,12870978.12,1.863491844,1.55677553,1.064394176,1.751453018,9312060.7,4.792024744,3.966885282,2.779938919,4.528173262,63.57222096,1.903739368,1.949010296,1.958699507,2.497881483,96.11478405
804,CNQ_TO,ANN,2022-01-01,2024-01-01,5,1.159078949,1.750199593,1.976601951,1.880068779,14074998.54,0.916303558,1.534244803,1.792494984,1.704397837,10627945.33,2.335253587,3.877203674,4.611165593,4.355104073,74.02263842,1.806843177,2.111500144,2.08944988,1.998565699,100.2166575
805,CNQ_TO,ANN,2022-01-01,2024-01-01,6,1.019073095,0.869941874,1.59355431,1.373486335,12911134.3,0.847144793,0.724016178,1.365354786,1.09136378,10011210,2.175066464,1.837132996,3.491285053,2.789414448,79.13331207,1.467994847,1.218137045,2.03682861,2.145444541,116.0006327
806,CNQ_TO,ANN,2022-01-01,2024-01-01,7,0.825716177,0.990373324,1.157857155,0.881822807,13040628.71,0.652767548,0.792999766,0.848650429,0.706109746,9699981.067,1.679961838,1.998940347,2.227679594,1.81899611,67.10565079,1.320592724,1.472635328,2.106431427,1.384621679,92.69217826
807,CNQ_TO,ANN,2022-01-01,2024-01-01,8,1.981947655,1.769209698,2.058165878,1.497901237,13832908.09,1.611647179,1.434666975,1.654197181,1.162130356,10663522.43,4.148821699,3.656811807,4.301654644,3.009659598,79.26889784,3.018853231,2.684137505,3.258883155,2.500325779,115.0690163
808,CNQ_TO,ANN,2022-01-01,2024-01-01,9,1.448585666,1.222310011,1.327913928,1.705581145,13960464.09,1.258921134,0.961632824,1.010105061,1.281809235,10799966.47,3.210433508,2.454621513,2.627111868,3.322275259,80.46801819,1.794858563,1.952961321,2.276411248,2.973886296,104.9507846
809,CNQ_TO,ANN,2022-01-01,2024-01-01,10,1.385734391,1.679926816,1.494107772,1.343955168,14248661.96,1.004252357,1.202500126,1.068295553,0.952485911,10492655.7,2.601511985,3.097909642,2.81202742,2.474864943,70.91258402,2.527872728,3.068195877,2.799443098,2.515380325,101.2167124
810,CNQ_TO,ANN,2022-01-01,2024-01-01,11,2.118518738,1.954996466,1.802533348,2.394507039,13281839.39,1.800195792,1.636588167,1.40847951,1.997728729,10042076.13,4.628134568,4.170474023,3.67924824,5.154339807,79.38997308,2.921492434,2.786063989,3.003214346,3.496281829,139.6386934
811,CNQ_TO,ANN,2022-01-01,2024-01-01,12,0.94338344,1.033391774,0.979582411,1.295875459,14127473.91,0.725819479,0.775286383,0.725697245,0.995086288,10475532.73,1.87240032,1.981607343,1.896997596,2.583537136,69.80069413,1.585495903,1.776222999,1.747621078,2.195483175,95.20833286
812,CNQ_TO,ANN,2022-01-01,2024-01-01,13,1.077752082,0.999744582,1.039766106,1.280956574,14313678.17,0.908520027,0.850111306,0.880778047,1.088798014,10742406.07,2.318698653,2.165933892,2.275118538,2.799219015,71.52206551,1.463922829,1.362325441,1.415532629,1.773845329,92.63055436
813,CNQ_TO,ANN,2022-01-01,2024-01-01,14,1.086048371,1.129448786,1.007647054,0.992289295,13648623.36,0.85228316,0.933566336,0.81204591,0.810092036,10420547.47,2.167462391,2.368064328,2.107530087,2.087340167,81.89834005,1.686568876,1.607634712,1.563717858,1.511253642,118.3804411
814,CNQ_TO,ANN,2022-01-01,2024-01-01,15,3.276907039,2.24986604,1.652866891,2.476001313,12907312.75,3.14935305,2.099800475,1.420445736,2.282240677,10030942.23,8.102737304,5.350461038,3.707825595,5.889671959,78.11826746,2.440687778,2.128568043,2.242049948,2.586614079,110.4513224
815,CNQ_TO,ANN,2022-01-01,2024-01-01,16,1.993755138,2.298513902,1.908662386,1.802015109,14056807.53,1.767608139,2.112263378,1.717622312,1.546196874,10029065.1,4.497127413,5.317420489,4.407964608,3.930249587,59.06156082,2.292561691,2.204629707,2.078465329,2.314318655,73.94092246
816,CNQ_TO,ANN,2022-01-01,2024-01-01,17,1.023649595,0.89945047,1.058335131,1.073630039,13942737.03,0.837908588,0.762959569,0.859588419,0.879328791,10437452.87,2.155378527,1.930660811,2.234303131,2.254064647,72.07806044,1.551985952,1.201920339,1.640529948,1.616820217,110.8048128
817,CNQ_TO,ANN,2022-01-01,2024-01-01,18,1.331345938,1.016106071,1.108713331,1.230635586,13920178.69,1.088870203,0.760804775,0.904507316,0.87887764,10549847.23,2.81212388,1.943903195,2.346330789,2.282246917,77.01573227,2.016724534,1.747528055,1.67407911,2.280819703,108.3396109
818,CNQ_TO,ANN,2022-01-01,2024-01-01,19,1.48382548,1.042052593,0.919963293,0.93224033,14219063.72,1.30287773,0.867800687,0.734823089,0.756870397,10349333.77,3.317481717,2.183256419,1.886921967,1.94592562,67.3788909,1.766376906,1.42089219,1.401922042,1.408632084,94.41092382
819,CNQ_TO,ANN,2022-01-01,2024-01-01,20,1.283572232,1.08604942,1.087859982,1.163871692,13540901.37,1.019515627,0.855592667,0.91660602,1.003222275,10196587.43,2.624378925,2.159496495,2.367015765,2.580576747,66.76098638,2.020463426,1.688506501,1.519414881,1.545726622,82.64303523
820,CNQ_TO,ANN,2022-01-01,2024-01-01,21,0.982878607,1.199611338,1.742913176,1.682911199,14555828.37,0.790068267,0.880598615,1.29621006,1.275564067,10948638.73,2.024598945,2.259205134,3.402529641,3.313457931,74.05645,1.512250188,2.140246947,3.126804447,2.912142746,94.4796032
821,CNQ_TO,ANN,2022-01-01,2024-01-01,22,1.69690602,1.074914626,1.366912719,1.303254611,14010577.27,1.329236497,0.909617128,0.99878238,0.981310145,10150660.47,3.39267808,2.314924592,2.602824724,2.533427659,62.54576641,2.693047896,1.472381613,2.466662038,2.264467129,80.5989934
822,CNQ_TO,ANN,2022-01-01,2024-01-01,23,1.886065258,2.181363906,2.142181525,2.325639914,13193847.47,1.615100603,1.902466439,1.892687862,2.082851791,10768024.53,4.178722399,4.865651195,4.940817507,5.383416101,92.45808198,2.58982802,2.810151409,2.710050157,2.770789326,138.4931005
823,CNQ_TO,ANN,2022-01-01,2024-01-01,24,1.126559225,1.126591032,1.163603973,1.204035229,13242385.89,0.881034732,0.948310265,0.939624056,0.95615654,9719018.4,2.240876594,2.392077232,2.444142666,2.470673071,64.46451273,1.766747758,1.509190202,1.814754357,1.931583671,83.61304743
824,CNQ_TO,ANN,2022-01-01,2024-01-01,25,1.35428824,0.971265234,1.186564294,1.758241715,14152690.32,1.14829902,0.783902883,0.837584656,1.344510015,10821592.53,2.955165555,1.985337857,2.177900374,3.476578486,75.02395924,1.861121658,1.455328146,2.227617246,2.988023626,100.1612824
825,CNQ_TO,ANN,2022-01-01,2024-01-01,26,1.622145529,1.286509208,1.232507799,1.330457112,13848928.52,1.333297855,1.044211603,0.960735038,1.014785512,10684180.8,3.427941696,2.668405616,2.503569351,2.62917146,79.26449365,2.396721415,1.954089697,2.04527966,2.267065245,108.200562
826,CNQ_TO,ANN,2022-01-01,2024-01-01,27,2.070300761,1.080445893,1.776387635,1.329812365,13110469.89,1.788960001,0.866675582,1.436361199,1.042827861,9998384.667,4.621594589,2.207437971,3.756027608,2.700987893,73.69718451,2.761438855,1.650135594,2.788356132,2.188789155,105.9462977
827,CNQ_TO,ANN,2022-01-01,2024-01-01,28,1.203818379,1.120010387,1.332907423,1.14571818,13584631.97,1.016212704,0.820328707,1.034887402,0.943459829,10564856.7,2.606286373,2.071494255,2.65330142,2.434321412,81.52307897,1.656308638,1.912630769,2.115230046,1.711213606,118.4187266
828,CNQ_TO,ANN,2022-01-01,2024-01-01,29,0.860434502,0.960411704,1.134266568,1.018007565,13311667.96,0.681856556,0.738339548,0.838083544,0.786739604,9737761.867,1.757004168,1.888277983,2.201726444,2.034354456,65.24097465,1.376535507,1.60045632,2.054222196,1.70924328,93.64303055
829,CNQ_TO,ANN,2022-01-01,2024-01-01,30,0.929897949,0.953883398,1.036216358,1.162039068,14281962.05,0.763771165,0.734966159,0.871006144,0.945605469,10680567.17,1.938776013,1.846751192,2.238199081,2.419235968,70.48450982,1.319247304,1.512777527,1.426157162,1.728138524,94.30337271
830,CNQ_TO,ANN,2022-01-01,2024-01-01,31,1.096196867,1.15864236,1.454761129,1.241821813,13957660.85,0.869079256,0.9013028,1.105634904,0.935160192,10246654.33,2.241453713,2.30886924,2.898741931,2.42280769,67.42085802,1.741655678,1.90486383,2.521708747,2.173312635,96.48617483
831,CNQ_TO,ANN,2022-01-01,2024-01-01,32,4.013526182,2.204936297,2.003762049,3.116874113,12825535.56,3.836743059,1.963298705,1.56875452,2.862213135,10098307,9.846591949,5.001702059,4.108678063,7.385363853,83.7787736,3.117614355,2.615182122,3.332203195,3.323363688,133.6048335
832,CNQ_TO,ANN,2022-01-01,2024-01-01,33,3.248980505,1.175720743,1.880056236,1.661276128,14361255.94,3.089605735,0.936673872,1.589995296,1.374811045,10290788.23,7.955204532,2.392442262,4.170962478,3.560501018,63.89108828,2.699188953,1.833121554,2.694202791,2.447076042,85.15832189
833,CNQ_TO,ANN,2022-01-01,2024-01-01,34,1.389887601,1.321548465,1.201636554,1.610468676,15362963.22,1.138132512,1.088916882,0.971116211,1.38221283,11158200.13,2.933301772,2.77505045,2.52785181,3.568900538,64.48607319,2.081434444,1.932899533,1.876197482,2.183033753,76.16341924
834,CNQ_TO,ANN,2022-01-01,2024-01-01,35,0.839392598,1.033225784,1.285996913,1.253683523,13798014.75,0.705851293,0.774247993,1.054522382,0.984309514,10315881.67,1.811087646,1.976061013,2.744262201,2.547887005,65.85904928,1.165790423,1.765301631,1.934350546,2.034014076,80.17294129
835,CNQ_TO,ANN,2022-01-01,2024-01-01,36,2.223231566,1.103016226,1.473365334,1.752566944,14087905.91,2.047440188,0.915977894,1.269369691,1.520405324,9989656.267,5.21822104,2.305802506,3.252677261,3.858734127,61.30147581,2.149275869,1.523386921,1.866290007,2.152825579,80.90153757
836,CNQ_TO,ANN,2022-01-01,2024-01-01,37,1.303551717,1.38931344,1.362866019,1.414435868,14837876.85,0.971347759,1.001325081,0.99900608,0.990015539,10775483.13,2.51518057,2.56891614,2.613281925,2.565812594,65.74796573,2.298015507,2.5279947,2.486481267,2.684065442,88.7931011
837,CNQ_TO,ANN,2022-01-01,2024-01-01,38,2.119093716,1.742275942,1.819919132,1.734728299,13428352.44,1.844347568,1.472411788,1.479902994,1.289550908,10360743.63,4.762823496,3.76563277,3.869835105,3.353552279,79.46032571,2.750448203,2.428652756,2.827842013,3.060680415,119.6528485
838,CNQ_TO,ANN,2022-01-01,2024-01-01,39,1.407602051,1.331769539,1.814850454,1.421126387,12990314.32,1.205445907,1.16601106,1.649283052,1.200010935,9842454.767,3.079480735,2.9550593,4.260572756,3.078666718,73.20075517,1.842632161,1.625072669,1.951966394,1.968199892,108.214263
839,CNQ_TO,ANN,2022-01-01,2024-01-01,40,1.62811575,1.444737781,2.371729863,1.687357839,14169451.32,1.389178388,1.247553795,2.181605658,1.396286138,10417306.2,3.602197349,3.194511916,5.698795279,3.629884077,64.60280737,2.260952458,1.902344106,2.538052854,2.511283258,78.78988304
840,CNQ_TO,ANN,2022-01-01,2024-01-01,41,2.083861958,1.493572234,0.992336791,1.476705045,12420539.26,1.873847984,1.284033425,0.811820455,1.219194794,9889039.5,4.808397945,3.281390342,2.110398668,3.155457943,85.93717981,2.362841737,1.993659173,1.502931508,2.189773373,134.0757994
841,CNQ_TO,ANN,2022-01-01,2024-01-01,42,1.479392661,1.453471074,1.766069021,2.091147197,15003825.1,1.273989212,1.169599685,1.411672665,1.726474762,10576356.63,3.283622308,2.992242492,3.679821275,4.459321632,56.93889247,1.978725083,2.251020459,2.820109434,3.1174767,71.21331652
842,CNQ_TO,ANN,2022-01-01,2024-01-01,43,1.579917847,1.964577519,2.030461325,1.594360539,13878428.18,1.322639244,1.720583327,1.765417042,1.298070653,10666061.33,3.427394564,4.403774215,4.618966366,3.369843015,81.16960891,2.293769837,2.496927309,2.691531486,2.439884418,114.3410616
843,CNQ_TO,ANN,2022-01-01,2024-01-01,44,1.176304002,1.034407116,1.153675415,1.242145078,14016698.94,1.043005188,0.83478588,1.014163825,0.843015416,10082759.43,2.653036019,2.123978004,2.617954833,2.191008948,67.42423138,1.355742017,1.574167409,1.424983107,2.437389319,106.021913
844,CNQ_TO,ANN,2022-01-01,2024-01-01,45,1.209448759,1.399821401,1.331370633,1.527979345,13398594.1,0.967355251,1.122743957,1.01422423,1.201812108,10370779.5,2.505268264,2.876898653,2.658933015,3.121375488,81.01668659,1.908666693,2.180867601,2.300977034,2.490217566,113.1843623
845,CNQ_TO,ANN,2022-01-01,2024-01-01,46,1.535137378,1.623724098,1.598678536,2.072526974,13396895.08,1.294293625,1.303432639,1.228674571,1.641920471,10534993.2,3.326495567,3.323566387,3.207765146,4.243508958,86.30460549,2.135936459,2.490477495,2.710737466,3.334495534,133.0850041
846,CNQ_TO,ANN,2022-01-01,2024-01-01,47,0.906824986,1.187902239,1.321469108,1.256994288,13813942.29,0.711459898,0.981875137,1.109308622,1.003010432,10416760.47,1.817118063,2.501755608,2.888335708,2.585534798,75.95768945,1.426426667,1.727075431,1.914907116,1.998769765,110.5948456
847,CNQ_TO,ANN,2022-01-01,2024-01-01,48,1.708334408,1.482594187,1.351301269,1.123634019,13207966.78,1.497056592,1.307785773,1.114708706,0.941971842,10117640.13,3.877707153,3.338730048,2.923367425,2.439378961,78.03307756,2.196933109,1.815881304,2.058929328,1.626884281,111.4184946
848,CNQ_TO,ANN,2022-01-01,2024-01-01,49,3.034742908,1.215725349,2.649657008,1.55656023,13361062.58,2.655075991,0.962377919,2.40769126,1.221588643,10074739.17,6.809509755,2.460784958,6.198541135,3.159827823,74.33849105,3.836629732,1.932040537,2.835981645,2.548609897,115.9677563
849,CNQ_TO,ANN,2022-01-01,2024-01-01,50,1.20202314,1.272185979,1.763094549,1.447934619,13862021.51,1.02515965,1.044704574,1.46983457,1.20306193,10228269.97,2.631241762,2.648626478,3.758509177,3.065500023,69.18072876,1.620327956,1.844540956,2.449361135,2.039482899,91.53964654
850,CNQ_TO,ANN,2022-09-01,2024-09-01,1,2.612036194,1.30915867,2.20365789,1.644598278,6747437.385,2.368429829,1.12131828,1.825907713,1.41631368,6087892,5.349442075,2.491111582,4.12951077,3.183803682,107.540902,2.535415502,1.486518402,2.771313479,1.862629222,80.45826224
851,CNQ_TO,ANN,2022-09-01,2024-09-01,2,2.093514748,1.904595326,1.553839258,2.078660823,6968115.298,1.808803169,1.519975549,1.22614895,1.692936071,5758666.35,4.044233392,3.365600675,2.761522444,3.764132268,79.093135,2.309722806,2.509880879,2.107472842,2.617896473,53.04804515
852,CNQ_TO,ANN,2022-09-01,2024-09-01,3,1.724735684,1.485204301,1.528475787,1.514277557,6568999.604,1.399752249,1.18733635,1.30534511,1.277019374,5746661.45,3.151010725,2.633109371,2.964587383,2.860896325,89.14475416,2.272668801,1.966915802,1.805592139,1.805757897,65.54545894
853,CNQ_TO,ANN,2022-09-01,2024-09-01,4,1.367770114,1.42724136,1.32105779,1.673265622,6586065.753,1.199209938,1.203151444,1.010128653,1.47975324,5171224.017,2.690093473,2.663470174,2.276244164,3.310925516,65.48747134,1.471381335,1.669253384,1.896140495,1.727927241,40.40940769
854,CNQ_TO,ANN,2022-09-01,2024-09-01,5,1.645117878,2.023459102,1.806468454,1.921367906,7150227.738,1.405647534,1.670443789,1.543518909,1.620733007,6538422.767,3.156296362,3.69374104,3.500953772,3.631232147,112.8333243,1.908979246,2.513291262,2.112135235,2.300426883,84.37743453
855,CNQ_TO,ANN,2022-09-01,2024-09-01,6,1.361877544,0.865126405,0.992215697,1.584223947,6567575.688,1.108235998,0.707494907,0.796179357,1.236737823,5524356.7,2.49788696,1.579897175,1.815339768,2.818267194,79.32311924,1.76851284,1.131207986,1.373474331,2.313524129,51.1252977
856,CNQ_TO,ANN,2022-09-01,2024-09-01,7,1.49698025,1.571593621,1.272407389,1.474462125,6483244.231,1.219795431,1.400495568,1.015307795,1.257984161,5577386.383,2.750004525,3.119691065,2.321581738,2.829396051,84.40683857,1.990075321,1.597716123,1.790107976,1.720875155,59.48848727
857,CNQ_TO,ANN,2022-09-01,2024-09-01,8,1.263003225,1.155320361,1.189797204,1.45593834,6710553.737,1.04867316,0.888509525,0.988983685,1.260406494,5900289.067,2.364389729,1.975570367,2.248713743,2.829313232,95.13499,1.593989309,1.629328268,1.493634701,1.626348831,72.54855202
858,CNQ_TO,ANN,2022-09-01,2024-09-01,9,2.396753864,2.676549887,2.770536679,2.544730616,7029463.569,2.113787392,2.25337041,2.361114712,2.156798172,6259787.733,4.748742429,4.990988006,5.355279433,4.85558988,98.94838561,2.530609422,3.178675916,3.251195418,3.040648491,69.75966256
859,CNQ_TO,ANN,2022-09-01,2024-09-01,10,1.501047278,1.67816669,1.471249926,2.020881495,6373867.139,1.263311891,1.389398494,1.187784855,1.60488294,5287069.967,2.842936923,3.086897066,2.692678784,3.601817936,75.42702583,1.80597239,2.065228087,1.946360457,2.74058575,52.28831281
860,CNQ_TO,ANN,2022-09-01,2024-09-01,11,1.736622236,1.573861998,1.354639988,1.782554688,6800613.413,1.397144752,1.306326765,1.096662597,1.427425893,6066733.833,3.152978995,2.903767006,2.492852758,3.194904767,100.119957,2.326430243,1.939274022,1.796638852,2.380675846,74.0380649
861,CNQ_TO,ANN,2022-09-01,2024-09-01,12,1.560650362,2.111697124,1.556817125,2.215072602,6599569.482,1.293888126,1.717211223,1.229317158,1.765961838,5770311.817,2.88938351,3.800072471,2.765866991,3.93505489,88.83750942,1.924963528,2.680828005,2.111651022,2.934767798,63.50100325
862,CNQ_TO,ANN,2022-09-01,2024-09-01,13,1.798815511,1.612875741,1.542563311,1.844098166,7049171.402,1.384156447,1.279139845,1.142894694,1.532269669,6160395.767,3.100342592,2.84711668,2.588023168,3.43547202,92.68737034,2.562355884,2.181886261,2.331530827,2.286316833,64.20520856
863,CNQ_TO,ANN,2022-09-01,2024-09-01,14,1.349755287,1.797339061,2.07085381,1.611375714,6648649,1.117947569,1.496582639,1.653740844,1.385908127,5380897.483,2.511727525,3.303304976,3.737105023,3.118747193,71.02338562,1.704746333,2.168073994,2.78666297,1.855979949,48.77557985
864,CNQ_TO,ANN,2022-09-01,2024-09-01,15,1.95124654,1.955580692,1.770950015,1.848162186,6080388.095,1.581417927,1.569773528,1.378365834,1.444327545,5040430.567,3.565006501,3.490330331,3.123558548,3.234436314,73.0026321,2.58252742,2.58269131,2.512710605,2.556739502,58.57543208
865,CNQ_TO,ANN,2022-09-01,2024-09-01,16,1.149510765,1.650706882,2.179410994,1.856479949,6621345.244,0.900082628,1.361268374,1.92345685,1.481935247,5483006.817,2.018491713,3.012373562,4.342725886,3.310856262,76.88048674,1.595657726,2.036468525,2.274916763,2.472371122,52.39750492
866,CNQ_TO,ANN,2022-09-01,2024-09-01,17,1.945004651,1.415194984,1.438557125,1.510903263,6665296.563,1.668257972,1.287888042,1.231136174,1.318596268,5777815.4,3.757909015,2.86505994,2.792443957,2.967210921,89.51399304,2.276227476,1.305326199,1.667062393,1.654352778,65.8083576
867,CNQ_TO,ANN,2022-09-01,2024-09-01,18,1.912847001,2.564905903,2.069598758,2.384868761,6335662.129,1.604829113,2.203374367,1.694082572,1.927513631,5508151.333,3.605731235,4.897467954,3.844805809,4.314827237,84.86353214,2.326939055,2.884732187,2.695975307,3.115571428,61.40254032
868,CNQ_TO,ANN,2022-09-01,2024-09-01,19,1.938073477,1.390792159,1.393323316,1.349706626,6407666.071,1.661659427,1.178310496,1.220908662,1.184130732,5611286.95,3.733643427,2.632681529,2.777820521,2.66983155,88.427435,2.248183539,1.646982471,1.519014091,1.467601371,67.47976036
869,CNQ_TO,ANN,2022-09-01,2024-09-01,20,1.902491762,1.129025845,1.211725437,1.903432744,6614224.685,1.610240149,0.926416158,1.032728712,1.512615458,5926971.917,3.608265145,2.051701237,2.346260143,3.377036284,95.73072242,2.246634979,1.414632011,1.436762551,2.561202319,71.28347161
870,CNQ_TO,ANN,2022-09-01,2024-09-01,21,1.7807932,1.689451552,1.655311573,1.560562293,6741548.53,1.500500322,1.456152235,1.431591609,1.356716283,5835096.833,3.378411251,3.233861122,3.248117101,3.04757173,88.29740449,2.147846846,1.88312191,1.887205243,1.722355781,60.4230877
871,CNQ_TO,ANN,2022-09-01,2024-09-01,22,2.189189089,2.75631296,2.229587544,2.910829683,6869755.086,1.886552236,2.310615197,1.882519382,2.586711884,5999033.333,4.213139586,5.13729874,4.232670877,5.797677677,90.00512763,2.433145854,3.329986695,2.629281241,2.948945506,61.48341741
872,CNQ_TO,ANN,2022-09-01,2024-09-01,23,1.195998806,1.51059324,1.027863936,1.358363562,6547015.473,0.911936744,1.335759408,0.885540809,1.202386983,5097461.667,2.053561312,2.967277749,2.019801042,2.706142993,63.97255075,1.732366445,1.556837569,1.201110572,1.425797077,42.93584899
873,CNQ_TO,ANN,2022-09-01,2024-09-01,24,1.542363583,1.894412326,2.063285889,2.15110589,6433256.954,1.339343969,1.617695268,1.708916586,1.871212641,5753539.533,3.007253065,3.589077257,3.882572373,4.202727391,96.23045284,1.708805939,2.167243993,2.615189745,2.364317898,71.25839994
874,CNQ_TO,ANN,2022-09-01,2024-09-01,25,1.892402427,1.432814384,1.49067655,1.744933509,7059996.274,1.52666634,1.192201006,1.184344432,1.490133158,6089817.417,3.482638202,2.660308051,2.681044903,3.358824967,93.61422418,2.62776972,1.770604764,2.036377909,2.049642149,68.86985476
875,CNQ_TO,ANN,2022-09-01,2024-09-01,26,2.106408653,1.571685743,1.411844152,1.780314263,7003659.092,1.732889085,1.327480008,1.206110463,1.385826874,5898570.617,3.893564328,2.944529031,2.729594693,3.095546049,81.79362611,2.669309556,1.848660582,1.624313206,2.467042457,57.13948654
876,CNQ_TO,ANN,2022-09-01,2024-09-01,27,1.186600351,1.420235631,1.52217796,1.512468316,6526479.05,0.974563371,1.227767552,1.311419768,1.284249496,5582134.833,2.186467221,2.717717061,2.977381735,2.886652814,82.92745091,1.506596209,1.558267419,1.754157013,1.783704484,59.26855855
877,CNQ_TO,ANN,2022-09-01,2024-09-01,28,1.283912744,1.384460581,1.410384594,1.400288467,6906044.924,1.097613236,1.147293259,1.122746524,1.211376572,6097566.733,2.468045025,2.539259207,2.543376767,2.729381827,96.34864215,1.500329144,1.698675722,1.914928108,1.589685068,68.52447745
878,CNQ_TO,ANN,2022-09-01,2024-09-01,29,1.4147582,2.267099891,2.556194954,1.546357857,6392074.438,1.111415938,1.947648376,2.305928952,1.227298228,5466266.717,2.499702089,4.321073954,5.22441857,2.744646294,81.10142232,1.960135807,2.539056396,2.481015253,2.085945456,56.89567438
879,CNQ_TO,ANN,2022-09-01,2024-09-01,30,1.332245691,1.465686836,1.702713382,1.956097863,6996579.913,1.105912177,1.2507431,1.442742606,1.66649615,6164009.517,2.498529358,2.788213594,3.29242271,3.767163412,96.80262769,1.707944253,1.708918569,2.091208963,2.33501997,69.34353084
880,CNQ_TO,ANN,2022-09-01,2024-09-01,31,2.237051371,2.762200462,3.067123012,2.664834489,7402448.686,1.917189162,2.409287125,2.788009113,2.28956693,6766262,4.333506465,5.380269732,6.36451176,5.163545842,121.7885444,2.638260087,3.020507863,2.962319866,3.07964772,93.63239564
881,CNQ_TO,ANN,2022-09-01,2024-09-01,32,1.565131543,1.676656999,1.654377461,2.017590011,6643072.199,1.328786223,1.407287442,1.306871952,1.594847361,5603989.967,2.985707958,3.122792026,2.957614525,3.583952512,81.86567757,1.845886327,2.017886326,2.273326312,2.764775048,56.28466151
882,CNQ_TO,ANN,2022-09-01,2024-09-01,33,1.350078637,1.672395804,1.327023763,1.493546539,6764566.763,1.138230692,1.345484099,1.152027566,1.253402837,6004561.167,2.556267881,2.97699473,2.617076787,2.806045778,97.53038451,1.622585115,2.173443768,1.485916298,1.797870848,71.74495202
883,CNQ_TO,ANN,2022-09-01,2024-09-01,34,1.573390486,1.621926887,1.964621009,1.654903123,6890408.386,1.383171882,1.366543401,1.669547587,1.486345927,5747905.233,3.104219391,3.05207589,3.78408446,3.348199427,80.46052696,1.675407594,1.974446308,2.325911339,1.630345917,52.68781461
884,CNQ_TO,ANN,2022-09-01,2024-09-01,35,1.105117995,1.550809411,1.901841377,1.59330534,6782491.253,0.894867845,1.323015467,1.700380575,1.302307383,5881178.317,2.004567576,2.944019915,3.880154084,2.947429453,87.52247042,1.44933534,1.799995638,1.992365441,2.127063547,59.32004994
885,CNQ_TO,ANN,2022-09-01,2024-09-01,36,1.102799134,1.337865749,1.50304808,1.752569727,6490911.16,0.894354254,1.120713482,1.24697683,1.492642721,5683305.717,2.015194283,2.494975007,2.84906456,3.363398599,88.51006334,1.46314648,1.622041803,1.944552306,2.061664249,64.06537677
886,CNQ_TO,ANN,2022-09-01,2024-09-01,37,2.728472923,2.680790036,2.714583299,3.451284021,7177049.596,2.491850829,2.319099958,2.369221237,3.045608902,5442327.267,5.613862859,5.147846941,5.387840383,6.845276261,63.16242038,2.506326744,2.961244829,3.001887261,3.622525806,44.21687475
887,CNQ_TO,ANN,2022-09-01,2024-09-01,38,2.776657448,2.144888443,3.502126756,2.987737334,6802800.084,2.298435889,1.914424721,3.244787084,2.680136108,6097205.567,5.173504715,4.277009558,7.396832907,6.060661845,96.44716712,3.493872257,2.181035511,3.046785474,3.009338395,66.24087604
888,CNQ_TO,ANN,2022-09-01,2024-09-01,39,1.762473241,1.989111763,1.942870644,1.714166613,6395192.034,1.495397515,1.697433876,1.609879547,1.475298945,5186096.433,3.347347365,3.765051942,3.626930905,3.31190206,71.64490857,2.079618744,2.278385067,2.416131917,1.956373544,48.30952161
889,CNQ_TO,ANN,2022-09-01,2024-09-01,40,1.736342234,1.770999833,1.231310497,1.188561287,6690415.887,1.461462591,1.389909056,1.076421722,0.972266388,5880638.617,3.302893765,3.054036026,2.452349984,2.196760138,92.1629578,2.126657413,2.365448715,1.379816661,1.555839749,65.9909929
890,CNQ_TO,ANN,2022-09-01,2024-09-01,41,1.608451909,1.294413567,1.475208049,1.352038947,6377962.496,1.360894624,1.104226933,1.263378277,1.152716064,5635081.767,3.083338148,2.464325834,2.889626345,2.616049865,92.41502889,2.000089335,1.505556041,1.776349025,1.638914999,70.01875866
891,CNQ_TO,ANN,2022-09-01,2024-09-01,42,1.19299533,1.312945757,1.187796853,1.333093838,6738397.831,1.040847846,1.0882442,1.026904211,1.149745178,6045850.433,2.334927102,2.413717708,2.325468317,2.568876238,100.4344913,1.299059254,1.614290637,1.333711911,1.461918752,73.99445031
892,CNQ_TO,ANN,2022-09-01,2024-09-01,43,1.650566318,1.605355419,1.47091091,1.693074272,6867523.691,1.41437572,1.327096208,1.156842863,1.316522217,5210668.65,3.168831962,2.944362447,2.616582049,2.941887476,62.57529668,1.886077916,1.994519705,2.044386958,2.364876094,42.46068969
893,CNQ_TO,ANN,2022-09-01,2024-09-01,44,1.056109518,1.368910461,1.116547914,1.18809133,6858621.697,0.883470154,1.058740497,0.941512087,0.985093816,5743446.233,1.98334227,2.344454378,2.130729134,2.206964331,81.69363896,1.306938804,1.888721834,1.335110093,1.46175163,53.60743455
894,CNQ_TO,ANN,2022-09-01,2024-09-01,45,1.555177564,1.391291305,1.188177458,1.492776459,6812970.518,1.354380069,1.108904177,0.954504311,1.225361252,5900092.417,3.025555478,2.450813092,2.15869221,2.737121841,88.80323552,1.686623944,1.832110951,1.584400267,1.869102008,63.77833449
895,CNQ_TO,ANN,2022-09-01,2024-09-01,46,1.78495559,1.66541014,1.735714259,1.680918605,6562986.609,1.579431799,1.370389577,1.466698746,1.266067123,5799209.867,3.533973499,3.044654298,3.315627761,2.840953386,89.0423556,1.830621004,2.085552164,2.088184902,2.466479659,61.99427608
896,CNQ_TO,ANN,2022-09-01,2024-09-01,47,1.136072773,1.091415703,1.349568219,0.993692554,6900845.51,0.979995795,0.84766345,1.061616038,0.780468623,5859606.617,2.199005603,1.871169058,2.397167951,1.74881259,85.62674148,1.285537106,1.494910377,1.850273096,1.37057918,59.35422876
897,CNQ_TO,ANN,2022-09-01,2024-09-01,48,1.89643067,1.361022345,1.526396987,2.897681205,6869121.015,1.541588357,1.135500597,1.37364995,2.52000529,5947285.267,3.498122759,2.542232171,3.121565149,5.702527114,92.28526347,2.547430448,1.686180061,1.520274511,3.261609277,69.84815579
898,CNQ_TO,ANN,2022-09-01,2024-09-01,49,1.714511827,2.244591042,1.693888797,1.697134043,6791864.12,1.470152416,1.876781092,1.495876902,1.497066879,5713710.2,3.285028076,4.155185793,3.376162467,3.345163667,84.61296217,1.934514873,2.69148147,1.749207241,1.735693315,60.56411676
899,CNQ_TO,ANN,2022-09-01,2024-09-01,50,1.452654009,1.880586868,3.596573805,3.102174391,6875441.72,1.221550154,1.61550855,3.409610217,2.749115626,5735602.367,2.748512266,3.606952607,7.781291796,6.202111666,80.10048995,1.787951332,2.157272507,2.696598053,3.236891385,54.20265792
900,CNQ_TO,ANN,2023-05-01,2025-05-01,1,1.220431046,1.092924845,1.584867889,1.575199125,7209941.664,0.955116928,0.848800945,1.214457413,1.307792282,5550294.433,2.492695376,2.130893742,3.281639691,3.364556291,59.47653577,2.093365769,1.710825744,2.946671829,2.337319722,71.31264619
901,CNQ_TO,ANN,2023-05-01,2025-05-01,2,1.834508131,1.540462783,2.248818772,2.340525783,7550809.91,1.381637969,1.182704602,1.645731135,1.747115962,5769415.833,3.611292704,3.005262033,4.435047318,4.573087108,66.88182729,3.307739,2.575619962,4.336971097,4.259017833,83.56475106
902,CNQ_TO,ANN,2023-05-01,2025-05-01,3,1.158263201,1.197373389,1.474124203,1.532758463,7713100.866,0.962014274,0.975495548,1.107704677,1.207046509,6091438.567,2.501323439,2.499298614,2.953770671,3.156213382,72.7003696,1.748132617,1.822856938,2.723628945,2.548908539,89.6666576
903,CNQ_TO,ANN,2023-05-01,2025-05-01,4,1.669097534,1.41755006,1.981905448,1.904684779,7670024.869,1.415431731,1.119358899,1.480510952,1.496211116,5979054.233,3.706022855,2.874098658,3.955888215,3.979307829,71.76781939,2.423009192,2.310856623,3.716370127,3.266791688,90.91281735
904,CNQ_TO,ANN,2023-05-01,2025-05-01,5,2.012508989,1.870547871,2.415549343,2.277474852,7638297.146,1.652213503,1.524428505,1.815442452,1.737354024,5938872.433,4.299179926,3.832272197,4.850149648,4.534757191,68.81627815,3.143914896,2.748058466,4.474966896,4.042658543,83.65759773
905,CNQ_TO,ANN,2023-05-01,2025-05-01,6,1.903954966,1.954541188,2.229501923,2.304230061,7687708.353,1.428632601,1.58362749,1.674271796,1.818133418,5992693.033,3.769526308,4.084478873,4.509244815,4.814948998,72.81847082,3.455159536,3.032220195,4.145721611,3.929456756,91.21208104
906,CNQ_TO,ANN,2023-05-01,2025-05-01,7,2.221896811,1.637884047,2.792045797,2.548131351,7751887.659,1.750684225,1.226549371,2.328594726,2.041466141,6086998.233,4.555220904,3.122912233,6.199188511,5.300655715,67.51639075,3.7711849,2.816826149,4.389090707,4.124819376,81.28234024
907,CNQ_TO,ANN,2023-05-01,2025-05-01,8,1.332846278,0.929153404,1.45114022,1.310183549,7723463.849,0.980040908,0.754530427,0.946629285,1.064100774,5835805.333,2.594157236,1.924831399,2.617138372,2.784879938,64.2408182,2.552228124,1.427596581,3.21152339,2.140729031,77.26644457
908,CNQ_TO,ANN,2023-05-01,2025-05-01,9,1.311559394,1.271586818,1.632176492,1.760188077,7646838.722,1.073106271,0.975594172,1.268421001,1.43760287,5937934.567,2.801531618,2.503859347,3.413496582,3.793345082,68.70292432,2.102264356,2.149574858,2.964080699,2.841764001,83.87883551
909,CNQ_TO,ANN,2023-05-01,2025-05-01,10,1.729360143,1.458360009,1.870833055,1.953347951,7781954.749,1.355500476,1.230210939,1.454435304,1.586778768,5904920.2,3.564639155,3.146996231,3.928350587,4.175519674,68.64326457,3.042872536,2.052909732,3.396417713,3.114790684,87.40698765
910,CNQ_TO,ANN,2023-05-01,2025-05-01,11,1.75535359,1.540432541,1.900775572,1.786895348,7550436.183,1.255800367,1.278602048,1.555821932,1.453623327,5684484.767,3.359347296,3.222689631,4.156429883,3.767577229,63.7891812,3.581095767,2.175474817,3.220044616,2.775592101,77.35271861
911,CNQ_TO,ANN,2023-05-01,2025-05-01,12,1.824656348,1.61072601,2.253210515,2.142480029,7716850.156,1.43817799,1.282154266,1.554036301,1.566806285,5869438.667,3.793818785,3.26907693,4.185630127,4.131085158,69.95575845,3.128206919,2.52160892,4.575904815,3.947564859,90.7433587
912,CNQ_TO,ANN,2023-05-01,2025-05-01,13,1.658049023,1.411032703,1.763889973,1.838347809,7533692.819,1.273577353,1.157782339,1.243907582,1.543346659,5831308.867,3.329086494,2.897203505,3.332154751,4.051735358,59.74531351,2.910499438,2.019944242,3.579318805,2.748644069,68.28477252
913,CNQ_TO,ANN,2023-05-01,2025-05-01,14,1.540398232,1.552434646,2.115612028,2.100285312,7327200.612,1.385778208,1.295787216,1.645811861,1.587925847,5690130.867,3.589087833,3.279057161,4.451116391,4.157297619,64.65847133,1.876599241,2.203539279,3.895238966,3.780349054,79.76376648
914,CNQ_TO,ANN,2023-05-01,2025-05-01,15,1.962747467,1.866337982,2.082121977,2.138587757,7341229.196,1.601802878,1.533812275,1.573005743,1.643173409,5726853.567,4.252412336,3.981127693,4.27602878,4.379884157,62.8168739,3.2157275,2.878612662,3.863436759,3.805770347,73.76898413
915,CNQ_TO,ANN,2023-05-01,2025-05-01,16,1.960935165,1.586693836,2.376014139,2.368179875,7473679.693,1.537039588,1.217345213,1.635515269,1.795875676,5852976.833,4.079656418,3.130498051,4.475351484,4.752269212,68.07188737,3.487442912,2.698984601,4.94470667,4.362479536,83.97047632
916,CNQ_TO,ANN,2023-05-01,2025-05-01,17,1.591278747,1.357364964,2.098042346,1.706739314,7185466.816,1.224938301,1.102704335,1.537338456,1.302460353,5469629.367,3.253993591,2.823053853,4.18043901,3.461869284,61.82880269,2.819482894,2.084288302,4.082083344,3.056617973,74.45655868
917,CNQ_TO,ANN,2023-05-01,2025-05-01,18,1.332846463,1.281406182,1.820318878,1.779524747,7552144.319,1.02908875,0.962112859,1.424033147,1.506336975,5828316.4,2.724598331,2.488449782,3.826411934,3.946901014,69.75631735,2.411133088,2.267035091,3.185491156,2.592444803,90.11900916
918,CNQ_TO,ANN,2023-05-01,2025-05-01,19,1.517549214,1.631512484,2.201378889,2.527729684,7231908.818,1.301686131,1.387572895,1.827714636,1.924191475,5600724.2,3.405974542,3.577895175,4.916034442,5.093623307,63.49504411,2.117483737,2.329461699,3.46658677,4.488601265,78.207444
919,CNQ_TO,ANN,2023-05-01,2025-05-01,20,1.501575824,1.247779108,2.009652301,2.050269014,7977090.646,1.189045776,1.01280013,1.530869034,1.610109456,6132307.067,3.106890949,2.562285266,4.097512051,4.206304571,71.48433275,2.461175845,1.892800561,3.635371979,3.447751226,90.33108067
920,CNQ_TO,ANN,2023-05-01,2025-05-01,21,1.525389924,1.479826617,2.112438403,2.100125672,7643119.868,1.218898604,1.204623114,1.561852579,1.649127579,6127020.2,3.200503827,3.067580593,4.244790511,4.356079595,73.72942939,2.536682366,2.259227801,4.13914666,3.606742985,88.40505852
921,CNQ_TO,ANN,2023-05-01,2025-05-01,22,1.85313356,1.141350604,1.688559181,1.874896668,7204139.858,1.47105266,0.841271919,1.226068838,1.485588328,5828799.967,3.843430233,2.164498711,3.315631763,3.883386466,66.24054904,3.210060933,2.021450852,3.276241334,3.126443792,75.74468788
922,CNQ_TO,ANN,2023-05-01,2025-05-01,23,1.597095313,1.516702922,1.458954936,1.923479789,7573120.649,1.193634624,1.208077376,1.058835117,1.397536977,5827229.967,3.14358056,3.028780773,2.85647369,3.668768354,71.55685699,3.017719723,2.335216914,2.859632602,3.584974768,92.0739782
923,CNQ_TO,ANN,2023-05-01,2025-05-01,24,1.464204946,1.583290775,1.691156083,1.592947309,7925233.526,1.080839749,1.241046634,1.315768801,1.241088486,6187396.467,2.856170874,3.195243035,3.532205551,3.274581292,74.2251529,2.69049695,2.593426627,2.979712736,2.717043883,95.67099265
924,CNQ_TO,ANN,2023-05-01,2025-05-01,25,1.535155803,1.251164038,1.752921073,1.887427123,7195615.901,1.105528726,1.002434512,1.262407993,1.426538213,5444480.267,2.950356115,2.570386705,3.42087708,3.771436266,63.71134556,3.001668825,1.96293303,3.453177081,3.373149365,80.72368552
925,CNQ_TO,ANN,2023-05-01,2025-05-01,26,1.861816705,1.56897997,1.748296128,1.725261841,7494601.928,1.504422,1.217083957,1.244672081,1.322837321,5815809.9,3.930036885,3.12184697,3.351557018,3.483222242,71.38779194,2.997782699,2.614735387,3.466517386,3.067240165,95.06345398
926,CNQ_TO,ANN,2023-05-01,2025-05-01,27,1.38030004,1.226837615,1.849053549,1.791394746,7662363.17,1.10305713,1.015537901,1.461108696,1.479800797,5980129.667,2.907879661,2.571083108,3.953671777,3.897189027,69.59222159,2.347757843,1.780495716,3.252280248,2.783254452,88.68454984
927,CNQ_TO,ANN,2023-05-01,2025-05-01,28,1.895987298,1.593504335,2.368843195,2.615564066,7540722.091,1.54063547,1.20124715,1.682231599,1.829305267,5764959.3,4.062186287,3.055899144,4.566763567,4.841984148,65.45312153,3.094262144,2.720962751,4.758109943,5.168945107,79.49523276
928,CNQ_TO,ANN,2023-05-01,2025-05-01,29,1.569952086,1.269446582,1.768852767,2.143986927,7356830.982,1.26556575,1.027350099,1.285999982,1.656164042,5819688.5,3.336353094,2.614727971,3.469324038,4.338387213,66.20325467,2.63672678,1.937300827,3.460231764,3.749245403,77.36758136
929,CNQ_TO,ANN,2023-05-01,2025-05-01,30,2.007071084,1.405941608,2.259177536,2.287731344,7464748.267,1.722077239,1.191453017,1.798298954,2.006033834,5859066.667,4.4881435,3.07435985,4.830046062,5.22099813,68.50553463,2.865840613,2.005414351,3.856581871,2.982085588,84.2873907
930,CNQ_TO,ANN,2023-05-01,2025-05-01,31,1.39515874,1.150412572,1.625168303,1.573688953,7203499.177,1.180795217,0.997657568,1.356685321,1.314004517,5638294.8,3.080453788,2.527105686,3.65956522,3.399645311,59.0767441,2.018428149,1.473216487,2.635031847,2.292478337,62.52608585
931,CNQ_TO,ANN,2023-05-01,2025-05-01,32,1.444434653,1.072163278,1.66474868,1.719908236,7381001.21,1.088325463,0.789750849,1.265251452,1.358414332,5580353.6,2.884408761,2.013632612,3.406738287,3.577685261,64.6860889,2.687483279,1.879476839,3.060426492,2.891781284,82.36818291
932,CNQ_TO,ANN,2023-05-01,2025-05-01,33,2.033515143,1.577382759,2.473524968,2.356092083,7917520.574,1.626638979,1.275458854,1.868776588,1.893303045,6140813.5,4.255049352,3.228578671,5.057607106,4.928272598,75.8372756,3.420128785,2.411047571,4.703261065,3.894274674,98.95112055
933,CNQ_TO,ANN,2023-05-01,2025-05-01,34,2.252052674,0.978704209,1.875778268,1.738660963,7471342.273,1.877739971,0.820595828,1.648889553,1.314902115,5861671.667,4.851952992,2.084608076,4.273413815,3.467712465,68.15385799,3.388131433,1.384156557,2.283145782,3.104644689,84.4054446
934,CNQ_TO,ANN,2023-05-01,2025-05-01,35,1.777487912,1.252826485,1.750530379,1.992251648,7444299.224,1.419240444,1.058314813,1.437998416,1.513291041,6106436.9,3.688078518,2.712078187,3.80053409,3.983908359,67.839309,2.909748201,1.77154989,2.816987327,3.60931925,79.10822974
935,CNQ_TO,ANN,2023-05-01,2025-05-01,36,1.524825386,1.302808338,1.891932898,1.647182739,7701138.205,1.223955423,0.984889823,1.346329924,1.264453379,5967188.233,3.222762515,2.536763212,3.65160973,3.322692604,65.10682344,2.572361397,2.258983667,3.845145304,2.910808739,78.36865473
936,CNQ_TO,ANN,2023-05-01,2025-05-01,37,1.428945146,1.190755033,1.572001113,1.592656376,7778911.001,1.12184348,0.875049681,1.171994583,1.269287364,5910987.833,2.930782992,2.202626169,3.108216789,3.336945738,70.87064371,2.408236548,2.040880021,2.894313306,2.679371541,94.31126565
937,CNQ_TO,ANN,2023-05-01,2025-05-01,38,1.441032898,1.409242096,1.780823242,2.04720858,7645644.942,1.236620348,1.190669704,1.424203711,1.638126882,5886807.133,3.245285391,3.049488573,3.829026175,4.309679413,63.27124316,2.074512546,1.995027729,3.034470493,3.4087798,77.76078484
938,CNQ_TO,ANN,2023-05-01,2025-05-01,39,2.383599785,1.736461235,2.326196077,2.226216632,7144507.025,1.842824977,1.423470589,1.714618133,1.585197322,5439364.833,4.840396971,3.622959929,4.639283223,4.184804338,63.28190944,4.175370643,2.598544653,4.525786705,4.29766105,75.24210086
939,CNQ_TO,ANN,2023-05-01,2025-05-01,40,1.672297736,1.27088827,1.980964402,1.857189116,7408780.535,1.346800224,1.018381194,1.5344453,1.423790614,5661124.967,3.538480179,2.575152014,4.107231986,3.746432008,63.4123236,2.697480133,1.934810007,3.503995451,3.252366705,80.15890471
940,CNQ_TO,ANN,2023-05-01,2025-05-01,41,2.011384466,1.466502519,1.94131339,1.938807826,7377881.441,1.573098289,1.234180703,1.480158622,1.492154058,5758736.233,4.112864137,3.124030884,3.992070555,3.883962339,66.19512384,3.526559382,2.076591461,3.654350121,3.444782388,81.20016502
941,CNQ_TO,ANN,2023-05-01,2025-05-01,42,1.589701341,1.09989114,1.863839305,1.665005904,7346050.103,1.201812335,0.917676032,1.426210821,1.314093781,5720468.833,3.164463313,2.328944344,3.852605009,3.42876578,64.07113381,2.902805503,1.569146905,3.439590267,2.812680146,77.17731082
942,CNQ_TO,ANN,2023-05-01,2025-05-01,43,1.409252132,1.43527074,1.825431061,1.821780695,7573333.464,1.129686605,1.153327996,1.292644047,1.386871211,5857472.3,2.953187869,2.929080104,3.491045972,3.638291419,68.99929228,2.286979553,2.227676617,3.653739584,3.185672957,88.50086191
943,CNQ_TO,ANN,2023-05-01,2025-05-01,44,1.295628977,0.908778289,1.676447789,1.382708476,7487865.025,1.014518165,0.804504452,1.301988049,1.109663391,5667098.133,2.6592718,2.032105066,3.516853314,2.908141178,67.98504612,2.194582089,1.065680763,3.061720969,2.242280888,88.38646924
944,CNQ_TO,ANN,2023-05-01,2025-05-01,45,2.247129051,1.531823487,1.78518585,1.881212439,7902695.887,1.90697192,1.228704693,1.223263777,1.46594607,6175387.2,4.998317433,3.137210481,3.330408083,3.858610681,69.46386487,3.341483664,2.407638589,3.689610533,3.277683779,87.12105483
945,CNQ_TO,ANN,2023-05-01,2025-05-01,46,1.474987416,1.201988519,1.919266407,1.865684972,7678269.192,1.187507262,1.008929798,1.362754065,1.440817897,5867005.567,3.121044998,2.585125686,3.736540724,3.809024795,69.4995314,2.400703806,1.725973031,3.908822465,3.311582827,87.91598757
946,CNQ_TO,ANN,2023-05-01,2025-05-01,47,1.847080473,1.153033869,2.054659076,1.741095003,7676273.014,1.492790935,0.886000884,1.594626453,1.293087769,5818841.3,3.894672572,2.239967714,4.267316878,3.393721197,66.73117923,3.050511682,1.876898509,3.6606848,3.151275174,81.771061
947,CNQ_TO,ANN,2023-05-01,2025-05-01,48,1.8509043,1.552405965,2.072040287,2.164439984,7521042.956,1.36802748,1.11721452,1.425783702,1.635983531,6066273.067,3.627182918,2.859424049,3.865262945,4.328326065,71.40061019,3.46030889,2.816794052,4.256610099,3.912689404,83.39460103
948,CNQ_TO,ANN,2023-05-01,2025-05-01,49,1.433985274,1.013571223,1.745362235,1.614639652,7363387.135,1.130985044,0.763328116,1.328117304,1.232863871,5651640.867,2.946570514,1.932135129,3.603783982,3.229157565,66.6995324,2.425068672,1.695251995,3.25855652,2.8045879,82.47632153
949,CNQ_TO,ANN,2023-05-01,2025-05-01,50,1.521890221,1.375010926,2.177631723,1.829811341,7928763.162,1.069289905,1.075625921,1.620501729,1.46575737,6002954.467,2.784731925,2.762925569,4.385997972,3.842393364,76.01675063,2.881435315,2.255480777,4.142813175,2.993232047,101.7945086
950,CNQ_TO,ANN,2024-01-01,2026-01-01,1,1.175902001,1.062447057,0.946194101,1.234070652,12337669.56,0.894417249,0.81286703,0.755888041,0.918961589,10661816.37,1.965264602,1.769121047,1.679239828,2.021619465,119.4818371,1.674173673,1.48558014,1.269758455,1.809583814,258.8432609
951,CNQ_TO,ANN,2024-01-01,2026-01-01,2,1.438193867,0.98702272,1.090120009,1.131803945,13610626.5,1.013278243,0.801571828,0.892482885,0.886580785,11620582.9,2.228268355,1.753013558,1.984081638,1.954731717,103.5176707,2.241307356,1.264391744,1.39310692,1.551824634,201.3814236
952,CNQ_TO,ANN,2024-01-01,2026-01-01,3,1.148901519,1.015399468,1.236780273,1.015964553,13127073.72,0.936946031,0.839367627,0.972857578,0.888842901,11261665.17,2.056028414,1.833855774,2.168393954,1.971174065,113.820766,1.438406205,1.246331608,1.715386912,1.12096242,261.682653
953,CNQ_TO,ANN,2024-01-01,2026-01-01,4,1.544832315,1.085456495,0.833910778,1.109496088,13293457.06,1.242634031,0.856097895,0.705613532,0.940021769,11455151.33,2.732388256,1.870751628,1.571656844,2.082143084,96.75714991,2.016936291,1.456567556,0.997396338,1.319829625,174.0760129
954,CNQ_TO,ANN,2024-01-01,2026-01-01,5,1.013855274,1.214601611,1.051614697,1.119712963,14230146.35,0.867360232,0.976265712,0.851832098,0.910255814,12040164.7,1.912817205,2.146810651,1.908497513,2.024945286,99.96655552,1.171169802,1.622225161,1.407201216,1.479026371,193.3239098
955,CNQ_TO,ANN,2024-01-01,2026-01-01,6,0.724570603,0.657904977,0.907470866,1.153609538,12861155.96,0.588082354,0.538123405,0.761034319,0.952827454,11220192.53,1.294361994,1.177672538,1.690389163,2.106895182,114.0473593,0.934967939,0.832860039,1.086107959,1.457808523,243.7296872
956,CNQ_TO,ANN,2024-01-01,2026-01-01,7,1.150431947,0.846379086,1.127525696,1.234287369,11516136.81,0.933987818,0.701191834,0.941911589,0.96533165,9891005.933,2.056219302,1.523043155,2.086874287,2.129907467,111.1090614,1.470453462,1.029216984,1.365684031,1.701978671,266.7982142
957,CNQ_TO,ANN,2024-01-01,2026-01-01,8,1.296102977,1.283160213,2.011892274,1.634800714,13871017.09,1.112250299,1.096131502,1.727135952,1.414598846,11796744.17,2.447819595,2.394607235,3.861489225,3.129893323,106.5982751,1.459962955,1.476728774,2.358980707,1.856370641,219.2234032
958,CNQ_TO,ANN,2024-01-01,2026-01-01,9,0.822203151,0.993244889,0.937589278,1.00111316,14105246.98,0.684848078,0.828843494,0.772064043,0.842875544,12189389.47,1.4984998,1.805430361,1.712476765,1.85987971,126.8315969,0.978940265,1.187611591,1.174437833,1.201891371,273.4292416
959,CNQ_TO,ANN,2024-01-01,2026-01-01,10,1.600196692,0.856795807,0.867626876,1.278183437,12673406.05,1.284061801,0.723073327,0.697786724,1.046486155,11201719.27,2.84446774,1.571309879,1.551226857,2.312107542,119.4887922,2.145105107,0.978522097,1.138835168,1.626315533,253.6302636
960,CNQ_TO,ANN,2024-01-01,2026-01-01,11,0.751328932,0.831360186,1.032474418,0.968088201,14016599.47,0.631724682,0.681694635,0.891164491,0.761973572,11680316.03,1.392611943,1.484463239,1.977041393,1.690037046,97.4292173,0.906565965,1.02382941,1.15286995,1.347011941,198.0026973
961,CNQ_TO,ANN,2024-01-01,2026-01-01,12,0.995004495,0.928569085,0.831416023,1.059481523,13709884.02,0.752434434,0.721697201,0.6859268,0.799876149,12128209.37,1.657951958,1.580375216,1.526419232,1.773622573,116.6049213,1.439448399,1.301158203,1.061863913,1.573320339,236.7482672
962,CNQ_TO,ANN,2024-01-01,2026-01-01,13,1.31814641,1.195422278,1.251685787,1.228722849,13916279.12,1.098105317,1.008315431,1.056029765,1.074201584,11890624.17,2.405479875,2.18700496,2.344461924,2.368363136,108.248381,1.577297048,1.3764423,1.494617166,1.316689358,223.3092706
963,CNQ_TO,ANN,2024-01-01,2026-01-01,14,1.424965557,0.937133575,0.804354565,1.121500429,12776825.38,1.173604176,0.816150479,0.636802813,0.937397766,11552547,2.570729976,1.77347192,1.418698237,2.062195241,119.4658367,1.758854401,0.991663367,1.106628721,1.365005,252.5491038
964,CNQ_TO,ANN,2024-01-01,2026-01-01,15,1.085659396,0.979249177,1.438881102,0.993602987,13396887.6,0.894734524,0.834429477,1.109560924,0.794204966,11484609.47,1.972151363,1.833530023,2.490111246,1.771641593,100.4660055,1.356800409,1.164373617,2.103980198,1.361528958,187.2695559
965,CNQ_TO,ANN,2024-01-01,2026-01-01,16,1.372776618,1.310883301,0.845921174,1.089240078,12532408.9,1.168128266,1.154391769,0.70459809,0.911837133,10874731.47,2.574194104,2.531792627,1.576251723,2.020929141,112.4755863,1.579205762,1.389043082,1.066834281,1.352760242,251.0550041
966,CNQ_TO,ANN,2024-01-01,2026-01-01,17,1.148227193,0.917342334,1.042717954,1.164188045,14908471.87,0.950470181,0.724770299,0.760833802,0.883829498,12697919.47,2.09473725,1.582576655,1.70449882,1.963245289,101.648216,1.427976021,1.238080367,1.61390435,1.703548012,184.8732619
967,CNQ_TO,ANN,2024-01-01,2026-01-01,18,0.898134108,0.975926634,0.966114825,1.097940946,12815429.83,0.700162308,0.760938594,0.79920636,0.875028229,11285962.87,1.545608026,1.660066166,1.776466463,1.931810061,107.5884342,1.243572928,1.333874239,1.210822719,1.463454913,219.9182535
968,CNQ_TO,ANN,2024-01-01,2026-01-01,19,1.749864514,1.406216176,1.24733453,1.080900187,13772606.88,1.495226567,1.172764285,0.978979207,0.852881114,11938265.07,3.301128265,2.563679162,2.186138183,1.893383305,126.0225559,2.041569757,1.729793633,1.767059137,1.504075611,288.8814158
969,CNQ_TO,ANN,2024-01-01,2026-01-01,20,1.75151578,1.390149268,1.134524689,1.277077864,13202065.56,1.516284146,1.214949672,0.931651759,1.030453618,11327190.7,3.353701223,2.66388666,2.089863827,2.293093759,115.488214,1.965495868,1.529394776,1.494899681,1.714954129,263.2339983
970,CNQ_TO,ANN,2024-01-01,2026-01-01,21,0.976916515,0.887713983,0.932907978,0.750629229,14055762.53,0.804106705,0.696885706,0.709357083,0.625547409,11774253.93,1.764854972,1.504494757,1.57685043,1.377753494,99.10348793,1.204495024,1.166058236,1.35448796,0.919964792,196.6802088
971,CNQ_TO,ANN,2024-01-01,2026-01-01,22,1.364307305,1.027552624,1.113391899,1.23009439,13524543.79,1.161750339,0.906796056,0.905632857,1.014286677,11359287.6,2.560975771,1.978618747,2.025245476,2.246550687,93.68181679,1.578927952,1.065398712,1.469591634,1.555901834,165.8421507
972,CNQ_TO,ANN,2024-01-01,2026-01-01,23,2.015164608,0.996380731,2.449621528,0.921426897,13162681.16,1.718036946,0.82692895,2.354937566,0.712880961,11251617.07,3.76483179,1.798901931,5.217770772,1.592983306,108.5665185,2.303042164,1.212026464,1.46156586,1.331790842,225.3306719
973,CNQ_TO,ANN,2024-01-01,2026-01-01,24,1.466838063,1.09562674,0.986290977,0.885067688,11791145.22,1.197390157,0.916581277,0.823235676,0.712679927,10183760.93,2.644647914,2.003180485,1.83859548,1.572209971,116.9700569,1.87276435,1.321878693,1.22217598,1.174424171,282.4355705
974,CNQ_TO,ANN,2024-01-01,2026-01-01,25,0.805833724,0.894741563,1.048427332,0.91386292,12616613.13,0.671075681,0.791510733,0.81782354,0.723920059,11286914.07,1.470995442,1.723073253,1.833410092,1.603451007,110.5225361,0.972119938,0.912257396,1.500183785,1.244030927,230.4048952
975,CNQ_TO,ANN,2024-01-01,2026-01-01,26,1.162420719,0.786732971,1.117211954,1.021864873,12799039.03,0.823080695,0.633390834,0.86321503,0.821196365,11364972.6,1.817377401,1.3826635,1.935751002,1.819437952,107.0704075,1.808192459,1.026107978,1.619579665,1.365857967,201.8955832
976,CNQ_TO,ANN,2024-01-01,2026-01-01,27,1.066403159,1.039558199,1.101169295,1.211944481,13420205.31,0.898671484,0.868317597,0.923022577,1.049424998,11505735.4,1.981466475,1.889584898,2.0585974,2.318959241,104.386728,1.261410864,1.226029286,1.345090372,1.350735698,205.4118754
977,CNQ_TO,ANN,2024-01-01,2026-01-01,28,1.419973089,0.996406869,0.953557329,0.969032157,12829128.26,1.204224641,0.838628332,0.759562166,0.80634613,10909358.27,2.644963465,1.831871871,1.696715023,1.782799882,109.1497789,1.645703469,1.182022214,1.309309485,1.198826556,231.4289545
978,CNQ_TO,ANN,2024-01-01,2026-01-01,29,1.298124094,0.590613463,0.957454923,0.829168636,13376982.78,1.079712982,0.484355339,0.795205677,0.677253215,10932967.87,2.361689241,1.047646264,1.764333719,1.487605872,93.75727731,1.565954711,0.723111728,1.17732452,1.039583072,193.2541062
979,CNQ_TO,ANN,2024-01-01,2026-01-01,30,0.809087728,0.851484043,0.723822391,0.834186743,14348788.45,0.673439377,0.750237959,0.60066843,0.663311895,12142221.47,1.486691441,1.632641343,1.343931196,1.473333416,106.0075985,0.99279082,0.883485642,0.920390638,1.153904236,206.2773248
980,CNQ_TO,ANN,2024-01-01,2026-01-01,31,1.348396599,1.276576008,1.464318803,1.260042441,12310739.32,1.070491078,1.060908916,1.246692021,1.108193843,10492513.63,2.354064891,2.313580248,2.776672835,2.450528254,100.3367741,1.793753116,1.547652017,1.7349359,1.350941213,209.3072141
981,CNQ_TO,ANN,2024-01-01,2026-01-01,32,1.125083419,1.034537683,1.267766998,1.016524293,12690819.25,0.955921513,0.876154978,1.04243935,0.877510707,10908694.8,2.102315934,1.911960973,2.319807532,1.94060849,98.33910816,1.308725052,1.203195946,1.614729171,1.140709907,199.571005
982,CNQ_TO,ANN,2024-01-01,2026-01-01,33,2.593679055,1.509921087,1.077734058,1.85411355,12963414.08,2.429561566,1.35839099,0.935692887,1.765134557,11347478.63,5.336037982,2.960084615,2.070657592,3.887060022,106.8376586,1.960774178,1.443545377,1.168863678,1.258009091,211.503949
983,CNQ_TO,ANN,2024-01-01,2026-01-01,34,3.502743242,1.249822861,1.87832272,1.247378741,13869631.94,3.165701248,0.979109613,1.709233678,1.015398153,11875275.9,6.984771003,2.133589781,3.772672418,2.241181778,115.946247,3.29942024,1.691758525,1.680700946,1.620345903,241.7419716
984,CNQ_TO,ANN,2024-01-01,2026-01-01,35,1.944762067,0.909819267,2.2503632,0.755931839,14203948.48,1.6263468,0.805907522,1.988541743,0.572960154,11717568.93,3.580243944,1.755568345,4.433610734,1.273005031,96.55704503,2.330156122,0.919479931,2.365427257,1.113240897,189.7184546
985,CNQ_TO,ANN,2024-01-01,2026-01-01,36,1.505155125,1.146222327,1.048207549,1.075270211,12887689.85,1.179981883,0.944338356,0.780969428,0.871317164,11324722.07,2.596434545,2.064494104,1.75140982,1.938021263,124.6449075,2.048542387,1.429592634,1.59624794,1.437607103,284.1395514
986,CNQ_TO,ANN,2024-01-01,2026-01-01,37,1.220989726,1.092179235,1.215286482,1.154557331,12857686.54,0.990568645,0.973775927,0.974450227,0.871119436,11211060.5,2.186174468,2.123715996,2.167563325,1.931896038,121.0804316,1.581468494,1.085264472,1.630669782,1.703362246,253.1137173
987,CNQ_TO,ANN,2024-01-01,2026-01-01,38,1.128403794,0.839220156,0.772992636,0.834026562,13564893.94,0.897969431,0.674530515,0.673184807,0.706659317,11847277.57,1.972545677,1.461195348,1.499367914,1.552531477,120.5655301,1.49241293,1.062850787,0.847264097,0.966773909,251.138097
988,CNQ_TO,ANN,2024-01-01,2026-01-01,39,1.246302779,0.946275647,1.054698392,1.1638414,13044305.37,1.036298794,0.85487954,0.879427117,0.973447291,11124040.4,2.280285022,1.866089204,1.954808649,2.146872438,98.43893765,1.514983087,0.892067073,1.290793014,1.396581886,199.7217024
989,CNQ_TO,ANN,2024-01-01,2026-01-01,40,1.357114553,1.04919087,0.957476,1.241750637,13245402.82,1.145609583,0.888425867,0.742245128,0.979578018,11198802.33,2.546633078,1.953375745,1.659426409,2.181100381,99.60896081,1.638496112,1.250083877,1.364566202,1.734800854,207.4529994
990,CNQ_TO,ANN,2024-01-01,2026-01-01,41,0.915061414,0.681839493,0.862317923,0.772093391,13572226.36,0.684662255,0.496634099,0.654445343,0.612922414,11617176.27,1.50609834,1.079929216,1.457206664,1.355588457,107.7003773,1.336266313,1.007404461,1.241688208,1.043935863,221.4231601
991,CNQ_TO,ANN,2024-01-01,2026-01-01,42,1.493280237,1.023324224,0.841898016,1.227022788,13745064.19,1.287918835,0.819186322,0.667228992,0.979515203,11706565,2.842835803,1.790677967,1.491824107,2.177071236,106.1172297,1.681305267,1.358965503,1.158820186,1.673521066,217.287371
992,CNQ_TO,ANN,2024-01-01,2026-01-01,43,1.74737965,1.263264445,1.152501611,1.256674689,14615096.17,1.457852443,1.045063689,0.940678222,1.051261012,12412288.3,3.197062564,2.251502865,2.072501259,2.309902719,98.85494227,2.098171986,1.485422822,1.427604468,1.507423882,181.0683221
993,CNQ_TO,ANN,2024-01-01,2026-01-01,44,1.140143492,1.093989826,1.018035947,1.223963777,12736511.9,0.935239062,0.964410933,0.825067514,1.072338613,10849599.27,2.049546579,2.096700308,1.843037745,2.368451793,119.1352841,1.415855978,1.109638755,1.351206108,1.323548615,259.6220579
994,CNQ_TO,ANN,2024-01-01,2026-01-01,45,1.03455964,1.345152144,1.497067813,1.039144181,13769650.98,0.813597252,1.140925855,1.200385518,0.874627304,11885854.7,1.785566113,2.484330587,2.680098515,1.92960432,109.2407152,1.39810778,1.536217955,2.011773731,1.239988828,226.2881201
995,CNQ_TO,ANN,2024-01-01,2026-01-01,46,1.261258311,0.982930992,1.142223415,1.235599371,13796830.62,1.054542965,0.825929322,0.938466434,0.952765274,11815472.23,2.332695102,1.808037821,2.098103119,2.115422053,116.3172632,1.543072191,1.176771117,1.479929309,1.768845444,258.7075421
996,CNQ_TO,ANN,2024-01-01,2026-01-01,47,0.95222786,0.994980426,0.928349596,1.015776111,13189241.16,0.822614045,0.810693358,0.724161407,0.829790115,11362592.5,1.820098197,1.77129082,1.614424334,1.832561973,100.5066216,1.071841241,1.262366024,1.30111684,1.31260618,195.5639892
997,CNQ_TO,ANN,2024-01-01,2026-01-01,48,0.926781889,1.013042321,0.969634791,1.02860112,14179820.71,0.811325461,0.844123886,0.820622175,0.858329519,12356468.37,1.789485281,1.836470237,1.829278657,1.900059105,118.8438383,0.993375082,1.222194185,1.168997501,1.264551341,246.22017
998,CNQ_TO,ANN,2024-01-01,2026-01-01,49,1.781066153,1.35978504,1.398235664,1.527571438,13658002.72,1.531623814,1.164538216,1.10106993,1.261698405,11808924.27,3.382883653,2.534125603,2.451942963,2.786957731,109.6705615,2.034079996,1.52974595,1.948472016,1.925723349,219.927713
999,CNQ_TO,ANN,2024-01-01,2026-01-01,50,0.923102952,1.12403716,1.054940084,1.036086774,13790115.55,0.759367691,0.969895377,0.854964557,0.885133743,11659990.6,1.674052138,2.11192421,1.910467624,1.952943681,96.19236877,1.156270939,1.231360416,1.411020689,1.194248919,172.4538999
1000,BHP,ANN,2022-01-01,2024-01-01,1,1.378279148,1.758361784,1.634943495,1.778445783,593954.9932,1.274321565,1.569824539,1.481543432,1.586742655,452254.3292,2.195628222,2.659799379,2.551060335,2.707354775,22.10039603,0.910060565,1.308094263,1.174482559,1.345423359,19.41258143
1001,BHP,ANN,2022-01-01,2024-01-01,2,3.491279025,0.987673812,2.420674628,1.726966068,650739.6635,3.308771218,0.732118759,2.190916506,1.464533997,524746.5042,5.713041931,1.267998128,3.748399925,2.533038201,26.19048657,1.982279725,1.162264885,1.698392872,1.622125789,22.70564204
1002,BHP,ANN,2022-01-01,2024-01-01,3,2.527649045,1.801064931,6.425348866,1.855565592,715888.7222,2.318860499,1.528142979,6.306612714,1.550642395,566225.8792,4.012180295,2.586811188,10.86599343,2.640781522,29.91367515,1.80844141,1.592258252,1.785423315,1.71298101,29.71510986
1003,BHP,ANN,2022-01-01,2024-01-01,4,1.616190115,1.147993538,1.611622699,1.042406089,830629.7052,1.475959866,0.895293073,1.428159569,0.782093175,710560.2833,2.521401977,1.509939553,2.445535271,1.331962242,39.56985317,1.086892216,1.199501856,1.234993499,1.164636681,32.69206615
1004,BHP,ANN,2022-01-01,2024-01-01,5,1.946422234,0.92929227,0.719609102,0.92384329,668704.6694,1.808679924,0.78308816,0.590726632,0.665530904,495031.6958,3.095810949,1.329529604,1.033316955,1.147642635,22.81105752,1.182317391,0.837531177,0.743556123,1.11244631,19.00754569
1005,BHP,ANN,2022-01-01,2024-01-01,6,1.176614348,1.73352979,3.867840168,1.658428286,688488.6012,0.931906656,1.447444679,3.673865826,1.407158279,490698.7833,1.62611201,2.429312878,6.293507736,2.386023179,20.68623535,1.294610875,1.542989939,1.854490385,1.432691332,16.65777444
1006,BHP,ANN,2022-01-01,2024-01-01,7,2.751115531,1.56948117,3.166847979,1.058703387,885088.3574,2.552824741,1.363601099,3.061218452,0.845649846,727702.425,4.405577256,2.310068344,5.266202109,1.459264084,30.06326518,1.79721014,1.286358638,1.245541022,1.113175415,12.64927242
1007,BHP,ANN,2022-01-01,2024-01-01,8,1.822690303,2.226889484,1.215264097,2.851454516,679480.632,1.539317377,2.004554308,0.981483483,2.666043599,494837.6125,2.683000314,3.457263254,1.721456905,4.586712561,25.21883582,1.768770986,1.749532228,1.284036318,1.744273433,27.84382094
1008,BHP,ANN,2022-01-01,2024-01-01,9,1.029306384,1.203141821,1.072672103,1.219565801,694630.8709,0.762532789,0.97175327,0.886863042,0.974841054,567766.0625,1.329141211,1.689804159,1.556217024,1.691126272,27.66732862,1.231735385,1.266046331,1.082169522,1.283528603,21.66611902
1009,BHP,ANN,2022-01-01,2024-01-01,10,1.320377547,1.504943731,2.108518769,1.145599937,662368.3392,0.961882083,1.363585093,1.911160476,0.91790479,498423.2292,1.669584379,2.319490672,3.284763426,1.580719132,23.52821187,1.631293333,1.05226374,1.48987932,1.174919597,20.03630925
1010,BHP,ANN,2022-01-01,2024-01-01,11,1.153055948,0.934721599,0.742176948,1.262651818,647260.5861,0.982766542,0.723237058,0.577040891,1.06545372,490315.4125,1.681982135,1.241500989,0.985007456,1.8402986,23.9692679,1.024178716,1.02119417,0.781494693,1.183352817,22.2902492
1011,BHP,ANN,2022-01-01,2024-01-01,12,1.629851238,1.507436647,1.45503363,1.773575919,734131.1283,1.419720405,1.213985964,1.241579961,1.411567815,575166.1958,2.432087886,2.049849423,2.126690346,2.400545558,25.50212942,1.357406728,1.47875898,1.270524257,1.801523911,16.2741246
1012,BHP,ANN,2022-01-01,2024-01-01,13,0.896736169,1.1184452,1.007828371,1.186538274,741478.1304,0.662657956,0.921893559,0.773791343,0.934322993,603797.3917,1.151188495,1.570414158,1.33002443,1.601678287,32.33955026,1.076820284,1.060311687,1.099264092,1.253987842,29.90110745
1013,BHP,ANN,2022-01-01,2024-01-01,14,2.168735359,1.178908258,1.63215071,1.325229451,736511.2923,1.913642719,0.877647958,1.395063637,1.06679039,555820.6833,3.311436606,1.505764727,2.389309748,1.835218247,22.89614083,1.820937963,1.354026074,1.419372599,1.366512744,14.80026074
1014,BHP,ANN,2022-01-01,2024-01-01,15,1.557287268,1.643793379,1.367338821,1.851729188,684554.0638,1.351552175,1.390828149,1.096667909,1.539633687,540540.7875,2.30871136,2.351447043,1.895509214,2.61499868,26.38278793,1.307434817,1.455705275,1.395015035,1.720933445,22.88796984
1015,BHP,ANN,2022-01-01,2024-01-01,16,1.245576162,1.271486829,0.964808655,1.179629468,654057.2589,0.842338986,1.01729282,0.766752406,1.008363088,520817.6583,1.473285071,1.74022238,1.326775804,1.735364124,26.28496132,1.65117998,1.319397231,1.008287721,1.048455675,23.70108773
1016,BHP,ANN,2022-01-01,2024-01-01,17,0.954030166,1.008539322,1.240894237,1.024035208,869642.6561,0.666753368,0.794532166,1.070113614,0.785171382,726348.5,1.165430265,1.366485062,1.846857627,1.356514367,39.92665435,1.235091817,1.066928846,1.067898059,1.142652589,34.78088072
1017,BHP,ANN,2022-01-01,2024-01-01,18,0.967071225,0.996668489,0.912192584,1.103127238,675722.1315,0.694987635,0.838415819,0.722678263,0.884020742,521942.3542,1.215367055,1.427749255,1.242037288,1.537367838,24.6325112,1.224745739,0.904029834,0.937472759,1.184182327,20.34616877
1018,BHP,ANN,2022-01-01,2024-01-01,19,1.692999719,1.257815379,2.002229643,1.821640481,655128.6972,1.549861472,1.029213666,1.816285059,1.565243403,504028.4833,2.653156214,1.750585743,3.114937515,2.657371469,24.82060007,1.146752032,1.2281458,1.404848724,1.546584399,22.68408908
1019,BHP,ANN,2022-01-01,2024-01-01,20,1.331983739,1.61292616,1.698530582,1.216160128,729289.3676,1.104306919,1.377942938,1.487476967,0.924666087,536315.6708,1.901620644,2.332589361,2.548338477,1.585522286,25.30021547,1.287615834,1.395138096,1.372877259,1.350065654,23.91062528
1020,BHP,ANN,2022-01-01,2024-01-01,21,1.289020783,1.261457656,1.218828297,1.18674161,743458.6316,1.085481717,1.019346175,1.040132501,0.982498805,612374.875,1.878964725,1.738198301,1.795432883,1.689536051,32.50933129,1.231872608,1.277265928,1.091120003,1.149881924,29.47377329
1021,BHP,ANN,2022-01-01,2024-01-01,22,1.608134546,1.734592564,2.973907258,1.228403399,702717.3368,1.109729558,1.52745809,2.790225156,0.938354874,530223.1292,1.94862731,2.584756157,4.794333085,1.608169907,24.62126643,2.098473737,1.36015043,1.685721292,1.359397409,21.12463195
1022,BHP,ANN,2022-01-01,2024-01-01,23,1.274050181,0.97110559,0.738317424,0.929509932,706283.6795,1.098620062,0.759934402,0.583419154,0.772601318,583110.2167,1.881871429,1.315393281,1.016420879,1.33862322,31.01140006,1.093158224,1.066063942,0.786384612,0.915116465,27.08819237
1023,BHP,ANN,2022-01-01,2024-01-01,24,1.686212307,1.469070352,1.195610534,1.48685506,625486.1919,1.476549857,1.257125641,1.038918648,1.228642909,503119.5292,2.546512764,2.139769719,1.80615881,2.120316553,25.63574873,1.418725845,1.287701505,1.040451204,1.463969256,22.44469538
1024,BHP,ANN,2022-01-01,2024-01-01,25,1.026626278,1.235414122,1.557142512,1.57465789,848883.1793,0.789387185,0.973278751,1.338357853,1.340922292,698834.9542,1.36790232,1.661791259,2.301054129,2.286650623,37.35881033,1.169194472,1.294309489,1.352266408,1.388925422,32.48124548
1025,BHP,ANN,2022-01-01,2024-01-01,26,1.142515115,1.204030362,1.293179674,1.38821077,689637.9717,0.801228307,0.928968371,0.991714052,1.080667623,518183.425,1.39685029,1.579935251,1.702118921,1.849279023,23.13787155,1.455556465,1.289349484,1.411476037,1.480900994,19.3956882
1026,BHP,ANN,2022-01-01,2024-01-01,27,1.286778586,1.364259578,1.225322532,1.063614079,706031.9314,1.06040687,1.080653861,1.000514338,0.845959091,566486.0667,1.813536309,1.829370147,1.715723049,1.44643505,27.43069485,1.239241409,1.392098325,1.196586946,1.085374852,21.77938875
1027,BHP,ANN,2022-01-01,2024-01-01,28,1.268585951,1.302859711,1.156941025,1.258804935,671885.1682,0.860663795,1.018520806,0.975679067,1.016588847,536173.2375,1.505239022,1.736638744,1.679324069,1.747339413,27.41458529,1.683883105,1.377918738,1.057644646,1.264862756,25.22380327
1028,BHP,ANN,2022-01-01,2024-01-01,29,2.939310199,2.30061901,1.188757069,2.54915228,678013.4079,2.788705783,2.148755714,1.023440273,2.310948181,525261.8042,4.81898474,3.689962192,1.777214344,3.971973427,25.52807449,1.647206838,1.452315878,1.0529819,1.831111557,23.92607374
1029,BHP,ANN,2022-01-01,2024-01-01,30,0.994453758,1.117592157,1.101934744,1.288156383,1153613.975,0.760930988,0.884401959,0.965606178,0.997962316,1010821.633,1.322720712,1.512157328,1.675209688,1.724773595,56.14447076,1.147398974,1.159014157,0.941077038,1.450471574,43.2549536
1030,BHP,ANN,2022-01-01,2024-01-01,31,1.667713526,1.21008757,1.153656825,1.278437355,681784.0413,1.414937156,0.987183636,0.94511873,1.006776555,517411.025,2.432769658,1.702687398,1.631220298,1.742312543,25.95578457,1.530701159,1.225523367,1.144776422,1.379457232,23.23437993
1031,BHP,ANN,2022-01-01,2024-01-01,32,2.179591696,1.854866484,0.915918349,2.100742245,694583.1316,1.865654336,1.642819409,0.721828466,1.876283391,541252.0583,3.225197205,2.827493473,1.264846793,3.236000999,24.03139919,2.007057703,1.525968041,1.00515796,1.647033376,16.27333369
1032,BHP,ANN,2022-01-01,2024-01-01,33,1.336225872,2.009645481,1.128757885,1.227623312,672452.7776,1.158103057,1.799318253,0.913021347,0.892226664,523925.8583,1.990491592,3.043922607,1.567531116,1.52612222,26.73145881,1.150222066,1.468790694,1.131199006,1.448381823,24.49306162
1033,BHP,ANN,2022-01-01,2024-01-01,34,1.433538998,1.489771721,2.405919453,1.475546877,759986.3728,1.19210103,1.183970052,2.150237846,1.222668966,614028.4458,2.047428328,1.990712471,3.677270606,2.078643207,32.74980215,1.384759659,1.501642167,1.78814436,1.375404778,29.64463645
1034,BHP,ANN,2022-01-01,2024-01-01,35,1.195996541,1.194790042,1.361993336,1.187811638,657491.1424,0.92262555,0.916210632,1.142709781,0.943744532,503420.6917,1.579297891,1.562420771,1.961479297,1.619760904,24.93309866,1.282457846,1.283123239,1.225116729,1.234105592,21.98946374
1035,BHP,ANN,2022-01-01,2024-01-01,36,1.542607309,1.307699246,1.604784899,1.779259422,697738.1285,1.281054777,1.034893982,1.31401099,1.454696782,577552.25,2.232783842,1.79746054,2.306298838,2.525605918,28.23390726,1.552044385,1.428140566,1.673563681,1.834902784,21.30733886
1036,BHP,ANN,2022-01-01,2024-01-01,37,0.90705578,1.015441592,1.415856415,1.056208634,758624.6213,0.690892092,0.791736022,1.265459545,0.816468557,637922.0458,1.20148205,1.366787051,2.176338454,1.409387123,33.65836254,1.05678262,1.119509174,1.081382566,1.166582992,28.02018066
1037,BHP,ANN,2022-01-01,2024-01-01,38,1.478193726,1.579912726,1.311354433,1.270782793,992988.3263,1.302615175,1.393591476,1.131678539,1.016015498,847227.025,2.251106941,2.365282444,1.951564559,1.738456627,47.37842476,1.235260081,1.239381066,1.128968021,1.289339096,40.75145034
1038,BHP,ANN,2022-01-01,2024-01-01,39,1.703595189,1.661848099,4.143289382,1.310390979,741203.6977,1.343184407,1.448476587,4.044095675,1.128808085,625325.55,2.351506654,2.438042145,6.957662985,1.935065133,33.26257144,1.916609982,1.329127862,1.316876074,1.12851762,27.26598239
1039,BHP,ANN,2022-01-01,2024-01-01,40,2.15680729,1.094466227,1.000538267,1.232309073,699921.0702,1.966447776,0.875095912,0.774043532,0.99831721,543445.1333,3.367288958,1.508956111,1.366496536,1.724392956,28.92448489,1.487616232,1.139719347,1.139346394,1.276818871,27.82342895
1040,BHP,ANN,2022-01-01,2024-01-01,41,1.041210892,1.298529954,1.19614674,1.278682912,667635.1047,0.804425805,1.0741247,0.910314807,1.050637054,525369.1583,1.403337518,1.832305846,1.598903158,1.81647301,23.72151996,1.181995768,1.226452533,1.397787876,1.285325679,16.67369735
1041,BHP,ANN,2022-01-01,2024-01-01,42,1.006026523,0.958389691,1.038749517,1.037965809,700146.7567,0.768634751,0.707764808,0.848344706,0.831958389,561200.6583,1.336980322,1.219529961,1.465753615,1.431249916,27.85457544,1.163290377,1.133730268,1.032577384,1.084858168,22.74200628
1042,BHP,ANN,2022-01-01,2024-01-01,43,0.982338832,1.009865332,1.235986857,1.010344283,705341.527,0.812217278,0.813324971,1.036338192,0.792565918,545636.8375,1.413611835,1.386117985,1.783486209,1.365001113,26.74645171,0.974557638,1.014575581,1.165046151,1.083795226,25.24839629
1043,BHP,ANN,2022-01-01,2024-01-01,44,1.195672494,1.221004274,2.331225472,1.34204324,814001.7755,1.017424558,1.042974284,2.180010286,1.064797084,619358.9333,1.75052128,1.773562232,3.738356703,1.811209395,25.23972787,1.089831624,1.071178876,1.323988023,1.375205946,16.34832975
1044,BHP,ANN,2022-01-01,2024-01-01,45,1.228844856,1.033329933,0.889077517,1.081338895,762832.0783,1.040862104,0.835487581,0.731038588,0.84440244,640036.9083,1.786870175,1.4250956,1.251516712,1.460906873,34.53235341,1.114212331,1.033505673,0.832495059,1.178273301,29.14525548
1045,BHP,ANN,2022-01-01,2024-01-01,46,1.489151006,1.104592198,1.276508324,1.551985262,741780.1036,1.254298023,0.810795797,1.112742684,1.347053019,599065.6417,2.155978199,1.397878304,1.937123548,2.331267475,31.44981952,1.381482367,1.306308518,1.109808432,1.363551061,28.82527507
1046,BHP,ANN,2022-01-01,2024-01-01,47,1.961659269,2.295629145,1.628073578,1.213810625,668203.2952,1.813332583,2.096171865,1.445043502,0.972947184,536804.2167,3.116901776,3.559093451,2.489822236,1.66314229,26.38663372,1.274638285,1.547485228,1.282905929,1.233877061,21.85531414
1047,BHP,ANN,2022-01-01,2024-01-01,48,2.246955443,2.25424298,1.96266927,2.04092562,787087.7385,2.080074017,2.027756922,1.767469851,1.848642222,658804.425,3.565430225,3.444904586,3.037894651,3.160237559,35.79037157,1.422628924,1.639774871,1.44019904,1.451461399,30.18306071
1048,BHP,ANN,2022-01-01,2024-01-01,49,5.513659264,2.086431692,2.522444319,1.177806201,800889.7884,5.36041993,1.864630958,2.310055732,1.004365412,600950.1792,9.267367438,3.221983276,3.96319265,1.737375701,25.27012095,2.360451609,1.68002354,1.676633434,1.09158783,19.01148827
1049,BHP,ANN,2022-01-01,2024-01-01,50,2.012606822,1.391202569,1.464522494,1.141133886,690470.9779,1.857044181,1.207004803,1.245803108,0.920629247,549380.9583,3.162754909,2.034989345,2.123834257,1.569024296,27.57598163,1.25266969,1.13143772,1.274472181,1.129188657,23.34460472
1050,BHP,ANN,2022-09-01,2024-09-01,1,1.305006467,1.378196751,1.22405232,1.333173077,573643.7831,0.974894324,1.093270682,0.904477164,1.015282567,491640.8333,1.93046575,2.143962697,1.794170879,1.998833083,20.44099226,1.719907698,1.637242697,1.635130831,1.690421568,12.85925403
1051,BHP,ANN,2022-09-01,2024-09-01,2,1.546933356,1.383394181,1.558211315,1.422611674,553117.9654,1.132697885,1.045193075,1.16301038,1.084075673,445118.425,2.234290493,2.039311199,2.314180515,2.130792378,18.00213982,2.080516221,1.757099391,2.090736924,1.804737864,12.55495461
1052,BHP,ANN,2022-09-01,2024-09-01,3,1.168267337,1.026061044,1.048454889,1.10205553,533880.7449,0.938281062,0.778684643,0.797583502,0.859541321,442784.4,1.848385576,1.519703444,1.590136702,1.691511362,18.00990731,1.355899036,1.291549064,1.383849142,1.353956524,11.836522
1053,BHP,ANN,2022-09-01,2024-09-01,4,1.654812851,1.255641162,1.235225278,1.20626129,572122.5631,1.251274425,0.960540925,1.008232467,0.95830485,486236.675,2.458344989,1.871087116,1.997603586,1.885721429,20.36026742,2.101589381,1.557162023,1.408171316,1.432186508,13.47692211
1054,BHP,ANN,2022-09-01,2024-09-01,5,1.280927453,1.095750916,1.169429666,1.113205168,518035.4169,1.050316995,0.842985933,0.979210949,0.893418121,419308.725,2.073425852,1.6480312,1.947898707,1.757215789,16.78891436,1.440171091,1.357137015,1.272661651,1.295265889,11.02188161
1055,BHP,ANN,2022-09-01,2024-09-01,6,1.504960412,1.321310495,1.533103087,1.267595089,485161.4313,1.123554476,1.009864836,1.215678916,1.067754745,396915.5667,2.225925356,1.975405395,2.427701404,2.104450489,16.23291374,1.985433947,1.655103161,1.892509231,1.33720494,11.07691955
1056,BHP,ANN,2022-09-01,2024-09-01,7,1.71225844,1.642012848,1.461752949,1.542118328,520111.0806,1.334950796,1.388283412,1.243640923,1.279210663,453448.2333,2.647419218,2.726012095,2.486543406,2.529088085,19.49968193,2.129006671,1.724591088,1.563504802,1.698986802,12.7555703
1057,BHP,ANN,2022-09-01,2024-09-01,8,1.851504484,1.736641271,1.507532931,1.633881684,573751.5312,1.460017199,1.330061118,1.186127416,1.320173899,493371.5583,2.891646921,2.605528286,2.35771336,2.601450791,21.00580185,2.244928525,2.168025643,1.842960735,1.883804991,13.82631198
1058,BHP,ANN,2022-09-01,2024-09-01,9,1.313268671,1.070095427,1.319276925,1.173368789,478367.8162,1.013595158,0.806860993,1.053074496,0.876309331,399737.5333,2.011016177,1.582511672,2.100996284,1.727210508,16.65809493,1.657752612,1.369099547,1.587110411,1.526511876,11.22844971
1059,BHP,ANN,2022-09-01,2024-09-01,10,1.749159587,1.381450781,1.285913573,1.405174913,489775.9348,1.272259104,1.037243767,0.998453226,1.14544042,407477.2583,2.515788267,2.032691294,1.990681726,2.263642743,16.53069417,2.35519501,1.774083736,1.629734319,1.612598583,10.22408326
1060,BHP,ANN,2022-09-01,2024-09-01,11,1.443751449,1.208121544,1.117018545,1.330167739,578541.9629,1.105460958,0.937553462,0.973581373,1.136442693,477238.975,2.185377514,1.835416333,1.929886859,2.237612928,19.894326,1.821237366,1.483181196,1.078543595,1.355365483,13.88698507
1061,BHP,ANN,2022-09-01,2024-09-01,12,1.637431269,1.131942848,1.118752596,1.249194814,528925.5709,1.263614842,0.891768448,0.871891475,0.955305354,394701.3917,2.511334081,1.751650904,1.743067693,1.889520286,15.35382053,2.07625285,1.36909408,1.423113465,1.6004406,12.447346
1062,BHP,ANN,2022-09-01,2024-09-01,13,1.085417121,1.007670673,0.885749602,1.123111964,500979.1645,0.843481137,0.757601437,0.684733755,0.894540914,413552.3333,1.663270494,1.484370695,1.366695615,1.762782532,16.92682301,1.332175613,1.302440375,1.126880264,1.335533392,11.23559854
1063,BHP,ANN,2022-09-01,2024-09-01,14,1.655315604,1.117561923,1.117666648,1.327684113,502586.3962,1.288307123,0.801358849,0.882004452,1.036002986,408235.9417,2.551415197,1.568000029,1.75966554,2.046426517,16.56831449,2.047939088,1.518725001,1.399207878,1.638557305,11.63122918
1064,BHP,ANN,2022-09-01,2024-09-01,15,1.145276178,1.058758384,1.07074052,1.103505306,495921.285,0.869378317,0.840441936,0.876293975,0.92156601,398976.225,1.713755136,1.642411984,1.744046396,1.811786527,16.09008521,1.458253825,1.244843653,1.224428679,1.183791366,11.18736082
1065,BHP,ANN,2022-09-01,2024-09-01,16,1.464968794,1.185939813,1.239943807,1.248792679,526398.7,1.069393714,0.912016348,0.919937123,1.009764989,422743.1667,2.118891203,1.784235601,1.833469522,1.980132181,17.00172142,1.987123785,1.480128579,1.676978878,1.418745169,12.14687596
1066,BHP,ANN,2022-09-01,2024-09-01,17,2.166357099,1.995809911,2.297870381,1.831766299,558957.2591,1.763673688,1.724643444,2.017623355,1.509796524,465258.825,3.490378582,3.384695861,4.024339031,2.987113622,19.03039769,2.473827354,1.970893693,2.222831153,2.060901812,12.29451233
1067,BHP,ANN,2022-09-01,2024-09-01,18,1.840501574,1.756692221,1.746742402,1.959363183,574399.0886,1.437335372,1.411102994,1.439449344,1.632921727,478732.5333,2.850549987,2.773174895,2.876712057,3.229858214,19.49407823,2.27106391,2.05503689,1.995883624,2.147038168,12.54754594
1068,BHP,ANN,2022-09-01,2024-09-01,19,1.769973958,1.47997036,1.279245371,1.474072383,588854.1356,1.27766741,1.120074448,1.007717483,1.198163605,495154.95,2.528079342,2.19718857,2.009617655,2.362525452,20.73415379,2.407915504,1.896375188,1.584399065,1.690671314,14.23896035
1069,BHP,ANN,2022-09-01,2024-09-01,20,1.399789612,1.290540318,1.104022151,1.188660715,486392.3772,1.125769084,1.057457202,0.901647536,0.961235428,426360.425,2.20992026,2.061582329,1.790218483,1.88500519,18.0220716,1.605845136,1.420493019,1.266892417,1.345033174,10.95669782
1070,BHP,ANN,2022-09-01,2024-09-01,21,1.311889963,1.080581496,1.275218049,1.003337624,536759.2814,0.954782429,0.758718765,1.000114579,0.773998133,455773.4,1.874831265,1.480967795,1.989169346,1.517391787,18.65587608,1.741082342,1.484263536,1.574125752,1.23217362,11.11340422
1071,BHP,ANN,2022-09-01,2024-09-01,22,1.707011147,1.398185449,1.100596395,1.293770578,544112.7179,1.200583,1.028791734,0.849022483,1.037662888,467341.8583,2.369489572,2.011519503,1.695212736,2.048380934,19.41315117,2.374609946,1.833601362,1.422335273,1.527229631,11.72091458
1072,BHP,ANN,2022-09-01,2024-09-01,23,1.803750649,1.550226615,1.690551872,1.870875965,505699.5002,1.441495911,1.242311755,1.396577973,1.52979037,400118.025,2.854828716,2.433620496,2.782761391,3.019619788,15.88951339,2.140898404,1.804310392,1.905397404,2.116527563,10.95283561
1073,BHP,ANN,2022-09-01,2024-09-01,24,1.185366788,1.05904226,0.988371493,0.977583445,530483.7431,0.872515459,0.738925223,0.715009049,0.800186539,457321.45,1.728381794,1.442714819,1.420799823,1.576960805,19.38877137,1.587905234,1.464797465,1.363342993,1.094376409,12.71361895
1074,BHP,ANN,2022-09-01,2024-09-01,25,1.468450172,1.0425275,1.093090866,1.245765898,605811.0434,1.21976312,0.787802498,0.855987331,0.892137655,525518.125,2.413999995,1.536908704,1.690553629,1.756976461,22.09953027,1.606332506,1.31963168,1.327267548,1.705523128,13.74311231
1075,BHP,ANN,2022-09-01,2024-09-01,26,1.562969299,1.479360828,1.433796164,1.246624651,623909.4302,1.078507244,1.181212639,1.083261975,0.919287491,551625.8,2.137422228,2.317449654,2.16531241,1.817281787,23.39902774,2.234235712,1.744978227,1.909689334,1.668871678,13.87297855
1076,BHP,ANN,2022-09-01,2024-09-01,27,1.147695226,1.146620403,1.214286958,1.087819365,534924.7064,0.820313124,0.817342522,0.937062408,0.818556086,448755.3917,1.622028369,1.601281994,1.866251163,1.611866816,19.14978699,1.588848474,1.574905511,1.548654332,1.416636765,13.71143928
1077,BHP,ANN,2022-09-01,2024-09-01,28,1.519977096,1.408613312,1.352533528,1.44661784,548282.2069,1.096804419,1.027369937,1.164128686,1.218394852,448918.1333,2.163628576,2.007935263,2.317477064,2.401680311,17.89126369,2.056632834,1.863328117,1.376641302,1.533367711,10.9337921
1078,BHP,ANN,2022-09-01,2024-09-01,29,1.973835828,1.305079018,1.252161845,1.645908772,572032.8607,1.665781308,0.976791261,0.926306641,1.402772522,491512,3.300903113,1.914173251,1.854361769,2.772979095,21.39451753,2.101244569,1.68689637,1.7168914,1.704727781,15.21296415
1079,BHP,ANN,2022-09-01,2024-09-01,30,1.42428854,1.282487921,1.250586042,1.245428663,544233.9544,1.023277136,0.980972835,0.964814925,0.989458974,464533.2833,2.018315426,1.924878788,1.930453761,1.947406669,18.90005151,1.937957626,1.621594262,1.612904716,1.46558787,11.07477935
1080,BHP,ANN,2022-09-01,2024-09-01,31,1.403043381,1.231675906,1.244775507,1.370939632,558380.3246,0.985651403,0.886747959,1.00473911,1.007182821,459101.1417,1.943165966,1.732345927,1.996267019,1.974951646,19.23229508,1.95311115,1.654623378,1.456233062,1.803664116,13.77996445
1081,BHP,ANN,2022-09-01,2024-09-01,32,1.281614487,1.289803084,1.118329728,1.205594834,554251.0311,0.973602156,1.000570216,0.886978317,0.956908798,491606.0417,1.921241588,1.954332199,1.765744661,1.880899798,21.17894789,1.639759211,1.575068538,1.368136604,1.431236169,13.05653882
1082,BHP,ANN,2022-09-01,2024-09-01,33,1.137665508,1.107270217,1.148502012,1.160957331,545345.6912,0.862734648,0.815391165,0.895274895,0.867816925,464440.525,1.707868516,1.597412277,1.785297218,1.707479348,19.67543273,1.460721363,1.453270251,1.442809797,1.499877885,13.58092271
1083,BHP,ANN,2022-09-01,2024-09-01,34,1.93981014,1.668382593,1.564362645,1.508504625,548710.9435,1.510461476,1.375690916,1.272037369,1.224793243,457678.4583,2.992956904,2.69620287,2.545147719,2.4208011,19.35020746,2.39918877,1.835142892,1.842580047,1.736287315,13.9223726
1084,BHP,ANN,2022-09-01,2024-09-01,35,1.202955692,1.208732582,1.055791026,1.367377428,583265.3011,0.876051666,0.868953337,0.849593394,1.06863505,487280.1125,1.718638522,1.700285483,1.696873349,2.101116794,20.0750498,1.599309293,1.627234185,1.27756476,1.659426285,13.44158277
1085,BHP,ANN,2022-09-01,2024-09-01,36,1.70792371,1.386227501,1.42859402,1.33602654,523247.6543,1.34256346,1.043302272,1.103037745,1.067606862,427857.9167,2.664196426,2.047071225,2.204410661,2.10845743,17.83310745,2.106211365,1.786654419,1.8378729,1.591839985,12.76342932
1086,BHP,ANN,2022-09-01,2024-09-01,37,1.958310997,1.721551577,2.003417739,1.534921348,527448.0886,1.503588018,1.338213328,1.673009527,1.16948878,442880.5167,2.974386523,2.620157662,3.333012414,2.303041008,18.65832648,2.461978033,2.099752581,2.189325902,1.934505133,12.79538945
1087,BHP,ANN,2022-09-01,2024-09-01,38,1.644620581,1.252164089,1.133106462,1.134687398,533707.6679,1.288384274,0.949847736,0.824077195,0.882567851,445212.025,2.546235669,1.857708468,1.646751423,1.735071269,17.88741586,2.003993806,1.58489083,1.585391773,1.394700036,10.57987891
1088,BHP,ANN,2022-09-01,2024-09-01,39,1.588953211,1.199586834,1.316307577,1.408753678,590745.5928,1.223761959,0.908243694,1.010403882,1.068697357,508067.45,2.432236517,1.778451731,2.021937715,2.111888199,21.73023841,2.033158765,1.521637091,1.716258305,1.81199242,14.66489851
1089,BHP,ANN,2022-09-01,2024-09-01,40,1.534950169,1.164179841,1.076999246,1.20238644,554565.4869,1.181284069,0.841859401,0.752958644,0.925062434,481698.7833,2.335885382,1.64907026,1.511050119,1.828356898,20.50622807,1.924847667,1.564393464,1.577846039,1.529350757,13.3349687
1090,BHP,ANN,2022-09-01,2024-09-01,41,1.099641349,1.015095476,1.155825763,1.194065933,515475.2469,0.901547692,0.763821312,0.961288771,0.968658956,429114.6417,1.777685964,1.497785032,1.911544844,1.905615381,17.27081985,1.235825444,1.305056529,1.28567805,1.365846907,10.73429092
1091,BHP,ANN,2022-09-01,2024-09-01,42,1.435999394,1.239556894,1.078523957,1.186561146,627765.6667,1.162951203,0.998615708,0.882324908,1.006531779,541985.9583,2.3083294,1.95847956,1.75914935,1.990454562,22.48227669,1.674986667,1.428007075,1.244130383,1.249840017,13.4880693
1092,BHP,ANN,2022-09-01,2024-09-01,43,1.187394115,1.058089699,0.852617035,0.906733845,524181.6293,0.866262722,0.788794783,0.640465957,0.729836909,445690.85,1.708443226,1.537774914,1.271124403,1.436525181,18.89776154,1.588566383,1.356322121,1.115281755,1.051678859,12.75787385
1093,BHP,ANN,2022-09-01,2024-09-01,44,1.507930926,1.294653575,1.160211632,1.417388828,487036.3988,1.133644697,0.94602777,0.870436748,1.163992437,413761.6167,2.244108262,1.851444223,1.727083424,2.292985188,17.27038348,1.962693386,1.721524926,1.520752913,1.578687466,11.57634223
1094,BHP,ANN,2022-09-01,2024-09-01,45,1.140834561,1.146829591,1.191390693,1.247436891,525200.9002,0.907248566,0.912100817,0.897132305,1.04183375,445023.7,1.792506467,1.787063314,1.78970675,2.052517086,18.71527993,1.363508798,1.359542571,1.586970503,1.346184146,12.44996638
1095,BHP,ANN,2022-09-01,2024-09-01,46,1.062536528,0.906293217,1.049999046,1.228305212,598232.2601,0.830233206,0.723662272,0.840899566,0.957933172,511144.6417,1.643978301,1.414216389,1.672810012,1.887962823,22.27184487,1.310835584,1.051395815,1.250954394,1.507642487,15.89010832
1096,BHP,ANN,2022-09-01,2024-09-01,47,1.021861413,1.210938717,0.778084172,1.0125141,536146.6292,0.755576849,0.993888447,0.599115263,0.843069204,464208.4667,1.491854595,1.950151593,1.195408137,1.667149147,19.91744081,1.348807332,1.355215951,0.997645696,1.114418769,13.61063844
1097,BHP,ANN,2022-09-01,2024-09-01,48,1.145309299,1.05262643,1.075945616,1.447649964,502143.5702,0.930532655,0.865047876,0.868926544,1.240685908,411043.75,1.835092067,1.689970511,1.727299206,2.453930504,17.06162418,1.30733972,1.162814608,1.259337603,1.484374271,12.53934966
1098,BHP,ANN,2022-09-01,2024-09-01,49,1.506627517,1.097749996,1.078034447,1.249957605,560857.8984,1.198010185,0.884024028,0.837568827,1.011901093,458215.7917,2.375784141,1.736759713,1.677859533,2.001629635,19.1761489,1.812092472,1.280594107,1.398207779,1.455308574,13.81992263
1099,BHP,ANN,2022-09-01,2024-09-01,50,1.26863096,1.303617513,1.499316437,1.36773056,544279.7179,1.053737701,0.999638089,1.164286848,1.116294861,469212.8667,2.076525614,1.95550537,2.328349999,2.203345989,20.01329401,1.379522566,1.625499754,1.926876954,1.563125413,12.89401192
1100,BHP,ANN,2023-05-01,2025-05-01,1,2.614453593,2.50184063,2.149162457,3.044558774,1827815.376,1.90507411,2.164614535,1.716132604,2.613926188,1183474.067,4.15976047,4.712732381,3.805265878,5.803588565,30.22591201,3.863252848,2.852625062,3.001431703,3.780218971,26.07737587
1101,BHP,ANN,2023-05-01,2025-05-01,2,2.870856315,2.445570524,2.446389286,2.473014864,2049136.564,2.329527287,1.991428136,1.941009653,2.062576294,1239087.892,5.122159018,4.274682288,4.375292173,4.557790146,26.45868972,3.759091334,3.076905741,3.649703687,3.292115421,20.7251275
1102,BHP,ANN,2023-05-01,2025-05-01,3,2.121619135,2.605463985,2.164480899,2.510786767,2045831.277,1.715215751,2.294810928,1.578136268,2.051961263,1283858.308,3.795096231,4.979726643,3.614450669,4.548253837,31.03431216,2.837618363,2.769487746,3.652933149,3.454871236,29.65545027
1103,BHP,ANN,2023-05-01,2025-05-01,4,2.234604293,2.060171098,2.651719453,2.089059538,1845444.064,1.7692567,1.668590617,2.086613405,1.484569677,1145054.675,3.903403832,3.640668132,4.790189451,3.369987526,28.25900175,3.096236076,2.717851401,4.101199908,3.644327528,26.49304779
1104,BHP,ANN,2023-05-01,2025-05-01,5,2.893422823,2.581219073,3.080628448,2.801983719,2145679.341,2.451243999,2.174672219,2.385755371,2.178521856,1358352.858,5.451048685,4.733380759,5.471607072,4.845536663,32.26319682,3.706402973,3.183790081,4.912361434,4.206898191,28.02947465
1105,BHP,ANN,2023-05-01,2025-05-01,6,2.464710337,2.386324812,2.699057352,2.011734083,2079709.905,1.899035054,1.94090889,2.065209047,1.581699371,1336185.958,4.223865964,4.190377921,4.738780505,3.511699508,31.07589696,3.675148445,3.027304571,4.318202319,2.993019279,23.99055962
1106,BHP,ANN,2023-05-01,2025-05-01,7,2.718472396,2.29939893,3.376185042,2.609246074,2224591.473,2.348224792,2.003350894,2.834614708,2.216515477,1393449.096,5.208781821,4.327654391,6.462857567,4.919386636,32.25122916,3.240594679,2.486568571,4.624809598,3.304081745,29.96728628
1107,BHP,ANN,2023-05-01,2025-05-01,8,2.924974941,2.748423968,2.878801992,2.448651014,2108438.145,2.343710771,2.216724582,2.126020731,2.049584834,1322674.733,5.17758347,4.846760932,4.9076969,4.55373172,30.10285006,3.974235448,3.666082965,4.879776017,3.273845414,24.12644526
1108,BHP,ANN,2023-05-01,2025-05-01,9,2.184342795,1.725883996,2.417056912,2.507731693,2095855.436,1.753264729,1.364381678,1.800281934,1.957079061,1298435.608,3.84375442,2.953953094,4.131341832,4.361604291,29.59636661,2.961499035,2.334375044,4.041112563,3.813173057,27.27929198
1109,BHP,ANN,2023-05-01,2025-05-01,10,2.805891048,2.774489703,3.459573644,3.184142036,2026275.798,2.29623388,2.341164578,3.039333017,2.708639018,1255665.838,4.987296366,5.027381895,6.79102094,6.011752708,28.25011909,3.478633674,3.198213865,3.879622717,4.07959398,22.5219776
1110,BHP,ANN,2023-05-01,2025-05-01,11,3.018118294,2.269695379,2.788044284,2.066175343,2048573.134,2.433678454,1.833619228,2.141291579,1.563036855,1288267.525,5.336765211,3.931602312,4.879960156,3.50243516,29.01917552,3.980283138,2.847969566,4.444256695,3.285568924,21.96320895
1111,BHP,ANN,2023-05-01,2025-05-01,12,2.333800248,1.52065551,2.440680617,2.572857995,2067907.294,1.871475008,1.257547577,1.84401679,1.945699565,1218914.658,4.136851207,2.69921077,4.222064232,4.358699094,27.39830771,3.298091724,1.875928325,3.981068769,3.995785755,29.32255892
1112,BHP,ANN,2023-05-01,2025-05-01,13,2.260864894,2.13239109,2.967121787,2.838172815,2172378.301,1.939276643,1.823383185,2.362481826,2.32369868,1402769.217,4.281602335,3.971410203,5.411779379,5.179407945,32.80793977,2.779044258,2.529324148,4.518686589,3.972018625,25.74894568
1113,BHP,ANN,2023-05-01,2025-05-01,14,2.966419185,2.192694681,2.861090929,2.939910544,1936651.692,2.351844723,1.695729455,2.372602345,2.386587524,1323150.033,5.175900261,3.668986109,5.40231253,5.326881147,35.77081242,4.127419396,3.046829132,4.010549409,4.099466707,29.55566323
1114,BHP,ANN,2023-05-01,2025-05-01,15,2.081717045,1.950810941,2.702611131,2.564133859,2050507.335,1.611105428,1.62399893,2.240620746,2.078918584,1263600.117,3.545633892,3.526408152,5.09608049,4.659645815,29.45943916,3.015231574,2.450486412,3.826077449,3.738077777,25.47800896
1115,BHP,ANN,2023-05-01,2025-05-01,16,2.944434756,2.35961573,3.262783435,3.863983749,2046380.421,2.460929994,1.777902089,2.597998941,3.054773458,1299302.317,5.362124316,3.84014938,5.889645525,6.783475857,30.18247746,3.494574726,3.388729788,4.837319009,5.606255293,23.43220483
1116,BHP,ANN,2023-05-01,2025-05-01,17,2.9361873,2.405903903,2.447478931,3.171131611,2097424.341,2.411195617,1.966793149,1.732832843,2.437968445,1319492.342,5.296335381,4.27290599,4.007670716,5.409696824,29.53128137,3.744480569,3.082035618,4.309089997,4.754691637,20.38734983
1117,BHP,ANN,2023-05-01,2025-05-01,18,2.253552984,1.804516054,2.375151377,2.03802823,1949629.012,1.72241996,1.553009961,1.964800152,1.402961477,1263732.933,3.811436237,3.361096845,4.403080099,3.102308525,31.15408828,3.369858586,2.063289298,3.224521686,3.471479562,23.46557435
1118,BHP,ANN,2023-05-01,2025-05-01,19,2.478385383,1.749971496,2.20766358,2.312632887,2222296.809,2.00816466,1.365395374,1.703403808,1.739426804,1364053.167,4.418560145,2.950798103,3.828711277,3.88463464,30.85739465,3.240680782,2.381241362,3.342746957,3.692978916,30.64669169
1119,BHP,ANN,2023-05-01,2025-05-01,20,2.335105088,2.534310601,3.971555585,3.262482028,2300827.421,1.553195368,2.001921376,3.141450463,2.622143173,1426920.613,3.421484103,4.328342142,7.145784046,5.807350884,30.20382549,3.916104974,3.463846279,5.811853346,4.58838359,23.83052862
1120,BHP,ANN,2023-05-01,2025-05-01,21,3.697499953,3.027855774,3.021916685,2.899341421,2227249.367,3.178414725,2.615897803,2.443221479,2.337508901,1512287.825,6.985325844,5.671489584,5.578017171,5.175535999,38.08289869,4.23019696,3.36626332,4.485885128,4.00628015,29.8410797
1121,BHP,ANN,2023-05-01,2025-05-01,22,2.912499385,2.500002075,2.341532079,2.709061774,2247388.293,2.282036262,2.156052138,1.600950373,2.137742106,1508253.783,5.018599947,4.655670743,3.71271497,4.796162271,36.2856384,4.044186432,2.80006383,4.243785137,4.09500757,28.45637956
1122,BHP,ANN,2023-05-01,2025-05-01,23,2.618951674,1.492713976,1.97253177,2.822359613,2274038.592,2.164418982,1.145361914,1.497336916,2.312005361,1515808.817,4.782840148,2.472903968,3.429124134,5.110134569,37.26036964,3.352142056,2.106506167,3.230828057,3.825387258,30.62093195
1123,BHP,ANN,2023-05-01,2025-05-01,24,2.423013767,1.553271771,4.388820645,3.807809777,1925122.519,1.920219719,1.229078897,3.409765707,2.840300369,1218837.208,4.163138867,2.649749826,7.828170787,6.422171433,30.3947914,3.192237596,2.089346791,6.749056156,5.996828415,27.77348318
1124,BHP,ANN,2023-05-01,2025-05-01,25,3.022503314,1.753997768,2.277829137,2.81756955,2146046.201,2.527676377,1.447743601,1.56996589,2.071327591,1400926.783,5.626428617,3.14179987,3.633140374,4.654443407,31.99591364,3.877311347,2.234908143,4.120334456,4.556946079,20.63080694
1125,BHP,ANN,2023-05-01,2025-05-01,26,2.645994098,2.399448521,3.04662831,2.819778493,1975070.516,2.047243381,2.024759407,2.461785312,2.299456151,1275838.733,4.514356444,4.373787121,5.581485318,5.115116207,30.10012138,3.790347531,2.853823173,4.391868989,3.917935807,19.16079729
1126,BHP,ANN,2023-05-01,2025-05-01,27,2.101441985,1.839133831,2.457058242,2.466624129,2088478.237,1.696079839,1.471270464,2.00328806,2.040307617,1247518.192,3.734894144,3.189146983,4.567495212,4.531910012,27.1045787,2.79189284,2.448164235,3.605767917,3.331335584,23.94083899
1127,BHP,ANN,2023-05-01,2025-05-01,28,2.088639613,2.044558983,2.391818833,2.109446187,2080748.456,1.675195126,1.632717776,1.856514828,1.598772049,1469764.667,3.660763118,3.525941444,4.257853891,3.523109383,39.15090424,2.781709199,2.714456697,3.793817608,3.205110978,30.75942747
1128,BHP,ANN,2023-05-01,2025-05-01,29,2.942490084,1.907460717,2.814715012,2.512917166,2026303.34,2.468780859,1.569801753,2.31134971,1.99017512,1336474.733,5.45847054,3.37827495,5.224419099,4.434645094,32.82943227,3.697015734,2.329252154,3.944839833,3.658154121,24.43314089
1129,BHP,ANN,2023-05-01,2025-05-01,30,2.715030595,1.916725679,2.687516113,2.537886982,2254071.822,2.294480373,1.615516737,2.175183661,2.012505849,1449846.392,5.031243033,3.480475374,4.936144432,4.4441565,34.22873368,3.247220644,2.255803806,3.80237952,3.567982638,25.51375803
1130,BHP,ANN,2023-05-01,2025-05-01,31,2.266594527,1.769545596,3.050264482,2.766968517,2168401.403,1.77988941,1.504275859,2.632186481,2.306750997,1360855.425,3.85515567,3.233767596,5.927722236,5.049472612,30.87387046,2.981112128,2.011531102,3.718340211,3.511589636,23.83439444
1131,BHP,ANN,2023-05-01,2025-05-01,32,2.433031073,1.612179823,3.246486263,2.578445366,2059421.413,1.969362536,1.27081934,2.516349655,2.002404785,1305350.292,4.37765019,2.757638349,5.803926045,4.509901998,31.09304598,3.416158581,2.250897269,5.191585945,4.018311872,24.92514462
1132,BHP,ANN,2023-05-01,2025-05-01,33,3.110684349,2.367502799,3.023246003,3.159659699,2074380.291,2.625325965,1.861425261,2.470192492,2.47798996,1255704.308,5.76624881,4.009820705,5.610406867,5.516080147,29.12107976,3.732347216,3.156396333,4.293979863,4.597876964,29.19905072
1133,BHP,ANN,2023-05-01,2025-05-01,34,2.684044301,2.02188165,2.522265667,3.447280958,2102908.447,2.2691686,1.593967712,1.988351109,2.887775421,1300470.167,4.977110321,3.439319825,4.560333092,6.396327346,30.31949505,3.185231566,2.698715394,3.844616473,4.415974359,26.74435237
1134,BHP,ANN,2023-05-01,2025-05-01,35,2.867893408,1.82624977,1.870094208,2.282122181,2306913.423,2.312869477,1.586184945,1.540743333,1.891277822,1486659.717,5.078323227,3.424601857,3.41935671,4.207892635,33.14860634,3.756971384,1.994802281,2.46954153,3.122202808,23.27531084
1135,BHP,ANN,2023-05-01,2025-05-01,36,2.242256186,1.632661909,2.776871203,2.033126407,1885817.452,1.672148578,1.302316419,2.200692772,1.662047068,1200421.3,3.68811035,2.81574619,5.035559762,3.678391936,30.50471644,3.358418237,2.190937041,4.305507273,2.882663027,30.62422666
1136,BHP,ANN,2023-05-01,2025-05-01,37,2.663295255,1.848806716,2.743740139,3.794265263,2167606.329,2.116985458,1.351208533,2.057701562,3.229240672,1324883.942,4.657548779,2.936834663,4.726300161,7.149517294,29.57898469,3.579492971,2.795846691,4.555167702,4.666661047,25.31324944
1137,BHP,ANN,2023-05-01,2025-05-01,38,2.737820573,3.09641422,2.893431594,3.066683895,2098215.973,1.984258216,2.596478302,2.367253526,2.481752014,1391309.483,4.319868938,5.629475051,5.298384933,5.469186622,34.21114877,4.107695734,3.691582627,3.826885443,4.123230914,26.13044329
1138,BHP,ANN,2023-05-01,2025-05-01,39,3.114017173,1.576548079,3.156912686,2.577374886,2106230.369,2.504426825,1.241299212,2.450864173,2.081166077,1282357.567,5.510304184,2.67653007,5.652493147,4.658992603,27.68518828,4.159502498,2.13922334,5.068854663,3.75846691,22.9087608
1139,BHP,ANN,2023-05-01,2025-05-01,40,3.314872488,2.355769169,2.369928227,2.683365403,2135553.543,2.855920564,1.974351959,1.92643828,2.223554611,1297332.992,6.317598041,4.251909578,4.35297816,4.939499536,30.08840871,3.882542737,2.770177302,3.361460035,3.670347145,28.12941496
1140,BHP,ANN,2023-05-01,2025-05-01,41,2.906708318,2.516346677,3.357842891,3.547997847,2138865.402,2.169948705,2.207340256,2.760838755,2.955155818,1369121.7,4.731532801,4.816306011,6.222661231,6.460207576,31.70199092,4.222845074,2.808644865,4.541135605,4.396452513,23.53564431
1141,BHP,ANN,2023-05-01,2025-05-01,42,2.638778261,1.821065075,2.227067721,1.97408016,2105658.323,2.213778937,1.406901385,1.731535603,1.507840602,1263915.3,4.930829958,3.051370589,3.964883229,3.333183489,26.72333713,3.486362037,2.588417166,3.551521083,3.003866583,22.66693895
1142,BHP,ANN,2023-05-01,2025-05-01,43,2.462838607,2.345228161,2.72418319,2.472776222,2113308.882,2.070761867,1.893271821,2.276198663,2.093036779,1349212.542,4.533273472,4.064660009,5.11804553,4.633180956,32.51629025,2.948321424,2.989665037,3.501391163,3.093559748,26.88903745
1143,BHP,ANN,2023-05-01,2025-05-01,44,2.764512561,2.335861913,2.535625869,2.606498782,2218947.769,2.37932678,1.984633538,2.125444187,2.201475271,1333618.229,5.253773301,4.323976215,4.817754258,4.902618332,28.71138724,3.266002426,2.797956132,3.480036847,3.459866309,25.31287381
1144,BHP,ANN,2023-05-01,2025-05-01,45,3.232705755,2.367206249,2.673135457,2.420331363,2174393.271,2.751947048,1.947194187,2.285203113,2.001578522,1504991.267,6.010163193,4.168206955,5.175018789,4.371224836,38.13521202,3.723124644,2.873634359,3.514030856,3.071413985,26.12627462
1145,BHP,ANN,2023-05-01,2025-05-01,46,3.057377382,2.424335035,3.093760078,3.393524433,2195797.437,2.536100256,1.903202708,2.43499781,2.787020238,1395484.283,5.613595407,4.166400869,5.526502681,6.223653188,31.56579726,3.949427041,3.433221848,4.684846859,4.739490237,25.09929565
1146,BHP,ANN,2023-05-01,2025-05-01,47,3.17954928,2.504100112,2.403880256,2.872360519,2173650.915,2.737960534,2.028523468,1.819031319,2.362648519,1351398.775,6.067290072,4.45586795,4.162913625,5.239753441,31.29723013,3.79065817,3.387998259,3.900778463,3.859702119,28.98959467
1147,BHP,ANN,2023-05-01,2025-05-01,48,2.619388592,1.421601402,2.198226869,2.849662298,2086160.766,2.041522312,1.094810912,1.546060823,2.260310109,1368258.392,4.441664935,2.360848778,3.565666527,4.993890156,33.4011316,3.557516038,1.989257701,3.90250973,4.060523084,26.21068744
1148,BHP,ANN,2023-05-01,2025-05-01,49,2.87882481,2.313575748,3.142815421,3.008402489,2011289.034,2.197786461,1.899441685,2.38851584,2.157718404,1322655.767,4.893174957,4.129244045,5.513404626,4.857493895,32.91625833,4.358679548,2.981804313,5.119101054,4.998579151,26.01213953
1149,BHP,ANN,2023-05-01,2025-05-01,50,2.383714436,2.235614049,2.868342495,2.577982794,2241502.242,1.986992072,1.782106698,2.264662495,1.943067551,1406002.988,4.36370819,3.84162787,5.148082901,4.341732628,31.24455202,2.952355994,2.937189404,4.317447926,4.009865876,24.10388801
1150,BHP,ANN,2024-01-01,2026-01-01,1,2.041232921,1.40965596,1.689780957,1.776734511,1000524.015,1.682909279,1.133841011,1.295435059,1.40229187,733890.85,3.002831068,2.019367332,2.334089585,2.502859153,32.14851629,2.15854793,1.566813134,1.987120482,1.986111834,47.36840397
1151,BHP,ANN,2024-01-01,2026-01-01,2,1.706530257,1.757876395,1.782506473,1.532618185,1017079.106,1.17207317,1.469976484,1.516346246,1.26265831,787008.975,2.123198352,2.593336168,2.693254104,2.239864377,35.05538726,2.330995382,1.730733987,1.65765143,1.582712024,48.0696629
1152,BHP,ANN,2024-01-01,2026-01-01,3,1.575698866,1.278819951,1.382234174,1.50079264,983973.0445,1.206446356,0.970740016,1.172138885,1.252519608,811840.0333,2.133066798,1.701435917,2.088013153,2.212942292,35.58351412,1.799392187,1.497120231,1.33807751,1.495038565,42.42161496
1153,BHP,ANN,2024-01-01,2026-01-01,4,2.423225615,1.627582404,1.431623778,1.448067691,1050467.457,2.067867039,1.410459408,1.178033052,1.199351501,828934.85,3.682382144,2.47722759,2.069798666,2.104161813,33.17034619,2.284997239,1.42883239,1.367184457,1.392724983,36.14658819
1154,BHP,ANN,2024-01-01,2026-01-01,5,1.6590135,1.541753678,1.565256311,1.503093025,1050158.309,1.313249051,1.279164825,1.197669634,1.20601387,814467.1083,2.334822028,2.250837826,2.11513352,2.121290641,36.17699133,1.849934023,1.543450547,1.758458422,1.593144273,50.73486331
1155,BHP,ANN,2024-01-01,2026-01-01,6,2.619271722,2.097804229,1.608005215,1.576839286,938544.0179,2.403107787,1.864614915,1.410630162,1.366125488,739782.1833,4.22685066,3.244570438,2.482774159,2.402471423,33.97510217,1.85400733,1.663220122,1.339339076,1.39512505,46.85223304
1156,BHP,ANN,2024-01-01,2026-01-01,7,1.675880521,1.539523813,1.43507015,1.588340786,1025945.51,1.241009522,1.27128181,1.075990436,1.309314473,802520.6083,2.230798541,2.233531856,1.908360948,2.305102379,32.13208719,2.10297171,1.571411112,1.668677225,1.589477966,38.0231422
1157,BHP,ANN,2024-01-01,2026-01-01,8,2.394260481,1.865265397,1.3513851,1.626644788,921184.0426,1.890341996,1.42408159,1.123340951,1.32210935,725867.8083,3.406454992,2.531566419,2.00643498,2.346380701,30.43072851,2.813327856,2.238486814,1.366933203,1.749494827,36.0809552
1158,BHP,ANN,2024-01-01,2026-01-01,9,1.85881278,1.901772428,1.679804702,1.806026358,1000394.972,1.595524677,1.619126382,1.459178508,1.489810944,774158.1333,2.82254255,2.843074932,2.575847523,2.641608531,34.39662245,1.704325801,1.773940365,1.425533093,1.797530304,47.88723451
1159,BHP,ANN,2024-01-01,2026-01-01,10,1.862242916,1.702479399,1.55226325,1.633332453,1048946.379,1.510243827,1.460506914,1.257343235,1.403359477,814137.0917,2.703170233,2.582821845,2.246929347,2.493210014,36.46774995,2.013925468,1.628285935,1.680419914,1.555837503,50.14709053
1160,BHP,ANN,2024-01-01,2026-01-01,11,1.92042039,1.679678398,1.73891211,1.474898865,926969.0177,1.415058786,1.36922523,1.538594867,1.208620707,734102.4,2.578222478,2.434825736,2.745079044,2.163197474,32.5840654,2.487370976,1.792124005,1.457022153,1.570835267,41.94195326
1161,BHP,ANN,2024-01-01,2026-01-01,12,1.784358346,1.621960708,2.090334651,1.983380378,979332.8685,1.3379213,1.408960285,1.766264645,1.690157954,786413.8417,2.416104535,2.480028199,3.117584859,2.960667689,36.05524887,2.241715489,1.44547432,1.930774347,1.775796792,46.56036774
1162,BHP,ANN,2024-01-01,2026-01-01,13,1.74378187,1.330693062,1.311963489,1.522069322,1012610.768,1.291933554,1.06524058,1.122096999,1.213094711,819359.925,2.350436772,1.894374559,1.992910641,2.17429029,34.70177694,2.231127572,1.490553046,1.218269192,1.699309411,43.10184761
1163,BHP,ANN,2024-01-01,2026-01-01,14,2.364264933,1.3578873,1.340106319,1.524236597,1033729.502,1.62752244,1.106789768,1.121102651,1.148655701,839797.5417,2.956256215,1.972391966,1.987273289,2.038812887,36.49572765,3.263684783,1.479646347,1.285572658,1.810867256,43.05249506
1164,BHP,ANN,2024-01-01,2026-01-01,15,1.763236922,1.348264108,1.151177278,1.183645667,985188.7362,1.492774103,1.079446225,0.905001916,0.907842763,746113.3833,2.664988696,1.895618707,1.588172922,1.605355068,35.05979983,1.766760304,1.441727537,1.221931099,1.354629934,54.0315729
1165,BHP,ANN,2024-01-01,2026-01-01,16,1.535614418,1.814003964,1.597189547,1.744636304,998966.3918,1.206986803,1.489830872,1.286492445,1.468268712,789020.5083,2.163244167,2.613199002,2.296819834,2.600810357,34.8336098,1.784256935,1.844559976,1.71415756,1.727681521,45.44757095
1166,BHP,ANN,2024-01-01,2026-01-01,17,1.652297665,1.57146363,1.56993452,1.485859447,945729.5852,1.272671833,1.271827928,1.221459689,1.298858515,778117.2833,2.29207812,2.248569346,2.170792048,2.305313011,34.37922477,1.976485524,1.679571281,1.736549387,1.319421416,43.03351892
1167,BHP,ANN,2024-01-01,2026-01-01,18,1.685551277,1.451989603,1.618195265,1.95186173,1023932.293,1.404934203,1.17305157,1.257537135,1.594025803,818951.0667,2.499582321,2.065198821,2.247736594,2.820181832,33.21726242,1.687728122,1.53379538,1.854852762,2.031092901,36.50916792
1168,BHP,ANN,2024-01-01,2026-01-01,19,2.475544941,1.828735512,2.513875995,1.934183354,1069932.248,2.12301079,1.504101826,2.193599612,1.584327952,847281.4958,3.75164882,2.629222805,3.840691451,2.801113683,33.45773528,2.260151864,1.824089313,2.05082374,1.960597015,40.03248912
1169,BHP,ANN,2024-01-01,2026-01-01,20,2.2719247,2.111104667,1.712023914,1.898099225,1010027.846,1.944223558,1.770918339,1.379848001,1.545842234,778030.7583,3.451085413,3.124861332,2.464618521,2.752840592,37.52063358,2.145337052,2.095977016,1.85321456,2.012835964,55.36221294
1170,BHP,ANN,2024-01-01,2026-01-01,21,1.802018632,1.409689521,1.572243918,1.788564922,1065888.577,1.420597308,1.111008851,1.252474648,1.44569219,829073.2083,2.547293417,1.970279446,2.226888061,2.559780736,32.83145718,2.084423259,1.610663502,1.695801602,1.876098775,40.28742073
1171,BHP,ANN,2024-01-01,2026-01-01,22,2.496731047,2.144924707,1.419103192,1.799978214,1062644.94,2.087792479,1.715645855,1.147846978,1.440865199,802311.8583,3.73582781,3.032517806,2.076306925,2.559802033,30.80924019,2.610456806,2.383300218,1.560390108,1.970373432,37.15533547
1172,BHP,ANN,2024-01-01,2026-01-01,23,2.082903961,1.365778799,1.251994684,1.613016078,974375.9095,1.804044243,1.119697922,1.016464698,1.374364853,779680.1417,3.174353965,1.971667682,1.814127333,2.452453335,36.88886787,1.828839769,1.404007383,1.339439621,1.56523956,51.8056194
1173,BHP,ANN,2024-01-01,2026-01-01,24,1.742042344,1.532007653,1.511665913,1.611931574,985183.243,1.216498857,1.188453211,1.117380452,1.31646347,747031.4833,2.204583348,2.113807083,1.985414938,2.327645851,35.66438755,2.387310034,1.808889941,1.795641821,1.655661393,51.89656493
1174,BHP,ANN,2024-01-01,2026-01-01,25,1.450104046,1.53842455,2.284151861,1.500786689,1022644.82,1.19089418,1.331517997,1.92992315,1.276986949,817262.1333,2.124042056,2.311041119,3.366238738,2.241024916,37.01010189,1.560300576,1.319003623,2.040713951,1.374840409,47.47703137
1175,BHP,ANN,2024-01-01,2026-01-01,26,1.812142226,1.472503897,1.40693519,1.539788267,983075.4527,1.399034767,1.185601569,1.209764463,1.279277802,745825.5583,2.522832972,2.108316547,2.165916149,2.288224886,33.45235599,2.174351188,1.617588347,1.342799032,1.600486896,48.30170775
1176,BHP,ANN,2024-01-01,2026-01-01,27,1.497923118,1.498761475,1.413781789,1.47333034,987843.5185,1.162209933,1.175706165,1.149856012,1.24354248,768933.2167,2.072378514,2.080772717,2.049699445,2.20457808,34.85763973,1.759680799,1.720946139,1.466797669,1.431747395,48.93891737
1177,BHP,ANN,2024-01-01,2026-01-01,28,2.08825552,1.858686508,1.301282672,1.587100056,974103.4158,1.708161038,1.548768732,1.095111582,1.276412455,764520.3083,3.07905859,2.754549477,1.949365768,2.288270572,35.87838003,2.29080684,1.915518793,1.259579784,1.7705623,52.69413297
1178,BHP,ANN,2024-01-01,2026-01-01,29,2.185164068,1.458482518,1.136088926,1.741526139,997932.435,1.619011933,1.085832087,0.976801154,1.426424789,761333.95,2.908934908,1.948178823,1.736954381,2.523781038,35.33745344,2.761913201,1.834949872,1.036767409,1.785730499,50.48285359
1179,BHP,ANN,2024-01-01,2026-01-01,30,1.804459589,1.541677487,1.583432744,1.691638882,929306.8089,1.430207414,1.260009075,1.193629275,1.364012909,715012.6417,2.587515141,2.237579938,2.138055395,2.435410634,30.89440397,2.11020156,1.657189705,1.878297012,1.848015862,41.66690362
1180,BHP,ANN,2024-01-01,2026-01-01,31,1.816011287,1.828347745,1.455348984,1.722973435,1057635.165,1.465990753,1.487697363,1.164365973,1.294636536,823229.5583,2.593240798,2.626317595,2.057328075,2.290112127,31.95086065,1.900484792,1.905078482,1.523434216,2.004490684,33.03524583
1181,BHP,ANN,2024-01-01,2026-01-01,32,2.045831258,1.643318567,1.673076157,1.739136341,1025024.333,1.70896495,1.331081763,1.426494677,1.476902262,846515.6083,3.049453206,2.361541868,2.536815653,2.628843066,34.37519553,2.060615539,1.779111107,1.56862307,1.687135754,35.37846968
1182,BHP,ANN,2024-01-01,2026-01-01,33,2.372078858,2.073835168,1.943873015,2.096387566,985847.2762,2.104507292,1.817952187,1.655900634,1.777660624,754103.2417,3.698074858,3.185456909,2.941971985,3.14306481,31.7309346,1.911121979,1.74963658,1.806280383,1.97285606,41.21513409
1183,BHP,ANN,2024-01-01,2026-01-01,34,2.025553795,1.537317899,1.110078554,1.482014075,1009177.391,1.545641837,1.123828143,0.842480644,1.169497299,781076.9167,2.775609026,2.001651761,1.495445609,2.080948991,32.7282577,2.471529499,1.921051968,1.273570836,1.638407112,41.8042772
1184,BHP,ANN,2024-01-01,2026-01-01,35,2.650237838,1.896978707,1.660150769,1.630090263,1035393.212,2.217992524,1.527753259,1.413098733,1.257955678,808098.9167,3.890035316,2.694350108,2.526813029,2.206671138,38.31203427,2.511591884,2.045867934,1.569532737,1.795543398,54.15636143
1185,BHP,ANN,2024-01-01,2026-01-01,36,1.673463544,1.380087994,1.055549913,1.321150224,1078360.344,1.362974933,1.168673093,0.841297377,1.110699209,852410.05,2.443374721,2.049220073,1.485366557,1.961952762,36.79105172,1.815646685,1.327070249,1.113800971,1.243646194,46.64775793
1186,BHP,ANN,2024-01-01,2026-01-01,37,1.805944627,1.714958583,1.465407778,1.896684128,1007813.702,1.337128383,1.386012192,1.266535233,1.593382772,802713.5667,2.402321109,2.439738508,2.23710168,2.810794201,35.36181821,2.284911149,1.818597678,1.294065919,1.815202626,45.52965459
1187,BHP,ANN,2024-01-01,2026-01-01,38,1.962160098,1.424333276,1.144291172,1.685516715,1033147.666,1.424623703,1.238823507,0.91892729,1.228378932,821285.8417,2.580277254,2.175872762,1.647193444,2.181552665,37.93605028,2.571388205,1.268463591,1.239142824,2.063242325,52.52687076
1188,BHP,ANN,2024-01-01,2026-01-01,39,1.584896224,1.468204838,1.436794701,1.639285814,979438.6128,1.187418868,1.175888926,1.215515947,1.341833496,775997.0083,2.150184711,2.095792833,2.178433508,2.397766165,34.21854728,2.00636706,1.653249469,1.402897895,1.732189723,44.06534776
1189,BHP,ANN,2024-01-01,2026-01-01,40,2.017116262,1.720557067,1.413941001,1.775489997,995292.423,1.531319118,1.281771641,1.16570732,1.435386403,791185.2167,2.74401725,2.26251763,2.066434132,2.541923554,34.68532413,2.42745386,2.041909267,1.43444115,1.886492149,46.01015189
1190,BHP,ANN,2024-01-01,2026-01-01,41,1.812971412,1.341474798,1.109115582,1.493459208,950825.5088,1.517436444,1.129467036,0.865503536,1.265843201,741459.2583,2.707339988,1.997619618,1.55873085,2.257340632,31.16206911,1.84555801,1.324819976,1.295100014,1.482607724,40.43793292
1191,BHP,ANN,2024-01-01,2026-01-01,42,1.614315447,1.763969866,2.095051057,1.872839487,1045310.634,1.32644285,1.483609197,1.703142054,1.510650126,842301.8917,2.367035307,2.621959872,3.010102376,2.669292504,35.94286581,1.690779438,1.73707984,2.137114135,1.972974554,42.88887391
1192,BHP,ANN,2024-01-01,2026-01-01,43,2.140709907,1.499234915,1.218552459,1.406516905,964943.6603,1.608976351,1.120370203,1.024955787,1.171433131,787324.3833,2.912435993,1.9986688,1.840961418,2.088446208,33.78876086,2.680898298,1.85133943,1.229141497,1.443249735,40.50941906
1193,BHP,ANN,2024-01-01,2026-01-01,44,2.537228204,2.389632897,3.147544443,1.93248409,1022705.718,2.217685978,2.076602876,2.853351885,1.629971186,747722.775,3.879726095,3.604159504,5.014231844,2.883351581,35.4932571,2.099048073,1.991918055,2.232168602,1.83961465,54.59902309
1194,BHP,ANN,2024-01-01,2026-01-01,45,1.657012045,1.317510269,1.183887084,1.380417421,1065432.308,1.318170351,1.093685703,0.979425653,1.102195994,834033.65,2.378705693,1.946390135,1.744882866,1.963373471,41.64198204,1.915316845,1.374253596,1.207257665,1.51703134,59.48224208
1195,BHP,ANN,2024-01-01,2026-01-01,46,1.855117798,1.581209284,1.393479765,1.603436751,1032493.953,1.634058234,1.379144914,1.148079102,1.360400391,779099.0583,2.87653845,2.415613069,2.03721402,2.408284414,34.63782248,1.542110916,1.347985758,1.396451744,1.516254544,49.93556467
1196,BHP,ANN,2024-01-01,2026-01-01,47,1.695434638,1.918951003,1.54260092,1.622578215,994211.5689,1.396611376,1.621202395,1.300224873,1.395092519,773623.8667,2.460560273,2.831470718,2.281599651,2.44252864,32.97908848,1.709811448,1.790368174,1.399296104,1.412708322,43.77576408
1197,BHP,ANN,2024-01-01,2026-01-01,48,2.712420344,1.817612076,1.407540562,1.435078233,1076597.286,2.440237575,1.604695102,1.094518135,1.200708516,870506.4333,4.26715306,2.811532257,1.962836857,2.117784711,41.16019583,2.018768661,1.509029749,1.652091589,1.369637176,55.1138343
1198,BHP,ANN,2024-01-01,2026-01-01,49,1.794076245,1.595911125,1.266363367,1.499846507,992042.8413,1.533517168,1.304036116,1.106461256,1.309829966,787549.6,2.743816576,2.301608162,1.957716042,2.313550843,31.60789278,1.783034468,1.647717028,1.077774242,1.310055492,34.29312157
1199,BHP,ANN,2024-01-01,2026-01-01,50,1.984716847,1.688840629,2.174810707,2.286266492,940548.4709,1.545514687,1.409885709,1.820463454,1.894192251,735511.7,2.762475252,2.496812265,3.227859082,3.345801672,32.73454418,2.269130717,1.713825171,2.095262713,2.274815658,45.77147089
1200,BMO,ANN,2022-01-01,2024-01-01,1,2.864066143,1.780569037,2.09323832,2.118072145,260603.5701,2.009815305,1.583660801,1.719560506,1.698725891,193745.4583,2.55368485,1.962847721,2.138589541,2.119347079,32.22149264,2.717260516,1.070189382,1.483713629,1.660621096,35.38108576
1201,BMO,ANN,2022-01-01,2024-01-01,2,3.5682198,1.548414182,1.683958808,2.134934415,260723.8364,2.23023887,1.277374616,1.331704793,1.506323497,201377.8375,2.862829461,1.588963096,1.703026714,1.866490657,33.78639536,3.762100485,1.101470543,1.372637519,1.959395777,37.67956853
1202,BMO,ANN,2022-01-01,2024-01-01,3,5.296145206,2.224656107,2.519597233,2.561946455,265376.5835,4.093835667,1.755171124,2.026246916,1.970908864,203243.8188,5.18997512,2.200071595,2.509845918,2.513986318,36.67490479,4.517716118,1.746160944,1.825633456,2.185187789,44.07491776
1203,BMO,ANN,2022-01-01,2024-01-01,4,2.840123991,1.92617011,2.39035277,2.290487483,258636.9165,2.025703006,1.569446558,2.070498476,1.871401723,195346.875,2.601922283,1.925254377,2.605410076,2.331680993,34.52776061,2.698556088,1.397280424,1.554598274,1.683660727,41.73834687
1204,BMO,ANN,2022-01-01,2024-01-01,5,2.047087286,1.502028866,1.611594295,2.182641571,264366.3562,1.502617103,1.176683345,1.256534237,1.726552073,197866.6625,1.910480407,1.445126146,1.575617302,2.187216917,33.53588857,1.826810803,1.112694525,1.273061633,1.794700517,39.15150547
1205,BMO,ANN,2022-01-01,2024-01-01,6,3.578049912,1.643435688,2.268783758,2.349322664,254597.6799,2.2135548,1.377612998,1.731244182,1.867857869,180646.7354,2.894455502,1.666804975,2.151471025,2.356797166,29.18078007,3.810638113,1.036568103,1.776248783,1.881202941,33.24617631
1206,BMO,ANN,2022-01-01,2024-01-01,7,6.982143623,3.311203115,2.093340618,3.992831341,282613.292,6.192272527,2.727300509,1.760736908,3.415328979,222516.9979,7.871987139,3.485951248,2.24663552,4.308903109,41.07849739,4.458927397,2.564728301,1.470621532,2.781310583,47.47952808
1207,BMO,ANN,2022-01-01,2024-01-01,8,5.363334365,1.975021467,3.166022765,3.25050266,263792.9016,3.240272573,1.572476359,2.15761462,2.259078979,197606.9563,4.217609532,1.962683797,2.713533925,2.868373216,33.91849983,5.769795044,1.513653249,2.994158536,3.155766047,38.04715219
1208,BMO,ANN,2022-01-01,2024-01-01,9,2.512644483,2.490379868,2.057685333,2.550172145,278469.1219,1.848527359,2.030361526,1.604532677,2.174300385,210869.5396,2.347554834,2.521141656,1.948680331,2.692720681,36.85054644,2.290890565,1.844808819,1.471396877,1.644488846,42.89494446
1209,BMO,ANN,2022-01-01,2024-01-01,10,4.304752533,1.982430443,1.844039269,2.87530016,268520.9698,3.220133498,1.672695455,1.58374433,2.452354431,197599.8521,4.166752199,2.086102016,2.017015922,3.08552412,33.27928458,3.89689281,1.3106698,1.218382,1.994482483,40.13611979
1210,BMO,ANN,2022-01-01,2024-01-01,11,3.731717408,2.157312876,1.911669052,2.680683716,260584.2788,2.650977926,1.689695512,1.53931605,2.166417185,194693.4521,3.426547538,2.128515315,1.930643171,2.760238547,33.02283945,3.549024622,1.726329848,1.368211966,2.126196642,36.12496827
1211,BMO,ANN,2022-01-01,2024-01-01,12,5.840788064,1.772924412,2.123754577,2.919316065,261443.1691,4.281054971,1.527474974,1.648319923,2.16340917,195580.9813,5.393150468,1.892768116,2.11496468,2.686014672,33.7273922,5.347138212,1.12318448,1.775565184,2.546479381,40.59738568
1212,BMO,ANN,2022-01-01,2024-01-01,13,2.982699562,1.831866756,2.653137888,2.076838199,260343.248,1.920408126,1.483203381,2.138250697,1.688405609,190566.0521,2.496870535,1.839413066,2.686905776,2.100816282,31.978408,3.10595723,1.35558399,1.993789358,1.477410927,39.03107802
1213,BMO,ANN,2022-01-01,2024-01-01,14,4.114910401,2.536479125,3.47396266,2.932662109,261616.5818,2.857029715,2.061482256,3.002575971,2.274146525,190220.7938,3.697673043,2.549684581,3.808752815,2.867444458,29.85286481,4.012878614,1.814857246,2.294206945,2.410119601,30.63972102
1214,BMO,ANN,2022-01-01,2024-01-01,15,2.679525239,2.384763053,2.322289705,2.221422492,259748.83,1.995211351,1.884504889,1.744580575,1.733001709,188730.9979,2.552658123,2.273568463,2.107818952,2.12317616,31.06883463,2.427989226,1.675165435,1.75348703,1.680076941,32.88373196
1215,BMO,ANN,2022-01-01,2024-01-01,16,3.337387907,2.433046283,2.903493942,2.920764323,258773.7043,2.13802088,2.12449532,2.492318983,2.434821828,194895.9438,2.728248801,2.611588715,3.148311631,3.04773523,31.92282571,3.422051758,1.406533843,1.87768666,2.107781344,33.60104388
1216,BMO,ANN,2022-01-01,2024-01-01,17,3.662030489,2.339608408,2.024632778,1.849010238,261491.1376,2.79159129,1.928712607,1.540680148,1.467832692,186320.5604,3.539356678,2.31103971,1.961519671,1.783406541,29.05983082,3.2085823,1.509142736,1.737778876,1.336379136,31.41862496
1217,BMO,ANN,2022-01-01,2024-01-01,18,3.055889922,1.317550467,2.134203786,1.89711235,271403.9909,2.071542071,1.108494505,1.586835019,1.45959549,210010.0417,2.704172483,1.370072762,2.02556742,1.857926009,35.87322471,3.052098313,0.865114289,1.870015963,1.602206836,38.45205606
1218,BMO,ANN,2022-01-01,2024-01-01,19,4.000734718,2.429463843,1.582085573,2.545638195,283273.2477,2.87148393,1.785917102,1.168594527,1.953242493,214947.1604,3.687360944,2.275336613,1.465741254,2.448221896,36.70195878,3.795962198,2.187904839,1.308281389,2.133133951,40.36478087
1219,BMO,ANN,2022-01-01,2024-01-01,20,2.332571269,2.463735342,1.829039628,2.140110258,276154.7817,2.064415703,2.098172327,1.488276165,1.767283885,195064.1,2.566087437,2.548490928,1.842210419,2.186454335,34.03263416,1.356971496,1.540887983,1.301796735,1.492024605,47.65110681
1220,BMO,ANN,2022-01-01,2024-01-01,21,4.295169868,1.967831711,1.578845572,2.14525419,258021.4436,2.398708544,1.422932258,1.110022864,1.572552999,192129.2063,3.157454341,1.813905455,1.400359506,2.007151882,32.41143788,4.830028239,1.825910382,1.444004404,1.967666072,34.95302334
1221,BMO,ANN,2022-01-01,2024-01-01,22,2.758996464,2.193214381,1.6037999,1.86324722,261253.2562,1.890053112,1.766751344,1.280980693,1.477427419,188607.5896,2.440683313,2.239995013,1.637797515,1.825171011,31.5970592,2.732655415,1.754041516,1.217847677,1.396959523,39.39860419
1222,BMO,ANN,2022-01-01,2024-01-01,23,3.281950078,1.726604042,1.351715232,1.593835756,272093.1231,2.471749502,1.337939202,1.038825821,1.297087606,196173.9396,3.211730857,1.678316708,1.301751738,1.632989145,29.1934422,2.949931922,1.380860736,1.07887371,1.205275229,30.07110098
1223,BMO,ANN,2022-01-01,2024-01-01,24,2.556047405,1.759596017,1.787579925,1.866963467,308506.9369,1.697561065,1.435137825,1.429408701,1.513896942,255759.5104,2.202551735,1.775071691,1.792323913,1.891779974,46.95080967,2.579702581,1.278644979,1.301929425,1.409716733,52.13782975
1224,BMO,ANN,2022-01-01,2024-01-01,25,3.030755027,2.098422968,2.133466609,1.994199067,254988.3321,2.265230019,1.74474135,1.624555685,1.518878682,194893.1958,2.914808481,2.157556198,2.042433479,1.891733965,32.48399346,2.743324667,1.419943128,1.759126223,1.611435082,34.29868169
1225,BMO,ANN,2022-01-01,2024-01-01,26,4.091109641,1.801917028,1.997849932,1.974235425,278819.0646,2.519040457,1.55307196,1.693903585,1.347311656,206137.575,3.296801492,1.948293807,2.136367317,1.722637387,36.25744466,4.38483102,1.213655659,1.362891777,1.941970461,44.56416279
1226,BMO,ANN,2022-01-01,2024-01-01,27,4.251844054,2.889219417,3.821884556,2.93553285,266874.9475,3.272234075,2.459602363,3.441804201,2.42751414,205891.4979,4.118363655,3.023861835,4.296169844,2.993188143,37.24401582,3.571054188,1.819889335,2.071850316,1.976136114,43.97885131
1227,BMO,ANN,2022-01-01,2024-01-01,28,5.322848921,2.328024297,5.178393782,2.897988459,273436.872,3.573883891,1.847185399,4.492969291,2.489709473,211986.1625,4.653491469,2.28118252,5.714199956,3.140345055,37.05782297,5.356065595,1.710515802,3.379645702,1.977846232,39.59564812
1228,BMO,ANN,2022-01-01,2024-01-01,29,3.585182738,1.827690687,2.025598861,1.96561364,268143.376,2.520059079,1.47332856,1.717072083,1.628079732,192513.2896,3.237466314,1.857595259,2.178544696,2.004452713,32.91875158,3.461253437,1.409595024,1.389378923,1.333603658,43.56752492
1229,BMO,ANN,2022-01-01,2024-01-01,30,3.119703671,2.22508421,1.616446841,2.271644223,276257.1977,1.836844526,1.795678098,1.333803985,1.647228495,213077.5854,2.375570216,2.22835502,1.677559545,2.072041278,38.60068234,3.394580151,1.715479215,1.174214106,2.096670821,43.84519065
1230,BMO,ANN,2022-01-01,2024-01-01,31,3.364658688,2.341949469,1.690923734,2.619529457,273451.0827,2.384826034,1.97664398,1.32679721,1.976174672,211835.45,3.054784324,2.447910414,1.66373251,2.51060739,37.22259699,3.203141294,1.570995593,1.303645154,2.284609028,43.2265214
1231,BMO,ANN,2022-01-01,2024-01-01,32,2.723690774,1.69929987,1.506605817,1.840017525,267064.353,1.849543875,1.384632171,1.315282969,1.433199819,202489.1896,2.368013196,1.705719747,1.661530687,1.791443932,34.60016354,2.702042764,1.219530325,0.938027375,1.489894064,38.23524819
1232,BMO,ANN,2022-01-01,2024-01-01,33,2.55062856,1.750201599,1.661376209,2.034690085,266425.1809,1.790214441,1.496002355,1.26600165,1.59098053,197622.6688,2.31015107,1.883135955,1.587884826,1.999583406,32.56763616,2.440535036,1.185974023,1.345599974,1.681327962,34.49839949
1233,BMO,ANN,2022-01-01,2024-01-01,34,3.16860021,2.295214197,2.214129963,2.568731287,267401.4406,2.163345268,2.007135122,1.821148592,2.133491007,200405.7417,2.791929345,2.457140081,2.281301234,2.656328533,35.14082205,3.125977719,1.345423428,1.569386613,1.832257445,40.98550807
1234,BMO,ANN,2022-01-01,2024-01-01,35,5.226479114,5.36618091,3.715585669,5.321797017,257011.707,4.600281653,4.887468135,3.158525146,4.856255595,186012.8771,5.646098751,5.956933738,3.947767986,5.923348143,30.48127876,3.027838922,2.589439046,2.44032974,2.462323775,35.18538995
1235,BMO,ANN,2022-01-01,2024-01-01,36,4.760759705,2.718277309,2.217406626,2.853086513,262955.1015,2.85602916,2.044596643,1.844762113,1.984244029,196310.2042,3.736697122,2.628172094,2.257418727,2.500864818,32.36863505,5.169755723,2.419935959,1.468025508,2.732107435,35.64377761
1236,BMO,ANN,2022-01-01,2024-01-01,37,3.301610164,2.31886178,2.106059953,2.224535549,273656.9298,2.218154828,2.043321176,1.747791439,1.750215658,212910.7354,2.838180058,2.487567159,2.173417798,2.221187793,35.57396536,3.30858476,1.305259506,1.462428494,1.838723352,37.73574252
1237,BMO,ANN,2022-01-01,2024-01-01,38,4.063873306,2.447022904,2.543900045,1.978678372,266290.1577,3.0509722,2.151284188,2.041017268,1.588915761,204489.2896,3.959521079,2.672007168,2.614218267,1.991165703,34.71573767,3.670587874,1.459608744,1.991170388,1.523975566,40.07758583
1238,BMO,ANN,2022-01-01,2024-01-01,39,4.603050546,2.496531184,5.243039749,2.579089828,269346.2112,2.925081375,2.275065714,4.809595955,2.14605128,199388.5583,3.791082165,2.797096586,6.119965791,2.718034528,32.98871947,4.805724407,1.261293222,2.795416949,1.896479156,35.60915256
1239,BMO,ANN,2022-01-01,2024-01-01,40,2.676112327,1.786877869,2.106555742,1.753671679,272853.8266,1.677188772,1.385372715,1.836781475,1.248962911,197853.4854,2.20365131,1.77707473,2.305827452,1.612257593,30.96803928,2.827938127,1.531149456,1.304963026,1.680920387,35.03134208
1240,BMO,ANN,2022-01-01,2024-01-01,41,3.790238331,1.780931282,1.981810546,2.1731137,262973.2452,2.541788543,1.471585783,1.662826856,1.539995829,209163.5354,3.304051339,1.873770888,2.14361866,1.965162482,36.14778211,3.825115711,1.348450246,1.482574781,2.071656878,37.09444082
1241,BMO,ANN,2022-01-01,2024-01-01,42,3.315843023,1.747390821,1.766925162,2.077251424,269085.7488,2.536399688,1.486983266,1.455612811,1.570473989,200727.8833,3.247833568,1.843925655,1.824764043,1.993017042,32.67351292,2.906543781,1.176050642,1.232814485,1.821934572,33.27872392
1242,BMO,ANN,2022-01-01,2024-01-01,43,2.641720908,1.79914913,1.062708046,2.015586998,266653.3668,2.135995612,1.412856018,0.858184374,1.564147949,205731.4104,2.692871923,1.754665499,1.063520831,1.949647385,34.95204089,2.054350906,1.369993891,0.76030039,1.619561786,39.39790058
1243,BMO,ANN,2022-01-01,2024-01-01,44,2.304797249,1.728985955,2.052749974,2.133564148,261884.6603,1.593043539,1.404396563,1.547449357,1.627615865,192926.1521,2.043831405,1.751926242,1.912644379,2.039679634,32.19074185,2.241166948,1.271672283,1.618146732,1.756588793,39.41019059
1244,BMO,ANN,2022-01-01,2024-01-01,45,2.755687488,2.072863088,1.485659422,2.052810189,259711.8744,2.004613369,1.647520392,1.279927907,1.524023183,195364.7521,2.573917272,2.064348235,1.585504044,1.922460417,33.06778548,2.530315328,1.630966367,0.898032729,1.826297055,38.31393921
1245,BMO,ANN,2022-01-01,2024-01-01,46,6.984202838,1.798827479,4.92613499,1.92214753,269123.0525,4.443229253,1.47980738,3.673090892,1.49559199,199244.2542,5.757698422,1.849584908,4.682561939,1.874118038,33.83631563,7.303500228,1.293189472,4.383397129,1.571891447,40.01164422
1246,BMO,ANN,2022-01-01,2024-01-01,47,3.126148138,1.938518847,1.574868727,1.829301168,247799.3834,2.207731713,1.604670534,1.317509259,1.380112457,187325.2771,2.830869612,2.024717977,1.675159225,1.738129794,31.34207505,2.997631785,1.446973283,1.129592697,1.58046635,32.90634588
1247,BMO,ANN,2022-01-01,2024-01-01,48,3.206684581,2.240416519,2.354431319,2.410186381,267992.1019,2.246109458,1.965678513,2.080094716,1.982448832,210512.575,2.869713147,2.401950756,2.583800519,2.484264193,37.04518422,3.063197753,1.267555315,1.266242506,1.774395282,43.8049579
1248,BMO,ANN,2022-01-01,2024-01-01,49,6.335876464,1.854019752,4.168679584,2.355884394,257376.2909,5.053023535,1.525659017,3.777023012,1.966271718,191970.8563,6.499050985,1.92914091,4.807429863,2.482865213,31.81516655,5.196554347,1.395580147,2.370399456,1.746157518,32.54812445
1249,BMO,ANN,2022-01-01,2024-01-01,50,3.007030896,2.195698159,1.652006659,2.214864775,255016.4875,2.122182069,1.712648334,1.283600814,1.857278188,193467.2729,2.691687476,2.106505805,1.60050409,2.330484881,32.30337281,2.836860018,1.678570067,1.269641784,1.576701245,34.92841781
1250,BMO,ANN,2022-09-01,2024-09-01,1,1.806671959,1.404432472,2.083676999,1.707961674,1143072.762,1.433463648,1.11653486,1.697340318,1.40705541,729557.175,1.810598208,1.406079756,2.17047931,1.783024998,58.34842548,1.415813345,1.082969875,1.561275982,1.245240211,40.31397612
1251,BMO,ANN,2022-09-01,2024-09-01,2,2.402188942,2.012097595,2.427305236,2.542773283,1142429.834,1.933499745,1.519068795,1.786899517,1.978067271,696286.0198,2.433298208,1.901167179,2.292513509,2.494190606,50.61751733,1.832543268,1.685675099,2.168014306,2.060804885,36.77906799
1252,BMO,ANN,2022-09-01,2024-09-01,3,2.092972618,2.157077467,2.231857646,2.358000619,1061405.75,1.719193753,1.717147372,1.661622867,1.795487213,646797.4063,2.181421813,2.151750755,2.144359669,2.280358382,52.64586455,1.555440577,1.65758257,1.968101536,1.976340734,49.79069557
1253,BMO,ANN,2022-09-01,2024-09-01,4,2.780753611,2.21615944,2.797648717,2.484775491,1116303.004,2.209230863,1.778596428,2.263407817,1.953166453,680675.0729,2.775648143,2.218581686,2.894727018,2.470037279,48.96099256,2.160425362,1.667341742,2.179809749,1.985574754,33.52586232
1254,BMO,ANN,2022-09-01,2024-09-01,5,2.028137096,1.782650713,2.059555886,2.03765075,1113243.197,1.582588378,1.445949295,1.660442577,1.540751902,713054.375,1.992848581,1.809105237,2.129138271,1.952562842,58.92994462,1.604429237,1.316543858,1.596455528,1.708371081,53.1504551
1255,BMO,ANN,2022-09-01,2024-09-01,6,2.211783618,1.805165304,1.972998116,2.232558146,1068647.102,1.725040332,1.473117472,1.531266435,1.637312571,690419.2729,2.163137367,1.830088769,1.95043285,2.047174029,59.4501383,1.742308188,1.289059255,1.594554931,1.897669757,47.17070193
1256,BMO,ANN,2022-09-01,2024-09-01,7,2.165310431,2.099927754,2.316528323,2.281390552,1144056.386,1.642176145,1.528513953,1.550058644,1.689072164,668003.1854,2.068733012,1.91138498,1.989081944,2.130285134,42.56036586,1.814580388,1.843386811,2.260978653,1.966458452,28.54980017
1257,BMO,ANN,2022-09-01,2024-09-01,8,2.296501064,2.175247671,2.156259298,2.109372495,1117352.284,1.954007596,1.883184114,1.7045097,1.724938456,711510.1104,2.459768306,2.355481994,2.170031711,2.178746401,58.90639278,1.536221369,1.374839108,1.697440878,1.546190741,49.11568104
1258,BMO,ANN,2022-09-01,2024-09-01,9,2.558311016,2.018646639,2.218162214,2.358500614,1109517.33,1.961631322,1.616257841,1.757085232,1.793615977,702787.0563,2.465096149,2.020205845,2.25698113,2.266136765,56.64590707,2.073001843,1.509476142,1.764381854,1.968663191,43.10462949
1259,BMO,ANN,2022-09-01,2024-09-01,10,1.876384943,1.453962721,2.348875406,2.149258351,1185987.534,1.527003389,1.136284324,2.058649043,1.794012451,715275.1042,1.915419681,1.413422401,2.600044974,2.250682537,49.39728085,1.354574622,1.124366946,1.40837764,1.466305718,30.50581747
1260,BMO,ANN,2022-09-01,2024-09-01,11,2.208465297,2.00027876,2.353309478,2.300083786,1084068.831,1.824476941,1.659878098,1.91068934,1.953717295,632478.4167,2.298019394,2.080121726,2.436549436,2.467889449,44.29381062,1.580766512,1.415675106,1.776589823,1.554655505,36.54951723
1261,BMO,ANN,2022-09-01,2024-09-01,12,2.339269807,1.758326057,2.289990174,2.199871248,1134973.759,1.99662479,1.426318092,1.698378533,1.659824371,685417.9063,2.501977745,1.779377344,2.17478523,2.101702674,49.77139084,1.509775434,1.289902336,2.00023662,1.848510449,37.42693958
1262,BMO,ANN,2022-09-01,2024-09-01,13,2.493112404,2.030413562,2.385717134,2.336931983,1127377.521,2.192737519,1.638650509,1.904767603,1.905708567,700356.9208,2.749761085,2.056070134,2.43201763,2.406398568,53.0757319,1.477071858,1.533327666,1.86465436,1.74406838,39.99843107
1263,BMO,ANN,2022-09-01,2024-09-01,14,2.729452783,1.867434386,2.477037976,2.360590739,1097144.569,2.330639405,1.555943971,2.174755184,1.934706624,743067.3542,2.919089619,1.941331561,2.774129539,2.437187872,64.69115383,1.759731153,1.277790374,1.541893438,1.717327239,45.11043813
1264,BMO,ANN,2022-09-01,2024-09-01,15,1.921718327,1.637332987,1.981286741,2.062101007,1104085.02,1.494912831,1.309817642,1.547244576,1.637854767,688971.6292,1.888302392,1.645137705,1.979698675,2.072114368,53.31485304,1.549258553,1.25998642,1.62206412,1.605712155,35.22709468
1265,BMO,ANN,2022-09-01,2024-09-01,16,2.16990866,2.494102998,2.081044233,2.901736721,1114552.059,1.568489666,1.995902052,1.649601239,2.261041005,685671.0438,1.96110719,2.479479646,2.108966088,2.840812271,53.48381681,1.867175117,1.857307525,1.653568791,2.30059897,41.59004989
1266,BMO,ANN,2022-09-01,2024-09-01,17,2.447579184,2.10540982,2.046218093,1.985782207,1092592.016,1.981518751,1.655313316,1.662441845,1.591248576,663189.025,2.485381194,2.056023059,2.136523498,2.015597692,51.69256898,1.80158891,1.624611619,1.588875461,1.538788615,42.52740105
1267,BMO,ANN,2022-09-01,2024-09-01,18,2.156916957,1.974601024,2.140537168,2.432319046,1147667.24,1.769127265,1.442024456,1.496572049,1.761487834,690240.8396,2.226638005,1.799974505,1.916022827,2.219813622,47.00854008,1.56965087,1.697211994,2.00866628,2.141559403,30.36396254
1268,BMO,ANN,2022-09-01,2024-09-01,19,2.399753274,2.586358799,2.472174273,2.600807208,1116043.689,1.866559105,2.119108449,1.895805326,2.03821462,703467.2292,2.34357474,2.63457727,2.430040757,2.565351935,55.94170068,1.891952074,1.844332002,2.090864328,2.059897611,44.5266933
1269,BMO,ANN,2022-09-01,2024-09-01,20,2.555370718,2.08329746,2.40613036,2.308969536,1120306.86,2.130458225,1.766435072,1.913831994,1.949570211,696430.2104,2.700245082,2.211851776,2.451969987,2.462530219,51.59930677,1.807755931,1.393073517,1.904371449,1.585090996,38.93637002
1270,BMO,ANN,2022-09-01,2024-09-01,21,2.234980248,1.808165266,2.042549438,2.040526581,1141041.151,1.664596151,1.374346376,1.652450189,1.609339396,685355.2854,2.084125141,1.72065154,2.11695815,2.025648682,49.35250934,1.866581354,1.495561219,1.593282924,1.596145071,38.20126803
1271,BMO,ANN,2022-09-01,2024-09-01,22,2.241458284,1.73988344,2.184694664,1.943987593,1099875.625,1.792545449,1.440495343,1.874607306,1.675572205,702784.6938,2.258395296,1.800207267,2.387648236,2.111224111,59.5792367,1.702036129,1.226918062,1.454389437,1.260198668,52.96935949
1272,BMO,ANN,2022-09-01,2024-09-01,23,1.984938052,2.153532298,2.494107531,2.454891775,1105726.943,1.577363687,1.740453436,1.85953042,1.878122711,747629.5896,1.981403169,2.168371499,2.373324291,2.372739501,63.4884266,1.514329073,1.578065671,2.158976347,2.02050958,43.86811522
1273,BMO,ANN,2022-09-01,2024-09-01,24,2.026607188,1.72099188,2.17310319,1.900495408,1101088.193,1.706246987,1.289490555,1.621518206,1.455536906,711191.4479,2.142145941,1.606349999,2.081337947,1.840198764,56.57464772,1.363032405,1.411458733,1.893013046,1.563487774,34.82291703
1274,BMO,ANN,2022-09-01,2024-09-01,25,2.483603163,1.816740535,2.133122238,2.368289729,1108398.513,2.128165485,1.544836026,1.762235496,1.817265574,681508.5208,2.670570433,1.92806323,2.249174236,2.295358723,49.66409172,1.602209362,1.19690027,1.560910764,1.943533909,37.27338171
1275,BMO,ANN,2022-09-01,2024-09-01,26,2.465051498,2.315679671,2.167832204,2.518391352,1094049.275,1.77702988,1.788208594,1.501249054,1.816417948,658448.5833,2.222926828,2.215878332,1.917115518,2.287516392,51.62615887,2.132567284,1.829411672,2.033228738,2.21199586,43.83716288
1276,BMO,ANN,2022-09-01,2024-09-01,27,2.808642811,2.754596337,2.821467442,2.930012181,1083546.868,2.158384292,2.10937142,2.21853655,2.256191254,667587.2271,2.723303853,2.631940581,2.840995692,2.840145592,55.55857171,2.304163321,2.225778033,2.301329856,2.395790799,46.81081898
1277,BMO,ANN,2022-09-01,2024-09-01,28,2.065030422,1.756207492,2.286226156,2.012865695,1026873.234,1.720089248,1.527047515,1.892952834,1.588304392,691912.8729,2.153132441,1.903793923,2.413437938,1.996063943,63.71345573,1.420768682,1.08711173,1.6673473,1.571603682,53.52271689
1278,BMO,ANN,2022-09-01,2024-09-01,29,2.577338281,2.287706362,2.425255041,3.199417612,1123200.557,2.082384716,1.833560605,1.72063943,2.567253621,699343.9271,2.626298317,2.295464443,2.218149012,3.254312194,55.55789129,1.940987385,1.74699921,2.254091732,2.471455178,41.26136163
1279,BMO,ANN,2022-09-01,2024-09-01,30,1.81723723,1.67321383,2.177904328,2.097758852,1182644.63,1.430458257,1.300465128,1.669318265,1.592236074,726432.0667,1.802796921,1.631830774,2.141614326,2.008524665,51.45307914,1.439886812,1.342553756,1.83142069,1.730230658,42.22008514
1280,BMO,ANN,2022-09-01,2024-09-01,31,2.11066681,2.11673858,2.377297655,2.303757407,1168045.208,1.713578768,1.720359933,2.023798294,1.89872462,723644.5063,2.172418776,2.167666077,2.5923291,2.406524167,51.94232158,1.616530863,1.591619974,1.655673307,1.687718272,36.17079963
1281,BMO,ANN,2022-09-01,2024-09-01,32,2.197455153,1.787002562,2.234816742,2.219253854,1147207.101,1.810048129,1.405752846,1.686374236,1.58768158,687288.4813,2.285069001,1.764310033,2.168407465,2.01391119,51.59232316,1.589550049,1.404497407,1.929048377,2.000601509,41.26894691
1282,BMO,ANN,2022-09-01,2024-09-01,33,2.256486309,2.028825589,2.031878053,2.291220126,1126053.512,1.822636242,1.559043156,1.524154633,1.80464503,683840.6563,2.290923528,1.948848782,1.952664068,2.270650998,52.15125032,1.698942233,1.640904102,1.770490736,1.801807498,42.79595613
1283,BMO,ANN,2022-09-01,2024-09-01,34,2.13659733,1.811080137,2.191365608,2.087427301,1128852.778,1.81318302,1.5041243,1.811843229,1.682352193,726175.9417,2.278176757,1.880287224,2.319937526,2.128707387,61.99155119,1.410794652,1.254818904,1.62928802,1.577242894,48.68844184
1284,BMO,ANN,2022-09-01,2024-09-01,35,2.379919855,2.040177757,3.095133,2.593859448,1180001.15,2.038792008,1.690734505,2.738350419,2.050784047,690870.5219,2.581843358,2.123837083,3.475319371,2.606471976,47.70180608,1.589430096,1.465784015,1.861005943,2.042466819,35.57515326
1285,BMO,ANN,2022-09-01,2024-09-01,36,2.189560685,2.039779719,2.490879095,2.372928625,1091688.194,1.742372223,1.640564701,1.882640103,1.940138499,676014.175,2.189689882,2.052522365,2.408982321,2.446515919,51.7936718,1.662396273,1.526379829,2.13364001,1.750370983,39.36640699
1286,BMO,ANN,2022-09-01,2024-09-01,37,2.205368553,1.996179639,2.317052233,1.881770727,1159324.067,1.787604936,1.67168037,1.692794211,1.540609996,681658.4125,2.252980005,2.099727672,2.1660063,1.943117144,47.52854254,1.643365503,1.386660861,2.03304691,1.373180403,40.3115902
1287,BMO,ANN,2022-09-01,2024-09-01,38,2.513398387,1.791695553,2.206533624,2.071228897,1130492.145,2.157973956,1.396446914,1.945323691,1.782701111,709679.6854,2.721766402,1.748313595,2.47240227,2.251348804,57.68799469,1.637614492,1.409649693,1.331786112,1.354089108,46.85090527
1288,BMO,ANN,2022-09-01,2024-09-01,39,2.652870014,2.513316554,2.571523346,2.39019327,1106024.199,2.128732422,2.132964654,1.918837804,1.927340698,700512.2688,2.666837605,2.654196306,2.466100222,2.431206185,59.8074971,1.981399841,1.656630588,2.277968146,1.814495376,51.04072693
1289,BMO,ANN,2022-09-01,2024-09-01,40,2.45052844,2.275074835,2.443138086,2.218549136,1110423.439,1.777481065,1.736048016,1.979622084,1.779890442,753583.4646,2.231676177,2.168177661,2.517765695,2.246563931,64.49871151,2.142437242,1.867807551,1.879857909,1.693929041,43.18705359
1290,BMO,ANN,2022-09-01,2024-09-01,41,2.08919571,1.89179224,2.275379852,2.287594735,1088559.039,1.690424578,1.500120857,1.658209043,1.806913249,731517.6521,2.123039833,1.872705568,2.120075468,2.280280911,68.75735219,1.541853594,1.441931996,2.026080696,1.786438031,57.02617188
1291,BMO,ANN,2022-09-01,2024-09-01,42,2.153535189,2.180665025,2.285649689,2.409837509,1103124.729,1.611435939,1.695102044,1.88767122,2.03589503,677133.3458,2.028019175,2.120319364,2.418151095,2.57845085,52.35461917,1.807422101,1.717539333,1.691439953,1.663805797,42.64154554
1292,BMO,ANN,2022-09-01,2024-09-01,43,2.684825142,2.22896417,3.002211295,2.924111434,1163489.114,2.180265581,1.860271216,2.228428961,2.34509786,760062.2677,2.722354735,2.316847616,2.847846838,2.947276228,63.79677479,1.94370488,1.531466572,2.640280824,2.215151196,57.97223979
1293,BMO,ANN,2022-09-01,2024-09-01,44,2.129752345,1.63642127,1.884103043,2.23808241,1118991.39,1.778313075,1.410519726,1.438266081,1.827758789,672451.4594,2.232622765,1.759576675,1.834831012,2.305037935,48.99721237,1.471453541,1.033665671,1.588721423,1.650623419,39.42833976
1294,BMO,ANN,2022-09-01,2024-09-01,45,2.45284797,1.971158862,2.533172128,2.104967468,1118433.562,1.961341012,1.509387073,1.841364386,1.596337128,680015.4333,2.458491289,1.882914163,2.345464484,2.015932585,53.62493247,1.846520886,1.593178928,2.256111162,1.758458862,40.09200939
1295,BMO,ANN,2022-09-01,2024-09-01,46,2.005220927,1.47884493,2.255787999,2.415621549,1122297.627,1.639603417,1.14159981,1.548051428,1.782795461,704566.8479,2.073222934,1.427971904,1.974918066,2.248033832,57.15468684,1.47832572,1.192879765,2.127290153,2.082196323,46.20365623
1296,BMO,ANN,2022-09-01,2024-09-01,47,1.874632492,1.710014796,1.745501632,2.069188576,1129680.136,1.437180177,1.281722203,1.436187631,1.406305695,728727.7208,1.805944257,1.59855076,1.831544765,1.770549661,62.54461528,1.512070331,1.420668986,1.28844904,1.916831926,58.81391408
1297,BMO,ANN,2022-09-01,2024-09-01,48,2.798434584,2.475156192,2.121472089,2.507771955,1086245.811,2.246753989,1.968016964,1.489527215,1.802787018,759772.5438,2.821263003,2.440025649,1.913291352,2.259169884,71.33017098,2.101355995,1.858974592,1.994608566,2.199292873,56.38191531
1298,BMO,ANN,2022-09-01,2024-09-01,49,2.36328284,2.221787503,2.312453359,2.80031598,1094405.398,1.855155609,1.889846539,1.766852181,2.170327504,688803.9563,2.341484403,2.348692162,2.26078919,2.718493814,57.73345003,1.876471399,1.450459246,1.940061671,2.230544437,50.77863525
1299,BMO,ANN,2022-09-01,2024-09-01,50,2.078766486,1.401827817,2.034069673,1.914635898,1104654.527,1.648570415,1.094039698,1.342902155,1.427217356,671124.1833,2.065739392,1.365686386,1.723335482,1.800717277,49.93663055,1.602795971,1.110305329,2.006813659,1.630219283,37.24334667
1300,BMO,ANN,2023-05-01,2025-05-01,1,2.645125428,1.792931151,2.880176998,2.427634977,565297.0526,1.808134296,1.329011426,2.618377363,1.861332703,450802.9604,2.022183135,1.450440724,2.916229207,2.071425533,69.77748975,2.302514065,1.342675542,1.409217711,1.816373852,51.62451847
1301,BMO,ANN,2023-05-01,2025-05-01,2,2.768525408,2.099957814,2.855231071,2.748672031,584413.9231,2.065289578,1.630127806,2.035703578,1.998060862,386892.574,2.297160915,1.789230398,2.30596887,2.229972764,43.73582088,2.152515691,1.488032207,2.354250587,2.174663142,29.73630196
1302,BMO,ANN,2023-05-01,2025-05-01,3,2.247977038,1.991098231,2.528525273,2.540610562,613432.2383,1.726737178,1.679926691,1.857842628,1.960217539,437479.7333,1.916040838,1.837025672,2.094395763,2.169597643,52.85762484,1.649290227,1.195143372,1.999759665,1.85634859,34.98576203
1303,BMO,ANN,2023-05-01,2025-05-01,4,2.103539629,1.682779146,2.385656432,2.306187732,584792.7536,1.750658621,1.34210111,1.929222892,1.830988566,384833.9083,1.942133661,1.469351458,2.162745287,2.027615939,42.18900051,1.368402782,1.13598314,1.63103595,1.609791382,27.0093602
1304,BMO,ANN,2023-05-01,2025-05-01,5,5.730637435,4.633404069,5.251143001,4.992910461,582495.3611,5.150214143,4.155923389,4.587691365,4.323283386,406281.6823,5.661924364,4.486970053,5.127190369,4.754975583,48.06679112,2.93915603,2.239861559,3.043695265,2.880262537,31.40207403
1305,BMO,ANN,2023-05-01,2025-05-01,6,2.768062591,2.87669744,2.854854022,3.178410607,541396.2279,2.194939154,2.410391969,2.087576012,2.297896067,403319.3958,2.43319399,2.620674326,2.353940055,2.562237057,53.57712986,1.965078776,1.741565076,2.274677176,2.513525401,35.84554736
1306,BMO,ANN,2023-05-01,2025-05-01,7,2.653882989,2.047178129,2.732624392,2.736893135,546377.9428,2.008627084,1.651884729,1.972582033,2.191136424,378755.9979,2.232608059,1.793284472,2.230253688,2.426247318,48.39920771,2.061056718,1.338439878,2.231922549,1.910342866,34.93190462
1307,BMO,ANN,2023-05-01,2025-05-01,8,3.012692116,2.279974837,3.056163715,2.62378668,584158.6318,2.337354637,1.932584701,2.210383613,2.070288086,410533.775,2.596291059,2.105394955,2.505877289,2.300563532,50.06106058,2.250485367,1.34666434,2.505383398,1.864528649,36.13963985
1308,BMO,ANN,2023-05-01,2025-05-01,9,2.52174409,2.186460682,2.847463239,2.881402778,549513.0599,1.839259689,1.740260624,2.036238683,2.164860026,377143.95,2.0428353,1.900454899,2.312898885,2.405748687,43.00518891,2.020718796,1.488732802,2.359676434,2.178986704,31.08674296
1309,BMO,ANN,2023-05-01,2025-05-01,10,2.142524,2.385233706,2.689358953,3.132094873,560528.3264,1.740376717,2.035365527,2.17849965,2.594889323,392370.0948,1.935048802,2.213517925,2.448896106,2.86870272,46.62897678,1.463880685,1.363700484,1.855281695,2.003797799,32.22896483
1310,BMO,ANN,2023-05-01,2025-05-01,11,6.115913431,4.756874357,3.480727065,3.298894067,599379.11,5.232859985,4.04938589,2.735809469,2.632147471,387785.3635,5.727697001,4.355313819,3.090304559,2.903263033,39.89494769,3.562055085,2.676899005,2.562624638,2.288165849,26.36534457
1311,BMO,ANN,2023-05-01,2025-05-01,12,2.59880084,2.84249169,2.767226289,2.73113078,592950.195,1.943632095,2.4315101,1.899204139,2.200336965,410059.8927,2.16134304,2.649409144,2.159881816,2.441121112,47.86040213,1.996363825,1.641725251,2.367320585,1.85487908,29.52846983
1312,BMO,ANN,2023-05-01,2025-05-01,13,3.430137358,2.426094884,3.902718231,4.299917502,594932.5888,2.819298349,2.004590478,3.10558011,3.450115712,388025.9531,3.113800701,2.179149194,3.478167154,3.797963129,40.45026882,2.308521276,1.514758218,2.792474185,2.944791001,23.48193765
1313,BMO,ANN,2023-05-01,2025-05-01,14,3.04055814,2.062760485,2.579318117,3.366928733,576760.7589,2.420904581,1.63219483,2.142704668,2.674744415,391257.3052,2.674448985,1.775019962,2.395820212,2.953559061,44.4674923,2.14387474,1.391343382,1.67062772,2.355247882,27.60936975
1314,BMO,ANN,2023-05-01,2025-05-01,15,2.496673427,2.285398652,2.824085575,2.965768112,548511.3148,1.851516149,1.808270047,1.982937758,2.099590556,377237.074,2.057293174,1.980308477,2.241196673,2.349579603,45.44767699,1.9686019,1.569977805,2.346597593,2.412887777,32.28417506
1315,BMO,ANN,2023-05-01,2025-05-01,16,3.049315171,3.152395412,2.976617365,3.552818329,627826.4254,2.165429588,2.551464248,1.865680954,2.664207458,420822.026,2.417904993,2.773322725,2.12850559,2.959576205,43.75604646,2.541375966,2.051084569,2.718368666,2.715499917,28.01517418
1316,BMO,ANN,2023-05-01,2025-05-01,17,2.957277912,2.26628599,2.468978986,2.765141978,546405.1272,2.251025108,1.925448973,1.73640976,2.081702423,381542.7563,2.485362397,2.097320668,1.971765798,2.317291061,45.63346872,2.224859805,1.327802104,2.073581977,2.11383407,31.49095766
1317,BMO,ANN,2023-05-01,2025-05-01,18,2.519765435,2.493795363,3.272590698,3.197629251,549827.7482,1.913738945,2.16500365,2.450044598,2.58232371,394433.7458,2.134809154,2.352463864,2.764950456,2.862675906,50.97922676,1.941005595,1.374143417,2.569996999,2.188091309,35.20521611
1318,BMO,ANN,2023-05-01,2025-05-01,19,3.090006163,2.505294586,2.848855582,2.969424331,592558.0061,2.345913222,2.015752468,2.057411535,2.251966349,408473.8635,2.586427323,2.200563123,2.324321238,2.501261839,47.74725331,2.314603625,1.650378465,2.318638005,2.223530296,32.88501486
1319,BMO,ANN,2023-05-01,2025-05-01,20,2.417161629,2.431170737,2.649817486,2.736500854,593806.3378,1.705525456,1.815628897,1.735469849,1.902472941,414095.4583,1.907645549,1.993524573,1.974480825,2.128352764,49.27848273,2.0086711,1.80574405,2.351046778,2.259799226,32.53358396
1320,BMO,ANN,2023-05-01,2025-05-01,21,2.329395304,2.219912522,2.545734874,2.681378879,540449.1829,1.793029747,1.774003386,1.81580876,2.003189341,378776.8823,1.992850129,1.939679902,2.062860631,2.228360775,44.1584122,1.737688818,1.502153929,2.080584175,2.013288424,30.74608174
1321,BMO,ANN,2023-05-01,2025-05-01,22,3.635999867,2.130705878,2.898125774,2.913196572,585419.0611,3.008491765,1.77464204,2.227822729,2.258532461,375868.5542,3.313963791,1.936330707,2.51714273,2.501022557,40.19228459,2.360693095,1.32368809,2.20755439,2.151196661,27.46597998
1322,BMO,ANN,2023-05-01,2025-05-01,23,2.204341595,2.057265121,2.111842292,2.092821279,593759.262,1.687193768,1.76820758,1.551318732,1.520810954,392167.4521,1.877120725,1.9330437,1.751675818,1.693199971,41.99979875,1.632792695,1.17587644,1.687014588,1.655593866,27.9270966
1323,BMO,ANN,2023-05-01,2025-05-01,24,2.283845578,2.134147578,2.774643977,2.550783533,596552.2362,1.522665055,1.600974983,1.961134297,1.754806519,380923.7771,1.709905281,1.753235089,2.224723109,1.957728593,36.6481977,2.000765772,1.564914148,2.328778692,2.139824419,22.6718559
1324,BMO,ANN,2023-05-01,2025-05-01,25,3.087229423,2.292286536,2.915699779,3.024617006,563104.9271,2.549415328,1.853836223,2.119340274,2.267454529,403388.6729,2.827260034,2.020406159,2.401326921,2.527502569,50.87713349,2.075118434,1.486724195,2.344576044,2.310465451,33.50363699
1325,BMO,ANN,2023-05-01,2025-05-01,26,2.673726335,2.471150296,3.267193097,3.071911907,588774.1069,1.700481298,1.723230775,2.318413726,2.219168854,394443.4125,1.90140127,1.895218107,2.618186635,2.479980092,43.79635488,2.397205215,1.972525164,2.671260009,2.421077943,26.64265747
1326,BMO,ANN,2023-05-01,2025-05-01,27,3.28476329,2.57271327,3.129992969,3.181835056,561034.1771,2.772011223,2.091663921,2.609585528,2.742514038,404629.0083,3.048223848,2.281071091,2.890107324,3.009291743,50.45498181,1.986609802,1.651973242,1.959566939,1.80768033,31.50110113
1327,BMO,ANN,2023-05-01,2025-05-01,28,2.683512998,2.518469443,2.989903901,2.837299359,659750.7417,2.07220749,2.08407837,2.324280309,2.236786397,448657.1969,2.302965291,2.266952346,2.615707959,2.483233485,46.89282366,1.966985177,1.555376649,2.197985182,2.006640965,29.59297613
1328,BMO,ANN,2023-05-01,2025-05-01,29,2.915027388,1.657238598,2.304901513,3.747922255,539696.9029,2.237313781,1.26126074,1.515220026,3.065441386,386963.3479,2.481059447,1.376453493,1.728213205,3.371833159,49.19115418,2.201266404,1.199973291,2.066550764,2.46975923,34.21026772
1329,BMO,ANN,2023-05-01,2025-05-01,30,2.535111588,2.454302764,3.169641492,2.881273339,571292.1044,1.929378674,2.135787414,2.52365607,2.294921621,380684.7854,2.142143018,2.304284998,2.826689986,2.542664254,43.55416103,1.939210167,1.317268788,2.253931343,2.001222923,30.58923024
1330,BMO,ANN,2023-05-01,2025-05-01,31,2.687730809,2.072741328,2.035286201,2.093790701,607962.5482,2.294728149,1.762097714,1.388109564,1.63123703,401103.701,2.52719453,1.914998691,1.580524453,1.799353316,40.87127892,1.578617339,1.196211328,1.766836392,1.491904653,23.67311676
1331,BMO,ANN,2023-05-01,2025-05-01,32,2.470609676,2.180114822,3.07540433,3.210921579,583859.3078,1.584874941,1.667101065,1.890263331,2.322137197,386538.5906,1.778537631,1.810735931,2.161501571,2.582486755,40.46697969,2.245775327,1.55242791,2.882006628,2.569723303,25.27851812
1332,BMO,ANN,2023-05-01,2025-05-01,33,2.188277259,1.880143092,2.522424841,2.860595589,615432.4745,1.499601816,1.488690785,1.911251738,2.322336578,400530.424,1.681906013,1.626807317,2.164099061,2.572883833,41.50147446,1.883500334,1.27798271,1.954030798,1.933725142,24.53070422
1333,BMO,ANN,2023-05-01,2025-05-01,34,2.492375003,2.24466569,2.798659922,2.852627139,588829.6344,2.004902927,1.864610028,2.10362876,2.219091797,387410.4875,2.215533178,2.026174249,2.371062214,2.460525216,40.43776596,1.709246155,1.372112734,2.149265679,2.04855398,25.74531559
1334,BMO,ANN,2023-05-01,2025-05-01,35,2.687145129,1.989916955,2.560277183,2.7256949,582392.737,2.134785193,1.655220285,1.90598905,2.243812561,382200.2229,2.366693787,1.808738797,2.149984067,2.485955518,40.98020113,1.861754682,1.235110272,1.999798377,1.784908748,26.46213764
1335,BMO,ANN,2023-05-01,2025-05-01,36,2.38380811,2.208423563,3.117670717,2.7744533,568245.5617,1.738114237,1.838902115,2.335477067,2.08621343,400965.1875,1.937554266,1.997845434,2.630643866,2.320897018,48.9366316,1.923419837,1.337638247,2.419760729,2.093666667,33.52573561
1336,BMO,ANN,2023-05-01,2025-05-01,37,2.252933629,2.101561224,2.597096768,2.405601419,564066.2913,1.846470167,1.733008925,2.255977587,1.851494853,411715.6208,2.042356697,1.89695552,2.519672895,2.063117804,51.97524195,1.498859217,1.33449993,1.510801898,1.775284584,34.71726934
1337,BMO,ANN,2023-05-01,2025-05-01,38,3.220830669,3.889001502,2.903348099,2.939952469,574372.6934,2.67748256,3.41447272,2.41606674,2.264940643,433220.7333,2.944992825,3.702006632,2.689670217,2.513819841,58.40081283,2.000830972,2.04998963,1.85336186,2.124652161,39.55718795
1338,BMO,ANN,2023-05-01,2025-05-01,39,2.702390439,2.012673026,2.742150075,2.619051122,603792.1761,1.845694403,1.432287764,1.86969404,1.844079336,386371.5625,2.058577357,1.569048481,2.130067012,2.061589478,37.77654014,2.323773799,1.581960026,2.370141807,2.163781926,22.78674473
1339,BMO,ANN,2023-05-01,2025-05-01,40,2.313804715,2.574554559,2.750631176,2.756655934,575142.717,1.833873012,2.095890497,2.190884619,2.175613912,409939.9188,2.040025099,2.284162714,2.451939725,2.407506914,51.47074749,1.642204568,1.655944284,1.924761867,1.922291577,34.72383672
1340,BMO,ANN,2023-05-01,2025-05-01,41,3.137247934,2.215127343,2.908465941,2.866050286,576511.6591,2.621900313,1.897337865,2.152126805,2.251165517,433123.0292,2.897268147,2.067260129,2.439273353,2.502474841,57.7080192,2.035905437,1.275700199,2.317149107,2.048292,39.23393948
1341,BMO,ANN,2023-05-01,2025-05-01,42,2.379392199,1.973203423,2.411518729,2.452017863,563249.6081,1.613559321,1.678953991,1.745627313,2.061900584,426408.4542,1.808326901,1.831917111,1.980400691,2.282034643,58.5599083,2.07327273,1.159476955,1.969648016,1.518733547,38.89062126
1342,BMO,ANN,2023-05-01,2025-05-01,43,2.069145609,2.447672541,2.361654608,2.661493923,563320.8312,1.626923049,2.18790555,2.10750914,2.415447744,401347.6479,1.807116519,2.376518611,2.336466708,2.639802728,48.30367085,1.502938187,1.211023168,1.224337183,1.246529845,33.01974435
1343,BMO,ANN,2023-05-01,2025-05-01,44,2.784967899,2.02007352,2.692207099,2.829621982,568436.5101,2.296418942,1.747306817,2.047743764,2.186046092,379449.0875,2.539697248,1.897870213,2.316240592,2.43168992,42.47293044,1.850879182,1.118478082,2.054230767,2.07173997,29.94892698
1344,BMO,ANN,2023-05-01,2025-05-01,45,2.372334283,1.944687882,2.622945508,2.669377578,574575.9966,1.614848756,1.477081535,1.760767066,1.891453807,434289.8021,1.803971083,1.619916146,1.994357425,2.112865998,56.53619446,2.034636383,1.41702915,2.277733285,2.162861511,35.01026336
1345,BMO,ANN,2023-05-01,2025-05-01,46,2.800934586,2.187752238,2.55688544,3.019376783,556200.0589,2.367005246,1.740908363,1.745313415,2.257527924,390389.7229,2.607012699,1.907312496,1.977046027,2.513427856,49.35581953,1.72877808,1.484371839,2.212086276,2.344290763,36.18607369
1346,BMO,ANN,2023-05-01,2025-05-01,47,2.250615928,1.835612125,2.45556577,2.234898963,604270.6955,1.545362134,1.532039113,1.667465727,1.608950806,414108.9458,1.729518339,1.67323323,1.893819426,1.795782485,46.9274819,1.915337336,1.132775054,2.11112519,1.784845983,28.12604923
1347,BMO,ANN,2023-05-01,2025-05-01,48,4.162800011,3.680478933,2.478911598,2.512675035,629431.976,3.83297873,3.368646924,2.116832279,1.814015961,413134.4219,4.201281362,3.65799471,2.348189958,2.028226265,41.28660196,1.801777609,1.659281129,1.482999558,2.006979698,24.7716235
1348,BMO,ANN,2023-05-01,2025-05-01,49,3.150770489,2.732905761,2.776821109,3.202742159,576335.6016,2.620226413,2.29781688,2.254432889,2.779277547,398697.2896,2.895443589,2.509105992,2.524758401,3.060709276,48.22859226,2.014143369,1.644638064,1.8873287,1.802691608,33.63124896
1349,BMO,ANN,2023-05-01,2025-05-01,50,2.898082022,1.785790586,3.125980719,2.79836554,562966.4069,2.301370733,1.326752373,2.366952146,2.091677348,398531.575,2.538620229,1.449662213,2.678610561,2.328481462,46.04228611,2.009109817,1.326995087,2.425722658,2.170858085,29.82760978
1350,BMO,ANN,2024-01-01,2026-01-01,1,2.700110266,3.208839376,7.737111924,4.615666022,297697.9151,2.174462502,2.600721032,7.314388506,4.109076436,228847.7792,1.738119613,2.059980508,5.786875241,3.224479495,53.44013062,1.312534984,1.511691819,1.896694121,1.617919218,67.77913951
1351,BMO,ANN,2024-01-01,2026-01-01,2,5.261504685,5.499637905,2.75100355,4.630790636,305306.5172,4.636595965,4.955464116,2.005584061,3.888059489,241903.925,3.643310645,3.875511963,1.587791985,3.048456273,56.47996467,1.913370827,1.831606132,1.460901432,1.927628654,69.42849538
1352,BMO,ANN,2024-01-01,2026-01-01,3,2.290604048,2.379244202,2.235177158,2.221728199,299869.7805,1.935827572,1.898142654,1.982200305,1.873600515,246896.9729,1.530939764,1.487597242,1.588164965,1.486087287,57.45970005,0.961374004,1.108329928,0.83825273,0.950613618,65.81832446
1353,BMO,ANN,2024-01-01,2026-01-01,4,3.055508525,2.210752189,2.339883399,2.427646326,302172.4986,2.510353852,1.75184438,1.965301058,2.038645172,240091.0938,2.008495555,1.376484276,1.56575428,1.617336666,57.27208118,1.429773032,1.053179447,1.000044311,1.05261876,71.14300601
1354,BMO,ANN,2024-01-01,2026-01-01,5,6.264997576,7.933247226,6.913101032,7.43133908,296510.305,5.963338251,7.702901769,6.596748121,7.123240916,228594.6146,4.737627381,6.060758401,5.28000879,5.647990669,53.11020995,1.589768934,1.541058012,1.725948409,1.731003563,69.30418961
1355,BMO,ANN,2024-01-01,2026-01-01,6,4.277346383,3.305786217,2.59456372,3.730410351,313456.9482,3.837294563,2.580354278,2.084725106,3.275770315,238808.3833,3.019538858,2.008218319,1.653002003,2.598513083,52.85445777,1.453860947,1.571230588,1.205641056,1.418030744,62.61023091
1356,BMO,ANN,2024-01-01,2026-01-01,7,2.761837608,2.934583008,2.876033702,3.131243937,299835.0029,2.16845794,2.387613835,2.545491421,2.540148417,227737.8625,1.74297255,1.896616954,2.046569839,2.032028428,51.40456264,1.417184017,1.390205346,1.113021877,1.501130613,63.70337924
1357,BMO,ANN,2024-01-01,2026-01-01,8,2.751811678,2.457897868,3.591073718,3.594460925,322326.1659,2.034472631,1.732475845,2.792450097,2.84537557,265050.2521,1.637566439,1.38705289,2.268853471,2.282849635,64.41856132,1.530085246,1.438919039,1.883964733,1.812428523,76.39494135
1358,BMO,ANN,2024-01-01,2026-01-01,9,2.934974962,3.475284203,2.89853543,2.248027618,331236.3333,2.446341627,2.953560064,2.359024749,1.754401652,267550.1396,1.917227182,2.307950553,1.862062043,1.389924221,64.52902053,1.249301241,1.411276405,1.30561988,1.110296944,76.73127143
1359,BMO,ANN,2024-01-01,2026-01-01,10,2.46430973,3.424073369,2.345783845,2.520800105,330307.4914,2.055673842,2.865030004,1.904103503,2.099909973,273725.8021,1.626941565,2.24211681,1.526770316,1.662935255,67.90566959,1.069436184,1.436881814,1.116142569,1.094282459,82.484604
1360,BMO,ANN,2024-01-01,2026-01-01,11,3.224067331,5.25777154,7.583055648,5.687985761,313988.6905,2.572511567,4.654172668,7.089684526,5.188163249,222911.1302,2.016939188,3.619725452,5.601163018,4.070006703,44.33340696,1.488147442,1.871637678,2.017008856,1.794371422,54.35466937
1361,BMO,ANN,2024-01-01,2026-01-01,12,3.93992351,5.415409487,4.047000964,5.54374796,323426.0753,3.313163985,4.706566731,3.169602328,4.904265086,275256.3938,2.610148214,3.68763448,2.499204693,3.8635468,67.5362148,1.666037171,2.110006421,1.947348626,2.001955922,78.7905554
1362,BMO,ANN,2024-01-01,2026-01-01,13,5.98009053,5.888660356,7.545139198,5.201289807,312075.3148,5.653561366,5.627682948,7.245302558,4.699714661,251039.2563,4.459527989,4.410787761,5.761574662,3.711434284,59.70194929,1.48624492,1.336649429,1.620728056,1.746044176,71.3435331
1363,BMO,ANN,2024-01-01,2026-01-01,14,2.478440639,2.988322376,3.2574615,4.810356977,310753.3089,2.085945048,2.437097132,2.717627763,4.148888652,241635.6063,1.663763697,1.913504174,2.153739261,3.297791678,55.80067546,1.092456166,1.333907379,1.408365497,1.973370519,69.63844414
1364,BMO,ANN,2024-01-01,2026-01-01,15,2.978318381,2.473590084,3.021183744,2.438428746,298771.4682,2.420667525,2.093651482,2.529003588,2.169198608,240039.375,1.912507716,1.645255594,2.017986232,1.724196429,58.55733106,1.347040013,1.027300053,1.315040729,0.895524674,73.25339823
1365,BMO,ANN,2024-01-01,2026-01-01,16,5.035798016,6.923936805,8.014292485,5.201969632,405359.1402,4.503801267,6.407218623,7.562961809,4.678356934,372385.6375,3.534235773,4.995320178,5.985290138,3.672084916,94.45886523,1.728455053,1.965524267,1.984168612,1.748695291,96.49301767
1366,BMO,ANN,2024-01-01,2026-01-01,17,1.814649381,2.194508841,2.227114243,2.074859428,313528.1246,1.470923798,1.670516311,1.79905008,1.631962331,244818.8188,1.169378168,1.305405405,1.425465247,1.299917323,57.25826951,0.850054273,1.091280632,1.023988577,1.033565586,73.21510232
1367,BMO,ANN,2024-01-01,2026-01-01,18,8.368753309,6.829904383,8.79354901,9.527673024,382326.8558,8.10982695,6.481791997,8.471426669,9.096845245,346563.3167,6.433483604,5.100441165,6.763155889,7.227784291,87.45523157,1.696523326,1.729264406,1.917318883,2.327429076,94.79835192
1368,BMO,ANN,2024-01-01,2026-01-01,19,2.76630057,3.381182484,2.865402415,2.891323055,350149.9845,2.274942909,2.838949318,2.448400146,2.481993612,292988.5771,1.805854466,2.221270837,1.94723607,1.956534472,72.6627005,1.252546991,1.423986897,1.168173661,1.149852596,86.01709799
1369,BMO,ANN,2024-01-01,2026-01-01,20,4.151010423,4.715971198,3.585969733,4.032758513,295973.7362,3.603848266,4.219938691,2.993704128,3.411811066,224854.2688,2.832447231,3.293412915,2.362552528,2.683218931,49.06555209,1.599761861,1.614177401,1.532729731,1.672957154,57.08029728
1370,BMO,ANN,2024-01-01,2026-01-01,21,6.652438666,7.343322104,6.779591662,7.204056691,362370.6616,5.947220322,6.590171758,6.261154406,6.634656016,299101.5542,4.677775851,5.156552353,4.964876226,5.231454013,77.42130008,2.286950794,2.468208501,2.009225167,2.156314539,98.98269039
1371,BMO,ANN,2024-01-01,2026-01-01,22,2.840370593,2.636978244,3.135256432,2.912675423,305513.4832,2.261541038,2.065263535,2.523485843,2.390768687,222576.0302,1.783011867,1.628028206,1.999986521,1.882035044,46.18794405,1.327296385,1.300814888,1.434764061,1.284799562,59.09834443
1372,BMO,ANN,2024-01-01,2026-01-01,23,2.801902777,1.959723734,2.216466893,2.330808873,301155.387,2.438929516,1.697127276,1.757406301,1.816944122,234912.2042,1.91892048,1.34000183,1.416473316,1.438556838,53.22057118,1.067303713,0.781619461,1.113951298,1.148335236,64.54144298
1373,BMO,ANN,2024-01-01,2026-01-01,24,4.106340447,3.35901959,2.946949961,3.212517123,284460.9437,3.168131715,2.767771855,2.404202021,2.718320719,206909.2531,2.490144517,2.164186789,1.89911891,2.141502858,45.41946709,2.037439085,1.462379976,1.327017722,1.335249953,58.81166687
1374,BMO,ANN,2024-01-01,2026-01-01,25,2.153665185,2.536261814,4.043924852,2.649537826,317959.8132,1.865384145,2.169865707,3.379518795,2.237075297,260745.2688,1.486156816,1.71155762,2.667560629,1.78014591,63.71310595,0.877683337,1.03847749,1.733052878,1.145688921,78.06528491
1375,BMO,ANN,2024-01-01,2026-01-01,26,5.215030394,3.974191125,7.553117971,11.61597982,324277.0815,4.615294103,3.350255614,6.948953986,11.29226557,264789.4813,3.619795052,2.619730022,5.501055396,8.906658584,64.84014675,1.85911033,1.654239652,2.237873757,2.009685023,80.98866644
1376,BMO,ANN,2024-01-01,2026-01-01,27,2.126626387,2.205559778,2.183417512,2.521513869,317602.5633,1.743483265,1.849068636,1.796450753,2.155773926,254765.4729,1.375464344,1.459926788,1.435049599,1.71107467,62.51732843,0.955207002,0.970137523,0.99259011,1.053607437,79.56168792
1377,BMO,ANN,2024-01-01,2026-01-01,28,4.262604398,4.376687281,3.525403954,5.243989561,320663.6207,3.679015183,3.53315539,2.814741969,4.634073639,259268.9396,2.93682955,2.803006496,2.275371166,3.685032893,62.86286165,1.777576271,2.091803917,1.757836311,1.993319791,78.67736613
1378,BMO,ANN,2024-01-01,2026-01-01,29,3.204428134,2.232401473,3.282459766,6.757050069,331146.2614,2.653219123,1.751280228,2.741835017,6.202814738,264427.2771,2.122523925,1.386808447,2.164825647,4.918317444,64.39904197,1.472778064,1.117680117,1.409406794,2.139716079,83.18484432
1379,BMO,ANN,2024-01-01,2026-01-01,30,4.956946321,6.6512364,6.979469285,6.22023683,301693.9697,4.400934561,5.906031601,6.236106388,5.515988668,232581.1313,3.497146849,4.655499178,4.985501152,4.373246534,51.68523274,1.819089419,2.414008132,2.501882777,2.280239958,61.54083153
1380,BMO,ANN,2024-01-01,2026-01-01,31,2.00950828,2.303807203,6.439019178,5.536719769,293622.5249,1.727260597,1.825008169,6.069899519,5.102966309,219058.2438,1.374391839,1.451325925,4.871634137,4.063548258,47.66699563,0.821577589,1.154894655,1.807584999,1.776283983,58.66942605
1381,BMO,ANN,2024-01-01,2026-01-01,32,2.850398007,3.63191399,2.278193373,2.77451957,301466.6748,2.409216347,3.177090897,1.841820058,2.449806722,232477.9313,1.900741092,2.477102575,1.481043676,1.932548089,53.72292366,1.183479274,1.339909055,1.094392429,1.01115611,68.56908864
1382,BMO,ANN,2024-01-01,2026-01-01,33,2.178376205,2.140355074,2.541116968,2.281441445,300570.1667,1.801379087,1.877399117,2.224006462,1.917358398,227850.1333,1.436918668,1.479716326,1.7779451,1.51926127,52.07135744,1.001052827,0.823039351,0.991180907,0.977926177,67.26059145
1383,BMO,ANN,2024-01-01,2026-01-01,34,2.492415196,3.328123586,3.399699909,2.666282497,307877.1761,2.076540696,2.724971379,2.741007427,1.935886383,240966.7625,1.63648853,2.118469453,2.159615891,1.521768958,54.72160303,1.054549435,1.447461232,1.538553319,1.414921333,67.1530612
1384,BMO,ANN,2024-01-01,2026-01-01,35,2.481614178,2.974318499,2.404444228,2.748265836,319451.0559,2.046873745,2.36941121,1.839863361,2.231853231,262618.0396,1.628984587,1.88075602,1.483890579,1.762862345,65.0541448,1.136205238,1.463043979,1.268258161,1.259565651,79.65916288
1385,BMO,ANN,2024-01-01,2026-01-01,36,3.212910415,1.943905726,2.830588417,2.281812536,303481.8488,2.644529011,1.605756096,2.134127984,1.763872528,239155.0875,2.073265178,1.258635399,1.68094102,1.3912983,56.58164292,1.400898729,0.84776145,1.438086034,1.126820222,70.36881577
1386,BMO,ANN,2024-01-01,2026-01-01,37,2.283002685,2.178854162,4.719004294,5.508433593,330767.5809,1.800469123,1.814570239,4.216973022,5.035627747,276614.3958,1.431998289,1.428838626,3.329225929,3.947599022,67.99595284,1.116233521,0.943912596,1.632046437,1.706210488,81.29646177
1387,BMO,ANN,2024-01-01,2026-01-01,38,3.401434601,3.273058705,3.399678434,3.738158716,328236.2039,3.027358547,2.507589899,2.996334707,2.905469259,249301.5958,2.396026948,1.959873483,2.387741921,2.282683427,57.04252174,1.224110788,1.625014048,1.269181514,1.824023076,74.55571936
1388,BMO,ANN,2024-01-01,2026-01-01,39,2.914438386,2.715625314,2.855416475,3.071378949,317134.8488,2.547005623,2.189792625,2.441079924,2.590137482,258535.0021,2.033220488,1.735704403,1.958278825,2.06600998,63.56552278,1.152522097,1.289608218,1.209121016,1.340048422,77.35500786
1389,BMO,ANN,2024-01-01,2026-01-01,40,12.36827865,5.843120372,8.550307852,7.472568594,304849.483,12.01342624,5.236296914,7.996808293,6.86834844,244839.7125,9.534043551,4.130277805,6.401586644,5.465287203,57.66687794,2.376724607,2.051743965,2.432352354,2.371184056,70.28967227
1390,BMO,ANN,2024-01-01,2026-01-01,41,3.408701683,5.554582997,3.672209549,4.443316018,340052.4769,2.685332341,4.98208994,2.759657092,3.233914185,289261.8542,2.107859237,3.885701133,2.170463518,2.524990289,70.95598463,1.600979945,1.856325468,1.868478609,2.332103716,82.61470687
1391,BMO,ANN,2024-01-01,2026-01-01,42,2.308145163,2.192897132,2.546188788,2.773822559,309255.1195,1.939827696,1.604718723,2.115417075,2.267297618,243939.4708,1.542336996,1.276367646,1.683146735,1.805394384,59.37415545,1.005017488,1.216702776,1.118186129,1.292450691,76.77933487
1392,BMO,ANN,2024-01-01,2026-01-01,43,2.993391877,4.597590383,2.84850556,3.710310768,316833.1884,2.537013765,4.149297461,2.240998323,3.160063426,222736.4313,2.009854695,3.270831457,1.771812348,2.498370344,41.78172233,1.260884108,1.577893552,1.361564576,1.531782145,48.36704773
1393,BMO,ANN,2024-01-01,2026-01-01,44,3.373130544,2.439972647,2.276261856,3.03909444,308152.438,2.976515383,1.98471758,1.914994017,2.36437734,246255.6875,2.375030354,1.567962974,1.531673369,1.889373001,58.59604948,1.301295242,1.149121101,0.979716195,1.546839343,71.72598607
1394,BMO,ANN,2024-01-01,2026-01-01,45,2.790958513,4.119145815,2.9292672,3.930974546,318958.1247,2.177040488,3.551519185,2.436407371,3.434539286,252946.5375,1.720317572,2.815578828,1.962138105,2.743699325,59.50955324,1.351617057,1.708374563,1.34976415,1.590970469,73.2335999
1395,BMO,ANN,2024-01-01,2026-01-01,46,3.766991073,4.387986557,4.555545863,2.638678094,338394.5744,3.416261086,4.075964374,4.132839688,2.307101695,276860.1042,2.676708598,3.180537457,3.262612865,1.818946132,69.18001743,1.211099751,1.239829488,1.468553779,1.003346915,85.1974402
1396,BMO,ANN,2024-01-01,2026-01-01,47,3.512956608,2.980449981,2.578112585,3.279216264,315678.2213,2.934260186,2.602954957,2.102430099,2.802340444,256776.9438,2.296885723,2.032006514,1.654631406,2.204987259,61.47469544,1.482836971,1.121303107,1.156535235,1.33208933,73.06419112
1397,BMO,ANN,2024-01-01,2026-01-01,48,3.244262342,8.240228072,12.27041416,8.639257925,344323.3798,2.797144591,7.800642451,12.02762377,8.290452321,295560.5958,2.234239783,6.161806404,9.622948761,6.583046833,73.75924522,1.350750299,2.189849687,2.083101074,1.988200725,86.73615583
1398,BMO,ANN,2024-01-01,2026-01-01,49,3.342614473,2.777032724,2.943831543,3.43201074,348623.6558,2.562382086,2.142328781,2.480368997,2.879331462,299309.4354,2.060865753,1.707836154,2.001037436,2.300099146,74.32571839,1.766846873,1.446873144,1.316241768,1.523667122,86.41982737
1399,BMO,ANN,2024-01-01,2026-01-01,50,5.322358067,7.05745074,2.604229669,2.590328556,324144.305,4.60461921,6.415379277,2.245488931,2.234130859,251794.0396,3.621676935,5.033824144,1.790748327,1.761330749,58.2415189,2.054192636,2.293239105,1.040115195,1.027410698,74.20003648
1400,V,ANN,2022-01-01,2024-01-01,1,8.115831976,9.375479933,8.278532166,9.086969674,2435063.903,7.630069275,8.8646411,7.618404055,8.395490011,1636255.542,3.036210805,3.508093174,3.048622154,3.336509863,38.10115788,1.094723687,1.203568578,1.295652377,1.378058827,61.1145132
1401,V,ANN,2022-01-01,2024-01-01,2,15.66980237,4.016029238,4.129378207,9.178548826,3282096.883,15.36142584,3.444587992,3.230828307,8.410797119,2799137.65,6.121989814,1.36847849,1.291803296,3.349961273,72.0798418,1.243403906,0.828665831,1.027920128,1.473871005,87.14882631
1402,V,ANN,2022-01-01,2024-01-01,3,9.882477109,4.341155553,12.80901839,5.774130109,2763937.606,9.574351052,3.659986444,12.68349496,5.301079305,2172376.633,3.817502585,1.446129208,5.079356902,2.106328207,55.86036108,0.984055656,0.913084333,0.71440342,0.900705182,80.947701
1403,V,ANN,2022-01-01,2024-01-01,4,4.839038435,4.328909282,3.539199227,2.676587829,2422840.721,4.375388531,3.716494563,3.003425807,2.160816447,1808455.45,1.740616257,1.467872424,1.203744612,0.858486691,45.43540503,0.817731989,0.87076,0.754209971,0.625470071,68.24307624
1404,V,ANN,2022-01-01,2024-01-01,5,6.666713404,2.821453896,3.86419138,2.715040117,2463012.491,6.054162903,2.102346422,3.200104236,2.150840759,1847485.133,2.407238316,0.828817586,1.281960435,0.851564946,45.06353302,1.092439866,0.734321979,0.863221378,0.648055542,65.59796928
1405,V,ANN,2022-01-01,2024-01-01,6,7.343996989,2.844016582,6.439133089,5.567020677,2381364.701,6.824801187,2.367556827,5.63218728,4.65919342,1755714.533,2.718051733,0.938971337,2.257790178,1.853147907,42.49654406,1.076461805,0.627714834,1.255084831,1.213140236,64.37145242
1406,V,ANN,2022-01-01,2024-01-01,7,10.56187545,3.574810764,3.877828869,2.898545592,2412996.792,10.25177211,3.046718566,3.337207849,2.239368693,1817372.517,4.085254062,1.202185234,1.335540901,0.888685658,46.04838957,1.014015035,0.729842825,0.786849658,0.723424757,66.13560579
1407,V,ANN,2022-01-01,2024-01-01,8,3.189232895,3.971552575,4.378758494,2.995612902,2870401.596,2.646589496,3.202249894,3.533396029,2.369788615,2289584.117,1.056505416,1.266198162,1.413703111,0.943424307,59.33251379,0.713050132,0.925608407,1.031259134,0.728628402,79.50871226
1408,V,ANN,2022-01-01,2024-01-01,9,2.773323171,2.175135405,2.540403499,2.84828653,2651654.709,2.147388653,1.71869389,2.158666639,2.29487559,2005700.017,0.854183265,0.679910855,0.863890339,0.913901319,51.13151606,0.692542973,0.52630816,0.536049787,0.673588169,75.217198
1409,V,ANN,2022-01-01,2024-01-01,10,3.466262319,5.849843119,6.777180861,3.914580532,2493149.946,3.027978031,5.28726022,6.140313603,3.045287577,1707271.708,1.205726864,2.089059625,2.451892264,1.210141825,38.92620029,0.667912365,0.98480643,1.133653713,0.976154899,58.27564684
1410,V,ANN,2022-01-01,2024-01-01,11,3.844438706,3.130798294,3.266024543,3.1493442,2666556.767,3.162864589,2.59024031,2.740306415,2.615339661,2161175.867,1.255979543,1.027295952,1.096615785,1.038977212,55.18747666,0.860639039,0.69905535,0.711319729,0.693875959,74.86104183
1411,V,ANN,2022-01-01,2024-01-01,12,3.602624882,3.025942687,2.431360004,3.306255509,2373027.026,2.685066162,2.143535314,1.978941332,2.567660014,1694100.967,1.06271349,0.845600215,0.792471955,1.01962384,40.18833106,0.940119246,0.83355666,0.564547393,0.817132081,58.76943978
1412,V,ANN,2022-01-01,2024-01-01,13,2.916783647,3.290211894,3.101819517,4.674110491,2357951.21,2.33325046,2.787096961,2.392611738,3.946180216,1683888.433,0.927359118,1.103864431,0.957210064,1.571495837,42.76642039,0.688856473,0.695163543,0.788212861,1.003080557,64.44365187
1413,V,ANN,2022-01-01,2024-01-01,14,2.969035466,8.244341031,13.45977121,9.041271903,2941575.383,2.146644108,7.707905865,13.09681995,8.699728394,2390158.233,0.854867437,3.048746562,5.243856356,3.459461383,61.90627624,0.815658002,1.146297737,1.238358531,0.976528955,85.84781469
1414,V,ANN,2022-01-01,2024-01-01,15,4.217719455,4.48568132,7.160658875,6.046752991,2629188.883,3.238379543,3.719696316,6.683006168,5.017807515,2069699.633,1.286215195,1.467516031,2.673341796,1.991115781,53.40735383,1.066684507,0.977742017,1.022870539,1.331604721,75.947059
1415,V,ANN,2022-01-01,2024-01-01,16,10.4776979,9.136744807,12.18591734,9.844126705,2569362.834,9.963218629,8.67252379,11.7326776,9.006666565,2011508.883,3.958683835,3.425125161,4.689281929,3.571470131,51.06639711,1.264250142,1.114897702,1.287713373,1.560750105,74.37162546
1416,V,ANN,2022-01-01,2024-01-01,17,3.993729471,3.243184693,3.818217264,3.458367446,2346094.338,3.466555071,2.566186341,3.108621135,2.738171387,1685985.067,1.378158072,1.014812942,1.245350382,1.090721033,40.322214,0.781947819,0.779377372,0.890918772,0.843314978,60.37687637
1417,V,ANN,2022-01-01,2024-01-01,18,5.970144869,3.090024394,3.519498289,4.125750814,2603786.291,5.479878684,2.543153711,2.942702899,3.381769816,1922625.683,2.179539186,1.006063075,1.17718308,1.343391527,48.17932359,0.94022453,0.692531726,0.774151833,0.940495536,75.45379605
1418,V,ANN,2022-01-01,2024-01-01,19,3.585664973,3.439117031,4.961652715,4.915387103,2507738.575,2.977702707,3.00699556,4.128717699,4.107963053,1874574.9,1.186192038,1.188866885,1.65450154,1.633398565,47.62242798,0.794903652,0.657880241,1.105881042,1.072058823,73.65353326
1419,V,ANN,2022-01-01,2024-01-01,20,2.870328185,3.635837537,2.963808341,3.679813947,2717915.547,2.436151219,3.050111462,2.103838175,2.953656006,1950854.3,0.970616921,1.209916408,0.84609575,1.176142988,46.58610784,0.604479362,0.787801873,0.843517571,0.87634399,70.67080983
1420,V,ANN,2022-01-01,2024-01-01,21,3.504955477,4.454636197,4.39040853,4.411739914,2464463.022,3.039406706,3.788453349,3.686031485,3.48684845,1816478.033,1.20733968,1.496074421,1.471408917,1.382142863,44.73528973,0.6857894,0.914740089,0.944277406,1.057473189,65.41474887
1421,V,ANN,2022-01-01,2024-01-01,22,2.514039154,4.732085888,4.895090549,3.879278729,2886379.977,1.974867048,3.969934872,4.308788436,3.35212148,2366013.583,0.787144175,1.572269443,1.72283163,1.332319254,60.71576111,0.622187629,1.021050558,0.922504858,0.772720896,78.98253436
1422,V,ANN,2022-01-01,2024-01-01,23,6.019046102,3.029329375,4.931412529,6.568602837,2373042.809,5.614833518,2.561385287,4.514021692,6.284659831,1540107.6,2.230363963,1.010630895,1.803701398,2.494909329,32.97721842,0.842212866,0.631531498,0.786224018,0.739224035,51.62316479
1423,V,ANN,2022-01-01,2024-01-01,24,9.080299329,5.055516683,2.750717484,4.893307154,2740514.668,8.529914288,4.573294761,2.162241484,4.170264689,2222438.4,3.390746266,1.809078925,0.868572764,1.655592959,57.23767337,1.224963875,0.846474905,0.688858918,1.007052896,78.75928003
1424,V,ANN,2022-01-01,2024-01-01,25,2.636279337,6.307801723,9.341987073,5.017620457,2613206.346,1.991682768,5.458237773,8.952354313,4.18169047,1988439.267,0.791776736,2.154247459,3.576794613,1.656562562,50.0568218,0.681083068,1.234861375,1.039389437,1.085126324,72.05754729
1425,V,ANN,2022-01-01,2024-01-01,26,2.700663243,2.715495397,3.352067547,3.361089612,2769693.032,2.190400932,2.333666357,2.694193062,2.605965678,2115074.667,0.873326824,0.924436524,1.076216298,1.034165526,53.41462871,0.635320547,0.553053195,0.792778183,0.836957391,78.41829835
1426,V,ANN,2022-01-01,2024-01-01,27,5.911564814,7.759683081,5.416941886,7.552962257,2844233.177,5.290408122,7.302213325,4.843887896,7.064822388,2322753.433,2.100837895,2.882215557,1.932994424,2.801473619,60.05325404,1.031649878,1.010790495,0.957089562,1.039284381,80.15313233
1427,V,ANN,2022-01-01,2024-01-01,28,3.888918261,3.138115206,3.183617034,4.405843553,2549165.586,3.175763352,2.516482133,2.5692959,3.579621379,1860234.583,1.262558142,0.999115605,1.029061508,1.418465567,44.31726977,0.889919428,0.747872199,0.75075005,1.007428742,67.55391417
1428,V,ANN,2022-01-01,2024-01-01,29,8.270757038,3.650127833,2.833911231,5.504427207,2842214.144,7.815529438,3.110302727,2.271697866,4.427614848,2308578.383,3.120207865,1.234538326,0.911646204,1.751164685,58.9621456,1.094965033,0.761820239,0.682395363,1.277412045,79.58303182
1429,V,ANN,2022-01-01,2024-01-01,30,7.248411688,6.825289114,6.276279386,5.277493299,2516945.605,6.639726706,6.322324918,5.639873132,4.473947144,1865222.267,2.634729475,2.493824829,2.251893591,1.773468724,46.83381175,1.130176299,0.990705671,1.08964233,1.100411901,73.82611568
1430,V,ANN,2022-01-01,2024-01-01,31,7.428988226,3.988424693,5.293854712,8.487876654,2602370.162,6.506466866,3.272480294,4.478573364,7.304118856,2117803.733,2.586029397,1.293448766,1.791088257,2.901907417,54.03422626,1.414249612,0.895945642,1.124584773,1.712117377,73.8128464
1431,V,ANN,2022-01-01,2024-01-01,32,5.209849395,5.095087394,5.455994102,5.044786005,2588068.415,4.545828801,4.417877382,4.764469283,4.090270487,2008149.517,1.808612382,1.750005224,1.909160387,1.627858162,51.56704484,1.008522362,1.011353321,1.066922468,1.176040431,74.32018527
1432,V,ANN,2022-01-01,2024-01-01,33,5.379004822,6.113839007,6.601866143,3.151777715,2854700.96,4.894831715,5.623762189,6.099234878,2.57036438,2279511.783,1.942666328,2.219173214,2.432601921,1.01988735,59.2561797,0.868123058,0.932472372,0.995399211,0.72082906,80.82030666
1433,V,ANN,2022-01-01,2024-01-01,34,3.1806152,2.327899866,4.481479906,3.770920906,2439418.993,2.581639682,1.897265088,3.790935144,3.098272196,1825548.633,1.027840836,0.750917418,1.516901262,1.232827943,47.10646459,0.739765205,0.532805318,0.957931841,0.85602452,67.79207661
1434,V,ANN,2022-01-01,2024-01-01,35,8.412037185,8.165112961,8.929959135,5.874076986,2491618.305,7.846327659,7.658390591,8.283517338,5.041384888,1632601.9,3.120364695,3.025774597,3.313044722,1.9989309,35.74935977,1.190845152,1.103095895,1.317907844,1.183012821,55.82841718
1435,V,ANN,2022-01-01,2024-01-01,36,2.47466706,4.423066882,4.227459269,2.748337877,2962442.879,1.864321013,3.787535054,3.602453898,2.077000936,2435860.55,0.74356253,1.498332884,1.442308503,0.825399529,61.87846381,0.648963013,0.897772248,0.884598037,0.715872928,84.35285682
1436,V,ANN,2022-01-01,2024-01-01,37,3.196917982,4.265499151,6.613444879,2.604909852,2657671.625,2.714631956,3.719523724,6.22447091,2.158512878,2054468.2,1.082301174,1.468382633,2.489503502,0.859765584,50.36539838,0.672767104,0.817904871,0.891473421,0.583287062,71.42432986
1437,V,ANN,2022-01-01,2024-01-01,38,3.939932947,4.2497492,4.565227782,5.003415712,2559280.755,2.974773818,3.475321606,3.702171663,3.860928345,1906697.45,1.177209876,1.368812604,1.474569087,1.530637741,46.33848405,1.012205575,0.951534522,1.056244945,1.247941706,67.67597518
1438,V,ANN,2022-01-01,2024-01-01,39,3.794659455,2.670558953,6.857882981,3.301132368,2502524.656,3.065617199,2.187924426,6.228066898,2.754992167,1935267.8,1.220772867,0.865885046,2.488681722,1.095143736,49.42320745,0.889834986,0.601027014,1.13993307,0.717738324,70.85350285
1439,V,ANN,2022-01-01,2024-01-01,40,3.181872666,3.053483137,3.070793858,3.195179471,2392858.045,2.566551465,2.563226566,2.441713811,2.600477091,1689389.767,1.019720704,1.012430657,0.97792952,1.034446993,40.90456372,0.743690209,0.655392514,0.747780973,0.73751635,63.27303611
1440,V,ANN,2022-01-01,2024-01-01,41,5.976411573,4.45799413,4.37148877,5.382662386,2539921.09,5.204981861,3.648282293,3.691625639,4.420169067,1989112.117,2.063653947,1.439953874,1.473068399,1.750688361,51.02296445,1.148107921,1.003435376,0.925033157,1.20411726,70.61507886
1441,V,ANN,2022-01-01,2024-01-01,42,3.13036428,4.552925555,4.504273166,6.235673448,2883920.68,2.646039513,3.88033227,3.807340067,5.7056132,2387324.817,1.053319841,1.535606437,1.521989169,2.267241415,61.66066614,0.666455021,0.941389764,0.958562013,0.994184814,82.31725466
1442,V,ANN,2022-01-01,2024-01-01,43,2.411050912,2.779673839,2.507882515,3.833037573,2881102.822,1.920131708,2.340418571,1.936394568,3.151607259,2219668.983,0.763806857,0.924931938,0.773150055,1.249416002,54.85476284,0.576685988,0.591439273,0.631545632,0.861416092,79.89526718
1443,V,ANN,2022-01-01,2024-01-01,44,2.903129164,2.878135957,5.563437438,4.370569502,2412450.018,2.416443588,2.456770091,4.670594161,3.56566569,1816036.533,0.962748865,0.972776659,1.871947863,1.416314924,45.50510564,0.640116316,0.593576193,1.212401019,0.99962009,65.71157226
1444,V,ANN,2022-01-01,2024-01-01,45,3.173636867,2.823957027,4.309550795,4.866770948,2544857.778,2.561769608,2.192616539,3.704221858,4.213174438,1736663.558,1.026235335,0.868425049,1.489234861,1.667802403,38.56391832,0.758438649,0.702406438,0.899464611,0.954866212,57.37005349
1445,V,ANN,2022-01-01,2024-01-01,46,3.575502802,4.502212024,2.851353366,4.000436742,2770468.817,2.758512959,3.758414897,2.266801083,3.266877238,2155846.85,1.093744679,1.479977544,0.910567475,1.295423862,54.7684041,0.893077731,0.962007084,0.702386421,0.908400132,77.37452749
1446,V,ANN,2022-01-01,2024-01-01,47,2.663721357,3.042248964,2.586956457,3.047385117,2350305.893,2.140005739,2.418004865,2.126991067,2.485600789,1674310.15,0.849404832,0.956678359,0.850322089,0.987555202,40.42807273,0.625331025,0.726323591,0.585103826,0.697694679,62.26615811
1447,V,ANN,2022-01-01,2024-01-01,48,7.619055348,7.727509293,6.144667464,6.95506333,2437252.326,7.29990737,7.317394294,5.839590845,6.362977091,1736473.8,2.901590674,2.890588959,2.335246209,2.526846996,41.63171877,0.842439986,0.957975321,0.756414104,1.102931641,62.59643013
1448,V,ANN,2022-01-01,2024-01-01,49,8.175233632,5.723883563,8.22750551,7.196804501,2481632.396,7.580437521,5.085772629,7.453177779,6.469080607,1628131.367,3.012641179,2.005693069,2.980276918,2.567250474,36.54552135,1.201292098,1.021770134,1.383767517,1.23933529,60.87336325
1449,V,ANN,2022-01-01,2024-01-01,50,6.110823741,4.131969391,5.211742999,4.85070553,2631299.513,5.432569822,3.506683181,4.535777707,4.022155762,1939785.883,2.160105507,1.386101131,1.81381934,1.595763026,46.29398009,1.094433521,0.856049562,1.019859111,1.062849129,69.02909365
1450,V,ANN,2022-09-01,2024-09-01,1,5.239939263,4.491205536,5.422807512,5.636421064,4861883.116,4.003039767,3.564525158,4.42203258,4.687163289,3333222.633,1.548303163,1.359639079,1.717129587,1.81046098,41.6173063,1.332706735,1.058470439,1.240139305,1.236451147,31.8957888
1451,V,ANN,2022-09-01,2024-09-01,2,6.481458722,7.618000569,10.83363928,9.372749367,4934633.222,5.686241462,6.698242624,9.726005578,8.229098511,3127321.35,2.178312073,2.543952903,3.740046592,3.140840645,36.23710592,1.183624815,1.358635457,1.82108476,1.684892297,29.69340487
1452,V,ANN,2022-09-01,2024-09-01,3,5.443953858,4.50027453,4.844919785,4.713363124,5014093.975,4.597017486,3.647145289,3.818838096,3.3587677,3615840.217,1.760122204,1.389388241,1.479590758,1.30079265,46.45206196,1.105316622,1.009714849,1.171202907,1.311854064,32.39984678
1453,V,ANN,2022-09-01,2024-09-01,4,5.511738401,4.958444821,5.732187464,5.915142215,4953149.241,4.369880373,3.525927685,4.413612848,4.527484131,2931375.167,1.691105299,1.353560942,1.720132459,1.751687945,31.83772987,1.333002343,1.367345007,1.463727991,1.511799044,26.43533237
1454,V,ANN,2022-09-01,2024-09-01,5,6.695245849,4.865247441,7.2467119,6.481891907,5001832.46,5.914253547,4.169606348,6.573503392,5.362637838,3077914.817,2.268308654,1.588269244,2.534047838,2.060228967,35.33244803,1.199053271,0.95957383,1.161352401,1.398097555,32.8774853
1455,V,ANN,2022-09-01,2024-09-01,6,6.070876315,5.60477392,5.558882376,6.649758926,4924128.885,5.265316275,4.679591881,4.398458205,5.745424906,3295790.25,2.015983784,1.783528496,1.710825879,2.21199395,40.97538865,1.145536845,1.182439265,1.341152503,1.304986582,33.83906912
1456,V,ANN,2022-09-01,2024-09-01,7,9.470804609,10.26637387,9.983900218,10.18583356,4738756.141,8.271906659,9.172930131,8.632679418,8.752943929,3176348.4,3.197026802,3.510779977,3.356096685,3.383143338,39.43153962,1.830309496,1.80045358,1.994049675,2.071918246,32.10864404
1457,V,ANN,2022-09-01,2024-09-01,8,6.344823207,8.802101248,7.275480127,8.80651179,5196921.434,5.280341307,7.854694263,6.332062001,7.941801961,3912502.3,2.026951369,2.97621808,2.438244949,3.03444598,51.66874855,1.359021166,1.471328464,1.368412456,1.432305019,37.57433267
1458,V,ANN,2022-09-01,2024-09-01,9,10.24411067,7.720046322,7.437012228,10.37539309,4908751.503,8.392210674,5.774928017,5.659229304,8.076027934,3037377.117,3.257519732,2.227046166,2.215391619,3.133506706,34.81530132,2.324424489,2.012497204,1.935565899,2.58659155,27.3447551
1459,V,ANN,2022-09-01,2024-09-01,10,7.51892766,5.361843741,7.640761853,7.652232339,5035867.298,6.151515001,4.12498233,6.100736292,6.19215037,3117373.367,2.352898662,1.570962323,2.347359475,2.367173694,35.61773648,1.634292419,1.290550863,1.751823624,1.691449983,30.50650254
1460,V,ANN,2022-09-01,2024-09-01,11,5.272560839,5.620704945,6.698839259,7.118977493,4811094.46,4.203845264,4.364695452,5.419279306,5.508563232,3200069.95,1.629152926,1.669534959,2.090540371,2.117973528,39.4932828,1.264476819,1.374266012,1.518771582,1.745445269,31.84785922
1461,V,ANN,2022-09-01,2024-09-01,12,11.13392947,7.132676564,7.814500664,8.24543986,4991887.208,10.18168471,5.501356408,6.202799857,6.443354289,3330431,3.929519749,2.109334672,2.420545152,2.496566793,39.84123772,1.798418501,1.76912716,1.900217774,2.037249586,30.06638592
1462,V,ANN,2022-09-01,2024-09-01,13,5.614079015,6.692107248,6.352242127,7.39627048,5086236.184,4.551463202,5.410419618,5.311278577,5.80382487,3113154.717,1.754062302,2.06928152,2.063504847,2.244325829,35.97067074,1.27984529,1.51513903,1.383362162,1.801827488,30.62136047
1463,V,ANN,2022-09-01,2024-09-01,14,6.829565284,8.164156596,9.977784496,6.111156393,4977293.979,5.592802013,6.528065695,8.791524275,5.057921346,3013660.567,2.15709159,2.492070447,3.392580119,1.945723152,33.29007664,1.519056809,1.868202568,1.817141701,1.324184147,28.10694043
1464,V,ANN,2022-09-01,2024-09-01,15,5.645462388,5.547065012,6.441272231,6.503506412,4861553.557,4.784145159,4.49758762,5.486683159,5.179598999,3209278.383,1.843746555,1.717555885,2.129275634,2.00383063,39.33494799,1.17324243,1.24382178,1.325804898,1.55396289,33.18623052
1465,V,ANN,2022-09-01,2024-09-01,16,7.57105494,9.512474288,7.701150476,9.2960199,4871959.219,6.003014427,7.82483977,5.788784556,7.434775798,3089406.767,2.324794246,3.004052452,2.262011343,2.886235833,36.27808315,1.821557684,2.103862144,2.020641701,2.211074829,28.95151021
1466,V,ANN,2022-09-01,2024-09-01,17,7.537345943,11.35302249,4.739137584,5.360498637,4954963.745,6.139226144,10.56087467,3.717087022,4.105014038,3122504.417,2.380517535,4.04421169,1.450014924,1.591585553,37.34088793,1.736501805,1.649040907,1.178522764,1.372948384,34.77961736
1467,V,ANN,2022-09-01,2024-09-01,18,5.559418954,4.349358343,5.95411752,7.184413177,5135399.897,4.650534758,3.364202673,4.194527063,5.690240479,2999258.367,1.799883687,1.290315258,1.642649689,2.206440336,29.9290573,1.207918787,1.079631284,1.691265027,1.739652513,21.91345751
1468,V,ANN,2022-09-01,2024-09-01,19,8.871225497,8.415742677,8.031181426,9.416628742,5009515.567,7.525938252,7.188579545,6.400394914,7.926659139,3262872.233,2.912863087,2.760968044,2.499847503,3.06897399,38.86536487,1.868417155,1.72081326,1.945150753,2.0272678,30.75373279
1469,V,ANN,2022-09-01,2024-09-01,20,5.776273815,6.641135096,6.029157459,6.509728354,4979559.511,4.845568504,5.526621859,5.141150471,5.50360616,3100642.883,1.854796625,2.104982305,1.997273905,2.119826524,35.55606226,1.194177845,1.401876651,1.234087862,1.34399487,28.15060795
1470,V,ANN,2022-09-01,2024-09-01,21,6.119555589,5.322698241,6.317954768,5.745235193,5146973.671,5.03638544,4.334847477,5.184274493,4.90580953,3566548.333,1.949496141,1.663920794,2.023497496,1.899369231,45.94824717,1.380706122,1.209459363,1.449870347,1.195689056,40.05186532
1471,V,ANN,2022-09-01,2024-09-01,22,6.867562719,6.8034347,7.620833067,6.292118834,4921053.737,5.562622556,5.811942416,6.164480877,5.312390645,2831874.267,2.135064517,2.213999123,2.386960357,2.045516967,30.9435834,1.540855686,1.3489112,1.73041028,1.311724288,27.38182617
1472,V,ANN,2022-09-01,2024-09-01,23,5.068156122,4.260224509,6.098290928,7.096998325,4939416.916,3.855995888,3.312251491,4.950976267,6.22908783,3226225.15,1.494509152,1.265661479,1.917365736,2.386924877,40.24566424,1.303070766,1.043866213,1.383184453,1.295496572,35.60749261
1473,V,ANN,2022-09-01,2024-09-01,24,9.139749997,7.911855305,11.49911118,9.509807187,4803260.185,8.300367089,6.909997578,10.455503,8.576248678,2859762.267,3.173112193,2.624286028,4.016247121,3.271333971,30.78281507,1.43446875,1.440795715,1.792685124,1.53896147,25.10720912
1474,V,ANN,2022-09-01,2024-09-01,25,5.138533604,4.736663054,7.082710642,5.948258243,4820544.99,4.102737368,3.8528224,6.126148133,5.019679769,2999075.9,1.583818641,1.471090122,2.365489189,1.933888315,34.62696282,1.214155768,1.062883613,1.364332663,1.24545104,28.57433582
1475,V,ANN,2022-09-01,2024-09-01,26,5.800153367,5.514110492,6.750814192,6.315781513,4963099.819,4.773160599,4.309987663,5.606243332,5.468844096,3317918.85,1.839365088,1.641874862,2.170686623,2.107227934,41.09415343,1.292973176,1.309284923,1.457499267,1.236143373,34.3793443
1476,V,ANN,2022-09-01,2024-09-01,27,5.263093007,5.218777366,6.735227808,5.507621565,4911360.91,4.071256615,3.802934109,5.102428167,4.100294495,3396361.717,1.576297391,1.458839269,1.993646185,1.592065609,42.57438901,1.321796586,1.398901738,1.760445537,1.465303933,32.00580218
1477,V,ANN,2022-09-01,2024-09-01,28,7.256570432,6.412122512,6.911728846,6.769847304,5033873.86,5.372353874,4.665599642,5.197346879,5.202916463,3335918.667,2.080880995,1.786464673,2.028181131,2.015653732,41.36288922,1.921695476,1.713377685,1.819515766,1.711612336,35.34798399
1478,V,ANN,2022-09-01,2024-09-01,29,19.66441001,15.51193216,14.90852779,19.08246531,4974270.798,19.090428,14.63794275,13.8340949,18.08445028,3334218.3,7.364931417,5.608243501,5.386835735,6.97737071,42.63049326,1.953468762,2.048967731,2.265804414,2.457893647,40.09859477
1479,V,ANN,2022-09-01,2024-09-01,30,6.229077257,5.766351304,5.914349356,7.56164294,4926773.759,5.062263592,4.710661768,4.777636827,6.253768412,2806367.7,1.940479052,1.795551412,1.84187674,2.394801475,29.12690504,1.384168182,1.259787268,1.33839054,1.609053287,23.93129376
1480,V,ANN,2022-09-01,2024-09-01,31,17.31947064,17.65186774,16.03646087,13.26873633,4906325.062,16.55055711,16.84748867,15.12115158,12.1557958,2933307.217,6.328383376,6.394373325,5.813475628,4.630866193,32.89256579,1.878870062,1.91839407,1.992175331,1.972818702,31.15011644
1481,V,ANN,2022-09-01,2024-09-01,32,4.639781652,5.209234057,5.488946944,5.882322597,4789120.594,3.796573425,4.028068154,4.386084548,4.815472412,3066359.9,1.463210974,1.533630623,1.692026417,1.858064024,36.90059799,1.04615199,1.270254545,1.262190821,1.330706921,30.12565345
1482,V,ANN,2022-09-01,2024-09-01,33,4.33279567,4.197172123,5.841655222,5.71131211,4985705.946,3.457211864,3.357854239,5.128320524,4.752614339,2898342.75,1.330325847,1.280572441,1.980838032,1.828152486,31.77004561,1.009787472,0.972713837,1.076883045,1.222311127,28.92817638
1483,V,ANN,2022-09-01,2024-09-01,34,8.549898721,8.727905405,7.076337404,9.386335843,5172994.899,7.28877465,7.728019446,5.478714577,7.81163737,3774070.85,2.817013825,2.962862349,2.137204419,3.019373491,49.61379173,1.767701451,1.594400909,1.779884407,2.056301858,39.29750041
1484,V,ANN,2022-09-01,2024-09-01,35,5.150328648,6.638216414,8.771283428,6.169462458,4949401.413,3.84745423,5.300713962,7.635483011,5.000700378,3356178.333,1.4843655,2.027625385,2.949754538,1.923467645,41.80465715,1.330746116,1.538006018,1.667703462,1.401971831,34.10285323
1485,V,ANN,2022-09-01,2024-09-01,36,4.667404728,4.688054831,5.083671453,5.178046857,4963252.042,3.388852155,3.613005764,3.94665853,3.899610392,3199623.15,1.312134208,1.383133751,1.533552236,1.506532663,38.11117162,1.265794233,1.161808378,1.257807978,1.338104442,31.57619373
1486,V,ANN,2022-09-01,2024-09-01,37,5.854618747,4.959004546,5.314520121,5.729763139,4987871.342,4.497900936,3.689185815,3.876713916,4.127198283,3139233,1.73815439,1.417930591,1.508592731,1.604332538,37.14929769,1.476575547,1.299114186,1.44275574,1.586005396,34.15946761
1487,V,ANN,2022-09-01,2024-09-01,38,7.314046503,6.258522671,6.548863159,8.157296401,5047128.918,6.285641907,5.190692297,5.707497202,7.066284688,3196025.533,2.405660821,1.973552614,2.203007625,2.706311432,36.97614392,1.416240053,1.31812738,1.220858256,1.546746412,29.09846733
1488,V,ANN,2022-09-01,2024-09-01,39,8.011058976,7.669623068,8.765250323,7.871500834,4847656.044,6.781424886,6.456600479,7.443236588,6.775829569,3027218.25,2.587826608,2.444042557,2.857388858,2.585627964,34.5810732,1.60136996,1.540925953,1.747030844,1.499569978,26.76949784
1489,V,ANN,2022-09-01,2024-09-01,40,9.206398431,7.710441897,6.525488706,6.286170899,5013517.543,7.958833599,6.461195857,4.979483497,4.710421753,3627731.867,3.076243448,2.477414198,1.941951304,1.824929985,47.11409318,1.830888776,1.644676531,1.680569992,1.644578743,35.2709244
1490,V,ANN,2022-09-01,2024-09-01,41,6.971218035,3.927428409,6.053834385,5.355397342,5034049.514,6.053211433,3.106184153,4.922702456,4.373964437,2905472.083,2.321869756,1.187338482,1.918506545,1.690501165,30.54131347,1.316586695,0.934962439,1.416764498,1.229438627,26.86644329
1491,V,ANN,2022-09-01,2024-09-01,42,4.910052378,4.468238915,4.701464872,4.684571165,4969169.479,3.808729482,3.544908942,3.595509918,3.679035441,3671036.4,1.475406059,1.356998163,1.401961117,1.42697801,47.88276678,1.229658812,1.059567703,1.206669004,1.155829435,35.81589265
1492,V,ANN,2022-09-01,2024-09-01,43,4.717195865,5.244020518,5.606827113,6.340217446,5052796.398,3.893800376,4.025970231,4.457311865,4.706402588,3093639.35,1.503710522,1.53649661,1.729940767,1.81401244,34.99067275,1.050419087,1.300334754,1.347296806,1.655642029,31.06173308
1493,V,ANN,2022-09-01,2024-09-01,44,4.759410223,4.326649714,5.619105536,5.335784298,4830001.729,3.835402107,3.566613997,4.556611108,4.11923879,3016006.517,1.48031989,1.360635631,1.753879439,1.590598813,35.16597868,1.106697581,0.945689789,1.249977117,1.334732356,28.07774967
1494,V,ANN,2022-09-01,2024-09-01,45,5.428038525,5.193237364,5.060252184,5.881328558,4949510.177,4.513631306,4.365047945,4.26566916,4.82714742,3391828.983,1.734764383,1.664527075,1.659599956,1.863053901,42.9813467,1.162000434,1.082233311,1.088857443,1.310099907,35.68979724
1495,V,ANN,2022-09-01,2024-09-01,46,4.116866931,4.631692869,5.487122232,5.774047685,5161321.415,3.16977047,3.637670496,4.41927066,4.593362935,3263326.05,1.225105622,1.385896379,1.706849581,1.783249238,38.87421349,1.023530181,1.100354918,1.255811996,1.392581555,37.78998722
1496,V,ANN,2022-09-01,2024-09-01,47,3.920315092,3.748744971,5.627277821,6.158514933,5026252.582,3.239089127,2.711307525,4.768539705,5.498855591,3195901.433,1.246169915,1.035844074,1.845952576,2.109978885,36.80835927,0.850753917,1.01003186,1.157288239,1.061299756,28.11455861
1497,V,ANN,2022-09-01,2024-09-01,48,5.579963061,5.248297968,5.293224892,6.512451272,5053493.128,4.759339391,4.368329086,4.289807831,5.270627848,3052047.033,1.830807408,1.663553575,1.66866233,2.038965872,33.31879748,1.138290836,1.113629324,1.220175039,1.515561439,26.53335218
1498,V,ANN,2022-09-01,2024-09-01,49,5.739793228,5.245561402,5.760062419,6.266394775,4869403.297,4.758116112,4.141393163,4.853051803,4.996592712,2752766.333,1.83601181,1.584393495,1.883801154,1.923333767,29.59454234,1.269819981,1.258328974,1.233417147,1.472704273,26.81178669
1499,V,ANN,2022-09-01,2024-09-01,50,4.750907352,5.249017404,7.448822427,7.219811585,5084662.012,3.889433754,4.011520375,5.678358278,5.515684001,3128621.333,1.500335069,1.53621909,2.216313156,2.1367525,36.40264218,1.064264808,1.319056612,1.919876003,1.83949986,32.80602507
1500,V,ANN,2023-05-01,2025-05-01,1,13.01255037,17.69517197,22.96470434,18.31399488,3079868.391,11.22071484,16.61153278,21.65452925,17.56552226,2443941.817,3.410484296,4.923599781,6.574191056,5.28192499,35.94669121,2.113722098,1.805018978,2.236292166,1.537257455,25.14456378
1501,V,ANN,2023-05-01,2025-05-01,2,13.30001144,9.980213721,15.24985909,12.55580145,3166920.127,9.933152119,7.66128913,10.96053379,9.22361145,2466001.317,3.066902955,2.302747317,3.441572295,2.83639883,34.93838032,2.878378596,1.953847031,3.497081124,2.707447473,25.39032883
1502,V,ANN,2023-05-01,2025-05-01,3,11.2486266,9.898304024,12.66276395,11.21161319,3150246.003,8.267922763,7.800318844,9.019536099,7.403424072,2532372.8,2.547075046,2.338649793,2.827342229,2.286794898,36.25890885,2.491668632,1.857133772,2.935914249,2.71470753,23.67003738
1503,V,ANN,2023-05-01,2025-05-01,4,10.28541633,8.261346116,11.81710629,11.50528455,3163367.917,7.356970616,6.007890767,8.540081471,8.405579631,2441920.767,2.263696486,1.794272643,2.682277814,2.574314151,34.84700871,2.335044874,1.717968123,2.683780303,2.520126636,27.01792557
1504,V,ANN,2023-05-01,2025-05-01,5,12.64574181,15.18395429,12.44608358,11.18532247,3245678.323,10.83760354,13.82685274,10.22879891,8.732634481,2623146.45,3.286895153,4.097496371,3.157844622,2.666933,39.27804819,2.042930894,1.849947375,2.280073242,2.230123635,29.07042353
1505,V,ANN,2023-05-01,2025-05-01,6,15.24233385,14.87145605,13.28804693,15.04315211,3217396.514,13.52482833,12.08613039,11.35911755,12.49164632,2693078.283,4.083200325,3.590448964,3.506458728,3.791317535,39.64722833,2.13977006,2.586487811,2.201719149,2.586123115,25.27367903
1506,V,ANN,2023-05-01,2025-05-01,7,11.80650845,11.04299813,13.50111386,12.25495723,3060468.475,9.887767352,9.004303344,11.6266274,10.17875468,2293639.533,3.005220804,2.677280306,3.587281441,3.097758976,32.17577625,2.015784766,1.910976888,2.177649873,2.136150299,24.62954586
1507,V,ANN,2023-05-01,2025-05-01,8,10.71297484,8.865880825,11.87314061,10.21866402,3237692.372,7.691234593,6.548296233,8.487446846,7.344301351,2312135.733,2.369427112,1.962083611,2.670022425,2.258727527,28.95746059,2.405881584,1.804878565,2.737671966,2.2484892,19.57427633
1508,V,ANN,2023-05-01,2025-05-01,9,11.53715084,10.34644296,13.49786048,13.11865773,2928258.573,8.230773148,7.362933296,9.745226518,9.303313192,2134599.25,2.532370126,2.208481667,3.060310389,2.869670803,28.15081576,2.640261258,2.208811106,3.097632248,2.986473284,18.45315669
1509,V,ANN,2023-05-01,2025-05-01,10,10.90021329,10.95638679,10.8355216,11.8466719,3408593.084,8.979035221,8.723725525,7.257714424,9.397576904,2430580.917,2.729334844,2.593755,2.279463395,2.855641527,30.22713001,1.913069058,1.970362703,2.613653306,2.242126642,20.8860589
1510,V,ANN,2023-05-01,2025-05-01,11,11.55060669,10.47564359,13.3033403,12.81285214,3012393.801,7.742519408,8.362712355,9.635943768,10.13753255,2166842.583,2.398510877,2.494972457,3.0132161,3.095829148,28.07730704,2.808225201,1.903609133,3.015860415,2.510132077,18.75526323
1511,V,ANN,2023-05-01,2025-05-01,12,13.20451551,13.92365095,13.59441082,15.38602613,3125970.893,11.59001591,12.44727055,10.64575699,13.86359253,2264070.267,3.522137988,3.695312715,3.323016351,4.183729071,29.67982381,2.022135799,1.860870834,2.758634713,2.046457201,22.19953248
1512,V,ANN,2023-05-01,2025-05-01,13,12.51439387,11.90958783,13.62971812,13.33171369,3096484.798,9.428235969,9.613454568,9.805631551,9.898661296,2354515.95,2.87698869,2.867753199,3.076674586,3.04166126,32.31988385,2.602021433,2.117374857,3.101148915,2.851887173,22.12328738
1513,V,ANN,2023-05-01,2025-05-01,14,12.71123523,14.23929092,16.87066124,12.10316658,3062484.564,10.36005025,11.55199927,15.08382205,9.596338908,2303424.067,3.13700389,3.42295421,4.602431564,2.920626524,32.41930661,2.283776219,2.472896965,2.30482291,2.301154144,24.85352919
1514,V,ANN,2023-05-01,2025-05-01,15,10.27467578,10.9527861,12.1988291,12.70998522,3187771.554,8.75619096,9.172387775,8.023135295,10.05654195,2310192.167,2.670096754,2.736013271,2.531073398,3.066499501,30.77736655,1.719172787,1.810359199,3.005653936,2.467103032,23.67334056
1515,V,ANN,2023-05-01,2025-05-01,16,13.88886038,11.84729369,14.40493421,14.4198451,3111660.711,9.725903909,8.906479303,9.845923534,9.859214274,2479188.883,2.997185145,2.672163082,3.094688289,3.04297715,36.54633761,3.199392869,2.385991061,3.432186207,3.370438417,26.30661959
1516,V,ANN,2023-05-01,2025-05-01,17,10.81765806,8.778068785,12.16178879,11.959717,3128352.278,6.97212082,6.71921311,8.102284333,7.51525472,2310310.967,2.165099141,2.014436996,2.564670042,2.329843841,31.38787013,2.70369394,1.719253795,3.010286058,2.997836866,22.45106832
1517,V,ANN,2023-05-01,2025-05-01,18,15.57746899,14.86628124,21.22378224,20.5656331,3179388.387,12.20698434,13.03212974,17.5817529,17.08894857,2536825.65,3.760950264,3.890142041,5.481669734,5.221094896,37.94685581,3.155558479,2.205944414,3.938039314,3.709245183,29.52186163
1518,V,ANN,2023-05-01,2025-05-01,19,12.31425508,8.842126439,13.35899032,11.640045,3054729.524,8.502579084,6.449996675,9.060525127,7.919892375,2436696.783,2.635211513,1.93811389,2.873800798,2.45272225,36.01188831,2.928331386,1.859887776,3.26669039,2.758606731,27.10935021
1519,V,ANN,2023-05-01,2025-05-01,20,10.01852227,9.067013991,11.86745548,10.85342946,3105147.89,7.023000057,7.066154379,8.327940365,8.299405924,2370632.9,2.169806051,2.109111423,2.628570235,2.544857418,32.83178928,2.351593276,1.740194234,2.827515114,2.257794632,22.1774368
1520,V,ANN,2023-05-01,2025-05-01,21,12.88011111,10.99380132,13.4016785,14.82330873,3119622.157,10.85762622,9.068378434,10.76380076,13.24449361,2444770.083,3.309424879,2.696487366,3.347411403,4.001335112,35.65428952,2.204487985,1.85803074,2.594799482,2.04565982,25.98313481
1521,V,ANN,2023-05-01,2025-05-01,22,23.74451099,10.38461519,13.19882374,17.24502495,3201146.891,21.04600646,8.212440787,9.717872871,13.35292664,2254287.35,6.432540097,2.457335612,3.03938788,4.104602607,28.38661784,3.602962153,1.955309937,2.889731045,3.54613475,20.47469491
1522,V,ANN,2023-05-01,2025-05-01,23,18.44277209,15.48167415,12.99522114,24.03123682,3151884.96,17.46200522,14.53823099,11.65373164,22.71689657,2505438.233,5.244674074,4.299181083,3.568141639,6.783799323,36.51201085,1.698964838,1.540410027,1.797711609,2.295606723,26.91618288
1523,V,ANN,2023-05-01,2025-05-01,24,11.57978612,16.87504559,12.86549203,12.96379582,3215349.413,9.716871949,15.62858516,8.750105263,8.212351481,2672438.167,2.959393275,4.624306474,2.77215014,2.545583258,41.50096206,2.022918104,1.863721755,3.146453564,3.233020923,29.10671753
1524,V,ANN,2023-05-01,2025-05-01,25,10.56560148,10.5303561,14.87419622,12.23347088,3269859.358,8.4973294,8.849754762,13.83969791,10.43354085,2535369.233,2.60445496,2.628943807,4.234748243,3.167401223,34.34595013,2.027772996,1.699544805,1.649545852,2.004023541,22.62696051
1525,V,ANN,2023-05-01,2025-05-01,26,14.1965509,12.19046273,15.58242114,13.04716896,3078489.181,10.72470358,10.16625008,11.78695618,9.995004272,2337890.633,3.314853085,3.036521154,3.701336393,3.063879003,32.20815688,3.038281923,2.022733384,3.345471387,2.661938379,22.90730119
1526,V,ANN,2023-05-01,2025-05-01,27,11.64378829,9.170218113,12.82783743,10.94944261,3191274.445,9.057100555,7.298355546,9.520449432,7.816810099,2538406.75,2.775064421,2.17709584,2.976584065,2.40015552,38.31505719,2.374787822,1.678038918,2.816945834,2.447553216,29.65373665
1527,V,ANN,2023-05-01,2025-05-01,28,11.61029464,11.83115441,11.61309089,11.41836713,3163560.323,9.922167169,9.390764778,9.623934357,8.618460083,2434666.7,3.012269845,2.792931417,2.975884106,2.621765292,33.78896019,1.864289425,2.149081256,2.071266048,2.326089931,24.34814869
1528,V,ANN,2023-05-01,2025-05-01,29,10.47612278,9.84524815,12.22289443,13.84828409,3177962.303,7.244884852,7.86520535,9.526151295,9.666089884,2185026.833,2.232778466,2.345380258,2.969640966,2.982322324,27.12840014,2.462854095,1.788978367,2.513101457,3.185452794,20.12909774
1529,V,ANN,2023-05-01,2025-05-01,30,13.45357432,15.215212,14.15497755,13.95836339,3136558.49,11.27044341,13.00068565,12.57201054,12.46662496,2500351.333,3.423442873,3.857107158,3.863953562,3.770219686,36.10066917,2.318415233,2.348511707,2.055140122,1.923300347,24.61823859
1530,V,ANN,2023-05-01,2025-05-01,31,12.00318529,13.96864874,11.30525807,13.98450379,3205902.566,10.42480171,13.17345308,8.871006595,12.85133972,2616509.867,3.157732509,3.917232783,2.751148579,3.881937044,38.86301993,1.871027976,1.406132457,2.31169971,1.704848407,27.61419037
1531,V,ANN,2023-05-01,2025-05-01,32,12.77534316,8.474239165,16.6291546,16.27830376,3115540.929,8.963786961,6.731002785,12.1610298,11.67505188,2363229.167,2.786020542,2.019065163,3.836398937,3.605112785,31.66676209,2.987564558,1.57373147,3.7513674,3.668176509,19.5267091
1532,V,ANN,2023-05-01,2025-05-01,33,9.585423591,10.18809125,10.73633993,10.72287425,3040702.121,6.704594526,8.727008268,8.020787909,8.635262044,2294739.667,2.071182217,2.596245869,2.511585062,2.64387859,32.7814344,2.239487452,1.584337928,2.35104461,2.039242514,24.12236707
1533,V,ANN,2023-05-01,2025-05-01,34,9.474902593,7.639790755,11.26830933,12.11603006,3311943.749,7.672528691,5.75765452,8.829040219,8.962506104,2274775,2.343118131,1.719005604,2.749475718,2.765318175,27.60637454,1.7478593,1.51092541,2.285209203,2.601160015,21.58556382
1534,V,ANN,2023-05-01,2025-05-01,35,10.19946011,11.28153527,15.01844709,12.96140839,3072819.51,6.8674289,9.19768535,11.23074771,9.151289876,2326792.183,2.13038857,2.746438883,3.536184249,2.811727677,31.93474302,2.486846047,1.986497077,3.32000524,2.965936571,23.40041154
1535,V,ANN,2023-05-01,2025-05-01,36,10.16709354,9.306087374,13.09544338,11.43635205,3139700.142,7.78496584,7.431757113,9.466723647,8.945519002,2392640.85,2.403294009,2.222193807,2.981705855,2.744725974,32.74447336,2.171212829,1.70701406,3.007688613,2.308744317,21.7997955
1536,V,ANN,2023-05-01,2025-05-01,37,10.39336344,9.218228575,11.52935006,13.22881669,3108366.976,8.429791867,7.515114293,10.27493171,12.07520447,2368915.683,2.569046416,2.239275103,3.170241758,3.657754299,33.98632134,1.949508066,1.613469105,1.704460382,1.69727579,24.87486043
1537,V,ANN,2023-05-01,2025-05-01,38,11.62224557,8.964278909,14.80757088,17.49234013,3361460.404,9.042218943,6.853757885,13.04395024,15.40928955,2150897.083,2.757812883,2.060847515,3.989205442,4.623297799,24.35693173,2.367108783,1.777717948,2.187592169,2.475150674,20.29912359
1538,V,ANN,2023-05-01,2025-05-01,39,15.45115176,15.48338117,16.7498042,18.15325944,3049419.685,13.56656223,13.62888989,14.85946719,16.61750387,2260967.35,4.101302976,4.044582736,4.550491444,5.005144618,31.79601741,2.283875104,2.178468002,2.403857202,2.212870048,25.20188264
1539,V,ANN,2023-05-01,2025-05-01,40,14.96803699,14.60075508,15.31777283,17.72644767,3258767.857,12.127961,11.76110722,12.57169316,14.74720154,2546648.1,3.677966939,3.504108624,3.864868629,4.455376329,36.00830837,2.708250964,2.595973806,2.742979362,2.995107609,27.51342465
1540,V,ANN,2023-05-01,2025-05-01,41,13.68850046,7.896159702,12.52562986,13.64378022,3289903.875,10.03547433,6.292007805,8.790396877,10.06507874,2546175.333,3.105674789,1.882018956,2.764649092,3.108711297,36.53896114,3.063490606,1.461145745,2.962144437,3.002247109,27.85558328
1541,V,ANN,2023-05-01,2025-05-01,42,14.13204244,9.894964091,16.06487948,11.17320016,3115081.805,9.789291231,7.111948487,11.58974529,7.008436076,2414536.9,3.040791636,2.135060133,3.657180869,2.179195204,34.55354298,3.346611067,2.12642602,3.696912117,2.832893245,25.97009285
1542,V,ANN,2023-05-01,2025-05-01,43,9.088540994,12.46337305,9.966736155,10.83977268,3246216.376,7.752743564,11.28332427,8.122122357,9.645319621,2656632.733,2.359640624,3.338627518,2.521131477,2.906674394,39.98673846,1.519074415,1.555421314,1.907050416,1.523785896,28.1208661
1543,V,ANN,2023-05-01,2025-05-01,44,10.16543545,11.19031534,11.49535832,12.6305164,3143422.269,7.117720747,8.890400006,8.191707614,9.2384552,2580105.4,2.203313617,2.649488985,2.565831212,2.847476899,38.50411794,2.35681547,2.039005013,2.653952708,2.803511032,26.07884881
1544,V,ANN,2023-05-01,2025-05-01,45,18.72461477,19.98254413,15.44575731,17.77515647,3142902.364,16.66843621,18.43611001,13.65897891,16.32569987,2409739.183,5.017622461,5.463127106,4.181156589,4.90643327,33.52040674,2.553889615,2.276551525,2.227608997,2.109874437,23.62446826
1545,V,ANN,2023-05-01,2025-05-01,46,22.35397073,22.20696766,25.86610268,21.52463866,3217403.039,21.34092702,21.0347926,24.24577164,20.55582784,2321670.3,6.415654009,6.230240171,7.357960325,6.158944974,29.78036723,1.935520815,2.09397736,2.643227599,1.875153655,20.65255399
1546,V,ANN,2023-05-01,2025-05-01,47,10.62723763,7.503862414,13.12910375,12.02440992,3052596.545,7.315759418,5.444310292,8.503275048,8.022309367,2260076.033,2.270723026,1.634105162,2.690316355,2.477269357,30.84447665,2.527746,1.589984309,3.294489213,2.898279338,22.54371232
1547,V,ANN,2023-05-01,2025-05-01,48,10.50450101,9.457348394,13.94837746,12.73754737,3100695.38,8.705648936,7.151184914,9.190933206,8.746154785,2359988.167,2.654096612,2.128971006,2.914828149,2.703487003,31.82512788,1.880172882,1.85456472,3.446721729,2.980683469,21.28953261
1548,V,ANN,2023-05-01,2025-05-01,49,13.14733072,10.5717875,12.72193126,11.05940925,3080862.296,10.07380525,8.437158875,9.33698315,8.461056519,2275158.4,3.078761717,2.522003365,2.916301881,2.593283743,31.06355381,2.705960316,1.93240567,2.847475731,2.250175606,23.85469204
1549,V,ANN,2023-05-01,2025-05-01,50,16.34111685,11.78354174,14.81086865,16.53982867,3386993.584,14.70427252,9.737279227,13.1998076,15.32724508,2353199.783,4.433556809,2.891442851,4.041983283,4.604324564,27.62470395,2.147405965,1.98244397,2.064907849,1.855702913,18.48534312
1550,V,ANN,2024-01-01,2026-01-01,1,7.009179319,6.193544209,6.683000818,7.793896089,3263219.085,5.711501082,4.846005572,5.538333403,6.512785848,2320677.633,1.704916081,1.428967426,1.661156063,1.940432937,50.00078581,1.225867679,1.144438883,1.139900871,1.281530553,65.46957073
1551,V,ANN,2024-01-01,2026-01-01,2,7.057305857,6.943641271,7.50586616,8.266615444,3307704.559,5.408886029,5.387307959,5.769161123,6.485814412,2198312.85,1.606671304,1.593297751,1.729552924,1.929246039,43.4557943,1.334151249,1.288683413,1.429190103,1.507393351,54.69327234
1552,V,ANN,2024-01-01,2026-01-01,3,6.357734224,7.090585828,6.097285617,6.188559864,3279510.65,4.69247178,5.685221755,4.518072504,4.548196411,2124803.033,1.39164635,1.688540841,1.368954182,1.352820892,39.22380699,1.263449704,1.275514872,1.259888438,1.242177202,48.03415718
1553,V,ANN,2024-01-01,2026-01-01,4,6.593031764,6.042874508,6.228872128,7.120949738,3313230.979,5.291376629,4.893809392,5.026063805,5.819476318,2225603.767,1.584644793,1.45283806,1.515166833,1.735659261,45.26674197,1.204552848,1.066082853,1.128201993,1.233572754,58.99251002
1554,V,ANN,2024-01-01,2026-01-01,5,14.03179714,14.80741011,12.10390732,11.20009369,3249823.438,12.49901999,13.39211046,10.64573569,9.56875,2152555.55,3.6631402,3.896830764,3.140279753,2.797711993,44.66904083,1.794242452,1.762555553,1.631528008,1.659201903,60.84600854
1555,V,ANN,2024-01-01,2026-01-01,6,11.2137138,11.76838232,13.34694614,12.34998005,3234972.956,9.919401223,9.822438212,11.53064393,10.18330282,2137227.133,2.913668787,2.852123006,3.396601999,2.977598956,38.69947441,1.492491271,1.83961366,1.919761787,2.010791445,43.71601077
1556,V,ANN,2024-01-01,2026-01-01,7,6.100932306,5.601817284,6.172227458,6.855154681,3237379.202,4.820177237,4.439388182,4.985650751,5.292585246,2073960.167,1.441471418,1.316151392,1.500400179,1.575045919,38.62868872,1.128938422,1.023372332,1.113463245,1.289623099,48.41099053
1557,V,ANN,2024-01-01,2026-01-01,8,11.57484947,6.399815147,12.52927872,8.782510683,3395123.096,10.78629865,4.461502878,11.32515247,6.904429118,2462155.95,3.218911732,1.319911014,3.40422469,2.025194107,54.04278211,1.307673762,1.353884254,1.670660447,1.574908183,69.44986355
1558,V,ANN,2024-01-01,2026-01-01,9,5.392258448,6.573674196,6.518059244,7.448116737,3330665.799,3.627883862,5.059489772,4.900366466,5.976664225,2293602.4,1.082391631,1.486706557,1.455123297,1.771522885,46.91365732,1.183472206,1.23359657,1.266753374,1.301172596,61.54103573
1559,V,ANN,2024-01-01,2026-01-01,10,11.52728009,9.338047306,10.44111609,10.20083802,3348225.355,10.51013283,8.149523844,9.244425625,8.858290609,2351787.7,3.148236792,2.423481047,2.793251193,2.64951431,51.01864127,1.47196875,1.394676518,1.532415387,1.547793618,68.92144807
1560,V,ANN,2024-01-01,2026-01-01,11,7.904967429,9.355234165,13.40825215,9.750236442,3326125.789,6.244775155,7.216652328,11.60852988,7.376669312,2256373.817,1.837957419,2.103919839,3.431090141,2.161217123,40.46277636,1.395057177,1.704087401,1.937007183,1.844099375,47.77746553
1561,V,ANN,2024-01-01,2026-01-01,12,9.533222455,6.948650106,6.485080815,8.643836342,3346015.847,8.182231303,5.76167553,4.935583363,7.05002238,2322445.4,2.461001451,1.709099923,1.498515138,2.119129485,50.54670418,1.528942175,1.167619203,1.297207073,1.538847164,68.44603778
1562,V,ANN,2024-01-01,2026-01-01,13,5.922889825,6.490320498,6.543283406,6.990443022,3305377.738,4.734257205,5.194853918,5.370595143,5.529723104,2219189.067,1.406944536,1.531413415,1.613292374,1.653443105,45.47122887,1.050184094,1.137063071,1.135338535,1.283380914,60.61457041
1563,V,ANN,2024-01-01,2026-01-01,14,6.449225682,5.675918796,7.971702845,6.763087362,3258605.51,5.011624788,4.290106443,6.631163501,5.273340861,2149275.917,1.503400106,1.272392616,1.964504332,1.575861596,44.18423968,1.226146608,1.111359427,1.294784204,1.2688091,63.18322941
1564,V,ANN,2024-01-01,2026-01-01,15,9.331818068,9.87201421,10.36576709,9.269124812,3233605.81,7.653483698,7.78648375,8.613104402,6.998131307,2210159,2.251397675,2.275103711,2.551362741,2.058550729,41.15171634,1.536668566,1.749545135,1.675427169,1.767579172,47.40230978
1565,V,ANN,2024-01-01,2026-01-01,16,6.922659508,7.9586787,9.18551753,9.096038432,3237662.441,5.740466942,6.380006673,7.92465591,7.444893392,2177842.983,1.695762077,1.874392823,2.344560198,2.197255978,45.8193673,1.131302726,1.382541645,1.352771864,1.529400499,62.68499845
1566,V,ANN,2024-01-01,2026-01-01,17,10.25485149,9.347661605,11.26387751,10.56050489,3284205.142,8.593618382,7.334896261,9.365467542,8.441775513,2249509.25,2.525404333,2.140260628,2.783265708,2.476965687,43.85617121,1.618295702,1.678876232,1.837257002,1.838232502,55.19380371
1567,V,ANN,2024-01-01,2026-01-01,18,5.380657323,5.955159829,5.559989682,7.314578943,3280021.004,4.208295652,4.388959494,4.068989438,5.775023397,2229989.683,1.255255336,1.294671712,1.224824303,1.717089301,45.66902934,0.996338473,1.184997987,1.139425901,1.317710505,60.8269389
1568,V,ANN,2024-01-01,2026-01-01,19,6.200785267,6.482062223,5.503825696,7.324579059,3300913.858,4.662872446,4.953705584,4.082138221,5.882167562,2231455.717,1.39405559,1.464324337,1.227263849,1.746626845,45.2901078,1.238501053,1.238166113,1.121428248,1.286544591,58.56579716
1569,V,ANN,2024-01-01,2026-01-01,20,5.256305298,5.926199075,5.795265134,7.385915339,3329077.166,3.806082102,4.442136335,4.196753944,6.042086792,2291453.117,1.135626904,1.317921855,1.263984817,1.809235174,40.79297815,1.082621643,1.166448545,1.213660831,1.303056384,41.63361238
1570,V,ANN,2024-01-01,2026-01-01,21,7.752961168,6.737688562,10.59084203,8.389708741,3319720.58,6.372336017,4.971589385,9.088236501,6.757886759,2220687.183,1.87089703,1.456296436,2.686924823,1.980062635,40.88139329,1.267554495,1.321620348,1.579589579,1.435213535,49.26529689
1571,V,ANN,2024-01-01,2026-01-01,22,7.444555916,7.105743917,6.932510812,7.307256234,3150030.657,5.861542088,5.031972417,5.519451087,5.917607625,2213568.217,1.723401729,1.470678496,1.643275936,1.750806917,43.70626565,1.328002512,1.450355064,1.233923233,1.251422965,49.93950477
1572,V,ANN,2024-01-01,2026-01-01,23,5.711039322,5.715229838,5.444938296,8.717734643,3288063.697,4.495055149,4.349653706,4.228518823,7.38972168,2285937.65,1.353893474,1.292644955,1.271623958,2.220112764,47.74314532,1.077542135,1.106953625,1.036666363,1.425734568,62.29585071
1573,V,ANN,2024-01-01,2026-01-01,24,13.1968392,9.891568396,12.55114065,12.29392722,3246921.072,11.65321718,8.023921982,10.85243145,10.58352254,2211061.533,3.416929518,2.333575516,3.199480752,3.091550085,43.38070951,1.751610929,1.650746534,1.807840143,1.775494346,54.85830648
1574,V,ANN,2024-01-01,2026-01-01,25,6.564320312,6.571756587,7.748921252,7.203696457,3237601.041,5.086182546,5.182816526,6.454745391,5.310988363,2164518.65,1.526755218,1.529648985,1.909102125,1.579610366,42.4093313,1.258625937,1.191255375,1.243044102,1.425471363,53.94612431
1575,V,ANN,2024-01-01,2026-01-01,26,10.5655203,7.612990795,9.728644753,7.625285447,3349011.237,9.11374269,6.056903035,8.307226922,6.115869141,2399312.617,2.682964363,1.771396441,2.456773106,1.800812236,50.86849536,1.545941411,1.333840599,1.464356819,1.324320301,64.44855884
1576,V,ANN,2024-01-01,2026-01-01,27,8.644239561,8.200688893,9.871742535,10.84502567,3182191.527,7.50924033,6.655345937,8.553981537,9.138611857,2119994,2.205774349,1.943392031,2.52766883,2.678824527,39.79627119,1.214652451,1.373791672,1.415927243,1.681211616,48.11335473
1577,V,ANN,2024-01-01,2026-01-01,28,7.157269797,7.11560028,7.185894276,7.623396814,3231821.112,5.482100321,5.649986676,5.937574114,6.333510335,2122975.883,1.626033466,1.666941265,1.782524697,1.870820962,42.93275639,1.353280624,1.281515133,1.22843243,1.241883587,59.8690532
1578,V,ANN,2024-01-01,2026-01-01,29,8.656759632,11.65582896,11.68053886,9.56201556,3332654.634,6.957025903,9.860611661,10.46217164,7.331097412,2207159.317,2.04050631,2.867215987,3.092895372,2.143521269,41.25051795,1.475909876,1.765135212,1.480257814,1.764259925,52.73565209
1579,V,ANN,2024-01-01,2026-01-01,30,7.426560377,8.112447714,8.107248337,8.216800319,3263026.387,6.080112087,6.898662309,6.848146558,7.29132487,2303261.383,1.811751956,2.040438777,2.052411811,2.168624613,47.24751907,1.263958306,1.271850517,1.303207428,1.132354285,58.73293944
1580,V,ANN,2024-01-01,2026-01-01,31,5.525122445,6.794859248,5.976395723,6.497777887,3217859.649,4.096390894,5.011403846,4.341832739,4.802657064,2085147.233,1.218892925,1.473895516,1.303032805,1.430406295,41.46015272,1.102901766,1.341518678,1.243545601,1.307350849,55.65450432
1581,V,ANN,2024-01-01,2026-01-01,32,6.728931988,6.501474737,7.950943304,7.73831198,3367285.688,5.322733256,4.681312729,6.489365693,5.957839966,2409893.9,1.56765703,1.378242197,1.920945197,1.757232699,52.1912708,1.191035398,1.319917869,1.334986955,1.441030559,68.43264047
1582,V,ANN,2024-01-01,2026-01-01,33,19.24102695,15.63883272,22.66329571,19.4079285,3315831.034,18.49138988,14.57680801,21.8992886,18.27112122,2273047.8,5.512131508,4.324838781,6.570646178,5.454168732,43.78058734,1.635907104,1.764304968,1.833154287,2.048799537,54.1034154
1583,V,ANN,2024-01-01,2026-01-01,34,4.922628729,6.176283931,6.171249902,6.842637847,3303609.821,3.463100851,4.595197844,4.53273646,5.078675334,2215055.967,1.02922482,1.350079108,1.348323973,1.499398591,43.79201051,1.03798422,1.211315103,1.238924917,1.344093313,56.82519281
1584,V,ANN,2024-01-01,2026-01-01,35,6.746051226,7.19756003,6.104361725,7.399918494,3306647.649,5.214106117,5.492171265,5.098901587,6.071611532,2176770.5,1.546398577,1.612446264,1.529566386,1.807452254,42.49929229,1.259853525,1.360244582,1.027209623,1.268951406,54.99460689
1585,V,ANN,2024-01-01,2026-01-01,36,6.236202154,6.218858961,8.231266367,7.94809316,3294680.468,4.580336634,4.812172899,6.684847832,6.09349467,2215775.967,1.353316201,1.42217895,1.97923957,1.793571355,43.94316811,1.232677481,1.153808023,1.395573972,1.491040708,57.19794646
1586,V,ANN,2024-01-01,2026-01-01,37,5.761131444,6.353879975,7.439274455,6.837457808,3288799.975,4.114713662,4.702688946,5.701796048,5.291992188,2254074.817,1.230346507,1.397134138,1.726619284,1.589688355,48.08204654,1.207751568,1.280791661,1.484697162,1.315667558,64.02486697
1587,V,ANN,2024-01-01,2026-01-01,38,6.341239021,6.904633395,5.693522063,7.37320672,3286501.941,4.939244047,5.388486123,4.363016051,5.851175944,2237249.4,1.485237605,1.608759511,1.308678526,1.742187105,41.66283529,1.227733888,1.308511049,1.097202618,1.331194286,50.1769989
1588,V,ANN,2024-01-01,2026-01-01,39,6.859506528,6.93381279,10.05193581,9.494687811,3284369.22,5.452572395,5.372585342,8.047444301,7.534429932,2209291.383,1.609691518,1.583090013,2.385786324,2.219328865,42.9829949,1.207563016,1.284193633,1.767242552,1.686499139,53.06339862
1589,V,ANN,2024-01-01,2026-01-01,40,6.640461034,7.172941823,7.123546746,7.416117179,3240200.104,5.208754014,5.935769831,5.708853251,6.10614624,2118815.167,1.545862569,1.750052381,1.703747022,1.816937277,42.861853,1.213071656,1.184760136,1.257359515,1.248693507,57.77695668
1590,V,ANN,2024-01-01,2026-01-01,41,8.838013656,5.964206397,6.046253856,10.19833446,3237575.281,7.256821536,4.634584703,4.929177354,8.236315918,2166232.8,2.137366983,1.368824415,1.470113069,2.419490508,42.74311778,1.447833782,1.102520913,1.039968103,1.74560591,55.33332252
1591,V,ANN,2024-01-01,2026-01-01,42,7.722013388,6.905999854,7.458357323,7.240484471,3455770.513,6.291129955,5.626442079,5.868059387,5.4353007,2644807.183,1.886076713,1.668777694,1.777500926,1.617641144,58.61510972,1.374198222,1.202065829,1.424252327,1.40831415,73.81078884
1592,V,ANN,2024-01-01,2026-01-01,43,6.280407624,6.735393526,7.270167106,7.981587287,3298102.953,4.546350072,4.767941618,5.410382234,6.205823771,2259660.467,1.340471142,1.398921475,1.606525693,1.82776138,47.91213364,1.255438177,1.388296582,1.410072722,1.456860781,64.31778367
1593,V,ANN,2024-01-01,2026-01-01,44,6.131503128,7.529896602,11.08152636,8.322875316,3347770.639,4.798943074,5.908507756,9.543070835,5.875768026,2185458.483,1.426545723,1.729900671,2.832929181,1.725268477,35.73081914,1.11966611,1.354688705,1.642976008,1.705186086,36.72886012
1594,V,ANN,2024-01-01,2026-01-01,45,6.139172932,7.430709025,6.066639152,6.317067993,3343250.001,5.017400955,5.637032972,4.890419893,5.040674845,2265725.333,1.499654483,1.693930808,1.473958799,1.515705838,47.84487765,1.070009093,1.492400905,1.106574891,1.176982519,64.81661804
1595,V,ANN,2024-01-01,2026-01-01,46,9.115086798,11.3374016,6.658541508,7.346006644,3338925.515,7.797855966,10.0577776,5.093334301,5.735665894,2284310.3,2.293180947,2.938707101,1.521066694,1.693584642,43.45105258,1.357986365,1.497970246,1.272864037,1.342300371,52.24768144
1596,V,ANN,2024-01-01,2026-01-01,47,4.75226533,5.596249328,5.237943008,5.704059214,3272941.981,3.594321499,4.218269643,4.259399297,4.223371379,2126617.15,1.063815535,1.237003446,1.26826911,1.244814358,42.19361646,0.899464979,1.06964088,0.892467091,1.116798848,55.89543309
1597,V,ANN,2024-01-01,2026-01-01,48,10.73924682,14.27080389,16.49707436,9.302022785,3313238.502,8.776729954,12.83162908,15.34177688,7.295039876,2209208.4,2.585375711,3.752548663,4.561492425,2.147934255,41.83676947,1.799728898,1.783372157,1.754089639,1.677375282,53.03628151
1598,V,ANN,2024-01-01,2026-01-01,49,6.381848239,6.183728553,5.732414372,9.310912292,3314260.204,4.802403364,4.846250901,4.442829441,8.03409729,2351515.583,1.445112867,1.440421527,1.33813689,2.405376903,50.17978042,1.287392489,1.160234187,1.113971485,1.456309116,61.89334279
1599,V,ANN,2024-01-01,2026-01-01,50,13.59009918,10.31616693,8.521867853,9.58588936,3269240.011,11.62446555,8.065782053,6.771342719,7.191046143,2254789.7,3.408389521,2.34561803,2.00655474,2.106857406,47.48631028,2.005383039,1.842288076,1.507095095,1.83183012,61.45152035
1600,L_TO,ANN,2022-01-01,2024-01-01,1,1.054262688,0.835739969,0.888262476,1.114016291,1825487.302,0.755550176,0.701806109,0.716433969,0.887677701,1072733.075,2.556788077,2.324481883,2.420415403,2.999579697,63.87716065,2.521520203,1.480569729,1.763848646,2.316580377,80.13767382
1601,L_TO,ANN,2022-01-01,2024-01-01,2,0.957666516,0.786869588,0.952616323,0.948545239,2065180.28,0.763224945,0.673887395,0.875298196,0.848153051,1263517.163,2.565026088,2.231155399,2.961494437,2.846235938,62.78156665,1.960170994,1.32221581,1.256959998,1.427192937,64.41535303
1602,L_TO,ANN,2022-01-01,2024-01-01,3,2.074983993,0.841098499,1.501845777,1.093657162,2053523.734,1.654382461,0.68364843,1.306311149,0.839770317,1279992.058,5.598497344,2.271743497,4.392855797,2.843956924,81.16461886,4.296833018,1.638179928,2.457355376,2.417825389,111.6270798
1603,L_TO,ANN,2022-01-01,2024-01-01,4,0.985321718,0.800730498,1.163030925,1.001422815,1867821.169,0.785389482,0.695664922,1.034779186,0.894307327,1031317.792,2.64350336,2.305159365,3.480094031,2.982596413,54.89249949,2.022825068,1.297710574,1.739369381,1.47484282,63.89111561
1604,L_TO,ANN,2022-01-01,2024-01-01,5,1.044681458,0.747377269,0.903650993,0.842179401,1899716.933,0.788000494,0.641569898,0.805142988,0.744682376,1090084.8,2.659105121,2.129647584,2.712342248,2.499276044,66.58565213,2.355587419,1.267229449,1.355612133,1.327729375,93.52785375
1605,L_TO,ANN,2022-01-01,2024-01-01,6,1.010496995,0.866796683,1.015308093,1.242134207,1901086.276,0.768388772,0.7138121,0.838121442,1.049893888,1109048.35,2.583713011,2.363263917,2.816993847,3.502569831,60.63395257,2.230636459,1.621516915,1.893527213,2.191839034,73.25524745
1606,L_TO,ANN,2022-01-01,2024-01-01,7,1.094043906,0.680570566,0.727544173,0.778928093,1967954.294,0.932602628,0.547363941,0.583294757,0.653421084,1140433.733,3.12493343,1.805460054,1.982506368,2.187371742,63.32969889,1.917315859,1.312895294,1.503701037,1.418475328,78.19793088
1607,L_TO,ANN,2022-01-01,2024-01-01,8,0.899523547,0.723146779,0.786677378,0.80590475,1991763.059,0.64167476,0.612853976,0.676817805,0.70288372,1165766.192,2.16315353,2.029482757,2.287536888,2.368941627,65.40034377,2.15465791,1.264603888,1.343921037,1.350558588,85.74367764
1608,L_TO,ANN,2022-01-01,2024-01-01,9,1.089257377,0.81611785,0.834279132,1.172654093,2069463.562,0.90063666,0.671600104,0.688850672,0.905114301,1290493.113,3.003900252,2.239462013,2.332626848,3.066960009,54.56424473,2.025960377,1.555936411,1.601175464,2.562955322,38.66177054
1609,L_TO,ANN,2022-01-01,2024-01-01,10,1.280587881,0.915548792,1.047521098,1.133437419,1902400.939,0.883195933,0.72136196,0.82413584,0.907596016,1086998.658,2.977143334,2.387759558,2.781455835,3.032191258,58.20282715,3.164710734,1.837348594,2.16897682,2.242610183,73.86713862
1610,L_TO,ANN,2022-01-01,2024-01-01,11,1.243543507,0.905981723,1.048307718,1.007532157,1857539.773,0.887385128,0.714380523,0.884839093,0.853097916,1071012.208,2.999097857,2.382225884,3.006388424,2.865831302,57.96860656,2.988791089,1.872152577,1.929552044,1.809406958,69.40634209
1611,L_TO,ANN,2022-01-01,2024-01-01,12,1.151973396,0.78494438,0.87232995,0.937769951,1967778.047,0.829287197,0.680959661,0.738259704,0.81881415,1113935.475,2.810623017,2.274947905,2.507817079,2.765538926,60.4291527,2.755497338,1.318251248,1.595612838,1.569930317,76.16255455
1612,L_TO,ANN,2022-01-01,2024-01-01,13,1.160722448,0.945473589,1.05503814,1.239493102,2035947.843,0.980314976,0.820731153,0.818905062,1.061660639,1161632.754,3.289165425,2.732457543,2.781408823,3.573748662,57.61636417,2.082250241,1.569287907,2.283182696,2.182879624,66.37199507
1613,L_TO,ANN,2022-01-01,2024-01-01,14,1.145745738,0.849088751,0.91818801,0.893030722,1934653.152,0.80922465,0.65037551,0.730535682,0.735126877,1083491.996,2.729604979,2.164052227,2.490374592,2.466068055,60.39618338,2.756953202,1.821411988,1.913948584,1.696060395,86.0872306
1614,L_TO,ANN,2022-01-01,2024-01-01,15,1.552119744,0.800118323,1.012672032,1.108016263,2059486.762,1.197050941,0.69331844,0.858632542,0.918311056,1193400.652,4.047668262,2.315925141,2.910195716,3.087472067,55.45654839,3.363116396,1.343989933,1.835007754,2.106357755,57.88697457
1615,L_TO,ANN,2022-01-01,2024-01-01,16,0.855703982,0.920394182,1.094992886,1.066791222,1999213.461,0.662871661,0.740249668,0.930929689,0.914881833,1221527.79,2.225055727,2.445112682,3.138126986,3.051220457,66.25646354,1.832422849,1.794793611,1.928633286,1.818096592,78.59268682
1616,L_TO,ANN,2022-01-01,2024-01-01,17,0.932968284,0.706112318,1.011498548,0.964701687,1932189.185,0.741130867,0.593844962,0.876173669,0.845920181,1088384.063,2.505443683,1.970004713,2.949740729,2.83535114,57.24954717,1.949189404,1.264005092,1.675349089,1.54277621,70.36626761
1617,L_TO,ANN,2022-01-01,2024-01-01,18,1.324619053,0.910746186,0.978630366,1.249250656,1935101.885,1.12121923,0.743675568,0.843151479,1.023548126,1156104.071,3.740539107,2.453293466,2.846566029,3.414052479,67.21568486,2.325345905,1.717215063,1.662607403,2.374599333,87.36872107
1618,L_TO,ANN,2022-01-01,2024-01-01,19,0.933597481,0.804091339,0.862765889,1.04824239,2004195.394,0.658163347,0.655258173,0.691809868,0.882103856,1196799.821,2.220990606,2.188842211,2.364106956,2.979092689,70.69814703,2.265620162,1.565880535,1.788578785,1.943719496,88.07054893
1619,L_TO,ANN,2022-01-01,2024-01-01,20,1.256843306,0.951450268,1.120046842,1.131703336,2050643.599,0.986651608,0.784684216,0.905726035,0.941863632,1232586.296,3.322613905,2.603158641,3.064859867,3.157618324,67.88205761,2.669676574,1.77910597,2.226035118,2.10910899,79.84750493
1620,L_TO,ANN,2022-01-01,2024-01-01,21,1.085215179,0.821721562,0.967019959,0.947883856,1915235.455,0.883283215,0.660771606,0.785640641,0.756471507,1131782.877,2.966860918,2.203410419,2.676277173,2.545766266,57.9958482,2.132713952,1.637059284,1.943721674,1.937163709,64.78059952
1621,L_TO,ANN,2022-01-01,2024-01-01,22,1.188772602,0.846868528,0.890462538,1.050856155,1963293.232,0.947527467,0.736521508,0.739131666,0.926949374,1138066.74,3.180065222,2.448994453,2.517662852,3.110744317,57.1672131,2.420555938,1.381253441,1.711694419,1.666304504,69.6098047
1622,L_TO,ANN,2022-01-01,2024-01-01,23,0.667092742,0.748109307,0.65310756,0.938791647,1854109.365,0.52857449,0.622921159,0.554759068,0.785354932,1008033.613,1.768872558,2.060253703,1.880866687,2.630086471,58.96167072,1.360597298,1.360999667,1.171652826,1.713492855,83.53156735
1623,L_TO,ANN,2022-01-01,2024-01-01,24,0.911297017,0.726283606,0.870431139,0.819171253,1839993.841,0.799884168,0.622173291,0.704393584,0.690181478,1054313.738,2.704180843,2.069811595,2.402450306,2.313659447,56.70269075,1.514142888,1.251387559,1.771086016,1.471166541,65.52442285
1624,L_TO,ANN,2022-01-01,2024-01-01,25,0.942063011,0.760910008,0.954323595,0.885919095,1960403.475,0.671904552,0.630254529,0.797660463,0.718450356,1082658.671,2.267715344,2.09442397,2.689416488,2.425610488,59.14116925,2.258482352,1.411829646,1.750107504,1.768737854,73.82045838
1625,L_TO,ANN,2022-01-01,2024-01-01,26,1.490722218,0.807835509,0.990492924,1.02692434,1895124.143,1.001260046,0.650460455,0.874037184,0.875661151,1143812.025,3.385049492,2.177835202,2.974907411,2.954884324,60.168929,3.773377808,1.623647373,1.613289947,1.848088979,67.37784426
1626,L_TO,ANN,2022-01-01,2024-01-01,27,0.973154562,1.073730883,0.984353558,1.066068561,1872932.391,0.802282498,0.91922661,0.829475874,0.905006599,1071317.888,2.677202037,3.033600821,2.783431121,3.012067933,60.09432983,1.820739112,1.801336806,1.742351415,1.845862593,78.52695535
1627,L_TO,ANN,2022-01-01,2024-01-01,28,0.899482733,0.956129117,0.923577067,0.996152508,1988045.97,0.715790335,0.827807351,0.789955198,0.80850633,1204503.304,2.407600121,2.74585787,2.672482723,2.724271473,71.44527942,1.857122094,1.574111556,1.62130207,1.990755459,87.47578154
1628,L_TO,ANN,2022-01-01,2024-01-01,29,0.926892093,0.765938979,0.856881029,1.035243069,1877203.311,0.796855779,0.684921418,0.760052041,0.906655248,1080501.538,2.677190538,2.274131881,2.567803938,3.032969267,61.22165749,1.611573017,1.118192724,1.324698267,1.651854332,74.66407395
1629,L_TO,ANN,2022-01-01,2024-01-01,30,1.068545224,0.954434956,1.030425706,1.187982009,1904876.419,0.849063956,0.806466983,0.895912329,1.053645007,1076766.954,2.850516082,2.665220273,3.022873933,3.516452795,61.43336859,2.208548351,1.664396584,1.689738125,1.801057454,84.05205534
1630,L_TO,ANN,2022-01-01,2024-01-01,31,1.285334602,0.819769195,0.8024032,0.919582596,1936021.595,0.869345002,0.695241604,0.717023605,0.813981756,1098300.4,2.947358282,2.31624151,2.431065417,2.729210327,64.4918207,3.250840937,1.459571227,1.22996628,1.437675933,87.7734035
1631,L_TO,ANN,2022-01-01,2024-01-01,32,1.565607882,0.655385035,0.808473812,0.979223491,1836704.242,1.213637952,0.562957819,0.682099164,0.788889122,1075061.208,4.114410688,1.874343347,2.313718165,2.670947569,65.64511071,3.385792181,1.113991924,1.47582291,2.013022698,90.72832529
1632,L_TO,ANN,2022-01-01,2024-01-01,33,1.139748391,0.974188451,0.796207437,0.995114141,2021744.748,0.91812154,0.857839247,0.63798106,0.884731929,1157809.821,3.084653102,2.834393638,2.16892252,2.952091004,57.24667575,2.300293039,1.491700048,1.6412057,1.493286788,63.10176978
1633,L_TO,ANN,2022-01-01,2024-01-01,34,1.073369446,0.816297353,1.137764828,0.991885816,1913264.145,0.872087072,0.642499225,0.932539443,0.831208038,1102865.396,2.93592155,2.125050545,3.172334483,2.783866939,71.71359468,2.137620066,1.654118524,2.242938931,1.819215191,113.6884552
1634,L_TO,ANN,2022-01-01,2024-01-01,35,0.855632426,0.585683137,0.89836975,0.943082974,1847089.785,0.631137785,0.472602786,0.75876505,0.804685338,1069420.008,2.112012125,1.559257687,2.572805237,2.692826859,65.09286542,1.922005174,1.129973086,1.636697808,1.642730125,95.82464599
1635,L_TO,ANN,2022-01-01,2024-01-01,36,1.137329061,0.899896589,0.970446081,1.177458421,2012428.913,0.910969107,0.715576945,0.843544722,0.975001208,1252946.156,3.032228219,2.369227856,2.860445489,3.256689268,69.0377767,2.235621904,1.792295409,1.62901505,2.189440308,78.62986097
1636,L_TO,ANN,2022-01-01,2024-01-01,37,0.926631668,0.723723851,0.714351679,0.806019793,1872995.629,0.744508934,0.609298576,0.606467272,0.665870158,1104272.777,2.502596112,2.021473199,2.049176409,2.215160117,57.92361846,1.880142864,1.291328608,1.263909125,1.492658385,68.15600139
1637,L_TO,ANN,2022-01-01,2024-01-01,38,1.277852407,0.689616959,0.844465989,0.969402244,1875386.557,1.033075304,0.541939839,0.654094947,0.766120911,1113490.829,3.487187125,1.800053997,2.232301615,2.577236709,63.13972988,2.570364204,1.416600219,1.848428727,2.028561367,77.03721436
1638,L_TO,ANN,2022-01-01,2024-01-01,39,1.675166351,1.034572427,1.023349903,1.181528046,1846431.966,1.128464324,0.829292942,0.879362463,0.962483533,1061024.706,3.804401529,2.764927561,3.001340156,3.249657925,56.14461379,4.230783585,2.071874327,1.812983011,2.343452952,75.99243394
1639,L_TO,ANN,2022-01-01,2024-01-01,40,1.288859594,0.742401731,0.799523533,1.043343768,1884404.075,1.006968521,0.619446268,0.581361007,0.911683909,1108752.988,3.392597837,2.060502573,1.991251522,3.049677823,60.43131677,2.753360849,1.364476452,1.907106294,1.686540982,76.70503393
1640,L_TO,ANN,2022-01-01,2024-01-01,41,1.86718359,0.857034845,1.02454761,1.243578787,2008555.666,1.336173952,0.697498887,0.812889575,0.998393567,1183545.658,4.531413767,2.332449869,2.781405117,3.37566708,61.07516331,4.478249037,1.681501313,2.163974613,2.552135661,69.29684043
1641,L_TO,ANN,2022-01-01,2024-01-01,42,0.940772583,0.766570148,0.977356617,0.947152301,1971006.042,0.761540371,0.633215133,0.758850524,0.801271693,1164151.777,2.549815633,2.101294037,2.57107586,2.695876725,59.90817229,1.849224376,1.43035738,2.092653306,1.719001465,69.9661299
1642,L_TO,ANN,2022-01-01,2024-01-01,43,0.794596979,0.602854718,0.773464162,0.739068613,2016812.308,0.566350991,0.482804078,0.547880564,0.613594309,1218317.438,1.901237583,1.613803256,1.869476198,2.061752439,65.39192075,1.898286766,1.214275715,1.895089566,1.397500391,84.24258137
1643,L_TO,ANN,2022-01-01,2024-01-01,44,0.986813485,0.694207467,0.859257266,1.061716875,1941028.909,0.782450353,0.500899367,0.705686707,0.769129435,1120519.733,2.627825286,1.673722468,2.401347271,2.617328103,56.68614772,2.048102493,1.620157763,1.698805618,2.531661246,72.28150358
1644,L_TO,ANN,2022-01-01,2024-01-01,45,0.896028755,0.733498575,0.767099513,0.944690595,1865391.974,0.664293941,0.641631448,0.629077948,0.780668068,1072526.371,2.240424564,2.141782321,2.14450679,2.642652699,57.14896579,2.053008267,1.195470694,1.523444721,1.835834726,69.93206769
1645,L_TO,ANN,2022-01-01,2024-01-01,46,0.83729115,0.785454344,0.829504914,0.906509582,1865110.476,0.585733081,0.655770496,0.672531396,0.748694102,1054566.738,1.965209925,2.162586476,2.250617929,2.485971942,65.72750766,2.036781085,1.389515929,1.583979105,1.668265238,93.81898971
1646,L_TO,ANN,2022-01-01,2024-01-01,47,1.102315252,0.780833102,0.663551674,0.866581532,1913654.307,0.766944981,0.624980538,0.540443935,0.712125969,1143313.154,2.594947535,2.090880783,1.844603059,2.400162603,69.83931708,2.723045336,1.580959087,1.334309029,1.678349004,99.90225916
1647,L_TO,ANN,2022-01-01,2024-01-01,48,0.988979244,0.826061724,1.010333858,1.094082402,1936239.187,0.735085996,0.632253533,0.810825112,0.882778486,1137426.433,2.479956916,2.109732225,2.751661903,2.957497785,63.59335675,2.24716201,1.768743579,2.045220852,2.156263414,82.04488927
1648,L_TO,ANN,2022-01-01,2024-01-01,49,1.78316325,0.885742583,0.87661192,0.860116322,1960068.805,1.612806808,0.716261128,0.742485176,0.669149335,1101789.271,5.399942682,2.373256375,2.50403067,2.253512185,69.70367118,2.504344361,1.697064242,1.52295413,1.82114936,106.693636
1649,L_TO,ANN,2022-01-01,2024-01-01,50,1.037086218,0.949341819,1.413035682,1.285591853,1823984.546,0.792655466,0.758798654,1.227636883,1.068488884,1024105.288,2.664753668,2.521354696,4.152018636,3.581573559,57.83171133,2.257076327,1.877839247,2.32856278,2.362312643,75.60071494
1650,L_TO,ANN,2022-09-01,2024-09-01,1,1.360719052,1.9831496,1.922882668,1.212086942,645103.6308,1.163298582,1.744101712,1.705094345,1.046365992,597528.8292,2.815647836,4.183507333,4.152553359,2.49869173,68.00985681,1.737289611,2.296776412,2.202047019,1.440874061,41.02609993
1651,L_TO,ANN,2022-09-01,2024-09-01,2,1.236719289,1.201111731,0.868730703,1.184568285,694241.5658,1.069370495,1.024955429,0.665785937,0.915448761,656958.6458,2.553198052,2.428193654,1.611122567,2.185444917,75.14767652,1.464267484,1.466991232,1.34649051,1.775258376,41.14971033
1652,L_TO,ANN,2022-09-01,2024-09-01,3,1.745644951,1.396903482,1.559046895,1.347231474,744902.6784,1.614360186,1.241920158,1.418732936,1.129470317,704479.2333,3.867831239,2.949385384,3.412710448,2.695747181,81.45147729,1.559972323,1.506903273,1.526378977,1.735477925,46.3936777
1653,L_TO,ANN,2022-09-01,2024-09-01,4,1.301333085,0.767000326,0.914203025,0.665581478,718309.8961,1.026623625,0.654342134,0.737163998,0.533782323,676129.2875,2.49406085,1.56156571,1.783266323,1.287562023,78.50108928,1.978237303,0.959566223,1.309937504,0.983397644,44.91773848
1654,L_TO,ANN,2022-09-01,2024-09-01,5,0.846033007,0.789245943,0.917378638,0.837231239,686392.1316,0.662725042,0.63632061,0.723070758,0.559999466,645175.15,1.598796844,1.517128185,1.743798352,1.344662658,74.77042529,1.271148451,1.106724015,1.354724468,1.488510381,43.81985313
1655,L_TO,ANN,2022-09-01,2024-09-01,6,1.843767029,1.280579798,1.018586145,1.146779989,785452.9612,1.643040156,1.138267272,0.866162526,0.92630984,740082.8,3.922322634,2.699721742,2.081906636,2.22608358,86.07839896,1.970728578,1.377001827,1.272721606,1.621637253,49.1099716
1656,L_TO,ANN,2022-09-01,2024-09-01,7,1.468155813,0.898242659,0.955191866,1.293444724,520927.6588,1.312273247,0.726876733,0.798704332,1.012591553,461786.675,3.133502877,1.727893323,1.924064942,2.409848825,51.08171639,1.542658941,1.248823335,1.244193437,1.887405422,31.87232506
1657,L_TO,ANN,2022-09-01,2024-09-01,8,0.940777006,1.258137796,0.808298059,0.674824256,792495.8152,0.775284604,1.084075135,0.702417495,0.550862249,755473.3667,1.852303082,2.561183537,1.694094144,1.316551359,86.94890939,1.256752933,1.482517951,0.954588068,0.928044368,47.30625899
1658,L_TO,ANN,2022-09-01,2024-09-01,9,0.725431894,1.908139714,1.605424917,1.199369583,697747.8921,0.620030049,1.44104724,1.309253826,0.936207962,655763.3167,1.490856727,3.402284761,3.142008411,2.236012918,76.00077681,0.906028372,2.924088244,2.208044611,1.792318092,44.79447893
1659,L_TO,ANN,2022-09-01,2024-09-01,10,1.997254399,1.475493904,0.977890122,1.024283483,607345.886,1.792555477,1.27940179,0.822935755,0.814024862,558972.0875,4.30061117,3.032083545,1.980039902,1.947032749,63.82356885,2.096388049,1.722493389,1.254716649,1.476224383,38.9296828
1660,L_TO,ANN,2022-09-01,2024-09-01,11,1.020396904,1.547438829,2.170716676,1.877526614,671877.3742,0.765972561,1.229722542,1.995663327,1.733393224,629471.3958,1.839655445,2.902992113,4.800912392,4.138871018,72.82226864,1.602572345,2.190636964,1.995567629,1.68083895,43.52002235
1661,L_TO,ANN,2022-09-01,2024-09-01,12,2.517263584,2.845069557,1.473098455,2.79791181,700162.3443,2.37311339,2.696764315,1.254466354,2.591704305,661687.4208,5.6816505,6.4038745,3.008912806,6.189144703,76.46951416,1.946178225,2.092682521,1.820173022,2.46082972,43.84356892
1662,L_TO,ANN,2022-09-01,2024-09-01,13,0.991987103,1.109195007,0.940481607,0.824887613,881283.7443,0.798691697,0.950459144,0.782600378,0.685501989,829594.5292,1.925789828,2.254227558,1.89267008,1.649176134,97.01622865,1.422907855,1.34508815,1.255796785,1.118516547,54.80926885
1663,L_TO,ANN,2022-09-01,2024-09-01,14,1.333843218,0.875715243,1.077549751,1.125268313,813433.3948,1.144523864,0.742897666,0.933932242,0.941009776,776743.5292,2.764353557,1.762139069,2.245055573,2.275972784,88.78049002,1.675774997,1.090060239,1.277585949,1.522128987,45.97961955
1664,L_TO,ANN,2022-09-01,2024-09-01,15,1.480725557,1.773761938,1.575080063,2.125972598,581302.6871,1.299012885,1.549020358,1.308755633,1.706267293,531472.9083,3.113431335,3.674390738,3.142970335,4.063848126,59.55010144,1.68245867,2.018643504,2.081591511,2.996665404,35.08947195
1665,L_TO,ANN,2022-09-01,2024-09-01,16,1.287849363,0.997329424,1.289954841,1.079099434,708515.0024,1.097328115,0.800840983,1.129801431,0.851331584,666218.7667,2.651525252,1.915200642,2.741513471,2.058442761,76.69929215,1.660117663,1.420005626,1.543310368,1.628565883,44.64604535
1666,L_TO,ANN,2022-09-01,2024-09-01,17,0.669443891,1.086588023,1.808251473,1.176656982,630109.8054,0.561530271,0.920687415,1.607105251,0.992532094,587749.3833,1.346366964,2.17759502,3.851822795,2.362009415,67.18146928,0.865141246,1.337873642,1.942665398,1.471074946,40.18662657
1667,L_TO,ANN,2022-09-01,2024-09-01,18,2.146555254,3.059745442,1.977567004,1.328868173,584695.9593,1.992877972,2.903866264,1.826841483,1.092029826,532559.4708,4.771600388,6.888454086,4.389344191,2.599667436,59.86902932,1.862709787,2.19552528,1.763953179,1.773849412,36.21301447
1668,L_TO,ANN,2022-09-01,2024-09-01,19,1.312265871,1.446530336,1.753240493,2.606549906,777194.7304,1.071539956,1.199693652,1.524480158,2.396166102,735211.1125,2.566309022,2.848801104,3.666521744,5.72629144,84.7147027,1.803440256,1.916066663,2.073973743,2.413734087,48.02646852
1669,L_TO,ANN,2022-09-01,2024-09-01,20,1.110420524,1.124588119,1.300144875,1.19949461,687180.7708,0.953310218,1.00046782,1.143200678,0.949880727,647787.925,2.280093842,2.370378276,2.741260889,2.263228429,73.82503917,1.33419059,1.193544116,1.45301376,1.719616238,41.7323137
1670,L_TO,ANN,2022-09-01,2024-09-01,21,1.239486706,1.218059367,2.235601332,1.534539549,736507.0466,1.034268837,0.878373547,2.033904141,1.214407984,695779.3708,2.505918967,2.071789339,4.883085944,2.883511633,80.64428462,1.682529048,1.97151764,2.168976664,2.200916099,46.26972117
1671,L_TO,ANN,2022-09-01,2024-09-01,22,1.047403944,1.066212319,1.367949157,0.864239696,505982.7634,0.847131415,0.826009544,1.130395587,0.714573288,440519.4208,2.051720947,1.956473857,2.720279053,1.719778619,47.56483478,1.520689901,1.580178904,1.833211284,1.177070385,29.85273877
1672,L_TO,ANN,2022-09-01,2024-09-01,23,1.007605686,0.636878154,1.292977458,1.211323621,604653.5435,0.868663327,0.504803136,1.093352507,0.989558538,562226.5208,2.099057072,1.205564359,2.658236721,2.378791332,64.16686811,1.250461916,0.941270123,1.706143613,1.694613277,37.77596035
1673,L_TO,ANN,2022-09-01,2024-09-01,24,2.442232806,3.357992224,2.528241578,2.399897632,537726.3832,2.383632418,3.287208625,2.457362749,2.33594195,464373.0875,5.727468876,7.816088054,5.92525686,5.598116498,51.08918721,1.255696562,1.559048681,1.37613756,1.301287879,33.93136933
1674,L_TO,ANN,2022-09-01,2024-09-01,25,1.662880376,0.868780224,0.911214701,1.923780258,621962.8985,1.532853814,0.709071036,0.817420385,1.790639242,585491.2875,3.704169502,1.700303078,1.971667935,4.311494597,66.09837244,1.60683212,1.221009825,0.960015921,1.747027467,36.72946829
1675,L_TO,ANN,2022-09-01,2024-09-01,26,1.97515972,1.072252298,1.743931674,1.11442948,716561.0202,1.743866724,0.843040014,1.551152673,0.908450953,679723.2167,4.222274027,2.028316913,3.771029594,2.196515417,77.83089176,2.288792299,1.61806411,1.985635035,1.592580827,43.06691012
1676,L_TO,ANN,2022-09-01,2024-09-01,27,1.249862469,1.026475821,0.934925605,1.320061636,803752.0709,1.101747565,0.896263117,0.779128506,1.200973002,762050.2375,2.667091182,2.143778527,1.895229351,2.888444372,88.38523568,1.460347386,1.203608266,1.278226243,1.327259131,48.16059138
1677,L_TO,ANN,2022-09-01,2024-09-01,28,2.788678609,1.602613244,1.417989117,1.48811665,790441.1247,2.683011488,1.48341832,1.193081918,1.298468018,743733.8708,6.474571589,3.550399983,2.908417637,3.130881634,86.96307283,1.907060373,1.48831823,1.913210198,1.791115082,50.76827149
1678,L_TO,ANN,2022-09-01,2024-09-01,29,1.059694648,2.834219458,2.517347184,0.983888225,597432.5096,0.902391582,2.569798601,2.384468335,0.842024485,557008.3167,2.184655618,6.087235918,5.734802136,2.013504433,63.70335312,1.374971298,2.768810799,1.875990907,1.204888387,37.06419839
1679,L_TO,ANN,2022-09-01,2024-09-01,30,1.509652493,0.654786971,0.755034534,1.461635911,772416.2203,1.329339842,0.549616098,0.552041487,1.321015803,736545.3167,3.214623846,1.31877115,1.347700504,3.181221978,84.734284,1.766195397,0.86957364,1.279590422,1.527321928,45.95398618
1680,L_TO,ANN,2022-09-01,2024-09-01,31,0.806674096,0.789512437,1.295618218,0.913054498,747468.9122,0.617665316,0.627987544,1.099111435,0.844311015,702858.1708,1.481808709,1.488578196,2.672507293,2.028799885,81.85443326,1.237598326,1.116523232,1.688780435,0.844578345,48.16255749
1681,L_TO,ANN,2022-09-01,2024-09-01,32,0.781815003,0.711431294,0.956413601,0.753576586,702065.4269,0.642630043,0.586129537,0.753582547,0.637226105,661299.2375,1.544892336,1.402981603,1.839511548,1.532811339,76.64538384,1.061761231,0.984230811,1.470625931,0.972338741,44.64308681
1682,L_TO,ANN,2022-09-01,2024-09-01,33,1.282518963,2.319106673,1.496868613,1.762917154,700676.6703,1.107895347,2.178972948,1.340483804,1.557557297,661000.3458,2.650229025,5.172612194,3.220602829,3.713998766,75.87177411,1.520779306,1.831170889,1.566912201,1.936928536,43.98597034
1683,L_TO,ANN,2022-09-01,2024-09-01,34,0.802582637,0.804708262,0.925192524,0.92817739,665800.0253,0.654255526,0.651033484,0.782295832,0.72161204,624492.0875,1.57082842,1.55748096,1.900586323,1.724550331,72.37208936,1.108847844,1.14324313,1.222475729,1.38253115,42.2049371
1684,L_TO,ANN,2022-09-01,2024-09-01,35,0.719358299,1.324677159,0.823501211,1.084084636,681917.4163,0.581549269,1.114992226,0.664724968,0.904867172,643808.2333,1.400145276,2.634644429,1.614607903,2.168886501,73.77030612,1.024796724,1.668529795,1.188225361,1.42228751,41.89269989
1685,L_TO,ANN,2022-09-01,2024-09-01,36,0.743045942,1.281758814,1.032893666,1.062699915,602380.945,0.609390312,1.058466269,0.862185499,0.854188538,555135.025,1.461445389,2.503317168,2.076447693,2.037942643,63.33865874,1.015377257,1.682983318,1.366504746,1.494918785,38.39906186
1686,L_TO,ANN,2022-09-01,2024-09-01,37,3.140674143,4.895000792,5.080195265,4.16388263,1043000.761,3.033726005,4.86937962,5.043954851,4.115246328,978486.275,7.27865303,11.5915257,12.17561363,9.859943939,114.7365842,1.88747092,1.103015307,1.299696354,1.458569588,63.35255886
1687,L_TO,ANN,2022-09-01,2024-09-01,38,2.159052684,1.75111301,1.771427055,1.26069634,703352.9541,1.917021736,1.528672851,1.497726502,0.939518356,662158.7,4.612226834,3.635650377,3.592801179,2.25584118,76.57798085,2.38180947,2.028676139,2.230335064,2.016870849,45.17700619
1688,L_TO,ANN,2022-09-01,2024-09-01,39,1.160484816,1.136467434,1.314557204,1.33840717,592492.9097,0.94089588,0.897141589,1.047845522,1.094579442,549946.4125,2.269937314,2.129645913,2.515382848,2.643171192,62.19243219,1.643255477,1.641454917,1.879774204,1.899968984,35.87868426
1689,L_TO,ANN,2022-09-01,2024-09-01,40,1.212804838,1.273760523,1.455371364,1.567011987,943084.3788,1.018003812,1.042268476,1.230727205,1.377232107,889990.025,2.437160765,2.466865091,2.952745226,3.28786768,103.7433337,1.563195423,1.714152185,1.847395042,1.763514721,57.33284339
1690,L_TO,ANN,2022-09-01,2024-09-01,41,1.999524695,1.027042729,0.823582371,1.377951606,589760.8719,1.83419735,0.836612561,0.657940544,1.198370616,550908.225,4.428605795,1.999732956,1.591173782,2.882401453,61.83010057,1.964931093,1.429894767,1.198482493,1.659338478,34.26437795
1691,L_TO,ANN,2022-09-01,2024-09-01,42,1.085973526,0.700556114,0.880369097,0.653753365,610429.059,0.900123215,0.580940079,0.761631963,0.509503682,568995.7667,2.152504482,1.390907925,1.829128404,1.230356421,64.9770463,1.434999244,0.952108626,1.040713516,1.011632262,37.72428092
1692,L_TO,ANN,2022-09-01,2024-09-01,43,0.784798319,1.122711756,1.290064438,1.400152651,580607.1647,0.653783751,0.993482054,1.149176636,1.237568792,538281.425,1.568799672,2.354968577,2.761444716,2.953904256,61.68156104,1.03900922,1.217761632,1.381571998,1.535297599,36.10083794
1693,L_TO,ANN,2022-09-01,2024-09-01,44,0.710827764,1.135687355,1.730653437,0.872896626,800312.7041,0.602407737,1.003865882,1.586735536,0.694221369,758607.3917,1.444739047,2.379977142,3.810674386,1.666137054,87.64775675,0.899285171,1.235302718,1.616912003,1.268194524,47.80441787
1694,L_TO,ANN,2022-09-01,2024-09-01,45,0.740007266,1.029963646,0.664083517,0.799142745,636323.2391,0.588358483,0.899197991,0.585825612,0.601870473,587699.0875,1.411736207,2.133081928,1.416758999,1.456352938,68.21027926,1.068696936,1.178863659,0.758285673,1.296666947,42.92937752
1695,L_TO,ANN,2022-09-01,2024-09-01,46,0.736576364,0.832878476,0.725615967,1.052479174,554712.2311,0.578259053,0.687565922,0.578580561,0.874678548,501703.5625,1.390956721,1.637893778,1.403603469,2.106175402,57.31671168,1.092450251,1.115214354,1.079031124,1.426436046,36.99105302
1696,L_TO,ANN,2022-09-01,2024-09-01,47,2.452725625,2.202693149,1.847161079,0.986654087,680981.2005,2.292059084,2.092295142,1.745905278,0.836369705,644633.5833,5.488474472,4.963367069,4.207448564,2.00014344,73.45544464,2.042707136,1.577303663,1.418975632,1.241546228,40.80904832
1697,L_TO,ANN,2022-09-01,2024-09-01,48,1.349379229,1.966448745,3.264740808,2.316871757,815915.3462,1.092534171,1.861791543,3.125040053,2.195580292,773997.775,2.657011807,4.454872522,7.595323039,5.28795692,89.60643027,1.961782116,1.566122265,2.421093912,1.855307848,48.93160115
1698,L_TO,ANN,2022-09-01,2024-09-01,49,1.121708502,0.915280141,0.765665971,0.993091371,701303.1993,0.905406944,0.796061161,0.693021647,0.857756933,664617.9833,2.196299018,1.884094176,1.674405401,2.052881447,75.45280244,1.631341781,1.054007869,0.78583043,1.189895154,41.40798683
1699,L_TO,ANN,2022-09-01,2024-09-01,50,0.747126939,1.139926126,2.939136456,1.980434544,781683.6402,0.543408597,0.924398153,2.853369012,1.887686284,742154.9708,1.315816294,2.22202055,6.923991333,4.538086233,86.05227559,1.266276676,1.626058017,1.828280358,1.467824712,47.75920651
1700,L_TO,ANN,2023-05-01,2025-05-01,1,1.397060401,1.985674485,1.515948455,1.60813711,869499.9914,1.104911341,1.595015535,1.242402556,1.343066025,669449.5333,2.193868282,3.07105626,2.489709668,2.651986469,40.15454706,1.683508646,2.236634152,1.731041754,1.776185679,34.44975851
1701,L_TO,ANN,2023-05-01,2025-05-01,2,2.214254116,1.692034253,2.063472582,2.347654075,909770.205,1.9815862,1.456721024,1.719388302,2.100748316,673787.8042,3.878032591,2.815453099,3.396621045,4.116385681,35.67808089,1.866357887,1.618677235,2.203770248,2.035215049,24.63118017
1702,L_TO,ANN,2023-05-01,2025-05-01,3,1.906625773,1.910511919,1.641818286,1.383705892,908407.2321,1.731665546,1.590336756,1.420761829,1.188630803,696333.9625,3.387797937,3.049414926,2.784106494,2.323899971,40.05390871,1.485779972,1.952437151,1.555207597,1.356698914,30.61221272
1703,L_TO,ANN,2023-05-01,2025-05-01,4,1.043990945,1.271417687,1.288353627,1.066581204,851206.0298,0.835781686,1.030533667,1.050135092,0.922322337,673458.3583,1.66786638,1.986118648,2.077939858,1.799987524,42.4116445,1.286870073,1.405812622,1.446996377,1.047458264,33.73867448
1704,L_TO,ANN,2023-05-01,2025-05-01,5,1.148507747,1.890262219,1.399560867,2.142378643,888934.6258,0.891888576,1.610220696,1.120034698,1.824711227,691238.9375,1.773425084,3.092721767,2.228559125,3.559517264,41.31424795,1.46490257,1.849559046,1.650583078,2.148900915,34.92414902
1705,L_TO,ANN,2023-05-01,2025-05-01,6,1.651662289,2.314561733,1.91947975,2.147112319,894773.6912,1.462429015,1.954514835,1.732525541,1.750114441,720052.5708,2.882398991,3.792449535,3.44306666,3.436337082,46.5009234,1.474041964,2.372871563,1.611372132,2.416692793,39.55101442
1706,L_TO,ANN,2023-05-01,2025-05-01,7,2.381532046,1.431008889,1.684916759,1.692155535,852108.234,2.052174425,1.066167771,1.340223769,1.35154012,679494.4333,3.998871451,2.037478805,2.639773342,2.641317557,43.71251378,2.271934562,1.801210332,1.962089639,1.944651154,38.81787833
1707,L_TO,ANN,2023-05-01,2025-05-01,8,3.210700439,4.010630014,4.007674331,4.210655234,981428.8583,2.875063739,3.804932037,3.747344206,4.074312464,699645.3,5.599171094,7.345274138,7.387302775,7.964444821,35.14050297,2.642374669,2.245397114,2.590816036,1.884303775,27.3490565
1708,L_TO,ANN,2023-05-01,2025-05-01,9,1.633218904,2.103155916,2.416371696,2.411394609,900557.3505,1.376983684,1.779312537,2.119110261,2.053958766,725264.5833,2.688671138,3.419005808,4.159532681,3.982229454,48.29433552,1.667183329,2.114723035,2.19239698,2.4116688,43.84314547
1709,L_TO,ANN,2023-05-01,2025-05-01,10,1.182222507,2.237834131,1.717081654,1.535422517,890170.6364,0.95096324,1.905948179,1.476202323,1.192338689,713324.625,1.88447147,3.682567038,2.914207006,2.350714422,45.323282,1.376144222,2.232320459,1.689624324,1.953716874,39.88436829
1710,L_TO,ANN,2023-05-01,2025-05-01,11,2.916600755,2.370881244,3.655462616,4.272825901,877392.1877,2.616495307,1.91738501,3.321015318,4.026395035,698552.475,5.118897249,3.68027283,6.542203294,7.846656217,45.48268406,2.436564692,2.639245682,2.855961434,2.602489088,43.95412832
1711,L_TO,ANN,2023-05-01,2025-05-01,12,1.276388378,1.088721181,1.066004911,1.329109541,907311.2761,1.047868577,0.86113982,0.861452901,1.060569,687804.2833,2.058826424,1.697888726,1.730350086,2.07661731,37.99711221,1.395751002,1.332785133,1.27779118,1.556716784,27.94649728
1712,L_TO,ANN,2023-05-01,2025-05-01,13,1.447202078,1.46630455,1.718562295,1.724377351,897084.0622,1.180219216,1.16513273,1.418215843,1.265576808,726317.8625,2.385460001,2.314797665,2.863846334,2.537570928,46.66940319,1.749315931,1.809479068,2.009573156,2.414161322,38.66510768
1713,L_TO,ANN,2023-05-01,2025-05-01,14,1.362468974,2.797211219,1.952283232,1.687486169,879096.4633,1.149966543,2.501773199,1.617371221,1.456473541,696583.8917,2.278608902,4.834371508,3.176786473,2.845112989,43.44619353,1.44313249,2.380157422,2.106887214,1.630893396,36.43168122
1714,L_TO,ANN,2023-05-01,2025-05-01,15,2.565913301,2.445602575,2.622367244,1.951993372,940096.248,2.338424984,2.083908866,2.366714349,1.581301753,662764.9896,4.565551955,3.998086959,4.653945864,3.053606489,33.43763131,1.975774468,2.401518412,2.132664276,2.187680212,26.75024497
1715,L_TO,ANN,2023-05-01,2025-05-01,16,2.18394318,2.621468496,1.695856923,1.864135269,863513.3597,1.905847929,2.377452357,1.416475426,1.587387466,712206.2708,3.750855108,4.59619801,2.806644764,3.085865248,47.59076375,2.045487527,2.077500793,1.803729006,1.8558181,42.36599832
1716,L_TO,ANN,2023-05-01,2025-05-01,17,1.200312018,1.536923876,0.932407294,1.948197778,942019.9995,0.996293051,1.30427847,0.677521271,1.611360041,676670.5375,1.950375107,2.528593152,1.364284217,3.151830423,35.40945,1.27880208,1.535802071,1.30049166,2.100614539,29.93030792
1717,L_TO,ANN,2023-05-01,2025-05-01,18,1.681483029,1.06923217,1.297533695,2.070535333,908712.9703,1.365032117,0.783620822,1.006365539,1.590118535,669377.6583,2.7510882,1.553824747,2.038176541,3.135840104,37.08698692,2.051690313,1.483078526,1.71446649,2.62582979,32.16851414
1718,L_TO,ANN,2023-05-01,2025-05-01,19,2.787618011,2.615383143,2.460315941,2.150266897,870996.9797,2.627596571,2.366237782,2.278576998,1.903598404,686254.375,5.145160753,4.570946925,4.503668999,3.711376501,40.56707529,1.689045368,2.065750624,1.761274545,1.90277076,31.99065839
1719,L_TO,ANN,2023-05-01,2025-05-01,20,0.883633222,1.599407134,1.180888719,1.380265395,923934.9742,0.674504236,1.242444801,0.995382158,1.069385147,673098.9125,1.356710909,2.402120936,1.984423168,2.114159972,35.88371758,1.198220072,1.909955334,1.261118449,1.737299074,28.68585547
1720,L_TO,ANN,2023-05-01,2025-05-01,21,2.033340023,2.09384976,1.730922064,1.871054648,871309.0011,1.78015429,1.767142901,1.5129289,1.550177256,700696.3,3.480423336,3.38443281,2.990791926,3.009819346,46.53098482,1.860872207,2.077577371,1.611359765,1.95991597,44.69053656
1721,L_TO,ANN,2023-05-01,2025-05-01,22,1.868543592,2.076434294,2.55371713,1.218505451,873755.2995,1.473617014,1.732600345,2.149171458,0.942051697,682511.4917,2.891523523,3.304251757,4.26477498,1.872761676,44.35838025,2.217721455,2.113487261,2.678440465,1.568348561,44.60420492
1722,L_TO,ANN,2023-05-01,2025-05-01,23,3.997490756,1.458428686,2.748535365,2.76512421,905887.725,3.852481172,1.249893028,2.510126197,2.467764028,680045.0833,7.676742669,2.409450715,4.949161683,4.893840966,38.03662969,2.25829301,1.414687818,2.100013972,2.556004647,29.06539203
1723,L_TO,ANN,2023-05-01,2025-05-01,24,3.345221228,3.240689292,3.120318786,3.295257099,883101.6222,3.221572528,3.026620625,2.935161716,3.076909256,665680.3792,6.326001739,5.842449487,5.789521458,5.99071503,36.52960753,1.573464532,2.060718531,1.903282229,2.122072367,27.3301179
1724,L_TO,ANN,2023-05-01,2025-05-01,25,1.107411642,1.122537871,1.332495629,1.426977469,861004.3912,0.848014777,0.966548263,1.106653297,1.094352976,690456.7667,1.666062615,1.891136188,2.196223376,2.135731047,43.63448963,1.370964856,1.120309268,1.440573476,1.778454994,37.46744643
1725,L_TO,ANN,2023-05-01,2025-05-01,26,1.939371732,2.258970892,2.247601664,1.825525064,875017.3135,1.615981741,2.012644443,1.931779201,1.523803838,709149.4208,3.181672609,3.898721924,3.846205779,3.001102368,48.37061713,2.079879503,1.927431877,2.229323141,1.94611843,46.3502055
1726,L_TO,ANN,2023-05-01,2025-05-01,27,1.313464885,1.157264706,1.55193907,1.765340073,881764.4991,1.099150361,0.96211301,1.311664003,1.488676198,705827.8958,2.187483828,1.871824668,2.590488498,2.902332398,44.45537682,1.47439628,1.228828315,1.606900582,1.833119885,36.16527381
1727,L_TO,ANN,2023-05-01,2025-05-01,28,2.77874542,1.166470632,1.33736874,1.487837614,905909.4656,2.57687993,1.024059595,1.104208359,1.175345612,752487.5458,5.069051835,2.007731346,2.22475669,2.311289993,54.88253254,1.973735218,1.114962465,1.546090164,1.831742565,54.57298189
1728,L_TO,ANN,2023-05-01,2025-05-01,29,1.190334901,1.336638129,2.447239399,1.594854614,1206913.409,0.970352673,1.126246792,2.234176558,1.319115194,891921.4938,1.950802021,2.23015322,4.484048509,2.623451196,39.47506067,1.441865147,1.470540572,2.053030293,1.832431975,21.73729608
1729,L_TO,ANN,2023-05-01,2025-05-01,30,2.018973497,1.449034382,2.053757001,2.149081306,892063.3498,1.677669901,1.102180267,1.687982593,1.708003489,708481.2333,3.314470432,2.129483671,3.356408211,3.356341483,42.97381654,2.196457765,1.780821233,2.302251833,2.531736253,35.15252468
1730,L_TO,ANN,2023-05-01,2025-05-01,31,1.449240759,1.292140882,1.241568849,2.085517975,865176.0317,1.229949929,1.067858974,1.052510105,1.716203181,680423.7083,2.469063329,2.080903115,2.10533205,3.423048369,42.05719867,1.602361541,1.383503606,1.293734838,2.417508579,34.74361987
1731,L_TO,ANN,2023-05-01,2025-05-01,32,3.945296676,2.649985774,4.284711271,3.644702429,930488.6156,3.720794712,2.413267278,4.05222651,3.422348658,676449.6375,7.281026793,4.648388448,7.995482071,6.664671043,35.32539915,2.336188102,2.032238745,2.468510457,2.271560207,28.07797571
1732,L_TO,ANN,2023-05-01,2025-05-01,33,1.250626734,1.816796682,1.158388031,1.782332086,874149.9801,1.005089839,1.489076251,0.970942946,1.502447637,707315.9292,1.977645679,2.880594137,1.933002384,2.935173063,45.22316708,1.428836465,1.959755653,1.249117303,1.830564115,40.09468263
1733,L_TO,ANN,2023-05-01,2025-05-01,34,1.884707739,2.823601714,3.99866271,1.941970526,894774.1498,1.6358693,2.54893813,3.798027292,1.588875453,732145.7042,3.300132513,4.911548477,7.50528623,3.108498056,49.42773575,1.979219819,2.25649088,2.230475519,2.138223239,43.79912374
1734,L_TO,ANN,2023-05-01,2025-05-01,35,1.629403118,1.15809879,2.915494693,1.992366494,896648.0159,1.332049756,0.953070301,2.657927067,1.721178563,747895.8625,2.674038251,1.850970825,5.278528602,3.400041002,51.67397572,1.916491741,1.262711094,2.291935759,2.026432911,44.00398563
1735,L_TO,ANN,2023-05-01,2025-05-01,36,3.049121637,2.482817528,3.728041758,3.229786404,918356.256,2.822241499,2.213671266,3.551065316,3.036070379,688999.6583,5.538728023,4.258254735,7.050069401,5.927961849,38.26423117,2.159734905,2.073502275,2.113426497,2.032024329,28.54867652
1736,L_TO,ANN,2023-05-01,2025-05-01,37,1.931998798,1.683732267,3.809346146,1.640153286,865199.857,1.660653299,1.440378751,3.562943266,1.440964762,690855.2333,3.362933752,2.752958399,7.027435759,2.804792338,44.83931036,2.098913717,1.603733856,2.443856423,1.49885185,40.30468569
1737,L_TO,ANN,2023-05-01,2025-05-01,38,2.23796113,1.440457515,1.631850599,1.668836549,901981.9966,2.030392302,1.145900866,1.384015128,1.3616642,690322.175,3.974853257,2.226135073,2.750592843,2.682638043,39.89524107,1.789773733,1.68617049,1.68885775,1.87743876,33.41004071
1738,L_TO,ANN,2023-05-01,2025-05-01,39,2.716867262,2.85737008,3.194488704,2.790807348,898688.2115,2.369197941,2.546069845,2.873952518,2.50814654,682368.4125,4.619576938,4.899902365,5.650802551,4.869518702,38.2822658,2.491794607,2.422797851,2.611501778,2.280497483,29.30005999
1739,L_TO,ANN,2023-05-01,2025-05-01,40,1.699498934,2.226342204,1.814018025,3.300409529,971017.289,1.461722104,1.819321931,1.575561719,2.972395198,686819.3042,2.886820412,3.552540933,3.119891628,5.826743177,33.39681291,1.707314066,2.493091099,1.778786967,2.765097668,24.48082664
1740,L_TO,ANN,2023-05-01,2025-05-01,41,3.11107929,3.322085151,2.424524416,2.863415387,875957.093,2.865061349,3.055760971,2.115436019,2.509833781,657446.0667,5.622986987,5.900248008,4.175906,4.934866041,36.43349135,2.268519878,2.382369065,2.274339025,2.686205497,28.38613593
1741,L_TO,ANN,2023-05-01,2025-05-01,42,4.502876169,4.155570168,3.716579438,4.118946746,863104.7587,4.327650104,3.98398617,3.54140218,3.976750946,659471.4417,8.513099474,7.703976497,7.011801015,7.80120618,39.10325216,2.278411934,2.07694704,2.080508263,1.999305061,34.01476926
1742,L_TO,ANN,2023-05-01,2025-05-01,43,0.715292521,0.699085404,1.302055397,0.876636033,887466.8149,0.614388455,0.595827326,1.120812149,0.725350189,739465.5667,1.220148182,1.176340885,2.212386097,1.429107732,51.22861748,0.733938535,0.738131506,1.272563232,0.979861428,48.01753251
1743,L_TO,ANN,2023-05-01,2025-05-01,44,2.229619567,1.707501675,1.401394707,1.725036176,885769.7187,1.984815493,1.420716529,1.174384567,1.43188146,709962.3042,3.886421794,2.738944921,2.336881777,2.800652949,44.31840215,1.916088765,1.766196202,1.489901037,1.845125752,37.83563676
1744,L_TO,ANN,2023-05-01,2025-05-01,45,2.151564145,2.057177518,2.388057543,2.266258197,984543.1881,1.912174859,1.784909185,2.130751884,2.020146306,717323.5625,3.756937357,3.444206416,4.202565389,3.962643918,35.85200759,1.897103419,1.939007785,2.071152902,2.004948327,25.79120806
1745,L_TO,ANN,2023-05-01,2025-05-01,46,2.633822403,1.960681994,1.764282236,1.212047519,872317.4161,2.321687224,1.625832897,1.459652204,0.938700867,698664.275,4.539089585,3.121382432,2.878998058,1.843095323,44.66630921,2.33225913,2.044937933,1.876325894,1.503974875,38.44015605
1746,L_TO,ANN,2023-05-01,2025-05-01,47,1.897906491,2.650078289,1.91531774,2.091412359,894851.7351,1.500081149,2.269230031,1.500781806,1.874094264,675673.5917,2.911763561,4.34875073,2.939264368,3.651562256,40.86153225,2.209660699,2.560675522,2.279838581,1.737309334,38.96532576
1747,L_TO,ANN,2023-05-01,2025-05-01,48,2.400009448,2.667467842,2.69196957,2.733939905,869748.7441,2.215230354,2.457329447,2.506680678,2.456704076,694419.3417,4.341648476,4.769753392,4.962736743,4.819357432,41.92772258,1.721458248,1.965676445,1.839128056,2.315783382,31.97262864
1748,L_TO,ANN,2023-05-01,2025-05-01,49,2.258816212,2.152581707,2.069174139,1.675912985,856987.2036,1.86746589,1.783800865,1.728594831,1.372975667,685652.0208,3.623829079,3.406815642,3.386400913,2.660274638,43.61529112,2.393467841,2.240932931,2.140993337,1.813697936,38.33454785
1749,L_TO,ANN,2023-05-01,2025-05-01,50,2.676394327,2.378508017,2.498482347,1.600625865,902603.8045,2.506174884,2.179063049,2.224807992,1.358146922,747755.3208,4.927201334,4.214073105,4.393871012,2.665288022,51.55999191,1.762489253,1.764754628,2.164150202,1.649362625,47.09856708
1750,L_TO,ANN,2024-01-01,2026-01-01,1,3.299946371,2.433761164,2.412461837,2.320833557,817332.6247,3.154445542,2.109437803,2.107087642,1.997813416,550713.5208,5.116586616,3.387482994,3.440564519,3.231657538,58.67395309,1.556294403,1.941571016,1.911817871,1.897701314,122.1160633
1751,L_TO,ANN,2024-01-01,2026-01-01,2,1.267831425,1.317673023,1.494084123,1.559990663,837335.6613,0.941464939,1.073196123,1.195344978,1.149479675,552934.6375,1.525081858,1.72480839,1.954472346,1.860381202,49.38219598,1.36907098,1.223632633,1.463258603,1.697880541,94.12812078
1752,L_TO,ANN,2024-01-01,2026-01-01,3,1.332926568,1.23457173,1.167339822,1.196360621,802235.1601,1.102421148,1.051566005,0.980081001,0.912928009,548740.5125,1.789058883,1.69413423,1.604622123,1.480166304,63.64126359,1.21522533,1.04365235,1.041937203,1.2512616,142.0911523
1753,L_TO,ANN,2024-01-01,2026-01-01,4,1.352996612,1.144357578,1.399129901,1.430177616,803477.0599,1.227052241,0.994175776,1.148563309,1.261740494,533029.5417,1.993132646,1.599739304,1.877750506,2.049465556,52.33364413,0.929378028,0.910484672,1.304986515,1.09945908,98.00043401
1754,L_TO,ANN,2024-01-01,2026-01-01,5,1.042185313,1.67587889,1.931664787,2.113493891,835119.9544,0.84041776,1.404275346,1.714230606,1.859520467,591283.6542,1.362718473,2.256302351,2.799454379,3.01024991,69.10698447,0.995811674,1.465332716,1.44884608,1.612693148,142.043085
1755,L_TO,ANN,2024-01-01,2026-01-01,6,1.749429018,1.212838549,1.161081221,1.157914253,803421.5375,1.54379373,1.02093544,0.916181451,0.956004588,540212.6875,2.511256047,1.645387345,1.500715147,1.549516551,57.87418632,1.346283641,1.058275627,1.171641105,1.057116437,119.2366807
1756,L_TO,ANN,2024-01-01,2026-01-01,7,1.19305124,1.688978642,1.389829463,1.616409744,827414.0103,0.93253582,1.346852684,1.186045152,1.348533249,555322.875,1.512493237,2.164357857,1.938414317,2.185225937,57.05889514,1.207181074,1.635724152,1.185964707,1.440937346,114.5091217
1757,L_TO,ANN,2024-01-01,2026-01-01,8,0.9104338,1.147869102,1.130835123,1.693295514,815239.605,0.778693915,0.99504381,0.89937461,1.374641291,552321.1042,1.268010828,1.603833325,1.476099248,2.224595524,59.94145999,0.773515514,0.923722855,1.128836617,1.592495933,127.0820749
1758,L_TO,ANN,2024-01-01,2026-01-01,9,3.589477692,3.71703242,4.422157897,3.489947564,810634.1126,3.471199438,3.585651469,4.30056204,3.290021896,519037.0417,5.635321563,5.770848428,7.034382566,5.33172951,55.29119344,1.480328375,1.571042186,1.682207643,1.869352244,125.7001596
1759,L_TO,ANN,2024-01-01,2026-01-01,10,1.210369626,1.41845463,1.567484869,1.952448348,818130.6781,0.874761084,1.230818819,1.296200191,1.590639369,550835.8583,1.41818878,1.97771429,2.116307527,2.576098291,58.00535131,1.353002434,1.129744189,1.435665917,1.825461021,122.6737963
1760,L_TO,ANN,2024-01-01,2026-01-01,11,1.696949013,1.248390881,1.277378809,1.112915204,792015.3853,1.451853427,1.033262221,1.014785923,0.876704788,532759.8333,2.362166054,1.661212721,1.658798175,1.419874656,55.98730401,1.438958953,1.124534966,1.268242172,1.107810308,119.9179177
1761,L_TO,ANN,2024-01-01,2026-01-01,12,2.10378478,1.337003249,0.982632722,1.302527598,806178.601,1.832888052,1.166168867,0.758687539,1.093904495,546455.5583,2.970384167,1.876413693,1.242203538,1.776231302,58.96251749,1.668229596,1.048190479,1.023491443,1.149048782,121.8297622
1762,L_TO,ANN,2024-01-01,2026-01-01,13,5.845562296,4.847817017,6.755572184,6.781562999,815004.4169,5.74376795,4.711889084,6.68727723,6.714017868,531243.9708,9.319499817,7.582926684,10.93540852,10.88710348,52.84617846,1.729447965,1.8283345,1.540493163,1.517090333,113.9650467
1763,L_TO,ANN,2024-01-01,2026-01-01,14,2.2689451,2.214146026,2.377520953,2.97226438,797637.0012,1.982005743,1.83982612,2.069423449,2.762364578,518362.9417,3.226269032,2.968435968,3.392669332,4.487154483,57.5156284,1.807700485,1.994927158,1.930443534,1.790831754,129.8779726
1764,L_TO,ANN,2024-01-01,2026-01-01,15,1.061245133,1.573456325,1.647028153,1.067102346,871350.4622,0.939108914,1.254688437,1.383939494,0.843156942,632971.4208,1.52603004,2.015328782,2.26050748,1.369210173,75.11078376,0.804658577,1.51958005,1.455448151,1.066117132,147.3847403
1765,L_TO,ANN,2024-01-01,2026-01-01,16,1.159509054,1.638773798,1.291217252,2.347686744,831250.7875,1.009038194,1.446951277,1.100665421,2.1165905,595076.9333,1.639492894,2.333755149,1.804247101,3.437618689,70.96349868,0.928354093,1.244203524,1.111931356,1.659911654,146.3272617
1766,L_TO,ANN,2024-01-01,2026-01-01,17,2.207283803,1.589304023,1.295235046,1.667471396,804683.8123,1.941578302,1.085754054,1.126267463,1.295616913,548028.3917,3.146502559,1.742608374,1.846273857,2.097680429,58.30157836,1.694097777,1.859273613,1.056232125,1.691390513,123.821194
1767,L_TO,ANN,2024-01-01,2026-01-01,18,1.694436659,1.972431679,2.426052664,1.178260817,885545.9575,1.529082383,1.659423021,2.246486418,0.989732997,676588.9542,2.481363417,2.665807003,3.671224674,1.604551521,82.97896871,1.181964421,1.703562592,1.488262918,1.0352734,175.1576083
1768,L_TO,ANN,2024-01-01,2026-01-01,19,2.202982991,1.305743064,1.617148917,1.300017649,801476.5054,2.01659585,1.040769631,1.391455243,1.120009995,538176.95,3.269827601,1.672468435,2.273943685,1.820495818,52.2808561,1.433843903,1.263531156,1.346588464,1.078323083,104.6514813
1769,L_TO,ANN,2024-01-01,2026-01-01,20,1.090686135,1.22017989,1.116591563,1.268788532,834053.5077,0.962950601,1.015818262,0.942233244,1.083017858,540153.6,1.565294884,1.637961213,1.543316328,1.759271636,56.75768782,0.838321785,1.093962961,0.984894741,1.07671121,121.0393928
1770,L_TO,ANN,2024-01-01,2026-01-01,21,2.953844155,3.05735948,3.692641679,3.576427951,872043.3732,2.742984242,2.827362244,3.535557421,3.366170756,648501.0042,4.460206433,4.557670173,5.787187936,5.467825672,78.85329735,1.798204626,1.88962414,1.760414142,1.981346334,163.6387044
1771,L_TO,ANN,2024-01-01,2026-01-01,22,3.156731111,3.103984712,3.312062582,2.001323704,820759.8478,3.016745271,2.908147629,3.16186893,1.712583923,510860.575,4.891688207,4.677667967,5.167317202,2.774895568,55.98792521,1.489667669,1.738773434,1.602727534,1.673553238,122.9609382
1772,L_TO,ANN,2024-01-01,2026-01-01,23,6.721549704,2.033780638,4.070514782,1.82156579,798765.9161,6.589802403,1.764928972,3.961368569,1.537665049,524720.6792,10.70535454,2.845237907,6.477111968,2.497299471,58.27893129,2.187089696,1.634654212,1.520098599,1.589151116,129.0161072
1773,L_TO,ANN,2024-01-01,2026-01-01,24,1.583718764,1.215572942,1.137447215,1.189085842,834608.1137,1.375128508,1.015813594,0.874932806,0.88446846,542891.1417,2.237317021,1.63321892,1.432700792,1.434207772,53.21467771,1.286229712,1.069465016,1.192866092,1.288775769,115.9360978
1774,L_TO,ANN,2024-01-01,2026-01-01,25,1.35744351,1.501826294,1.379587335,1.545589244,815263.8244,1.165409077,1.25184681,1.153998137,1.212816111,546113.9833,1.896644091,2.016728874,1.889439771,1.969532935,57.33247637,1.140959425,1.339203394,1.244730335,1.556080873,119.7819199
1775,L_TO,ANN,2024-01-01,2026-01-01,26,1.409319531,1.225585078,0.994530184,1.221196338,812400.0118,1.141172629,1.037202291,0.835253423,1.01286087,534220.975,1.853817807,1.672528124,1.365681945,1.646914452,56.68212098,1.344203373,1.057072681,0.883756971,1.117176445,114.7042978
1776,L_TO,ANN,2024-01-01,2026-01-01,27,4.822742678,5.257793524,4.647733257,4.070910606,812392.691,4.751494492,5.172249039,4.583032362,3.927844874,537658.5125,7.712817871,8.321245824,7.495588398,6.366179076,54.78440269,1.327685938,1.491649128,1.254776961,1.708801492,112.7796116
1777,L_TO,ANN,2024-01-01,2026-01-01,28,3.346403486,1.458419354,1.497853793,1.717624872,895165.8391,3.065566911,1.129173115,1.244636434,1.367445119,597690.8438,4.968672877,1.811875178,2.038179364,2.215098548,48.28362799,2.158978321,1.469045936,1.368186574,1.674032057,81.34877409
1778,L_TO,ANN,2024-01-01,2026-01-01,29,1.357620484,1.108629637,2.302625648,1.501639909,810955.2706,1.218006147,0.959559225,2.063170877,1.202544276,530773.1542,1.981803522,1.544866663,3.379016714,1.95465043,55.22643839,0.984503273,0.895446992,1.685798719,1.464495567,119.469044
1779,L_TO,ANN,2024-01-01,2026-01-01,30,1.232752521,1.301829521,1.161958584,1.290604936,789340.2019,0.96729733,1.10324417,0.953242118,1.025801595,534946.5958,1.571638545,1.780685244,1.562380252,1.663310973,58.72786511,1.243315866,1.121989866,1.09376311,1.267907137,129.6027848
1780,L_TO,ANN,2024-01-01,2026-01-01,31,1.990436599,2.128012587,1.253604556,1.485594565,800416.1894,1.772058383,1.940744323,1.072204396,1.306640752,535846.1958,2.877822625,3.125728279,1.755418308,2.121200795,57.492674,1.477889609,1.408264101,1.065964372,1.151722456,121.154283
1781,L_TO,ANN,2024-01-01,2026-01-01,32,1.883242405,1.040539181,0.99099716,1.378781784,809279.1379,1.654797774,0.818895114,0.812908931,1.189995575,559925.4375,2.691190933,1.317402403,1.331410229,1.932550805,63.34972894,1.466890019,1.031104654,0.930527548,1.136752821,131.3870694
1782,L_TO,ANN,2024-01-01,2026-01-01,33,2.277228931,1.796533064,2.093003012,1.967588405,854165.7376,2.003227956,1.519355715,1.866708001,1.67122523,561710.6,3.247227361,2.439485583,3.049364255,2.7024471,50.08556902,1.749226403,1.527935861,1.544153557,1.668689754,94.74740094
1783,L_TO,ANN,2024-01-01,2026-01-01,34,1.262051209,3.941827285,5.918091615,3.39649111,798364.5629,1.107214521,3.865684835,5.853663771,3.259236145,535590.6208,1.798914937,6.225622973,9.577011318,5.285857093,59.29997753,0.989649597,1.255186428,1.436708855,1.543212769,130.4973898
1784,L_TO,ANN,2024-01-01,2026-01-01,35,3.435455814,1.157118242,1.62095703,1.763742116,853572.6887,3.105181101,0.90346104,1.295859208,1.436532466,565638.1792,5.048221596,1.454327078,2.11820211,2.332591688,53.76770802,2.398604697,1.161079019,1.590194358,1.66792945,108.2673018
1785,L_TO,ANN,2024-01-01,2026-01-01,36,2.087893339,1.241495797,1.896157408,2.262029326,809932.0064,1.847830476,0.972503467,1.603677181,1.972981771,541736.3625,2.996949131,1.563501006,2.621867931,3.196199133,58.71504707,1.570116426,1.235968714,1.658594194,1.785647137,134.5623425
1786,L_TO,ANN,2024-01-01,2026-01-01,37,4.809124949,1.418710107,1.372189467,3.795082359,850958.8719,4.660345819,1.241879705,1.136820442,3.675559743,607031.0875,7.569389676,1.999539055,1.858939021,5.965530476,71.393331,1.934397357,1.103654733,1.25580252,1.542384812,145.2082562
1787,L_TO,ANN,2024-01-01,2026-01-01,38,3.358169914,4.270167948,3.731084758,3.409526022,814243.0794,3.2445492,4.20380485,3.678487404,3.298090617,544565.4125,5.261762993,6.763468776,6.013981058,5.347974493,61.53492174,1.384154848,1.19090724,1.003531182,1.394299595,136.3108915
1788,L_TO,ANN,2024-01-01,2026-01-01,39,0.919404208,1.175748799,1.815208486,1.283554215,816655.631,0.730804057,0.911718408,1.624084034,1.009017817,579220.0875,1.186984845,1.465408631,2.655196703,1.631891575,65.55924448,0.902300644,1.188231597,1.325001748,1.272717955,131.6537907
1789,L_TO,ANN,2024-01-01,2026-01-01,40,1.729835729,1.995295572,1.695639783,1.435138917,814050.386,1.38615706,1.695730154,1.342542621,1.121153259,550439.6292,2.246637972,2.723199219,2.193357638,1.814223083,54.49150486,1.667662812,1.673801781,1.687305596,1.43662073,103.4655447
1790,L_TO,ANN,2024-01-01,2026-01-01,41,1.09649551,1.23116914,1.229805051,1.095597488,819508.3429,0.88219588,1.119162893,0.916034898,0.847519811,581076.0708,1.435823223,1.802469905,1.499122872,1.372907627,70.03331996,1.062745489,0.829054091,1.344552506,1.12001032,148.7578819
1791,L_TO,ANN,2024-01-01,2026-01-01,42,1.640174222,1.128265298,0.985609553,1.398919096,814381.2238,1.408326156,0.894228945,0.761592838,1.01183548,540892.7958,2.28203032,1.435363916,1.244215851,1.63588426,55.62040599,1.354975767,1.098679627,1.019074483,1.554342545,120.1308616
1792,L_TO,ANN,2024-01-01,2026-01-01,43,1.261156364,1.28198272,2.321841045,1.790487267,786941.5866,0.985509597,1.007104725,2.10466894,1.49511172,519718.9833,1.596241548,1.617621575,3.438513576,2.419709378,53.47730699,1.270205907,1.269343375,1.598135665,1.583412172,108.9974116
1793,L_TO,ANN,2024-01-01,2026-01-01,44,1.049725365,1.288066751,1.384259146,1.302781484,792785.5249,0.835179132,1.110949335,1.217628033,0.996570079,529203.675,1.356510335,1.787260736,1.99131994,1.618224376,56.09372796,1.034795711,1.047176532,1.081013649,1.361082997,116.6997252
1794,L_TO,ANN,2024-01-01,2026-01-01,45,2.388919802,1.874780389,0.897190946,1.43557683,796137.9957,2.21247281,1.5308539,0.770460951,1.092551168,521324.1583,3.586314406,2.455749202,1.26159589,1.765829483,57.30029858,1.444576742,1.725638107,0.753000368,1.495376331,125.7834135
1795,L_TO,ANN,2024-01-01,2026-01-01,46,1.857218804,1.223347427,0.986459699,1.008215548,852876.993,1.651270987,0.881502077,0.83577986,0.79943161,557820.25,2.678447381,1.416680177,1.368199823,1.296635252,50.73137692,1.377029195,1.358977735,0.858559141,0.997123842,99.70540595
1796,L_TO,ANN,2024-01-01,2026-01-01,47,1.227878177,0.981958343,1.346848352,1.671707849,813610.0997,0.96938432,0.758525376,1.147991289,1.4542099,523149.3917,1.575029507,1.220817959,1.877745169,2.360614752,47.9637065,1.228748604,1.004584923,1.155427768,1.344522037,93.97585067
1797,L_TO,ANN,2024-01-01,2026-01-01,48,1.741579261,1.509752875,2.059438573,1.750653862,823053.9676,1.423375538,1.164825979,1.811422353,1.419974264,548438.4458,2.3058427,1.867958106,2.96072363,2.298447889,55.04685766,1.623251255,1.532402401,1.60256164,1.652502697,112.0989239
1798,L_TO,ANN,2024-01-01,2026-01-01,49,0.946915032,0.996750125,1.021141317,0.992912136,789346.5986,0.754252348,0.751500887,0.748321842,0.801786296,518698.3667,1.224524151,1.211708353,1.225013844,1.302091275,56.12433634,0.931275021,1.058053611,1.143083525,0.948963958,119.9576269
1799,L_TO,ANN,2024-01-01,2026-01-01,50,1.792792465,1.435491318,1.443835748,1.310358194,817747.7755,1.606415683,1.269692409,1.242304403,1.136228434,522832.8,2.610474506,2.045619274,2.034824499,1.844593457,49.76567012,1.293697431,1.080568339,1.208920063,1.06293434,104.6535742
1800,USO,ANN,2022-01-01,2024-01-01,1,2.07550156,2.256146844,2.021981386,2.528064256,1987546.14,1.669088872,1.793053945,1.720383708,2.146053569,1500447.083,2.422744684,2.582886779,2.519416431,3.136219217,35.82666246,1.786214321,1.987229033,1.515027516,1.977370229,36.64193796
1801,USO,ANN,2022-01-01,2024-01-01,2,3.282549178,2.444342432,2.548137343,2.964019532,1827618.346,2.545154699,1.891270065,2.116540146,2.311894353,1275620.117,3.719022657,2.739525856,3.120651401,3.404759744,33.59171738,3.053988684,2.295274374,2.104046628,2.789466115,45.17623048
1802,USO,ANN,2022-01-01,2024-01-01,3,2.90890531,2.224517329,2.222445107,2.155208669,1978282.537,2.388419596,1.841271464,1.839785767,1.770139058,1479829.567,3.488497772,2.654772406,2.696308216,2.583268448,39.88026724,2.434851749,1.80661552,1.797849902,1.795428363,51.88467053
1803,USO,ANN,2022-01-01,2024-01-01,4,3.412576347,3.020446035,2.41625931,4.149343748,1886879.285,2.853239187,2.373238881,1.912594732,3.543607839,1461039,4.181673287,3.453638759,2.851320511,5.215129557,38.94475585,2.803103215,2.778476788,2.253062402,3.278137222,45.9683168
1804,USO,ANN,2022-01-01,2024-01-01,5,2.575954523,3.345801001,3.513418357,3.886911295,1912239.31,2.074740855,2.65432663,2.764902369,3.036891174,1391342.075,3.036836603,3.865010067,4.110331851,4.4877585,35.48153929,2.274468437,3.040835852,3.283679565,3.660282909,41.95457769
1805,USO,ANN,2022-01-01,2024-01-01,6,3.123163311,2.108578637,2.089837591,2.79367972,1972253.038,2.499692281,1.558507538,1.741866811,2.016571681,1462168.15,3.65275595,2.260435335,2.568450087,2.974664969,35.25790495,2.748597141,2.085136669,1.703865822,2.89057211,36.87895215
1806,USO,ANN,2022-01-01,2024-01-01,7,2.144922732,2.231777287,3.012803132,2.760647919,1949743.567,1.775504176,1.827306875,2.53040657,2.319350561,1446764.758,2.57580702,2.615623679,3.69007321,3.363980913,34.72733682,1.749624223,1.813625905,2.340651206,2.129558946,37.98072018
1807,USO,ANN,2022-01-01,2024-01-01,8,2.790387024,3.159301725,2.832480451,3.399237526,1908427.877,2.269839478,2.624795787,2.173633575,2.786803691,1408372.208,3.315856723,3.8123008,3.242202091,4.112769499,36.06428476,2.388025993,2.611410668,2.746419404,2.940151592,44.7439292
1808,USO,ANN,2022-01-01,2024-01-01,9,3.267930452,3.034738089,2.50583565,3.142065542,1989504.195,2.57186559,2.312151082,1.974940745,2.474020386,1437038.233,3.763643877,3.35490678,2.926735318,3.637983604,33.8073673,2.978015511,2.883993806,2.332670632,2.896122947,35.91028307
1809,USO,ANN,2022-01-01,2024-01-01,10,2.28301802,1.967781368,2.353823138,2.432918901,1890122.554,1.716829173,1.593514506,1.812441127,1.946221542,1389430.233,2.516721224,2.294214442,2.680340848,2.8484716,35.51103505,2.230133332,1.692193376,2.256919532,2.201920811,42.62519478
1810,USO,ANN,2022-01-01,2024-01-01,11,3.029235563,2.98805781,2.452967563,3.377228918,1837888.453,2.497950236,2.282425435,2.059550222,2.576203156,1392125.075,3.656025258,3.320279556,3.055674317,3.801340101,37.25164723,2.545939365,2.865681227,2.025338082,3.273905215,46.09353497
1811,USO,ANN,2022-01-01,2024-01-01,12,3.352395202,3.659855028,4.173930374,3.210678127,1848278.055,2.812407684,3.096463521,3.538963699,2.479551188,1378547.317,4.117888737,4.503113541,5.248266801,3.66913517,35.19947254,2.715543855,2.917540137,3.363133064,3.09074542,42.72463774
1812,USO,ANN,2022-01-01,2024-01-01,13,2.48029885,2.116463912,2.485388685,2.670706023,1828916.414,2.155516052,1.772636159,2.082522202,2.227038066,1346238.042,3.13717347,2.551992303,3.079736205,3.270420712,33.40403591,1.812735371,1.688593844,2.029755484,2.21255931,39.41182837
1813,USO,ANN,2022-01-01,2024-01-01,14,2.904364633,2.336874062,2.419926631,3.165369914,1891865.219,2.34340566,1.864897283,1.928108215,2.490822347,1364983.842,3.431424062,2.725089187,2.839472607,3.680395369,31.40474154,2.533491191,2.102363145,2.184634742,2.945294282,33.70037149
1814,USO,ANN,2022-01-01,2024-01-01,15,2.131391356,2.605047465,2.28200427,2.749352802,1896719.337,1.686735026,2.136537043,1.92881012,2.449526978,1386683.675,2.453696693,3.087058226,2.849148067,3.595372535,35.3622091,1.907960169,2.173979876,1.799304087,1.873914606,42.99429126
1815,USO,ANN,2022-01-01,2024-01-01,16,2.151717065,2.305855354,2.40992356,3.046488875,1940443.09,1.887369283,1.960057958,2.135983404,2.551780955,1400481.217,2.73569161,2.831291111,3.143802685,3.735055863,33.02475086,1.497713527,1.78564565,1.65279898,2.47727462,36.36827223
1816,USO,ANN,2022-01-01,2024-01-01,17,2.960859272,2.096246058,2.149062371,3.073385398,1876621.096,2.436265055,1.692916361,1.83122495,2.439159393,1358700.208,3.571553276,2.453602714,2.708402976,3.59828852,36.16860333,2.47765423,1.831006022,1.704381666,2.807747558,46.95468252
1817,USO,ANN,2022-01-01,2024-01-01,18,2.494487279,1.908639273,1.998002234,2.015954688,1887905.502,1.896780141,1.416718038,1.441870753,1.413063049,1293362.833,2.762429621,2.049313011,2.145183454,2.063078212,32.99789239,2.372199051,1.869069551,2.091248587,2.127554905,41.97571918
1818,USO,ANN,2022-01-01,2024-01-01,19,2.025344916,2.081963972,2.404537081,2.252772462,2018025.526,1.635962677,1.650669988,1.892099762,1.785828908,1455041.017,2.38286275,2.396013646,2.785625184,2.626721594,34.60163508,1.748165493,1.858196295,2.167803571,2.034498238,38.31596325
1819,USO,ANN,2022-01-01,2024-01-01,20,2.520041218,2.669445186,2.520523996,2.705379805,1919400.396,1.968639374,1.997744242,2.01435585,2.121100108,1409682.775,2.886644355,2.913747835,2.996857606,3.127443843,35.87809291,2.320069772,2.612221274,2.306391714,2.520371087,41.42964546
1820,USO,ANN,2022-01-01,2024-01-01,21,2.436561635,2.38468451,2.747118561,2.904675589,1946582.537,1.986286926,1.986203257,2.282823817,2.423864746,1413244.75,2.859537463,2.822745933,3.33855169,3.501168001,31.97704456,2.016705701,1.845154783,2.22337693,2.285815285,32.43129864
1821,USO,ANN,2022-01-01,2024-01-01,22,3.036740422,2.57396216,2.745625845,2.688138024,1897312.285,2.422335307,2.089753723,2.216419093,2.168986003,1385218.208,3.528593771,3.019809275,3.288082421,3.188528,36.1533011,2.680174423,2.193331979,2.432631228,2.375916295,44.491403
1822,USO,ANN,2022-01-01,2024-01-01,23,2.52545738,3.070541947,2.854650941,3.227687542,1863219.66,2.025537364,2.571724192,2.230129115,2.485918172,1283415.558,2.977993865,3.741597064,3.316675109,3.671396197,30.12430607,2.262989097,2.527598879,2.698163555,3.104946604,35.26965865
1823,USO,ANN,2022-01-01,2024-01-01,24,2.924127958,3.359720964,2.601231557,2.625483478,1927141.157,2.254272715,2.766066233,1.911462275,1.918256632,1404751.5,3.285703946,4.012599219,2.844213287,2.836969624,38.71610856,2.725095305,2.821284596,2.667094057,2.698655716,50.35045867
1824,USO,ANN,2022-01-01,2024-01-01,25,2.107566016,2.208349204,2.123894146,2.119130431,1979226.088,1.746715546,1.780387878,1.745402273,1.641057078,1411965.025,2.543309214,2.57193271,2.582879864,2.421942943,31.54730269,1.722785728,1.893793128,1.809390737,1.998785876,35.23317685
1825,USO,ANN,2022-01-01,2024-01-01,26,2.143006531,2.340453101,2.298441657,2.519364197,1841218.95,1.757712809,1.877870305,1.853431829,2.065509542,1323497.433,2.551005034,2.71426301,2.735649339,3.031107289,35.62359868,1.790061043,2.059226215,2.02581401,2.146341925,46.49686261
1826,USO,ANN,2022-01-01,2024-01-01,27,3.391639594,3.371258135,3.576068579,3.959501364,1850663.569,2.802342224,2.793447876,2.91186053,3.300098928,1340098.508,4.093075036,4.050054231,4.313931642,4.854236148,33.54627971,2.816316842,2.779185213,3.10972923,3.278186296,40.47674605
1827,USO,ANN,2022-01-01,2024-01-01,28,2.38962629,2.772895708,2.864358442,2.435158867,1958081.443,1.836175283,2.178805415,2.262657547,2.044155121,1394946.417,2.660729096,3.163930833,3.354362778,2.992065208,33.0500348,2.225804999,2.514507411,2.636905876,1.961013092,36.77801988
1828,USO,ANN,2022-01-01,2024-01-01,29,1.625303133,1.659009576,2.127779346,2.09354484,2088716.002,1.419083405,1.428322474,1.729584885,1.749359894,1603288.008,2.054967999,2.059805989,2.53300102,2.53796186,42.26694107,1.143130161,1.219535244,1.806205804,1.65887982,48.51465493
1829,USO,ANN,2022-01-01,2024-01-01,30,2.755737821,3.25197105,3.451474832,3.447398692,1912643.486,2.238679759,2.788985443,2.761424637,2.768380992,1423397.867,3.265551522,4.03566689,4.078363103,4.069161586,34.41134604,2.338294622,2.44115947,3.055072976,3.035171394,37.88984529
1830,USO,ANN,2022-01-01,2024-01-01,31,2.368234483,2.284875061,2.246874796,2.638186756,2006487.105,2.009998194,1.806365331,1.798580933,2.042653402,1458700.258,2.903110909,2.594644961,2.650379543,3.000354986,32.38579808,1.795691376,2.009113209,1.99919326,2.4836059,32.11237693
1831,USO,ANN,2022-01-01,2024-01-01,32,3.055104421,3.03624099,2.917839853,3.309542295,1896223.053,2.514893087,2.441855367,2.291827138,2.631281026,1335998.183,3.676965322,3.543307863,3.400388908,3.86625728,30.503,2.551905936,2.642804786,2.718593168,2.985167599,33.62906136
1832,USO,ANN,2022-01-01,2024-01-01,33,2.136256412,2.123678553,2.268617729,2.666213315,1888964.225,1.714055888,1.664885712,1.828180822,2.076399231,1386631.358,2.503028322,2.404518557,2.713527138,3.058726485,34.1526057,1.878050099,1.939040718,2.024498265,2.504057364,39.73227835
1833,USO,ANN,2022-01-01,2024-01-01,34,2.156873619,1.979573733,2.341746498,2.411339543,1883174.785,1.914322154,1.570094299,2.025877762,1.975838216,1393373.483,2.771801495,2.258976624,2.981429055,2.892120088,34.58023808,1.420997832,1.749220353,1.729510255,2.045470664,40.45484175
1834,USO,ANN,2022-01-01,2024-01-01,35,2.18403448,2.419324187,2.244241219,2.528370233,1878382.527,1.76770846,1.824644979,1.876164246,1.968347422,1338604.258,2.558010425,2.637240443,2.763941341,2.881004181,33.37986177,1.854944273,2.325406033,1.822962964,2.349426804,40.02895331
1835,USO,ANN,2022-01-01,2024-01-01,36,2.06749959,2.04523178,2.358522748,2.513694813,1900074.166,1.720191828,1.586050669,1.990624619,1.959034729,1442812.35,2.506901753,2.298847968,2.937141707,2.878667135,36.16587325,1.679785109,1.884329099,1.887365123,2.342492616,40.96735612
1836,USO,ANN,2022-01-01,2024-01-01,37,2.471195033,2.796190915,2.229544551,3.037027223,1848612.91,1.95202179,2.285985819,1.775603104,2.438143667,1310198.483,2.86703691,3.328424005,2.627078304,3.597950819,34.18374683,2.269178789,2.384539592,2.0199346,2.72502981,44.81971974
1837,USO,ANN,2022-01-01,2024-01-01,38,1.874018415,2.013280941,2.973428088,2.826852155,1986549.524,1.475946045,1.669062805,2.437239456,2.208864848,1432442.942,2.151638763,2.42341085,3.622321757,3.251183368,31.58747696,1.675150232,1.662287078,2.55147195,2.630946047,31.19527577
1838,USO,ANN,2022-01-01,2024-01-01,39,2.716684491,2.233163998,2.389238916,2.991611171,1920536.567,2.134289042,1.926345952,2.062578583,2.386586761,1390694.533,3.137317747,2.791242586,3.031056376,3.526151281,33.31956126,2.499920731,1.688967538,1.772471587,2.723433041,37.93276506
1839,USO,ANN,2022-01-01,2024-01-01,40,2.025132104,2.127661928,2.280986764,2.369311078,1852194.679,1.584687297,1.591675568,1.795476023,1.986129125,1375071.175,2.306648332,2.311633928,2.637010385,2.905636767,34.03135324,1.844223746,2.069294898,2.060044713,1.919566863,39.98620323
1840,USO,ANN,2022-01-01,2024-01-01,41,2.184290453,2.310282048,2.359238243,2.799937702,1909758.692,1.759043884,1.775859578,1.907834371,2.272236379,1407822.767,2.556438511,2.566902521,2.813251759,3.336562415,38.9945253,1.885729368,2.149786408,2.049971426,2.43877974,52.68140588
1841,USO,ANN,2022-01-01,2024-01-01,42,2.347540592,2.172526506,2.293224054,2.356118797,1916043.731,1.978501638,1.804220327,1.843823878,1.933856201,1335248.008,2.886958362,2.60358167,2.729774999,2.846702405,33.77621109,1.849634599,1.75891386,2.03781277,2.027852889,41.05080683
1842,USO,ANN,2022-01-01,2024-01-01,43,2.988324524,2.905296749,3.126343741,2.835143183,2026422.712,2.547707367,2.449171702,2.602783076,2.311847432,1539144.533,3.730418047,3.550945482,3.858328818,3.406458247,43.07499793,2.311547591,2.287585098,2.603869907,2.459511193,55.32047935
1843,USO,ANN,2022-01-01,2024-01-01,44,2.887976852,2.968721723,3.114504336,3.206635217,1902312.272,2.314925893,2.446442413,2.415643692,2.606902822,1489489.375,3.395988887,3.553103699,3.604559743,3.830286142,37.1116134,2.541035395,2.469732935,2.98113669,2.777585988,39.12853335
1844,USO,ANN,2022-01-01,2024-01-01,45,2.748489175,3.130176929,2.972970063,3.534218735,1914702.74,2.176530965,2.471151225,2.332778041,2.817170461,1435614.992,3.181273291,3.590386324,3.453289619,4.155439412,34.52546678,2.43707547,2.801018722,2.73752201,3.172623892,34.52526652
1845,USO,ANN,2022-01-01,2024-01-01,46,2.553219565,2.948282665,2.751173664,3.019513122,1892784.405,2.170027796,2.398132324,2.188234965,2.386976496,1363731.35,3.162577143,3.480936109,3.244873121,3.511970382,33.34401003,1.98455422,2.519607352,2.511809727,2.766450204,38.27401533
1846,USO,ANN,2022-01-01,2024-01-01,47,3.027639275,3.207320262,2.942938621,3.445976835,1910329.334,2.608335622,2.660476685,2.471582413,2.844522095,1354163.117,3.804920923,3.861139072,3.652803417,4.184862152,30.72790744,2.260851961,2.651079979,2.408193933,2.920567536,32.03207104
1847,USO,ANN,2022-01-01,2024-01-01,48,2.319947809,2.436664899,2.317913288,2.91489543,1919362.495,1.81384201,1.920749156,1.833181254,2.18418719,1370804.608,2.635940569,2.771391128,2.695560255,3.207865161,37.6437615,2.104643988,2.1715995,2.096401697,2.852552381,49.7314446
1848,USO,ANN,2022-01-01,2024-01-01,49,2.612926803,2.701875608,2.576231607,2.549951841,1915141.96,2.257351685,2.232019297,2.101023483,2.122409821,1403570.925,3.295783451,3.246609254,3.125782773,3.125447083,36.227236,1.923798987,2.276784461,2.265881706,2.129820797,46.2517212
1849,USO,ANN,2022-01-01,2024-01-01,50,2.01772129,2.126085956,2.511224536,2.335553437,1950252.908,1.688096873,1.537065887,2.009244919,1.729107412,1441605.842,2.465417749,2.240758042,2.976278923,2.552025165,35.54698472,1.628460101,2.180545616,2.263869258,2.352865637,41.86652714
1850,USO,ANN,2022-09-01,2024-09-01,1,3.228753653,2.168309422,2.356027689,2.406269404,1245796.139,2.630099996,1.746865845,1.889173635,1.955676778,1009500.067,3.485596616,2.288695184,2.512674362,2.584811541,40.49692974,2.48818099,1.680462541,1.848193325,1.844952422,40.67447111
1851,USO,ANN,2022-09-01,2024-09-01,2,2.902404522,2.915794824,2.688802823,2.598718156,1196811.839,2.397301737,2.424304962,2.061444092,2.057648468,992608.6083,3.155936112,3.164760291,2.765655788,2.730286988,36.08172162,2.134774554,2.089371589,2.3313426,2.114683307,32.6624479
1852,USO,ANN,2022-09-01,2024-09-01,3,2.950747063,2.493055787,2.578899375,3.054994318,1183627.369,2.474532572,2.080269114,2.09619929,2.595924632,951728.5417,3.275663786,2.732271521,2.808335046,3.447442621,34.35232191,2.134325422,1.813278299,2.030320371,2.172596245,33.75098367
1853,USO,ANN,2022-09-01,2024-09-01,4,2.3479584,2.825431657,3.324990248,2.481196546,1173862.277,2.011419169,2.30600764,2.961177826,1.94961141,953469.6333,2.637630304,2.992964258,3.925744895,2.555784667,33.33282877,1.553697032,2.091866577,1.961527235,1.979141031,29.48084301
1854,USO,ANN,2022-09-01,2024-09-01,5,2.610596568,2.958555382,2.821424372,2.904011277,1202068.034,2.085358429,2.488080088,2.319470469,2.350093079,1026314.292,2.774128419,3.27789041,3.115234596,3.12479493,36.43729912,2.105667505,2.134659439,2.189400543,2.291221792,27.21916598
1855,USO,ANN,2022-09-01,2024-09-01,6,2.433577731,2.472561785,2.69723516,2.71177564,1116709.549,2.030249786,2.034846242,2.213367462,2.233892568,930888.4917,2.675364022,2.645555662,2.954611173,2.951044936,33.76659385,1.74857055,1.809286986,2.047824604,2.024017801,29.83150168
1856,USO,ANN,2022-09-01,2024-09-01,7,2.487809649,2.697185567,2.669909896,2.910679339,1204018.735,2.135548401,2.322467295,2.255321503,2.474537913,1005559.325,2.82843143,3.051887778,3.024982679,3.282617333,38.97725882,1.708161385,1.818419414,1.950175375,2.04655593,36.52203994
1857,USO,ANN,2022-09-01,2024-09-01,8,2.56223529,2.397099312,2.370002724,2.384854346,1258814.037,2.075891876,1.876832835,1.927170817,1.962580617,1047034.333,2.740661904,2.459485921,2.575321278,2.59021311,39.45817449,1.971028024,1.951523501,1.837653303,1.761550511,36.24352415
1858,USO,ANN,2022-09-01,2024-09-01,9,2.187812949,2.263239668,2.24815965,2.342539187,1079272.596,1.692227427,1.963949076,1.890432739,2.013268026,889316.15,2.225910126,2.562705691,2.518079657,2.650428074,32.01088981,1.810640484,1.443220371,1.607082951,1.549079222,29.96175676
1859,USO,ANN,2022-09-01,2024-09-01,10,2.837670032,2.759823728,2.482843117,2.983704176,1190434.814,2.228980001,2.221258799,2.01107254,2.387405904,988830.9917,2.926090837,2.894393309,2.685626783,3.157822397,35.44752723,2.272424285,2.11428196,1.918479024,2.359109035,31.62413915
1860,USO,ANN,2022-09-01,2024-09-01,11,4.034532859,3.067311572,2.865515141,2.578126651,1154197.245,3.470282745,2.536821747,2.386249288,2.206829834,934158,4.593606747,3.334830328,3.183023284,2.921866527,33.51761565,2.735542948,2.270718783,2.108743543,1.766565438,31.08517241
1861,USO,ANN,2022-09-01,2024-09-01,12,2.456638515,2.468091386,2.730511979,2.849190599,1097049.16,2.011700439,1.965958913,2.100703176,2.206082662,939784.9917,2.649488756,2.555312891,2.786417769,2.893069534,33.90813491,1.837310897,1.909285016,2.282106618,2.325217666,27.31740808
1862,USO,ANN,2022-09-01,2024-09-01,13,2.373329955,2.424766358,3.033871178,3.657683119,1231494.205,1.99940567,2.080403646,2.408522542,3.035132345,993337.1667,2.636448087,2.710352275,3.232036824,4.028204027,30.89755677,1.672758283,1.606430785,2.512439241,2.737344937,20.84683558
1863,USO,ANN,2022-09-01,2024-09-01,14,2.800374174,2.190059155,2.362201298,2.600805243,1237260.779,2.281110636,1.81812439,1.794067128,2.099284108,1039884.438,3.008614324,2.371349304,2.372546222,2.782133865,37.40018497,2.129597156,1.568190954,1.998401914,2.037743437,32.65545665
1864,USO,ANN,2022-09-01,2024-09-01,15,2.982189906,2.72409648,3.058534771,2.739151747,1063038.382,2.447168986,2.24028244,2.583350881,2.34489797,869647.425,3.229448937,2.932197559,3.447149436,3.102899457,30.65089874,2.229751758,2.015615435,2.170613452,1.86921668,26.70430335
1865,USO,ANN,2022-09-01,2024-09-01,16,2.380139854,2.662729676,2.429858256,2.691393774,1227079.225,2.139019012,2.281519572,2.028514353,2.342278798,1031971.825,2.825537812,2.968040838,2.69919369,3.090232991,38.12580467,1.379384578,1.75500611,1.764532586,1.735335497,33.18218951
1866,USO,ANN,2022-09-01,2024-09-01,17,2.876182787,2.774848998,2.494040047,2.976179348,1178016.729,2.437772878,2.27273407,1.940600332,2.507946777,995400.725,3.224164085,2.984560111,2.596547202,3.329645999,38.17288298,2.018386638,2.102419336,2.104239955,2.158962647,34.64684664
1867,USO,ANN,2022-09-01,2024-09-01,18,3.522172708,3.13503541,2.97302786,3.786084932,1230239.706,2.948427582,2.593056234,2.370363617,3.106102498,1023472.108,3.857687988,3.372575469,3.142048533,4.073242878,38.89092449,2.475732702,2.26855853,2.346155975,2.808517487,36.1602937
1868,USO,ANN,2022-09-01,2024-09-01,19,2.762868359,2.229422829,2.075520415,2.626678281,1126116.605,2.126836141,1.932675425,1.698235321,2.224378713,977407.3417,2.803768063,2.529100519,2.262628898,2.948169517,36.0166047,2.295970221,1.442376023,1.564029973,1.849286758,30.75297496
1869,USO,ANN,2022-09-01,2024-09-01,20,2.552448595,2.774708638,2.691427547,2.9563979,1129608.837,2.091339111,2.371812185,2.271224721,2.438981628,959806.175,2.758044288,3.101974254,3.041268625,3.22900673,33.8449548,1.920634084,1.874377227,1.951609281,2.221620704,26.9460501
1870,USO,ANN,2022-09-01,2024-09-01,21,2.934981906,2.741011039,2.02528618,2.201873831,1098153.776,2.391958364,2.336630249,1.541864522,1.803357188,931984.7,3.167537506,3.066667672,2.058333276,2.377987653,32.96629877,2.2604665,1.892840021,1.738884976,1.650886647,26.02566816
1871,USO,ANN,2022-09-01,2024-09-01,22,2.354853518,2.61616736,2.464114568,2.660786564,1206811.116,1.938179779,2.170819855,2.047779338,2.130177053,1070820.467,2.552725595,2.82971574,2.738137376,2.820919057,40.81167918,1.745001972,1.868090644,1.842625527,2.107257197,32.03947654
1872,USO,ANN,2022-09-01,2024-09-01,23,2.564737117,1.98862397,1.897482052,2.916380324,1153384.716,2.035710653,1.599902598,1.516514842,2.440931956,965443.725,2.697384475,2.098263511,2.024511406,3.233213029,35.18641676,2.069592081,1.549773099,1.512970321,2.119050779,31.96642984
1873,USO,ANN,2022-09-01,2024-09-01,24,3.075212422,3.16065683,3.374530244,3.461946487,1159735.695,2.572701263,2.721259816,2.845998128,2.983518728,946845.5417,3.402563314,3.566725273,3.804086554,3.95334609,33.87892013,2.218072563,2.100116811,2.414542118,2.331181828,31.07386264
1874,USO,ANN,2022-09-01,2024-09-01,25,2.624048728,2.419453707,2.392964451,2.948969054,1199420.157,2.22192866,2.109502411,1.983392588,2.526069387,1032739.45,2.942271953,2.769846144,2.636738649,3.352209337,37.45045038,1.85927465,1.56204049,1.749384912,2.040553405,29.03465164
1875,USO,ANN,2022-09-01,2024-09-01,26,2.631591918,2.364373263,2.850003049,2.384854839,1207371.119,2.11116511,1.791601308,2.381708272,1.975178782,1027856.45,2.778467105,2.335900843,3.184042978,2.60917222,37.75922285,2.057149256,2.001105468,2.099717393,1.7573915,31.40982205
1876,USO,ANN,2022-09-01,2024-09-01,27,2.307620558,2.214099517,2.016099674,2.25799756,1181803.595,1.847792816,1.802971141,1.676596324,1.910436503,958142.1583,2.451039143,2.368877924,2.242410444,2.530545344,31.83787133,1.856441235,1.696633803,1.504609781,1.600179977,25.89638529
1877,USO,ANN,2022-09-01,2024-09-01,28,2.930737849,2.300410943,2.212162096,2.44187244,1106404.405,2.480929565,1.868184153,1.869032542,1.982225037,952872.9167,3.266799916,2.438385492,2.501893875,2.625549615,33.8091703,2.02732603,1.740003742,1.596213722,1.902800695,25.74358989
1878,USO,ANN,2022-09-01,2024-09-01,29,1.906511191,2.056506312,2.765747387,2.547424295,1196427.84,1.59773941,1.725269572,2.193470764,2.137687429,968205.5,2.099349837,2.250018398,2.90176203,2.828757192,30.86831855,1.342291349,1.444026569,2.188461404,1.835030926,23.61118586
1879,USO,ANN,2022-09-01,2024-09-01,30,2.852429853,2.799408868,2.716924477,2.712436115,1094359.418,2.318728892,2.336588033,2.090902201,2.17634786,935049.55,3.052499397,3.058464622,2.791336986,2.87358055,32.80211446,2.161511132,2.014359446,2.292632052,2.129147007,23.0249735
1880,USO,ANN,2022-09-01,2024-09-01,31,2.52361088,2.441028454,2.719902514,2.707329745,1104012.249,2.035349528,1.928421021,2.299783834,2.100574239,914375.5583,2.690185068,2.524947888,3.080718676,2.782328624,31.94521296,1.976249271,1.959163075,1.971030548,2.271642628,27.12266976
1881,USO,ANN,2022-09-01,2024-09-01,32,2.550559588,2.050010265,2.951869386,3.377250317,1241433.905,2.05045344,1.617232005,2.467185465,2.894085693,1034311.242,2.722744393,2.119592064,3.32390516,3.856095043,37.39156629,2.034924217,1.647904758,2.235536836,2.37558608,34.45444157
1882,USO,ANN,2022-09-01,2024-09-01,33,2.94665404,2.416376132,3.133464672,3.191406003,1200589.929,2.342300161,1.868288422,2.694802856,2.607712809,991353.2792,3.102504865,2.453352818,3.610708599,3.467020035,32.92599746,2.36008858,2.006095144,2.154349455,2.458824794,25.85354045
1883,USO,ANN,2022-09-01,2024-09-01,34,2.614184905,2.597186444,2.520713909,2.745489408,1207678.068,2.090593719,2.205423482,2.078294881,2.352275848,1013411.95,2.750150616,2.877185219,2.776774156,3.101230516,37.88385724,2.043487027,1.774108533,1.914493521,1.843718087,34.5621207
1884,USO,ANN,2022-09-01,2024-09-01,35,3.419487827,2.120440286,2.373664759,2.667273432,1205126.224,2.705783844,1.731730652,1.849631246,2.293961334,988656.5125,3.558473757,2.260166,2.470690081,3.030481324,36.82198792,2.720948747,1.582097817,1.970017788,1.782003272,36.00912785
1885,USO,ANN,2022-09-01,2024-09-01,36,2.175802109,2.192894296,2.213920697,2.291138738,1132878.86,1.72942454,1.838961029,1.734048462,1.900056203,926689.9667,2.283877671,2.41175018,2.32450449,2.522828076,34.10797672,1.73563378,1.569772992,1.852539184,1.725073553,32.2987824
1886,USO,ANN,2022-09-01,2024-09-01,37,1.944723127,2.1499272,2.082691974,2.252279276,1218886.485,1.571999868,1.717323049,1.662858073,1.849432373,1049214.65,2.068172752,2.23143334,2.204372311,2.430357021,41.92879006,1.493839576,1.660087598,1.635804824,1.659620687,37.70462062
1887,USO,ANN,2022-09-01,2024-09-01,38,4.178054573,2.517897946,2.146325305,3.334605249,1140395.943,3.508002726,2.231991577,1.791500854,2.76924235,948096.9917,4.622427055,2.920051409,2.394152836,3.677709236,36.51009015,2.960126768,1.521652964,1.580200033,2.477882427,35.37026678
1888,USO,ANN,2022-09-01,2024-09-01,39,2.462543322,2.698772868,2.528976308,2.46632988,1128617.902,1.931300608,2.183302816,2.195126088,2.01936849,920224.7375,2.553210214,2.861291454,2.93128753,2.672977454,32.21899531,2.022702669,2.082700675,1.677048269,1.867807059,27.91737776
1889,USO,ANN,2022-09-01,2024-09-01,40,2.253343101,2.154938614,2.025142608,2.264247023,1092875.48,1.866184743,1.817956797,1.696776326,1.957367961,927682.275,2.449373192,2.36691418,2.258022429,2.587105903,35.86106264,1.637124125,1.479096383,1.448657201,1.498110229,32.22709971
1890,USO,ANN,2022-09-01,2024-09-01,41,3.828290707,3.22930555,3.153807716,3.951856167,1227616.835,3.027496592,2.628529104,2.551271057,3.253007507,1025456.8,4.012749263,3.447025388,3.423549374,4.319318549,39.04387034,3.113707161,2.470516931,2.527151653,3.009621522,36.00363817
1891,USO,ANN,2022-09-01,2024-09-01,42,2.749240788,2.50205995,2.664783923,2.669067019,1108482.619,2.238729604,2.008093007,2.244174957,2.200179291,933881.2667,2.968608215,2.641121365,3.007096591,2.921647506,33.84684957,2.120276139,1.969738529,1.9455635,2.011997266,27.93943181
1892,USO,ANN,2022-09-01,2024-09-01,43,2.468362493,2.229529207,2.211689136,2.397966147,1290795.872,2.150787608,1.989051819,1.823929596,1.975386047,1083844.075,2.847774531,2.595758821,2.430967666,2.611196091,41.92147393,1.622815067,1.294603678,1.658504448,1.803595499,39.94972518
1893,USO,ANN,2022-09-01,2024-09-01,44,2.718023202,2.401744537,2.170227329,3.127862028,1303898.478,2.220161692,1.979839834,1.758439382,2.611644999,1083469.85,2.942767722,2.589317647,2.357569665,3.474037006,42.58661234,2.084499502,1.762290822,1.716440296,2.316075067,40.63916676
1894,USO,ANN,2022-09-01,2024-09-01,45,2.689605375,2.552158242,2.543102641,2.744978885,1105290.39,2.279202271,2.194904327,2.115246073,2.283050283,952517.8167,3.002968227,2.861937574,2.814334806,2.999109229,36.15946101,1.859695402,1.675387684,1.852054734,1.969677603,31.10348775
1895,USO,ANN,2022-09-01,2024-09-01,46,2.017009655,2.133293006,2.673366572,4.004791678,1149335.586,1.63421224,1.758396912,2.249671936,3.426356506,1014896.433,2.155982429,2.308760372,3.013546718,4.558002361,36.72218951,1.565805383,1.597372781,1.951478328,2.786958494,26.96660829
1896,USO,ANN,2022-09-01,2024-09-01,47,2.124997384,1.914169358,1.946450834,1.914670118,1118506.062,1.671821849,1.51917394,1.560098521,1.435680389,954426.8167,2.215187574,1.99465299,2.093142226,1.899952432,35.7752564,1.762017733,1.537051299,1.558148097,1.675351629,30.03172091
1897,USO,ANN,2022-09-01,2024-09-01,48,2.28889619,2.553414791,3.472538834,4.00632995,1209332.484,1.95695165,2.052451833,3.012057495,3.379053752,1001203.258,2.582635317,2.695327233,4.043770377,4.493481349,33.76456278,1.556898102,2.001214069,2.364412343,2.885163277,27.35115212
1898,USO,ANN,2022-09-01,2024-09-01,49,2.599203692,2.706029225,2.620638579,2.489823612,1221426.406,2.032720947,2.305047607,2.096834056,2.012762197,1020479.3,2.701072516,3.029268198,2.816949772,2.672976649,38.97658669,2.178252254,1.886673561,2.143306257,1.961656254,35.72845654
1899,USO,ANN,2022-09-01,2024-09-01,50,2.456561652,2.891237209,3.696257864,3.465936631,1198774.864,1.887195841,2.417788188,3.109601847,2.931335195,960408.9083,2.470341201,3.164088581,4.152285835,3.876821009,31.27260444,2.02577993,2.07029566,2.677577931,2.44357203,25.80790328
1900,USO,ANN,2023-05-01,2025-05-01,1,2.800984105,2.498600578,2.790479156,2.73924123,2898435.879,2.022678757,1.838029226,1.925976308,2.012767283,1956748.504,2.94882657,2.624134715,2.879248542,2.918444039,44.75904543,2.9380806,2.450226131,3.14682792,2.752109886,48.81194963
1901,USO,ANN,2023-05-01,2025-05-01,2,3.902864112,3.728804829,3.83145727,3.924044056,3281007.529,3.041464106,2.723658244,2.844028727,2.883929443,2101174.775,4.459411653,3.917575777,4.264809794,4.221025152,43.82138539,3.675542067,3.704587102,3.976275363,4.012666645,38.66311929
1902,USO,ANN,2023-05-01,2025-05-01,3,2.416330782,2.139189335,2.789206939,2.732052191,3643457.604,1.806636175,1.543782806,1.85578893,1.942174276,2344401.529,2.621900844,2.207905481,2.796404522,2.842172959,45.40852037,2.385735066,2.137121122,3.212076549,2.848020533,34.19059468
1903,USO,ANN,2023-05-01,2025-05-01,4,3.775557407,2.920668079,3.328196936,3.183550217,3041563.837,2.858991623,2.080874634,2.399804052,2.25001475,2053580.708,4.207773885,2.986799273,3.57961662,3.276223064,46.03122358,3.718981745,2.987028449,3.546889077,3.344385751,42.60497255
1904,USO,ANN,2023-05-01,2025-05-01,5,3.054422892,2.603942298,3.132245593,2.840398896,3133621.769,1.898241806,1.762599182,2.011490758,1.994593811,2072623.242,2.797044886,2.534855947,3.019544128,2.915560323,44.93725093,3.636905875,2.783154318,3.686982613,3.033758763,42.90914117
1905,USO,ANN,2023-05-01,2025-05-01,6,3.479765295,2.99861205,3.952235991,3.951477567,3253762.083,2.53507932,2.115896861,2.848526001,2.815312576,2103537.104,3.734796347,3.045120537,4.247087774,4.126071904,44.15718968,3.620041444,3.09499974,4.217767449,4.140732132,49.25751459
1906,USO,ANN,2023-05-01,2025-05-01,7,3.570927962,3.057446093,3.404572427,3.426065387,3034713.949,2.531039047,2.214599355,2.186463674,2.339862569,1951111.367,3.729324145,3.175281315,3.313590795,3.426399103,42.31879461,3.836802531,3.067972401,4.052189102,3.756101545,37.35126289
1907,USO,ANN,2023-05-01,2025-05-01,8,3.313237041,2.980420073,3.940106174,3.275434496,3432953.712,2.266431554,2.051223501,2.773850632,2.482627869,2380376.188,3.342206084,2.939299681,4.159283111,3.629563152,49.4165159,3.668100981,3.134219306,4.32707895,3.16989559,46.44955585
1908,USO,ANN,2023-05-01,2025-05-01,9,2.800545455,2.64646545,3.3603934,3.239379036,2972662.474,1.961582565,2.055803172,2.479187266,2.438288371,2084580.088,2.862232568,2.955371919,3.730226846,3.552940425,42.65228835,3.020597818,2.439740383,3.539701248,3.216899934,30.67466828
1909,USO,ANN,2023-05-01,2025-05-01,10,3.006869558,2.658749803,3.060906462,2.982917133,3140353.961,2.290212123,2.049336497,2.345766703,2.247808075,2093609,3.334442207,2.928092219,3.477979388,3.281275349,45.90486184,2.92448656,2.439666117,3.024638413,2.926587524,47.92418342
1910,USO,ANN,2023-05-01,2025-05-01,11,3.503416192,2.534771247,3.507081288,3.500348268,3125352.067,2.668459574,1.893765132,2.618739065,2.635296504,2084877.008,3.930330454,2.704899067,3.907382765,3.870370832,41.95836929,3.459419229,2.461700594,3.648948829,3.472149849,27.99229867
1911,USO,ANN,2023-05-01,2025-05-01,12,2.846664074,2.376704975,3.010092903,3.310014983,3182641.799,2.148407364,1.905136871,2.289316432,2.934590658,2095396.154,3.11051585,2.681354191,3.367825292,4.196350451,45.61086873,2.819644017,2.042430029,3.026099182,2.266251855,48.9293421
1912,USO,ANN,2023-05-01,2025-05-01,13,3.45841703,2.811219623,3.629132594,3.532535303,3240524.75,2.621656672,1.964201609,2.496019236,2.458816783,2229066.508,3.842254998,2.815972385,3.754537185,3.594028284,48.31831572,3.418656965,2.917431873,4.039542284,3.782058979,40.09394398
1913,USO,ANN,2023-05-01,2025-05-01,14,3.181923806,2.398729661,2.609165268,2.948692682,2995362.255,2.250137711,1.846469116,1.811949412,2.022587077,2096514.908,3.292591565,2.629689982,2.673188324,2.949347851,49.66028774,3.37105742,2.207208298,2.864442234,3.180238579,49.06189873
1914,USO,ANN,2023-05-01,2025-05-01,15,3.176580005,2.642808624,3.182368146,3.759947731,3089071.572,2.43694636,1.773101044,2.392612203,2.857789612,2147521.471,3.551733388,2.539263113,3.561716374,4.176575653,47.76119237,3.03602368,2.82161959,3.188333029,3.652659858,39.73825214
1915,USO,ANN,2023-05-01,2025-05-01,16,3.057968683,2.760474624,3.430581143,3.459810728,3125637.346,2.083622869,1.954556529,2.422724915,2.448556773,2191418.158,3.057251793,2.81778931,3.628865947,3.603460023,51.3346825,3.383164051,2.839886912,3.767568746,3.696964416,48.92676452
1916,USO,ANN,2023-05-01,2025-05-01,17,2.712042684,2.196154472,2.775502815,2.929866118,3195126.178,2.051528295,1.554493713,1.993346659,2.38419164,2311846.067,2.995505972,2.208932081,2.951629415,3.456134632,53.59041834,2.695099843,2.232559571,2.935942854,2.507799709,51.91369303
1917,USO,ANN,2023-05-01,2025-05-01,18,2.966659571,2.172717108,2.957552672,2.796056737,3260279.091,2.292875544,1.513253021,2.062309392,2.141749573,2322950.45,3.353969285,2.158841301,3.084333812,3.120799415,56.32318448,2.854644622,2.251036158,3.241291823,2.681351398,50.85687998
1918,USO,ANN,2023-05-01,2025-05-01,19,2.938907429,2.582635852,3.05332006,2.824322711,3345577.659,2.053787104,1.934234873,2.26090978,2.106994247,2262830.842,3.004879348,2.770722582,3.367251758,3.060183821,49.93262632,3.141693521,2.496915234,3.150533438,2.778848086,41.96240595
1919,USO,ANN,2023-05-01,2025-05-01,20,2.622212214,2.295719893,2.757665265,2.66508276,3030050.393,2.022124863,1.591438802,1.82073466,1.999433136,2128922.625,2.923640955,2.268518923,2.711966469,2.911270838,48.71237857,2.5029688,2.38085198,3.157414103,2.623898848,39.91381259
1920,USO,ANN,2023-05-01,2025-05-01,21,3.194482894,2.672803205,3.919151349,3.325374085,3323185.776,2.406667201,1.967595164,2.796514384,2.517896779,2111026.092,3.523843119,2.827345274,4.202101813,3.697482864,39.5507262,3.158315223,2.628589661,4.264264342,3.293223901,30.88809197
1921,USO,ANN,2023-05-01,2025-05-01,22,3.436359626,2.315015726,2.735121515,2.655875645,3082396.04,2.639262009,1.777237447,1.833689499,2.028837331,1877150.438,3.866778265,2.511520181,2.70763023,2.919245077,33.38237816,3.336869057,2.138499292,3.106018786,2.565038721,26.43888369
1922,USO,ANN,2023-05-01,2025-05-01,23,2.678868426,2.580884254,3.17503721,2.930234485,3298990.412,1.940505346,1.81815389,2.148950958,2.209066137,2135882.167,2.856131005,2.618982142,3.230308634,3.244141863,41.9107315,2.809746267,2.704799923,3.592760724,2.889976212,34.39571917
1923,USO,ANN,2023-05-01,2025-05-01,24,3.102836637,2.189837569,3.352920599,2.772281469,3073633.32,2.274649175,1.490251414,2.16488622,1.808324687,2052759.625,3.350302728,2.123833256,3.277037297,2.655640424,43.39171204,3.197233041,2.317312778,4.003854345,3.156759168,37.34034143
1924,USO,ANN,2023-05-01,2025-05-01,25,3.045100041,2.140716589,2.717471066,2.989641757,3041581.431,1.991419347,1.358480326,1.894881185,1.913656108,2176628.008,2.901979189,1.932649958,2.80326308,2.804630762,52.43589462,3.42485934,2.379039861,2.971886251,3.420904973,57.11322328
1925,USO,ANN,2023-05-01,2025-05-01,26,3.860854905,3.074715535,3.587908644,3.354570185,3247091.556,2.789216487,2.309392548,2.712015661,2.330023448,2269530.621,4.108507328,3.307293476,4.042379052,3.402598089,49.63081871,4.023113847,2.94863966,3.644831978,3.61388228,45.33558814
1926,USO,ANN,2023-05-01,2025-05-01,27,3.262638141,2.483030579,3.627809727,3.366132449,3129237.791,2.393788274,1.839635722,2.674913788,2.391566467,2172539.55,3.538847633,2.650036878,4.029579659,3.525841498,49.96115332,3.389995406,2.469705312,3.820756362,3.625512018,43.82993332
1927,USO,ANN,2023-05-01,2025-05-01,28,2.949801365,2.53074253,3.33791931,2.897718466,3193707.903,2.193413925,1.783271027,2.457655334,2.115027364,2169774.642,3.205339011,2.543942499,3.676854489,3.046599784,53.22390665,2.98040045,2.619614465,3.496967702,2.923490635,61.02555485
1928,USO,ANN,2023-05-01,2025-05-01,29,2.987467609,2.292819432,2.522334349,3.041719107,3190139.262,2.156226349,1.550776418,1.632294083,2.39805425,2208844.383,3.146754081,2.21809828,2.442052668,3.501427067,49.92129611,3.068639664,2.431544564,2.901740802,2.762468309,41.60730396
1929,USO,ANN,2023-05-01,2025-05-01,30,3.859699057,3.05608091,3.555146162,3.733025772,3093837.198,2.788648605,2.249727631,2.451475525,2.638975525,2236966.242,4.089586782,3.199899338,3.649607527,3.84362851,54.77745625,3.971626592,2.977314335,3.911872667,3.875287936,48.005728
1930,USO,ANN,2023-05-01,2025-05-01,31,2.71120867,2.186921835,2.902152071,2.539356577,3016063.204,1.804277166,1.457655843,1.939381154,1.756306966,2218284.025,2.646096937,2.069821534,2.914386691,2.547342564,56.85887032,3.067803679,2.340589435,3.344235068,2.702360225,53.39279232
1931,USO,ANN,2023-05-01,2025-05-01,32,2.847213844,2.428435469,3.135366281,2.700574842,2961385.542,2.109808985,1.821182505,2.253478495,2.061245092,1987960.883,3.072846111,2.587756949,3.368036083,2.992188141,43.05721172,2.903997879,2.31903252,3.377973753,2.611959121,32.91523121
1932,USO,ANN,2023-05-01,2025-05-01,33,2.858294196,2.512043998,2.990005845,2.878814288,3206905.549,2.037941869,1.853015391,2.072303772,2.223307037,2088120.958,3.000064051,2.660786717,3.121445673,3.254347026,43.26688568,3.052838734,2.493493071,3.375541179,2.774826602,35.41796838
1933,USO,ANN,2023-05-01,2025-05-01,34,3.142018455,2.652901519,2.942888824,3.133662428,3230787.744,2.37302742,2.139483388,1.933868154,2.281616465,2050115,3.459382987,3.034727795,2.890932466,3.33872308,42.49654259,3.120595888,2.269273175,3.400418461,3.218829039,40.61161221
1934,USO,ANN,2023-05-01,2025-05-01,35,2.30220449,2.192921583,2.737975511,2.685529508,3268355.103,1.629695765,1.425462341,1.994044367,2.115720622,2127530.904,2.367861676,2.025782012,2.943383188,3.065873451,43.60925725,2.44094623,2.409741604,2.846984374,2.434608043,45.1346686
1935,USO,ANN,2023-05-01,2025-05-01,36,2.902652253,2.501753561,3.126511732,3.042603845,3102307.33,2.09857343,1.815552521,2.1898791,2.218389638,2176707.158,3.082327693,2.599185988,3.252005895,3.234640184,49.03247903,3.0227475,2.488187693,3.44991785,3.136354569,49.85840689
1936,USO,ANN,2023-05-01,2025-05-01,37,3.43403885,3.068691534,3.939924657,3.559545536,3339992.365,2.487003454,2.265717824,2.853229014,2.5973526,2204498.967,3.645317035,3.242600765,4.283973215,3.80767332,44.22998869,3.553482857,3.012046729,4.206798318,3.695224828,32.51348116
1937,USO,ANN,2023-05-01,2025-05-01,38,2.130848068,1.745967354,2.667857816,2.513325294,3129169.672,1.55486145,1.214780426,1.943257268,2.057202784,2195867.779,2.272952953,1.732247426,2.907938747,2.992701429,49.12585742,2.156176829,1.800740441,2.801058469,2.165733986,38.80108758
1938,USO,ANN,2023-05-01,2025-05-01,39,2.977461426,2.593212347,3.209873751,2.903644611,3067564.988,2.07782987,1.823047638,2.256547038,2.039136759,2034759.492,3.062508224,2.625654675,3.387365904,2.97231226,43.9088297,3.25185465,2.679939163,3.610668896,3.125043478,39.88552573
1939,USO,ANN,2023-05-01,2025-05-01,40,3.08098243,2.069491454,2.863867567,2.629786814,2925352.101,2.046004359,1.32747345,2.079747391,2.134960429,2029115.483,2.99403769,1.886807031,3.04800977,3.051457253,46.49041657,3.477614256,2.287095951,2.950741692,2.216923274,44.29001597
1940,USO,ANN,2023-05-01,2025-05-01,41,3.100023722,2.871059181,3.548328362,3.167712299,3344661.27,2.244588343,2.089816793,2.552886454,2.46748174,2247202.067,3.287166199,2.995727298,3.801959929,3.596678283,44.16353809,3.178867092,2.853038064,3.777064813,2.954202904,33.23712133
1941,USO,ANN,2023-05-01,2025-05-01,42,2.606403685,2.350071648,2.733889761,2.96120706,3391192.191,1.88927447,1.936810684,2.179590352,2.45262502,2217861.85,2.702351337,2.73440295,3.160474461,3.525706795,42.52971438,2.657700312,1.914421079,2.453467873,2.441433859,34.07844218
1942,USO,ANN,2023-05-01,2025-05-01,43,2.946366679,2.676279441,3.115129436,2.990711568,3330073.624,2.032178624,1.952932994,2.161766179,2.191160583,2080323.567,2.954109915,2.78217761,3.197025365,3.207987677,39.74378904,3.138405328,2.616889439,3.352331192,2.990140039,37.46312762
1943,USO,ANN,2023-05-01,2025-05-01,44,3.301051603,2.021495753,2.692710125,2.895710293,3114600.519,2.418210729,1.365436554,1.834352112,2.028608958,1930033.183,3.533549974,1.922751383,2.697740332,2.939241595,37.35932847,3.352485261,2.137026336,2.991040286,3.04613896,29.25817067
1944,USO,ANN,2023-05-01,2025-05-01,45,3.071716009,2.70790829,3.495657229,3.087675707,3191715.032,2.300857162,1.944821676,2.296731186,2.19469223,2123267.908,3.372449333,2.795617776,3.462637379,3.212228132,43.31941861,3.11128931,2.750804896,4.058718504,3.267946791,38.11112299
1945,USO,ANN,2023-05-01,2025-05-01,46,3.63199786,3.167349692,3.301954097,3.480515524,3020760.155,2.670866013,2.454547882,2.291717784,2.330273692,2208499.558,3.93077696,3.537768919,3.430571336,3.411434464,52.90718618,3.68286011,2.93745623,3.634395414,3.852932978,42.05736402
1946,USO,ANN,2023-05-01,2025-05-01,47,2.525949933,2.018320054,2.513928284,2.34295235,3013137.478,1.752426529,1.403403219,1.78028005,1.724180349,1996060.458,2.580615194,1.98929506,2.660717588,2.475938294,42.18828362,2.770916404,2.075543312,2.756276862,2.334625014,37.86570292
1947,USO,ANN,2023-05-01,2025-05-01,48,3.024946431,2.813852478,3.764765603,3.754937139,3196564.167,2.050009537,2.136410777,2.653506215,2.869476446,2182365.558,3.005797368,3.038850397,3.937222087,4.19436001,46.7016995,3.32908605,2.636032518,4.076322669,3.593945207,39.59579645
1948,USO,ANN,2023-05-01,2025-05-01,49,3.010573274,2.548061998,3.196872423,3.023807738,3297691.091,2.24195315,1.846661123,2.309827042,2.416411972,2202144,3.26344463,2.630767954,3.441283013,3.507752188,47.0318756,3.06298488,2.520599777,3.407729418,2.702787074,41.19144834
1949,USO,ANN,2023-05-01,2025-05-01,50,2.806080472,2.499399023,3.69894907,3.083975853,3292907.843,2.194803492,2.033148956,2.56691246,2.243162282,2325580.033,3.135458996,2.843258318,3.84570987,3.245280056,54.22928126,2.580775222,2.053321322,4.133187304,3.172378989,50.45455608
1950,USO,ANN,2024-01-01,2026-01-01,1,2.876821962,2.191892068,2.314399682,2.579007038,1751837.288,2.347598775,1.80719986,1.892547607,2.143611399,1467825.392,3.365311376,2.577743984,2.73412951,3.070970685,37.07012439,2.375163764,1.782707915,1.927790227,2.060935927,36.66443017
1951,USO,ANN,2024-01-01,2026-01-01,2,1.913065897,1.642410786,1.837745836,2.036977902,2044584.304,1.487371572,1.382284292,1.488171641,1.67205836,1721588.633,2.126897964,1.965972864,2.149285308,2.393995618,48.7415392,1.696358443,1.255917727,1.552314345,1.670761658,50.35336846
1952,USO,ANN,2024-01-01,2026-01-01,3,1.732736354,1.901495887,1.732933447,1.738068606,2101582.005,1.342716471,1.604876455,1.495583089,1.454992421,1738150.467,1.927770512,2.294671002,2.171772665,2.093985637,48.39418416,1.565589147,1.474867739,1.28318537,1.386958333,51.33474386
1953,USO,ANN,2024-01-01,2026-01-01,4,2.258401546,1.454605757,1.713583935,1.422041198,1885468.74,1.773341624,1.20954895,1.404246267,1.180917867,1548464.5,2.538062332,1.722131635,2.029527053,1.692078733,43.05104768,1.983223178,1.144794763,1.410389718,1.124418766,48.33758993
1954,USO,ANN,2024-01-01,2026-01-01,5,1.74465798,1.755090677,1.385445425,1.55950101,1926834.201,1.391305796,1.471734111,1.033481852,1.331561025,1607217.833,1.996279215,2.102099266,1.494867004,1.914651692,44.92723999,1.509911742,1.377879593,1.338039042,1.178396636,46.39355133
1955,USO,ANN,2024-01-01,2026-01-01,6,1.959270906,1.765026069,2.192803165,1.819671616,1734011.009,1.582337952,1.459768168,1.701038106,1.544215393,1421168.442,2.263320471,2.076407192,2.451825335,2.212919563,38.06857499,1.635178415,1.406544774,1.986767872,1.377285579,38.15361732
1956,USO,ANN,2024-01-01,2026-01-01,7,2.241961799,1.998036563,1.861605092,1.903387036,1766550.527,1.855435181,1.769401042,1.521493785,1.705013784,1461455.958,2.65458534,2.520889826,2.196590194,2.448218168,38.85451549,1.781746152,1.318992127,1.542327145,1.22147473,41.53311681
1957,USO,ANN,2024-01-01,2026-01-01,8,1.79024021,1.416554634,1.191171305,1.310407575,1889227.277,1.468428802,1.220901998,0.953957113,1.082570903,1511802.75,2.099527927,1.735726583,1.378862343,1.552124123,38.62045103,1.453277256,1.018036327,1.020015627,1.056408296,38.98462878
1958,USO,ANN,2024-01-01,2026-01-01,9,2.07430937,2.133964503,1.236343469,1.560529736,1826752.534,1.654480489,1.66880366,1.015036011,1.260470327,1457002.65,2.370733202,2.375976097,1.474172827,1.803787808,38.40676075,1.777232678,1.890325733,1.041342513,1.314353597,44.78795041
1959,USO,ANN,2024-01-01,2026-01-01,10,1.853759407,1.43441631,1.13159064,1.412991986,1772440.74,1.399859365,1.224320475,0.988366445,1.141988627,1459259.8,2.006647409,1.748687682,1.432861522,1.642595389,39.94624157,1.730341425,1.078665217,0.804364924,1.21880871,44.55174025
1960,USO,ANN,2024-01-01,2026-01-01,11,2.122780384,1.871432608,2.047897661,1.903600785,2067204.424,1.813093313,1.561357371,1.5673172,1.643760173,1795274.567,2.598199449,2.223780864,2.260155676,2.354797036,52.22031064,1.567829856,1.472274843,1.884203981,1.366877706,53.54067793
1961,USO,ANN,2024-01-01,2026-01-01,12,2.292749414,1.713355589,1.414370265,1.967112079,2098455.585,1.791757202,1.33253479,1.187520091,1.659527842,1766314.333,2.562183847,1.888799257,1.712265915,2.371726275,50.44852856,2.025466375,1.519735529,1.104025249,1.501529962,55.07371777
1962,USO,ANN,2024-01-01,2026-01-01,13,2.309677748,1.92978516,1.74474906,2.054216801,1872201.035,1.864604441,1.639298503,1.490636953,1.776635997,1578474.158,2.665821467,2.335490406,2.161064648,2.547225472,44.91298717,1.931919763,1.451091585,1.318982793,1.482878565,49.75701694
1963,USO,ANN,2024-01-01,2026-01-01,14,2.705193636,1.867702505,1.339953799,1.655620458,1804948.179,2.099953969,1.611219533,1.169620768,1.444672394,1455418.4,3.006063082,2.294787462,1.686409667,2.068740425,38.46390305,2.425686812,1.344069758,0.930836977,1.161948114,40.32882722
1964,USO,ANN,2024-01-01,2026-01-01,15,2.022727108,1.765156864,1.550215663,1.625544174,1838613.063,1.686353302,1.4720342,1.180600993,1.444122314,1548163.025,2.415029765,2.096496319,1.710634842,2.072150164,42.96902227,1.585350103,1.397428745,1.455680218,1.076782484,45.4601129
1965,USO,ANN,2024-01-01,2026-01-01,16,1.831844365,1.762569248,1.409560389,1.60572944,1792464.953,1.448564657,1.45137558,1.115211487,1.308290609,1487511.017,2.075967642,2.066955035,1.60945009,1.876680274,40.08153251,1.589645007,1.420253966,1.244380192,1.345025836,44.74073614
1966,USO,ANN,2024-01-01,2026-01-01,17,1.83242978,1.664422411,1.570470178,1.579879666,2034564.035,1.401603699,1.399436188,1.374478658,1.296133931,1753486.5,2.006977702,1.996239611,1.982862527,1.859296016,49.47015669,1.672920594,1.285481586,1.093331696,1.29123781,50.15664656
1967,USO,ANN,2024-01-01,2026-01-01,18,1.610841719,1.365170783,1.508348235,1.515075333,1907800.538,1.236543274,1.121402995,1.076039124,1.226280467,1601960.933,1.770037715,1.599264872,1.553449007,1.759361793,44.68986827,1.473520904,1.117391154,1.520190231,1.276760034,48.16939102
1968,USO,ANN,2024-01-01,2026-01-01,19,2.390483742,2.273454153,1.851123028,1.97932953,1910140.35,1.849504598,1.839819082,1.53200531,1.74734904,1613974.55,2.644945209,2.618542343,2.208293273,2.502896668,45.23068147,2.143145753,1.894195894,1.489392682,1.327948561,46.26283351
1969,USO,ANN,2024-01-01,2026-01-01,20,1.93632167,1.828691295,1.487729024,1.87760498,1944410.114,1.597170258,1.610307058,1.234131368,1.622647603,1676068.958,2.286392014,2.289681229,1.781574685,2.32140338,45.59529221,1.548095245,1.223020716,1.189704759,1.342542071,43.96128311
1970,USO,ANN,2024-01-01,2026-01-01,21,2.155712373,1.600932408,1.387627468,1.603754981,1899078.473,1.643240865,1.292093658,1.166080221,1.31522344,1605698.967,2.352862399,1.842719717,1.684755856,1.88811413,46.67817473,1.978561316,1.345192784,1.082613253,1.326320545,49.72805656
1971,USO,ANN,2024-01-01,2026-01-01,22,1.902371492,1.672367337,1.479671334,1.262690807,1815417.915,1.541864522,1.400244904,1.17418162,0.997558848,1449453.783,2.207375705,1.991612859,1.696415213,1.429184098,36.64567629,1.578857742,1.290856536,1.296453818,1.103544825,38.16421757
1972,USO,ANN,2024-01-01,2026-01-01,23,1.769919024,1.51231842,1.485719114,1.808020272,1845292.528,1.43069102,1.253702291,1.254266357,1.655716705,1488953.017,2.050402392,1.788679433,1.813962896,2.373991247,40.34051976,1.483187167,1.217079437,1.141299218,1.045459536,44.20618116
1973,USO,ANN,2024-01-01,2026-01-01,24,1.906021738,1.725020278,1.598630591,1.509949506,1905886.874,1.549091593,1.385659536,1.338107554,1.286018372,1597188.558,2.216574734,1.97588743,1.936187891,1.850315189,41.92846927,1.570938128,1.467361313,1.265403066,1.152241451,40.42719668
1974,USO,ANN,2024-01-01,2026-01-01,25,2.37057307,2.345494987,1.797589937,2.017444351,1697404.173,1.988048299,1.948372396,1.525220744,1.724228923,1344270.575,2.856388851,2.783930056,2.207686661,2.477123136,35.07200901,1.855318358,1.876036718,1.388870704,1.519536909,39.07741699
1975,USO,ANN,2024-01-01,2026-01-01,26,2.11034201,1.492236643,1.255081788,1.413429926,1985680.556,1.661263529,1.233546702,1.02078476,1.227593231,1740326.467,2.372611359,1.757205972,1.474026311,1.762308526,49.1182571,1.839735607,1.197849641,1.046882588,1.017736723,53.0120776
1976,USO,ANN,2024-01-01,2026-01-01,27,2.207548366,1.873339178,1.405433387,1.829213,1756342.606,1.591048686,1.517663829,1.206885783,1.556130727,1472625.933,2.282988086,2.167871942,1.748794577,2.235188953,39.51281206,2.179554686,1.574066055,1.054358411,1.381302101,42.14269622
1977,USO,ANN,2024-01-01,2026-01-01,28,2.369731553,1.868400515,1.641198061,1.798131588,1919011.552,1.897059886,1.516587575,1.419559224,1.617489115,1558631.6,2.715150706,2.15933993,2.052586714,2.323376325,40.82893208,2.015117247,1.55400393,1.193059121,1.144429959,43.84910268
1978,USO,ANN,2024-01-01,2026-01-01,29,2.326099463,1.759333383,1.673190063,2.204058237,1817436.554,1.768004862,1.460044861,1.369424184,1.855437215,1476533.65,2.532155482,2.080045618,1.975546639,2.660409965,38.99687103,2.15190499,1.408695032,1.380043478,1.70958933,39.81819228
1979,USO,ANN,2024-01-01,2026-01-01,30,2.157046937,1.863867746,1.694830964,1.966949652,1852221.379,1.743422953,1.571793365,1.421677144,1.724586233,1590688.233,2.495512693,2.2335897,2.046705926,2.468085366,44.98115067,1.80205759,1.420840535,1.319498642,1.352014749,46.53229148
1980,USO,ANN,2024-01-01,2026-01-01,31,2.083248214,1.888396683,1.695466083,1.79646766,1692712.512,1.707114156,1.526934052,1.329351552,1.495395152,1384148.733,2.445672472,2.168295958,1.916182532,2.137786497,36.14430459,1.691021475,1.574932637,1.509768492,1.414906007,36.02583735
1981,USO,ANN,2024-01-01,2026-01-01,32,2.00902506,1.872357617,1.477362112,1.691097863,1956955.313,1.492786407,1.527007039,1.195726013,1.461870829,1658125.033,2.137167944,2.179435778,1.728647127,2.096614472,45.53365581,1.915001631,1.554887506,1.258169994,1.222802771,46.20289562
1982,USO,ANN,2024-01-01,2026-01-01,33,2.063983079,1.960591715,1.574904062,1.903035968,1798019.545,1.623163859,1.489717102,1.226649729,1.567476654,1465822.617,2.321777232,2.118783351,1.77048309,2.24541842,39.47941635,1.807651593,1.805069106,1.41861799,1.540597509,44.06548841
1983,USO,ANN,2024-01-01,2026-01-01,34,2.001381656,1.868674013,1.590491407,2.044241522,1756829.659,1.597133636,1.62355957,1.377423096,1.81895752,1420222.475,2.285513604,2.316921282,1.990661637,2.617164911,39.70949685,1.715910912,1.326682123,1.15332773,1.368261379,46.97571854
1984,USO,ANN,2024-01-01,2026-01-01,35,2.49565448,1.931708448,1.727166122,2.046388804,1979107.089,1.909258779,1.583568827,1.528619639,1.739073181,1623020.725,2.735778892,2.258955149,2.212725727,2.498566272,45.71127706,2.289633722,1.586268273,1.171587135,1.564798071,52.28826932
1985,USO,ANN,2024-01-01,2026-01-01,36,1.561245629,1.56820818,1.272537789,1.497277514,1907985.906,1.304165141,1.300299072,1.063485972,1.245100149,1569826.508,1.867616598,1.852261234,1.535650873,1.785793468,41.39781987,1.216405154,1.249306555,1.003360944,1.188703884,41.10140125
1986,USO,ANN,2024-01-01,2026-01-01,37,2.730594146,2.393528542,2.067605263,2.326468452,1821333.252,2.259203593,1.92070516,1.676640066,2.018213145,1426061.442,3.236244455,2.740538566,2.413680879,2.890804759,35.68498777,2.178618492,2.039021998,1.726952302,1.650960384,38.64517523
1987,USO,ANN,2024-01-01,2026-01-01,38,2.213867393,1.774925798,2.297807684,2.014751712,1969574.49,1.811016083,1.502735392,1.789590708,1.795257314,1681853.117,2.598839446,2.143098725,2.588382762,2.573587034,46.55325985,1.806134827,1.343160935,2.081513981,1.308142086,48.16796266
1988,USO,ANN,2024-01-01,2026-01-01,39,2.085846248,1.560677155,1.445125855,1.598110862,1792843.671,1.719631958,1.303325653,1.142205048,1.340500387,1484923.758,2.464515926,1.858937258,1.65216854,1.922871021,40.30280001,1.680743707,1.233778276,1.270705416,1.249006889,40.64255266
1989,USO,ANN,2024-01-01,2026-01-01,40,2.499230607,1.994811935,1.834466151,2.122422521,1850872.758,2.025755819,1.681286367,1.581213379,1.886569722,1487288.267,2.904676757,2.39938431,2.283033888,2.706061125,39.1465027,2.084784921,1.535312582,1.339147832,1.407414508,43.12499765
1990,USO,ANN,2024-01-01,2026-01-01,41,1.760050492,1.744642141,1.794212343,1.687353139,1824558.47,1.399600983,1.468279775,1.548071543,1.459957886,1398252.008,2.004391786,2.095739877,2.243170072,2.099709855,35.29924335,1.517116735,1.355875676,1.322349078,1.235865697,41.79001052
1991,USO,ANN,2024-01-01,2026-01-01,42,2.185103563,1.856178342,1.487428227,1.621090942,1781159.514,1.683664703,1.480525208,1.269574229,1.376791382,1498521.333,2.41061869,2.109288317,1.839917792,1.977367497,38.17466137,1.981919466,1.593489411,1.127571856,1.247950206,35.37388021
1992,USO,ANN,2024-01-01,2026-01-01,43,1.45619158,1.335163237,1.471870933,1.295709859,1937192.221,1.147872925,1.085197957,1.215880585,1.021178945,1628244.525,1.647204701,1.548737178,1.763834477,1.471737148,44.98857192,1.286039638,1.1229306,1.209699377,1.160795179,44.76287943
1993,USO,ANN,2024-01-01,2026-01-01,44,2.030351164,1.555847513,1.278013806,1.811768916,1910144.852,1.590002441,1.273393504,1.0626887,1.573727926,1611704.05,2.27379597,1.812474923,1.537458558,2.25505487,47.02157592,1.798086724,1.279969728,1.02149973,1.289285305,54.0258598
1994,USO,ANN,2024-01-01,2026-01-01,45,1.983084017,1.736470413,1.352241303,1.589986378,2018608.259,1.735810852,1.463435364,1.138191986,1.362219238,1648951.117,2.490734779,2.087802964,1.648335962,1.957161652,46.23756488,1.36028635,1.340712913,1.052768701,1.195526282,55.26882346
1995,USO,ANN,2024-01-01,2026-01-01,46,1.629714016,1.408290157,1.854301668,1.869028501,2008457.912,1.348230743,1.097915904,1.543549093,1.597842407,1704075.817,1.932919082,1.564510321,2.227342308,2.288725746,49.3836807,1.302220887,1.255354217,1.47805741,1.384624032,56.04609316
1996,USO,ANN,2024-01-01,2026-01-01,47,1.653226935,1.716452444,1.345075988,1.560122073,1747036.306,1.339489492,1.398095194,1.129455312,1.269389598,1461632.817,1.920185135,1.993904983,1.63569119,1.822356002,38.0116985,1.38390498,1.425397101,1.058187152,1.304189758,35.02449623
1997,USO,ANN,2024-01-01,2026-01-01,48,2.004648468,1.663366046,1.458319483,1.801282193,1856393.926,1.552934265,1.299051158,1.171439107,1.560648092,1461875.083,2.223159853,1.85447903,1.692786498,2.241988958,39.33168599,1.804475867,1.486936044,1.252715792,1.300720407,48.05154497
1998,USO,ANN,2024-01-01,2026-01-01,49,1.957796662,1.477542288,1.235615384,1.470719976,1826201.388,1.608138021,1.240002187,1.040969594,1.247956594,1567401.508,2.310096384,1.774566729,1.504960968,1.79630286,44.30855921,1.602753434,1.160964239,0.963554584,1.128207795,44.31243081
1999,USO,ANN,2024-01-01,2026-01-01,50,1.837711109,2.316059058,2.655248191,2.212709583,2215977.753,1.49475886,1.952591451,2.248905691,1.87857844,1915683.667,2.139048857,2.782286679,3.24780751,2.693810685,56.82566387,1.522934078,1.769078251,2.031753811,1.682314331,59.70957612
