,Stock,Type,Start Date,End Date,Seed,Open (RMSE),High (RMSE),Low (RMSE),Close (RMSE),Volume (RMSE),Open (MAE),High (MAE),Low (MAE),Close (MAE),Volume (MAE),Open (MAPE),High (MAPE),Low (MAPE),Close (MAPE),Volume (MAPE),Open (SDAPE),High (SDAPE),Low (SDAPE),Close (SDAPE),Volume (SDAPE)
0,^GSPTSE,GRU,2022-01-01,2024-01-01,1,200.34946696184585,231.408537648991,241.92709525986976,253.7919056154499,88711410.48331046,161.90625,186.35338541666667,201.636328125,195.8482421875,58894056.266666666,0.791824351421835,0.9058466227207324,0.9889208989725858,0.9551155636078628,33.564824343608166,0.5755343214722933,0.6638881979420476,0.6530117173515615,0.7846064590058264,57.10816978684727
1,^GSPTSE,GRU,2022-01-01,2024-01-01,2,184.1634053356072,160.83648552739075,149.0036731740849,213.5715629630616,89997813.55657986,164.50078125,138.54479166666667,127.12819010416666,189.20748697916667,59155810.13333333,0.8064225201295041,0.6779789086405352,0.6262758540269001,0.9270088991412956,35.13917329318751,0.40608509753714,0.4009823966462304,0.3820778872813862,0.4854880503260931,63.16177875225316
2,^GSPTSE,GRU,2022-01-01,2024-01-01,3,124.05245614726796,158.7921180541844,140.70858512602103,179.62911602057096,87734111.21233027,97.4671875,136.00846354166666,117.90852864583331,160.79329427083334,52919299.73333333,0.4794314734052004,0.665072658486991,0.580498636454744,0.7882153922492119,30.21871476235306,0.3777163550598403,0.3999331523464849,0.3758305246004237,0.3913938689897114,57.54690006279367
3,^GSPTSE,GRU,2022-01-01,2024-01-01,4,124.08247733110171,159.28457406861244,175.1569297306825,182.00102669492665,89691320.31916182,91.009375,118.54733072916666,132.24329427083333,137.13450520833334,59871339.73333333,0.4469873609159693,0.5776330382902294,0.649711407320302,0.6707828245045117,34.975235413641244,0.4128059392082157,0.5148789976680428,0.5626378102204062,0.5820234378170778,61.25835691994404
4,^GSPTSE,GRU,2022-01-01,2024-01-01,5,136.39068111727784,153.20121051427944,136.50104868419646,179.487768219748,88240239.3486845,102.9564453125,111.44459635416666,99.3427734375,133.2181640625,55547854.66666666,0.5035269574407536,0.5422274285138725,0.488628097005291,0.6508985445973747,31.70333142747325,0.4363817151743308,0.5082411910925501,0.4588395196509424,0.5845665448128778,57.64601162575005
5,^GSPTSE,GRU,2022-01-01,2024-01-01,6,128.39551907055818,141.38109663666395,180.8750232453102,168.89941814315608,93583613.76020804,94.13587239583332,109.53177083333334,141.33157552083333,131.64908854166666,68141769.33333333,0.4610459295965991,0.5338801980323946,0.6932254636281251,0.6437550950865284,40.43735195792858,0.4264568391014142,0.4319152566246801,0.5507620694721665,0.5132987529150553,65.61131482317846
6,^GSPTSE,GRU,2022-01-01,2024-01-01,7,126.5438114859138,172.87229614717722,176.39886479513456,204.6430377032824,88588728.86745133,93.38125,123.77838541666668,133.85345052083332,154.43548177083332,56552572.8,0.4578790426914166,0.6029138342327631,0.6573545106734605,0.7546592596198684,31.6301621802134,0.4175669555074504,0.5857520718489007,0.5622292581162973,0.6530984782835684,55.22774025820441
7,^GSPTSE,GRU,2022-01-01,2024-01-01,8,163.14671151068504,170.21552196336785,183.1475854049201,201.20534628381347,88958825.52660105,147.02805989583334,149.6025390625,162.37630208333334,169.73828125,58119176.53333333,0.7204927493227954,0.7308205462610475,0.7979463605810746,0.8311253843645363,34.687356869897016,0.3450569216168093,0.3950984921310959,0.4129021108005392,0.5261827842959945,63.06457821160109
8,^GSPTSE,GRU,2022-01-01,2024-01-01,9,150.5984174047451,181.23317647443872,215.1776853543716,223.95134020647995,90473566.28148767,111.82194010416669,134.22825520833334,181.24479166666663,163.09329427083333,61839204.266666666,0.5477226951821808,0.6527783498970865,0.8903557640340929,0.7963254070264436,36.68531656935168,0.4931576908106573,0.5900254197856165,0.5675599268286454,0.7456479819034707,63.86205887003727
9,^GSPTSE,GRU,2022-01-01,2024-01-01,10,111.8592533013398,136.30940740412905,120.81899222427842,168.3727976525886,87594448.44771986,82.130859375,110.216015625,97.3953125,142.46184895833332,56006057.6,0.4024960586101365,0.5379300396717956,0.4796245403547015,0.6974199235658596,32.911099077545366,0.3712261937681337,0.3882833464912658,0.3504474793915434,0.4365729320037424,60.34681406302516
10,^GSPTSE,GRU,2022-01-01,2024-01-01,11,212.8862403776666,255.9210354640671,154.7277736016431,215.87615936739604,88922483.54036139,181.22467447916668,207.3228515625,114.96100260416668,158.36614583333332,54060080.0,0.8877305861621415,1.008813603259191,0.5653556564540183,0.7738457164268681,28.3381536150263,0.5471512742244883,0.7280539091932835,0.5075557230496306,0.7137714820006845,49.83372430640311
11,^GSPTSE,GRU,2022-01-01,2024-01-01,12,123.16196924078002,141.64250552343535,202.40091730376088,228.84012170971647,88444257.91511019,89.58684895833333,111.9833984375,162.14290364583334,175.66236979166666,56108986.93333333,0.4392302740304679,0.546487806513805,0.7952435774202268,0.8572761017450452,32.564412664976395,0.4140133560058664,0.4205338380490271,0.5920830464405233,0.7118912587966186,59.44926533910247
12,^GSPTSE,GRU,2022-01-01,2024-01-01,13,168.66286378664475,247.5575964089152,265.13195275940103,291.8819245632717,88676789.00165176,133.64498697916667,211.17115885416663,231.146484375,243.03854166666667,56504349.86666667,0.6526005672248814,1.0248548592854505,1.1321205495677618,1.184558353086182,32.81365261507456,0.499071525007957,0.6179194640694593,0.6278769833649137,0.7808195448034666,59.33706838834449
13,^GSPTSE,GRU,2022-01-01,2024-01-01,14,157.36247410979186,155.2860059231323,176.01560396323296,182.3368170753522,89127900.4817354,113.37955729166669,117.07513020833332,130.67369791666667,143.9412109375,57370508.266666666,0.5561275058228146,0.5710367005869789,0.6417681048020725,0.7042602694347515,32.67263194444054,0.5351841361395121,0.4946833904825629,0.5768995151548073,0.5432985198314455,57.13907831877021
14,^GSPTSE,GRU,2022-01-01,2024-01-01,15,112.852536410976,153.588647358379,165.76222381050994,187.0761246470641,90117878.98134798,87.60436197916667,125.85475260416666,125.71569010416668,154.57903645833332,58977258.66666666,0.4308114097765366,0.6145290543897657,0.6167153101987831,0.7566205531649602,33.605633225485114,0.3492383443337867,0.427891084078838,0.5267382786155996,0.5131967745561633,57.92257988172346
15,^GSPTSE,GRU,2022-01-01,2024-01-01,16,120.46653500563647,138.16962601115696,148.1537965552216,160.69991959746082,89068301.10376947,89.51809895833334,108.01979166666666,111.86354166666666,131.796484375,59499572.266666666,0.4389336500001689,0.5270073336679565,0.5499771211522024,0.6448583314246387,34.97979742689986,0.3943969445021215,0.4171753328631269,0.4744725179645767,0.446373330365196,61.31699142576858
16,^GSPTSE,GRU,2022-01-01,2024-01-01,17,134.5997771842741,148.53089588395147,170.8258044405869,178.3868490669899,89847812.63347022,118.87578125,125.30305989583331,153.74720052083333,156.27493489583333,59768982.4,0.5834225555260262,0.612140660536051,0.7554628177154405,0.765446597849219,35.537998275074166,0.31041490479465,0.3884898872401034,0.3638182721229007,0.4198893198256609,62.61241153126848
17,^GSPTSE,GRU,2022-01-01,2024-01-01,18,113.15986672835078,140.1884694492643,123.66177922193695,175.38232064768448,86851867.92080384,87.4515625,108.88600260416666,102.29381510416668,144.64095052083334,53611396.0,0.4291369162523493,0.5305051764529732,0.5037173197485094,0.7079338539983351,29.156834759006223,0.3515444277908697,0.4269308549776698,0.3406291103245387,0.4822588426214492,52.02060427788931
18,^GSPTSE,GRU,2022-01-01,2024-01-01,19,120.6089024735767,174.65786435403905,181.8842800821959,251.44854286288967,87909954.98156412,92.80631510416669,136.41751302083333,159.11126302083332,193.58509114583333,52739796.0,0.4557668299167465,0.6638960680286071,0.782725205740766,0.9430929188197296,28.79612824381679,0.3775458551812911,0.5269470827817399,0.4327708682658092,0.7781133529269865,53.36287201659579
19,^GSPTSE,GRU,2022-01-01,2024-01-01,20,145.8963684509449,183.26341332112463,164.87399306415202,192.63728888554567,88856366.35535939,129.29055989583333,161.36328125,146.14296875,167.71783854166668,59303530.13333333,0.6346742367249131,0.7886138954114364,0.7191406668244833,0.8219176897992582,34.259404510587736,0.3333273455545694,0.4255284244256469,0.3741734789574326,0.4628922714012523,59.12574069939718
20,^GSPTSE,GRU,2022-01-01,2024-01-01,21,137.05158333479025,152.22635358639957,138.2935470257062,216.6759207149956,87294041.68443707,104.11139322916668,124.53001302083334,111.5263671875,158.2494140625,51873980.53333333,0.5102693613944809,0.6080114375028869,0.5490179454438628,0.772481306929039,29.29088598746004,0.4351639990429434,0.4245152279113653,0.4005813930458531,0.7209332664745808,56.533410130854165
21,^GSPTSE,GRU,2022-01-01,2024-01-01,22,134.1880636301983,138.07288127624832,127.24300685320604,162.5679846996393,87545987.34150772,100.76673177083332,113.173828125,100.59850260416668,139.479296875,57490824.53333333,0.4945726302495085,0.552517229722765,0.4954973776502248,0.6831847867713623,34.26982220139789,0.4341205772797223,0.3834900349996454,0.3817681522111149,0.4064569142820107,61.90117295261528
22,^GSPTSE,GRU,2022-01-01,2024-01-01,23,125.70252755202714,155.73499134056962,151.83422782011945,216.29500449489527,88710456.75820892,91.37727864583331,110.7345703125,108.94049479166668,163.18912760416666,56825435.73333333,0.4471872594798143,0.5387503592384676,0.5350548710167363,0.7959423310059865,33.837826970873955,0.4212579848064147,0.5297598570520338,0.5164120923264,0.6885347634395452,62.30647325970949
23,^GSPTSE,GRU,2022-01-01,2024-01-01,24,124.29103760636306,144.6995349243852,164.24730211632783,169.20792037561532,92581699.736107,96.99700520833332,121.16126302083332,119.15794270833334,136.57278645833333,65632512.0,0.4762139705655398,0.5918045530378532,0.5847311334235619,0.6683269292059659,39.42260481651088,0.3801671142204944,0.3843275596612898,0.5519294399828696,0.4851359447569831,66.33115180145685
24,^GSPTSE,GRU,2022-01-01,2024-01-01,25,127.83306065712254,150.78827641893946,150.5496085980379,207.32518148720573,90222795.08852775,102.7982421875,118.44420572916668,106.04225260416666,153.70833333333334,60494770.13333333,0.504994171723527,0.5780853906094552,0.5210398401326182,0.7511287593118201,35.65582987496342,0.3726180264601419,0.452247306333796,0.5238081074279705,0.6758696340482105,62.054823660917805
25,^GSPTSE,GRU,2022-01-01,2024-01-01,26,111.56453622079944,144.69176566441652,124.18549218310557,165.01840581056766,89270071.87753426,85.72233072916667,114.58216145833332,92.0453125,130.23391927083333,58971705.06666667,0.4202007007385775,0.5582933612055896,0.4520639570702895,0.6369177485512227,35.44676028946559,0.3490662985749003,0.4264965122628267,0.4063211649640812,0.4907486906296722,64.09606759227027
26,^GSPTSE,GRU,2022-01-01,2024-01-01,27,130.3080038298553,145.41718022442538,163.1070820663049,174.64725502027375,87890869.62891385,98.1234375,113.18854166666668,118.0515625,138.53502604166667,56236937.333333336,0.48026887107062,0.5516201487314576,0.5794077870784241,0.6761568823938985,32.31047074958307,0.4184533161438202,0.4409072638848594,0.5495252215535835,0.5151311025883348,58.11505807187067
27,^GSPTSE,GRU,2022-01-01,2024-01-01,28,123.39402671022562,167.93611899573423,137.68714369284618,188.76541140091425,86079316.53190094,88.23170572916666,138.99720052083333,102.38756510416668,151.7634765625,54044972.53333333,0.4329599713779159,0.6795101517835975,0.5036352380878037,0.7427256171571678,31.00532459307277,0.4232123588806125,0.4596087678838714,0.4513569087243001,0.5464098394700977,56.60039390705192
28,^GSPTSE,GRU,2022-01-01,2024-01-01,29,129.96418411442,164.67429062237994,148.38183731098482,178.8195843108024,90589612.37166353,94.83372395833334,113.30846354166668,104.72584635416666,136.46412760416666,60776803.73333333,0.4653812452837139,0.5514957119750667,0.5150386159021382,0.6675241017115754,36.04444895880104,0.4346044408424094,0.5793570358929031,0.5155257685605159,0.5623685698040838,62.87310268994707
29,^GSPTSE,GRU,2022-01-01,2024-01-01,30,114.52646746952324,158.64420159338786,156.87700871451855,192.4455942171097,88612784.23835717,84.50286458333333,117.5552734375,118.2794921875,143.1791015625,59644669.333333336,0.4148355895721244,0.5716723186770589,0.5815678707080502,0.699216792920457,33.99428455349733,0.3787159279824952,0.5150505309651758,0.5037105911809631,0.624909070962817,57.22554116679104
30,^GSPTSE,GRU,2022-01-01,2024-01-01,31,143.0462880248203,183.8266874775015,135.4032273164768,164.38926936033195,87314525.38113815,108.453515625,134.91028645833333,98.6353515625,133.82545572916666,56524711.73333333,0.5312087921109638,0.6555912468094999,0.4853817959203413,0.6547202402263209,32.41468583062857,0.4565098415479509,0.6042095375528771,0.4555584619180741,0.4639990175866045,58.08997872184254
31,^GSPTSE,GRU,2022-01-01,2024-01-01,32,122.4394420288667,155.20260030445968,156.8879259423202,198.4489113311112,89807295.8693599,92.75110677083332,129.10677083333334,115.71100260416668,155.25201822916668,59131538.13333333,0.4559482557748926,0.6306536950295992,0.5694360538286372,0.7592843921529423,34.60520214823609,0.3917812835553796,0.4185735004520575,0.5200544061236613,0.6019346447309146,61.57218602435647
32,^GSPTSE,GRU,2022-01-01,2024-01-01,33,135.0209304704843,193.8434991853272,222.9228528614575,212.3367038987275,93772110.10705996,103.1251953125,149.51809895833333,172.299609375,163.48977864583333,66885490.4,0.5064410206982171,0.7285946364808207,0.8462546983799656,0.7994200035147262,40.00946050986112,0.4274953337434827,0.5981059520174927,0.6919114364558857,0.6591544740897471,65.30085709080468
33,^GSPTSE,GRU,2022-01-01,2024-01-01,34,118.6038308879567,181.0867857919772,136.2984795749354,184.17709145064185,89142620.26625632,90.45384114583334,157.55436197916666,114.29850260416669,159.90078125,59817152.53333333,0.4443006262496446,0.7708245441536435,0.5629834868135464,0.7836062706172989,34.55781522742521,0.3757338450916656,0.4386716334454356,0.3640613115714946,0.4468176885373267,58.89333192507089
34,^GSPTSE,GRU,2022-01-01,2024-01-01,35,134.20021535265832,165.8275691388131,168.86860024584766,197.33689149030712,87087624.55130495,100.34153645833334,120.83860677083334,118.77845052083332,141.73118489583334,54613856.8,0.4917221793781662,0.5884548192774346,0.5840408261566474,0.6928765924879539,31.579788501539507,0.4366152098019304,0.5516062792101118,0.5893645645873772,0.6678293074975873,58.68951620382946
35,^GSPTSE,GRU,2022-01-01,2024-01-01,36,129.75531486988982,159.00693244056413,153.18604682804818,181.67932294149708,87980025.73311155,92.4642578125,122.55807291666666,107.14381510416666,135.88138020833333,57462904.53333333,0.4533570203732738,0.5971269118536819,0.5269471763449463,0.6643441867258743,34.19589297075069,0.4461758928502034,0.4905637662723683,0.5376933137674023,0.5867868883363577,62.26868081351022
36,^GSPTSE,GRU,2022-01-01,2024-01-01,37,146.47325486741278,204.66584757455607,157.14158694113917,220.4152336510537,88219926.5240062,107.49420572916668,155.69986979166666,116.0705078125,162.3857421875,57913416.8,0.5270200674695171,0.7575009942877181,0.5710292061357628,0.7932086418235947,32.40107090202579,0.4877383244577168,0.6440439601289853,0.5201048982647308,0.726149442341578,54.676111787721226
37,^GSPTSE,GRU,2022-01-01,2024-01-01,38,116.98186768934649,142.62509157053586,148.60901681798504,179.83516508424,91596560.16924608,95.2404296875,120.14583333333331,109.71484375,140.36373697916667,62267901.86666667,0.467235384782417,0.5868810823752195,0.539707745566641,0.6867440345423312,37.37938842029086,0.3325684169103641,0.372849134839281,0.4904274567909201,0.5473581094828893,64.84179940259939
38,^GSPTSE,GRU,2022-01-01,2024-01-01,39,198.76227943090385,151.9389232757661,234.05178515231503,196.3273397403005,89766929.34898266,154.98059895833333,121.883203125,185.85013020833333,171.49928385416666,59425089.06666667,0.7600295205839517,0.5945201281089084,0.9137548949414248,0.839852489602036,34.7419454790174,0.6102339535856247,0.4396304924174775,0.6995423351248731,0.4652945823426762,61.09449950094527
39,^GSPTSE,GRU,2022-01-01,2024-01-01,40,137.63498548915894,148.00865003764815,126.6720885784475,169.7361390220309,87691264.00715013,100.35403645833334,125.77376302083331,92.8951171875,131.45234375,52653628.53333333,0.4923970790765755,0.6151529107632414,0.4567251978208261,0.6424550095141127,28.780550210039934,0.4619578138635486,0.3806217174410754,0.4215040698421846,0.519978150066275,53.07319911235702
40,^GSPTSE,GRU,2022-01-01,2024-01-01,41,133.2737916167355,156.36090967055395,156.88691966251625,181.0879228561835,88562664.52625248,105.061328125,131.95227864583333,116.26451822916668,148.83938802083333,57173082.93333333,0.5158281179515732,0.645014128789541,0.5714934730235867,0.7282608879801676,33.79017205779087,0.4027266101945664,0.4094579874345862,0.5156626170645785,0.5016237597378075,60.76346537621146
41,^GSPTSE,GRU,2022-01-01,2024-01-01,42,120.85742883372502,144.34221602733726,124.24676468370464,171.02274279466175,90793686.01488867,98.86341145833332,115.51764322916668,98.07220052083332,146.23411458333334,62018758.93333333,0.4853530600322658,0.5636731387210973,0.482479593855554,0.7158860821941353,36.21986322770663,0.3412603125442836,0.4197716420835338,0.3741202033590146,0.4313957188919337,61.87696658412233
42,^GSPTSE,GRU,2022-01-01,2024-01-01,43,201.2415178407738,151.98784101023205,174.81878423977884,207.33405102710864,89406935.88332869,177.25221354166666,130.27669270833334,147.23040364583332,185.53359375,59397569.06666667,0.8686626242421166,0.6363088013209831,0.7246211762712053,0.9086010076277072,35.09010206426629,0.4658719434498602,0.3807206244528072,0.4619660790287477,0.4519221464546263,61.58713035786937
43,^GSPTSE,GRU,2022-01-01,2024-01-01,44,112.20175955226254,134.17960050441062,121.3919056421269,171.27731825073005,91829305.03016704,83.5076171875,110.14967447916666,94.27584635416666,126.91380208333334,64524502.93333333,0.4096355213934611,0.5379784514718123,0.464304113882549,0.6208502668309176,38.92309869260684,0.3671611928953485,0.3713893853665714,0.3756835097356547,0.5591275098660637,66.3804405277886
44,^GSPTSE,GRU,2022-01-01,2024-01-01,45,209.16924154431865,222.67991928771795,202.45039615474576,273.4049095375291,90939917.3974676,174.58802083333333,179.7720703125,161.98131510416667,218.41875,61490915.2,0.853642759937249,0.873853418144462,0.7940802178550828,1.0656752087990866,36.5762023158682,0.5610201267801227,0.6341663532032961,0.591507685068751,0.7980478704624209,64.4892163735918
45,^GSPTSE,GRU,2022-01-01,2024-01-01,46,147.70125090212048,161.21827247974326,244.5615831300255,231.10427388550644,91778603.25302482,128.01360677083332,137.80188802083333,224.53919270833333,202.7923828125,63614240.0,0.6290826573025458,0.6739183872610328,1.1040937079142672,0.994536761102661,38.69149729303911,0.3634121261115117,0.4095727843383845,0.4772661656527061,0.5454750574101717,67.12604415003332
46,^GSPTSE,GRU,2022-01-01,2024-01-01,47,169.8470223295417,184.107705795818,166.25043191686373,187.7988679801642,89303854.74604274,133.55611979166667,135.59759114583332,121.8720703125,138.9123046875,58937526.4,0.6538714225920849,0.6596673174212624,0.5991148158348873,0.6790765731732661,34.54827009605277,0.5125546141801509,0.6036899080645499,0.5537834409312266,0.6155259784462465,60.4439561598634
47,^GSPTSE,GRU,2022-01-01,2024-01-01,48,167.70672397285202,165.79609142853252,168.19758074340174,222.86522274483383,89733502.4137959,126.0265625,138.16725260416666,121.66725260416666,197.12109375,58316949.333333336,0.617704418617668,0.6754193794431246,0.5978941539470152,0.96564084201427,34.88598829300915,0.5424951766943864,0.4467314288942208,0.5700871730242085,0.5081743635207194,63.8314879721753
48,^GSPTSE,GRU,2022-01-01,2024-01-01,49,116.57033770817266,176.98572677994596,154.99546026329227,170.40267384219229,89363545.85665543,94.80983072916666,133.72916666666666,111.51184895833332,131.61946614583334,59493806.4,0.4660704129648691,0.6493051995274524,0.5478610213435096,0.6439014164553869,34.885440211638446,0.3328159506091661,0.5590978809097756,0.5267090339618268,0.5254659841640646,61.0271059882358
49,^GSPTSE,GRU,2022-01-01,2024-01-01,50,115.73393276688552,167.50646337460432,211.44902677494704,226.67679401025896,89077146.40326072,83.74147135416666,119.3765625,169.88815104166667,171.91106770833332,59602146.13333333,0.4108962648237839,0.5802447667389018,0.8320368387611566,0.8375735126296814,35.15634792415552,0.390914711329995,0.5683992307994511,0.6125219959102588,0.7163755382613638,61.78186525816669
50,^GSPTSE,GRU,2022-09-01,2024-09-01,1,154.90718021345674,177.09579106905906,279.6795310253133,231.03133594345024,41323232.85314916,110.6267578125,140.537890625,185.66764322916663,174.18020833333333,31911700.0,0.4886572086262828,0.6168724963011569,0.8273811058846345,0.7701922438658926,14.929598888537512,0.48664079509447,0.4807589954487528,0.9554215689391768,0.6841662013950475,12.937674040185929
51,^GSPTSE,GRU,2022-09-01,2024-09-01,2,143.10993149817833,218.9034238983492,245.1653432999229,236.56445817574507,41573690.91025343,103.64420572916669,172.41256510416667,146.09153645833334,189.02936197916668,31732405.866666667,0.4573540292569287,0.7543816625330704,0.6529955770539244,0.8333040377019747,14.718082006708084,0.4418241029764082,0.5962418862165053,0.8995571409708802,0.6368449803601768,12.820285443845622
52,^GSPTSE,GRU,2022-09-01,2024-09-01,3,226.9104887650091,267.80749786773987,286.7561949828163,336.4895989315001,42063773.08376246,194.24303385416667,238.92975260416668,239.70729166666663,297.3650390625,31594426.666666668,0.854248830334121,1.0439764604291688,1.0613936512086772,1.305527146596073,14.503994502863293,0.5239343323017573,0.5295827124749778,0.7136067808958406,0.6954726229710971,12.701865730829534
53,^GSPTSE,GRU,2022-09-01,2024-09-01,4,166.38506359805697,202.955491644708,249.4339277589777,247.9189389283582,41303906.63870161,117.35338541666668,148.65807291666667,156.23723958333332,181.25475260416667,31599035.2,0.5182286132063724,0.6519011372601317,0.6968768848548725,0.8020829107812011,14.519855647983462,0.5315913756452526,0.6149704245839318,0.8885852644096269,0.7641491027520324,12.508839973563084
54,^GSPTSE,GRU,2022-09-01,2024-09-01,5,162.29999393761625,204.1650690330225,245.44651301664365,238.48770141774327,42129174.03797631,114.74928385416666,148.5453125,186.1643880208333,184.59986979166663,31487105.866666667,0.5062841877137556,0.6513477418758586,0.8262105110927654,0.8152765545258048,14.20202564006556,0.5168112234540142,0.623426171551155,0.7288199616931532,0.6795646457333521,12.241305680737211
55,^GSPTSE,GRU,2022-09-01,2024-09-01,6,161.14000623738264,186.82233554936528,294.1982080331977,412.2928052131208,42623747.09851091,111.5041015625,136.826953125,259.5415364583333,328.3395182291667,31959189.6,0.492510036740345,0.6022852881175629,1.1489666927477558,1.4463541608942536,14.046205404758435,0.5243765776421815,0.5687593973477013,0.6284527733373415,1.1213425970839033,10.999839289450934
56,^GSPTSE,GRU,2022-09-01,2024-09-01,7,168.73018627650757,202.6381384955912,315.9408991074451,268.3405065666039,40279112.96585975,122.19361979166666,142.76412760416667,224.71731770833333,196.5276692708333,29941473.33333333,0.5389773091091918,0.6266959947393663,0.9979376869483858,0.8689333405059171,13.589705057507492,0.5233657950742308,0.6436896409733452,1.011290403357606,0.8221430281871066,11.877055032103009
57,^GSPTSE,GRU,2022-09-01,2024-09-01,8,189.2815488547068,234.80971462481887,266.3310408118374,241.2306803284337,41516597.09659366,136.08046875,186.4925130208333,235.169140625,196.6923828125,31549170.666666668,0.6014412276131098,0.8179721936017674,1.0415233372968928,0.8663167550361373,14.57425078298721,0.5919799655826722,0.634351673148728,0.5652345264892712,0.623175846788514,12.897057722875482
58,^GSPTSE,GRU,2022-09-01,2024-09-01,9,192.9629991864985,218.5335064286056,304.89649388912386,270.0972027011055,42692062.24111257,137.21022135416666,156.4880859375,203.70807291666668,202.66979166666667,32128694.133333333,0.6057666928168212,0.6875490235484917,0.9083588991762576,0.8963297544489924,14.321380502910852,0.6116188789869939,0.6837663961070126,1.0378727057292516,0.8035408222708054,11.721031304079292
59,^GSPTSE,GRU,2022-09-01,2024-09-01,10,389.7995460987466,255.8700913197423,325.898405913982,414.9837002296276,42019022.86781224,367.4736328125,220.8548828125,284.174609375,386.3900390625,32377134.933333334,1.608222273939177,0.9642903600727732,1.2566751691525506,1.6894301039301225,15.113723626716268,0.5664938357631166,0.5668461888332205,0.7243955950789935,0.6536251093575963,13.056207262201603
60,^GSPTSE,GRU,2022-09-01,2024-09-01,11,232.4552370305428,178.41740306979634,245.23366771941545,216.2336761234711,43178558.93617456,185.8811848958333,129.7359375,155.23899739583334,160.71158854166666,32958297.33333333,0.819007139788395,0.5691642911717526,0.6930264453024085,0.7095039441424695,14.706233603154514,0.6271929114957149,0.5466141346603537,0.8678025163684445,0.6489796537662463,11.684485370002816
61,^GSPTSE,GRU,2022-09-01,2024-09-01,12,430.15137206881593,380.6336950360258,338.0126144521278,416.9188339157752,43347082.72601817,411.1003255208333,358.45514322916665,307.46764322916664,387.9329427083333,32539858.933333334,1.7993421240966874,1.563271177070556,1.3555968474680722,1.696404000498296,14.365988801449827,0.5456690489358131,0.5539554734430415,0.6254202277665816,0.6598567271592675,11.433354047344674
62,^GSPTSE,GRU,2022-09-01,2024-09-01,13,177.83191916318486,198.2725744885732,250.524603544695,235.44255773642377,43061509.4319135,122.92740885416669,152.5912109375,161.0759765625,180.21731770833333,32675944.0,0.5432957233585157,0.6718625669956413,0.7192322949419034,0.7961959944583584,15.166177003868343,0.5768505709374283,0.5672718278756438,0.8755464799662556,0.6798454871989574,13.16453799280384
63,^GSPTSE,GRU,2022-09-01,2024-09-01,14,281.3838782678044,332.059004195418,308.6323244600018,261.2147738533839,42007970.44683902,257.2224609375,274.89427083333334,252.33287760416667,208.27018229166663,31560790.933333334,1.1289986948133814,1.2012193724643916,1.1234017776875067,0.9176143656289556,14.492716061320362,0.502086559421039,0.8263026367663153,0.8096472825507424,0.7032603397879096,12.65237792809618
64,^GSPTSE,GRU,2022-09-01,2024-09-01,15,598.6459943716739,322.4051864185953,582.0145609586476,268.5285266121501,42612669.05984976,581.9466145833334,292.7534505208333,562.0506510416667,230.62356770833333,31380684.0,2.5484137262116344,1.2764703431991538,2.4711612454650416,1.0109200697605998,14.05671412125595,0.6022722079493203,0.5842311886690271,0.6484416007029997,0.6030872770841467,12.203256796808178
65,^GSPTSE,GRU,2022-09-01,2024-09-01,16,267.1149439300371,530.2084469171888,372.08449956582285,597.0651798403916,41930135.24934671,247.6958984375,506.4389973958333,351.616796875,564.8939453125,31567759.466666665,1.085420283206702,2.206260495571251,1.5481961019622672,2.4691242807663705,14.35906788156432,0.439408126006504,0.6751037692931487,0.5316965958638467,0.8357303143372538,12.446268838454383
66,^GSPTSE,GRU,2022-09-01,2024-09-01,17,159.66978590287002,187.2422168002003,292.40525717455813,239.7945800589241,42374300.18434055,122.16985677083332,135.28235677083333,195.10598958333333,179.94563802083334,32093924.8,0.5383338995146838,0.5947910961111821,0.8696521710997983,0.796208675870477,14.834564099535667,0.4607088233559046,0.579814946976289,0.9965369166280308,0.7153087945968681,13.021263002346233
67,^GSPTSE,GRU,2022-09-01,2024-09-01,18,237.6489853345903,328.6310695077535,286.4907587131006,352.77931172990753,42069868.44804348,207.413671875,307.49108072916664,227.37805989583333,310.7670572916667,31440324.266666666,0.9113712180892066,1.3434875787585767,1.0091319303014792,1.3629011334181935,14.402117606193428,0.5193759658104123,0.508090149887066,0.7957458772881874,0.7381166807510381,12.765967483950194
68,^GSPTSE,GRU,2022-09-01,2024-09-01,19,277.5025747959865,268.7803038266258,330.2664051177178,324.6959078410765,41943520.997483,256.1686197916667,229.3134765625,282.4195963541667,281.2914713541667,31638921.6,1.1257123175258803,1.0031620670694927,1.250815000201399,1.2362190114878344,14.188160552897052,0.4768931613573381,0.6194334712981973,0.7780403581360088,0.7202094756370665,11.826163530222171
69,^GSPTSE,GRU,2022-09-01,2024-09-01,20,299.3212189283934,339.2725306089675,356.54987266423063,362.5522111119872,42230352.144963846,278.84583333333336,318.1623046875,333.04466145833334,327.79889322916665,31722532.8,1.2215427310752531,1.3881006022652298,1.4674037174487358,1.435039271892303,14.556934570758653,0.4731943123679969,0.509104281054811,0.5590696481440661,0.6758575513626839,12.862580735263766
70,^GSPTSE,GRU,2022-09-01,2024-09-01,21,214.73090527174432,211.55624105957287,239.17605298656056,279.90901242582004,42545120.15466919,178.96158854166666,161.18997395833333,147.33678385416667,232.12194010416667,31921074.133333333,0.7871796682020139,0.7053438253126719,0.6580900021770584,1.0219436544446796,14.60512170528125,0.5308183178927159,0.6062833215536905,0.862694072923949,0.699785051348105,12.845223786520965
71,^GSPTSE,GRU,2022-09-01,2024-09-01,22,284.1351508190587,310.7505696253365,283.3037268676579,330.02061074193625,42647566.281246185,260.58125,279.88307291666666,216.6911458333333,282.88352864583334,32656124.8,1.144539854499135,1.2247874903444784,0.9644811881967692,1.2417501612814907,15.184407181766582,0.5013892776109181,0.5961496443931463,0.8301916113002511,0.7525498297458448,13.287899665911212
72,^GSPTSE,GRU,2022-09-01,2024-09-01,23,435.22127009633823,220.530678764282,426.8856914532629,341.8715393664887,44209334.87013188,406.81555989583336,174.073828125,399.19524739583335,303.433203125,33083062.666666668,1.7848137110222029,0.7624757454351874,1.7603088393322248,1.3295070089502414,14.503775222166611,0.688187070598043,0.5995286994523127,0.6710973123448307,0.6918529187565123,11.420777127529016
73,^GSPTSE,GRU,2022-09-01,2024-09-01,24,167.3693069466025,218.3456401426658,290.11598639006786,333.7476262160332,40824188.27916515,111.97434895833334,173.62805989583333,189.04505208333333,262.10084635416666,31191965.866666667,0.4957638976267283,0.7621077636712211,0.844225261269407,1.155603382352487,14.465849829329755,0.5601058623582065,0.5883881561699567,1.0066439771354212,0.9268318610727374,12.563897612915472
74,^GSPTSE,GRU,2022-09-01,2024-09-01,25,325.091657302537,319.96401774205464,304.5209680987086,409.7856657219812,41351788.84296544,288.3637369791667,271.3842447916667,218.97662760416668,349.52890625,31143902.133333333,1.2633771595999832,1.185263873091368,0.9748631487201064,1.53444155717888,14.339794631204631,0.6624324920146512,0.7492359917363159,0.9669508530661228,0.9515254259011366,12.56852166094689
75,^GSPTSE,GRU,2022-09-01,2024-09-01,26,225.3315474383932,259.376397224064,312.0564911286052,277.1167812924492,42696459.48796078,195.9947265625,217.27740885416668,237.12721354166663,225.87252604166667,31653985.33333333,0.861870423163893,0.952128062373676,1.0543262287073312,0.9952563794936752,14.19913004383149,0.4972383707449717,0.627758222889089,0.9272784896903028,0.7166674461545544,12.218951907355486
76,^GSPTSE,GRU,2022-09-01,2024-09-01,27,194.979916332244,198.3093812630148,243.0312204919553,320.1306362443894,43671213.86352941,129.669140625,136.27994791666666,166.25559895833334,227.080859375,35304865.333333336,0.5742309704891416,0.5990853399725351,0.7412668020629032,1.0061117362643863,17.01573005290333,0.6580660168726198,0.6457470069665386,0.8101140279122201,1.0195719404912853,14.015465561769854
77,^GSPTSE,GRU,2022-09-01,2024-09-01,28,155.32160286726267,250.5130791123402,233.8340653328055,305.3581521738273,46983159.15506395,115.1947265625,190.8485677083333,153.71666666666667,238.1073567708333,35814866.93333333,0.509875191857684,0.8358946786877322,0.6862977687276354,1.0514367344006064,15.429303787464873,0.4677620207678832,0.7246345378052194,0.8028078905087191,0.8598538094549926,11.060397966511944
78,^GSPTSE,GRU,2022-09-01,2024-09-01,29,647.3793454597129,603.7045396635283,341.81853596876493,667.8764693042991,45131312.81533249,625.8498697916667,568.3164713541667,245.73450520833333,624.6778645833333,33809390.13333333,2.7484438393906427,2.4835367572410414,1.0930292512322224,2.743509489923572,14.724578516787828,0.7443426741377088,0.9070470581942028,1.08557159156518,1.0621311767175967,11.337713669757314
79,^GSPTSE,GRU,2022-09-01,2024-09-01,30,158.45817182948772,269.225055920738,242.24533767176632,239.2948017713618,41614121.82022452,128.73515625,217.05546875,152.877734375,193.58893229166668,31876655.73333333,0.5678213387520133,0.9518462466283184,0.6819198115324465,0.8535921646072482,14.76158681172822,0.4137647462374998,0.7080623245331019,0.8567987637461548,0.631687495374663,12.94587324816661
80,^GSPTSE,GRU,2022-09-01,2024-09-01,31,198.5735288040813,339.0712109064211,252.68726177935585,334.1919984336742,42021415.00014505,151.8375,286.7517578125,157.87298177083332,252.1288411458333,33043519.466666665,0.6682295464159048,1.2523533676049698,0.7049828077449178,1.1120771444544042,15.640751492625144,0.572653263528048,0.8005938449067033,0.9007514754714704,0.9854538852612325,13.3867350643407
81,^GSPTSE,GRU,2022-09-01,2024-09-01,32,312.2426706647576,329.67597337249646,275.12763433008377,261.801225810609,41198994.875413135,294.736328125,308.75891927083336,208.1923177083333,221.5380208333333,31380012.0,1.291458556266356,1.3469071440033236,0.9251190092222712,0.973898808309938,14.521263924067949,0.4492964308566586,0.4987397464759119,0.8207058293615722,0.6195031754092508,12.681896401589002
82,^GSPTSE,GRU,2022-09-01,2024-09-01,33,203.73545686895,192.8710479113869,288.81597265585407,313.2450811285581,42975317.48428167,169.05013020833334,147.42838541666666,205.00494791666668,251.21731770833333,32628100.266666666,0.7428285425425102,0.6467677496042433,0.9096771058551092,1.1066863867685988,15.139907152684264,0.5061775969467971,0.554924866961201,0.9243074016895398,0.8382978222774734,13.3754261556666
83,^GSPTSE,GRU,2022-09-01,2024-09-01,34,192.5892913066216,227.06950397856093,310.0833304311835,265.58056314526027,41563042.661565565,126.33359375,178.28860677083333,192.42141927083333,182.6522786458333,31832922.666666668,0.5600367504789415,0.780574263799891,0.8616508733886691,0.8091615452205537,14.789769847006982,0.6577623701460072,0.6229560644085215,1.115515551357134,0.8723643846254401,12.839213622098242
84,^GSPTSE,GRU,2022-09-01,2024-09-01,35,228.48569794184263,210.47967731356368,267.6747175082707,252.2314720187301,41864511.61226756,159.78177083333333,156.39973958333334,192.6327473958333,196.13151041666663,31513472.0,0.7082687030230693,0.6871628048627134,0.8584264752674039,0.8669207189287848,14.385400040908497,0.7384547829965782,0.628123280205133,0.8485650976355027,0.7138722364019422,12.585916894921306
85,^GSPTSE,GRU,2022-09-01,2024-09-01,36,167.0171130867054,199.42383154072908,260.37145316787473,246.24478412248595,42730621.01714303,115.38600260416666,155.618359375,170.6861328125,183.81276041666663,32761608.53333333,0.5102251067468695,0.6818692707527285,0.7617641768397193,0.8132438615807696,15.28409646264787,0.5437747334847565,0.5526370431917754,0.8986589887753096,0.739421528275037,13.408457238333654
86,^GSPTSE,GRU,2022-09-01,2024-09-01,37,327.44848611663934,578.2667730264623,354.0740369148411,559.4304858371489,42324214.70042069,306.136328125,552.4186197916666,333.51490885416666,528.9795572916667,31915218.133333333,1.3398575747098522,2.4055666439096965,1.4685588736268955,2.310447189130388,14.43266771286903,0.5025897292118187,0.7329958536812249,0.518614103292592,0.780817194904822,12.313100849512182
87,^GSPTSE,GRU,2022-09-01,2024-09-01,38,190.7615031072406,278.6370253767566,307.0681898094473,266.47098676052093,41902087.30697072,153.11686197916666,252.449609375,264.46302083333336,224.59908854166667,31408631.73333333,0.6748263920460519,1.102809858972892,1.168734251163076,0.9876222689996792,14.335222870007794,0.510368471702221,0.5141969166959305,0.7046063608760409,0.6367922500146938,12.358832520007615
88,^GSPTSE,GRU,2022-09-01,2024-09-01,39,252.10629361881544,222.97749373872807,291.9956956602765,258.55125920388616,42150644.49771706,232.909765625,159.71399739583333,202.96744791666663,198.8505208333333,31957533.33333333,1.0220538281367644,0.7023573816930178,0.9058775915813676,0.8789937768858395,14.724716504448311,0.4243881043555613,0.6963996727844854,0.9594167500348326,0.744098212945978,12.83199204340736
89,^GSPTSE,GRU,2022-09-01,2024-09-01,40,216.08734279678413,266.9268966220606,541.280072836661,264.93568914067106,44927581.328043774,154.9619140625,204.85865885416663,484.62604166666665,205.04544270833333,37018946.66666666,0.6846831721925573,0.8975560302465867,2.1432337920526385,0.905693349183344,17.93387851367752,0.6792100634850471,0.7649347084939753,1.1032401565269987,0.7560512677041318,14.236701700820188
90,^GSPTSE,GRU,2022-09-01,2024-09-01,41,222.9948193924828,306.07224885426524,407.6500457120767,251.8054810344317,41843950.155430965,171.19029947916667,275.51354166666664,322.0843098958333,176.3640625,31085132.53333333,0.7526654596274929,1.2044252956737704,1.4311615334840546,0.7809360004195964,14.188496632017811,0.6392498540537488,0.5848008103300286,1.144727238893829,0.8118466632311312,12.55517421574839
91,^GSPTSE,GRU,2022-09-01,2024-09-01,42,197.517565580108,223.1316641106393,316.7926966105088,278.77676786142075,40572495.948352665,147.0693359375,177.96100260416668,251.86412760416667,220.0697265625,30664848.53333333,0.6501941755377526,0.7808956963836221,1.119801166019429,0.9725216438716612,14.008175492918044,0.5921719881296293,0.5974480671850009,0.8763290068910865,0.7692476684731346,12.151841264515584
92,^GSPTSE,GRU,2022-09-01,2024-09-01,43,235.86205384279663,253.5340527821271,244.5585307755125,238.51458428160927,41371754.93182493,213.81276041666663,215.41712239583333,168.07643229166666,195.16276041666663,31053664.8,0.9397119891482992,0.9429206641117948,0.7502094771045333,0.8560599580844767,14.168528964612705,0.4450889426939461,0.5915126575464151,0.8077553158454986,0.6032559457591616,12.158635212288852
93,^GSPTSE,GRU,2022-09-01,2024-09-01,44,153.8974721597276,193.24308442954737,254.7346321629259,234.46430180325683,41645872.44618863,100.68489583333331,137.55774739583333,158.39713541666666,171.305859375,30960508.53333333,0.4454200757150249,0.6032756557831125,0.7078920241938665,0.7576981280605888,14.099031552716246,0.5240966277931066,0.6055304761051327,0.9126762100493844,0.7233378098947373,12.499940005709917
94,^GSPTSE,GRU,2022-09-01,2024-09-01,45,309.59314671573765,251.5867745103376,376.4195242109448,288.8710847061894,41967242.99177192,291.3999348958333,204.4240234375,337.0265625,244.7037109375,33090836.8,1.277150932409871,0.8970043772206036,1.4892708004182162,1.0759484247402444,15.652968642045996,0.4560626275845269,0.652165741475205,0.7572378061534525,0.6832319712340001,13.167700072611073
95,^GSPTSE,GRU,2022-09-01,2024-09-01,46,175.6274600909014,218.25843444379493,238.1650492681528,270.87281994636976,42140793.52086854,133.52415364583334,173.9951171875,189.84791666666663,225.47076822916668,31565169.066666663,0.5912975216040737,0.7646196227298026,0.8442637926110966,0.9924372753575128,14.469290339989612,0.5119894013490002,0.5868030597102438,0.6561468792457797,0.6714564774947186,12.806894077358203
96,^GSPTSE,GRU,2022-09-01,2024-09-01,47,163.32890336990332,186.5652649310458,238.715113457902,242.9574966131893,42132317.0604394,132.17630208333333,135.17532552083333,170.35729166666667,201.6725911458333,31605810.133333333,0.5816644946736529,0.5922731875990969,0.7571841178552325,0.8863695997077253,14.546731888673204,0.4282743415325414,0.5717995087237151,0.7634764244775873,0.6007674012764774,12.74604494043446
97,^GSPTSE,GRU,2022-09-01,2024-09-01,48,439.9400714615399,723.6316334525651,707.6730375191215,824.7904347496407,42684505.41987681,415.16139322916666,699.39765625,665.0003255208334,794.4347005208333,31826431.466666665,1.8239980649221443,3.055957753155368,2.941093690180033,3.4884802537100774,14.552731877377614,0.6519553444717834,0.8249661734430345,1.1196738578457093,1.0011893783211014,12.777077038686176
98,^GSPTSE,GRU,2022-09-01,2024-09-01,49,159.90089293519463,223.97405889340143,243.00278524129104,265.64995776376617,42890330.72671209,119.20065104166666,188.28404947916667,162.6298828125,213.6177734375,32627128.8,0.5265744147541858,0.8259341350531212,0.7253158013216505,0.942515707235617,14.47912479740127,0.4799016103177764,0.537565096554101,0.8228749401845153,0.7072130276009144,11.346891257283442
99,^GSPTSE,GRU,2022-09-01,2024-09-01,50,418.4286417162929,439.9438619765037,710.9546380431145,646.8580137259202,42418331.91844098,381.41998697916665,386.2360026041667,653.6393880208333,587.7039713541667,31917288.53333333,1.673912401298132,1.6883752535934011,2.885766795959092,2.5806143007791205,14.623800268589912,0.7675433921280563,0.9373687590197664,1.272268625831076,1.2109968128570177,12.900066489761665
100,^GSPTSE,GRU,2023-05-01,2025-05-01,1,482.7915258859354,426.6261826251516,613.0382045385271,609.0120755933424,83663287.39380746,367.1317057291666,353.9899088541667,431.43157552083335,457.73821614583335,54392314.93333333,1.5261111711372533,1.4536681706805656,1.832097186489372,1.9121674042772745,16.286525832864793,1.3344402958196886,1.006129616525382,1.9418489360871645,1.7480411858334182,13.387220470900637
101,^GSPTSE,GRU,2023-05-01,2025-05-01,2,355.32651852435987,413.2447697409448,567.8986514548651,556.702877637825,84412655.914401,251.475390625,343.0650390625,381.45123697916665,394.7106770833333,53699689.86666667,1.0484988549535716,1.409133951816698,1.6204402918774077,1.651689890619398,15.700709338889045,1.0822606799240977,0.9699168761149504,1.86816386095184,1.712800046131275,13.58469038789514
102,^GSPTSE,GRU,2023-05-01,2025-05-01,3,505.1898533367464,350.0481038438929,615.2746070717238,597.9245956415491,85463804.59607086,308.64069010416665,262.1952473958333,399.86438802083336,392.30755208333335,55056209.86666667,1.3009253145402526,1.0780230590259,1.7077586349839593,1.650846034984774,16.204915885302317,1.7441796566239256,0.9749279199571632,2.088487668459675,1.969659702433776,13.642852513726352
103,^GSPTSE,GRU,2023-05-01,2025-05-01,4,442.04716822567167,446.7938250225974,617.5172976751412,589.4767998682227,82214748.2014687,356.1520182291667,387.0104817708333,463.965625,435.8455078125,51966577.06666667,1.4801168474817787,1.585422392937046,1.9618824884436483,1.820970686250424,15.328923999827538,1.1227317266331382,0.9334696772425092,1.8173357793264613,1.742685284815294,13.384914702089745
104,^GSPTSE,GRU,2023-05-01,2025-05-01,5,397.7968421984269,438.83462992610737,581.3086445333477,622.2966094891212,83079154.89638206,343.2386067708333,383.4608072916666,415.2923177083333,537.4436848958334,51909059.2,1.416865101483223,1.5684685518816417,1.7589744500730982,2.226150723289953,15.155710074837357,0.8601977256987609,0.8862354912888442,1.808487957732387,1.3541324474562586,13.643744352285744
105,^GSPTSE,GRU,2023-05-01,2025-05-01,6,418.73747501935566,418.6144122899188,674.5063252221503,594.3917820852708,87775297.48793873,296.124609375,321.79303385416665,420.1712239583333,415.75625,55746315.46666667,1.2393855853118152,1.326390184257824,1.8024137161614653,1.7436023417480715,16.100523135492512,1.2783344115878157,1.129321991169734,2.3567871265176974,1.849025789603308,14.137362609354671
106,^GSPTSE,GRU,2023-05-01,2025-05-01,7,384.3919915368675,399.1842227781954,684.5609939840502,662.0211418305356,86936048.57630233,259.69811197916664,328.8154296875,433.1314453125,391.13196614583336,53384038.66666666,1.0862380712405333,1.3488099047151645,1.8537525967959136,1.6535381605268504,15.162414664237389,1.2238341397460526,0.9524926712137364,2.358571109035251,2.3363368470833805,14.476424482655714
107,^GSPTSE,GRU,2023-05-01,2025-05-01,8,759.2053808383872,1037.9443440896475,601.3018066399621,772.2867133896564,93707530.79326372,715.3507161458333,981.3240234375,518.8382161458334,705.9912109375,59399573.06666667,2.9297381951449504,3.9829787828797216,2.1548325472227425,2.900428360344592,16.86905034833934,1.0428514092549492,1.3815464846571657,1.2899208825657578,1.307150860536718,15.3323476874313
108,^GSPTSE,GRU,2023-05-01,2025-05-01,9,472.47226118580426,432.8910537389535,702.9645983632078,611.2777519285507,90362025.147823,295.9565104166667,275.95006510416664,433.1810546875,391.2475911458333,57639207.73333333,1.247354620312308,1.1356653533545429,1.863125103320171,1.6453972490600692,16.520913316690844,1.604400450037629,1.4081684480534875,2.477014927853724,2.0445644488623853,14.522143532729933
109,^GSPTSE,GRU,2023-05-01,2025-05-01,10,481.9566287107551,355.2658011796784,608.5861954564745,569.6750865487396,86209267.4278341,356.4244140625,266.9818359375,461.94654947916666,473.1158854166667,54095205.6,1.4912592938896214,1.0931750040433614,1.9522322256742035,1.9612576336232943,15.62569651829862,1.427666750542669,0.985860933562568,1.771549893998866,1.3618386514809002,14.078411174505051
110,^GSPTSE,GRU,2023-05-01,2025-05-01,11,433.83769826643527,521.3267604367594,645.1841014581009,593.5086896163278,87644501.05138509,330.1874348958333,431.5951171875,467.09108072916666,457.56360677083336,55823531.46666667,1.3775904188845634,1.76930160151847,1.979434381382096,1.90744551094334,16.134789816704586,1.218071184284696,1.2221224735804,1.973677712022664,1.641061179658872,14.036544275801695
111,^GSPTSE,GRU,2023-05-01,2025-05-01,12,534.6120724603734,1154.4556101639,1034.0022971889575,849.6351248921297,93854764.77486698,497.0540364583333,1112.5186848958333,984.04765625,809.4669921875,59136297.06666667,2.0426474588849506,4.509577158626293,4.049192485886772,3.309372403398421,16.656113667574715,0.830580657481125,1.2257774611957846,1.2582139452497567,1.031472786337177,15.500509757163226
112,^GSPTSE,GRU,2023-05-01,2025-05-01,13,429.210224571662,463.1779402842077,585.1449879353609,549.8167744953628,93402625.30875582,315.1606119791667,416.6938151041667,384.12513020833336,423.5126953125,58564154.93333333,1.3173294282100196,1.69935836747495,1.6373046847145716,1.7637487871588284,16.50368405459827,1.2618780271616672,0.830895340462421,1.967260538241688,1.5266995626751474,15.479131024263324
113,^GSPTSE,GRU,2023-05-01,2025-05-01,14,407.88682756498577,423.1721371792273,635.3745868525168,607.9540131911522,93682578.37979764,263.6190755208333,319.84557291666664,404.1115234375,389.64368489583336,59873857.86666667,1.1082194549005204,1.3092344470209625,1.727074846843555,1.6373616972169571,17.110756134871348,1.355601121854012,1.155328483783311,2.180146499624305,2.030801143572253,15.185653889630066
114,^GSPTSE,GRU,2023-05-01,2025-05-01,15,370.4311155595117,504.33384278371074,766.8443754534399,579.1188818200213,86602599.99515185,246.290234375,380.0086588541666,470.7896484375,414.8646484375,52353937.333333336,1.0328176844040284,1.5506827846186249,2.027332159765537,1.7317549517880158,14.75070491779063,1.1995130206027922,1.3759082448908306,2.705286205691209,1.7439560202674904,14.714848654153108
115,^GSPTSE,GRU,2023-05-01,2025-05-01,16,735.3063332134182,532.4131724100191,597.7876713682938,658.5477363123117,84815730.43979184,680.4164713541667,500.66614583333336,489.0154947916666,598.3050130208334,55158921.86666667,2.786061303576553,2.034954221629236,2.048974686860322,2.4635353807076377,16.416584226499857,1.1498304215929758,0.7302241709903466,1.5141150684034064,1.1791685296097734,13.496477307005335
116,^GSPTSE,GRU,2023-05-01,2025-05-01,17,418.42474451468473,497.9786251680819,781.6194685981377,633.9154890936173,87209352.09735596,344.8849609375,438.08196614583335,491.02141927083335,531.6651692708333,56152464.266666666,1.4286430464906614,1.7922071618195523,2.1134591054513776,2.2063557606323165,16.49877606540164,1.0106503125928126,0.9860003172160542,2.7303319048336,1.5123537851838575,13.998051932665382
117,^GSPTSE,GRU,2023-05-01,2025-05-01,18,566.5175006265329,466.59909566962506,830.630046480462,608.2196150636195,84030956.25456598,353.5397135416667,304.32838541666666,524.3587890625,416.94733072916665,54617833.333333336,1.488441545293648,1.2532871157196643,2.250539627695408,1.7484417345503005,16.289175158930316,1.927925509877804,1.497863315722478,2.8764504357570377,1.92434100814803,13.39030162583555
118,^GSPTSE,GRU,2023-05-01,2025-05-01,19,480.1336865133992,404.82354898016223,660.744186031316,717.0039959611298,81675016.79063886,292.4596354166667,289.6936848958333,424.35390625,428.1792317708333,52174912.0,1.2337648689738725,1.191400787667472,1.8134978825372,1.806835273758327,15.50971403646238,1.6588387335265216,1.196096307713494,2.2532692835234216,2.508627521081887,13.162194828194464
119,^GSPTSE,GRU,2023-05-01,2025-05-01,20,415.2213369839049,371.41929273942975,614.2921445352262,565.5563752071675,84602234.48914807,292.64342447916664,282.6031901041667,401.52109375,367.2875651041667,53810863.73333333,1.221938248745131,1.1602195099058723,1.7134504956006489,1.539687344374353,15.798909169472369,1.2711729004253574,1.0104416723915053,2.0672408097784216,1.86326235595082,13.688120546240562
120,^GSPTSE,GRU,2023-05-01,2025-05-01,21,489.2696054990632,442.6766744439397,603.2448646873821,639.2298842268618,92486316.84056395,328.1763671875,379.11920572916665,434.02955729166666,416.21608072916666,60089645.6,1.380108942481509,1.553054410911482,1.839850406249863,1.752050984531343,17.365665756856092,1.5903416524812652,0.9588870411165128,1.8685079414615933,2.132116144357773,14.619729297369046
121,^GSPTSE,GRU,2023-05-01,2025-05-01,22,626.9966122529146,453.7684375998425,619.8115863046172,583.5694303433005,82522365.14282377,574.3971354166666,412.1067708333333,493.79895833333336,475.5021484375,52840565.86666667,2.3550971571433967,1.6788155753564131,2.078173899739181,1.9738944381310344,15.70270469375091,1.0425031547245172,0.7797149116364641,1.6705893222651973,1.4798133096836674,13.30840805192258
122,^GSPTSE,GRU,2023-05-01,2025-05-01,23,426.9070888975607,386.5241423773009,588.6432271534661,528.38074740384,90421115.20896114,362.8383463541667,259.35358072916665,383.57721354166665,357.9518229166667,57863879.2,1.5064340887483862,1.066799099349448,1.6389892888490984,1.4983480798807511,16.660578081575636,0.9896586316990116,1.2071289689043172,1.9955993398664145,1.6821817633420697,14.47553698315686
123,^GSPTSE,GRU,2023-05-01,2025-05-01,24,465.5762825554841,442.1951803680311,667.5408622871938,589.6066996559744,85168890.93103375,340.9016927083333,367.5621744791667,427.13971354166665,476.1333984375,56626628.53333333,1.426378546582577,1.5096439592338635,1.8296035827660493,1.9762362813866416,16.97665313856343,1.378825173423721,1.0351436638861746,2.2947616496894,1.515957305370268,13.189598575421233
124,^GSPTSE,GRU,2023-05-01,2025-05-01,25,479.5798427707748,381.4099507906935,547.126219825236,591.0022173261707,96443538.77557822,379.4430989583333,307.95579427083334,387.7156901041666,453.455078125,60068463.46666667,1.569052920552383,1.2636189908070667,1.6415915506569578,1.890885342347444,16.823842431147114,1.234756265850187,0.9439576061975108,1.713083407536312,1.6301728326391456,16.177025641912728
125,^GSPTSE,GRU,2023-05-01,2025-05-01,26,395.4715250510271,393.2887990644453,670.3383884154281,561.1795557571974,85793058.34893312,260.5581380208333,314.985546875,417.6550130208333,403.8059895833333,55527559.2,1.0930195825892683,1.294972342462745,1.7952891531134878,1.6885012144293876,16.395168394407396,1.287995813306271,0.9929129390860728,2.347754857556091,1.6979976075325938,13.666866700586615
126,^GSPTSE,GRU,2023-05-01,2025-05-01,27,641.9611002763411,544.3922532737297,1074.5967742254654,844.1455899939426,90728169.33671972,443.7701171875,414.566796875,873.3629557291666,575.9704427083333,57021276.53333333,1.8568293885948464,1.6941443941009393,3.680773334769896,2.414288276835661,16.21809496026337,2.0215477834166835,1.4732274557283245,2.805957344316065,2.699104981442763,14.860205903675574
127,^GSPTSE,GRU,2023-05-01,2025-05-01,28,566.7573208578802,802.3348528289617,745.5097005965606,689.6714982492094,85834793.6220735,532.47421875,724.3219401041666,689.5125,632.9724609375,55539007.73333333,2.182722159593172,2.953597685485387,2.85441992117752,2.605104931316572,16.468665786685012,0.8074462885594316,1.440459384108392,1.1893452380864444,1.1599556242002165,13.751897234094068
128,^GSPTSE,GRU,2023-05-01,2025-05-01,29,428.1591465114512,374.8685020818953,749.0029883845854,572.1695259819883,82106935.87569995,313.07421875,287.3434244791667,470.7049479166666,417.17669270833335,54346676.53333333,1.309884614731568,1.179108203678778,2.023860487613961,1.7447509239173864,16.565730660966306,1.2800491587549154,1.0151156153212353,2.6114355986288267,1.71630279315119,13.042400664810383
129,^GSPTSE,GRU,2023-05-01,2025-05-01,30,433.0514144987114,458.81950707065937,593.9183908623316,637.343327128825,87071267.00138241,296.5248697916667,333.7584635416667,437.83795572916665,415.71770833333335,54111284.0,1.2456342152564115,1.3715477594633818,1.850014182918145,1.7479608604588808,15.4318160879214,1.3770590574974508,1.3282623746449582,1.786696743512775,2.1208878805990032,14.352075407613
130,^GSPTSE,GRU,2023-05-01,2025-05-01,31,426.5067793594661,408.87033323063855,647.5195911598518,641.0704197600716,82366852.79069528,288.85865885416666,326.1072265625,436.9731770833333,390.5783203125,53408684.0,1.2142244254932504,1.341702808402463,1.8656532503246912,1.6486071837203655,15.960925562039066,1.3695042926642085,1.039970479833303,2.142491042813078,2.2293298240543624,13.12267337986808
131,^GSPTSE,GRU,2023-05-01,2025-05-01,32,448.6359380711384,500.76977493934567,614.4836577882544,663.1997193629818,90204959.9672634,350.8811848958333,400.4781901041667,508.41015625,601.1185546875,56057386.4,1.452708196483545,1.6412743722059449,2.1298218505208952,2.473452966887214,15.8764173225729,1.1821039057576053,1.2537265396452726,1.5199976498765024,1.1801660186964786,14.964658923843368
132,^GSPTSE,GRU,2023-05-01,2025-05-01,33,345.5362141147292,600.8725216309651,572.9083006495148,571.2552166537679,87944812.34318349,254.922265625,515.0163411458333,461.0890625,468.17102864583336,54865933.6,1.0604017382872943,2.1039688292743284,1.9335610849968723,1.9425800480390976,15.782569323869067,1.0050485764744714,1.2838580446024306,1.4893420284643726,1.416108093502136,14.507035876318126
133,^GSPTSE,GRU,2023-05-01,2025-05-01,34,421.8598274665118,336.2154828994943,643.2752535388055,623.6247060965073,87125389.12432653,301.2654296875,259.34251302083334,419.9645182291667,531.00390625,53977022.13333333,1.263522434706335,1.0599814434646806,1.799680678490627,2.201867757788462,15.429841313989392,1.2940645953557457,0.8942047257516647,2.185877020674058,1.4083583605493035,14.43509748347883
134,^GSPTSE,GRU,2023-05-01,2025-05-01,35,676.8151411050019,646.7046047530449,965.6133654387776,624.1011550421983,88731069.62095727,449.1755208333333,526.2167317708333,691.8492838541666,388.819921875,56240375.2,1.8847156512207264,2.1552135450422925,2.947318434436421,1.6361110690209493,16.18158817818381,2.2059891226521926,1.589198787178018,3.021295979373124,2.129008457667027,14.35809401369887
135,^GSPTSE,GRU,2023-05-01,2025-05-01,36,443.9824933000094,512.4670883581339,615.9382116340024,556.0925567962287,84482839.7340013,366.80625,423.8199869791667,467.402734375,381.2005859375,54453718.13333333,1.526189304798771,1.7371610121401542,1.974716728209244,1.5990094524593037,16.15837642405414,1.100302117051192,1.205623463596675,1.7933685811252535,1.7693025009876315,13.5774486895729
136,^GSPTSE,GRU,2023-05-01,2025-05-01,37,438.6185536839013,399.849443152204,642.641553297523,566.1232338802893,84736301.16694514,297.4350911458333,318.47565104166665,410.28522135416665,384.489453125,54093730.4,1.2445359999805108,1.3082357079234628,1.7556240068958284,1.6144793041058925,15.948278913652969,1.3938620261538783,1.016801950783151,2.2053335159912275,1.817783903486771,13.728241309949466
137,^GSPTSE,GRU,2023-05-01,2025-05-01,38,406.72532873143336,434.8608451477481,701.80390919736,558.6931928841403,87696715.61429219,318.1461588541667,322.0237630208333,452.5763671875,441.2947916666666,56024969.86666667,1.3265984575608951,1.317038943791193,1.9340157806839384,1.8359849344157468,16.234304152863793,1.1075824632316684,1.2170902854330197,2.385394460605329,1.4843466829505307,14.04062094996348
138,^GSPTSE,GRU,2023-05-01,2025-05-01,39,450.8321617909908,469.58652479267977,700.7327729882926,625.9750557799648,83784795.49274874,351.6194661458333,350.5123697916667,494.6666666666667,474.96002604166665,54353216.266666666,1.4654715661781577,1.4421479497655052,2.107008981919821,1.983032650984945,16.16163614653157,1.214446091036359,1.3257765522779814,2.22938091205557,1.7892965354588934,13.310278489448654
139,^GSPTSE,GRU,2023-05-01,2025-05-01,40,432.7585701384545,400.5246585187398,672.8739993910059,722.4640607716582,86603588.82092194,277.24140625,311.6842447916667,425.87109375,473.2659505208333,56119517.06666667,1.1658100829222382,1.2811952013574952,1.820330495450433,1.982395010315375,16.516963616857158,1.4454743644651746,1.0604969396563173,2.3176689882143613,2.373369224257131,13.732001950587051
140,^GSPTSE,GRU,2023-05-01,2025-05-01,41,448.1422879302952,405.8101546655647,591.2151580478292,558.8265730516737,94154767.37529294,354.6861328125,340.771875,412.3209635416667,429.60846354166665,58748580.266666666,1.4693951853283929,1.3964730308062003,1.7510951071807386,1.7905796530175704,16.529876281717932,1.1638101362562772,0.9226769132777054,1.88442674801272,1.558559283092943,15.709777115753562
141,^GSPTSE,GRU,2023-05-01,2025-05-01,42,475.2362475908921,475.6578518639961,751.0200261019987,607.06041124785,83711687.23845044,338.548046875,424.8470703125,572.8561848958333,398.9946614583333,52946523.46666667,1.4191208397453583,1.7349877539419096,2.428545754323108,1.6784057437488005,15.470295729655524,1.4636458615890722,0.8882041575743426,2.1882281847025613,2.0077383695582505,13.551141017103308
142,^GSPTSE,GRU,2023-05-01,2025-05-01,43,445.98294023379833,383.4828308187946,610.0378012255285,586.1279611928306,87946557.71141736,283.67421875,276.9733072916667,421.1625651041667,432.3472005208333,57002612.53333333,1.195086562838717,1.1411093018542346,1.7902465212119063,1.807401679504496,16.68045983070173,1.4994176655016072,1.1208241788881108,1.9668013672426423,1.7028565329761098,13.895026439685989
143,^GSPTSE,GRU,2023-05-01,2025-05-01,44,694.3210862955692,508.6755703272248,867.9863703831786,659.3683718461796,82825233.00004205,461.7776692708333,346.4975260416667,526.7996744791667,408.83391927083335,54235887.73333333,1.9435504196180544,1.4250598733039133,2.275003285641432,1.7251708254749858,16.345415317059143,2.2691311716080205,1.574101606076544,3.0886014905338763,2.270882111771413,13.18977476577368
144,^GSPTSE,GRU,2023-05-01,2025-05-01,45,447.3728497591631,402.8864259802959,824.1752713070598,640.2815864152627,90731138.7413362,303.6448567708333,276.644140625,510.64921875,397.1014322916666,57114750.13333333,1.2734851715623088,1.1390469479571392,2.195406850826197,1.671906369531101,16.24578739683826,1.4292562937659563,1.2367656449005362,2.8871541884287404,2.1891582701658616,14.829192202977278
145,^GSPTSE,GRU,2023-05-01,2025-05-01,46,475.73842056730473,392.32649043237694,733.9969490274569,633.4645043510773,87546879.48601753,294.77565104166666,255.22805989583333,448.0951171875,375.9575520833333,55713951.2,1.2432378071875505,1.0511857688278103,1.927991484915476,1.5869965323635271,16.18723016629785,1.6275603819527995,1.258935838666433,2.5972300141272595,2.227901537864219,14.156914756188543
146,^GSPTSE,GRU,2023-05-01,2025-05-01,47,517.1218792055301,466.0676752997519,583.3196562522031,576.3705696237374,86472616.7714381,443.0482421875,410.5693359375,390.8688802083333,419.0682291666666,54720361.86666667,1.828173698808614,1.6787618334490615,1.6638281567864646,1.7530277973368258,15.921035262440984,1.1333131597366384,0.9163439737189528,1.9279673189010176,1.735947557083446,14.02265572245541
147,^GSPTSE,GRU,2023-05-01,2025-05-01,48,448.6097904229396,356.72926189291604,677.6917022738029,560.0417416638956,84537545.78258176,309.35,284.4672526041667,423.0610026041667,364.53704427083335,54768513.86666667,1.2929030988891783,1.166998003268225,1.814333423852521,1.5308600504430725,16.2347958261281,1.4033853918713477,0.9027675671929816,2.3583142040921694,1.85408379583392,13.443921604092568
148,^GSPTSE,GRU,2023-05-01,2025-05-01,49,536.4101826517939,399.4741529809424,746.2533202834735,685.6139905013063,89727340.16380917,357.29479166666664,303.39479166666666,459.5955729166666,408.9011067708333,57484394.93333333,1.4961728645014236,1.2445409233665805,1.9767303941351664,1.7244327009377547,16.572415471605584,1.7384810127747568,1.0871877562914327,2.6246332255001925,2.4000242192174315,14.333713837542428
149,^GSPTSE,GRU,2023-05-01,2025-05-01,50,379.85471458654274,346.147652833886,566.6069192499999,543.2943128577788,80035459.19632648,273.34375,241.2704427083333,419.00091145833335,381.551953125,50753313.6,1.138993400839864,0.9893263879331454,1.7689042934493433,1.5966593420777373,15.074349237036447,1.1293093817608395,1.0441253261902044,1.6750236843725748,1.691559471089115,12.92594707472555
150,^GSPTSE,GRU,2024-01-01,2026-01-01,1,347.2415574268929,272.8029692274304,315.83715536282665,383.11886238695536,109274107.793915,303.1734375,228.8460286458333,255.9130208333333,336.0884114583333,61415470.93333333,0.9748291724043882,0.7319178753155717,0.8254739934754957,1.0797566983090106,46.75300768436872,0.5543605562027614,0.4786769509971483,0.6009845246122966,0.5965725542321625,131.72471712309942
151,^GSPTSE,GRU,2024-01-01,2026-01-01,2,495.0004101097129,511.74210719755786,345.4281795219082,571.076940844599,108578022.53383352,453.0574869791666,466.6119140625,265.4869140625,506.0163411458333,61098696.8,1.44650767815388,1.4830643154021887,0.8518983440310607,1.612889442028547,48.84196855657967,0.633056861877332,0.6663642693550784,0.7048417645912755,0.8422378362703329,137.84062542030853
152,^GSPTSE,GRU,2024-01-01,2026-01-01,3,262.3328668089341,333.61860129474564,270.2861641315276,276.2622732606947,107694356.8797649,212.76920572916663,276.521875,224.35260416666668,241.26575520833333,59300940.266666666,0.6872752000538208,0.8837666288279551,0.7255923360244907,0.7764777929905764,46.01599147711555,0.5074128435790425,0.6031106401801353,0.4966305309483375,0.4422272121229964,131.17140218145934
153,^GSPTSE,GRU,2024-01-01,2026-01-01,4,325.33615072963835,288.220772480127,335.85453248908084,390.1516449216963,108698480.63829058,238.36080729166667,234.2138671875,255.4453125,301.146484375,60923844.266666666,0.7635436684542535,0.7475073184220368,0.8201018705157456,0.9607673906016644,46.81886648038055,0.7060610613334538,0.5361526216140647,0.6963476889834763,0.7894023448083987,131.97678326290875
154,^GSPTSE,GRU,2024-01-01,2026-01-01,5,230.00362218630647,270.71586862083336,550.4607513500906,1388.3862941137518,136657125.90325236,192.7380208333333,222.34244791666663,479.9703125,1357.2218098958333,111999543.73333332,0.6212254386864576,0.7099994574590842,1.534879279248293,4.33206096981613,77.90588086160291,0.4140344386247416,0.4938881483145703,0.8552042915450303,0.8941026042796898,172.5745272841369
155,^GSPTSE,GRU,2024-01-01,2026-01-01,6,377.1005630627548,443.2343703057272,316.18028614858173,345.102322006999,108342653.65151083,319.0210286458333,378.7985677083333,267.79010416666665,302.32916666666665,60067414.93333333,1.028602488260116,1.2112678303159696,0.8668350975067709,0.9727715900367226,45.97307017215234,0.6626339544791282,0.7454652736842972,0.5560272826973928,0.546285038008737,129.80721553459273
156,^GSPTSE,GRU,2024-01-01,2026-01-01,7,285.30729349144093,295.7023148981552,313.50798058905247,398.025386372395,109633388.6501932,217.11510416666667,242.3083984375,242.9481770833333,323.0151692708333,63643819.73333333,0.6964189966181668,0.7730688975252533,0.7806493939818819,1.031328752764823,44.54744862206022,0.5930893906732415,0.5404034861132572,0.633929980015877,0.7423401203032332,119.63961350318525
157,^GSPTSE,GRU,2024-01-01,2026-01-01,8,280.29461981874124,265.43103291946545,340.7127371430448,372.9587871848922,108817892.74859612,235.14869791666663,220.7118489583333,265.2938802083333,320.554296875,60675361.6,0.7584224402047945,0.7065245180667076,0.8547399260905071,1.0286788380619991,46.87744292909375,0.5052671664005317,0.4780016457449783,0.6887069857772209,0.6152687602672441,132.5928922414983
158,^GSPTSE,GRU,2024-01-01,2026-01-01,9,241.27652089873453,259.4261176922991,279.2217629063024,322.4800914758454,108466486.61525176,200.25989583333333,221.1647786458333,220.886328125,282.7341796875,60005716.266666666,0.6461180479859894,0.7066546504931186,0.7115298131559812,0.9080791262576612,45.31837678472048,0.4448763579439758,0.4361293849140354,0.5518171501213852,0.5045489046568642,127.82791286632802
159,^GSPTSE,GRU,2024-01-01,2026-01-01,10,242.2603236216057,218.842621743824,256.97133339098986,455.216726403605,110333790.80705062,190.244921875,182.7304036458333,209.3766927083333,356.97727864583334,64430279.2,0.6150885616621292,0.585937592994933,0.6785454705468874,1.1381082906390405,45.29483292598917,0.495295179207195,0.3921451942949012,0.4927523562972,0.8969493876713518,121.509465794703
160,^GSPTSE,GRU,2024-01-01,2026-01-01,11,307.6236401981132,383.7974538264417,342.7908142102119,427.7986022221048,107220925.604221,228.37643229166667,301.314453125,253.3382161458333,324.14967447916666,58639938.93333333,0.7325809093410965,0.9589424270712784,0.8147280932602662,1.0340284758471645,45.08221432488833,0.6589085607845279,0.7509519027706074,0.7380367954255188,0.8853065441859829,128.4680871120246
161,^GSPTSE,GRU,2024-01-01,2026-01-01,12,285.3950378732873,1045.3876529124768,669.1804035148125,918.0958043942338,124453178.65845671,233.97545572916667,1010.4033854166668,610.0317057291667,866.6026041666667,94935666.4,0.755449583957084,3.2121619452617214,1.951401124691833,2.76398065946687,68.39606187584629,0.5420046532512385,0.831938888883162,0.8699347645194387,0.9501953545215988,161.59880046375957
162,^GSPTSE,GRU,2024-01-01,2026-01-01,13,476.1737308737034,1502.6060342111637,1008.1848342794366,1189.2538634117125,116146741.74432108,430.3783854166667,1485.1032552083334,959.8725260416668,1152.5590494791666,79562896.26666667,1.372892584094965,4.726420639727044,3.075618759596093,3.694696901800024,59.88452669204414,0.6435563455729283,0.6954481728353069,0.9637567628818952,0.9678816446099208,151.12593846384192
163,^GSPTSE,GRU,2024-01-01,2026-01-01,14,629.0603870874968,713.6270957943176,1352.1775876457175,1586.6936450440312,108294578.6826247,578.6567708333333,654.7155598958333,1315.0645833333333,1542.2684895833331,59951043.73333333,1.8464976473611343,2.079873998533889,4.215704994121295,4.92252827712651,46.074793332814735,0.7813916861208902,0.894474038344226,0.9654866256256344,1.1431618444135638,130.19104396393368
164,^GSPTSE,GRU,2024-01-01,2026-01-01,15,772.9467106305709,379.32646773119376,304.92339422667345,679.3079359248879,108784714.6672587,706.7036458333333,319.1307942708333,252.1447265625,571.8876953125,61722554.93333333,2.254438688146353,1.02086525301137,0.8179370464998094,1.820324825172319,48.225850957219485,0.985345487335811,0.664439041329668,0.571073232108668,1.1578295070551246,135.67683567609902
165,^GSPTSE,GRU,2024-01-01,2026-01-01,16,245.0408540266504,621.057864540708,321.0709880954144,475.4053345878566,111640909.872092,198.7040364583333,566.0981119791667,243.98502604166663,378.9197916666666,68541572.8,0.6407218072694194,1.798113609461498,0.7871488021880672,1.2066235061582944,44.96888058155432,0.4713497281166823,0.8060329803643067,0.6740000949128799,0.9086786919167046,114.40433515740132
166,^GSPTSE,GRU,2024-01-01,2026-01-01,17,327.38079485401806,313.8824708868584,419.1648173752648,304.04178187053714,108549931.83846816,241.5537109375,254.13515625,361.93743489583335,256.8302734375,60569974.4,0.7733189033666621,0.8101219270535834,1.1580295611263811,0.8241302774562167,46.27228617960512,0.7036713751898847,0.5858744119671409,0.6726096663090683,0.5252985322304455,130.089814057991
167,^GSPTSE,GRU,2024-01-01,2026-01-01,18,282.63665714937645,296.6183009989489,444.599863844173,491.980901869536,126475253.80900218,234.3776692708333,247.8748046875,382.33828125,383.1411458333333,94156065.33333331,0.7503372357024503,0.7898071853424383,1.222597740260013,1.2203395595681192,68.96354150186002,0.5058757734636269,0.5205856626672788,0.7218022330104074,0.9774640054149224,165.9808618717449
168,^GSPTSE,GRU,2024-01-01,2026-01-01,19,218.34903889328,380.60433293116455,345.938569163181,310.4845753516522,111759086.6766585,183.5026692708333,324.4511067708333,287.8162109375,254.1576171875,68458584.0,0.5912198090712291,1.0309445585470147,0.9330495410384724,0.8149386671902009,54.13321417209704,0.3903267532128751,0.6327896168479538,0.6362576270896383,0.5733799115795237,146.8209194111078
169,^GSPTSE,GRU,2024-01-01,2026-01-01,20,293.09009147432545,268.2003994771612,385.1898954852708,362.25454427248286,109425933.83929773,225.10651041666668,217.11608072916667,336.6484375,309.6978515625,61792548.266666666,0.7212530633882832,0.6956830997331354,1.0875979926257524,0.9938177869790256,47.747032969379454,0.5995189803783574,0.512625147524489,0.6154029374805682,0.6063832404286507,134.16614189293998
170,^GSPTSE,GRU,2024-01-01,2026-01-01,21,299.1351848313183,303.4994585913281,463.3035976537002,303.7139963676514,107707896.23851427,255.23229166666667,250.50540364583333,413.9461588541666,266.1841145833333,58674486.93333333,0.8214880424599773,0.8009976389853765,1.3381217493321336,0.8561981378657743,44.77894408158687,0.5126415818434402,0.5532353303309789,0.6905392244688829,0.4789357726822063,127.24053613334118
171,^GSPTSE,GRU,2024-01-01,2026-01-01,22,458.7669245857054,465.5737243768696,800.0443479285984,712.6674893221316,112368227.4508206,393.3650390625,409.403515625,745.0958333333333,642.8953125,69017549.33333333,1.2545738087282798,1.3010235401573949,2.384333024316273,2.0479748225515784,45.94006661454132,0.7467611783991819,0.7032555621867833,0.9164294364111276,0.9716595123416149,118.03753164457125
172,^GSPTSE,GRU,2024-01-01,2026-01-01,23,619.3303646303248,693.1636643683697,531.7135649887532,961.7785717183378,113692833.83422936,579.9447916666667,641.7819010416666,473.8813151041667,900.1634765625,72123461.33333333,1.8613104137475704,2.046685343885855,1.5302107867746615,2.8853026296325823,45.3531292253487,0.7123564584904364,0.8430825364403427,0.7935354032279148,1.0980901507905068,110.75506864332492
173,^GSPTSE,GRU,2024-01-01,2026-01-01,24,304.6498265863465,364.3573936901586,404.730212097551,384.1866786253166,107531443.46849376,260.955859375,302.0185546875,350.19055989583336,330.2997395833333,59170482.93333333,0.8414983733188993,0.966938271291281,1.1336261409984054,1.0628690250168722,43.95859328860844,0.5219631751071436,0.6611833885808249,0.6728526062855398,0.6404504795428183,123.58871843226184
174,^GSPTSE,GRU,2024-01-01,2026-01-01,25,513.1278617956885,856.5330931503984,872.1245954243153,847.471451872325,109237216.09020364,437.5506510416666,816.7206380208333,820.4370442708333,787.7915364583333,61097381.86666667,1.395858535269736,2.59728993196068,2.6262819612324395,2.512406758753996,45.11946099135002,0.8484115654145964,0.8108723394937694,0.9262558923109574,0.9832161139183884,126.13299523145992
175,^GSPTSE,GRU,2024-01-01,2026-01-01,26,390.1190726528556,358.23660713712,304.9502278358103,318.4709870916269,107710596.3227458,324.41432291666666,297.64609375,252.85221354166663,273.2845703125,59115174.13333333,1.0461544073270108,0.953084592464843,0.8204170720653545,0.8774705200720073,45.63280616780616,0.7123710989835439,0.6479437510217656,0.5678148987955424,0.5295870776291625,129.5239848430572
176,^GSPTSE,GRU,2024-01-01,2026-01-01,27,727.1405689088243,470.25185824981423,935.9455045175604,598.5152810639408,111946821.58517788,688.8621744791667,402.9056640625,884.8722005208333,524.6121744791667,68028524.26666667,2.2124221632233443,1.2886164466811407,2.852011457263393,1.685330562358032,54.196102070048944,0.7697795690867621,0.7844311275992462,1.0032875340826377,0.9392312705279068,147.94669405876337
177,^GSPTSE,GRU,2024-01-01,2026-01-01,28,407.84984350600143,389.9235990976178,577.9363319016363,385.08908374430285,111189418.40971756,353.21953125,310.0809895833333,515.4695963541667,298.09778645833336,66197434.13333333,1.1355646487972215,0.9856171325930918,1.6640978309913883,0.9510288677545846,45.497538005407215,0.6671444997832718,0.7484628303567623,0.8575908864626259,0.7753216365934845,119.96970568737196
178,^GSPTSE,GRU,2024-01-01,2026-01-01,29,549.7269204739156,1403.914852188546,687.2816966441922,833.7548915032102,113818216.22147144,481.7912109375,1385.0661458333334,621.4895182291667,775.136328125,72125963.2,1.5369192292368163,4.407994873338237,1.9886803175786665,2.472621954605003,45.569206487630645,0.8389878825023073,0.7025475425989626,0.9296936960229456,0.9683374014357088,111.79361040232668
179,^GSPTSE,GRU,2024-01-01,2026-01-01,30,343.24396255769886,239.21760731070967,364.2626789076041,365.4682373944412,109552791.9020077,292.7931640625,199.50390625,295.2317708333333,294.17369791666664,61992701.06666667,0.9357653013829572,0.6383534163048049,0.9459945181661148,0.9394272935532072,49.13897554153508,0.5720481317204105,0.4242443132879218,0.6802338938665725,0.6927410000385338,138.77312074854814
180,^GSPTSE,GRU,2024-01-01,2026-01-01,31,1259.352230322835,1267.7942553768223,1290.6243447339823,1419.404852085502,110560516.5896609,1241.2697265625,1247.2985677083334,1264.78984375,1391.0801432291669,65457698.93333333,3.96890118921193,3.9689058258110026,4.055902388597074,4.4424153602288445,44.83941439558048,0.6462610633881999,0.6990976811702261,0.7832644380192924,0.8656164357681218,118.66697526582632
181,^GSPTSE,GRU,2024-01-01,2026-01-01,32,357.08900260997734,303.388448764215,340.39362335941433,378.77342377868194,109103562.90387268,308.8671223958333,251.74518229166668,254.70169270833333,307.4408854166667,61504527.73333333,0.9938913980210804,0.8030039287728388,0.8195443436482326,0.9836628757019794,45.26530400726607,0.5881256169484238,0.5393803617298082,0.7236535314296808,0.7045609544047654,125.65067729666698
182,^GSPTSE,GRU,2024-01-01,2026-01-01,33,486.3239006113853,461.67188568475,605.6487120263704,505.92756668301575,108926702.64199089,393.2580078125,372.7966796875,513.8649739583333,392.05559895833335,60358820.8,1.2542523233382177,1.1841089941125544,1.643645193399765,1.2488293284047771,47.94033523868045,0.9042423269487664,0.8614252300122608,1.0149734303415476,1.0121436828999315,136.73484120506754
183,^GSPTSE,GRU,2024-01-01,2026-01-01,34,1260.8453235910474,1272.469408094338,900.9167353680998,588.7304792888489,120746953.65397611,1241.8423177083334,1253.6594401041666,863.472265625,504.6149088541667,82853370.93333334,3.97055601156931,3.989938989779709,2.7660959052099714,1.607090904304597,47.51487720577239,0.6641901523175452,0.6726304365736729,0.8022300953383447,0.9618047120371676,103.95089028298965
184,^GSPTSE,GRU,2024-01-01,2026-01-01,35,1025.3030504897824,772.9996013994822,889.8048071355075,339.76789373135523,109153413.74566622,999.9288411458332,732.3677734375,858.6844401041667,265.6720703125,63304898.13333333,3.208690834244874,2.3364893897187,2.766132804426161,0.8492527492030164,43.91951911901623,0.7562106551263188,0.8018925903977572,0.7764488660560912,0.6773105272150449,117.64712691544908
185,^GSPTSE,GRU,2024-01-01,2026-01-01,36,452.50842218123785,823.3721786216719,571.4077203814759,628.25522273876,108529623.23224834,394.7779296875,778.4244791666666,507.5908203125,559.0407552083333,60197258.13333333,1.2709286287524597,2.484309088710619,1.640073885415437,1.7955246265804383,46.49381583167706,0.7283603544023493,0.8706332378379606,0.8652739218614952,0.9354084848670974,132.19476214839491
186,^GSPTSE,GRU,2024-01-01,2026-01-01,37,896.4393766264626,1044.9909406292418,645.7753980920414,880.9004432511829,109659188.93790226,852.97421875,1001.0780598958332,577.5565104166667,816.4918619791666,61349444.0,2.738382018988617,3.1938612236806136,1.8649652182370864,2.6198343071159664,47.26023188090035,0.9054151569507396,0.970553589909636,0.9496201083228796,1.0788460181429704,133.82739631181698
187,^GSPTSE,GRU,2024-01-01,2026-01-01,38,212.24777875051743,224.5006559850884,733.1132723672395,301.10476112131965,108120687.5904476,177.18040364583334,190.0626953125,666.24375,256.7548828125,59745066.93333333,0.5713179131204832,0.6091013376462686,2.149968428555502,0.8245356105531251,46.33287666767382,0.3874655407283766,0.3898914218185002,1.0040432070708272,0.5098781533590026,131.6087094450262
188,^GSPTSE,GRU,2024-01-01,2026-01-01,39,342.4974428427619,294.4835181239268,290.87940181040307,618.5475657026976,107857387.45971656,253.05026041666667,241.3684895833333,242.8892578125,551.4725260416667,59412237.86666667,0.8102421518856435,0.7692706830259033,0.7865183647713535,1.7558000286083335,45.817163056677614,0.7341087678916384,0.5394848457759642,0.5290352565380321,0.8865485694082709,129.93336822012418
189,^GSPTSE,GRU,2024-01-01,2026-01-01,40,314.7849272342859,499.1851289794011,435.2832384832229,1264.9150051249196,108389609.64297816,241.28404947916667,425.34986979166666,369.0202473958333,1230.2739583333334,60330774.13333333,0.7725839043565051,1.3502197651795989,1.1801928682782346,3.927400406255548,44.86496904818506,0.6446195044159461,0.8257565462171742,0.7337298666534515,0.9086924591868244,125.84399087826512
190,^GSPTSE,GRU,2024-01-01,2026-01-01,41,924.9570161793898,829.5469571340568,899.7941086960411,688.4579234917845,108327208.04442568,880.8375,780.6338541666667,861.3659505208333,616.5248697916667,59597722.4,2.8118498601601747,2.480117512952636,2.758778357454158,1.964096527919141,48.00259447507512,0.8795880119974286,0.8792440766232889,0.8109816610671036,0.968902349821415,137.2327811215277
191,^GSPTSE,GRU,2024-01-01,2026-01-01,42,407.3940411498795,312.6395218081691,373.25702504221874,419.99482833826886,109123413.04194112,357.6507161458333,259.2853515625,304.7798177083333,339.2645833333333,61232219.73333333,1.1408032816812057,0.8256333885380402,0.9754557897630296,1.0814345084984585,46.17957719971525,0.6188438314145185,0.5561900846233457,0.686415957344271,0.7874114535911279,129.43626217119692
192,^GSPTSE,GRU,2024-01-01,2026-01-01,43,748.1126827717276,771.1463427808818,726.1658562772215,712.291129681397,109721337.95543176,715.9727864583333,740.0107421875,677.3496744791667,641.0510416666667,63707590.66666666,2.285380924014196,2.3521774516166323,2.1679225961587867,2.0422671119421967,44.57019515290176,0.6788129085883179,0.6801800898164814,0.825428801862302,0.980736965807374,119.9120923283782
193,^GSPTSE,GRU,2024-01-01,2026-01-01,44,1244.6276681103975,1627.5495718939071,1717.6529856277946,1681.3151095142837,116121526.9822269,1223.7177734375,1610.9413411458331,1696.8194661458333,1655.7455729166666,75507456.8,3.911213623128295,5.127247167552302,5.444150095309632,5.2893242098473445,46.16983223890316,0.6892240499664147,0.7012418901730818,0.7925468673499086,0.8884312736465543,109.5435591934952
194,^GSPTSE,GRU,2024-01-01,2026-01-01,45,962.7640688222608,826.3187895558148,982.3592397060252,1055.2609077900847,109035737.1995029,930.9314453125,786.4181640625,933.2159505208332,1013.6613932291668,61939529.333333336,2.9733048424199646,2.500029757208972,2.988219292467291,3.234637244395788,44.70132556695742,0.7625539025599648,0.796644555475873,0.9570050712937446,0.914370360178642,122.949526601602
195,^GSPTSE,GRU,2024-01-01,2026-01-01,46,375.1552603079163,409.27805510149176,1141.6795005229208,1033.5121459422553,109011006.04887784,313.76940104166664,348.6499348958333,1111.5032552083333,995.6930338541666,61069601.6,1.0113825996856098,1.1082646818914166,3.563518380953232,3.178236458675969,46.641791877479584,0.6740462037875224,0.6823429680687738,0.8044410306158607,0.8655410701310668,131.21188198750176
196,^GSPTSE,GRU,2024-01-01,2026-01-01,47,400.2892515840589,312.73705948674194,299.8920878721404,506.19133584809214,112370604.13137507,353.443359375,255.426171875,228.4306640625,407.9293619791667,70008397.33333333,1.137509392371828,0.8172514186141536,0.7369064190899671,1.299191871991229,45.1985982849698,0.6193227974633861,0.5834485841333723,0.6279788984393718,0.94907643206491,113.284525616414
197,^GSPTSE,GRU,2024-01-01,2026-01-01,48,401.1899550600968,508.10621433080325,693.3472025058453,427.94480666830407,108953820.21603258,350.1708984375,448.29420572916666,629.4628255208333,366.9135416666667,61849991.73333333,1.127101317105467,1.4327756551762594,2.0326527934546093,1.1801204547133204,44.62582620487064,0.6445764743208127,0.7735190901530699,0.958920138394468,0.7195028045862477,122.46919374653832
198,^GSPTSE,GRU,2024-01-01,2026-01-01,49,299.3253180240658,471.17652057135103,366.5024058366667,323.7164046102072,111501207.60837194,254.6843098958333,421.0166015625,318.9474609375,278.3796875,66587764.0,0.8208971811465972,1.3445842458904091,1.032829898174845,0.8971111013611345,46.0443199530862,0.5197048979501838,0.6869994169075266,0.6011949250330282,0.5440596276543476,121.84604849795804
199,^GSPTSE,GRU,2024-01-01,2026-01-01,50,283.6402258507105,726.1683190566057,402.6096078786511,676.3327345377135,112596272.33861132,225.65546875,692.2582682291667,298.61822916666665,603.988671875,69048657.33333333,0.7244586201158724,2.202028080506254,0.957336252025826,1.925193990712392,45.7867189343873,0.5531347797881996,0.6937526805429712,0.8585190434763764,0.9646630348529476,117.43406025764946
200,SLV,GRU,2022-01-01,2024-01-01,1,0.4355771768775775,0.4264672058900382,0.5227356984187355,0.4975366659659784,6883942.89100459,0.3020790735880533,0.3108424504597982,0.3846078872680664,0.353065808614095,5406798.7,1.3744413784360798,1.4074591959230114,1.748820763267151,1.600457450791244,34.30894960371017,1.4314991118499198,1.3269345055593291,1.612080870192118,1.5951880354213803,29.65973623288579
201,SLV,GRU,2022-01-01,2024-01-01,2,0.4253099916030787,0.4208134749326146,0.471958514035181,0.5145528647923499,6658147.72566757,0.2997164408365885,0.3088599522908529,0.3227737426757812,0.3927406946818034,5225537.9,1.3678696701121378,1.4010387354791598,1.4727421592775958,1.7934726228038416,32.53994920728332,1.3816420180452549,1.300034372919318,1.5745008484353296,1.522337628960567,26.752724884340783
202,SLV,GRU,2022-01-01,2024-01-01,3,0.4138578972090007,0.4686125841785331,0.4639134084972746,0.5108880481260113,6736717.452883751,0.3300233205159505,0.3880448659261067,0.3488732655843099,0.4142154057820638,5388251.2,1.508264224074141,1.762314979520918,1.605529632248894,1.895274674790568,34.276786891415085,1.1469163163033318,1.2034996759703016,1.4085169228724124,1.3745167820314923,27.90683230211169
203,SLV,GRU,2022-01-01,2024-01-01,4,0.5063258772420219,0.529387607860919,0.4763904621996533,0.5369789949864311,6915765.548117981,0.4308707555135091,0.443290646870931,0.3831178029378255,0.4547237396240234,5558343.666666667,1.9686080284068683,2.014199886399422,1.767769259724849,2.080445745083973,36.22880416869461,1.2288114980435436,1.3328815659880986,1.3164825162098168,1.317474259998263,30.09063665137312
204,SLV,GRU,2022-01-01,2024-01-01,5,0.4455429333634305,0.4716643385751413,0.4491258358473583,0.4826608309098398,6885368.59242631,0.35211181640625,0.3814304987589518,0.3083535512288411,0.3527104695638021,5638846.8,1.604657553084519,1.7324913594121318,1.410163370238418,1.606516489896438,37.16744609367997,1.2514701836314597,1.2696781347135744,1.4946576250628352,1.5049412787851837,29.799063336918813
205,SLV,GRU,2022-01-01,2024-01-01,6,0.4823787237057578,0.4894847337652507,0.5915174869391164,0.6062908344961501,6614465.516971106,0.3689224243164062,0.36355775197347,0.4828510920206705,0.4807095209757487,5141569.033333333,1.6676420412970163,1.6318368553759832,2.193858509862249,2.1685302548984144,31.027319495941867,1.4072566690343864,1.4775646363172463,1.5461797498637155,1.6651564633231264,24.61186915414769
206,SLV,GRU,2022-01-01,2024-01-01,7,0.4339817076959369,0.4254897622150772,0.4580488414912431,0.5074525430854047,6746969.172527026,0.2843688329060872,0.307925796508789,0.3237257639567057,0.3448117574055989,5445114.233333333,1.2953800109614508,1.3943265813311976,1.4767989244635886,1.5663766957798515,34.626959092058094,1.4959309545096025,1.33418539930421,1.478911302868975,1.6964851137302568,27.56029217462468
207,SLV,GRU,2022-01-01,2024-01-01,8,0.4190622443666612,0.444243619169911,0.4333644073678591,0.5676531194656681,8088806.854069709,0.32344970703125,0.3476475397745768,0.3228054046630859,0.4786292394002279,6852524.7,1.472239148636304,1.575701202545728,1.480084115788268,2.192370879210128,48.239098964094254,1.2182247951766527,1.2638278900103233,1.3296765914492663,1.4124719431360278,38.13146854694778
208,SLV,GRU,2022-01-01,2024-01-01,9,0.4160044727010935,0.4372842588419585,0.4671511235077469,0.467294739523177,6805136.214344449,0.3202784220377604,0.3468996047973632,0.3677792867024739,0.368136978149414,5511896.9,1.4573865598648463,1.5656111365105092,1.6753952380324468,1.6757505765130798,35.77759245875766,1.2125310967528782,1.208963446359148,1.313499987479931,1.318234604103244,28.947258351525008
209,SLV,GRU,2022-01-01,2024-01-01,10,0.3990191340095881,0.4253951167641339,0.4410984454765964,0.4884621943118621,6683805.826335868,0.3014830271402994,0.3369652430216471,0.3376276016235351,0.4034899393717447,5375520.966666667,1.37659711271777,1.5314018136651095,1.5516722720444638,1.8467601215634,34.32840932473001,1.1957360462357691,1.1897224968396232,1.3059962631119382,1.2713136254120132,27.49067104739732
210,SLV,GRU,2022-01-01,2024-01-01,11,0.4342341549830467,0.4362070296866706,0.4821990420390818,0.4823546196264264,7049446.606965764,0.3247016270955403,0.3532271067301432,0.3613330841064453,0.3761850992838542,5770311.333333333,1.4703787384068543,1.600909902992132,1.645509008605906,1.7088664668700064,38.57853978662816,1.3069664004139818,1.1711145888891477,1.45520900083176,1.3783315983874187,31.538758148438507
211,SLV,GRU,2022-01-01,2024-01-01,12,0.421222295498457,0.4199077287053187,0.4727550387246845,0.4613469127192122,6670445.751752866,0.3051353454589843,0.3221244812011719,0.3745304107666015,0.361677360534668,5222620.133333334,1.3821515629564554,1.460976188071807,1.704519783709309,1.647627784009975,32.035814032267176,1.3191932365177068,1.2280803260843385,1.3109077965588145,1.3124193955667331,25.85383187569324
212,SLV,GRU,2022-01-01,2024-01-01,13,0.4220325643469941,0.5106569841406499,0.4465545192271341,0.5762524448002591,6677331.86399321,0.3394903818766276,0.4326603571573893,0.3447104771931966,0.4910988489786784,5330168.566666666,1.548678492193075,1.960986552729004,1.580028598974932,2.243739883922081,33.08727543883593,1.1499301871392942,1.2389992595085686,1.303839851403858,1.385516020464893,26.07398145805806
213,SLV,GRU,2022-01-01,2024-01-01,14,0.4496325632699653,0.5686193580631698,0.4341832471151921,0.5681161052137962,6765916.545043694,0.3592707316080729,0.4925732930501302,0.3128074645996094,0.4874766667683919,5443078.733333333,1.6469327790489394,2.2362806372947497,1.4364038642760897,2.229911001408275,34.57259997895047,1.2534084024575582,1.3101404392321496,1.383207105517538,1.3482144233276232,27.655050445870653
214,SLV,GRU,2022-01-01,2024-01-01,15,0.4245446386365332,0.4548387363395461,0.4668821321048589,0.4914580789084228,6738039.164237222,0.3197226206461588,0.3593875885009766,0.3501936594645182,0.36595458984375,5488829.966666667,1.4578849193794308,1.6291307696603867,1.5953773168781094,1.6615787772738568,35.812470498817,1.2796007545875816,1.2692990584985095,1.4082808596818297,1.4956111703848018,28.300905634019617
215,SLV,GRU,2022-01-01,2024-01-01,16,0.5036501692941592,0.5925975576777734,0.6854805194521503,0.6072787706951382,6741236.832408827,0.3970094045003255,0.4692474365234375,0.5604658762613932,0.4905057271321614,5409487.866666666,1.791081079086364,2.102015318766347,2.5417772851149327,2.211950740057842,34.92851780163269,1.3950160680020955,1.6239907507957458,1.7759834340360274,1.6130329985998064,28.47220078678476
216,SLV,GRU,2022-01-01,2024-01-01,17,0.5880330542276864,0.560600332505655,0.6146093459940353,0.5068256261374152,7077348.059712075,0.5178085962931315,0.4828637440999349,0.532912000020345,0.4136330286661784,5848363.066666666,2.3664847383069034,2.19194984388104,2.4530796726521515,1.8938211550200537,39.51572326485888,1.2986092640821554,1.3133473443274195,1.4273554908291843,1.3525799502596296,31.76688583561583
217,SLV,GRU,2022-01-01,2024-01-01,18,0.3872221044775476,0.5255919953379941,0.4381274228737245,0.6598144621751608,7080573.235435055,0.3011237462361654,0.447882080078125,0.3463884989420573,0.5822441101074218,5778825.7,1.3708599413839169,2.033737418824741,1.5868661695278392,2.6636374616135883,38.92815356271479,1.1118728940871383,1.2666900953895328,1.2331776089846622,1.440509525744401,32.03985333258604
218,SLV,GRU,2022-01-01,2024-01-01,19,0.4134238166750535,0.4694830345764341,0.4918458065950596,0.6424816553613365,6573189.791434528,0.3134617487589518,0.3702920913696289,0.3842348098754883,0.5475742975870769,5161218.433333334,1.4280957274149912,1.6813420466049012,1.7634986193706494,2.4999052807564364,31.67853562154307,1.231094105826964,1.315657740767533,1.4099909502596877,1.5422549349639745,25.39664350261404
219,SLV,GRU,2022-01-01,2024-01-01,20,0.408815821075736,0.4284621750433683,0.46631973179626,0.4891111782921921,6724935.140151816,0.2962295532226562,0.3145666758219401,0.3273963928222656,0.3556636174519856,5394538.0,1.3532496659517474,1.4267074017983197,1.5001965759331473,1.6181360925674368,34.00719091723292,1.2926592340220155,1.3223939394251332,1.5238271010900504,1.5337636016264553,27.24365006758809
220,SLV,GRU,2022-01-01,2024-01-01,21,0.6614466576103836,0.4964144681253788,0.5035467907840657,0.4880690201859489,6603200.023271828,0.5301504135131836,0.3491844177246094,0.3497403462727864,0.3859963734944661,5220485.533333333,2.395090396834978,1.5717292504162754,1.5933993204333217,1.758416226496285,32.231958048412785,1.7906822419591133,1.5963266370411289,1.6535861172174269,1.370554985014215,25.30469471392736
221,SLV,GRU,2022-01-01,2024-01-01,22,0.476841465807595,0.4866753000444076,0.5715113247744914,0.5594178888402908,6857983.594694675,0.3618674596150716,0.3761593500773112,0.4479393005371094,0.439332644144694,5543854.5,1.632975421387264,1.6881810261663943,2.0306748765535234,1.9803458177644329,36.19398504665633,1.3972906447577047,1.3876780199114849,1.6032908386017306,1.5568383511104182,29.64107652129488
222,SLV,GRU,2022-01-01,2024-01-01,23,0.8462573292575948,0.8285409445542172,0.4511487856002948,0.507627900652496,6793077.638465381,0.7851181030273438,0.726583735148112,0.3376723607381185,0.3776564915974935,5227634.466666667,3.571136006302841,3.2526964041903854,1.541886082302733,1.7051846112551243,30.2610141249096,1.4461139761335828,1.7713037371267146,1.367670533268614,1.5340364763618264,22.500639652092296
223,SLV,GRU,2022-01-01,2024-01-01,24,0.4644823353280767,0.4372859940052818,0.5651971585555263,0.5070703279562486,7198646.747741886,0.3498821894327799,0.3343487421671549,0.4512825647989908,0.3614226659138997,5922882.1,1.5800023618147965,1.5081410601166922,2.049132799201866,1.63497374534843,39.88535707744374,1.3808003367655897,1.277839812762886,1.5387249635767395,1.6141026244224976,32.70829892608077
224,SLV,GRU,2022-01-01,2024-01-01,25,0.4303095443057899,0.4380507371900441,0.4281125224815935,0.4958638787631444,6726771.783228198,0.3390878041585286,0.3523448944091797,0.3201677958170573,0.4140061060587565,5395189.4,1.55209070329072,1.6015632210386477,1.4663339455823188,1.8938064007466469,34.06757756735658,1.2245777356004337,1.194060867193421,1.305089625739735,1.2646341848212366,27.348586800520508
225,SLV,GRU,2022-01-01,2024-01-01,26,0.4767793188258815,0.448709929117649,0.4858921661333479,0.4982124387624663,6679288.496871562,0.3751951853434245,0.3657978057861328,0.3847380956013997,0.394598388671875,5400730.433333334,1.6950733036138377,1.6551308677241132,1.7548119880277824,1.798120268166581,34.18498160667773,1.3297195091899685,1.1843794342488578,1.3540512208216182,1.3921748802966831,26.75458155479976
226,SLV,GRU,2022-01-01,2024-01-01,27,0.4206657814340652,0.4270906047512687,0.4421148027352889,0.4880879551923611,7028217.148749731,0.3277941385904948,0.326603635152181,0.3329723358154297,0.3831055959065755,5612087.2,1.499774656583314,1.4833233284455631,1.5299100325635169,1.7498667781688553,36.63499241885901,1.2131832970733976,1.2565017685277102,1.338070942525944,1.384457481039109,31.309984548510155
227,SLV,GRU,2022-01-01,2024-01-01,28,0.591677188641707,0.6255844607980483,0.5993561127223319,0.6653789999562568,6747338.796710115,0.4731913884480794,0.4669225692749023,0.4667455037434896,0.5089611053466797,5338291.5,2.139820409809398,2.095801954514107,2.122313019267658,2.3015951218024933,33.11881147527973,1.60956266336749,1.8800307789839328,1.707797014068627,1.9455666217425835,26.92604642999737
228,SLV,GRU,2022-01-01,2024-01-01,29,0.4329419987156008,0.4466988380247338,0.5001316332897419,0.4813144149805227,6772883.883826409,0.3044383366902669,0.335942014058431,0.3705462137858072,0.3499926884969075,5520178.033333333,1.3867675556015864,1.5226679492773076,1.6864029203805884,1.594446125522979,35.619229971708386,1.4058729045808545,1.3372664650335269,1.5317298556812546,1.510101036187483,28.034396537459568
229,SLV,GRU,2022-01-01,2024-01-01,30,0.415507399419617,0.4774634394281037,0.4448861358563631,0.5040196966581367,6606087.472072891,0.2904363632202148,0.3738121668497721,0.3208915074666341,0.3777020136515299,5172645.133333334,1.3205843499759793,1.682347065587483,1.4628831123037165,1.7248630554563438,32.21107395909196,1.3546117181698896,1.346588611829966,1.406073540813061,1.5268053881273744,26.500368750695507
230,SLV,GRU,2022-01-01,2024-01-01,31,0.443819961157114,0.4116506458834582,0.4248761578684391,0.4661547309469925,6856288.989568497,0.3567675272623697,0.3072452545166015,0.31995423634847,0.3633172353108724,5503119.666666667,1.632432323342923,1.389965155261718,1.4645651407597915,1.6506694257616985,35.61819132931011,1.2186920007421085,1.2474032977539582,1.2840962822753832,1.333792241380837,29.435859097189475
231,SLV,GRU,2022-01-01,2024-01-01,32,0.819001377021133,0.8828775727543916,0.491479670008016,0.6139858560857253,6703210.64897581,0.758037249247233,0.8344170888264973,0.378697649637858,0.5254553476969401,5258294.5,3.44943438811973,3.763887200786935,1.7435823027784778,2.4019607996280867,32.12624434313897,1.429542413015067,1.320381111033739,1.446460303886631,1.464215908738051,25.654774423513025
232,SLV,GRU,2022-01-01,2024-01-01,33,0.4528411670235394,0.5718960630133962,0.4955098637501585,0.5471025756012339,6920860.327187057,0.3514153162638346,0.4868036905924479,0.3868541081746419,0.4555775324503581,5648907.733333333,1.6068841357935109,2.2123802208305,1.7801248241878918,2.086418013829874,36.8438989402069,1.317500147082838,1.3904439350676168,1.4333642388596628,1.403617197176492,29.7659553002308
233,SLV,GRU,2022-01-01,2024-01-01,34,0.4230776131914676,0.4355132324225172,0.4788825590294436,0.4755047094298288,6746479.13772232,0.3067600250244141,0.303349749247233,0.3497372309366862,0.3393493016560872,5327787.766666667,1.3926801051585511,1.36995493083362,1.59136908411806,1.5390791109916564,33.27853634320546,1.3270627769666317,1.4174667637516922,1.4907779500199942,1.5174916887727568,27.476775108783624
234,SLV,GRU,2022-01-01,2024-01-01,35,0.4826485386876995,0.5124386659315069,0.5436274462289351,0.6135870109161066,6730008.963678052,0.3830545425415039,0.3828423817952474,0.4287578582763672,0.4748075485229492,5339265.266666667,1.7330883938341015,1.7172176726954569,1.946492680673904,2.141370212034012,33.201953222686015,1.3303772825529916,1.533842550346645,1.514317472804989,1.7527340552073098,26.520330396377943
235,SLV,GRU,2022-01-01,2024-01-01,36,0.5073501318821836,0.4196580058496342,0.4842636290312545,0.5664959964797852,6849441.75995934,0.4288756688435872,0.3440456390380859,0.392270024617513,0.4909274419148763,5614818.366666666,1.963870778439121,1.565011570983945,1.81003042159407,2.2470777703997533,37.13144156667891,1.2612988876558755,1.1054405027318273,1.3215703382695791,1.3115442981723786,29.579455540056703
236,SLV,GRU,2022-01-01,2024-01-01,37,0.4895733141786827,0.478682576306164,0.55474152603321,0.5078280792414603,6905896.62862066,0.3658294041951497,0.3447097778320312,0.4144940058390299,0.3858670552571615,5555861.2,1.6535721784018975,1.5511496729719558,1.880338894600523,1.7446087780976258,35.909584247021435,1.4694967106339245,1.498184833423748,1.670509017284005,1.49669293808923,29.780028387739883
237,SLV,GRU,2022-01-01,2024-01-01,38,0.3855994575657714,0.4233608913584417,0.4443985828343494,0.4677783500185393,6808816.205852033,0.2702664693196615,0.2999762217203776,0.3293263117472331,0.351271120707194,5512437.666666667,1.226958170334195,1.3546591009608078,1.5073573120866612,1.5983939233744613,35.78760768162994,1.2525770268751024,1.355569418959203,1.3675028931475708,1.4125669314918743,29.010733574487656
238,SLV,GRU,2022-01-01,2024-01-01,39,0.4473386226124508,0.5920798131243096,0.4434013038220958,0.5424589250194957,6659637.423775577,0.3586854298909505,0.5191816965738932,0.3283329010009765,0.4595457077026367,5277968.533333333,1.6408057568210752,2.3516230980622166,1.5050292358098345,2.1019863761513125,32.80719197735104,1.2333717802829487,1.306949230401885,1.3664614650289428,1.328679066801292,26.2277469220776
239,SLV,GRU,2022-01-01,2024-01-01,40,0.4135064986507953,0.4250191450818417,0.4226564715906181,0.4762583340364444,6655554.32198407,0.3010643005371093,0.3387008666992187,0.3077838897705078,0.3797157923380533,5368469.3,1.3697911805273224,1.534368046342354,1.407041418882348,1.7313146924860228,34.1882782563783,1.2944629168122712,1.1725573857868563,1.3268021025902312,1.3187610209183005,27.07643799583905
240,SLV,GRU,2022-01-01,2024-01-01,41,0.4270047126884507,0.4227062158925921,0.4568454524157646,0.4340455966861828,6931774.598407602,0.3080801645914713,0.3253355026245117,0.3500260670979818,0.3337724685668945,5700707.6,1.3948370935773913,1.4719966607888646,1.5891153805727378,1.5189427055586069,37.80743745888307,1.3431535654853126,1.2285317261946893,1.3320207323377784,1.2713294464752514,30.120042557798094
241,SLV,GRU,2022-01-01,2024-01-01,42,0.4515546326610629,0.4341502270322988,0.4768475932947854,0.5207817502539096,6827658.064691824,0.3636865615844726,0.3456291198730469,0.3551264444986979,0.4283901850382487,5510242.633333334,1.6620929113992349,1.5714487101798045,1.6323080303732276,1.9609351713784813,36.03723871587822,1.230359417797087,1.2031059836043458,1.4609421696711395,1.364149199079211,29.41706428388372
242,SLV,GRU,2022-01-01,2024-01-01,43,0.3687492703188602,0.405225558457795,0.4413485685865112,0.464472597271506,6827109.594079349,0.2672459284464518,0.3233250935872396,0.347997792561849,0.3557406107584635,5534455.1,1.217798288044445,1.4638686263192084,1.5989206523444068,1.6205037056747318,35.71068404556985,1.16255270475133,1.1169923401874489,1.2555729061488516,1.3700834069597478,28.80695518694212
243,SLV,GRU,2022-01-01,2024-01-01,44,0.4354604074142714,0.4444645652949273,0.4653021776592734,0.4998476317907199,6736828.72405343,0.3406597137451171,0.3343003590901692,0.3502199172973633,0.3647201538085937,5335704.766666667,1.5563956222753297,1.514135476760023,1.6076420897400634,1.657411937376484,32.714586394058074,1.2459160356775512,1.3304374225075226,1.40877533072699,1.5602160774449358,25.818078221756043
244,SLV,GRU,2022-01-01,2024-01-01,45,0.4613371278812822,0.4651700976944963,0.4957212343393944,0.5866378307652167,6660735.048992641,0.3454529444376628,0.3576262791951497,0.3733193079630534,0.4570458730061849,5413106.066666666,1.5630316066887644,1.610231556103781,1.7016014332654157,2.060984146151009,35.26577680607295,1.3858517858371515,1.3458378528577433,1.4892302151371473,1.6588683987434456,27.70733078557824
245,SLV,GRU,2022-01-01,2024-01-01,46,0.4092624011352915,0.4443400215154845,0.4925311397142003,0.4713431246479501,6814328.54185379,0.3090496063232422,0.3357633590698242,0.3822665532430013,0.3544240951538085,5468233.933333334,1.411594549295578,1.5136951386471913,1.759953060296502,1.6151794062394575,34.33585953536728,1.2309455295440943,1.321446203039054,1.433166555335823,1.4219380738610976,27.62122517984867
246,SLV,GRU,2022-01-01,2024-01-01,47,0.3789845463157908,0.4270191061432712,0.5088126984038339,0.5173488259630247,6855800.088280506,0.2937016169230143,0.3219764709472656,0.4008496602376302,0.4229511896769206,5647138.933333334,1.3397044928541113,1.4492916138409928,1.819269411413899,1.9373077152223488,36.82651061540429,1.0961928399340453,1.269587774615677,1.420922516603126,1.3780364458568195,28.919999750773183
247,SLV,GRU,2022-01-01,2024-01-01,48,0.4216770824122066,0.5538321251675529,0.5086013777750176,0.4940533692360704,6723919.542821796,0.318389892578125,0.4748911539713542,0.4042154947916667,0.3882312774658203,5315754.866666666,1.45467373857955,2.153989609508665,1.862502941747328,1.772476360070908,32.25555301395993,1.2685286482688938,1.3051063444195112,1.4284164292468815,1.400856485363477,24.73919951793942
248,SLV,GRU,2022-01-01,2024-01-01,49,0.486475679647619,0.5401552075101019,0.4365182446363986,0.4910225538935387,6865548.029899871,0.4045406341552734,0.4710988362630208,0.3277287801106771,0.3941628138224284,5549510.666666667,1.851186311078396,2.13773044166986,1.4962711551067818,1.800164897105646,36.139841845446746,1.2503554267153856,1.2154880040291862,1.3167795030690264,1.3475760704060025,29.593960703341903
249,SLV,GRU,2022-01-01,2024-01-01,50,0.5260670040235412,0.4764506571797778,0.5062243968464369,0.5232156044605359,6743929.409924101,0.4013880411783854,0.3533310572306315,0.3657029469807942,0.3803642908732096,5492937.366666666,1.8138854790338044,1.5901030218222016,1.663667992793318,1.7203889772316971,35.12933833768747,1.538732830222101,1.4461924754128674,1.5935187046810646,1.6304574066485864,27.43457495794525
250,SLV,GRU,2022-09-01,2024-09-01,1,0.7055354942763116,0.6478130654578297,0.6143224612500023,0.6822417086510266,6666191.547905268,0.5911402384440104,0.5181789398193359,0.4955712000528971,0.5691246668497721,5089031.9,2.264526545034569,1.9697830185296616,1.917871098005181,2.1768404856067978,32.083918928559214,1.458712699541304,1.4741603484865071,1.396716648857412,1.4214880701060657,29.483607071170344
251,SLV,GRU,2022-09-01,2024-09-01,2,0.8327656419083311,0.756587542793088,0.7096041803480049,0.8330778930302699,6522197.992745766,0.7301295598347982,0.6627919514973958,0.5976998647054036,0.7083544413248698,4980572.233333333,2.787039280737771,2.511695748619947,2.3051017207285414,2.7009852734985245,30.95183216359917,1.483867638992308,1.3559093957739492,1.4420757408504163,1.6390649815248484,27.18726977814135
252,SLV,GRU,2022-09-01,2024-09-01,3,0.7325529148570764,0.6409222834222894,0.6094804808405431,0.7118135710542918,6803647.093939314,0.6527453104654948,0.5379859924316406,0.495056406656901,0.6112264633178711,5206267.866666666,2.502550519653425,2.0470056471073987,1.91736626704656,2.345073150833674,32.72445037151376,1.2633963269880009,1.3198131388518357,1.3683980615936489,1.385711532123536,30.01136477567649
253,SLV,GRU,2022-09-01,2024-09-01,4,0.6429418439978384,0.7094597788724202,0.5864039049305763,0.7789308260848802,6770156.282125367,0.5054841995239258,0.5201461156209309,0.458751106262207,0.6016730626424154,4915062.1,1.9404867487913544,1.996614701146587,1.7840290780298362,2.330415145906126,28.94891146612009,1.5265322998890425,1.8654911214893064,1.4244320782524529,1.942686009704744,27.189261552145823
254,SLV,GRU,2022-09-01,2024-09-01,5,0.7125207298820869,0.8665349438692338,0.9349828157642044,1.0210322518258383,6808579.707206675,0.603671646118164,0.7600320816040039,0.8372751235961914,0.895876121520996,5190375.733333333,2.312717259815041,2.877859691966565,3.2362781075117377,3.4190919255792283,31.90392845765158,1.4299155394157703,1.548909109087249,1.5671200516955217,1.8370964168318729,28.37290469858953
255,SLV,GRU,2022-09-01,2024-09-01,6,0.6735236439955538,0.6628547550367684,0.6296836864866536,0.6333472600507467,6667297.179863301,0.5718143463134766,0.5702079137166342,0.5286755879720052,0.5132747014363607,5078699.2,2.1900789330852093,2.167285614109515,2.048936432662171,1.9744366432940603,32.021903300064274,1.3572528997334758,1.2771191412916536,1.317956619565587,1.4346746979153966,29.706328355155154
256,SLV,GRU,2022-09-01,2024-09-01,7,0.6724943331822547,0.7691837266069542,0.5893628218403504,0.7181118576710745,6701091.64828582,0.5479230244954427,0.6578823089599609,0.4753532409667969,0.5994354883829752,5243786.9,2.093519021358581,2.488199142572538,1.8403615020560933,2.295811095955884,33.859675965465435,1.4767193187234464,1.4765561956701307,1.3420233650970734,1.4937909425586278,30.265392534531067
257,SLV,GRU,2022-09-01,2024-09-01,8,0.7748065873606487,0.7801621916570083,0.6683759918492312,0.6438623068273835,6653229.79475975,0.7012566248575847,0.7075571060180664,0.5535193761189778,0.5261594772338867,5207369.533333333,2.691387192478453,2.6918056533261483,2.1350724511747456,2.015254068520996,34.4396040617012,1.2622365555596595,1.2370224563176295,1.4246165263301949,1.412948995371554,31.541450784291865
258,SLV,GRU,2022-09-01,2024-09-01,9,0.7182014894332029,0.6924546398560255,0.6378765610917295,0.6805207824269889,7157918.985958692,0.600393803914388,0.5445950826009115,0.5291714986165365,0.5254475275675455,5673278.966666667,2.313035790228683,2.084557251307058,2.058089087338312,2.0232039745390127,38.64598771395824,1.5370831632685635,1.6630987496147789,1.3959855704028103,1.6871295020111623,35.90510117930995
259,SLV,GRU,2022-09-01,2024-09-01,10,0.6786894541913663,0.6470887020290916,0.6294507776777809,0.60950894273331,6730019.94879772,0.5079453150431316,0.4921979904174804,0.4876623789469401,0.4932827631632487,5285770.066666666,1.9714160701614656,1.8862342135606285,1.911144896368699,1.8915964806836123,34.391414986326446,1.7797138936049557,1.6225765823807397,1.5807879327870848,1.366119558552772,30.874895189024127
260,SLV,GRU,2022-09-01,2024-09-01,11,0.7706081200130329,0.7498570818856403,0.6443485160674207,0.69239337243718,7069812.62917915,0.5682846069335937,0.5674336751302084,0.4899361292521159,0.5533945719401042,5577521.466666667,2.199536976196332,2.1692623619306963,1.9059647157589708,2.124483498910667,38.44651343381892,2.0430813725610912,1.879469651858864,1.6357656553503706,1.602630432307584,36.37686948794915
261,SLV,GRU,2022-09-01,2024-09-01,12,0.7315392936384337,1.0117253071130752,0.6279935493821599,0.6885725083371644,6900200.362884501,0.6307496388753255,0.7964819590250651,0.5175625483194987,0.538005002339681,5391200.666666667,2.415952929586944,3.043287858817717,2.0084532008411355,2.0712554933723104,36.36956724916275,1.3986065093010094,2.3949307982364405,1.3715898478846504,1.6639337695359284,34.32268032101343
262,SLV,GRU,2022-09-01,2024-09-01,13,0.782963417901716,1.204944674506102,0.8820018151257837,0.7303245042487919,7238168.496225317,0.5769226710001628,0.9664764404296876,0.6699392954508464,0.5715497970581055,5844071.8,2.229888711282891,3.686852775634916,2.6028075332177787,2.193874815261016,41.05748734127317,2.0723140334041656,2.755686600426064,2.234003212628985,1.745756326966908,37.73613683702784
263,SLV,GRU,2022-09-01,2024-09-01,14,0.6625100532932634,0.6888653011563798,0.818719472671195,0.762232823614318,6573502.129480124,0.5012399037679036,0.5110466003417968,0.635081418355306,0.5805575688680013,4977845.066666666,1.9322508882177685,1.957497868772272,2.4797716191224177,2.246745575656129,30.1821943533816,1.6790903506328674,1.777328953010239,2.0353229496189127,1.9319946452618992,25.783659270101715
264,SLV,GRU,2022-09-01,2024-09-01,15,0.8987672440583724,0.9804733089410432,1.0579284406613647,0.7182349437025245,6812486.294429768,0.6794045766194662,0.7645668029785156,0.8533259709676106,0.5783023834228516,5400579.433333334,2.621270245177661,2.9239960611108,3.328822338169965,2.223470136766367,35.08502771977027,2.2853632679641183,2.34877943396513,2.4484543443838582,1.6451263038131474,30.94590255799912
265,SLV,GRU,2022-09-01,2024-09-01,16,0.8289196742244833,0.6906955531643613,0.6064921421217001,0.7222260118669368,6731329.908328871,0.590962028503418,0.5462884267171224,0.4904404958089193,0.6030258178710938,4990969.1,2.2976301198666884,2.090702390087541,1.908705995159329,2.319326831541758,29.16355499963064,2.2984230707717987,1.6236149368655324,1.3909939548321784,1.52562355815651,25.140707281860607
266,SLV,GRU,2022-09-01,2024-09-01,17,0.9207864689585096,0.8541164256655948,1.087208993164697,0.7525538414545471,7237014.635031865,0.6904475529988606,0.6378128687540691,0.8785669962565105,0.5848385492960612,5767203.666666667,2.6608458123760514,2.4406419625546847,3.424482385929088,2.2572799214561887,40.04516700691191,2.3594793407592034,2.185665131664545,2.498928851629813,1.8408631710738568,37.452702365676
267,SLV,GRU,2022-09-01,2024-09-01,18,0.7633830383871135,0.7268926878248064,0.6897256651951531,0.657913108210817,6819201.212903894,0.5418687184651693,0.5291472752888997,0.5312537511189779,0.5386864980061848,4944338.6,2.1081957134570666,2.0391524449362537,2.0803404005535064,2.072018195049483,27.90179444070632,2.1323880637742687,1.946130216375052,1.750374863748316,1.460061619793659,23.67108695828001
268,SLV,GRU,2022-09-01,2024-09-01,19,0.6556072238199152,0.6805991945502893,0.6183108506786105,0.6573711848489532,6759922.725916066,0.5252720514933268,0.5745066324869792,0.5141033172607422,0.5503334045410156,5248198.7,2.0261795310645256,2.1916284392410383,1.999203668199545,2.1230656982024776,34.42820922887566,1.5324290612226936,1.3939312148558165,1.3469778724392134,1.4054750506365496,32.13458001452024
269,SLV,GRU,2022-09-01,2024-09-01,20,1.0867590209579394,1.137561186833705,0.6838202218881989,0.9209108852041148,6645889.26079698,0.9911526362101236,1.0249703725179036,0.5595753351847331,0.8037125905354817,4821951.3,3.776348584381613,3.8723324289960352,2.157237665765277,3.0617201647796737,28.27582585184773,1.650158395999345,1.827794228780551,1.4924781853462117,1.6772233554141684,26.136937684514827
270,SLV,GRU,2022-09-01,2024-09-01,21,1.1405627494734454,0.9975072178862592,1.1185125263363165,0.7429717455133069,6704438.446920174,0.9017799377441408,0.7757064819335937,0.9313984553019206,0.6209247589111329,5289095.866666666,3.49624741780198,2.9773164080163244,3.6414413490847375,2.3871254464375764,34.25632037162947,2.7502427228637765,2.4332204680966187,2.444542785549132,1.5733791495523872,29.899324025014373
271,SLV,GRU,2022-09-01,2024-09-01,22,0.8638464605207415,0.7552203652923065,0.664941759072466,0.7440948774712824,6576146.359399472,0.7722268422444661,0.6652985254923502,0.5587759017944336,0.6324060440063477,4774815.2,2.9507755398800057,2.5297710199425363,2.1672450385576694,2.426072155500403,27.73341927561678,1.4479751259527196,1.345593081518994,1.3920153897305096,1.4889343244516446,24.734626927889817
272,SLV,GRU,2022-09-01,2024-09-01,23,0.6524505642674155,0.931350872183698,0.5825263477094591,0.6341729271900463,7050726.916520709,0.472941525777181,0.8313460032145182,0.4744959513346354,0.49020570119222,5585633.366666666,1.8291592582549032,3.153248648955167,1.8484339398374223,1.8849927026317204,38.44154209589076,1.7607190629162186,1.5674285465785234,1.323948626461644,1.556328664011857,36.126663198960536
273,SLV,GRU,2022-09-01,2024-09-01,24,1.0528978830105646,0.6677597694555355,0.6333104837270025,0.7468305613255852,6482131.3325967975,0.956904411315918,0.5477947235107422,0.5289566675821941,0.6183606465657552,5040580.533333333,3.653278473957312,2.089055376948678,2.0569678539008964,2.3640650950623323,31.7978990570744,1.6329224444987904,1.4551018468381325,1.3633126651099103,1.5852623741901817,27.19644503844021
274,SLV,GRU,2022-09-01,2024-09-01,25,0.6501515177982193,0.6429402170435199,0.6177094162263205,0.6642953901827869,6647869.602825066,0.4921672821044922,0.511622937520345,0.507867940266927,0.5609779357910156,5182328.166666667,1.8880768305929585,1.9454054614146967,1.9779111838799983,2.1456801286651723,33.36074738184786,1.6407532542951606,1.4808318248690415,1.3748615937578563,1.355278501281132,29.656942347398
275,SLV,GRU,2022-09-01,2024-09-01,26,0.678471122709145,0.8548262312503506,0.6558739718090423,0.9303551551825467,6706674.630525899,0.4779999415079752,0.6448103586832682,0.5065483729044596,0.735890261332194,5075128.1,1.853843010945964,2.477834921568652,1.985267228693122,2.8491545769187163,29.92918296994577,1.8993182209609905,2.18898037529466,1.6574018593321638,2.243900226516585,24.499135905126145
276,SLV,GRU,2022-09-01,2024-09-01,27,0.6834479148687568,0.6434493979905591,0.621768579704304,0.7154999411247686,6778753.029420256,0.5574844360351563,0.4895121256510417,0.4879926045735677,0.5554383595784506,5245629.633333334,2.148414587381321,1.872220762257075,1.904746551816036,2.153775258059453,34.385003213861665,1.5317779612277072,1.6035031421983024,1.51601341131623,1.7742805139925826,32.19582790549083
277,SLV,GRU,2022-09-01,2024-09-01,28,0.6280108294871168,0.6612838908355088,0.573592945915154,0.6630714004452724,7050852.47047798,0.4446559906005859,0.5591271718343099,0.4388948440551757,0.5538821538289388,5566937.233333333,1.7223075204440794,2.125344311544188,1.714047726535111,2.127161701532722,38.03703989491826,1.742967078423397,1.3328604952902412,1.454570432811781,1.3933051463697987,35.99861580137972
278,SLV,GRU,2022-09-01,2024-09-01,29,0.635290269797605,0.8513419707311836,0.6934909781964361,1.279903140578134,6924429.997440372,0.4747299194335937,0.7601088205973308,0.5688714345296224,1.1511800765991211,5024125.333333333,1.826024328672688,2.8811519303125204,2.195013083427581,4.394791374841825,27.837880088723587,1.637329183245111,1.4230759076843995,1.50958667220173,2.0889437687030554,22.509451246903083
279,SLV,GRU,2022-09-01,2024-09-01,30,0.722524803727343,0.7323600058768993,0.8597186594714288,0.9546940601634266,6707188.661447952,0.6545141220092774,0.64811216990153,0.7828516006469727,0.8556207021077474,5075087.366666666,2.512020954506732,2.472292778893233,3.0240266994567664,3.2655014483477816,32.532310135708386,1.1693030967160325,1.3078265650583345,1.33156027461591,1.5867963608548987,31.38708453108049
280,SLV,GRU,2022-09-01,2024-09-01,31,0.91747442502418,0.664541700153995,0.5938224283288884,0.8031989708736696,6737506.917530713,0.8374347050984701,0.5501001358032227,0.4690924326578776,0.5996362686157226,5096284.8,3.1986827007642686,2.099354907997995,1.8294467520762985,2.3255725483744563,31.5538200737696,1.398295819648694,1.4278632693206794,1.431921752353076,2.104688768719536,29.060233170052328
281,SLV,GRU,2022-09-01,2024-09-01,32,0.6903447335237939,0.6971773651075133,0.6477889643129866,0.6584953520816675,6686654.96464245,0.512176513671875,0.5199887593587239,0.5200937906901042,0.5425697962443033,5112077.2,1.981891056475513,1.993100938314122,2.030172857802467,2.086524258541906,31.60895745510662,1.8132283866196603,1.7937134793868208,1.5234527668816853,1.4420833668428734,27.85057053180025
282,SLV,GRU,2022-09-01,2024-09-01,33,0.8389639936816137,0.8106939908087148,0.7562691500930341,0.853912431798348,6838447.628380274,0.7342662175496419,0.6896180470784505,0.6450862248738607,0.7116549809773763,5156774.533333333,2.8009189656158475,2.606155395133272,2.48877811812306,2.71275618899818,30.245985333283247,1.5106891436898349,1.580509825134696,1.4935371636579016,1.7619783685895478,25.0210182068898
283,SLV,GRU,2022-09-01,2024-09-01,34,0.7821966005944336,0.8706591827767884,0.802368364208594,0.7813914844187392,6655834.150414988,0.6857929865519206,0.7710199356079102,0.701997439066569,0.6590316772460938,5199477.333333333,2.622419115697745,2.9210086709055094,2.713887027015115,2.520579957770493,33.570912710803604,1.4134571689152085,1.5049239294641688,1.4829690971157194,1.5777137534475845,30.0780629388306
284,SLV,GRU,2022-09-01,2024-09-01,35,0.7450601949901856,0.6556840616020955,0.6288885702591551,0.7977680648817836,6574432.687882585,0.6618697484334309,0.5478792826334635,0.5178466796875,0.6976172129313151,5066844.366666666,2.550653166835384,2.089532480216523,2.0135772012090905,2.668205388915961,31.745860273440496,1.339923334923978,1.3769075727733102,1.3883271204607373,1.4539664509300572,27.734725421088346
285,SLV,GRU,2022-09-01,2024-09-01,36,0.6921840561737787,0.6254169670477168,0.6756230864390331,0.6532825354562445,7007558.509364166,0.5003615697224935,0.4857566197713216,0.5186430613199869,0.5259773254394531,5527022.266666667,1.9327299464722536,1.8487766378703856,2.022134054039081,2.027371381824484,37.918680178716905,1.8741404429691344,1.5028261434464865,1.6982001659270354,1.500378150728734,35.79183818682199
286,SLV,GRU,2022-09-01,2024-09-01,37,0.8838018054403254,0.9302594375901708,0.9013846982660936,0.935075459164391,6524056.688213143,0.7921014149983724,0.8250806172688802,0.7916354497273763,0.8353913625081381,4985384.9,3.023125370096793,3.121671427463251,3.049354292981391,3.196611999977575,31.394584208007824,1.4578950635505803,1.5914532311228116,1.628155652620778,1.5792251917859836,28.32334913788949
287,SLV,GRU,2022-09-01,2024-09-01,38,0.7289936296575387,0.7557105593956002,0.9843004539023866,0.6587010647689848,6631865.861687101,0.6397826512654622,0.5480758666992187,0.795477549235026,0.5114105860392253,5060865.0,2.461010947421717,2.115316132371096,3.1248147048608907,1.9683190007041065,30.3808900022153,1.3610944166636008,2.0415466623522773,2.32616689992724,1.6145867544715284,25.08428712666649
288,SLV,GRU,2022-09-01,2024-09-01,39,0.7119958565849137,0.7678363325432417,0.6671612926105038,0.7898395057091362,6734032.282242666,0.596623420715332,0.6049772898356119,0.554363505045573,0.6081962585449219,5100796.033333333,2.294387663200431,2.322814101277543,2.165528058905604,2.35424056114774,31.394758978868044,1.4957629635141447,1.844033976379421,1.4687200323619614,1.9888218709278669,28.24410010800909
289,SLV,GRU,2022-09-01,2024-09-01,40,0.9498939647900164,0.8817721497080893,1.2295569501225063,0.9256339582201858,7929164.723612789,0.8451606114705403,0.773397954305013,1.114765167236328,0.818711535135905,5852837.616666666,3.222006875265344,2.9243680878178955,4.300275517169042,3.124648365887541,30.87410810025703,1.6034027176792924,1.5665449753983516,1.949331690553291,1.6081801165242426,20.84395403291009
290,SLV,GRU,2022-09-01,2024-09-01,41,0.8777389410498193,0.70399702553507,1.0529356416929991,0.8404209149339675,6936448.626354056,0.7902376174926757,0.5620941797892253,0.9420722325642904,0.7396858215332032,5512722.533333333,3.019821728336065,2.1441477390351054,3.6301781522939054,2.828697760678134,37.07132496121373,1.4262124904708435,1.6139363353184586,1.7760036011006244,1.4930133708253883,33.611218489733055
291,SLV,GRU,2022-09-01,2024-09-01,42,0.7240670840700798,0.6409604225863775,0.6717571359408788,0.7122547147944742,6686363.691548974,0.6219268163045247,0.5312384923299154,0.5243268966674804,0.6083271026611328,4997007.7,2.3935638469639624,2.0211724837122564,2.056957314811832,2.3348532700032867,29.85032712614348,1.4320981651193527,1.3630502360750942,1.6728150282805114,1.4086050092779878,26.33531635483494
292,SLV,GRU,2022-09-01,2024-09-01,43,0.6359756805726401,0.685533820642865,0.5873009255467183,0.6410630980767876,6684311.966684378,0.4776590347290039,0.58463134765625,0.4606781005859375,0.5358207066853841,5238000.366666666,1.8468208035657192,2.2344046807007025,1.789265267969964,2.0520409166536413,33.68710040792352,1.6478715969883877,1.377951392067319,1.420711688173925,1.33516307657243,29.5975514273375
293,SLV,GRU,2022-09-01,2024-09-01,44,0.6412781598960094,0.6560261092028722,0.6423669889278792,0.6618252528143627,6672244.654476573,0.5068686167399089,0.5443936030069987,0.5334647496541342,0.542657216389974,5148366.133333334,1.9558450451086384,2.078626771766976,2.0674842423451705,2.082764613195203,33.13048859172145,1.5351560038995251,1.4042330543292043,1.3785545434872315,1.4478128030872033,30.52596135939859
294,SLV,GRU,2022-09-01,2024-09-01,45,0.6971294633610227,0.7075362950999257,0.663297595135717,0.6765142201855269,6795113.859366582,0.517468516031901,0.5258154551188151,0.5315855662027995,0.5271900177001954,5211741.266666667,1.9982232184278963,2.016018100906895,2.0756890517294173,2.029226649827333,32.37831295291791,1.82660831596174,1.8266233432775685,1.565978590643557,1.6413656310073812,28.91312574903869
295,SLV,GRU,2022-09-01,2024-09-01,46,0.6742500594966605,0.6963139157796563,0.6461773950898907,0.6792263697257918,6827413.198254554,0.5160355885823568,0.5870683034261067,0.4856350580851237,0.5520317077636718,5009032.866666666,1.9896956531743903,2.238990927375548,1.8919799331283125,2.1265617239226176,28.42668889756344,1.683834344945386,1.4268813325407388,1.6702802435475537,1.5315668320257163,23.8280806026504
296,SLV,GRU,2022-09-01,2024-09-01,47,0.645203619392657,0.6480427128288401,0.6013264731331087,0.6741350652401209,6855615.066514667,0.4767157236735026,0.4842665354410807,0.4646980921427409,0.5182840983072917,5508321.3,1.842651722774412,1.85406969080091,1.814122263061187,2.001853454443613,36.05814220047469,1.699979399785278,1.6635370136086296,1.5038786480160806,1.688045183711946,30.873574996920578
297,SLV,GRU,2022-09-01,2024-09-01,48,1.290252465040686,1.2360427751871856,1.644677143324543,1.182018958725821,6746151.484729564,1.0993253707885742,1.0299543380737304,1.5159297307332358,0.995737584431966,5172733.5,4.249699856139053,3.9446774011120658,5.911773379648665,3.844506191303555,30.66877078907428,2.641460173066482,2.62624664187493,2.5337623967066327,2.4765185490219377,24.154570013151545
298,SLV,GRU,2022-09-01,2024-09-01,49,0.9299224629961316,0.8506674536276161,1.0456426045364933,1.0075666588116112,6820036.503898072,0.8282716115315755,0.7548254013061524,0.9326565424601236,0.8889137903849283,5071930.433333334,3.159476409607901,2.859111475865666,3.595846231071722,3.390831151723374,29.76244466352332,1.5658194701558203,1.4521533226463648,1.784390510851622,1.7680467616706197,26.148727870482464
299,SLV,GRU,2022-09-01,2024-09-01,50,1.5312801588136828,1.577022957855036,1.9346072707648736,1.703078839898081,6731806.197281888,1.349077033996582,1.4064169565836588,1.813088099161784,1.543828010559082,5119864.9,5.206624157398968,5.376707647987941,7.05301334878397,5.947592602551214,31.48710638593269,2.8322096447315053,2.759911229042116,2.637737943412263,2.7953226289148336,28.066671132306283
300,SLV,GRU,2023-05-01,2025-05-01,1,0.8476671961026683,0.7977167039839361,0.935521985190992,0.9927326358522592,12204613.921054834,0.7975578943888346,0.701786994934082,0.8445656458536784,0.8930395762125651,7801014.866666666,2.681647955040316,2.344058350453525,2.880074240819959,3.014204043068628,29.96883687476284,0.9546896169819288,1.2815463509752807,1.441315528645972,1.509772122018817,26.482338032599863
301,SLV,GRU,2023-05-01,2025-05-01,2,0.6183655707238991,0.7256013497577515,0.7822718143937281,0.9059712067712072,12203070.011218056,0.4377873102823893,0.5730358123779297,0.5792156219482422,0.7247812906901042,7806341.533333333,1.4935298259175551,1.928972173641578,2.00239234714613,2.469833568069008,29.352838620761528,1.5370520163222468,1.543385792766964,1.938853918313276,1.9445324108623203,24.55683641694489
302,SLV,GRU,2023-05-01,2025-05-01,3,0.687914352570821,0.6199702825138319,0.736945632761833,0.810665259403882,12242262.11231694,0.4420921961466471,0.4813334147135417,0.480882453918457,0.5314111709594727,7645719.366666666,1.523221973155115,1.6273239063357023,1.6827618834124909,1.844319559697772,26.906220720328616,1.8872498047677349,1.3644300117118595,2.072196200096469,2.229428210256343,20.75765733682924
303,SLV,GRU,2023-05-01,2025-05-01,4,0.6940937633110534,0.7689039785591545,0.8566286186686285,0.9152390813895104,11823081.580746496,0.5188225428263347,0.5886604309082031,0.5796869277954102,0.6648309707641602,7613987.133333334,1.7804727173532178,1.997956144155695,2.031785418487365,2.2955953051566302,29.4241244686806,1.619750676132,1.7278315443440198,2.309129115727556,2.291281618677988,24.860038430011286
304,SLV,GRU,2023-05-01,2025-05-01,5,0.6634959617071879,0.7868915059810859,0.872414922130177,0.7959063021664925,15149297.837090088,0.4416875203450521,0.5656420389811198,0.5724816640218099,0.5619791666666667,13248476.4,1.5087797424238698,1.9153471093155257,1.9983593799511743,1.9410585784447207,63.72842970623896,1.7375944241438446,1.9141369542915003,2.428800061967146,2.053355804222602,43.31094455220625
305,SLV,GRU,2023-05-01,2025-05-01,6,0.7712014394467945,0.720771068346143,0.8200241459860456,0.9233442983224048,12123943.208128782,0.4996692021687826,0.4863004684448242,0.4915539423624674,0.5860998789469402,7811207.6,1.7203262069075096,1.655796736581575,1.7330800838741462,2.04146733584178,30.35422423595528,2.0890152703502967,1.8771504126995813,2.447134240009444,2.6190057762420293,27.02813589258876
306,SLV,GRU,2023-05-01,2025-05-01,7,0.8066796242545681,0.7384912346171735,0.8224815027937321,0.961123136245061,12013669.36846398,0.6964146931966145,0.6179981867472331,0.6657890319824219,0.82853209177653,7751102.733333333,2.3655641380399297,2.067541001602128,2.290155714399338,2.807452538621468,30.48818611005317,1.4307668288659017,1.3777277363585323,1.7665063977349362,1.7122510975183405,27.16557293869649
307,SLV,GRU,2023-05-01,2025-05-01,8,0.704069717839954,0.6975650130090716,0.7927046028938146,0.7922053303081181,12401162.53208366,0.5310618082682291,0.5130027770996094,0.659190813700358,0.5122315724690755,7902190.466666667,1.8041530234580736,1.7317040429864583,2.2477770918666726,1.7707960601067052,29.90482342506884,1.6304874173266375,1.6495176431466367,1.5765332481644472,2.1922698378572947,26.210877142913013
308,SLV,GRU,2023-05-01,2025-05-01,9,0.7239678329713741,0.7217117855519355,0.9032190281427106,0.8438565834146143,11534804.309968311,0.588214365641276,0.572763188680013,0.7639617919921875,0.6494356791178385,7962084.6,1.9996889143297163,1.9332126333314432,2.628153664311664,2.219884727971014,33.24712494925796,1.4869094505547449,1.5283460129370607,1.778268576468921,1.921569984908252,26.35888007094741
309,SLV,GRU,2023-05-01,2025-05-01,10,0.682245417674601,0.6489185019617495,0.8072994558129386,0.7155267868966909,12252544.05407652,0.5020038604736328,0.4554469426472982,0.6171830495198568,0.4788464864095052,7892204.4,1.714118945645693,1.5404333585678975,2.1358893924892883,1.6516624471089865,30.66340042504605,1.646560848298526,1.6191291716342249,1.92873185634778,1.923151292532363,27.144280503648417
310,SLV,GRU,2023-05-01,2025-05-01,11,0.6648118852616902,0.630704754505133,0.7549924917592472,0.7786499238364599,11896548.834323838,0.4359238306681315,0.4465002695719401,0.5112044652303059,0.5361960728963217,7739582.866666666,1.5019628244388838,1.5118399456356366,1.7825275116102763,1.849500295002488,30.415761064732383,1.7967158120826312,1.567792014256559,2.058159133268956,2.051541009705941,25.855693697779863
311,SLV,GRU,2023-05-01,2025-05-01,12,0.6287114224712353,0.6532018906098093,0.7954014755540468,0.7877062453503664,13052115.361442504,0.4766885121663411,0.5333868662516276,0.5147944132486979,0.6062463124593099,8296091.866666666,1.6165753227968402,1.7862435879768337,1.806260166295608,2.069787191130416,29.02695859996261,1.4342227211240983,1.2846119240024176,2.2567131509631646,1.792736142868727,22.17055488870592
312,SLV,GRU,2023-05-01,2025-05-01,13,0.6344267370513673,0.6144864350880179,0.7264600503006325,0.7539985068458275,12339292.111301525,0.4406544367472331,0.4616548538208008,0.4771403630574544,0.5194540659586588,7945872.4,1.5104263156548352,1.563138752536429,1.6674638734899387,1.7937474292437423,29.83217399836263,1.6194158419443283,1.424527852962742,2.0317613636723264,1.9789158306661845,24.00773077759545
313,SLV,GRU,2023-05-01,2025-05-01,14,0.6767028235486643,0.6775180781495119,0.8514692745358884,1.1056349554461204,12128964.846428933,0.4417670567830403,0.5305409749348958,0.7177611033121745,0.9937712987263996,7837192.266666667,1.52222318481625,1.776005832296745,2.4600359654231188,3.338983917254803,29.55371663956649,1.8337534032979088,1.4392770425202426,1.6717318222943576,1.6284863404528478,23.44934833346437
314,SLV,GRU,2023-05-01,2025-05-01,15,0.586907360084718,0.6186885465716625,1.0180513430102631,0.754370617920716,11909012.15748321,0.4791726430257161,0.4863247553507487,0.9253290176391602,0.563519287109375,8085294.0,1.6213496571668662,1.629209067925654,3.157461105943439,1.9226709768735453,33.54749399491589,1.1626965677331442,1.306162698296286,1.5294195723420223,1.7807337530475844,28.28418633896781
315,SLV,GRU,2023-05-01,2025-05-01,16,0.7348620635787393,0.8497225339834902,0.7606744138800026,0.9842565938892152,12183368.825481646,0.4749659220377604,0.6254235585530599,0.4823180516560872,0.7042341868082682,7814207.533333333,1.631041850433201,2.115709622255195,1.6858773534489693,2.4279121159716,29.275553426697847,1.9879199237045568,2.0155323900641697,2.184255905599394,2.504018396061736,23.9580629209722
316,SLV,GRU,2023-05-01,2025-05-01,17,0.5834837628142572,0.5953008454734756,0.7544050021484763,0.8104493500071673,12199714.616202222,0.3885494232177734,0.4406802495320638,0.4900047938028971,0.5136226018269857,7915068.4,1.3277815082254667,1.4870008101272454,1.710191345897421,1.7831403038922746,30.67095503673587,1.532540684106581,1.3948524920613692,2.130804985722176,2.284525451270886,26.332660726884743
317,SLV,GRU,2023-05-01,2025-05-01,18,0.7209544043425563,0.7466196892062832,0.8579120966805641,0.7865655038428602,12306126.523382775,0.5318893432617188,0.5054139455159505,0.5973161697387696,0.5140240987141927,8168736.533333333,1.817702885961576,1.720547050106929,2.0813913936446102,1.778755757458215,33.16080752023614,1.7390130367704142,1.952821357010848,2.2916804089122738,2.168599447412132,29.244848185103915
318,SLV,GRU,2023-05-01,2025-05-01,19,0.8066469217480745,0.7096604091902609,0.8334341614411485,0.9131738475411904,12585986.425751897,0.6838705698649089,0.5498468399047851,0.6381384531656901,0.7034098307291666,8060558.333333333,2.306991096333456,1.850615315916742,2.204610850745483,2.397484420459381,29.561345530671456,1.4908542046581013,1.5594276093751611,1.98173343243266,2.086981580881614,23.860493346398336
319,SLV,GRU,2023-05-01,2025-05-01,20,0.5923233328838426,0.6188666267777873,0.6961053760367577,0.7071942096225005,11876691.797394676,0.4665699005126953,0.475462532043457,0.528370730082194,0.5091068903605144,7560391.8,1.5878852477208223,1.6071307797838643,1.8164227157571584,1.7445848278427944,28.86902734683304,1.2739940662216664,1.3851720920824655,1.6447989742170106,1.7590316353953246,24.689174247220635
320,SLV,GRU,2023-05-01,2025-05-01,21,0.6578432672921796,1.0171015789249975,0.999116370880343,0.9337252374440032,12268757.271962682,0.4938075383504232,0.7734508514404297,0.6702302296956381,0.7031929651896159,8067824.733333333,1.6793362445053486,2.6347081802024883,2.351834116192121,2.403741764827403,31.76512292417752,1.5329870546584472,2.349582679152005,2.7543443060825026,2.219478879878055,27.009308425094275
321,SLV,GRU,2023-05-01,2025-05-01,22,0.5695038443383799,0.6362041169250586,0.757997134645511,0.8109112378444675,11970044.719191344,0.407936159769694,0.4797031402587891,0.5017006556193034,0.5372183481852214,7903532.666666667,1.3882536890484063,1.6219499976260427,1.7562621765652264,1.861854740406253,31.51966806479789,1.3941961596133017,1.462241727226251,2.1166566890555645,2.211168554157945,26.852055442183502
322,SLV,GRU,2023-05-01,2025-05-01,23,0.6852280209692929,0.9433193135070296,0.7895731468566911,0.7510213072273318,12167390.80600767,0.4579042434692383,0.7125020345052083,0.5073610305786133,0.5225085576375326,7868586.133333334,1.5711763410441468,2.4222320674649342,1.7813712103681731,1.7991718489254331,30.580509593487,1.8013223277820474,2.187206581001264,2.2431292019210014,1.944579820357928,26.472842417611243
323,SLV,GRU,2023-05-01,2025-05-01,24,0.8901148011984997,0.880239463803485,0.9905688605099346,1.0589566122112268,11675916.978389338,0.826474380493164,0.7918708801269532,0.8665959040323893,0.967024612426758,7538959.133333334,2.7760348752969075,2.6479298485075264,2.978645035415413,3.260036810532484,28.72131772780964,1.1101853711602836,1.304142286858789,1.7523593360710628,1.491553921752526,22.403117786437267
324,SLV,GRU,2023-05-01,2025-05-01,25,0.6483007924441951,0.7023549939686912,0.7938046792799595,0.9307070384534064,12078481.884515736,0.4227085749308268,0.5075157165527344,0.4658838907877604,0.6570013046264649,8022782.066666666,1.4405917549660046,1.7097894344975415,1.6418595428844798,2.272914298436225,32.23224534132517,1.7223955725494864,1.6807964317545545,2.392343080545192,2.411424890644967,27.082182556023263
325,SLV,GRU,2023-05-01,2025-05-01,26,0.5865976112518475,0.6575991041783145,0.8044114667952292,0.758246020496843,12164455.573922943,0.4633612314860026,0.4942402521769206,0.5873391469319661,0.52412904103597,7729379.1,1.5826878050450508,1.677370486893269,2.0397822470262934,1.8063046452635496,29.05714818564673,1.2689604105022902,1.5277943503463811,2.0401910154864966,1.9777672272492903,25.05448052473876
326,SLV,GRU,2023-05-01,2025-05-01,27,0.7502163275933209,0.7037791014347548,0.848304641100014,1.0667623002307414,13000561.69730126,0.4984447479248047,0.5656185785929362,0.6442649205525716,0.9651185989379882,8155079.933333334,1.7174917481209564,1.9019695061273885,2.2333576039533054,3.269839461721384,27.490697664444664,2.0129615670434107,1.4459293050122504,2.0470696389527485,1.6148954912533358,19.68947280935861
327,SLV,GRU,2023-05-01,2025-05-01,28,0.6309165161512247,0.6543453110675406,0.7290185882255937,0.8328464827938338,11926537.51935166,0.4113152186075846,0.4468378067016602,0.4568918863932291,0.5368218739827474,7745882.066666666,1.4124888223558183,1.517290073361765,1.600776439220937,1.8659584390561224,30.01526802548007,1.7001077672519314,1.691683785780839,2.103377504087009,2.3267165685840823,25.107095346177395
328,SLV,GRU,2023-05-01,2025-05-01,29,0.6767840817386506,0.8832415459479594,0.874558936127349,0.98081322774597,13311621.480871964,0.4465976079305013,0.6590021133422852,0.5487369537353516,0.6673994700113932,8542501.7,1.5393277365135267,2.24065857390477,1.9344822036706169,2.3165744570627824,29.09881358163416,1.8135380894394544,2.081891821101012,2.5432098100743867,2.640129005932577,20.11893271316518
329,SLV,GRU,2023-05-01,2025-05-01,30,0.7610726893139944,0.8702760503265986,0.8469611960705559,0.9830751295836724,12127159.60576441,0.5027392069498698,0.6050755818684895,0.5435005187988281,0.6789759953816732,7659417.2,1.721235894002697,2.0568845304200147,1.897974625940849,2.346662091481342,28.87472754583807,2.0193274319355297,2.2097353829410897,2.4010606671538466,2.591148727944573,25.349081164740863
330,SLV,GRU,2023-05-01,2025-05-01,31,0.8554383794862744,0.8197866556234853,1.1620969447460603,1.0039499850464,11931047.37286896,0.7876487096150716,0.7255584716796875,1.0849281946818037,0.8837278366088868,7952672.6,2.6489290144207747,2.425103875732576,3.688800709959498,3.0013992336667177,32.16383822639378,1.136831904232809,1.2979150309548222,1.4732528499891102,1.710046126394133,27.24745852493524
331,SLV,GRU,2023-05-01,2025-05-01,32,0.8403184504982236,1.778909506368133,1.066031638392024,1.8257606061302407,12323612.661368504,0.556302833557129,1.6485467274983725,0.697157351175944,1.6255032221476238,7827417.2,1.913920640985272,5.522979226528888,2.4513277997423097,5.546979159457167,29.05389215808362,2.2389154835108163,2.349329009878201,2.9994773541317485,3.084463203053083,24.45182665705338
332,SLV,GRU,2023-05-01,2025-05-01,33,1.7407927149666982,1.7362224022524433,1.5945300778913305,1.539355443983472,12638831.398213957,1.5973299662272136,1.604021708170573,1.3877934137980144,1.3168368021647134,9245471.333333334,5.370490033179733,5.377434922124455,4.738680627912173,4.488597981896084,40.98997427047449,2.389858742295247,2.333851128068927,2.851524871767233,2.8952694377189703,33.12228515053038
333,SLV,GRU,2023-05-01,2025-05-01,34,0.6440927356246146,0.685411733293896,0.8455053588844986,0.7981020371417872,12477924.501310095,0.4822032928466797,0.5506293614705403,0.6269521713256836,0.5631604512532552,7908954.433333334,1.6429644837441228,1.8504060545460843,2.1790372532462845,1.9441671676269336,28.2316231489128,1.5010867051831576,1.4064242135901663,2.108709911997802,2.047657176576406,21.591999534479577
334,SLV,GRU,2023-05-01,2025-05-01,35,0.8481128360732154,0.8047944432597534,0.836681615445977,0.8759089984837487,12419770.67096569,0.7127457936604817,0.6915490468343098,0.5635641733805339,0.6913619995117187,7974609.2,2.427774885189356,2.3190477084791783,1.9735779109253624,2.36199169821855,29.04273056742711,1.64048869014567,1.4167724748359989,2.3052178825283174,1.927482826310396,22.23774849966248
335,SLV,GRU,2023-05-01,2025-05-01,36,0.652060317949014,0.608803612219245,0.7587218479378183,0.8224716672958985,12316302.584934996,0.4556884765625,0.4601516087849935,0.5172886530558268,0.5491032918294271,7919308.5,1.5622244201848663,1.5540998688668604,1.8080165550101408,1.9061721863987315,29.887356942536385,1.664227360267078,1.3910030332141543,2.063618546192321,2.235540291226587,25.08849827589173
336,SLV,GRU,2023-05-01,2025-05-01,37,0.950640093240625,0.9487066023602544,1.080363462711027,0.8746375804936741,13917623.450041406,0.7405646006266277,0.758336067199707,0.8135656992594401,0.6143207550048828,8912899.066666666,2.5141325226477607,2.544201775417277,2.8024758710790607,2.125515317364486,28.836651920968247,2.0928883677372867,1.9716857733875968,2.6028905731260275,2.277040067177415,18.38783346438821
337,SLV,GRU,2023-05-01,2025-05-01,38,0.6791394969566598,0.6764011476558024,0.8077633998414494,0.774904681660262,12421226.491433969,0.431005859375,0.4672511418660481,0.4964506149291992,0.5281698862711589,7953475.366666666,1.4850876091417144,1.5852506870263945,1.746293070493556,1.8272303400469017,29.07499950900209,1.8794371237584429,1.7182714793846434,2.3758080699824555,2.064106304419772,22.814913400975502
338,SLV,GRU,2023-05-01,2025-05-01,39,0.6035087359925129,0.919263605470474,1.0552855457326862,1.640147651061565,12114110.628791677,0.4611656188964844,0.8051815032958984,0.9542393366495768,1.3852023442586263,8064248.266666667,1.5739628136328374,2.701696441600421,3.265792813854625,4.739517343439998,32.94952821429206,1.370688067751718,1.534884063862873,1.6508947270516838,3.23282724513978,28.918245230974264
339,SLV,GRU,2023-05-01,2025-05-01,40,0.6863858353501101,0.7657822396179434,0.83120878059208,0.9938400596878504,12499555.080845395,0.5788621266682943,0.522793960571289,0.4866526921590169,0.653550656636556,7914870.133333334,1.953838686999244,1.7814399501026998,1.7132983245846236,2.270335333185659,28.50585704260551,1.2747228865996991,1.9791872276748723,2.5037730694499687,2.748158899979881,22.950598848897567
340,SLV,GRU,2023-05-01,2025-05-01,41,4.0063252689680775,1.956576643317776,4.136358286014272,3.564509054199573,15563147.895962227,3.968682543436686,1.8589825948079428,4.078096580505371,3.4752937952677407,10694685.5,13.322834391819477,6.156927249624852,13.81082755129441,11.62389310165359,36.56552147971961,1.5381766512551196,1.9286389836104028,2.0775059475678903,2.391071906159976,20.83595602205436
341,SLV,GRU,2023-05-01,2025-05-01,42,0.7522114250946138,0.8768224420934362,1.2488741121873446,1.1247914143826503,13008434.427723454,0.4727903366088867,0.6359865188598632,0.8854190190633138,0.7894518534342448,8243112.0,1.630859541691832,2.1572514862842023,3.0800546546008385,2.728878937106899,28.07419706748701,2.1018580971890475,2.1284786113696885,3.275473401102928,2.9344573404731182,20.305551195510304
342,SLV,GRU,2023-05-01,2025-05-01,43,0.7101033289110116,0.8626070789916771,0.8478608924388761,0.8197172108554506,11625696.296836875,0.4729926427205403,0.5894733428955078,0.5221749623616536,0.5930337270100912,8074122.0,1.6284922037538223,2.005465107439515,1.8328344363670577,2.045014225847856,33.37755276393513,1.8868336628976232,2.226931564604856,2.4824674154075024,2.050728093534412,25.32125696351612
343,SLV,GRU,2023-05-01,2025-05-01,44,0.7025248262337783,0.732013648829228,0.8594261146823414,0.8689237028035715,11736035.947428666,0.4741008122762044,0.5503803888956705,0.702607536315918,0.6353164672851562,7696997.866666666,1.6318204761154882,1.8541006124156707,2.420445154657806,2.173453791319658,29.98293083505094,1.857353068981783,1.68319699633196,1.8258861635407504,2.1297015749521084,23.46364275838029
344,SLV,GRU,2023-05-01,2025-05-01,45,0.6924912056559592,0.7708686907081318,0.8923316235506719,0.8688156525907553,12027939.550621262,0.4597584406534831,0.5133492151896158,0.5423899332682292,0.5908806482950847,7675991.966666667,1.5815240182623254,1.7492263444127052,1.9124923322853864,2.047177621345324,29.03212601586281,1.8492246738255853,2.036375091017661,2.64263483581542,2.3327571222548555,25.71103240813406
345,SLV,GRU,2023-05-01,2025-05-01,46,0.7026910558844721,0.914004830195802,0.937982577545208,1.0660319101667064,12214451.695622172,0.4461079279581705,0.6873491923014323,0.6548967997233073,0.7806488037109375,8235193.533333333,1.53302604978312,2.32785266364002,2.273773477434029,2.6874565535762165,33.71470034563545,1.9282122902540908,2.122822892827833,2.478388793039239,2.643261758281285,28.571415207488315
346,SLV,GRU,2023-05-01,2025-05-01,47,0.6691362680895642,0.6665885818467763,0.7542508015113906,0.8849078582721122,12366986.811689574,0.5484089533487956,0.5420005162556966,0.5272148768107097,0.7137484868367513,7894139.4,1.8681761302161304,1.8190053357433744,1.835819310751816,2.432352727810473,29.54172737785918,1.3426475199130004,1.331732358992113,1.9946762283606216,1.874076407931172,24.892732690711668
347,SLV,GRU,2023-05-01,2025-05-01,48,0.7256077080802578,0.7014278474921203,0.8608243430265854,0.7661284279648158,12125261.914742004,0.6571347554524739,0.5916222254435222,0.7296334584554036,0.5782031377156576,7859086.733333333,2.2080399355649085,1.9718665718985748,2.502666969255089,1.9727221835114783,31.06452968671345,1.0279329442720486,1.2638451557593906,1.6636278540743925,1.7802550313866752,27.705562597560085
348,SLV,GRU,2023-05-01,2025-05-01,49,0.6686816236283546,0.8223276422254682,0.7786023053812615,0.941416946534784,12023624.648022698,0.4566514333089193,0.5998489379882812,0.5190328598022461,0.6123858133951823,7614944.8,1.5695195801741657,2.033270207122035,1.8181653704271283,2.132538700695384,28.189659042330668,1.74320879156809,1.9728808579793689,2.157134063696777,2.623340101670126,22.82853557070928
349,SLV,GRU,2023-05-01,2025-05-01,50,0.681165203106674,0.6075242217499179,0.711143171868571,0.7784235645886293,12186779.783030922,0.5841316858927409,0.4516448974609375,0.4436609268188476,0.5112222035725912,7922997.466666667,1.9749132913562613,1.528779764111354,1.553029498156148,1.7711247384960331,31.39322597694767,1.20948869914907,1.4319114573707838,2.06290024459654,2.13922058800038,27.984508654307422
350,SLV,GRU,2024-01-01,2026-01-01,1,2.391741489701763,2.452177278886413,1.8324164968243075,2.9615882327799485,37583405.886588186,1.974232228597005,1.7612613677978517,1.4393216451009114,2.287274932861328,27226449.2,3.4543868504837296,2.994297362333884,2.554985831472813,3.939592257038087,41.4095569078315,2.25191729543384,2.6873634454882933,1.879628982378581,2.9971818117961235,17.63276571474973
351,SLV,GRU,2024-01-01,2026-01-01,2,3.5512337304922306,2.3329597264308988,2.067106170576612,2.262896862267608,28507508.12062757,3.0262611389160154,1.7837697347005208,1.644689687093099,1.7025726318359375,18779912.53333333,5.17697503779301,3.0319600794513004,2.9124999503877538,2.957525873336322,29.124325564612885,2.8146616008072463,2.3213812802744807,1.9744081201978188,2.341927205558914,21.4814713897134
352,SLV,GRU,2024-01-01,2026-01-01,3,2.024917754143126,3.3093009975639025,2.2841056589134374,2.469247120536503,26036992.366293605,1.598521931966146,2.684799830118815,1.7549273173014324,1.8860619862874348,17099990.666666668,2.9354711496028774,4.661968825532292,3.206575078428454,3.3803363085586686,29.448388530404863,2.140214645457656,2.9535509482142706,2.432293632454956,2.6235204694448724,25.12822866554697
353,SLV,GRU,2024-01-01,2026-01-01,4,3.005291012982496,2.970866466060293,3.2896158415411216,3.494611388241023,24450184.04564521,2.5895636240641275,2.356165949503581,2.8858606974283854,2.8646546681722005,15782306.933333334,4.554262626819987,4.085121803074183,5.16793818654094,4.989518476522141,27.729866900742994,2.533446123326761,2.97609411502698,2.6043634366777377,3.223080429446481,26.79192136599784
354,SLV,GRU,2024-01-01,2026-01-01,5,1.67976243477571,2.2064245497427994,1.7738571018472489,2.972715352379998,24522264.99980256,1.2528760274251305,1.6278699239095051,1.3424079895019532,2.2875756581624347,16123070.333333334,2.2219021006676845,2.7884178392301475,2.4221728924675325,3.949529839153905,28.89885136573733,1.847383507669816,2.3957215122830253,1.928681764185564,3.056075373178003,27.081219735256862
355,SLV,GRU,2024-01-01,2026-01-01,6,2.230668416827437,2.926480333502433,2.4546710908882545,2.995387378506003,22940420.908914704,1.6223209381103516,2.256804021199544,1.8166389465332031,2.1926544189453123,15617992.8,2.837043205417719,3.9056279829574367,3.209618151188979,3.765527774221338,31.643708371628783,2.5296617890355484,3.0170698986571933,2.751239037519527,3.2695956598898133,31.485641914792044
356,SLV,GRU,2024-01-01,2026-01-01,7,2.2335238197443954,2.7086498239297088,2.1794610942412467,2.93946853850018,25787265.4716926,1.8142019907633464,2.10694211324056,1.7334154764811198,2.2775333404541014,16716874.466666669,3.1689832083825524,3.614533557626596,3.046395359964353,3.927880972433764,28.01828059901418,2.1752312161169285,2.763705822581448,2.227911056924812,2.97064957135651,25.14133413780188
357,SLV,GRU,2024-01-01,2026-01-01,8,2.1959278087101044,2.4573725168929843,4.114832170809716,4.15204210379519,28011339.121611465,1.7927964528401692,1.8662479400634768,3.7561655680338544,3.628765614827474,18283305.666666668,3.3646044144872738,3.257934042540029,6.787244257769501,6.358325203868012,29.31857628128262,2.4476621911194254,2.5011448968795458,2.6982985317697428,3.1573228127170707,22.566424035578063
358,SLV,GRU,2024-01-01,2026-01-01,9,1.945597597624034,2.3814070056699324,2.28546217916102,2.554401024242748,26482484.809203044,1.4628922780354818,1.7587730407714843,1.8263334910074869,1.842528279622396,17213180.266666666,2.5723238343194463,3.00455045293201,3.202429746705479,3.1834340702117743,27.99829293816232,2.13819815753126,2.57069085677498,2.2916393367133114,2.8425817279210888,23.93928662499069
359,SLV,GRU,2024-01-01,2026-01-01,10,1.9787910206742576,2.535899350828001,2.1892971488814865,2.740623047901454,28265630.94970102,1.510113271077474,1.933450698852539,1.6913026173909504,2.035202534993489,18670211.933333334,2.631628749817609,3.3053327989595016,2.9704770254082176,3.5136478199394325,29.05983959800561,2.057590995122801,2.6607319658231594,2.3482076660312945,2.9700433953113743,21.27036294547395
360,SLV,GRU,2024-01-01,2026-01-01,11,1.7904609315901552,2.239124123188764,1.8497630724377745,2.444184553786381,27893986.81580038,1.3512802124023438,1.6732171376546223,1.3983510335286458,1.7943817138671876,18160435.066666663,2.374758687050521,2.86228599294123,2.48853981784381,3.106960647719317,28.42371872927988,1.904294101885724,2.379059274952334,2.018877309835,2.656599567586097,22.39883723637789
361,SLV,GRU,2024-01-01,2026-01-01,12,2.330853118443213,4.671688315827531,2.15827287833877,3.593377737285665,30103338.390612755,1.8896200815836588,4.1980032602945965,1.6990023295084635,2.9955464680989583,20017844.8,3.306670294901589,7.30603628207191,2.990481626809746,5.190113862119238,30.32167687274907,2.30043113034946,3.069198107484667,2.2452950252954755,3.144773426749799,20.6468066648254
362,SLV,GRU,2024-01-01,2026-01-01,13,4.995966384893673,10.05097759663986,6.716001523695261,6.52432884732708,28518666.610686302,4.627762730916341,9.700739288330078,6.363659413655599,6.0709279378255205,18584860.53333333,8.141396145363853,16.97819892940161,11.39453344642399,10.624481795839651,28.65042375005936,2.7394194531607474,2.9889146967914844,2.8353304934312806,3.243747046658818,22.033078893092785
363,SLV,GRU,2024-01-01,2026-01-01,14,4.300194877141237,3.369832389979256,2.026486761354019,3.252828556564652,25555936.775256764,3.5041568756103514,2.481199137369792,1.440911102294922,2.5629505157470702,16700463.6,6.132128317588856,4.241038741198609,2.555801388959132,4.469308816367235,28.646433477175343,3.753971939631652,3.4363785575643013,2.3618495628175413,3.2797620322436813,25.902061063081
364,SLV,GRU,2024-01-01,2026-01-01,15,3.270653404278882,2.730649195484604,3.142643720726896,2.0315045211376392,28871450.34754372,2.6659004211425783,2.08575185139974,2.5770079294840493,1.605170440673828,18790238.73333333,4.72653822701751,3.553141590438,4.715911719603612,2.858025275365881,28.844409001064523,2.935395844323516,2.825199239095647,2.96692081443705,1.99694698337875,22.037753067950216
365,SLV,GRU,2024-01-01,2026-01-01,16,1.5350666261826256,2.1405653402650286,4.874516278529812,2.312739201983541,49114537.63603903,1.30514284769694,1.690659968058268,4.381960932413737,1.828811264038086,38950761.13333333,2.3958929438829424,3.0272241456355866,7.955556953188838,3.332753193799417,63.73093094941804,1.5672002441735229,2.1956116389889946,3.438686660790767,2.4835915048262325,14.700579186657343
366,SLV,GRU,2024-01-01,2026-01-01,17,1.6966080399690515,2.5356056144736097,1.840247003181425,2.8049036334128545,27302340.96023047,1.3222671508789063,1.935535303751628,1.3750447591145831,2.142519251505534,17756330.933333334,2.3342386856197104,3.307027536318776,2.450480551842189,3.693307964883859,28.002172390070594,1.8088349574963145,2.6416201138430067,2.052066123971791,2.9072492386535385,22.70336323267381
367,SLV,GRU,2024-01-01,2026-01-01,18,2.095654118365407,2.36525336722828,1.834646982025112,2.171682597918793,24165793.510130648,1.5158278147379558,1.7330240885416666,1.3866655985514322,1.6590989430745442,16158071.066666666,2.687481498728255,2.9739526083866537,2.508157091581141,2.8979580922516965,29.905671891294,2.3112369712988645,2.4801711598481173,1.9819837567236285,2.229882331306197,27.611890357638945
368,SLV,GRU,2024-01-01,2026-01-01,19,9.191512804883548,9.485583789710008,6.490061408965588,9.437571359377037,23957847.309927747,8.907063929239909,9.149515406290693,6.131336466471354,9.024489212036134,15862802.533333331,15.86699557154864,16.02839570134804,10.9696398100564,15.884920593794131,29.808658431676164,2.654434604734766,2.962120562778697,2.8718218290484328,3.306425057147619,28.62956047421356
369,SLV,GRU,2024-01-01,2026-01-01,20,2.8525055541844484,3.507992386987155,3.512420928088755,3.748443652345343,30961714.111756377,2.4642130533854165,2.959812291463216,2.976017379760742,3.146121724446614,20598024.73333333,4.353023268855316,5.131036445959411,5.189962741953913,5.439511379376578,30.50104146619177,2.3674032101172062,2.9553286800253256,2.899867130634463,3.1587340407556894,20.114703295528063
370,SLV,GRU,2024-01-01,2026-01-01,21,5.0873452659275324,4.538290739346778,4.151694562519181,3.689608262321317,28608679.040384848,4.677079645792643,4.029253260294596,3.721711349487305,3.0498151143391925,18648462.666666668,8.184966422521407,7.008605264836207,6.651487650988636,5.392066315536211,29.97781705357393,2.8986042497721085,3.1614684259367745,2.864140564014502,3.3897747901490605,22.82120253425947
371,SLV,GRU,2024-01-01,2026-01-01,22,1.8581324195161804,2.3817742540859097,1.9119405174607376,2.47965016870226,24037431.16242021,1.4046707153320312,1.749771245320638,1.4366348266601563,1.878231684366862,16039658.066666666,2.472323902688751,2.972942265089996,2.5867611870159126,3.2410994357910923,29.699867382482253,1.9831669033283217,2.5284478422348085,2.0555830655330274,2.513786341158948,27.60362236212147
372,SLV,GRU,2024-01-01,2026-01-01,23,6.651284079996104,4.711054306211265,3.645756822693433,4.835532585575884,41370942.24575275,5.251242319742839,4.010236612955729,2.671288426717122,3.662019093831381,29307406.4,8.948856935582278,7.018122415860457,4.684312824882881,6.3120353129452615,42.11301319153748,5.989557972112245,3.7379051725999313,3.818481835070684,4.802596288262854,20.7114483812436
373,SLV,GRU,2024-01-01,2026-01-01,24,2.5083495516122767,2.840697051530748,2.85726321570774,2.801980030081118,26599098.75433797,2.0830771128336587,2.210094706217448,1.8193088531494144,2.035168202718099,17673017.2,3.665218325519374,3.824355588986036,3.181118665125674,3.5257262065876045,30.98899513686348,2.358183814931667,2.928579806822708,3.4907871665774795,3.1554122540360376,25.506471925482387
374,SLV,GRU,2024-01-01,2026-01-01,25,1.452952264610746,1.7902418075828728,1.955301890999589,2.0648463471382703,29394372.84815329,1.2088846842447916,1.42025629679362,1.3904118855794272,1.5969843546549478,19347292.866666667,2.190753700036607,2.4892974308510283,2.4851013386518503,2.8491912805714,29.237024327432064,1.4545036590839324,1.7415332043980862,2.229582906624107,2.095678388072145,20.90618724956237
375,SLV,GRU,2024-01-01,2026-01-01,26,2.4217068176636927,5.606101513655792,2.712587430819592,2.843994314915495,26626823.08325997,1.9993521372477208,5.1434991200764975,2.253430430094401,2.171298853556315,17360253.533333335,3.500968449287812,8.86576611840703,4.035951544137651,3.755255142121969,28.749568431607603,2.2879205931901585,3.0785489941019635,2.5839803609607293,2.9837024000532684,24.07510147143002
376,SLV,GRU,2024-01-01,2026-01-01,27,3.212333898449302,3.980136568372792,4.972572633312754,3.1600532299498694,27663391.21604948,2.7613367716471355,3.384906768798828,4.479155095418294,2.4972235361735025,18026256.666666668,4.789553019895516,5.734254704206771,7.874575020551304,4.301592985878843,28.52596187437377,2.55820284729476,3.1185266569047863,3.1556689976794963,3.063843216563924,22.53342342343448
377,SLV,GRU,2024-01-01,2026-01-01,28,3.631553204308137,3.611880326524532,4.021518050808681,4.291377337787956,27347254.37116537,3.224268849690755,3.047920227050781,3.55150883992513,3.675393040974935,17969235.466666665,5.642296272950609,5.221998690498299,6.251186112317357,6.343974253886094,28.266346667171987,2.5821946900411064,2.970311030543067,2.869706003519841,3.3415013312737307,21.7195827107128
378,SLV,GRU,2024-01-01,2026-01-01,29,3.082399886861639,2.9529766042920693,3.672133365616512,5.395597009644284,42921177.52296771,2.6160462697347007,2.5103074391682942,3.3327178955078125,5.098058700561523,33299243.23333333,5.088885419023155,4.738913773166287,6.382414570897062,9.493959041637906,54.13287215902115,3.703601174092276,3.3825801004207428,3.3652013327662407,3.95327632412902,17.308593561288152
379,SLV,GRU,2024-01-01,2026-01-01,30,1.9246416356241167,2.529482408219242,1.8434966784844624,2.5891139199815183,26816097.85541575,1.4410500844319662,1.802018356323242,1.324705251057943,1.930108896891276,17598615.066666666,2.4983554626054003,3.047858025344929,2.381339599839416,3.3074203458887217,28.28766742117238,2.054130566129056,2.739243374173206,2.0901974841946385,2.721342275630544,22.41597307834046
380,SLV,GRU,2024-01-01,2026-01-01,31,1.9877506243720025,2.199200380494213,2.193121138942526,2.957785027698104,26974548.13538929,1.493674087524414,1.6309324900309246,1.7008299509684244,2.2278578440348307,17602481.4,2.594491895241608,2.7985690216404544,3.0129217867508724,3.849996738732787,28.561711821667927,2.136122004429315,2.359569554861312,2.348389279386905,3.168595035087665,23.2307303494445
381,SLV,GRU,2024-01-01,2026-01-01,32,5.900653991982191,3.935028066976005,4.038055834262614,5.202023201782861,31339304.651036862,5.418658320109049,3.33608029683431,3.546693547566732,4.591401799519857,20853938.133333333,9.420568770945293,5.651522973562557,6.235961861837267,7.886348060987164,30.924469110727863,3.242349869466436,3.129382659878405,3.001713645956516,3.535771615175149,20.46503869386113
382,SLV,GRU,2024-01-01,2026-01-01,33,2.120476754875864,2.528652796059132,2.2338261702206155,2.740520219271725,29263496.99905662,1.4796741485595704,1.8825194040934248,1.503472137451172,2.0080835978190104,19166549.466666665,2.568288640628664,3.237445954426869,2.660312836249653,3.47949438675708,29.074630093708294,2.409847256605936,2.738142912453821,2.655395446692086,3.0499358675142063,21.234445103389024
383,SLV,GRU,2024-01-01,2026-01-01,34,2.150561385903535,2.1370854302955693,1.941729562804576,4.000355635568407,24725877.286389504,1.6863238016764324,1.6245371500651042,1.4642931620279949,3.344600550333659,16376357.533333331,2.936643486415376,2.850566903954238,2.5975809067209035,5.7628152956950585,29.37050688717632,2.21400796447034,2.2021596056539834,2.0931600357634808,3.3704205682680453,26.578069998493508
384,SLV,GRU,2024-01-01,2026-01-01,35,2.71724458630246,2.6890335192506587,2.935002136250119,3.735828954930052,27732210.587323084,1.7815377553304037,1.8964974721272787,2.029332097371419,2.5161927541097007,18111276.866666667,3.0931167383717004,3.2376078483402537,3.5885895374488954,4.304379087120766,29.06255620925268,3.1489676840790377,2.9367171337982305,3.329990240367789,4.271625761527552,22.49252783151959
385,SLV,GRU,2024-01-01,2026-01-01,36,2.1784776210477035,2.5620275205206995,2.4163928843359908,2.829305130939128,26690730.67713313,1.6538618723551433,1.9830867767333984,1.9778640747070315,2.0928470611572267,17395260.6,2.8837445963618125,3.3978696017415,3.4950600174040463,3.615725556236684,28.34429686431801,2.358292192699832,2.637582742013781,2.3516656514284,3.0762364240764595,23.70094155391087
386,SLV,GRU,2024-01-01,2026-01-01,37,2.217086810939348,2.259523603114328,1.7131722806300842,2.3303982578190388,30396459.290126145,1.807789103190104,1.8731555938720703,1.375400924682617,1.8210692087809244,20727716.33333333,3.357460522417706,3.403221688659263,2.5611864929681563,3.261827938896826,31.73817993350891,2.331677967810573,2.2468274582174645,1.859890278039472,2.3609367994642314,19.44491716606484
387,SLV,GRU,2024-01-01,2026-01-01,38,1.9676979303399704,1.87514049827662,1.6586672789914847,2.0347003653693534,27928269.24419041,1.4715833028157552,1.5048267364501953,1.3435138702392575,1.648270797729492,18272668.0,2.624730395074404,2.6905394711887607,2.4591377910670795,2.9518935635201857,28.32833056574236,2.1243870102154387,1.89464355925056,1.696132882133551,1.9321810300853683,21.73837732517832
388,SLV,GRU,2024-01-01,2026-01-01,39,2.6436029220147925,3.2899008200106343,2.3571432289129195,3.333655468463664,26465498.971846063,2.191105270385742,2.670730209350586,1.8979825337727865,2.6743605295817057,17210473.066666666,3.8060976585987625,4.589092821198538,3.3319290728217807,4.600532814124579,27.990287083083576,2.3853667417137774,3.053813027713761,2.34809469081937,3.145057692291092,23.781240522438736
389,SLV,GRU,2024-01-01,2026-01-01,40,2.505406992957478,2.055286587472981,2.970135649281309,2.3310306408007424,25608503.28175797,1.9172367095947265,1.5565600077311197,2.1181007385253907,1.7822006225585938,16590304.0,3.4421708857283027,2.7481386205130875,3.770279290691373,3.134622808963889,27.741423558124385,2.587334698344689,2.1511585336961154,3.276079513198605,2.364545279899732,25.07130219653557
390,SLV,GRU,2024-01-01,2026-01-01,41,6.785859633623243,3.985698826588264,1.64896960488932,2.8322734904141407,49237461.53361653,6.279126230875651,3.411526362101237,1.3098189036051433,2.186156209309896,38889231.16666666,10.929823976923055,5.873826686149735,2.40105904953932,3.901041368002316,63.39867419749788,3.4464489119863084,3.147806381953372,1.7392239144862462,2.9498766162289938,15.096263989519246
391,SLV,GRU,2024-01-01,2026-01-01,42,2.3912438961870244,2.1660276223026984,2.4852394064847507,3.6620433449027634,25975581.666951355,1.6321886698404948,1.6411449432373046,1.920658238728841,2.7022594451904296,16889388.466666665,2.827885416430936,2.8423496257077696,3.357016785544701,4.723060743164451,28.11772750061249,2.70472964397634,2.1807068085073293,2.6053929600402133,3.8308886129145696,24.78442315956139
392,SLV,GRU,2024-01-01,2026-01-01,43,1.8571214991926583,2.2678298949986773,1.8056321973332927,2.217769908789692,33950522.09912635,1.5093097686767578,1.674416732788086,1.3386740366617838,1.703133773803711,22720284.066666663,2.634332547379852,2.8517262977431947,2.433064855286253,2.959180127238051,32.70642590678102,1.7590804279974794,2.3886303224486607,2.0097724368375243,2.243413597370392,20.06868167475618
393,SLV,GRU,2024-01-01,2026-01-01,44,2.8310996336790075,3.319809834041737,2.289395585451216,3.2740487569928045,28796199.03088324,2.223865509033203,2.513364028930664,1.7093292236328126,2.5843101501464845,19382425.2,3.997136486627335,4.334967369713085,3.11281615959531,4.592005645759864,30.10455681406225,2.8000928127301794,3.272922764796367,2.50202389302575,3.2443667558466185,20.06484573385565
394,SLV,GRU,2024-01-01,2026-01-01,45,1.941409294528462,2.5397426991682326,1.986581948469952,2.868014967015468,27161054.05313555,1.526721700032552,1.9559314727783204,1.605202865600586,2.237781397501628,17741968.466666665,2.67136488670197,3.351715210258978,2.844845002233547,3.8469658336648296,28.311354105534864,1.976434221251477,2.646752826191272,1.9336328718683924,2.8363908900533503,22.658521395064
395,SLV,GRU,2024-01-01,2026-01-01,46,2.0238888293374124,2.009382996264821,1.8456002620231544,3.247600224580762,34419787.56848783,1.6123939514160155,1.5294331868489583,1.491810353597005,2.611622873942057,22962702.466666665,2.827223250498683,2.6239291259113786,2.6492973889008664,4.462068473533956,32.643098654003296,2.0936022017738978,2.081916775420406,1.7597761131802243,2.936512004872883,20.24462526017685
396,SLV,GRU,2024-01-01,2026-01-01,47,2.232432279777828,2.871744638465992,2.3765413327424976,3.033037301301316,28925963.82805468,1.6969698588053386,2.271038309733073,1.8475720723470053,2.246590169270833,19263113.53333333,2.99643226800962,3.98209254199787,3.310526061026226,3.90240571610677,29.67890911265573,2.4544302629544608,2.9383922736019192,2.563377030756788,3.34741736067271,20.5657961519152
397,SLV,GRU,2024-01-01,2026-01-01,48,2.0979955237288177,2.352488300907462,2.180230552835845,2.5253587644232502,27989205.47598412,1.6650412241617838,1.7623551686604817,1.73589235941569,1.881828053792317,18217240.066666663,2.894144599907911,3.003283247646657,3.042136971667606,3.2403207525758178,28.580055747588183,2.055177834741218,2.446053316448427,2.1829887850952736,2.6643863489387054,22.80114016595828
398,SLV,GRU,2024-01-01,2026-01-01,49,1.597650556062762,1.9739144280516336,1.7924034241431932,2.377634254600018,25553745.48420341,1.3560836791992188,1.5014115651448567,1.3728670756022134,1.784500503540039,17255201.733333334,2.501144010569924,2.602332196721356,2.4770584284293187,3.103036666450899,31.748803817168262,1.6252740454462735,2.0346645938711374,1.9016074925806288,2.468347109972264,27.163840631064573
399,SLV,GRU,2024-01-01,2026-01-01,50,2.7504985266769766,2.753183471033117,4.123901522789619,4.257563240566511,33662051.75276464,2.2718159993489584,2.1295780181884765,3.684426244099935,3.62836062113444,22186007.266666666,3.929677529994876,3.634641796721452,6.529493711297457,6.267611538944415,31.54902723632241,2.467729359398445,2.799814998331092,2.8579999347379594,3.398145179296626,20.62499560372005
400,MSFT,GRU,2022-01-01,2024-01-01,1,5.64799100369157,4.566166575023996,12.545845711176671,6.653827789536306,13203434.839317346,5.059625239149468,3.7967490408354574,12.017058167986598,5.945393880208333,9924936.2,1.378028989070605,1.0288544286369945,3.3006372376456588,1.6172685894005951,43.53199074392381,0.680473234216773,0.6865266582779285,0.9863966789705692,0.807627568747408,41.30445614312389
401,MSFT,GRU,2022-01-01,2024-01-01,2,17.727508631672933,16.550183409449453,16.580988650843445,16.000015367553367,13058690.582796345,17.458301830667633,16.220387202666192,16.1109691757634,15.582583618164062,9368029.6,4.768342462372181,4.401368083938102,4.433950181811681,4.251950031377849,38.60404168680374,0.8609567892766947,0.9116630624722308,1.1020874259039308,1.015337530875495,37.338864340832494
402,MSFT,GRU,2022-01-01,2024-01-01,3,3.960039145136524,3.225323614132136,5.195625924254334,10.950631706631498,13380094.146568865,3.3633533553185564,2.3912910019009304,4.282346070302894,10.196354166666667,8669887.733333332,0.9163569715552856,0.6484321508083835,1.1780815986753004,2.7744593641921926,31.37203365680125,0.567788980131029,0.5886165549867979,0.8106704086645187,1.0800952970771176,30.98490743547162
403,MSFT,GRU,2022-01-01,2024-01-01,4,3.613152581281742,3.5350279748959177,4.4882306102444245,4.214390446114046,13349811.850789098,3.165995051591572,2.721464930610832,3.51597876482922,3.421370442708333,9776143.066666666,0.8666063839297414,0.7400132211872094,0.9697874527093938,0.9344480382613876,40.627209866678974,0.4829269445486752,0.6181850335078768,0.7769342652932206,0.6774569319726428,40.63132712671766
404,MSFT,GRU,2022-01-01,2024-01-01,5,3.0638466538098283,4.595997189041093,3.567367809814589,3.479736714657594,13321859.780487182,2.529308597482504,3.822421240132551,2.722387596731077,2.5048227945963544,9902088.333333334,0.6923383883922835,1.0401888411862843,0.7503099222256118,0.6828071723107846,42.41813488112945,0.4776038131267424,0.7007760850549353,0.6403838889522689,0.6590370938290409,40.57416371338555
405,MSFT,GRU,2022-01-01,2024-01-01,6,3.792291620723303,3.8898576171639823,3.9155144861622535,10.33820140306208,13686692.574318258,3.32646563264626,3.181510785969573,2.9433919092210243,9.413177490234377,10573221.4,0.9105407384044888,0.8618867051538323,0.8118369511056007,2.568650242569925,48.04211845053031,0.5039458958949288,0.6061638295987205,0.7184063396573478,1.1751454106387678,45.421209619609485
406,MSFT,GRU,2022-01-01,2024-01-01,7,6.450451757961669,3.948557256197119,4.556411048573736,3.5897571365010315,13532619.782538235,5.51419372059478,2.9343760429494505,3.779204565928376,2.620530192057292,10292221.133333333,1.503384436655794,0.7956977779093991,1.039325158433478,0.7140611742557794,45.40242748096083,0.9129658609710896,0.7173189155611475,0.7023508754918645,0.6693260219802118,43.35289506561927
407,MSFT,GRU,2022-01-01,2024-01-01,8,3.116185153593021,3.390236042276641,5.702325132192324,3.839516863417749,13345011.563233163,2.419326766022848,2.4858150257029497,4.593957871643981,2.773633829752604,9939024.066666666,0.6624420763519071,0.6760020864589519,1.2634730065991684,0.7557463033147949,42.38676187071848,0.5421554821020101,0.6323726574121754,0.9308988509524094,0.7223326212855652,40.9896752617657
408,MSFT,GRU,2022-01-01,2024-01-01,9,3.668928022577371,6.277412217789852,6.238375711788366,8.187556921390463,13350924.503522502,3.089610570797301,5.586362318460232,5.737451535942493,7.305543009440104,10104967.733333332,0.8459778920508069,1.5176402834027796,1.5748359054987413,1.993895982825827,44.06243912572696,0.5487251251507617,0.7862104755649438,0.6685601965158317,1.0156564170465474,41.99816323190746
409,MSFT,GRU,2022-01-01,2024-01-01,10,15.028663594804945,10.827533786660071,13.15749326613141,12.53748473515724,13045882.680150092,14.676636727275072,10.445526697073394,12.5270689508642,11.971458943684896,9299569.0,4.001861454630332,2.8294674713796524,3.4390830538043566,3.2592801503611395,38.08483077502923,0.866506169044924,0.766187682587024,1.0967019830492093,1.0076724140267703,36.72204284878839
410,MSFT,GRU,2022-01-01,2024-01-01,11,3.2704793556666645,4.500600417939313,4.874074244311148,5.160120714761571,13125215.906978268,2.54954176388398,3.830856373050246,4.105877343301836,4.340573120117187,8733355.666666666,0.6963388667691156,1.0403244734971129,1.132444215779244,1.184608207180322,33.11806177163582,0.5597344931756196,0.6469468977846415,0.7346719127435252,0.7659061702001936,32.67243449510565
411,MSFT,GRU,2022-01-01,2024-01-01,12,4.849355887475882,3.41732851283728,3.964903299357102,6.746843947788686,13182665.561968364,4.119023452512607,2.4871135263410094,2.9776435987548364,5.840506998697917,9791430.266666668,1.1216267589134272,0.6762343783833943,0.8214193613903081,1.5897695034551085,41.75043664087953,0.6954099026360749,0.6419219691429914,0.7273711333791203,0.9154159630924976,39.41128787885636
412,MSFT,GRU,2022-01-01,2024-01-01,13,6.306458691018222,4.433457653295108,6.072013439274805,6.484239508235902,13378831.495748725,5.345840051034537,3.6398322902565097,5.272792539570222,5.696956380208333,8390581.533333333,1.4619559552002035,0.9862993108259974,1.4532340301140705,1.5553887024673054,29.97531222859233,0.9201450082785582,0.6851757184000097,0.8406009885143886,0.8525447112542415,29.63482562422336
413,MSFT,GRU,2022-01-01,2024-01-01,14,4.560619457520658,7.094618367459411,8.535978971564347,9.637731148714716,13058286.437787412,3.787065776660944,6.527838758889919,7.7053046987185745,8.83131815592448,9384449.6,1.0371778929829072,1.7733498809221264,2.1202903688129005,2.4097728564983014,39.17819826765691,0.7019120443218636,0.7648831102829651,1.0186145768552073,1.061243463536193,37.32936521863384
414,MSFT,GRU,2022-01-01,2024-01-01,15,8.326334803376751,6.827417065927683,15.723076775808996,8.589337236735904,13497463.032570563,7.429687467834968,5.752872901512541,15.069887147478786,6.970284016927083,8897263.566666666,2.026110074512234,1.5588850582616869,4.138866749561324,1.8970870254673349,32.515966053378115,1.0260482246584917,0.9968697364578109,1.2234849860041177,1.3655093818055375,31.778391847663617
415,MSFT,GRU,2022-01-01,2024-01-01,16,7.399763958795583,10.58167257434386,14.923301255963102,12.951477125832255,13267177.673742132,6.820723465060926,10.208703170055164,14.33102809799962,12.368878173828126,8705276.6,1.8582773062540008,2.765283736595896,3.9374500948548974,3.366823392935616,31.99745039589349,0.7778307828082656,0.7482098457921893,1.140612646720934,1.0369404017773556,31.87644790563914
416,MSFT,GRU,2022-01-01,2024-01-01,17,5.354203123108848,4.22874400343829,13.60566243595242,6.925206654040847,13325666.982781636,4.66511714005357,3.491167837880704,13.168065529930068,6.159027099609375,9916721.0,1.2758914315693817,0.9479679027897352,3.625310213161209,1.6821499816302328,42.19645754812857,0.7225444865010797,0.6526335428682934,0.9670201437348644,0.8749010016134613,40.31188906553297
417,MSFT,GRU,2022-01-01,2024-01-01,18,14.072548386957042,12.364110204147623,18.91232868047228,16.45066234209868,13157103.76335442,13.665357430400071,11.72737382435204,18.60812160385899,16.171573893229166,9818933.133333333,3.723281771531279,3.174286758429056,5.109649317465203,4.402818235158819,42.58433963552293,0.8930561243424211,1.0481885948695595,0.8961358625772355,0.8024699742695831,40.61684618463464
418,MSFT,GRU,2022-01-01,2024-01-01,19,24.30990121247665,12.29297622232686,11.086320343651566,11.392045694954298,13550449.492751151,24.094418302795905,11.703026900523914,9.829285347269668,10.661564127604167,10320673.733333332,6.5733583710558845,3.1707017401479938,2.700238587310348,2.901798463199624,45.300157994656594,0.8587560706681026,1.0156380662555462,1.408765466922167,1.0864326678242815,43.36935152237163
419,MSFT,GRU,2022-01-01,2024-01-01,20,3.7468391965463335,4.2241832849878165,4.397889475414405,4.220353368388472,13277170.804096244,2.7807193547675126,3.4711903644815094,3.307083168933809,3.2863800048828127,8672427.4,0.7589139051269599,0.9439007177356185,0.912371759180164,0.8966244974362292,32.09468458973816,0.6865274789013807,0.6605105256139215,0.8060280761096288,0.724220598942844,31.607228678258835
420,MSFT,GRU,2022-01-01,2024-01-01,21,5.09683926865968,7.126673652958196,5.620548224254567,5.532583926763414,13544907.497071214,4.054485098020126,6.286806857848252,4.664602053349264,4.632590738932292,10345188.8,1.1119455918862575,1.707173990205192,1.2852102958596885,1.2670705986623525,46.13785013151395,0.8545857498857828,0.9187442255333618,0.871270245711844,0.8358224296638233,43.58413765273462
421,MSFT,GRU,2022-01-01,2024-01-01,22,9.946689047106654,12.199873127553843,21.79109952662065,18.2124737824208,13074183.033423638,9.42351992962597,11.818669063017753,21.4331829208806,17.809361775716145,9703669.933333334,2.5753229711307344,3.207934248957457,5.898029004583727,4.857947869487876,41.61101767229131,0.8818901844963102,0.8372552290446946,1.114575506946159,1.0619968898758152,39.443326248172
422,MSFT,GRU,2022-01-01,2024-01-01,23,2.6975982622024195,22.49031436134856,15.8655407135011,14.614325493646174,13394986.62098974,2.0089934589210903,22.23295230683286,15.441599668927465,14.131296793619793,10054538.133333333,0.549670788993638,6.031155191702528,4.250838073511563,3.8548320652506978,43.176609560783135,0.495705755695688,0.9422946153647384,1.0308927605204474,1.0322734247272285,41.36418356106961
423,MSFT,GRU,2022-01-01,2024-01-01,24,5.092891450394354,3.86312140120434,10.577906433708907,10.698946124970057,13065429.641119668,4.571551325233961,3.1645467165947045,10.006266955342586,10.126129150390623,9340815.4,1.244277483647601,0.856883966308224,2.746096253912837,2.7554150120033856,38.08597669806855,0.6052675160241435,0.5996489008025295,0.9338471775023874,0.9325733008834596,36.80729713339536
424,MSFT,GRU,2022-01-01,2024-01-01,25,4.731199773426578,4.201029954016156,8.03878347762969,3.99331299764182,13700686.560181588,4.183389351596025,3.574360955513962,7.588181221293106,3.270160929361979,10466105.266666668,1.1433243324814275,0.9712026083624372,2.082653564075601,0.8925788423405618,46.639228846628,0.6059434818825187,0.6049151328897441,0.7237627048087611,0.6279191617052449,45.20104226911442
425,MSFT,GRU,2022-01-01,2024-01-01,26,3.372574020019457,3.801265582195031,5.065157205086029,6.653217507602134,13364649.285664843,2.7069123765600525,2.946516571645837,4.463505263954184,5.98895263671875,8533296.0,0.7384564322061846,0.8007232341920473,1.2259479935003288,1.629214619420893,30.74563911777527,0.5483666067012641,0.6567278458290545,0.6578133052381265,0.7825487076871405,30.190486713287463
426,MSFT,GRU,2022-01-01,2024-01-01,27,5.613437097540567,4.86454849929757,5.397131531315594,4.028959901350416,13226431.63559423,5.0109586738667735,4.154832079425105,4.804892319886168,2.790571085611979,9817005.933333334,1.3637833301911202,1.1258309317580697,1.3211157909065194,0.7625113012691752,41.77594598676006,0.6838413138987169,0.6841349711906362,0.6764614545813569,0.8000173787820056,40.85939702075827
427,MSFT,GRU,2022-01-01,2024-01-01,28,2.9656651634771736,4.38747035168757,4.4974287200594105,3.777339993261812,13073803.062634198,2.329647409272656,3.3892824862633177,3.794892863922685,2.736070760091146,9631798.6,0.6348790101245076,0.9191056643877,1.0439627113675347,0.7454909948729952,40.92244793832181,0.4985282256281305,0.756374258356909,0.6660474556741758,0.7104128985843572,38.93948689255326
428,MSFT,GRU,2022-01-01,2024-01-01,29,4.923697041645278,9.978840901360869,11.932270683902551,12.459122508846006,13156540.721049584,4.016050624350879,9.540333622529122,11.400371156267848,12.02381591796875,9646414.6,1.094101839978254,2.583169656832207,3.129693463597056,3.27294535240834,40.74189007096314,0.7758391655071417,0.7840647378465352,0.961089963949575,0.8793812705284673,38.546243422965176
429,MSFT,GRU,2022-01-01,2024-01-01,30,5.532867687723309,4.156111492737888,7.985281274103996,4.204245998487409,13337533.09271404,4.973200291705315,3.1362436264994566,7.377034167256648,3.5021647135416667,9556557.466666669,1.3534858111152093,0.8517411397798578,2.025618708435922,0.9534897372085912,38.31921525337776,0.6544413002062085,0.7476143862776374,0.8375296638078857,0.6325647488636595,37.72402594502016
430,MSFT,GRU,2022-01-01,2024-01-01,31,5.039759017250946,7.89582965830026,3.948447953882628,4.283586921038696,13179849.623154214,4.234688457325007,7.357590345803982,3.273932011949516,3.519153849283854,9901745.8,1.1604317396417172,1.9978030487889664,0.9005215435091659,0.9581304441442824,43.13747590091612,0.7557426080495566,0.7877077438307798,0.6115925018428923,0.6630445852119303,41.35332597761644
431,MSFT,GRU,2022-01-01,2024-01-01,32,7.698537140958306,4.287443717917416,5.079995841185232,6.0993534468554085,13083696.136204127,6.815244218612476,3.2243939771487344,4.158829144820618,4.690829467773438,9360564.6,1.8635474867580264,0.8747379190039264,1.1471880154805554,1.278062628610322,38.296449042287776,0.9872423552910956,0.7674183558780966,0.814043785563792,1.060170694564314,37.16656446629522
432,MSFT,GRU,2022-01-01,2024-01-01,33,4.361990010812888,4.782728939730499,5.779333492663252,5.430916698200798,13256332.779941551,3.7133076743856095,3.4440976702927384,4.163599224930037,3.718003336588542,9587326.866666667,1.015347129282976,0.9345880816908873,1.1468682233308298,1.0128371792119848,39.90283290751714,0.6289829544231964,0.9008859277498916,1.1056180408166163,1.077439717820121,38.11311349829112
433,MSFT,GRU,2022-01-01,2024-01-01,34,2.9452827325398263,3.4986345598909514,4.573656920765463,3.714488615449724,13049601.804852886,2.248479691469775,2.576077752118694,3.843330462875141,2.723798624674479,8954119.466666667,0.6149844156002268,0.7002054429692758,1.057073214193325,0.7430757018546874,34.952222095183025,0.5224527242769775,0.6476115188478079,0.6852664904619467,0.6917652872461233,34.31027287689016
434,MSFT,GRU,2022-01-01,2024-01-01,35,8.915738860464792,8.4567408719651,6.96279622558421,10.694480560702418,13055061.5682891,8.124757888889052,8.032625505679208,6.421655637504993,10.169252522786458,9640430.733333332,2.212004648459169,2.17491635029777,1.762364054459736,2.7665578070872483,41.33983055908,0.9935452326421476,0.7089148017305781,0.7337939095782207,0.8911784173584382,38.78814047460792
435,MSFT,GRU,2022-01-01,2024-01-01,36,7.5880644286501715,6.523153274820618,5.868813579591671,5.417915504987975,14278204.332394063,6.90716250775097,5.938621636494086,4.938047259622306,4.539934285481771,11196352.466666669,1.890188560685418,1.6138144277806143,1.362008771170089,1.2411575496246614,51.701909595881546,0.8729750319653766,0.7435085641358272,0.8865198974157433,0.8165777420973082,49.35214684307952
436,MSFT,GRU,2022-01-01,2024-01-01,37,11.66726947331973,13.22757148416782,9.954357056845168,7.53845779364581,13192291.306663176,11.361044279358405,12.938379480276518,9.354975044535292,6.828616333007813,9872536.666666666,3.096479644935146,3.505682276070148,2.5688894451899578,1.857555278258696,42.83836760841865,0.7079977398072544,0.7374773758062338,0.9337247852110352,0.8628286620374073,41.17179175694311
437,MSFT,GRU,2022-01-01,2024-01-01,38,13.975186872172577,12.542330447877426,13.410424630843856,15.854750469953125,13041348.296928724,13.602657031637053,12.244154423310372,12.885665752622014,15.514425659179688,9142018.2,3.706601623886866,3.3162721151079704,3.538638238973642,4.223317992317336,36.66913599119463,0.850840487184858,0.7232220848843531,1.013483768051223,0.8711805603975205,35.71421828465011
438,MSFT,GRU,2022-01-01,2024-01-01,39,9.41060993864113,3.456566438479294,5.32366360100681,7.436009961351759,13244464.9353034,8.752690600972988,2.6019905758987365,4.714858442601644,6.780561319986979,8752069.333333334,2.3855751380253345,0.7057071289128709,1.295045291337799,1.8432379722911472,32.89026935244492,0.938366253115164,0.6218826983805205,0.679146004703958,0.8221979437687882,32.21390399532093
439,MSFT,GRU,2022-01-01,2024-01-01,40,11.940084952892825,11.942854916285093,12.861149528927076,13.031275599469396,13067697.116307722,11.579989591858403,11.624250858857248,12.417170065773057,12.588456217447916,9625797.666666666,3.1571545506934924,3.148604011451559,3.409758631073037,3.42559541434876,40.757845359417445,0.7829021700913001,0.7325072623113729,0.9119911606508144,0.9023247291064734,38.71168182023946
440,MSFT,GRU,2022-01-01,2024-01-01,41,8.113738408656754,6.567470399488194,6.5313942967773215,4.118497150710474,13660990.184032325,7.76287635129851,6.085404639793791,5.907683672986764,3.062143961588541,10387161.733333332,2.115803102422631,1.648156995239343,1.6229038354412102,0.8347954855601999,45.56151757483066,0.6355478370572001,0.6651034707634056,0.7640095535319492,0.7526000415338032,43.907613654637714
441,MSFT,GRU,2022-01-01,2024-01-01,42,3.466511692059714,3.867068864742945,5.758224891156247,7.363535126650706,13051818.613967618,2.823469298867544,3.062998834323641,4.446892425174428,6.449911499023438,8997368.066666666,0.7730880597784343,0.8322787229359219,1.2287399425362988,1.7611317317053603,35.151484571262,0.5555488880636957,0.6467755937690595,1.021474065348367,0.978521127286513,34.483716581068286
442,MSFT,GRU,2022-01-01,2024-01-01,43,4.406670165375463,3.3706835598356424,7.717669298867522,5.242067112478351,13029817.553546416,3.4323289089755105,2.473281456367012,5.844887341535165,4.01181640625,8997230.066666666,0.9360956764268704,0.6722741656028555,1.6082532953970343,1.0934233813352898,36.04424193425425,0.7531510101657645,0.6281314069860182,1.3866761611106542,0.920186630239958,34.68454428648157
443,MSFT,GRU,2022-01-01,2024-01-01,44,9.627399115786272,13.665426047459473,19.938894279638426,13.98164461814949,13234210.728974402,9.127685514709968,13.358106042776518,19.60922125392409,13.551711018880209,8918826.466666667,2.486413957565153,3.618391755319273,5.386994895126148,3.688911129542855,34.119905053481524,0.8246900558146473,0.768269677163772,0.9732388577997398,0.9239280563721476,33.28868243779456
444,MSFT,GRU,2022-01-01,2024-01-01,45,3.8940919852021616,4.530185947241176,6.644207110803286,4.463507355989251,13044524.317720832,3.424840992719451,3.6886331948851554,5.57296589076963,3.609429931640625,8846399.866666667,0.9374332104189526,1.0030711213262216,1.5367733233098342,0.9862880596932484,34.037881173420914,0.5130172494041849,0.7211896450471945,1.0089190369652383,0.7237921064842674,33.01476964434543
445,MSFT,GRU,2022-01-01,2024-01-01,46,11.93073315842572,4.392910522787411,8.526683819713515,3.657504219381341,13363630.016680658,11.45915829303028,3.667299645606865,7.626713417452909,2.7368621826171875,9119610.8,3.123064764048581,0.9928311450139928,2.094498059793939,0.7457318941553038,35.13746141007092,0.8939848830735209,0.6531666813617016,1.0455848479186085,0.661515033798601,34.0696870557669
446,MSFT,GRU,2022-01-01,2024-01-01,47,18.81410894810781,20.37056395077068,9.000100310402575,16.144306481789858,14603988.669832565,18.564404264709967,20.196551070445786,8.148886787699356,15.816263834635416,11645549.6,5.063235946622342,5.47239513148263,2.2377451519635225,4.305128280683617,54.55665591767856,0.81260869420432,0.6944106532883034,1.0482609596770478,0.8600317620343529,50.91246427702279
447,MSFT,GRU,2022-01-01,2024-01-01,48,28.95984308118581,24.13542451263869,13.36946801945871,39.525752285063895,13088808.38521226,28.83104244830372,23.914967411591626,12.823753724627222,39.40176696777344,8962655.133333333,7.864798343997076,6.481546439515454,3.5204197535828707,10.73242733473565,35.51304063835054,0.6964971867294992,0.8650921220077067,1.028721294594412,0.7816631805281384,33.82361891736642
448,MSFT,GRU,2022-01-01,2024-01-01,49,3.778889458040279,4.031563691099312,5.560043875601835,5.39522550219745,13021280.72924543,3.190014631168346,3.188962392450607,4.517375669453035,4.394603474934896,9582690.133333333,0.8717690845442303,0.8666788236702435,1.2461497873468552,1.2004906680681255,40.84028206238951,0.5562221905033279,0.675529474126166,0.9048263435177096,0.8611595285129379,38.31458397123891
449,MSFT,GRU,2022-01-01,2024-01-01,50,9.416963532415902,7.471552208144366,12.020398408057565,10.544542060756983,13269136.142820626,8.697382576884447,7.0413097911609785,11.117064271502224,9.992897542317708,9909521.133333333,2.370294816584852,1.9061636177798136,3.053431126234727,2.718779137289374,42.39597239821849,0.9798413932141996,0.6685411373709298,1.255433100107456,0.9067369461890852,40.139105265779946
450,MSFT,GRU,2022-09-01,2024-09-01,1,20.63405876895261,8.255339628728755,12.508136995976638,16.031229081391576,6844144.902889174,19.612166181311697,7.099733948656738,11.108490631605028,14.270745849609376,5590797.133333334,4.74333760692248,1.7136275693749334,2.723908027439036,3.4595027389573216,27.2226221849196,1.5131569763552832,1.0216746916144346,1.3982754592207765,1.7563397551357944,17.704548516610107
451,MSFT,GRU,2022-09-01,2024-09-01,2,7.663704081203933,6.350824485202718,8.983820657384035,10.514117943127404,6783908.634223489,5.336778768528941,4.848467330264951,6.553981954085602,8.09497782389323,5409464.8,1.3101198179593043,1.1737049694694508,1.6190845243408816,1.9833355943436604,25.420593650558992,1.414683524723653,1.0052689620678652,1.555097307322836,1.6788051512621809,15.978036828808188
452,MSFT,GRU,2022-09-01,2024-09-01,3,8.32016433378457,7.422583727485312,8.377686276748136,8.601042387267565,6955191.328110172,6.588291248230574,5.388635213105891,6.542586665844459,6.966849772135417,5240524.933333334,1.6184422246468215,1.3029995148252929,1.615845587364183,1.7067030460494788,22.631954438164232,1.3063860508977616,1.2580743930555822,1.3382670370174794,1.258035519015796,13.11861232546857
453,MSFT,GRU,2022-09-01,2024-09-01,4,6.3502581845450665,6.212524542579977,7.865459902915661,7.906627441555877,6820752.625838207,4.756565761371824,5.11101415684472,6.181334361562322,6.316370646158855,5466379.666666667,1.165542749317003,1.2371139250498695,1.525346482727192,1.543834571932375,26.494178707932576,1.0684313580477247,0.8663374514170747,1.235882347477666,1.171883074027112,18.10643859438479
454,MSFT,GRU,2022-09-01,2024-09-01,5,10.495176080885882,6.472279149612342,18.05168120518116,7.164525270697181,7229850.777616166,9.614808942468285,5.667857652809496,16.32706770795525,5.808586629231771,6162430.133333334,2.3405403003211047,1.3733187596603504,4.013632189970383,1.4197715473119812,31.13576136589525,1.0351776233385033,0.774167039147946,1.920801891887124,1.0333642323685903,19.49806118029008
455,MSFT,GRU,2022-09-01,2024-09-01,6,6.642028949765944,6.579556332488497,10.980601825851242,7.430436532480537,6952558.72846157,4.8760908928232025,5.680926054168827,9.484619662755758,6.2806650797526045,5228075.566666666,1.1949157377884985,1.3753030787598712,2.333007658206093,1.5380085258317,22.4777105041782,1.147595776387219,0.815179497238302,1.361631190444056,0.9763185789289192,13.112157719165475
456,MSFT,GRU,2022-09-01,2024-09-01,7,8.728285010479256,7.252531145510093,11.616469758938663,11.355793356616338,7051190.110250997,6.480670972610352,5.74947667778629,8.874399390441353,8.710727945963542,5840841.666666667,1.5769675349235874,1.3862470033249423,2.182276379246382,2.1298218595754688,28.8650477883314,1.4552019319724945,1.0673075439308093,1.869662574626348,1.805319222131046,18.769055689445988
457,MSFT,GRU,2022-09-01,2024-09-01,8,9.325532271013406,7.455661454195919,8.741530309161591,8.707086537258563,6925745.667052978,7.89600216103392,6.352566010661245,7.533675560086134,7.381216430664063,5338201.233333333,1.928335820605083,1.5380738106278518,1.8531633324422576,1.799477290449787,23.61779068179172,1.2362983400902698,0.9608711138377616,1.093538772625172,1.1256400585485595,13.643982646603298
458,MSFT,GRU,2022-09-01,2024-09-01,9,23.98688736819165,24.30699127811879,31.47619712845896,21.18897347680652,6808584.00956142,22.711334602403827,23.29661963806884,29.901055541614102,19.58071492513021,5464962.266666667,5.5177326384375975,5.60649434151654,7.356472822445202,4.762377582228079,26.11563667934902,1.9206042264855177,1.6564221634873402,2.483505888702465,1.9597360587789687,17.037303668443446
459,MSFT,GRU,2022-09-01,2024-09-01,10,8.820199981299094,6.707873722254928,8.1877787257261,10.263975546228457,7063429.79665622,6.171070806398782,5.007056602049767,6.973198559573834,9.322713216145834,5900004.0,1.5162885275345486,1.2088542788767092,1.723602731177878,2.2701065681665984,29.366809411785827,1.5990438068810928,1.083409064681906,1.0832346974812834,1.0455080986126664,18.861021318467312
460,MSFT,GRU,2022-09-01,2024-09-01,11,15.331830190877042,14.953938881473464,17.295825001227897,16.946402384491886,6966012.469558016,13.73959483142744,13.3517647206683,15.264138427356292,15.14753926595052,5276378.433333334,3.335045755076127,3.2072467035323715,3.7569993093223215,3.685936254017375,22.98039794649984,1.6821935648919433,1.6109312192826384,2.038551762511908,1.8469936677713223,13.319193484941222
461,MSFT,GRU,2022-09-01,2024-09-01,12,7.093011936321558,6.04012999465505,7.838151945226484,6.726460197536495,6919267.212365339,4.868873857244722,4.859981190639074,6.654432148707044,5.5139923095703125,5636867.266666667,1.190195669360781,1.1759783745884953,1.643202463926239,1.3473660908451073,26.732167185161,1.3016337975088246,0.8722837367713868,1.047534281477983,0.9407907017922084,15.9969790596123
462,MSFT,GRU,2022-09-01,2024-09-01,13,11.475818247333793,14.833510351340175,10.980161663037524,17.889433976419383,6901696.858926998,9.34260305326345,13.46811193705728,8.425420820731068,16.219109090169272,5480532.333333333,2.270622883395005,3.2368481532439897,2.0808669799581634,3.942179273961224,25.261967800583346,1.6549704480579783,1.4929243681577933,1.776149548609068,1.8268729681715925,15.057126343738696
463,MSFT,GRU,2022-09-01,2024-09-01,14,16.112694788225348,14.725956167792637,18.028906983602905,13.78847510531978,7263670.07597579,13.948568082221527,13.233749358120924,15.684026733020357,11.453064982096354,6203137.733333333,3.390259234527513,3.1812099860797187,3.855522277960776,2.7862256731969004,31.15736382010454,2.005641376555991,1.5493563358290037,2.2166578260176912,1.8710607686503336,19.031864685727548
464,MSFT,GRU,2022-09-01,2024-09-01,15,6.188402151997882,6.533502780802376,8.51805729561991,7.238626629407936,6833071.120254299,4.232568169647438,5.004914505103309,6.684744849858576,5.7711334228515625,5346508.266666667,1.035192871082557,1.2053836017124138,1.652470703024801,1.4112756243362048,24.21301903198779,1.1490438070733835,1.021022177628651,1.3453121376182633,1.0612924673508046,14.664101894022489
465,MSFT,GRU,2022-09-01,2024-09-01,16,6.610103456811843,5.87311967584922,10.814136793428853,7.326412661729193,7176715.279313348,4.887435620525622,4.593300336497367,8.261546751889961,6.093673706054688,5171531.8,1.2009072650850303,1.1116471947662936,2.033206566717129,1.4903366912167897,21.325565625772224,1.1359508825146851,0.894924418315213,1.73555861911617,1.002203308681347,13.323531737449285
466,MSFT,GRU,2022-09-01,2024-09-01,17,8.543072239595872,5.826183332838478,9.296747281964594,8.02896368455034,6895243.14038878,6.919782510698889,4.775308494190481,6.706850917460738,5.796315511067708,5507758.6,1.6837042225911487,1.1547046484684929,1.653067884680971,1.4131391098829245,25.679263596695407,1.257848754854467,0.8118006086557173,1.61627850291687,1.3596455067456252,15.695014205727023
467,MSFT,GRU,2022-09-01,2024-09-01,18,8.749978053396882,8.68395902011713,8.847927503409592,7.886062196320736,6847128.561521236,7.281920195170678,7.307376656382369,7.192607010896542,6.812269083658854,5444592.066666666,1.7866560165930394,1.769156270698053,1.777023385758325,1.6656619979646716,25.41011227683582,1.2398004078530718,1.1532131915389725,1.3021407505727307,0.978884975991212,15.90507699857722
468,MSFT,GRU,2022-09-01,2024-09-01,19,8.947934029285392,11.001351212735068,11.5960518463195,10.369075722140092,6762809.167282307,6.963686117089751,9.161226154179676,9.188664087122874,8.286460367838542,5343054.8,1.6986969475353972,2.2017961698225927,2.260662511611777,2.0190073390547014,25.136854906334165,1.3987173535619002,1.470222831562203,1.752924583076983,1.523419171979472,16.619999833916037
469,MSFT,GRU,2022-09-01,2024-09-01,20,7.268808676485266,5.788642722643417,9.247723323834622,7.4449422726032415,6866980.627315951,5.920630115478693,4.911351224958027,6.8004371616067845,5.314036051432292,5259598.5,1.449783500661712,1.1881154172900965,1.6762343344589408,1.2947810199550185,23.104052393612346,1.0641469718092869,0.7612979926810615,1.570275962138301,1.2777678921391924,13.490652563447975
470,MSFT,GRU,2022-09-01,2024-09-01,21,8.900504919765687,7.067747440813277,11.531531938736016,14.181482481894529,7435884.208272961,5.9116976876495775,5.2942620177961714,8.897584128935968,11.761912027994793,6431964.0,1.456391732780601,1.2766314315433025,2.186569988047587,2.8662380744675064,33.181068631358976,1.6985638853520224,1.136047677930769,1.8152371065963524,1.9433849649486563,21.05889433194021
471,MSFT,GRU,2022-09-01,2024-09-01,22,15.484162953897584,17.110078077175256,19.641271598154187,17.858679396411773,6808593.621839496,13.796399234096713,15.583390267951652,17.481114338814624,15.79995625813802,5486470.2,3.347995445611056,3.743544476253817,4.29215775611634,3.842138989974909,26.09604076280528,1.7350100261734187,1.6902575160403637,2.221189036403021,2.0240888818001386,16.414605740487605
472,MSFT,GRU,2022-09-01,2024-09-01,23,8.524391352313726,11.12544405926597,14.788107158638208,12.363901213088097,6912098.035189065,6.010034184618278,8.816572359577634,11.925732593232016,10.067784627278646,5688107.066666666,1.479372066229374,2.129456712204413,2.945589585778883,2.46674239949073,27.38450823600168,1.552604480490574,1.663259347039575,2.2145529955422183,1.7896437236866531,16.615498308013827
473,MSFT,GRU,2022-09-01,2024-09-01,24,12.545870385558352,29.332469077472563,39.49582684539392,15.48165041196859,7216193.645545249,11.534193708093284,28.817884349561368,38.9093224694536,14.325762939453124,5203243.766666667,2.808294400733656,6.938594083359997,9.545516744287749,3.4878374263113945,21.36731843786291,1.215768993871969,1.3034996513509212,1.6110121723301118,1.4337417678387947,13.299671595355928
474,MSFT,GRU,2022-09-01,2024-09-01,25,8.398603442693892,7.133153098076008,8.265889482630554,8.491067815151737,6928523.921744506,6.723677520571518,5.708328738575405,6.203568111062397,6.727097574869791,5772496.266666667,1.641079022992762,1.38444373692863,1.5306694337341755,1.6472472157549043,28.39934263360926,1.242151951697756,1.045906641719249,1.370629217377297,1.2603191022767852,17.515425182167892
475,MSFT,GRU,2022-09-01,2024-09-01,26,7.100822491055653,6.687782988573715,10.38974522390093,9.495982086554443,6884200.711333442,5.411215131325667,5.620698305388398,7.944950604253425,7.7973480224609375,5533262.066666666,1.3274658907039791,1.3636482944533297,1.9645854416306217,1.905309382081244,26.001506169823323,1.1583487176258478,0.8872041130038943,1.6937019834356353,1.3355076298126474,15.91208780159468
476,MSFT,GRU,2022-09-01,2024-09-01,27,7.978646670204185,6.025464226874168,8.049461347772574,11.550156695679371,7109190.102101701,6.467312446039196,5.226356744732813,6.647043206445299,9.173697916666669,6016144.666666667,1.58316763515806,1.2661708962435267,1.638648141989939,2.241420727399741,30.432707939576847,1.1788387351695118,0.7394283161149996,1.1336658757271645,1.7344386296681935,19.75898228301159
477,MSFT,GRU,2022-09-01,2024-09-01,28,12.674271051013037,14.048422823807725,12.316634714190716,14.679024003057522,6826961.081726178,10.026251800476809,12.42469864766926,9.737505008208656,12.533408610026042,5382768.466666667,2.44686070170227,2.983775697560346,2.401366020781801,3.051281746517857,24.801482848585444,1.9565313201306336,1.568727331236092,1.8986757478167275,1.8665551495963049,15.400430523341113
478,MSFT,GRU,2022-09-01,2024-09-01,29,22.45552771050968,29.724214215485453,20.788837869301503,16.179532716815782,6948970.290708708,21.26638017532049,29.23070376687908,18.87145450808546,14.235741170247396,5712107.866666666,5.161785165017793,7.044156048066294,4.632448289902564,3.4605907773644065,27.4498723299791,1.7726551250151792,1.3128516284949885,2.15593626258069,1.866554356056748,16.72407504541832
479,MSFT,GRU,2022-09-01,2024-09-01,30,7.864543054612912,9.070953697017288,7.768676034082027,9.006629512461416,6729297.241106246,5.962929985364672,7.598930229691953,6.394561936261067,7.577008056640625,5267053.933333334,1.4644345418945948,1.841350067219856,1.577687917771946,1.851130063308936,24.612106272803626,1.311697458593546,1.2168418748351042,1.1075183867540754,1.202879573513683,16.467052531498837
480,MSFT,GRU,2022-09-01,2024-09-01,31,8.004203060260972,7.842000123170085,13.694959503161126,11.326421503663427,6988751.301536401,6.68078290675922,6.518559078282664,10.618749921945636,9.070253499348958,5134879.866666666,1.6370112533941166,1.5793983918204326,2.619516268889951,2.2125192064007657,21.67966411057741,1.125976615938557,1.0710106287616783,2.173673224994402,1.6658110856594452,13.295525884625096
481,MSFT,GRU,2022-09-01,2024-09-01,32,8.652113718644172,7.5859539490411505,8.677500134195059,6.989863107079126,6829222.091344587,7.440134968535898,6.409397448854302,7.084793224080103,5.753365071614583,5440670.066666666,1.8172211011351764,1.5504265116206233,1.7498303950588392,1.4070345956827606,25.53436276648376,1.0968871224365675,0.9882621207401446,1.26553948187841,0.966342414629514,16.220500880958653
482,MSFT,GRU,2022-09-01,2024-09-01,33,13.468173216899704,7.277209396132947,12.13120762035761,9.761444052536367,7099447.325745158,12.894073326493992,5.91418727821356,11.202016984683956,8.839510091145833,5544084.333333333,3.126133343016993,1.4267817700257286,2.7488830290552166,2.1479471583113465,24.30805440681685,0.9211623760323469,1.0245670965959406,1.1206752016575223,0.994346797101518,13.224442162444529
483,MSFT,GRU,2022-09-01,2024-09-01,34,8.1517044804317,7.477025979443867,8.141118538944152,13.303663148555923,6937047.976884615,5.942522942877919,5.923878702334068,6.883066927086856,12.094254557291666,5729821.2,1.4605048482565102,1.429433923837615,1.7023575785590754,2.9418372654786085,28.1051650628059,1.4295876877847613,1.1054032204684747,1.1057352586196574,1.3429736127476222,17.898890415955943
484,MSFT,GRU,2022-09-01,2024-09-01,35,9.582955628685491,7.251360064502549,8.439076158066454,8.779054988323052,6888491.838518008,8.241466437504432,6.237692738296526,6.687241607941672,7.447654215494792,5523165.266666667,2.019257861898028,1.5079526755513084,1.6493839940225137,1.81233663666348,25.8847116366139,1.2505859930935246,0.9058408847468784,1.293411314678446,1.1284091200828417,15.938110324089012
485,MSFT,GRU,2022-09-01,2024-09-01,36,7.962813739891614,5.784106190617384,8.160573651758662,7.975151730924379,6858112.224767221,6.062176099693804,4.983114407366787,6.783195933827947,6.390069580078125,5469674.933333334,1.489179073998892,1.2059180169752022,1.6758530384413606,1.5613201634276663,25.49493723499407,1.315802187699445,0.7298130698296924,1.1506890167017427,1.1761006040888111,15.559590754246896
486,MSFT,GRU,2022-09-01,2024-09-01,37,12.088552450292308,16.035775613763516,10.00798305985932,8.859903495109007,6784434.5631719865,11.090347069095888,15.245532830691136,8.840282615750196,7.237484741210937,5383473.2,2.6994088056786603,3.668065221382778,2.1755773596956343,1.763594290180147,25.626421288880024,1.1781714650283734,1.193561270381306,1.1575813523118756,1.2473484109870787,17.24949571520086
487,MSFT,GRU,2022-09-01,2024-09-01,38,8.24622135935619,6.072388256039162,9.293059509071604,7.641411105584616,6930328.32059719,6.337853829610782,4.822715971051777,6.936411177908169,5.966937255859375,5659401.6,1.5577034444062527,1.1677328327910226,1.7148014904186406,1.4587741514306831,27.05958713125383,1.3568862991079522,0.9183920932748888,1.568815067816698,1.1777386266770788,16.67421209078478
488,MSFT,GRU,2022-09-01,2024-09-01,39,7.648210677295942,7.817061427062817,9.044960748803996,9.433893673543974,6870421.040499231,5.350425955798428,6.541388384047485,7.27878239643039,7.716581217447916,5427580.6,1.3072768769130678,1.5862078456128363,1.7983079614427269,1.8868669481264209,24.90188859318766,1.379128508048475,1.0587171728699174,1.3536712845036574,1.3460109219250431,15.131090191094426
489,MSFT,GRU,2022-09-01,2024-09-01,40,7.749812528388778,6.287034191797032,10.483777220989596,8.24463197462194,6944333.204577924,5.888166258347282,5.490869941220954,9.028723455169157,6.692729695638021,5231460.366666666,1.439549910560237,1.3281928488262278,2.222624635945704,1.6364148158798948,22.543600982477763,1.2608639381018365,0.7508288040632662,1.315957298390189,1.1905782844421997,13.242480914859344
490,MSFT,GRU,2022-09-01,2024-09-01,41,15.124375317669797,6.503818451347244,44.12893291929014,44.08580954252191,7369899.080300925,13.596560025580905,5.736317682232813,43.1408280839318,43.26951497395833,5342335.033333333,3.3050648716655813,1.389858493417011,10.597642573557788,10.538608512611171,21.8968888803427,1.6541994747917657,0.75600359484119,2.30243287467502,2.054804975275266,13.18287931189801
491,MSFT,GRU,2022-09-01,2024-09-01,42,8.714659376095046,8.193648749418145,10.939827356210143,8.959808914017461,6765059.328227901,6.694297023150415,6.463947427343629,8.989471113025091,7.307139078776042,5331376.866666666,1.6393533364166313,1.5562333289053074,2.2225675129063966,1.7878468510826129,24.66120702508273,1.3965791685540212,1.2124259556446737,1.5637475678968675,1.2688352028952057,15.292238101781471
492,MSFT,GRU,2022-09-01,2024-09-01,43,9.12344459542216,7.74547343198709,10.795947577291134,9.981245488748163,6947553.897041126,7.205818729121383,6.5071464643208765,8.363315991290026,8.231023152669271,5438584.866666666,1.759933886539535,1.578294126712298,2.057622542079037,2.022478517401689,24.503968120400447,1.3864252226039648,1.0259792672877732,1.6768154101935082,1.4081429228811952,14.40635892718806
493,MSFT,GRU,2022-09-01,2024-09-01,44,11.760735330686256,8.425280706189467,11.286608832955093,13.016327773894597,7027663.248156967,8.674980044738403,6.476736730745288,8.711946335755009,10.811876424153644,5877829.266666667,2.119243085150359,1.560688568291253,2.150989339744529,2.6367622541941858,29.408614207750684,2.0018741485431004,1.311166026929697,1.81143949274334,1.7820001822661338,19.01581368878813
494,MSFT,GRU,2022-09-01,2024-09-01,45,9.20266462903133,6.371840181498338,9.045901136642332,7.0838922024437805,7090343.780599184,6.89073712075925,5.454772652366882,7.561010875447291,5.602471923828125,5232856.333333333,1.6786736084378258,1.3227213445871835,1.868639735361078,1.368865264094695,21.97455070716176,1.5260997303236097,0.8167150580225525,1.2492738898112483,1.0684414375040698,13.165007136715715
495,MSFT,GRU,2022-09-01,2024-09-01,46,12.66847906652841,9.584897700405792,10.02175136971826,9.912483545464909,7369635.196182273,10.355993960659212,7.461054192310411,7.31752291453105,7.602153523763021,6371293.733333333,2.519212748408859,1.7958973110059069,1.806724391240161,1.8555340316474829,32.89150667920524,1.8199103957432468,1.458399540302432,1.723024444455369,1.5632255937763486,21.023034255767275
496,MSFT,GRU,2022-09-01,2024-09-01,47,12.320593557588255,13.973007226015463,15.897123950898504,19.133188048540053,6935200.468597506,10.506783348680043,12.621783415738111,13.636186360299002,17.54216105143229,5691100.466666667,2.549546923179518,3.0363833771949267,3.3546903873067344,4.273507194016119,27.36065466330046,1.587644259543184,1.4432106569809324,2.0415198038807194,1.869925393290744,16.913085679704015
497,MSFT,GRU,2022-09-01,2024-09-01,48,6.254990703620137,5.54522057633304,7.800040083233156,6.887734945601389,6845077.383309342,4.162319284351423,4.271784937415072,6.33159089355821,5.6842041015625,5517642.533333333,1.0195123652650009,1.0320668272910705,1.564404728336508,1.3866502178962277,26.164174074354925,1.1942524312439882,0.8609287582456869,1.1554421939573356,0.9502167404895256,16.352963259436677
498,MSFT,GRU,2022-09-01,2024-09-01,49,7.172799598083038,6.179106309269445,8.093580880240447,9.730776771480375,6867301.647634691,5.577041682635272,4.794331005960007,6.31378639445493,7.851418050130208,5518317.733333333,1.3634290061939265,1.157460310400712,1.559088520397952,1.9146047386549847,25.945232280706023,1.1319817618700456,0.9506387990369348,1.288326799439396,1.4079891885123623,15.92988452375527
499,MSFT,GRU,2022-09-01,2024-09-01,50,10.169047061196231,7.792392667128157,14.696682562782929,13.684445257070784,7067419.949187926,7.87234635685939,6.204404027907505,11.998235687451686,11.275592041015624,5972113.333333333,1.914512194242714,1.497471635173694,2.9405711976616065,2.741752233329925,30.18973259044637,1.608694712879395,1.1450465047818037,2.0970065732660887,1.889768606678779,19.78891004918445
500,MSFT,GRU,2023-05-01,2025-05-01,1,14.949881407818214,12.911779391823558,13.09218694913143,16.31199679319154,10316887.689600192,10.991507262382394,9.757426701037584,10.876489652722563,12.39778340657552,7957126.266666667,2.9224578169472903,2.5520557373532515,2.935191337350932,3.272610915809008,30.52833218645376,2.6741050162922324,2.194296415130752,1.957983988114068,2.7597333922271954,18.555163599601627
501,MSFT,GRU,2023-05-01,2025-05-01,2,10.26227294647205,13.379549056882722,11.21520560894637,12.667708118571422,10299466.26840902,8.372989383515714,9.664765816890768,9.14835121195361,9.709719848632812,7899830.4,2.244748697985953,2.533743433991078,2.4935576951403826,2.5926557871779554,29.6874337498114,1.6138657493273916,2.403552243281525,1.802809709599374,2.1676414041493195,17.07615214040188
502,MSFT,GRU,2023-05-01,2025-05-01,3,12.844627024982737,16.261527244440956,10.463222236185947,15.453491495143668,10282397.214666368,10.34166694263837,13.20745689428824,9.0352362545154,12.542434692382812,8051402.266666667,2.7323237555168136,3.441346596941012,2.436425108804079,3.2919559629183976,31.1258588118864,1.989727420550317,2.452965666816052,1.4280769133954776,2.3316934002318046,18.183587209118063
503,MSFT,GRU,2023-05-01,2025-05-01,4,11.796754021918831,13.367811879670898,10.616099183455502,13.773582322207124,10133767.315720316,9.196166279309477,10.017415104357896,9.094635065780416,10.63243611653646,7881441.066666666,2.451288487828036,2.618098757281568,2.463492975726444,2.813186560848769,30.79995957198724,1.957063868434332,2.293479560227192,1.4898812845344995,2.2910128048351264,18.704598604453324
504,MSFT,GRU,2023-05-01,2025-05-01,5,10.752287819015574,12.940987417896608,12.619609644543614,14.285379873928424,10378331.067954289,8.58085662761677,9.51982100380908,9.994600523794844,11.00147908528646,8485094.466666667,2.289992213846032,2.4995222412093105,2.727982056336719,2.9156777395893267,34.27268987932238,1.7240140898255645,2.2840692991249,2.141528604254357,2.38750304054966,19.6422606502336
505,MSFT,GRU,2023-05-01,2025-05-01,6,10.773804143747991,11.551412143915211,10.694875465750474,14.113973305046164,10376804.878284644,8.690725931592965,8.728770988322061,8.689181698314643,11.109239705403644,8215399.733333333,2.336505089234877,2.2986644569332104,2.373573197809079,2.984708004845974,32.382141414737525,1.7419311562060176,1.981291748041316,1.7531819684374486,2.3592213788500267,19.30790922448193
506,MSFT,GRU,2023-05-01,2025-05-01,7,11.853585268106045,12.40899670177754,10.034705300787348,12.19250218032663,10443569.481607707,9.312372130546455,9.649991972900173,8.173373814511036,9.706150309244792,7682289.266666667,2.487190428765892,2.5450159958688103,2.230136535802256,2.585046458624029,28.18561296424644,1.9514030865215928,2.0598055526364303,1.6362311482528806,1.9548342314047389,18.50466875163735
507,MSFT,GRU,2023-05-01,2025-05-01,8,13.03417148108648,13.681237869436542,10.92749498293592,13.794016583733995,10630691.296724845,9.98778734509379,9.94661192795918,9.188740416006295,10.44676513671875,8340654.8,2.6745755549806858,2.6138031362931144,2.5012201986309086,2.793812685032741,32.893353082881404,2.247738425944785,2.445564816168107,1.6403802292798917,2.4196135747252887,20.937901458816658
508,MSFT,GRU,2023-05-01,2025-05-01,9,9.65348526182058,9.981477902591656,9.736903526393103,12.903411571773312,10364780.654594474,7.88288519137681,8.023070890964389,7.779256622940255,10.32213643391927,8004597.8,2.1137798318328125,2.1031710188268904,2.136294781326049,2.73972778746841,30.45752764365097,1.519104600788444,1.5466928269583369,1.6739122854552206,2.036474521551271,18.013714625101255
509,MSFT,GRU,2023-05-01,2025-05-01,10,11.14826067409701,10.156991803438096,12.62793676276383,14.3548319158025,10457998.785102269,8.801700154988858,7.775302495037907,9.96253487665451,11.21270039876302,7949335.466666667,2.3892825102630364,2.054582396965819,2.729744446221829,3.003569531011435,29.672909358299627,1.940318402184548,1.7356146875268292,2.1837494714516783,2.4237321589929186,17.69360767815375
510,MSFT,GRU,2023-05-01,2025-05-01,11,9.656924464771862,13.690964823663275,11.574156243010606,14.478050538810889,10491884.544012437,7.774679613530005,10.420146427600084,9.396373895891246,11.167706298828126,7845768.2,2.0768916464414304,2.727938145438121,2.5614330133159804,2.962824526586273,29.34257101614668,1.538396432772391,2.3044362226136936,1.881605133882012,2.4218588805971417,19.15113254688368
511,MSFT,GRU,2023-05-01,2025-05-01,12,10.243478778587514,14.152358355917375,11.366607434848692,14.242684248138666,10382154.697808588,8.121936675024378,10.883363612014133,9.360962907870386,11.188889567057291,8139459.0,2.172615673469936,2.843290714366125,2.549503655569678,2.9554342436838223,31.44126263302748,1.681254540910023,2.3439847999209453,1.7941757750471818,2.292243744122845,18.362832982168207
512,MSFT,GRU,2023-05-01,2025-05-01,13,11.761753121332967,10.792979998201083,11.65665848600478,13.737801212205271,10534508.443847222,9.537613213418616,8.275018446894169,9.087473288895517,10.114348347981773,8309297.933333334,2.5604254266202604,2.182455631285304,2.493261938641208,2.700025588961397,32.07783864421743,1.8759706991498533,1.8280777389528724,2.0567028250260573,2.4754276561139488,18.25290552846032
513,MSFT,GRU,2023-05-01,2025-05-01,14,11.317349443362746,13.009627057667489,13.353935242064813,15.576698263002402,10594642.633795643,9.50791236402507,9.76391717046792,11.844739788396792,12.203673299153646,8357145.066666666,2.516835786661624,2.5559358622881345,3.1764969747524874,3.219182165965732,32.393331044474216,1.6076998524824715,2.23131116201618,1.6308182815792518,2.5177630162162465,19.01252824321288
514,MSFT,GRU,2023-05-01,2025-05-01,15,9.481886992907617,10.626849360537063,10.344813140407563,14.313601701651866,10545058.060862912,7.709492302495756,8.181195494177482,8.698774151238496,11.108835856119793,8028565.466666667,2.0655150947168086,2.1560401750990232,2.35719917145475,2.9458610746864724,30.52173575758123,1.493583051984512,1.7938335393466014,1.5425117686212897,2.3703823628099183,19.46178804425256
515,MSFT,GRU,2023-05-01,2025-05-01,16,11.859655075364117,13.346163035506889,11.8482905383748,14.711683905896868,10202189.746212171,9.173554041517416,10.575771510173656,10.089480985730376,12.167683919270834,8022382.933333334,2.45343856604404,2.755472239567104,2.72559857510807,3.1977362042726845,31.25001025029609,2.0044528525362177,2.102443488107665,1.6723431429075206,2.134041395334697,18.17920357935272
516,MSFT,GRU,2023-05-01,2025-05-01,17,10.830332778113409,13.086275624674233,9.881854571628876,12.176176725295914,10539070.214097235,8.690823668632394,9.960261784045397,8.217186920791818,9.783910115559896,8206970.2,2.320683982277864,2.6091860928392,2.242324450337948,2.6031358019655664,31.66284437376253,1.7248220968228969,2.2069114032795247,1.5479465836695514,1.916358458912133,19.29224496573848
517,MSFT,GRU,2023-05-01,2025-05-01,18,9.8495371653465,11.934107302957193,10.718734759209092,15.50626688527755,10697689.900242353,7.821803241507018,9.214241138360222,8.989467985520308,11.746602376302084,8022307.866666666,2.100697697838961,2.40733944704105,2.4454893701842457,3.1139385038243064,30.137893330387016,1.6381273265547822,1.965229602670313,1.6300057248282491,2.654818661255528,20.12309564638875
518,MSFT,GRU,2023-05-01,2025-05-01,19,10.280029795868892,13.738752791536834,11.156044450018411,12.863245519317076,10319013.189224731,8.06301047534912,10.062300073208142,8.721351993188897,10.203662109375,8077176.866666666,2.175991533438393,2.641147834291308,2.3967968123288586,2.727332340739589,32.209702058106885,1.7707151973598925,2.43411341520997,1.976086283971594,2.090285532445777,20.484104983026697
519,MSFT,GRU,2023-05-01,2025-05-01,20,10.612311805420312,11.15187504885904,11.365402168604382,13.724093408115916,10618256.089763569,8.410976034488746,8.394641990186717,9.088881830461558,10.33487548828125,7730923.6,2.2457530425221286,2.205368646133611,2.47744490697125,2.7513800599181684,27.82208483714744,1.727056798880275,1.915983537040004,1.903114184118467,2.3902567032954245,18.34370106541683
520,MSFT,GRU,2023-05-01,2025-05-01,21,9.835131412864396,12.772012554643768,13.130089007633018,12.666386902267533,10458797.667177567,8.0388157740591,9.530897331727424,10.541069584963886,10.582886759440104,7971050.266666667,2.158574221919233,2.507680764199536,2.874930296529175,2.8075311663597327,29.73420309417883,1.550259137242101,2.22538266496666,2.161545988631645,1.8277183772989696,17.360011530950324
521,MSFT,GRU,2023-05-01,2025-05-01,22,10.469487919459826,9.510312924624476,11.49758882676778,12.24711802930996,10647545.125276404,8.606871231511418,7.459414365419755,8.93459016840617,9.557408650716146,8509156.133333333,2.314625429582473,1.9722540746432096,2.463070340372137,2.577748401574603,34.67483735236308,1.6341527659978772,1.5783442803728152,2.066102337970693,2.1034725194067976,22.579109643495148
522,MSFT,GRU,2023-05-01,2025-05-01,23,9.63584143334859,11.79821169193814,11.453667275374007,14.020470292413217,10390294.79174538,7.90817487756697,9.049502674397568,8.773165404408775,10.48234354654948,7927545.333333333,2.1323443935105555,2.3857705078398923,2.413042954278612,2.8032028144579826,29.691076869742982,1.5304456203077357,1.9945241870273225,2.0812417626650865,2.500504955602945,17.473705568972534
523,MSFT,GRU,2023-05-01,2025-05-01,24,12.34689994545828,11.603435986829492,13.334723381161108,15.015500493299212,10374114.982872592,10.0841465402383,9.788998941888517,10.608003316567247,11.3052978515625,8013457.733333333,2.7174167127010507,2.589684100979825,2.9143306408925422,3.0224317131305054,30.88086323612705,1.9784197039282807,1.6981666235340007,2.291332317126007,2.6403476743914096,18.935042021226
524,MSFT,GRU,2023-05-01,2025-05-01,25,11.548710733662167,10.35829144527043,12.88618052518686,13.577958586201488,10509435.050883938,9.661387484985616,7.835764794896589,9.866728638625997,10.363919067382811,8333667.666666667,2.597194231091039,2.066056592424012,2.7168691808806136,2.77996537483514,33.11829503253086,1.743913739757678,1.7853007159633312,2.3456694472727992,2.3717746959849784,20.45882831992233
525,MSFT,GRU,2023-05-01,2025-05-01,26,10.010733219833162,13.64808319534967,9.734431266109423,14.483909086943108,10344960.215083782,8.029136197188858,9.814839841663696,7.766651845922026,11.06434326171875,7930285.266666667,2.147133786580729,2.574730043935723,2.133095656464624,2.927143710220076,29.900266319909125,1.6098367538249856,2.466418370822125,1.6809272432902862,2.4405814561592005,17.56874011877562
526,MSFT,GRU,2023-05-01,2025-05-01,27,10.386285895284116,13.92091598833146,11.008225458980204,11.151391343541505,10415390.558924649,8.234049101782189,10.38132705097248,9.215068164556763,9.03857930501302,8191555.533333333,2.2021832429459813,2.719227864517392,2.49645068176802,2.420840253826925,32.0904365895638,1.7022270750335442,2.4101280731827983,1.65065743451378,1.7687269340994412,19.44293998017551
527,MSFT,GRU,2023-05-01,2025-05-01,28,9.279242686021224,13.784247758396564,9.418668348526236,13.44865750390181,10679522.408417448,7.710719036903985,10.425550073433415,7.950006382530551,10.8357666015625,7783572.666666667,2.047932407366443,2.726873245697436,2.1558158329051857,2.863563274585564,28.23165956501004,1.3714732937197525,2.338248465789383,1.3963901416924749,2.0782374832112867,19.085799916708044
528,MSFT,GRU,2023-05-01,2025-05-01,29,10.417437733526905,9.989636341799407,10.960910810409894,12.55614832060728,10546834.15722724,8.313594438476189,7.5456964111063165,9.39188320603116,10.02330525716146,8539292.4,2.21417585325198,1.9885028481445224,2.5308975415073083,2.659421945796796,33.88984701926893,1.668487746134625,1.7199308398654227,1.527610893863766,1.995071077656968,19.15840336382157
529,MSFT,GRU,2023-05-01,2025-05-01,30,9.48307325142184,9.531740811288737,10.349921503060212,11.486162043686026,10309807.032298667,7.388023699632973,7.203079165499384,7.92000227983529,8.725430297851563,7852839.533333333,1.991254246103856,1.9002174771982063,2.171781595552679,2.347401512014675,30.56972485415149,1.643819715398789,1.644519548288583,1.8789882499538808,2.023531136871056,20.225299270306103
530,MSFT,GRU,2023-05-01,2025-05-01,31,9.886061229146554,11.058344550526916,12.116706387340352,11.258506794218029,10692036.303270215,7.963399807766049,8.789334581598933,9.276319114090828,8.96733907063802,7448816.666666667,2.152017039812808,2.3204098596397094,2.555149048693769,2.405683061752084,25.8934858470358,1.6426088465319382,1.7842424036621822,2.210280736008621,1.8466780981258348,19.01147981565245
531,MSFT,GRU,2023-05-01,2025-05-01,32,10.933236763838364,14.244679524956185,11.28955200996482,14.07685567902826,10500576.918079425,8.898667953742358,10.627211837976368,9.248659303034572,10.475977579752604,8155441.066666666,2.3863473428768978,2.7973005567835454,2.5231076714006546,2.7907967749438045,31.21805946165508,1.7249871728937696,2.4884210537204106,1.8100601987338427,2.4940706567533213,18.571597002486342
532,MSFT,GRU,2023-05-01,2025-05-01,33,10.71107147022398,14.17163673184191,13.224422778683747,15.29824806064416,11003669.983651806,8.586900375617358,11.207827973138944,10.459851786873868,11.962406412760416,8169636.666666667,2.303337184327129,2.9575912345014674,2.8558497899912494,3.20658283029134,30.02042828810632,1.7336472588884193,2.306515809005125,2.248597612089899,2.5815457535969544,20.166519160682657
533,MSFT,GRU,2023-05-01,2025-05-01,34,8.941432380571957,11.803722410322363,10.300939046194337,12.952535103696889,10520453.697609017,7.423228412405455,8.7419035461763,8.563159617731921,10.281956990559896,8231570.266666667,1.9949976932100064,2.2932277158974887,2.3341696847034177,2.726266082555356,32.1959957258084,1.371458359940932,2.062545643948019,1.609708012348163,2.0676125024271084,19.981461546995355
534,MSFT,GRU,2023-05-01,2025-05-01,35,10.701244752770776,11.360219183837035,11.936407160938684,14.41303967152534,10485728.269436937,8.366353936360163,8.937731535495638,9.68765651792848,11.03495585123698,8374569.0,2.2345428410765664,2.3405427795605136,2.6487982415453817,2.9256118924586074,33.26219584806011,1.799084329996628,1.820261941064441,1.9622935518389544,2.43376424813665,19.97974805841677
535,MSFT,GRU,2023-05-01,2025-05-01,36,9.400359511755056,11.179063918500365,10.345565169395451,12.347942156541638,10439694.731013214,7.583206733221777,8.274480020736165,8.415277254683465,9.556979370117189,8148308.4,2.050534979829704,2.1767074793816694,2.296697193083657,2.556617077358929,31.99592698575116,1.5604520300436868,1.9682000762531189,1.6911037975543048,2.093081565040792,20.12401965088516
536,MSFT,GRU,2023-05-01,2025-05-01,37,10.240807045276837,11.744728521961395,11.776347269119684,12.666080280794324,10624399.813847506,8.30983041933694,8.783044391372991,9.111301413895514,9.725909423828124,7839013.2,2.230313890600956,2.3113622062423578,2.491437985932411,2.611953741194512,28.86514008306165,1.626533641237358,2.0443965771906445,2.089288321260348,2.1918659078458727,19.241382379965703
537,MSFT,GRU,2023-05-01,2025-05-01,38,9.31819023686321,10.35388905615598,10.194282050441153,13.901146137634845,10370686.465950824,7.478190327751819,7.851893733369398,8.612241219569787,10.58997294108073,8651165.8,2.012953324084448,2.060012541802144,2.336925238087913,2.8086412645963748,35.202266726073354,1.5340356826173362,1.759092543397195,1.51027069241878,2.3644169782221,18.786425335297327
538,MSFT,GRU,2023-05-01,2025-05-01,39,11.30475248232383,10.71928158566416,11.957012340104352,12.56706407009126,10414080.061465248,9.188614189981116,8.218107728414632,9.53962800851725,9.79164530436198,8025830.666666667,2.4683221019439414,2.1611402751426434,2.6197842113264582,2.623011370408641,30.479294354868173,1.8015806287954308,1.80029455015573,2.04939260066476,2.114546034123886,18.08110744387311
539,MSFT,GRU,2023-05-01,2025-05-01,40,9.686198816445716,10.355055713607552,9.976275124105026,12.624189238161446,10631986.719831912,8.12156868164025,8.013980968141817,8.581535035257895,10.899741617838542,7359906.533333333,2.1709784367786287,2.115481718400294,2.3250779916417272,2.8831955997928964,25.35012298989409,1.4195590054203686,1.7381474286714524,1.417487550650927,1.6614418703858782,18.5297745336126
540,MSFT,GRU,2023-05-01,2025-05-01,41,14.31777009737912,13.940003563067153,10.934299480137092,14.44686732069308,11030762.90953697,11.332557151684318,10.724743392118311,9.242827292514535,11.678177897135416,7814652.666666667,2.995335606614257,2.79915074067748,2.501556769503045,3.0741467187960723,27.241324057933003,2.289026325402481,2.3040137362719832,1.5954830884758873,2.2065097829699125,19.17971604497732
541,MSFT,GRU,2023-05-01,2025-05-01,42,10.859134631265164,11.763614334290564,12.922297522406256,13.176516087254818,10317226.068862813,8.651126294286867,8.91535757348611,10.0841971087331,10.317200724283854,8001496.0,2.3374263452572723,2.348339395115409,2.778032366685092,2.7711052379291203,30.621255911708417,1.8326874258876888,2.01142874657405,2.31581812662586,2.214569949816664,18.02351738280553
542,MSFT,GRU,2023-05-01,2025-05-01,43,11.156603491510554,10.415473029642769,13.759821096440714,15.798140846928412,10482474.681790711,8.626768289400623,8.365885018568555,11.405513565129375,11.925089518229166,8067987.533333333,2.2999871823757347,2.190846826124684,3.082756624727321,3.1595953781990045,30.229078633475275,1.8821992928993965,1.6124316582640394,2.0737763643991687,2.7118181890329733,17.026678567937147
543,MSFT,GRU,2023-05-01,2025-05-01,44,11.226745672326183,13.573147552076875,11.5670754562745,15.107461051190432,10497925.77672371,9.257522308821512,10.60868302933184,10.16854168782922,11.955030314127605,8125199.533333333,2.4448153174097333,2.7610605092500866,2.722042694566803,3.1496945182103704,31.59499292630176,1.6628222401263817,2.1865956553910624,1.4570878230746171,2.3956547329470537,20.05387080067639
544,MSFT,GRU,2023-05-01,2025-05-01,45,12.773185646943684,11.91428265663476,11.195455095772113,14.520974578367088,10049078.559555458,10.181554713182464,9.168839120131056,9.496153369634891,11.111770629882812,7707104.6,2.725505776324732,2.399838090841223,2.581133606471362,2.937673249404709,29.218700683425425,2.065811941455598,1.9739308497548471,1.6450573564250968,2.432989520183886,16.932097346957796
545,MSFT,GRU,2023-05-01,2025-05-01,46,9.65027358060841,10.842599328888475,10.25853768813333,13.065395853579409,10469573.321980542,7.999998857421501,8.591262419284702,8.456752124517703,9.981521606445312,8497733.2,2.1401934049496147,2.256079892923239,2.306531276870526,2.6805939065518385,33.704824251092255,1.4586863026791888,1.7295452382087084,1.6342630000930958,2.2739833186926472,18.76616135409683
546,MSFT,GRU,2023-05-01,2025-05-01,47,15.61797607581571,17.087359301181394,13.007886157796843,14.87648418133753,10526860.745802527,11.08325884051039,13.260747034865693,10.87067680221632,11.764840698242187,8510480.266666668,2.940374767065391,3.4558316865747325,2.9292991780993325,3.101195707270497,34.32122810912826,2.9038951766461745,2.789437413755814,1.9172457281700923,2.3626365324125254,20.4705657330022
547,MSFT,GRU,2023-05-01,2025-05-01,48,12.72255057445462,15.29789589392442,11.991726982166083,15.225851948016752,10279038.432125248,10.531559747279813,12.144823979852672,10.433669028305646,12.403108723958333,8694165.0,2.779593357280011,3.1712640731864083,2.7973757310149154,3.2643341686053686,35.72507055590488,1.8668383053529536,2.4150043308722378,1.5593502547505127,2.2839202243886665,18.362802101807464
548,MSFT,GRU,2023-05-01,2025-05-01,49,11.326745736122003,14.121452371485994,9.80733921958217,12.882496325104906,10460336.497991083,9.120588399040882,11.335247086484266,8.412021914865342,10.263486735026042,7705565.933333334,2.4446769481461845,2.9558234714800755,2.2825815840949777,2.744100526742104,27.989734997116344,1.8165031259656148,2.179373050338016,1.4035969269999644,2.085677322406262,17.591827081984214
549,MSFT,GRU,2023-05-01,2025-05-01,50,14.797585192923128,13.18684068488512,15.70716641254182,16.338907381426722,10326164.641691577,10.704810891939683,10.30710832230059,12.290223241236143,12.659999593098958,8178669.866666666,2.84810426896243,2.685260659001134,3.3259385193631847,3.335085809419955,32.56286890426969,2.696010934672102,2.1277604442127296,2.646270827036083,2.682627909678071,19.998626324847056
550,MSFT,GRU,2024-01-01,2026-01-01,1,7.64830394169876,5.497832289143926,7.724047634109315,8.278056015136888,11677237.909658516,6.000345538195195,4.214746206010807,6.266080934010432,6.715583292643229,7362649.666666667,1.2441488938437284,0.8680719707029,1.312800557906303,1.391047177353818,39.68248363302773,0.978351532203515,0.7251974293324012,0.9450810713168,0.9955399113648314,59.15874376342871
551,MSFT,GRU,2024-01-01,2026-01-01,2,6.220222924840084,5.517674886045437,7.38376057571194,7.564153778347833,11992443.405250346,4.858844840218671,4.426480714020185,6.055440949046608,5.881878662109375,7689897.066666666,1.0094662745083276,0.911878316546841,1.2692437230055602,1.2243919278166906,37.66212346749507,0.8081918854519335,0.6775510651988972,0.8847114176819435,0.9930151669743968,50.168966922813375
552,MSFT,GRU,2024-01-01,2026-01-01,3,6.297506626877947,7.149399675595788,9.235893317548111,9.06050757987196,11623382.442281747,5.031221916371794,5.494926772278863,7.708285832396952,7.551217651367187,7462185.4,1.0431502580940188,1.1302851569303545,1.6073146135343517,1.5632017844975092,40.17665569873205,0.7814356861577781,0.9373852712396564,1.0531396380035802,1.0272091108298484,56.93620719735269
553,MSFT,GRU,2024-01-01,2026-01-01,4,6.646425985867789,7.005365392208126,7.420751429872157,7.890917126477501,12046891.935008992,5.264350401294788,6.055405417985404,6.051805596557299,6.36748046875,7670978.5,1.0918245961043802,1.2490987300853469,1.2668230565527898,1.3195606050853887,37.3767276339947,0.8387667813518548,0.727604411263052,0.8964920620809438,0.9610467335529986,50.95675171021792
554,MSFT,GRU,2024-01-01,2026-01-01,5,10.108638894921333,10.62097490632137,8.583642923577527,8.246070711924613,12069444.092129191,8.571027436258696,9.043052639434112,7.036660559170072,6.776661173502604,7796534.4,1.7784568191108316,1.8607302095876508,1.4677827700284636,1.4036382129519525,38.772756946936575,1.1049685789348769,1.1392054421282884,1.0190089589946991,0.9669474038529304,52.75176537202299
555,MSFT,GRU,2024-01-01,2026-01-01,6,8.228039249906887,9.10096678450012,10.5622193583959,9.72662155794754,11603469.567387432,6.888351538904654,8.080546954700356,8.44602737438653,7.908121744791667,7359561.0,1.4335354675224994,1.6686198313859373,1.7781110346817908,1.6472628620096883,39.70831532693629,0.9387168005057716,0.8673028743340458,1.339395115223481,1.184510637894027,57.99818668301585
556,MSFT,GRU,2024-01-01,2026-01-01,7,6.301628005650981,5.827880434336911,7.254398529146749,7.247161016332262,11789762.562919978,4.985006301266325,4.643949023860944,5.7253651296633,5.511649576822917,7467580.333333333,1.034846687858555,0.9567704150196812,1.201947579737776,1.1474164450147446,38.39008323752351,0.8007496729811702,0.7242597065324767,0.9354239128879474,0.9827329131598664,54.69291450377237
557,MSFT,GRU,2024-01-01,2026-01-01,8,6.059885488015332,7.144444758469614,9.004209461437673,9.235191174239132,12789373.03303236,4.885791272000775,5.540763083711783,7.386744491251119,7.517619832356771,8630102.566666666,1.0132970909244756,1.1393857497291655,1.5414294850178445,1.5566174906024677,38.08436962484548,0.7406998661002839,0.9223536946327636,1.0662253340796937,1.1015549300375624,41.00938303429943
558,MSFT,GRU,2024-01-01,2026-01-01,9,9.023133807254355,6.856691196377812,7.529316948008061,7.9753472666611165,11847076.843082752,7.660083106287467,5.83635155382132,5.795866875854174,6.626755777994791,7552712.6,1.5947902058502847,1.205479697905899,1.2192560093251452,1.3768980937243398,38.29598004669467,0.9953113162776812,0.7466392505345537,1.0133630774704825,0.9235911858008076,53.25495075572459
559,MSFT,GRU,2024-01-01,2026-01-01,10,7.387997194727488,5.995719008646365,9.8504170253719,7.210383920233308,11845163.309789618,5.886901113683124,5.027604256806812,7.710434780014189,5.696103922526041,7536977.333333333,1.2259752471478778,1.0374041615294345,1.6225436264875808,1.1816089873139524,39.47236087139476,0.9308022950807624,0.6759910552321371,1.2927174044567833,0.915093416816537,57.15810364443453
560,MSFT,GRU,2024-01-01,2026-01-01,11,7.204622037895168,6.515117014387801,8.44658249206918,7.813418030486815,11722822.754936254,6.008348534832999,5.420806847849682,6.917720734756928,6.557819620768229,7480950.8,1.2505795354181029,1.1167898321960412,1.4543859786215834,1.3625998044115757,39.00328869937646,0.8301414859838959,0.7437303146186897,1.02443223439878,0.8845755532147179,54.90791487970563
561,MSFT,GRU,2024-01-01,2026-01-01,12,9.160468005380574,6.752969739999461,8.127359560451376,7.27364232294844,11880600.2851043,7.861824297736299,5.148648568198439,6.277674086024276,5.7205078125,7607378.733333333,1.6367375644954505,1.0593359741465411,1.3206558168830274,1.1898289562539492,38.40703819120058,0.981552324279054,0.8948476771807105,1.0886029539817748,0.9366144968623108,52.62548029305204
562,MSFT,GRU,2024-01-01,2026-01-01,13,7.061267109944593,8.783899177238343,8.892586080042888,8.177875338074326,11772984.06650883,5.765852856676444,7.820837278593585,7.115841477605335,6.693131510416666,7475882.2,1.1987449043631588,1.6142632712816345,1.4963471382116085,1.3923551844202675,39.32317666265531,0.8484198985309881,0.8273449403703503,1.1255991055729084,0.9801635247428488,56.6375140527376
563,MSFT,GRU,2024-01-01,2026-01-01,14,10.35751588785613,11.84856650502332,16.229886502452754,11.75693274838704,12265596.30085768,9.092536577638588,10.6541459863566,15.039838799818911,9.9236083984375,8152647.866666666,1.8829917308175,2.191211374247708,3.140146515540392,2.053370082574209,39.02992486318845,1.0195139228100438,1.0570831301819523,1.2525583126086728,1.293600319734307,48.422580511789945
564,MSFT,GRU,2024-01-01,2026-01-01,15,7.012297240842082,8.155187672915782,7.816428110421143,9.065389737152788,11640938.96458853,5.526544642503052,7.145708511006202,6.435104034984107,7.44271240234375,7382094.666666667,1.1461067450170566,1.47401089134108,1.3496702499974067,1.5428372376711852,40.86478431600644,0.8929291398051946,0.8122075098667433,0.930449307781688,1.0704436715010297,61.21632645259554
565,MSFT,GRU,2024-01-01,2026-01-01,16,10.547320663539908,9.110799099142971,7.949584326297494,8.261770393950037,12706605.455725104,9.067020769047884,8.02108040196598,6.415593383683982,6.733533732096354,8542428.633333333,1.8867837857329608,1.6559469143123913,1.3402699514809326,1.4009632774071197,37.814025557220496,1.1221560768769685,0.8937526581487242,0.9775799215913556,0.9990006959919908,41.20977768262926
566,MSFT,GRU,2024-01-01,2026-01-01,17,9.640768525133304,9.332233438116871,9.221999107240473,8.875745487688814,11836499.16306997,8.39841928792809,8.140206785429521,7.24567866053063,7.108660888671875,7643241.8,1.747032828086135,1.6816547202474197,1.5248411120095386,1.4805227269952177,39.83396232701146,0.9860661597267684,0.9462497062503662,1.204926885929238,1.1112371198282756,55.40769444633587
567,MSFT,GRU,2024-01-01,2026-01-01,18,7.351079077414168,7.2070291063615715,8.358693386353197,7.612477352324323,11697437.264650322,6.247330258594059,6.211767624739347,7.190403119671758,6.115106201171875,7666299.266666667,1.2940145389510231,1.2828105721953773,1.4996188945263544,1.268790429981,43.650720987026645,0.7976792065385871,0.7577325986950656,0.8824184918830055,0.938345572441246,64.32472477655361
568,MSFT,GRU,2024-01-01,2026-01-01,19,6.469211586527985,6.686277604852831,7.685653323703992,8.150969880252475,11741611.935632398,4.96271764729701,5.6028570567936224,6.282829783109403,6.678469848632813,7968000.6,1.030887721566894,1.1534951060196268,1.3132262478362016,1.3881700647719113,47.27595625925508,0.8629182598315281,0.7489767807548563,0.922208645943162,0.9726759848040958,69.52361830650868
569,MSFT,GRU,2024-01-01,2026-01-01,20,5.91657442502851,6.033260931166462,7.436660114004989,7.435911995455236,11851634.163175484,4.632670937960127,5.141481616832853,5.992489828867203,6.015414428710938,7607968.266666667,0.961227029534557,1.0609867280495031,1.256177094469307,1.2489111748445725,39.083710876894365,0.7618585875623338,0.654371693210952,0.9225944602699704,0.9078062683943292,54.45999177449119
570,MSFT,GRU,2024-01-01,2026-01-01,21,15.010611836567325,13.16480098113886,12.710444016705091,12.828090597021683,11621181.246474097,13.5830472862425,11.73103405665443,10.606624942813848,10.781642659505208,7561697.533333333,2.8263980003088154,2.4231365347554803,2.230050719099138,2.249118903028186,42.894511321177184,1.3326846550273057,1.236718240932139,1.4772050885589256,1.4588515464230056,62.61736683783585
571,MSFT,GRU,2024-01-01,2026-01-01,22,7.308695445525374,5.89102022089615,7.881697144208047,7.959873332365735,11830889.150252448,5.985192962800007,4.513812449329506,6.594794383291399,6.608601888020833,7606335.2,1.2400209536687694,0.928983670435376,1.3829005993038073,1.369220492360588,38.51160765702181,0.8639514271055893,0.7766211313921292,0.9057720166086508,0.91474112610214,52.17013316794586
572,MSFT,GRU,2024-01-01,2026-01-01,23,5.457047855665392,7.130875176766444,7.399945685805496,7.670230096216499,11767225.38084227,4.105461428536353,5.641702899716836,6.089641289916674,6.262213134765625,8106364.6,0.85250944955298,1.1606813983112307,1.2779034821164992,1.2978286284945824,48.80525474979794,0.7456122906461163,0.8920094434524622,0.8830244601239464,0.9117668953527964,70.09199889824824
573,MSFT,GRU,2024-01-01,2026-01-01,24,5.899465833976052,6.139804402703129,9.558632080125374,9.089099649889762,12512220.826046862,4.664801404103715,4.627757193507724,8.007673446329244,7.745077514648438,8368187.6,0.9681742070920556,0.952286392001894,1.6692722434219918,1.603897432531585,37.33331547108308,0.7477585631993756,0.8273949771540725,1.0795884912584648,0.9749717238253818,40.78287469511452
574,MSFT,GRU,2024-01-01,2026-01-01,25,7.892114497540703,7.125178875615238,8.610062386387025,10.305286532269854,11768553.685116673,6.27041279540695,6.149807418775954,7.143231406015641,8.669315592447917,7516807.133333334,1.3010914449756374,1.2683223396195185,1.4983128244845898,1.8042593256547488,39.81379193025022,0.9928633993759156,0.7429835207892946,1.008973517065077,1.1637266904237449,57.28061043979129
575,MSFT,GRU,2024-01-01,2026-01-01,26,16.457412701577272,17.99372499473606,19.03000614406748,14.096511520364414,11648603.976721829,15.417202600412717,17.141530019559728,17.890545790378805,12.185990397135416,7467014.066666666,3.198837522262749,3.529884278116499,3.737749789488721,2.5227857449019178,40.922990677749496,1.18378787049886,1.110612003780227,1.329631125565767,1.454117888559073,59.58013225522596
576,MSFT,GRU,2024-01-01,2026-01-01,27,6.9113995013970255,6.167028661970539,7.299392598834365,7.120903104118025,11653271.25430444,5.60509405364805,5.20616694315836,6.132669455642412,5.580152384440104,7536975.866666666,1.167196532957106,1.0741645849808543,1.2842516818592251,1.1597552652021776,42.477489026645415,0.8446381055023756,0.6843694235103006,0.8276531619804542,0.9212550979149392,62.91174380818732
577,MSFT,GRU,2024-01-01,2026-01-01,28,6.278426947331295,6.881070851794023,8.692429156376562,8.21264484281554,11785018.192855226,5.064537656175056,5.781725020050203,7.294706527383932,6.703515625,7576864.333333333,1.0499924380252923,1.1909117104895703,1.5220978045960671,1.3888030247975889,39.10085635295743,0.7658800600063623,0.7669415680873298,0.9785562639319272,0.9778716892822408,54.45163132014148
578,MSFT,GRU,2024-01-01,2026-01-01,29,5.59756504076872,12.39899709384076,7.418702763431007,10.322225092955968,11737819.291848691,4.295235679421023,11.42707994631754,6.3143805247198905,8.760585530598958,7446447.8,0.8919212077181511,2.351713915898304,1.318684151285047,1.8139228345272165,39.00883457685339,0.7453415778992056,0.9803519363648782,0.8086944728068485,1.118971669710337,55.6043226081642
579,MSFT,GRU,2024-01-01,2026-01-01,30,5.4974734959608895,5.763186785946377,7.185773140521355,8.628474197471087,11770022.76240802,4.0545560977167305,4.59609973773125,5.614718319108876,6.966775512695312,7304366.666666667,0.8429475972241399,0.94937674888387,1.1806525243271633,1.452845713488366,38.39937519166992,0.7737776869149704,0.7203259250284333,0.9453979579310976,1.0677639296730914,57.89174382129111
580,MSFT,GRU,2024-01-01,2026-01-01,31,5.596067351847407,6.589226188790032,7.304943176246824,7.556235541607206,12148479.304380676,4.463764701362754,5.111325164451076,6.14389614924192,6.242949422200521,7943449.6,0.9260485215457146,1.0514043774245798,1.2868975208905664,1.2932304360803548,37.44161176767108,0.6984683669412979,0.8510431778498352,0.8262188727117176,0.8767794676698326,45.94112806549281
581,MSFT,GRU,2024-01-01,2026-01-01,32,7.697781710590177,7.085972808316749,8.068792710022603,8.11154150481619,12113009.088656943,6.112611149792569,5.694707278317511,6.886259633942441,6.5612548828125,7808511.133333334,1.2669962317019474,1.171898659181536,1.442244834060839,1.3596889644755148,38.72949522240958,0.9655167543842432,0.8653937164988795,0.8792457401268448,0.9843386670903568,53.283429882940126
582,MSFT,GRU,2024-01-01,2026-01-01,33,8.132585066775604,6.630071873980581,7.730514516606019,8.39993692905513,12194181.932930518,6.281314356172777,5.145601458240519,6.008479018407193,6.853021240234375,7990425.866666666,1.3029535566086556,1.0594603735373729,1.255008307554358,1.4203165737734045,39.86597663220056,1.0668598476610984,0.8581633741528274,1.0124689648925458,1.002979434833193,54.25920194756306
583,MSFT,GRU,2024-01-01,2026-01-01,34,17.665398453326493,14.619787226947002,14.989227772774566,18.300607030800748,11834262.30949986,16.597867996918012,13.319415142593062,12.825480796956771,16.566431681315105,7542970.333333333,3.4528865718578614,2.750831753282868,2.6990673152031905,3.451853512851819,38.592107774081605,1.264342891370357,1.248391076573905,1.6449049002913134,1.6342223132795133,54.30210544036924
584,MSFT,GRU,2024-01-01,2026-01-01,35,7.321259184497176,5.904148478072908,7.959684936379135,7.516149790849544,11775690.184587857,5.828074928056757,4.76522785214379,6.913490175043453,6.057876586914063,7502687.4,1.213645538514183,0.9832361066667388,1.4476855235802268,1.257974046015856,39.95219188946099,0.9246217865477082,0.7214334842520208,0.8259443956558724,0.924242985480208,58.18199700646998
585,MSFT,GRU,2024-01-01,2026-01-01,36,5.582795978352428,5.565327375771541,7.144857945532077,7.077821779508375,11714205.353373684,4.202378487720754,4.548652258611651,5.815968804565112,5.5111338297526045,7388303.266666667,0.8735669949158148,0.9377137978896668,1.2198290551517743,1.1457648111219705,38.511683965777166,0.7639591979534344,0.6614571973499935,0.8703884421581882,0.9246889833317044,55.37284520978499
586,MSFT,GRU,2024-01-01,2026-01-01,37,6.4658039793169335,8.607312032007123,9.808320254686008,11.997834248443796,12036863.913703913,5.094031831746197,7.536140420802814,8.199074102930856,9.872542317708334,7647296.666666667,1.0570302702413568,1.5545726421525856,1.7216508371806711,2.0574694865091003,38.975218925547246,0.8252073530220585,0.859326114427449,1.1339939528076242,1.4265931208343674,57.03025738891627
587,MSFT,GRU,2024-01-01,2026-01-01,38,5.745844002821471,5.444452732650457,8.07604074456038,7.713036435707463,12231896.308213364,4.3700030752445365,4.102093153119654,6.735431840107987,6.198832194010417,8107119.733333333,0.9076944919332204,0.8449584143447529,1.4058068911133417,1.2887551069154428,38.45992709089844,0.7733841724847287,0.7362722556660224,0.9258678994440334,0.9560219092878676,46.63374402303295
588,MSFT,GRU,2024-01-01,2026-01-01,39,13.28796267011644,7.660246215284412,10.940670109212096,11.784876653791224,11647447.748557964,11.738881589031818,6.066286968802929,9.161587834350078,9.86362813313802,7502932.8,2.43541399051864,1.2475006808306912,1.9086753925923583,2.041887487208377,42.434313059063264,1.2828471640462031,0.9562833970501768,1.2358469404431625,1.3226920950823076,63.068127301399535
589,MSFT,GRU,2024-01-01,2026-01-01,40,9.64620263393515,6.48501097845996,7.4794046679384785,8.360617385921914,11816558.545643838,8.335869442550488,5.529578685982779,5.681606266738495,6.467530314127604,7525966.333333333,1.735348854130681,1.141590907352683,1.1941871445133585,1.3470627536122544,39.05431427772606,1.0137878720329774,0.7029906413126215,1.0218110333318988,1.1074436967314094,55.93235669875929
590,MSFT,GRU,2024-01-01,2026-01-01,41,9.778474095851658,8.89008601899155,10.913920482696788,11.801718521544656,11944718.347644774,8.515556942550488,7.755842172212749,8.608125204617737,9.878470865885417,7812907.0,1.7712730641910694,1.6019462176650296,1.813548400629759,2.0590396419563466,40.34378608381023,1.0016677241840903,0.9008275435877472,1.41852655089944,1.352876197975378,55.0732225748694
591,MSFT,GRU,2024-01-01,2026-01-01,42,5.903375462213305,5.5757351926078,7.826574012980077,7.477458603393151,11858926.148670102,4.722876455314573,4.278787765834106,7.06443933159523,6.142402140299479,7543836.133333334,0.9798083062374838,0.8806793819829732,1.4773311914014575,1.2725546093068252,38.55523928344423,0.7325650011621607,0.7332378374943238,0.7011180419237023,0.8786148256434324,54.51101334823907
592,MSFT,GRU,2024-01-01,2026-01-01,43,8.176888553912098,9.68460620682766,9.214833504651493,10.456241457990028,11771135.879709303,6.559243766507174,8.517223997343585,7.686243642626985,8.828277587890625,7534500.0,1.364983371440016,1.759583402832004,1.611772550544201,1.835837788301916,39.11503960624312,1.0166112128103917,0.9556461380532496,1.06698082434809,1.1670452584332944,54.67655395627615
593,MSFT,GRU,2024-01-01,2026-01-01,44,5.551950714286565,5.669385480912337,8.762344732706469,7.270993780882874,11646993.147060337,4.546477296644271,4.284864491972735,7.483516471910686,5.901258341471354,7449350.8,0.9429272556995028,0.8820115099108317,1.560167057384947,1.223585229590634,40.33351094966584,0.6585953484813122,0.7617497947069906,0.9431605520929276,0.8781831889928053,58.31369486139426
594,MSFT,GRU,2024-01-01,2026-01-01,45,8.068677623483355,9.4969862481426,8.241244410369942,8.021932558580634,11548783.056571525,6.571675561200186,8.299616372018063,6.96494107111692,6.630689493815104,7302804.866666666,1.3654520178226293,1.7150221981730898,1.459505290088467,1.3773331631579162,40.5873010013339,0.97281301394588,0.9581085412868778,0.9222391871851218,0.9376902553273384,60.62020445864378
595,MSFT,GRU,2024-01-01,2026-01-01,46,9.835282133689493,10.926058172255384,12.675675580902636,11.46549849564872,11700011.25322922,8.393552812990151,9.67401170518932,10.840438089511172,9.669515991210938,7454413.2,1.7394943134421876,1.9903359380602743,2.261016764124056,2.001739056152631,40.67324802475432,1.0553670087716545,1.036979397701816,1.3580245057181664,1.2637301778096033,59.95650911222958
596,MSFT,GRU,2024-01-01,2026-01-01,47,7.026870966742332,6.333177136635207,7.960233474403299,8.185643864512302,11866929.168843454,5.585042272948052,5.302365541343677,6.502819515397939,6.783328247070313,7589921.933333334,1.158727163127077,1.093366437171761,1.363204505462874,1.4099367227267754,38.8962158293454,0.8833164696191304,0.7147468724253102,0.9621446079376582,0.954037217192676,54.513882774941145
597,MSFT,GRU,2024-01-01,2026-01-01,48,10.829511867568588,9.467562340766348,11.613395454471997,9.195143050127683,11597067.327631349,9.479219723797444,7.873901643767658,9.928878568260966,7.8955078125,7348210.466666667,1.9667877038630248,1.6205095219350212,2.0710559768065018,1.6354220061795062,39.484102051627175,1.0787840607884465,1.076417029354279,1.2467418020284082,0.9660200364830148,56.81520965881517
598,MSFT,GRU,2024-01-01,2026-01-01,49,7.726662800453161,7.823411233343533,7.1881484808451255,7.953826161620983,11756583.709031217,6.096420834765934,6.271108268116617,6.135494691072394,6.6068369547526045,7496822.4,1.2634482629514363,1.2895901377793288,1.2823258285066292,1.3679657402466576,38.99300585633584,0.9782986523269692,0.956864433832292,0.7793708544994887,0.910169219420221,55.15494957633023
599,MSFT,GRU,2024-01-01,2026-01-01,50,8.266368602116348,5.722301778724354,8.722652276992164,8.700327894852897,11627197.679928027,6.618648677945688,4.390107330685286,6.849830570241907,7.200838216145834,7785211.866666666,1.3725525980328452,0.904146878094411,1.4291574145357722,1.4911907785589755,46.1047234049676,1.0219858620539344,0.7539407296726401,1.120601419705736,1.0028071589336571,67.11877042980309
600,TSLA,GRU,2022-01-01,2024-01-01,1,12.042448324383694,9.126559869035276,10.712056747598742,11.30808118469816,22965077.50918712,9.770500183105469,6.893481953938802,8.743378702799479,9.159588114420574,18254750.666666668,3.9829529055966,2.7742232737912484,3.631806463387776,3.742588685422896,16.5810315649614,2.8769826836980887,2.417335647597985,2.570064316652405,2.7089016695528936,16.126663410795423
601,TSLA,GRU,2022-01-01,2024-01-01,2,7.74126382989007,7.449216500160301,10.06673397685281,7.436300936690837,23114610.38364308,6.213343302408855,5.862270100911458,7.828411356608073,6.20175526936849,17768282.933333334,2.5600202380194106,2.3722649239752367,3.2645282392416632,2.5450473157127864,15.477332396060046,1.895229908917044,1.85991066712666,2.618102271059008,1.6687317867038456,14.863104878236587
602,TSLA,GRU,2022-01-01,2024-01-01,3,9.84064123474802,11.47325280416406,8.496135235671908,8.646971575476035,23141567.76772445,8.08080596923828,9.467045084635416,6.61178232828776,6.865460713704427,18484852.0,3.2926310573172524,3.803546934208974,2.7460583272741705,2.7985518169754915,17.14556688760921,2.299388806929152,2.6068035049806992,2.211329272486558,2.1485265464654923,17.148417629914004
603,TSLA,GRU,2022-01-01,2024-01-01,4,16.67416896070018,13.773933086147997,9.452724497017076,9.922499734673318,22793372.14984433,14.988602701822916,11.93976542154948,8.064461263020833,8.37286122639974,18084008.266666666,6.164516878997118,4.825871750704822,3.372251094861906,3.4309260728065354,16.345595732557687,3.055852035361729,2.81180061787611,2.1024890083324066,2.1784949633901087,15.855150164855978
604,TSLA,GRU,2022-01-01,2024-01-01,5,11.013835120867476,7.8479448723295135,8.436179529267658,9.153872939262872,22932610.785470627,8.793890889485677,6.134673055013021,6.416138203938802,7.117004903157552,18062009.33333333,3.584527445094292,2.470616210850735,2.6730137505922897,2.9034458305987614,16.27801193094722,2.7055211860571875,1.98234111890465,2.282559524176584,2.3497503616040025,15.980710434373924
605,TSLA,GRU,2022-01-01,2024-01-01,6,6.647728127781044,6.673862078959724,5.135555845068663,8.176836700181157,22852548.160212528,4.977029927571615,5.501377868652344,4.018078104654948,6.284247843424479,17942721.6,2.039613514824555,2.238271240873514,1.6786426965493852,2.557479633138595,16.10859813387953,1.8088943388874408,1.568745340849288,1.3630543459806077,2.129331004295912,15.764796396503202
606,TSLA,GRU,2022-01-01,2024-01-01,7,12.763936778324648,9.431300890497264,7.402582360262816,12.147113284691384,22727434.25842756,11.716544087727865,8.179145812988281,6.34185791015625,10.822757975260416,17884166.4,4.827809584394847,3.3092271568630927,2.6628754452533965,4.449029197449287,16.065287827380782,2.1442371001235627,1.9378681210786872,1.6316667018667574,2.2738429536886544,15.657797782672777
607,TSLA,GRU,2022-01-01,2024-01-01,8,17.100191568024062,9.551450303856305,10.604554165758111,9.933456083462255,22698689.11246645,15.97990010579427,8.006464131673177,7.962975565592448,7.622957356770834,17366365.066666666,6.532734863482421,3.2172695966271108,3.330213397911461,3.121241082882769,15.060619007120389,2.462304027779359,2.0986284615953,2.8948705765836515,2.5827103801957625,14.569367720998873
608,TSLA,GRU,2022-01-01,2024-01-01,9,7.592469295380662,7.022177936680979,6.096203672590609,7.664211879485219,23276235.32410993,5.668496704101562,5.792915344238281,4.808521016438802,6.409015909830729,17799217.066666666,2.331230436768809,2.344794822364854,2.010738214260825,2.6281157178935133,15.344380659070213,2.071966545365426,1.6247632862451666,1.577374721621178,1.7070272022530235,14.570797754504786
609,TSLA,GRU,2022-01-01,2024-01-01,10,7.174578204822686,6.231982988430391,5.503970187183493,9.861340508648324,22953522.13248826,5.634660339355468,5.0209716796875,4.297346496582032,8.377808125813802,18182401.33333333,2.3430023168721896,2.038136858613889,1.799573793692353,3.433318201018712,16.722055536536335,1.881649396241837,1.520275474081021,1.4671995199088106,2.12719718101501,16.746649083779893
610,TSLA,GRU,2022-01-01,2024-01-01,11,6.626810398033072,7.478134875084332,8.008394921982886,8.25790538090877,22889495.78292422,5.095461527506511,6.179598999023438,7.038380432128906,7.198179117838541,17566338.133333333,2.1072173216372496,2.505696776899016,2.949976243588574,2.959838665634138,15.392545605783445,1.7660180095075733,1.726078021650553,1.630508349871869,1.6554860528520927,15.063924661553449
611,TSLA,GRU,2022-01-01,2024-01-01,12,6.430104400519456,7.130305177190979,9.441284240008493,6.943501538217046,22831812.69309108,5.034989420572916,5.41596425374349,8.290670267740886,5.618279520670573,17888505.333333332,2.076211697047309,2.1783113679334205,3.472379498532273,2.304720935677795,15.933268958069329,1.6515042343048485,1.8599043785104383,1.9216195365347253,1.6533554712744871,15.456265344831577
612,TSLA,GRU,2022-01-01,2024-01-01,13,7.6211065854848705,7.104502234828154,9.624910131306232,7.128054888550075,23031749.19791121,6.247823588053385,5.390045674641927,8.573440551757812,5.514007568359375,17669417.066666666,2.579861734848238,2.1657187525503048,3.588675486904062,2.254196659081867,15.473798436078487,1.8442576231035623,1.87426350142503,1.851675981612819,1.8364648164104784,15.12603036801864
613,TSLA,GRU,2022-01-01,2024-01-01,14,7.841779119562825,7.735753528516372,7.500625324571124,8.329857118542709,22752531.50157056,6.678614807128906,6.249225870768229,5.902230834960937,7.246707153320313,17836580.0,2.7572410331765767,2.5307223995291928,2.470076404042718,2.9781230171803417,15.882773722791132,1.7265000094783716,1.853257608809266,1.9260401052737983,1.6831846605932208,15.356133364013486
614,TSLA,GRU,2022-01-01,2024-01-01,15,10.892093653602055,12.287992379186935,17.151515356267996,14.63987528148733,22794692.3974007,8.368751017252604,9.72109120686849,16.015025329589843,12.11295420328776,18133914.933333334,3.424841260496836,3.923162182153286,6.675479771215189,4.959042909769716,16.472920918314895,2.863106248472637,3.030366828459384,2.554917371052827,3.353055496809047,16.072154816774663
615,TSLA,GRU,2022-01-01,2024-01-01,16,7.552677179335176,8.175542204894937,11.56846430218457,7.635508700758497,22695396.09034086,5.50670420328776,6.328996785481771,9.383660888671876,5.829582214355469,17808979.466666665,2.2573571289590944,2.540495226001416,3.897564187306382,2.373981776537601,15.88199255108668,2.113589010441108,2.0862801513589644,2.79310377453665,2.00949716364875,15.326130720430893
616,TSLA,GRU,2022-01-01,2024-01-01,17,8.135070461193001,7.769467712945949,8.326017083813701,8.347900134855474,23152383.70299405,6.937343343098958,6.349428304036459,6.268070475260417,7.10439707438151,17770827.466666665,2.8550637244528643,2.5636323861357617,2.613845274365988,2.9069434418121363,15.471936369992696,1.771112901867132,1.811074588946128,2.2796808757628706,1.7794270539138737,14.903300174060613
617,TSLA,GRU,2022-01-01,2024-01-01,18,5.783303226689671,5.6178992796889125,6.102726830115305,6.7756217098913245,23391531.89954201,3.91556142171224,4.351092529296875,4.655463663736979,5.448082478841146,18675345.33333333,1.6174284969355237,1.7615192944266618,1.9313681952628727,2.2290674973739577,17.22090598614832,1.7886275186314735,1.4603878851417127,1.6510679892756144,1.6333065206169162,16.984635356094945
618,TSLA,GRU,2022-01-01,2024-01-01,19,7.925118462659999,8.562034874859746,7.134634678396664,7.3853119191689185,22786689.56678809,6.14482421875,6.656563822428385,5.466294860839843,5.65128173828125,17884230.933333334,2.502967994472,2.6821910142760665,2.265137227902132,2.305168904530331,15.961062986639028,2.045998553123576,2.16765399738053,1.9018504136081391,1.9342965616044463,15.443546448677973
619,TSLA,GRU,2022-01-01,2024-01-01,20,6.541479267534318,7.4403450321496125,10.183726016669674,8.820897121772624,22845437.306257173,5.22886708577474,6.227308146158854,9.071949259440103,7.653435262044271,17874567.733333334,2.159251713670324,2.523750057532982,3.786811766254794,3.139998435931364,15.911512184255102,1.6442685571681317,1.67778777396541,1.960755848424959,1.7888806880796688,15.426918038055092
620,TSLA,GRU,2022-01-01,2024-01-01,21,7.129736846920121,8.86884796108941,6.699263811861787,6.44431837181292,23292919.67667465,5.828693135579427,7.745189921061198,5.6818394978841145,5.330930074055989,18670704.53333333,2.409010491815148,3.133043973825163,2.3832157165387984,2.1920904653680027,17.336171148064757,1.7271830048403454,1.7903714100793433,1.5102122140672531,1.4955908576749113,17.231916845370492
621,TSLA,GRU,2022-01-01,2024-01-01,22,7.116798105440549,6.274358743481257,5.587944663469392,6.576019804120982,29997361.59900435,5.85987548828125,4.932954406738281,4.401115926106771,5.150376383463541,22802539.2,2.418634291383025,1.996453359112347,1.841555180051336,2.10770505736698,18.435344477170503,1.6948905551158475,1.5815014758455637,1.4601568661269742,1.6718506467353154,15.047191808319043
622,TSLA,GRU,2022-01-01,2024-01-01,23,6.011267541772554,7.467526172012,7.493765785873154,9.2193482199674,22726300.78475696,4.486180623372396,5.944289143880209,5.950377400716146,7.093620300292969,17867238.933333334,1.856856866474222,2.39099477573458,2.470511201863041,2.893718791316418,16.084755187922177,1.6854359322210268,1.8278794698030327,1.8958730241842168,2.39236586483364,15.795014892504316
623,TSLA,GRU,2022-01-01,2024-01-01,24,11.973031913905311,15.21089417775844,8.214004458985883,13.302502352151109,22643908.083281856,10.94690195719401,14.13585205078125,7.024119567871094,11.977573649088542,17911966.4,4.513675921813928,5.7084138029023785,2.9562825160100106,4.9249320380801365,16.160548477657244,2.062125818262808,2.3011282960896264,1.811390646442252,2.389368327957852,15.76386206493642
624,TSLA,GRU,2022-01-01,2024-01-01,25,8.148421530613726,7.422689420111873,10.337667381236235,9.880002733612493,22775229.131119005,6.278597513834636,5.811158243815104,8.647045389811199,7.263356018066406,17816842.133333333,2.585654929287531,2.3515910534448112,3.591382946002803,2.970115633088386,16.072381333227057,2.1234862744481946,1.8704801419834427,2.3565845276712984,2.733790451247665,16.08038460620913
625,TSLA,GRU,2022-01-01,2024-01-01,26,20.128769468130947,7.228029354051221,6.249253344618039,10.096226099356048,22943219.177908275,19.3714599609375,5.964537048339844,4.8279474894205725,8.818268330891927,17604486.4,7.958571998273236,2.416547055997899,2.0290919322614966,3.622880099214703,15.342009889950411,2.324957099767438,1.6815791441582708,1.6887570513084027,2.02900665559905,14.807826426875238
626,TSLA,GRU,2022-01-01,2024-01-01,27,6.776197120568815,7.903124911122243,8.875148093903773,7.827914838731818,23001580.80148865,5.1203867594401045,6.02712148030599,7.62923329671224,6.216644795735677,18433904.0,2.110183414135895,2.4324850838658,3.1839022593152926,2.531034541358483,17.160455063883052,1.834690659137035,2.0584998515554056,1.9131312983034248,1.9396416013956204,17.228762967001124
627,TSLA,GRU,2022-01-01,2024-01-01,28,6.106476174805967,7.6422328857145505,6.596718104586162,8.47753507059636,22623410.033834267,4.490708923339843,5.917859903971354,4.903452555338542,6.405116271972656,17556526.133333333,1.852744419371912,2.3888400660336413,2.0397203132453066,2.609103258235136,15.558721561750756,1.7309770994088338,1.952889768533821,1.8414725790414035,2.2659698710822096,15.241717592696457
628,TSLA,GRU,2022-01-01,2024-01-01,29,10.069578223162193,7.081565378899817,7.435882769110088,8.142693201112623,22670001.6118454,7.628007507324218,5.45920664469401,5.6425023396809895,6.096815999348959,17899598.933333334,3.1124292490002907,2.1943740972987937,2.344295359049529,2.486845862519972,16.22081737849143,2.686671410779774,1.824776841023644,2.020767119080327,2.1933373352533145,15.981018451046864
629,TSLA,GRU,2022-01-01,2024-01-01,30,5.68177463867561,6.814151489152541,7.049386427595359,6.394665220169506,22761855.69161184,3.914500427246094,5.451057434082031,5.282646687825521,4.949005635579427,18062865.866666667,1.6068973571797025,2.1907959881541754,2.1907087735022848,2.0229432379854737,16.344172155740385,1.7184323047734211,1.6734673219170464,1.945395275085493,1.661961704153589,15.84982099364298
630,TSLA,GRU,2022-01-01,2024-01-01,31,9.827867466950575,6.950534835026273,8.998090612407703,8.106779042462966,23008041.3271754,8.017852783203125,5.300259908040364,7.34620361328125,6.290322875976562,18201921.33333333,3.2719735352308,2.141385933557429,3.058159345060934,2.564957078903006,16.31986335587937,2.331268061758024,1.822289293492538,2.16051270233549,2.0975418134839043,15.68715682214113
631,TSLA,GRU,2022-01-01,2024-01-01,32,9.251933300703335,7.987657214356786,5.873084130335908,7.974505444416012,23171400.082487203,8.029762268066406,6.9515833536783855,4.933246358235677,6.89980214436849,18411138.666666668,3.3154382641107185,2.8102822253009685,2.0708479990141506,2.8365302221852065,16.916068601179678,1.956021876465176,1.6266649249160487,1.3679266391292055,1.6370462337961869,16.820514475134008
632,TSLA,GRU,2022-01-01,2024-01-01,33,10.667130694300194,10.421488133404132,13.385306962234392,11.115041862589122,23486937.98259422,8.040974934895834,7.820172119140625,11.074317932128906,8.537350463867188,17973664.8,3.2836279800553347,3.1509781488935884,4.60723467017092,3.4904325352751573,15.579397062121512,2.868673152569571,2.781518155972318,3.114652547382557,2.906291586004663,14.90752552993099
633,TSLA,GRU,2022-01-01,2024-01-01,34,8.002353224079457,9.168676410728038,9.655807263337245,8.691308268742619,22882717.746544145,5.843458048502604,6.983350118001302,8.08967997233073,6.69334971110026,18147790.133333333,2.3991142544201893,2.8072000555180594,3.362228037029124,2.7302678416264445,16.375098391889896,2.244027101388862,2.402044894474757,2.1941636031874667,2.26772817858364,15.845294241488403
634,TSLA,GRU,2022-01-01,2024-01-01,35,5.981284019863331,6.425888008885017,5.825010509010336,7.459285399014847,22696120.28252093,4.209767659505208,5.026919555664063,4.36546376546224,5.634024556477865,17700209.866666667,1.723031932111171,2.0248375617240457,1.8189027477119768,2.299225835094429,15.790801947174408,1.7699308057318457,1.6275338176329368,1.6210416902743714,1.9880274187448508,15.495074200691858
635,TSLA,GRU,2022-01-01,2024-01-01,36,6.135087849474318,6.684905462071704,6.453641515016303,9.691505463122724,22907863.670749407,4.520540364583334,5.380423990885417,5.446272277832032,8.411239624023438,18037517.066666663,1.8701196370656328,2.1801480329380807,2.281497701544847,3.4546530456431017,16.153412249445445,1.7398436368765584,1.6191799855191369,1.4679019833223266,1.9854675764849627,15.657194431884264
636,TSLA,GRU,2022-01-01,2024-01-01,37,8.60121409632306,8.483986046312081,10.889453125710856,6.60563925843828,22757372.15793057,6.275174458821614,6.473554992675782,8.561637369791667,5.144340515136719,17920065.866666667,2.57729685572602,2.617903896013477,3.556071792953472,2.1124524598547447,15.98856168637619,2.405583992081109,2.204449662076533,2.793712990356336,1.7035672676948537,15.343396805615928
637,TSLA,GRU,2022-01-01,2024-01-01,38,9.140104068745371,11.25887616053882,11.130172680040326,10.21134209354534,22839712.026638653,7.752681477864583,9.510233052571614,9.631130472819011,8.466886393229167,17887338.666666668,3.1618703868734506,3.817328306823221,4.001434492777529,3.455280497155369,15.915546616321258,1.980352075785964,2.4249079460932483,2.308448242993065,2.3175980337270863,15.439420704184966
638,TSLA,GRU,2022-01-01,2024-01-01,39,8.57275623483616,10.955659597965726,6.574663703148641,12.62795897721521,22767430.832756046,6.657474263509115,9.305147806803385,5.261834716796875,10.789192708333331,17635728.533333335,2.7150309357554283,3.7409644247912177,2.192702014230354,4.411076631919762,15.51702765853173,2.2011489532851334,2.33687160138125,1.6582905887218076,2.663349674045945,15.037398466762316
639,TSLA,GRU,2022-01-01,2024-01-01,40,7.873869490804011,14.947454086752977,11.88864966569325,15.950241144326757,23922077.954891466,5.649471028645833,13.09910685221354,10.710767618815105,14.772240193684896,19289002.133333333,2.311216421025468,5.263092910972514,4.446767724230949,6.030890996469573,17.712803145312446,2.2519823388788542,2.887135048850408,2.123479759654582,2.4132681811986543,16.949782503384895
640,TSLA,GRU,2022-01-01,2024-01-01,41,12.71687173663038,16.65101923774433,10.166227506199329,17.088264489981682,23089399.933066983,11.577833048502605,15.421535746256511,8.89438985188802,15.679143778483072,18069029.33333333,4.764833894009422,6.2301720931651206,3.722739237994135,6.430217363167209,16.164467310265714,2.2145354847725285,2.588052035008325,2.0729762076602447,2.791393266573853,15.851573189504824
641,TSLA,GRU,2022-01-01,2024-01-01,42,8.082503422287413,13.935622614156491,9.494612693814467,11.792200270033131,22996526.95910114,6.506590779622396,12.510317993164062,8.266359456380208,10.5722412109375,18231117.6,2.6594890092256835,5.032977616793886,3.426297933718041,4.318763602345714,16.802795064904448,1.9740134123370976,2.468496590105961,1.9203335758219555,2.1055182643444232,16.83798935859367
642,TSLA,GRU,2022-01-01,2024-01-01,43,8.749762105088468,8.175155925135138,8.414305282852585,11.84950991141682,22381898.925068464,6.988179524739583,6.518594868977865,6.180762736002604,9.415511067708334,17393754.133333333,2.844878773362246,2.614005257076877,2.5776104544099385,3.852088806673868,15.500074363313072,2.149653568354475,1.996958591062563,2.3563993511771124,2.914145008861647,15.35105102774337
643,TSLA,GRU,2022-01-01,2024-01-01,44,6.091651533293986,6.06513615141853,6.748477933147145,7.796370176388763,23176688.174085826,4.403122965494791,4.770720926920573,5.533509318033854,5.830445861816406,18436276.266666666,1.808988368349884,1.930602667797051,2.325162489287689,2.375773377420583,17.01656109256306,1.74924845152515,1.5277319097877342,1.6528170509257951,2.1072878354098488,16.998273654082446
644,TSLA,GRU,2022-01-01,2024-01-01,45,7.313874184887655,7.263093880630389,5.960725545902394,7.583043211684224,22434689.4975806,5.659491984049479,5.588397725423177,4.711280314127604,5.806168619791666,17607241.866666667,2.336325137931293,2.2474012899321103,1.9766196537769176,2.3708667409905715,15.70565182245948,1.9134900499426133,1.8873184819783912,1.5606369729879876,1.98932116420072,15.215475922336555
645,TSLA,GRU,2022-01-01,2024-01-01,46,8.375496751007478,7.191247894297467,10.730409154238194,7.642851746904966,23138637.50446148,6.342964680989583,5.6452692667643225,8.467893981933594,5.917822774251302,17709681.066666666,2.6041919101440385,2.2832979228540973,3.530185842299652,2.415428358957723,15.383445538271264,2.2373402431931746,1.7983326698024331,2.714372276713471,1.962957574443299,14.851220100678674
646,TSLA,GRU,2022-01-01,2024-01-01,47,11.379577414508978,10.677131103686916,16.92379721145715,9.79280413815242,22720175.34129242,9.73945566813151,8.78013203938802,15.902117411295572,7.8004511515299475,17609046.4,3.96935330956307,3.5269127461884016,6.617167248481374,3.184977608404324,15.75190795340272,2.4011479062326337,2.4538797245546697,2.386909085258325,2.4288316833506123,15.730531642413183
647,TSLA,GRU,2022-01-01,2024-01-01,48,11.609278550574716,14.2979706007536,8.128455768541215,18.48247621466892,22531295.140249208,10.181404622395831,12.529378763834636,7.08005625406901,16.51108194986979,17695082.666666668,4.184437458895722,5.048742181893391,2.9594925249432382,6.762582379342688,16.007776098541047,2.342027086883286,2.8078205382904824,1.6969571515004902,3.4098000722627133,15.97403258696944
648,TSLA,GRU,2022-01-01,2024-01-01,49,10.33056589066394,6.6425263888191886,7.471232849368834,6.700976053701224,22941241.227006007,8.107613118489583,5.288951110839844,5.55019785563151,5.209989929199219,17700512.266666666,3.3014148894714705,2.1438076461013265,2.301692228753492,2.1327912637875204,15.516469792541995,2.614387000396681,1.636053552941943,2.081086505107032,1.7249442526435264,15.009327644451536
649,TSLA,GRU,2022-01-01,2024-01-01,50,8.69310052403242,7.574365835631069,8.140412434973276,8.653407209354448,22585395.027327195,6.283875020345052,5.866811116536458,5.979601542154948,6.4526423136393225,17691089.066666666,2.576774078050887,2.374447091242025,2.4954480346198915,2.639401587060098,15.835543156655891,2.44761660073446,1.93953143005134,2.296100820581035,2.354136403968896,15.547973087684422
650,TSLA,GRU,2022-09-01,2024-09-01,1,9.671925519944482,7.808696405719118,9.162673890516835,10.063987470380718,19841464.75562123,7.984331766764323,5.702126057942708,6.42851816813151,8.144374593098958,15756293.466666669,3.7419344781254233,2.587055660006343,3.1086956433986908,3.781882920095938,19.497150321280927,2.74044719527957,2.421978839082404,3.332521178585872,2.7363836765667244,13.802425742163694
651,TSLA,GRU,2022-09-01,2024-09-01,2,11.018971178458408,9.580791178618206,10.457684618301291,11.41746418832696,19539614.63680129,9.630294291178386,8.11152598063151,7.860476684570313,9.578997294108072,15500045.733333332,4.542959929954544,3.694829423346086,3.7932385894698335,4.455652326493891,19.212291262040395,2.6822246142484607,2.322329750533495,3.492862678937521,2.887095062017716,13.163326813141468
652,TSLA,GRU,2022-09-01,2024-09-01,3,9.24730287596048,8.840578423218298,9.91239952385902,10.607388580859205,19705398.30220133,6.658296203613281,6.553380839029948,7.079094441731771,8.430164591471355,15103731.866666667,3.1446364351579845,2.9972363039941885,3.43466082992742,3.940693815618215,18.35979113208915,3.2362657149412626,2.705324502255284,3.516838242716525,3.0002940411866845,13.957659875858411
653,TSLA,GRU,2022-09-01,2024-09-01,4,8.761334980022747,8.654810791165975,9.551393863090963,10.435266766546674,19118307.87082239,6.24510498046875,6.784364827473959,6.778519694010416,8.32847188313802,14238540.4,2.942823351394697,3.0899527266150866,3.289606275296173,3.8871542043748057,16.815433833265338,3.13401970080985,2.4460879572611702,3.4381245567095644,2.9272618191029736,12.960236536552284
654,TSLA,GRU,2022-09-01,2024-09-01,5,13.23526703487129,10.863928363293258,12.673845577995268,11.866131337903164,19865642.190045632,9.44574686686198,8.18031717936198,8.965643310546875,8.811817932128907,15710431.6,4.428419208148639,3.742028415554589,4.355735896333466,4.140778269493644,19.505245595907816,4.579198352125492,3.279258650040653,4.574037482745688,3.780458374907895,13.707092714031605
655,TSLA,GRU,2022-09-01,2024-09-01,6,9.152945801295026,7.851940241449959,9.579542164890734,10.922722876667445,19427945.76975476,5.6153717041015625,5.520943705240885,6.649857584635416,8.217396545410157,14693136.933333334,2.645747739638651,2.510490814171427,3.221243116198884,3.8558189326414296,17.71301616594115,3.6550114576955934,2.5310559393987164,3.5051773674415685,3.387103837344925,13.50835824873013
656,TSLA,GRU,2022-09-01,2024-09-01,7,11.543496371352148,9.059043932324292,11.46845869009967,10.932354404144462,18861205.85079678,7.741149393717448,6.827769470214844,7.711429850260417,8.067578125,13651767.066666666,3.647792784477524,3.118836192714121,3.725862324961215,3.783211486782742,15.71800725858382,4.275008420980414,2.7194477370877426,4.280839667076667,3.469525441392745,12.227316479434233
657,TSLA,GRU,2022-09-01,2024-09-01,8,11.446262760089486,9.425900879023512,11.250546734117,11.040857641481791,19618453.296646345,7.126909891764323,6.918026733398437,9.404035949707032,8.547276306152344,14986104.666666666,3.37177031931173,3.1608140449062327,4.515056178128947,4.006051009384843,18.20758075794908,4.430987613433247,2.9075195011576938,3.1092468861867606,3.2715649446902515,13.77295054809997
658,TSLA,GRU,2022-09-01,2024-09-01,9,14.60674491846996,13.16084464296874,11.247800326923072,14.908274558915876,19086486.532693047,13.591808573404949,11.981673685709636,9.819275410970052,13.173931376139324,14099669.066666666,6.346502346055846,5.442331041695557,4.6991951903816505,6.098033093173353,16.491378632990916,2.5220882043440214,2.4515773627771704,2.7216295017317527,3.168403654867028,12.757478081245448
659,TSLA,GRU,2022-09-01,2024-09-01,10,9.65729531894238,8.554601299068052,10.164534945423032,12.853443764731422,19437390.57938002,8.314209493001302,6.341163126627604,8.265062459309895,11.60506337483724,14748217.733333332,3.90426763463669,2.8901129261559926,3.974109644124834,5.393803400511529,17.724169469284927,2.467961926827803,2.595298497556901,2.962856115763399,2.522037076869721,13.180909434954057
660,TSLA,GRU,2022-09-01,2024-09-01,11,8.25471822730106,7.941140609775281,9.779095382871237,10.533136489252168,19779187.1521195,5.622807312011719,5.697803751627604,7.459798177083333,8.787632242838542,15175778.0,2.64090198964206,2.5903398295318785,3.5749260643690635,4.075188544714001,18.46558685939464,3.076621531773028,2.51633221991236,3.2001788183262145,2.679384818711448,13.789908295300409
661,TSLA,GRU,2022-09-01,2024-09-01,12,11.79494303146331,8.139575667327739,10.611064606653194,12.034435281834892,19021750.889961943,10.772015889485678,5.917378743489583,7.480446370442708,10.45606943766276,14202866.266666668,5.042188185898564,2.702692462788962,3.637210213910816,4.860732702746868,16.8149335880538,2.3662107596321107,2.528027988632152,3.8328263300626353,2.742938895162386,12.546262646835366
662,TSLA,GRU,2022-09-01,2024-09-01,13,9.1442804112705,8.03501165413265,10.070912741019464,10.221372669250048,19609017.39578718,6.762178548177084,5.734072367350261,6.409969584147135,8.13828125,14898821.466666669,3.168401310972608,2.602997735637297,3.1075545227862365,3.7841366660653226,18.0777447855859,3.111380313892505,2.5432067607522035,3.937881442833297,2.8521048815208503,13.86113028063202
663,TSLA,GRU,2022-09-01,2024-09-01,14,9.52657587472487,10.600072487327992,10.13249100924819,11.090081823592277,19034733.63051688,6.937967427571615,8.052761332194011,7.769690958658854,8.468507385253906,14313596.666666666,3.266444953056915,3.6904999402455183,3.752033929395023,3.979707927444244,17.124462033725678,3.3247890169850787,3.17149460201483,3.3165856050436973,3.388997899957084,12.44442543214504
664,TSLA,GRU,2022-09-01,2024-09-01,15,8.65848585597268,9.118618689591548,9.313455018838196,10.485469955925156,19812633.05055055,6.366888936360677,7.108311462402344,6.825706481933594,8.472258504231771,15104606.0,2.9855573525323287,3.211027133015341,3.296042504122112,3.9492936396254574,18.385751395936843,2.930410619308564,2.562002329707452,3.2032600300479537,2.869496479379399,14.104514592216624
665,TSLA,GRU,2022-09-01,2024-09-01,16,9.63204289994002,8.494157291330437,11.00970683872644,11.056191511784233,20007088.62833455,7.714518229166667,6.303851318359375,9.23201192220052,9.230178833007812,15256668.933333334,3.634437606548311,2.8808759272567004,4.432311059444495,4.278241417441777,18.25755972086011,2.909693500778192,2.57847297097112,2.999649949725699,2.7941889982482,13.004437418318382
666,TSLA,GRU,2022-09-01,2024-09-01,17,8.832605902571743,8.303374731035307,9.609595637261918,10.004904828055905,18819861.95719328,5.431487528483073,5.831149291992188,6.932322692871094,7.549561564127604,13988029.466666669,2.564260157486493,2.656535392420661,3.3490192699550274,3.5314393003283984,16.55880195981388,3.5472660255249853,2.70988568119731,3.390877302422131,3.074043505931324,12.602911506859002
667,TSLA,GRU,2022-09-01,2024-09-01,18,9.20947463478227,10.304122448333809,9.74922053654259,13.914915315398812,19444663.19762054,6.765067545572917,7.296151733398437,7.300229899088541,10.388917541503906,14622321.733333332,3.1724733980048057,3.3223950935935083,3.519499358588733,4.873649696636385,17.522179367128075,3.142732844071352,3.314139140752326,3.272203114624546,4.409604951769628,13.697633552547684
668,TSLA,GRU,2022-09-01,2024-09-01,19,11.169020515622568,9.03285173123894,12.996610785817657,11.221399126834148,19782680.15674007,7.371883138020833,6.647708638509115,8.840608215332031,8.386636352539062,14807845.866666667,3.4718909185042266,3.040720164385947,4.259967760060118,3.9303518544423945,17.61742243644791,4.165518834216798,2.8087545632949764,4.774924468005184,3.521103397883162,13.61914525349486
669,TSLA,GRU,2022-09-01,2024-09-01,20,9.881217384799166,9.110974856488925,10.46519459130472,11.179424108299692,18972230.57817712,8.512488810221354,7.660438537597656,8.407232666015625,9.248829142252603,13892355.2,4.003224374102241,3.4829325692628075,4.038137782485544,4.304242127529888,16.103634950419824,2.5174066429878743,2.2178229096876336,3.1555196075823617,2.916079225066753,12.47333879485487
670,TSLA,GRU,2022-09-01,2024-09-01,21,9.80185447500594,8.231796117711939,9.870283476940587,10.46359794868572,18887910.17586349,6.125105794270834,5.850819396972656,7.784746297200521,7.75350341796875,13779676.933333334,2.8959599727872734,2.6602023497267293,3.737998394743427,3.638789008088948,15.95729651956418,3.868170101966636,2.63916925128493,3.089212736149439,3.30295892705066,12.471916708242956
671,TSLA,GRU,2022-09-01,2024-09-01,22,9.347282835009027,8.690859591214977,11.409163129164613,10.623800501611411,19267463.53503589,5.931151835123698,6.244910685221354,7.631147766113282,7.894378153483073,14474904.133333333,2.8005501311657968,2.8571129624788902,3.7130225454233945,3.710688438962196,17.324430393581423,3.687711562296812,2.7701042911028706,4.320946753616941,3.361372732425303,13.485765033321432
672,TSLA,GRU,2022-09-01,2024-09-01,23,9.338675021410085,9.33598241996275,9.41201310527098,11.14090877771998,19319704.06306715,7.725276184082031,7.673356628417968,7.024738566080729,9.713343302408854,14450574.533333331,3.63168428697206,3.476612631092878,3.390475846081112,4.494777571713406,17.188479535001672,2.6238731907589625,2.408845312783269,3.1651706878561274,2.475247799266969,13.223236187425352
673,TSLA,GRU,2022-09-01,2024-09-01,24,10.026622713822771,10.044933895089384,11.882772402887213,12.449706260332068,18683917.87946841,8.073537190755209,8.453116353352865,10.357083129882811,10.68636220296224,13007391.866666667,3.7959725998527,3.854913478045584,4.9701703161013615,4.970056218652622,14.657952766256503,3.0020343094001154,2.445709345624656,2.8539956685703185,2.927454764227748,11.837311184609616
674,TSLA,GRU,2022-09-01,2024-09-01,25,9.505538005006878,9.649435823379854,11.041037078783072,11.379033051151128,19826592.049377885,5.9932306925455725,7.130876668294271,7.570447794596354,8.276305643717448,14642481.6,2.83197677326376,3.2649986918066545,3.679102139640431,3.893130027832141,17.245168878079383,3.738741295282855,2.983095357567582,4.078879609346197,3.699437889812348,14.063783897444749
675,TSLA,GRU,2022-09-01,2024-09-01,26,8.543716990895494,8.122598619004135,9.432989899969478,10.624060033048854,19797319.580188304,6.1184941609700525,5.889249674479166,6.433034261067708,8.869085693359375,15315912.933333334,2.8605141074551166,2.682457488176286,3.122150766693576,4.107325982171224,18.74114571213331,3.0036831360762504,2.543942999600437,3.505386041556509,2.684938613518728,13.363822620999429
676,TSLA,GRU,2022-09-01,2024-09-01,27,11.534558782172564,10.704801567121512,12.112114636956502,11.542141610393289,19602187.259608228,7.423298136393229,8.09118906656901,8.541405741373698,8.502406311035156,14696910.533333331,3.514948602965525,3.697823571811088,4.133211777501401,3.979219473542154,17.648339686361698,4.395408940619206,3.227605193400021,4.388611530765223,3.667705890719428,13.902700863093829
677,TSLA,GRU,2022-09-01,2024-09-01,28,9.642192119031751,10.19448784711105,9.3662422029446,11.156603424737904,19760059.12622508,7.907899983723959,8.515176391601562,7.188949076334636,9.182347615559896,15118494.533333331,3.68695557508913,3.8443017690704497,3.437015290614213,4.238935372855049,18.35961508427583,2.686197241343927,2.488949416782132,3.0224211528819853,2.8721909543292035,13.76935896734301
678,TSLA,GRU,2022-09-01,2024-09-01,29,10.255694001027369,8.57038064457255,10.15884601350992,11.473699343590622,19665175.54182265,8.261681111653646,6.496700541178385,7.970569864908854,9.673255920410156,14778803.2,3.867347337188976,2.9607822228310474,3.818313477698307,4.47648259799066,17.865938009997954,3.0173793436117786,2.5349214776514883,3.1853754249095,2.8255444547924147,14.09348263144551
679,TSLA,GRU,2022-09-01,2024-09-01,30,8.414592948986684,9.02132633043495,10.870399404887802,11.200361519705858,20247338.647641625,6.284173075358073,7.452348327636718,9.754941813151042,9.511611938476562,15380212.4,2.9617971786299204,3.389180237784272,4.669963521822752,4.42392766348252,18.62055029979132,2.827970306621521,2.2796776900400806,2.374308575309593,2.711720829180988,14.394894603911954
680,TSLA,GRU,2022-09-01,2024-09-01,31,9.199297364069269,8.677102365820893,9.836421395595773,10.310479954046713,19090835.36766092,7.354210408528646,6.775946044921875,6.856366475423177,7.864403788248698,14301361.6,3.444692931990581,3.065340270406788,3.3185719092019146,3.681273952685389,17.029029070216417,2.7744519755817305,2.430736720340144,3.5968403480403435,3.1062101789374026,13.169362760149502
681,TSLA,GRU,2022-09-01,2024-09-01,32,9.376006936036209,10.245600204312346,10.3368827681097,11.79690139847685,19128570.506313227,7.490514628092447,9.06447245279948,8.027251180013021,9.98852030436198,14298298.133333333,3.5272956648141665,4.107841831969392,3.883672619864908,4.637410650743878,16.96860045220872,2.851660653402928,2.130190889586886,3.314172713751048,2.896228793940568,12.864188834116048
682,TSLA,GRU,2022-09-01,2024-09-01,33,9.375576209320752,9.555551357493982,10.334498809658877,11.507516543718282,19298310.16447939,6.013332112630208,7.262324015299479,7.594166564941406,9.559126281738282,14622779.333333334,2.829245421247842,3.303435690916205,3.6558977203093375,4.437486278282392,17.70023655522986,3.6723238954108206,2.826061678130157,3.5675714658554383,2.961550357611719,13.338667927617662
683,TSLA,GRU,2022-09-01,2024-09-01,34,9.43609955928204,7.775779741624559,9.620870823159205,14.378148084424897,19678563.517894994,6.83804931640625,5.6284337361653645,6.957538350423177,11.211131795247397,15058830.0,3.2139628317506506,2.551792985377612,3.367983098491757,5.280767804800672,18.291307232632537,3.2947565662044846,2.4260412602720733,3.399717413573957,4.291918669046342,13.720230114475424
684,TSLA,GRU,2022-09-01,2024-09-01,35,9.789283843664062,8.597133640223316,10.29740769464006,11.082595644612452,18991408.70774332,6.9157465616861975,6.298802185058594,7.720645141601563,8.33732198079427,13840111.066666666,3.263546011261968,2.8693178717480152,3.7327014089854607,3.9028233417908433,16.014718471596666,3.443319848912416,2.648357277255333,3.460522232533933,3.414605543879232,12.478867552189524
685,TSLA,GRU,2022-09-01,2024-09-01,36,9.306332910628589,9.162759627683782,11.846514766751268,10.732413261822378,18892378.061475057,5.916910807291667,6.491407775878907,8.013432820638021,7.64246571858724,13071388.4,2.7917377436270407,2.960559349594447,3.8969491446226927,3.589982654452305,14.539929583249886,3.630263578261375,2.956942285171423,4.442336118771376,3.561973999877894,11.9292398051491
686,TSLA,GRU,2022-09-01,2024-09-01,37,9.934119083632789,8.630453477224387,10.816683583878982,10.368808849023855,19184743.39843523,6.432484944661458,6.121304321289062,6.947763061523437,7.945983378092448,14475898.533333331,3.051507116579868,2.7983007683070724,3.389761822265623,3.726287559281229,17.386656061943643,3.8480962840263375,2.797268706968427,4.228540568642506,3.1245129761581194,13.37777238959502
687,TSLA,GRU,2022-09-01,2024-09-01,38,8.902929250929365,8.139030352831593,11.152919012643675,10.391939108315388,19116536.769698385,6.186195373535156,6.067140706380209,7.414650472005208,7.9134033203125,14222642.8,2.910619710021668,2.7537060776607576,3.6015494554677905,3.7024807595783615,16.982871853698057,3.235546358119418,2.442628284282196,4.260174131471254,3.143105978495289,13.1650015327354
688,TSLA,GRU,2022-09-01,2024-09-01,39,9.071652729770502,9.559030472980576,10.038844859625488,10.30007022335134,19493321.830086377,6.466987609863281,7.928773498535156,7.822301737467447,7.842359924316407,14771342.0,3.0304541010147164,3.5778949714956814,3.755867016219984,3.675425753019732,17.834060028880213,3.227447599946809,2.382830070222334,3.1428141999731234,3.130252453921203,13.468694831078931
689,TSLA,GRU,2022-09-01,2024-09-01,40,9.802066717050897,9.952696026597112,9.670301840042807,12.691744007715789,21685871.66136494,6.250345357259115,8.265401204427084,7.769877624511719,11.013939921061198,17219391.066666666,2.953109695692443,3.753022284395101,3.737096495085261,5.1106296995265525,21.60529220309258,3.8117061650753135,2.497289170708569,2.899202808224366,2.87966652451278,15.896177840109814
690,TSLA,GRU,2022-09-01,2024-09-01,41,11.887302331342967,10.122136642697924,13.925672404482269,13.982902130289506,20146115.220565405,8.204884338378907,7.576596577962239,10.206419881184896,10.637793477376302,16151818.8,3.874342239081584,3.4664069372926867,4.947601946323407,4.993827009060654,20.1334740616644,4.30032687877256,3.085141684508653,4.787566894728305,4.311266485366309,14.009959152166475
691,TSLA,GRU,2022-09-01,2024-09-01,42,9.761492698720794,8.192338606599606,10.142306439153849,10.830530804879889,20078405.580402885,6.379299926757812,5.680490112304687,7.7052759806315105,8.218667602539062,15749693.466666669,3.0190643629495537,2.593892498287568,3.730602824443313,3.8571279245860777,19.391779874565287,3.7080430021269817,2.69302844867065,3.311362429971506,3.3056750712888183,14.147676218065383
692,TSLA,GRU,2022-09-01,2024-09-01,43,8.984969297201703,8.197475610082785,10.182276394658109,10.987394593571873,19061585.512466986,6.302934773763021,6.0566162109375,7.244626871744791,7.740785725911459,14103003.466666669,2.9550048997809286,2.749400883338061,3.498070770188957,3.646015225689045,16.550457323041172,3.24637450727903,2.483806352288935,3.651643083795708,3.693304068837479,12.58967608655161
693,TSLA,GRU,2022-09-01,2024-09-01,44,9.245748119786978,8.690488748503864,9.90829046677532,11.105098228137797,18591488.18565735,7.080834452311198,6.211412556966146,7.546788533528645,8.267332458496094,13441084.0,3.331566932524505,2.83760786168376,3.639850836055002,3.8848577074983672,15.570396170284662,3.005275091576672,2.7810981140030133,3.269338625883103,3.4905632269041256,11.699354307349925
694,TSLA,GRU,2022-09-01,2024-09-01,45,11.266807402331912,9.08484259350204,11.50846714530812,10.435216273395252,19149100.10978621,7.469123331705729,6.5642247517903645,8.149806213378906,7.721868387858072,13795466.4,3.5238386762057594,2.98555110104082,3.942785750668202,3.613606401974821,15.770912191393812,4.2343078812131445,2.860963271980923,4.142025034820093,3.2769297720411616,12.505760782122024
695,TSLA,GRU,2022-09-01,2024-09-01,46,19.04395361269769,15.756912665968144,11.443569537475858,10.57396063669753,19559727.53514534,15.809972127278646,12.534867858886718,9.909969584147136,8.299938456217449,14999153.466666669,7.408083153610671,5.714233914144582,4.735127017708736,3.873415503144219,18.287310100562536,5.225730311767188,4.350783443501877,2.820012038713178,3.0432965924973985,13.55687282697581
696,TSLA,GRU,2022-09-01,2024-09-01,47,9.377226404954165,9.445487514096056,10.13716455337226,10.818684187765522,19067509.29540605,6.637937927246094,6.610810343424479,7.90541737874349,8.638018290201822,14132778.8,3.1277121466729745,3.020799191930536,3.796702315975993,4.0225551537274455,16.84278159620512,3.356419296428826,3.0815270307782767,3.213142419006902,3.027500458972576,12.823537780548474
697,TSLA,GRU,2022-09-01,2024-09-01,48,12.599750795707427,14.409742716431028,12.982454042000944,13.111917852849608,19169106.70766335,9.086965942382813,11.534844970703125,9.150292460123698,9.736934407552084,14234808.933333334,4.283591618615311,5.264897750698654,4.43327380530074,4.567039213851002,16.934048447040045,4.365086082371371,3.96554098133648,4.657767362427269,4.172623913967716,13.0328528868979
698,TSLA,GRU,2022-09-01,2024-09-01,49,9.007599218472656,8.597112321555285,9.591454572150868,10.27576995498921,19032239.60748149,6.804198710123698,6.044751993815104,6.309651184082031,7.87577158610026,14387307.866666667,3.199625748739994,2.757391611861104,3.059601344033776,3.6879334900148457,17.240111554332774,2.972949693013006,2.791913905307234,3.674736152813111,3.0814010053122187,12.710429720856132
699,TSLA,GRU,2022-09-01,2024-09-01,50,21.169010356535527,17.137315465758363,20.19055359941596,18.958928701386984,19497424.667704374,18.65345153808594,13.95971425374349,16.993716430664062,15.149397786458334,13543058.533333331,8.712065757598966,6.336427096831813,8.162995516365482,7.091565794878179,14.975678281812302,4.901581688003487,4.48877937281681,5.455313052115879,5.368043100714114,12.10872353247261
700,TSLA,GRU,2023-05-01,2025-05-01,1,30.75693013854001,43.66608979132061,31.7259439903545,38.84574527628776,35389534.03699556,25.72017567952474,38.89960327148437,27.663238525390625,33.50899607340495,28323765.866666667,9.848260612307328,14.40391869510202,11.03719504804914,12.67104946542142,21.65437138284795,6.273052853143874,7.1766099171437485,6.108330229007381,7.108747834889314,19.195845239559585
701,TSLA,GRU,2023-05-01,2025-05-01,2,14.562595396668616,14.355510528259025,15.458872392086263,17.383998895500167,34202190.15785906,12.043659973144532,11.755273946126302,12.312918090820313,14.225839233398435,27551751.73333333,4.80852574939392,4.434160660877216,5.151130254339644,5.487864614432144,21.375963552798183,3.382168194486073,3.11781619710766,4.176407867988923,3.759749937764049,18.812437479583988
702,TSLA,GRU,2023-05-01,2025-05-01,3,17.663822597574192,26.011330054619737,14.93930209516548,24.65588103172849,34881056.91025417,13.79319356282552,21.91385599772136,12.63281504313151,19.7246342976888,28522743.73333333,5.273481335240737,8.057820013780018,5.079635963439956,7.372030643034545,21.13611761481476,4.062049809833326,4.9229839342986,3.145762507672862,5.26227588679714,16.770962283163847
703,TSLA,GRU,2023-05-01,2025-05-01,4,16.464938422831572,18.091517177727045,15.994981974692257,20.34469029484199,34607359.59041178,12.847688802083333,14.516381327311198,12.615075174967448,15.978510030110677,27658690.4,5.011087934903808,5.358952186279188,5.205556938725868,6.097806840193909,21.73303875574821,3.938449592183964,3.846862544870554,4.275004350972647,4.559969049312261,19.75775160563335
704,TSLA,GRU,2023-05-01,2025-05-01,5,14.33834950177949,15.257273048336394,15.301543958599984,19.35510107395396,35040423.98178951,11.704572041829428,12.26459452311198,11.87079315185547,16.384631856282553,28157654.133333333,4.635563421626351,4.602470942435062,4.944439944636655,6.429472409996703,21.54954321214476,3.394804644247817,3.355034485959165,4.272859751684932,4.233022896937049,18.99705419304832
705,TSLA,GRU,2023-05-01,2025-05-01,6,31.489309135378576,36.873709306532206,19.80336372155299,41.89096936168141,36707630.41372255,28.189220174153647,33.88255360921224,17.47732645670573,38.498059590657554,29479148.0,10.816469193852942,12.548591217640016,6.957295116627953,14.59746903977813,21.24054741453321,5.022749454949191,5.038928360653981,3.5064454454198883,5.591679500321586,16.86313040132887
706,TSLA,GRU,2023-05-01,2025-05-01,7,13.892158462471082,17.6143716133597,14.694093515009278,17.736662152347037,34105475.44050188,10.770773315429688,14.619368489583334,11.103302001953123,14.205782063802085,27774804.0,4.216820824510313,5.431296020954257,4.626217526781613,5.504576375888648,21.054108346928874,3.4219026313310663,3.5224166435442337,4.255796436930106,4.117536182641186,17.539775585408147
707,TSLA,GRU,2023-05-01,2025-05-01,8,16.322365756660098,21.98368537681584,15.63663187144223,23.704898785438825,35621136.683489,12.881688944498698,17.75793965657552,13.262589009602864,19.25578409830729,29022247.466666665,4.994623348019149,6.527244753753897,5.424869664955321,7.266642894912449,22.153725959245342,3.786728393012124,4.628893954605045,3.5078483809795933,4.898094767321705,19.07209300070352
708,TSLA,GRU,2023-05-01,2025-05-01,9,15.187455827037,16.1078361910992,14.334479062470596,18.80725932872248,35206723.67104149,11.968465677897136,12.921299743652344,10.567427062988282,14.74237772623698,28495077.6,4.732207752115031,4.780528166879479,4.375248345165319,5.6796131005084565,21.68410270804565,3.73865352688088,3.422208394687566,4.218545798011879,4.373054396946762,18.684895132484044
709,TSLA,GRU,2023-05-01,2025-05-01,10,13.617303504044104,17.965020717863684,13.840014508863696,20.2026112571383,35463988.99137382,10.252954610188802,14.288551839192708,10.481639099121091,16.244955444335936,28367482.933333334,4.008712103154554,5.2614515032655085,4.335587448766392,6.147368982590461,21.9183768769485,3.494843934613353,3.854209448768613,3.9532813290690463,4.261205984976527,19.865315678944818
710,TSLA,GRU,2023-05-01,2025-05-01,11,17.12264118121087,21.604403904820323,14.83495694229951,20.822157331866435,35035188.07437723,13.453580729166667,17.2994140625,11.467695617675782,16.731561787923177,28017315.73333333,5.162901262075262,6.352214323469746,4.721243365437259,6.352650929660292,21.817982860777143,3.914660235981613,4.573704521842795,4.060603811859189,4.423691148041828,19.837578343983537
711,TSLA,GRU,2023-05-01,2025-05-01,12,26.615955589669586,16.43784394555005,28.803370048496607,24.65355483598866,36490035.681206815,22.67969665527344,13.578011067708331,24.148132832845054,20.75388081868489,29695114.133333333,9.148761787105707,5.065340343613044,10.093636358743694,8.259113693491308,21.69195578230145,5.996246929611346,3.3702089671183177,7.033414989599369,5.666675654850552,17.153543087604124
712,TSLA,GRU,2023-05-01,2025-05-01,13,20.69914572614876,49.01522632562268,23.918557147818063,27.19517151891378,33533461.08004519,16.843814595540366,46.01712849934896,20.693670145670573,22.12083536783854,28097705.866666667,6.409664565332521,17.108312868092142,8.236273573469944,8.264043741784128,22.32099273914224,4.309410254525996,5.90384619397786,4.629729102431184,5.606036197193209,18.75332711360349
713,TSLA,GRU,2023-05-01,2025-05-01,14,16.489641253677032,17.902781230176085,18.04589503659436,21.23602530156995,37789472.29603628,12.840384419759117,14.07764180501302,15.038899230957032,17.089030456542968,30809178.4,4.970460758988106,5.172640957508554,6.196324654041418,6.616634960229634,21.476705666465552,3.876987567537393,3.896334418042448,4.280096715617372,4.827500907138211,14.567294436109062
714,TSLA,GRU,2023-05-01,2025-05-01,15,14.242749282348058,17.109556997720762,15.859760829150824,19.46670065464865,35003611.6101506,11.474668375651042,14.38073984781901,12.342992146809896,15.847439575195311,27908727.73333333,4.493995653899409,5.4211062825419765,5.128819830257889,6.087807196133144,21.8156494262019,3.283447628130326,3.461730634632413,4.434377068920665,4.202903059305712,19.99098724962872
715,TSLA,GRU,2023-05-01,2025-05-01,16,15.691463466447304,18.528574024977505,16.22772030445035,19.29824335593129,34777879.68691195,12.695375569661458,14.675658671061198,12.68268534342448,14.942023213704427,27925322.133333333,5.023753584336212,5.396445650883222,5.165595624834293,5.702216964412381,21.26892363648657,3.829148536448098,3.967044736722421,4.175911834375546,4.446828163867754,18.56057579504722
716,TSLA,GRU,2023-05-01,2025-05-01,17,15.730303089661447,17.76078308900657,14.052565400299178,19.01990542870599,35239437.51081777,12.477220153808592,14.600092061360677,11.326793416341143,14.766161600748696,28835664.0,4.857398026721019,5.421023407284385,4.6339954077141865,5.656615482981461,21.795227115282525,3.647545115839131,3.6370050862902175,3.546588233426069,4.436389346821427,18.1615553380624
717,TSLA,GRU,2023-05-01,2025-05-01,18,18.330880491085345,26.535179203337787,16.2890995361544,27.791961261984994,33773511.33350757,14.992601521809895,22.399163818359376,13.585616048177084,22.343976338704422,28022336.53333333,5.767702995001107,8.254414399489402,5.439584147659072,8.360878923751503,21.4864127634446,3.910542271279847,5.095145336718412,3.5497178271294323,5.931460677184243,17.368551101981605
718,TSLA,GRU,2023-05-01,2025-05-01,19,23.33005004330035,16.20857642393417,26.92037644363697,18.60698350340288,34692481.31280721,19.814093017578124,12.942596435546877,21.86820322672526,14.180889383951824,27796200.53333333,7.921670740380425,4.8070264736943376,9.114778747739733,5.468110908616002,21.15490687613083,5.314683786021607,3.5067822169726743,7.029943144366685,4.65048739784966,18.45471790750129
719,TSLA,GRU,2023-05-01,2025-05-01,20,15.97777958010209,18.1169249915108,16.516172460386805,20.872529516690392,34939007.39895381,12.858026123046876,14.771327718098958,13.53934580485026,16.69090525309245,28839185.33333333,5.036632296937193,5.483628808225407,5.537989060234578,6.3643717924439445,21.4948448376837,3.6507750421999536,3.791067844569116,4.022431398425446,4.579789394362539,16.863060760482167
720,TSLA,GRU,2023-05-01,2025-05-01,21,90.06014091694458,40.14265452319393,18.79598844708159,20.44457155687297,37544197.42806242,85.4300666809082,36.52508290608724,15.333826192220052,16.518141174316405,30431483.466666665,33.32455986785293,13.509908664157493,6.386550764838211,6.404439107950484,21.274553384346127,10.738069015177365,5.838500677821951,4.93314699562686,4.686171008310176,15.111764638947264
721,TSLA,GRU,2023-05-01,2025-05-01,22,25.205316232871144,19.886663200074537,30.3150361875166,26.35475298494307,36034511.386153415,21.24626261393229,16.952403259277343,26.2387212117513,22.499610900878903,28649386.133333333,8.59099102647199,6.513791176891185,10.942578351669855,8.991776445560347,21.95779924151672,5.849324015375963,4.221800911015246,6.845330410896279,5.955808684606514,20.01763038319078
722,TSLA,GRU,2023-05-01,2025-05-01,23,15.862937435929014,15.619355758364266,15.996055485377028,19.2558613302108,36186102.966675885,13.029514567057292,12.81596171061198,12.417806498209636,16.05414326985677,29074164.0,5.2223471051535695,4.785665791254936,5.187264645353319,6.261025293868358,21.968719574399664,3.8414185848058215,3.2586613964237565,4.506939048537497,4.188392438177558,19.16341479942377
723,TSLA,GRU,2023-05-01,2025-05-01,24,13.823997112946824,16.439020242032672,14.464679943302812,17.860760226298805,35255594.08065308,10.563410441080729,13.092391967773438,10.747249348958333,14.269567362467448,28127473.066666663,4.131432101680824,4.838742372468969,4.475223263953162,5.528046670611354,21.864403333046283,3.526725509490141,3.5337272751023745,4.313744758534959,4.1559352082107806,19.985836533908767
724,TSLA,GRU,2023-05-01,2025-05-01,25,21.31107301233968,17.772374758128567,17.12294810021344,20.418038632228853,36022744.925201066,17.950237019856772,14.865926106770834,13.624062093098958,16.7054931640625,29047411.2,7.203131672282995,5.628632067725838,5.679154652564839,6.513285390426042,23.12183064879805,4.9094365990209,3.752793892325253,4.664230191013201,4.624497263031077,21.6073410704985
725,TSLA,GRU,2023-05-01,2025-05-01,26,14.113034025301436,16.42262479631391,15.785361763447264,18.826416824700804,35395059.35142565,11.099177042643229,13.461027526855467,12.062565104166667,14.839646402994791,28414194.933333334,4.371369706114915,4.989042010638165,5.041527350684977,5.669272350562713,22.13294318223854,3.474375245337776,3.357295101098225,4.581730959800516,4.238603698784459,20.1643230709347
726,TSLA,GRU,2023-05-01,2025-05-01,27,17.831618763460817,23.0815906937916,16.51118416167067,20.25491779049618,35683069.86660478,14.31195831298828,18.774715169270834,13.985358174641927,16.399669392903647,28462234.133333333,5.5007187075140775,6.90118311134381,5.605025581450204,6.243547654838612,22.588753911572827,3.933408445269388,4.748839805129332,3.3981069893144187,4.237596855041518,21.32741046413773
727,TSLA,GRU,2023-05-01,2025-05-01,28,15.80364773597496,15.96970298343501,17.87010212324958,19.93796137250123,34999576.06639057,12.844918314615883,12.91226552327474,14.345376586914062,16.644040934244792,27961972.53333333,5.140824590461046,4.925216667112284,5.982389238489931,6.5759082465899805,22.13553137958555,3.946172295343392,3.646599674168764,4.81117598328908,4.613956440012365,20.562273031371685
728,TSLA,GRU,2023-05-01,2025-05-01,29,21.11350670839628,20.06475948597541,15.765033367735764,19.86522701464349,35268784.20467093,16.599459838867187,15.92722422281901,12.188624064127604,15.48956044514974,28148721.866666667,6.317667744666691,5.8402295929144765,4.964697725448088,5.964107743728444,22.02316068824576,4.685394884274828,4.253706316205557,4.15696521012766,4.68276951066037,20.3192284034263
729,TSLA,GRU,2023-05-01,2025-05-01,30,13.482350977057608,15.407784965605966,15.527948638118657,18.467033682065868,35097018.70662021,9.844249471028643,12.07093760172526,11.93339131673177,14.0718017578125,27879825.6,3.845505107801052,4.454565487042018,4.9639800905219165,5.411509196482433,21.85940617289588,3.664313345679712,3.388792564591158,4.413907190472821,4.552107915732698,20.27952003082048
730,TSLA,GRU,2023-05-01,2025-05-01,31,14.752678508159663,20.786297591397645,15.584837551374944,18.375133454080824,35133671.78714461,11.542591349283857,16.507649739583332,12.00792999267578,14.262738545735678,28106212.0,4.489563337405594,6.087492174494487,4.995750238014185,5.468372775041293,21.407245702573967,3.50425352581784,4.542200806612168,4.415537924910693,4.307275040921745,18.752388539928265
731,TSLA,GRU,2023-05-01,2025-05-01,32,21.37956045073033,17.85697826050907,22.48301496223154,23.004995073821263,36417994.278445154,18.13868052164713,15.280754089355469,18.604678853352866,19.65647176106771,29249364.53333333,7.285317815522584,5.817634234598258,7.795310474419098,7.753649231423304,22.089402280497985,4.919570491659071,3.579500853332752,5.787645036084387,5.050408135998016,19.2768101233883
732,TSLA,GRU,2023-05-01,2025-05-01,33,17.208463260584693,19.43309702652993,17.88851140309669,21.97213400779461,36448121.30408032,14.15156758626302,16.378404744466145,14.336672973632812,18.33627777099609,29222725.066666663,5.636512923610438,6.254144832096044,5.95530553948177,7.218170253322328,22.82065254827649,4.044948441575594,4.17677046499984,4.732358396765991,4.991932216825674,21.286019020606474
733,TSLA,GRU,2023-05-01,2025-05-01,34,15.640810959387297,17.834569249476644,15.683238801448091,19.91124021327767,35425029.71714391,11.945354715983074,14.02022705078125,11.541690063476562,15.308446756998698,28201874.666666668,4.688845032876688,5.151510653277581,4.769422630275105,5.841898076688574,21.89468105121752,3.954063468863114,3.889425992121783,4.62222600824723,4.684783946450585,20.14548062225059
734,TSLA,GRU,2023-05-01,2025-05-01,35,13.352619186770594,17.81548394374998,15.211354140597818,19.2881797159126,35979659.130814336,10.556184895833333,14.644510904947916,12.13829600016276,15.559608459472656,29188980.266666666,4.171245184524661,5.43127783034614,5.0276481264691455,6.003867115112179,22.33823208070348,3.3521007398382,3.629285419452168,4.040053426410834,4.25925760398596,19.560927036059923
735,TSLA,GRU,2023-05-01,2025-05-01,36,14.137510935841206,17.801094683502257,16.415953312935372,18.359647002115125,35377693.11186731,10.874804178873696,14.253049723307292,12.897010803222656,14.099137369791666,28213548.266666666,4.286604805619008,5.261728574336577,5.370746227392533,5.411331670163169,22.18232328899713,3.637601479944124,3.805822132630744,4.5189461888225,4.420816627087132,20.612097426738583
736,TSLA,GRU,2023-05-01,2025-05-01,37,14.903330283598509,17.21590161000823,14.822635956047897,18.958202172232387,35242758.2593483,11.911033630371094,13.840396118164062,11.63605448404948,14.60670420328776,28163980.53333333,4.664937534921297,5.118630247086696,4.762456184570359,5.608010510992846,21.53210806100079,3.4458162695054124,3.66632120288256,3.89716105339124,4.516668932977424,19.11345356611866
737,TSLA,GRU,2023-05-01,2025-05-01,38,13.94155661293164,15.911966270554244,15.22022460890407,19.04169475587865,34655442.51230868,11.154323832194011,12.65273946126302,11.634262084960938,14.855533854166667,28299892.8,4.456643401632456,4.675026648163892,4.849375068057701,5.715698327555108,22.07420709816777,3.55481292602174,3.43988922931319,4.344464541383643,4.48418341959942,19.318151713879523
738,TSLA,GRU,2023-05-01,2025-05-01,39,16.68415681931529,20.20174283008324,13.93574848469264,21.18233974688286,35117625.887242496,12.979467264811198,16.259239196777344,10.772033182779948,16.966030883789063,28245353.866666667,4.997890053448249,5.974945278904625,4.400780780068202,6.410477894783413,21.667646978447085,3.883740169542073,4.231424374808452,3.7615576054866033,4.481325968974653,19.076443041064728
739,TSLA,GRU,2023-05-01,2025-05-01,40,16.107062537242836,17.538934817299634,17.684272204829774,18.54723121462501,35558036.40847059,12.022052510579426,13.75893300374349,14.24902598063151,14.23098602294922,28703977.33333333,4.678396531413688,5.060590275258789,5.935735193140939,5.445555016849912,21.432240124438582,4.10472498187752,3.847928359755453,4.743178151856133,4.442176158903527,17.98946689471783
740,TSLA,GRU,2023-05-01,2025-05-01,41,23.398300028277152,17.009371328413625,24.28679026812373,18.12122713963273,36003267.492659576,19.88732452392578,14.231885782877605,20.02574513753256,14.079393513997395,29252239.2,8.010426055234918,5.395299918215338,8.393050755321577,5.453510367842488,22.338617316522143,5.319376495641903,3.601152603557573,6.229192221245464,4.41685209581638,19.472708728309183
741,TSLA,GRU,2023-05-01,2025-05-01,42,23.9852610701952,14.993947584402164,29.36015629805818,28.825280280574727,44138524.70310687,20.62765045166016,12.035246785481773,24.193603515625,24.05139668782552,36336413.06666667,7.883186638442161,4.491530417870683,10.113907270351682,9.007159402376951,24.359735805985043,4.358194785963837,3.260187939040123,7.486317357493837,5.61850401328996,14.202248840398566
742,TSLA,GRU,2023-05-01,2025-05-01,43,15.96136765699667,16.26959577797734,15.945462765725017,25.70410507640096,34872147.331205264,12.565131123860676,13.164865112304687,13.084055074055987,21.121110026041663,28362204.0,4.852970902838546,5.028664092401642,5.368749125852534,7.913645230190437,21.56664608063834,3.6869509894674977,3.717033479250975,3.891918580063226,5.05513265211774,18.3577901335803
743,TSLA,GRU,2023-05-01,2025-05-01,44,14.15157540028787,21.31291322537785,16.969138597928616,25.78454287217756,34708142.861563616,10.251303100585938,17.17312520345052,13.364158121744792,20.55242156982422,28234291.2,4.014176538620194,6.309279130292556,5.571351268675411,7.6859022382026145,21.50653553749768,3.8602450315848897,4.449762329127148,4.708983977164979,5.531920293849668,18.27290636696538
744,TSLA,GRU,2023-05-01,2025-05-01,45,19.439818345193355,16.172741454836196,16.10197344914493,23.76441349652896,35233054.05935179,15.195350646972656,12.657712809244792,12.097492980957032,19.20226796468099,28056957.866666667,5.803618146477653,4.670453686122138,5.032883226967325,7.220220041898262,21.799324882992803,4.416436073935254,3.5844363116536693,4.727228201231217,4.896694165175199,19.973847276817068
745,TSLA,GRU,2023-05-01,2025-05-01,46,21.39804474610233,23.43677473844536,19.91033607786489,24.39227825665017,35874884.23996817,18.0390625,19.498472086588546,17.271153767903645,19.938892110188803,28565596.266666666,6.913821450821088,7.1625280053902936,6.859191899307321,7.4916927092021774,22.590581723523176,4.18848017158798,4.580901976911146,3.7297106343480526,4.938801699120223,21.452205313085848
746,TSLA,GRU,2023-05-01,2025-05-01,47,19.17250881349056,24.65707759294844,14.223553944293045,23.738022586566007,35079121.597151905,15.531416320800782,20.579124959309897,11.720012919108074,18.93397216796875,28219615.466666665,5.949676764330379,7.57711241856696,4.741605625559319,7.101068347363109,22.06188142321148,4.101314051741864,4.799112215348914,3.2389218824115806,5.04992699682322,20.117785989640133
747,TSLA,GRU,2023-05-01,2025-05-01,48,17.005161756062535,17.850640194862972,16.536478743667832,20.799075375518026,35389053.50380761,14.019125366210938,14.83961435953776,13.12567901611328,16.55038096110026,28688919.466666665,5.559674714395767,5.572635562993942,5.465384588756728,6.284234602954224,21.97144797230755,3.919255537678559,3.715871449225682,4.49445335277953,4.512678260550232,19.21197054916164
748,TSLA,GRU,2023-05-01,2025-05-01,49,15.971490158461236,15.774464886566504,17.082724911217856,19.34957409524352,35340429.383756734,12.643417358398438,12.693878173828123,13.481455993652345,15.605435180664063,28088702.4,4.993322535196056,4.713316662014761,5.626534964234601,6.081104243231475,21.72918614272075,3.9200397308303416,3.37228601295761,4.711223438220201,4.575030443007477,19.87300489836148
749,TSLA,GRU,2023-05-01,2025-05-01,50,20.53612871320283,26.677170445566315,19.99771075167293,28.52508411829949,35239495.04337403,16.732479349772134,22.651319376627605,17.170152282714845,23.259156799316408,28330919.73333333,6.395721053819916,8.340100978160073,6.81894652036225,8.690971710098918,21.38130390605755,4.295655795935775,4.943088617176474,3.80984713357974,5.822348240177772,18.36681947662976
750,TSLA,GRU,2024-01-01,2026-01-01,1,13.010553273342923,20.24340712879399,17.423643859502125,19.03514838271856,19956335.79609049,10.476294962565104,17.3380859375,14.639798990885415,15.915974934895834,15260453.733333332,2.292304780987249,3.766692391526092,3.276980187185304,3.5104544338220944,22.65994651935457,1.6287143486293103,2.197321053461791,2.040286842262298,2.2378842982499574,24.746730810630027
751,TSLA,GRU,2024-01-01,2026-01-01,2,11.928756154744082,17.25930692054396,14.21621727193306,15.467843954254432,23374104.99162108,9.477005004882812,13.996163940429687,11.604686482747397,12.730037434895833,19361053.466666665,2.089165616349957,3.091346344282984,2.5924590128909144,2.843477056276718,31.46492167010543,1.5365421515274684,2.233673008784757,1.7545551290364885,1.8962918290345283,31.551689023116
752,TSLA,GRU,2024-01-01,2026-01-01,3,9.585967736612986,11.67893380361465,14.76374629685175,12.564771613254353,20614178.377068046,7.843094889322916,9.781610107421876,12.266492716471356,10.349168904622395,16305299.466666669,1.757456459097263,2.134461643504284,2.761978402327673,2.315441414047591,25.41822129383708,1.2357768230426809,1.3556411143047926,1.7986036312218168,1.5677399515607742,27.42327226071848
753,TSLA,GRU,2024-01-01,2026-01-01,4,32.174476651086025,26.903913551247385,22.09511189131144,34.03176649230941,20694796.186829627,29.44751892089844,23.21159159342448,18.383072916666663,29.844551595052085,16483242.933333334,6.579167367326624,5.118850908652335,4.206206280875813,6.698754124222154,25.78290118649261,2.839707307349235,2.982992809284208,2.796337199912741,3.6663922650592817,27.35526010413929
754,TSLA,GRU,2024-01-01,2026-01-01,5,22.89477019052563,12.168552374280983,36.11407231194287,13.531546054231764,22844275.42375677,21.148746744791666,10.659342447916666,34.24816691080729,11.401837158203126,17642420.533333335,4.746125400703225,2.338122167705816,7.692946596224876,2.5500567116914974,23.143407036261067,1.980285877402748,1.2505503284088095,2.337885652606716,1.5776152624838624,19.72263315805944
755,TSLA,GRU,2024-01-01,2026-01-01,6,14.187860489917748,17.474983519695932,24.41647991251968,16.32336248175015,20430191.28592573,11.3689453125,14.49183553059896,22.157379150390625,13.961156209309896,15875135.466666669,2.4850326805341774,3.136236564544221,4.959552368697413,3.088028116854648,24.208677967240803,1.7861647534206075,2.062756105407436,2.181281461265445,1.805062330295214,26.415585005205124
756,TSLA,GRU,2024-01-01,2026-01-01,7,23.76226969226208,15.934133540968512,13.314514394707944,21.495639309901502,22638566.77296837,21.276603190104165,12.920079549153646,10.681060791015623,18.11093241373698,18371903.066666663,4.789453537774242,2.832637598290309,2.459116703025978,4.080051230983919,29.45231303445369,2.380689379131198,2.0341083589196294,1.894955116150524,2.688126857192352,30.74274046141157
757,TSLA,GRU,2024-01-01,2026-01-01,8,8.73875322234534,10.880945310431333,15.23201295622674,14.773384392389843,20908027.09564188,7.348456827799479,8.836932373046874,12.271629842122396,12.328947957356773,16610180.8,1.6471416260930207,1.9581338823598435,2.740030791107818,2.764003573642438,26.15858848123614,1.0828952162311671,1.4253369550682455,1.950381283527664,1.7680734835038114,27.994516157448952
758,TSLA,GRU,2024-01-01,2026-01-01,9,19.266779181609287,21.212286435407915,15.123674760769074,22.863630598822304,21085236.39665924,15.694032796223958,16.913196818033853,11.770905558268227,18.55162658691406,16845836.133333333,3.531781382632936,3.756407078230044,2.7077494037366,4.197326870229438,26.62467912653298,2.495908053261233,2.831614862682078,2.202895997749252,3.016344747244421,28.360703306871898
759,TSLA,GRU,2024-01-01,2026-01-01,10,11.291206451744404,13.867966685506628,14.170774802067385,18.347925681718475,20895449.57899333,9.852975463867187,11.196315511067708,12.079759724934895,14.66211649576823,16441066.666666666,2.183414655207321,2.4395708260925133,2.7138229564956275,3.230677559527046,25.57503012822508,1.203627028129091,1.705685890374004,1.6069645891663895,2.3670872042757454,27.79506771938785
760,TSLA,GRU,2024-01-01,2026-01-01,11,9.5872155703828,13.147757642282222,11.5913400096305,15.30834873903493,19702720.23194082,7.590061442057292,10.894430541992188,9.18428955078125,12.528843180338542,15557141.333333334,1.6761279759507843,2.383217114863152,2.106722282404847,2.816169573786746,23.384215535463184,1.2545719163348878,1.5691102636015704,1.6682033692285445,1.9355459858595632,24.64792529112121
761,TSLA,GRU,2024-01-01,2026-01-01,12,10.674206940685696,19.078590952374835,17.510307749942047,15.26194010022916,24173940.90390768,8.61320292154948,15.940721638997395,14.228029378255208,12.714719645182292,20038589.2,1.8969251686001043,3.521372408448959,3.1797544382569,2.822485256940192,32.63900746960833,1.337267171949113,2.329293962101768,2.2057794134282416,1.8097380368387213,32.75007785316168
762,TSLA,GRU,2024-01-01,2026-01-01,13,24.77107672771933,24.736017673223845,36.628754379667015,33.56457400079142,21336926.80405978,21.761182657877605,22.115430704752605,34.90593973795573,30.422564697265624,16767700.0,4.810285153330996,4.812811928168084,7.873229889130708,6.738757028950998,26.03642828719661,2.4698806815699754,2.3284774737761342,2.287832077117681,2.9936674745828085,28.40542055236696
763,TSLA,GRU,2024-01-01,2026-01-01,14,24.61912163410579,25.21417175984825,11.740679412231216,15.608792011095066,23497404.14587403,21.48424784342448,21.821139526367187,10.240199788411458,13.19657491048177,19397106.266666666,4.818101503412206,4.822340659942696,2.314508675831948,2.9287898952666374,31.555143030401567,2.6605914566146707,2.7906151947781805,1.2571091010726223,1.768687578648677,31.93099153030547
764,TSLA,GRU,2024-01-01,2026-01-01,15,19.27493854319592,22.808305757455106,11.133571444723112,24.148065487464063,23097271.230177324,16.824605305989582,19.54848124186197,9.376407877604167,20.23817342122396,18831039.6,3.780778900451821,4.329010251428696,2.125449929756868,4.566523002982805,30.25492073507453,2.1049750998530303,2.640779133069512,1.3688190816075931,3.018596690593418,31.457892990415164
765,TSLA,GRU,2024-01-01,2026-01-01,16,20.357552248280868,24.08739431637539,18.8638479228666,21.027688393704043,22099784.080684166,18.22788798014323,21.701734415690105,15.140349324544273,18.166023763020835,17771226.533333335,4.014863918446564,4.721083192092331,3.3802113311684256,4.011324025943093,28.296233288518017,1.8809029512771285,2.20447788583148,2.449183060349206,2.2972450220225307,29.93183783390377
766,TSLA,GRU,2024-01-01,2026-01-01,17,12.001041153761298,14.293969886697894,11.16588885601118,17.35343561351716,21954672.164098527,9.405251057942708,12.010645548502604,9.440555826822916,14.093076578776042,17703585.2,2.059236195710969,2.6168729919490263,2.140401688662045,3.112605257826494,28.34060276049854,1.577107204673547,1.6220543185078415,1.3267081082447465,2.171578644589566,30.096763897226943
767,TSLA,GRU,2024-01-01,2026-01-01,18,26.06542277634197,14.394568505085838,30.249516418609662,18.49198985249005,20459573.294646293,24.611820475260416,12.826493326822916,28.234161376953125,14.9392333984375,15675586.666666666,5.436815341472158,2.812990572602369,6.323077584499334,3.2867972021230223,23.17788395471668,1.7841628118946684,1.411790398907086,2.300628122222125,2.304980200519761,25.482739159765373
768,TSLA,GRU,2024-01-01,2026-01-01,19,11.518600118870095,14.42344613037655,17.98440941915856,16.439309883637044,20944257.93559382,9.945939127604166,12.33720194498698,15.3026611328125,13.86094462076823,16846796.8,2.1947729523941657,2.6822267780450275,3.4265256636930657,3.0617814099302474,26.54188726934533,1.2486991315308495,1.55146890121447,2.031283171573136,1.919362146706132,27.78769515999101
769,TSLA,GRU,2024-01-01,2026-01-01,20,16.498360885974645,24.810760468418263,28.609853785307106,28.30067717716237,21083474.61719492,13.904840087890625,22.546157836914062,25.48399149576823,24.284173583984376,16914063.066666666,3.051200594830438,4.890843003927421,5.686803882316569,5.329624607776392,26.598253905277364,1.8551799651815608,2.150439072870658,2.7580279862341035,3.0735816246219247,28.45912900531281
770,TSLA,GRU,2024-01-01,2026-01-01,21,20.1953258980698,15.546293485976497,14.800659164236414,21.24657755363687,24128381.77669986,16.684187825520834,12.864935302734375,12.983700561523438,16.787686157226563,20092380.666666668,3.651841912574198,2.792114369110797,2.916142804713913,3.790768622885392,32.80250357897751,2.369322360262188,1.7973794075833829,1.5149884442489183,3.0167353357312985,32.799783769088734
771,TSLA,GRU,2024-01-01,2026-01-01,22,22.21741629251254,23.13429152027738,27.15618587932516,25.332060804582667,20165083.91922419,20.07806599934896,20.9651611328125,25.10666809082032,22.055910237630208,15443367.333333334,4.4235824293753385,4.557498584293482,5.623990363048916,4.850230423394557,23.16288210194648,1.955362739735304,2.062753947553269,2.2220515282917463,2.6622697147338097,25.48682050945968
772,TSLA,GRU,2024-01-01,2026-01-01,23,57.08362715472988,33.92923594327275,50.67888678733323,46.94356288824499,24418907.343348548,55.240498860677086,31.534173583984376,49.30541280110677,44.57271016438802,20586511.066666663,12.223320202177566,6.833046548047779,11.091533828962945,9.834417636458213,33.7782723906669,2.856403626581526,2.600018129667389,2.2572781761917544,2.9310451086031044,32.47827068052373
773,TSLA,GRU,2024-01-01,2026-01-01,24,11.764729412506634,13.30535035932582,12.703977224987916,14.42947684540704,20607055.534838043,9.54369099934896,10.640716552734377,10.022605387369792,11.787788899739583,16685356.133333333,2.133562337738552,2.347515574490416,2.3065761308228865,2.65824832448393,26.366821545854545,1.5116357438006016,1.7486503890631353,1.826422770278276,1.8574777136826728,27.526491241017204
774,TSLA,GRU,2024-01-01,2026-01-01,25,19.86433567962871,19.28436429940516,15.14209377285528,21.795363383698007,20808465.09637751,15.488058471679688,15.070543416341144,12.28275146484375,16.958509318033855,16207075.066666666,3.3940846497463406,3.255250228280912,2.75552196894565,3.710170851731938,24.58726343664888,2.613440289693588,2.496082858032129,1.924290664945852,2.897584526726919,26.96339752369375
775,TSLA,GRU,2024-01-01,2026-01-01,26,10.07120927895244,12.441324135321212,21.81245290644741,13.797081875129887,20523876.632775605,8.169542439778645,10.13350830078125,20.003680419921874,11.568170166015625,16084727.6,1.8019599072967665,2.2298586130226177,4.499464108518492,2.6060477436426805,24.51624558060103,1.2737425407299128,1.575066427510644,1.899817637699168,1.6699753728375843,26.633978654478245
776,TSLA,GRU,2024-01-01,2026-01-01,27,10.927115454214514,14.57347622730143,14.679285258270554,12.290247099241856,21856889.80390741,8.865994262695313,11.876934814453126,12.85874735514323,10.29090067545573,17488784.533333335,1.950115864854416,2.6049099980351045,2.883667121307032,2.322673421320264,27.74526080216756,1.361612024961818,1.824073121756832,1.5165648128388765,1.5225277095181855,29.68236286579226
777,TSLA,GRU,2024-01-01,2026-01-01,28,24.256512335241634,26.489826739456603,21.976986275361085,27.61749828060625,20277408.981055647,23.02122090657552,23.834630330403645,19.403466796875,24.512867228190103,15752594.4,5.104748024562096,5.180111184865454,4.355355981725959,5.407486672016693,23.94363597548401,1.570183124354961,2.4194037570361813,2.2311555922787694,2.7242894017151924,26.34297746405811
778,TSLA,GRU,2024-01-01,2026-01-01,29,12.105383500230042,36.21569692495998,25.63227823674008,44.88952646708599,28326484.49097208,10.370674641927083,34.51521504720052,22.36869099934896,42.7991689046224,24159963.6,2.303839475921272,7.529114240745617,4.997461767698199,9.476769774032674,39.75111004076163,1.3602763949901933,2.1878391710271146,2.6842428847075266,2.708054384515074,37.005135575722925
779,TSLA,GRU,2024-01-01,2026-01-01,30,14.446439313175963,15.945715931061573,17.67680502726421,20.968880362191765,19745625.14978269,12.13980000813802,12.686039225260416,15.037066650390624,17.214944458007814,15115430.8,2.7256578709191106,2.808460660154646,3.448963298636482,3.8847204927669257,22.84383088050896,1.7611306523347774,2.2288912943329664,2.188240175338945,2.7628206668021824,25.087077773044648
780,TSLA,GRU,2024-01-01,2026-01-01,31,18.49315700226275,11.507220411356478,27.90943841791196,21.797196965668945,19604169.44608265,16.726726277669272,8.923093668619792,25.87692769368489,18.249952189127605,14864806.266666668,3.761643362732947,1.9761989844433705,5.937600929947371,4.124959994818649,21.451849414297183,1.815961248140341,1.662480806318152,2.5360136203318664,2.785917586761645,22.94827453845201
781,TSLA,GRU,2024-01-01,2026-01-01,32,10.258755971985927,14.91226957567163,13.651498616981463,19.53278283881446,20994366.706306297,8.337431844075521,11.859256998697916,11.54883524576823,16.036398315429686,16479054.266666668,1.8335670765059204,2.571077629812445,2.600705239578988,3.5271315269870285,25.5720215518628,1.2719327473695343,1.877913231346523,1.5951491949484995,2.380515854116903,27.78425985312275
782,TSLA,GRU,2024-01-01,2026-01-01,33,12.176824341368478,13.768494123789726,21.801016647007778,16.061401464607364,21265286.6250666,10.379879760742188,11.287166341145833,18.276021321614586,12.997988891601562,16694232.933333334,2.302559702554128,2.460692795362956,4.082558155734785,2.8847194690824023,25.93029546617826,1.3937034100871863,1.651264267712783,2.566095552871424,2.0044640539606564,28.64132368104993
783,TSLA,GRU,2024-01-01,2026-01-01,34,17.462359177304126,12.652748354015584,13.446166683338928,18.449368078459024,21002322.383005247,14.683350626627604,10.11769510904948,11.253511555989585,15.14323221842448,16558653.333333334,3.2271716712643257,2.2289714995267484,2.530913759169592,3.3328481665337617,25.91866717737551,1.9836715133545744,1.6783998308054675,1.6134640949057852,2.2450567082611235,28.24761863743836
784,TSLA,GRU,2024-01-01,2026-01-01,35,8.175147573170811,12.336456080621636,11.986465983822818,13.67085648029824,21871548.46905746,7.045782470703125,10.687703450520834,9.803887939453125,11.152006022135415,17553897.066666666,1.5931021904192366,2.3517636474012704,2.234682409830742,2.5087972111790293,27.861594414263497,0.9857398512363968,1.3393669899410363,1.5898632758547118,1.7513373904861949,29.79468099142457
785,TSLA,GRU,2024-01-01,2026-01-01,36,24.05107741687916,18.382597705691744,24.046365247647618,19.496390349070754,20538411.019013144,22.20062662760417,15.415420532226562,21.039693196614586,15.802398681640623,16004746.0,4.924477079199805,3.339569631509012,4.734535088267813,3.486755997925046,24.312437058325337,1.947257506429603,2.1057578931502388,2.525793685910612,2.4802339568698493,26.59653316793903
786,TSLA,GRU,2024-01-01,2026-01-01,37,13.052438149836073,24.250632378637707,19.186741123601823,14.978631656180688,23433695.72785444,10.265386962890624,20.133812459309897,14.766439819335938,12.481301879882812,19223703.866666667,2.252425840646242,4.375266653550977,3.284230813125285,2.7726208389079643,31.16553989342641,1.6990858055624842,2.8240389509767474,2.663215564134373,1.7964740099784449,31.691668087008416
787,TSLA,GRU,2024-01-01,2026-01-01,38,10.188125029903924,14.07613772989708,11.747171515891605,14.272285420374676,21517783.37612224,8.71241455078125,11.049172973632812,9.957340494791667,12.018404134114585,16933910.133333333,1.923172753553466,2.409969654818846,2.244828042402016,2.685339008496185,26.550121064000106,1.1306343198001128,1.842063407548144,1.366488932322062,1.6602457073928445,29.19696136577283
788,TSLA,GRU,2024-01-01,2026-01-01,39,17.672120647699565,11.34780715290387,20.51376005301661,23.276518445985573,20571695.65763628,14.294153849283854,9.475554402669273,18.29563191731771,19.14480285644532,16023188.666666666,3.207326828714876,2.0947303260476704,4.103617662176054,4.204157620704092,24.25487590378141,2.3077226266440385,1.3757377725437936,1.9907165072969315,2.8354129018089345,26.5105351513658
789,TSLA,GRU,2024-01-01,2026-01-01,40,14.228148788774442,22.15026279984314,26.13504114846405,14.67096505194096,20634608.56624213,11.453079223632812,19.147041829427085,24.359187825520834,12.462937418619791,16311812.533333331,2.578805568853778,4.238622416906942,5.571661443468385,2.776322469573731,25.41049254203136,1.8996309434968712,2.505849040696732,2.279791230060713,1.7049832987720583,27.270800013970977
790,TSLA,GRU,2024-01-01,2026-01-01,41,11.178589103077352,16.98011873911019,11.463413172997502,15.364445260361324,22514418.013045218,8.62882080078125,13.99183553059896,9.109724934895834,12.651181030273438,17852007.6,1.8999886912321973,3.0326374558601774,2.065818238581336,2.795432950221657,28.39876513633926,1.5036522307448947,2.004647870091304,1.5550373223394742,1.85417250943278,30.95311793296021
791,TSLA,GRU,2024-01-01,2026-01-01,42,10.157977454242753,12.415001677764126,13.83285910882163,15.714812224211936,22166109.9537124,8.753440348307292,10.413160196940105,11.760582478841146,13.490721638997396,18001588.666666668,1.9360798421779863,2.2752678108646496,2.661106924468355,2.991393171809349,28.819759834871945,1.1212170121548026,1.4233706873641832,1.647537025227511,1.7288950024011454,30.00608074672661
792,TSLA,GRU,2024-01-01,2026-01-01,43,11.160153264817346,15.291983847935873,14.861809500670226,20.299899998364623,21831656.203022607,9.063833618164065,12.090871175130207,12.614500935872396,16.626912434895832,17452954.533333335,2.0389305494815586,2.691002723254448,2.840613583430318,3.7504237198070944,27.597772929671127,1.4796805298416256,2.14816960184952,1.7078149390833235,2.630766450998944,29.72331445518968
793,TSLA,GRU,2024-01-01,2026-01-01,44,38.58796914627725,56.19390164234725,33.58075436892268,69.39628220335818,24635300.870061107,37.26281636555989,54.89773966471354,31.37266337076823,67.81897684733073,20745442.266666666,8.265609685963128,11.994171485764204,7.055727343064405,15.063290233991564,34.16379969421753,1.9477913478100028,2.233311116768433,2.494574600295131,2.740896174489268,33.23004101028843
794,TSLA,GRU,2024-01-01,2026-01-01,45,10.047886127849711,10.974052811572497,11.867483379265591,13.445524895819034,20905468.664606474,8.48665771484375,8.652696736653645,10.114535522460937,11.10376485188802,16644006.266666668,1.8898441548740936,1.9162905478144243,2.2869121722185763,2.4735241662043954,26.02032926075451,1.179023512743172,1.5301143156831687,1.3986472261948109,1.6329980422119892,27.766212565719023
795,TSLA,GRU,2024-01-01,2026-01-01,46,11.100379958038127,17.188748122765634,15.978582704911943,24.578307698425355,20534586.155611,9.414684041341143,15.164674886067708,13.332066853841146,21.795728556315105,16168252.133333333,2.082013006031892,3.3072263623462,2.9912215467605816,4.818880004614091,24.949596091910927,1.2579607328466138,1.7036536124658803,1.909866203184612,2.455647597213359,27.09721128096669
796,TSLA,GRU,2024-01-01,2026-01-01,47,11.17804000415993,16.250366634559363,23.41507938131449,13.79301562255386,23104746.5900922,8.902150472005209,13.62253926595052,20.267330932617188,11.139982096354167,18616674.266666666,1.94627994102984,2.952208824608204,4.534310173900937,2.4916203200032734,29.952039838502863,1.4151972005609113,1.8366091349830644,2.528040812700492,1.7585615256392753,31.93600981685106
797,TSLA,GRU,2024-01-01,2026-01-01,48,13.27709990168922,19.313795948298697,16.155994545328664,22.501646790605843,21061342.22887896,10.434268188476562,15.00296630859375,13.219837443033857,17.831890869140626,16550888.933333334,2.2911620393636127,3.229795160417222,2.958644102634472,3.9034672507896695,25.47463531925317,1.7299886739240389,2.52478330701859,2.01172286329628,2.9366388815706057,27.71685803008471
798,TSLA,GRU,2024-01-01,2026-01-01,49,13.289056717565618,34.480912976101514,25.676696075978747,21.91063596126337,21528688.51125307,10.292449951171877,32.63167928059896,23.38069864908854,18.369739786783853,17244954.133333333,2.254081558552324,7.093486042680936,5.229315143486278,4.03856512307474,27.30153376096724,1.767464609314029,2.2072680870355863,2.278460356791581,2.55349477478112,28.91818990418968
799,TSLA,GRU,2024-01-01,2026-01-01,50,21.2088771257219,14.700445352557075,12.00301992573827,15.161652873146002,28898859.103146754,18.952992757161457,11.96324666341146,10.051964314778646,12.491869099934895,24887568.4,4.183283175971627,2.6373364221043074,2.2626855559139063,2.8206653885324195,40.82474389947509,1.9739247181546573,1.9281024859844689,1.428916439483359,1.946833225829528,36.81163502426366
800,CNQ_TO,GRU,2022-01-01,2024-01-01,1,1.105208587079631,0.747459888334983,1.10046502960495,1.1116264562616978,12610604.13295758,0.9366946262246932,0.576272835347001,0.9627273627845764,0.9568703969319662,8998468.8,2.3925099287530176,1.447492771815459,2.4750789985765294,2.441279127791889,58.12086359861216,1.4823422819173948,1.172455371197888,1.340745911617109,1.419774946055994,91.37606788452496
801,CNQ_TO,GRU,2022-01-01,2024-01-01,2,0.6451119019661332,0.6586589978812599,0.7259322152797225,0.9083646097977864,11751944.084553087,0.5402961886390691,0.5551879416783702,0.5641320480824977,0.6893126169840494,8948085.966666667,1.3888181737472252,1.4082755936032294,1.4579234965458256,1.7640856081454672,72.17414776106126,0.9148126574158492,0.9092667293776688,1.187465785580233,1.5240680230264678,123.70015668384592
802,CNQ_TO,GRU,2022-01-01,2024-01-01,3,0.6968395665627367,0.8902824527752133,0.8223243468752586,0.9251952899320438,13136200.415467463,0.5990595339722586,0.7434076884955692,0.6186797320350697,0.7259167989095052,9235961.566666666,1.5381162519711271,1.893796023302723,1.6085116058280953,1.8736503048736848,55.421788821416506,0.920481279582604,1.2570639240704105,1.4281030121330225,1.5117862579978831,83.21315741092694
803,CNQ_TO,GRU,2022-01-01,2024-01-01,4,0.8533956003797618,0.7083811635164,0.7344958368267144,0.8880833150933569,12501141.180352896,0.6805576053695132,0.5675584218330347,0.5771805692160152,0.7329064687093099,8842367.9,1.7352327210221004,1.4292250762139338,1.4917149954266389,1.8869492446176817,55.41319035898884,1.2978725353695426,1.0480342439641184,1.1864870424520406,1.3191708314428343,83.97883000466081
804,CNQ_TO,GRU,2022-01-01,2024-01-01,5,0.7718611613484,0.7279117552387059,0.7897779932300834,0.9432222625258846,12044497.04419716,0.6278612625908387,0.5715072612096311,0.6481368903190324,0.8048756917317709,8665140.566666666,1.5931300660139824,1.437217989148616,1.671261962190986,2.06070926287191,59.70251827928579,1.1132635561440107,1.112408197497995,1.1513508321150876,1.2497948655849922,94.8897115929055
805,CNQ_TO,GRU,2022-01-01,2024-01-01,6,1.1050476228707118,1.256183883327503,1.797549383272652,1.0117006087104,11988366.968455482,0.9724454466927585,1.1084876603017273,1.665363191723415,0.8077706654866537,8870995.733333332,2.477482456052705,2.793518415139425,4.288845834329865,2.0907588690256182,66.82392504111442,1.3083760330243643,1.4575428384530793,1.7066749129275578,1.6220640580408268,112.62574900581622
806,CNQ_TO,GRU,2022-01-01,2024-01-01,7,0.6705412803274429,0.8029247787992025,0.8971276685421442,0.9205514639483106,11479059.498153009,0.5532824712573668,0.6362099653485198,0.7799409132744634,0.7355228424072265,8554943.6,1.410293262410644,1.5969735017515716,2.007020482476864,1.8804883828636083,68.9305695735611,0.9587580549878358,1.2034456733096432,1.1196011911752008,1.4120839671250314,116.37355638577796
807,CNQ_TO,GRU,2022-01-01,2024-01-01,8,0.6254046688162908,0.6747662888861345,1.3151539381011248,0.8649923482358068,13764951.212030498,0.5122051977938812,0.5731558726190371,1.0714694570926833,0.7556232452392578,9555340.2,1.3099106241141178,1.4512736515361029,2.782778952416572,1.9406194668524144,54.77832914983971,0.9156253075455706,0.901419646625486,1.9865176641154096,1.09605237506402,82.5291685084354
808,CNQ_TO,GRU,2022-01-01,2024-01-01,9,1.709873839270517,1.5263014623010611,1.6489489276434688,2.184613313610728,12363077.402319394,1.6138603072611126,1.4040180402463691,1.5182968865136983,2.0404959360758466,8823533.233333332,4.114341191685098,3.542801819120451,3.9024987010351584,5.210308945734731,57.67441328238743,1.3836882560765085,1.4688620621788018,1.605470372251537,1.957357873162032,89.90325397407058
809,CNQ_TO,GRU,2022-01-01,2024-01-01,10,0.715934786023084,0.6341454274813789,0.7792589894950855,0.9215062095760996,13443614.776020397,0.5826491891615506,0.4964420505741818,0.6555674137220545,0.7735987345377604,9454045.933333334,1.4871225012027196,1.2532154458225873,1.6901696279984404,1.9747080711477707,54.04214629423601,1.0565494240096471,0.9875317183210888,1.075479122306067,1.260745872368656,75.40270464286442
810,CNQ_TO,GRU,2022-01-01,2024-01-01,11,0.8775792047078418,0.724770301257121,0.8336268793759529,0.8574800617246419,12255085.479890907,0.7750551594230347,0.6020857475762124,0.6910725019935167,0.722766621907552,8992371.733333332,1.9938235387684693,1.5200355199104891,1.7861302536926786,1.857197253560274,65.10637828081852,1.065006820674169,1.0127663991836706,1.2070196855695383,1.2077899513647845,108.3736930538276
811,CNQ_TO,GRU,2022-01-01,2024-01-01,12,0.6309515562876142,0.7834787308600693,0.7572387539275539,0.939803751863596,12963983.137468455,0.5115420883664993,0.6706064436739652,0.5609463932884168,0.7129929860432943,9147022.366666667,1.3118680486393384,1.7056281189399367,1.4560206537532931,1.8423685819146745,56.14252918877669,0.948913064028898,1.0449048972981805,1.3402533361878963,1.6237492809037115,85.68127382772086
812,CNQ_TO,GRU,2022-01-01,2024-01-01,13,1.0675795939578183,0.7436335342970987,0.9047936764246908,0.9744056217523052,13592491.438949278,0.888675979984459,0.5688380196522881,0.7801777983189553,0.8282132466634115,9545728.266666668,2.274008014889113,1.4299476599637988,2.013426255093095,2.119735932208063,54.99361029671852,1.5086924043046122,1.1834999605062604,1.1662922196677237,1.306723773792771,78.53096245745672
813,CNQ_TO,GRU,2022-01-01,2024-01-01,14,0.6881324923949467,0.6258267812052295,0.9625365613425622,0.9183288695156584,12613794.308632532,0.5497320008312767,0.5251221530550827,0.8310360202149316,0.7780577341715494,9162551.7,1.4068510513776684,1.3215689378600075,2.1357479146666085,1.99001000600636,62.90045964424083,1.056546956304542,0.8458475524516201,1.219131309135078,1.2316860084168828,102.0312335299436
814,CNQ_TO,GRU,2022-01-01,2024-01-01,15,0.554566711473431,0.9655296192945034,0.8388037037763544,0.8491429357268298,12382735.384800138,0.434882688456422,0.847137817955003,0.6300175662556882,0.7297346750895183,8874282.566666666,1.1037096292656516,2.15831106169949,1.6373968102974177,1.873204742076608,56.07470746907958,0.860249654651449,1.1914959380471035,1.4551553232717134,1.131794495146131,79.08236865328645
815,CNQ_TO,GRU,2022-01-01,2024-01-01,16,0.8792110118133891,1.5181319912064886,1.18907905878092,1.1102879511760908,12754388.15047761,0.7206636152790554,1.3932436821327625,1.0255211083905915,0.957534408569336,9004169.7,1.837150970331061,3.5107400081391016,2.6384267159950245,2.442238096925013,57.29012311097075,1.2678284033423182,1.4678396482310334,1.5239926066695335,1.4057061710088947,91.33289821294753
816,CNQ_TO,GRU,2022-01-01,2024-01-01,17,0.526957033786134,0.6262989998689646,0.7229119945006135,0.941074168627102,13147799.82099757,0.4147135150754392,0.4997087580002969,0.550798649827377,0.6870938618977864,9429347.733333332,1.0534612539566908,1.258242167708206,1.425590802524312,1.7730841150804404,61.801778859917256,0.8099862735815899,0.9363362932029348,1.2244112463426482,1.6989923763146908,100.4965480938042
817,CNQ_TO,GRU,2022-01-01,2024-01-01,18,0.6569084297834904,0.7902354230445422,0.7329815815389515,1.06041023276146,12414611.979957838,0.4868881534970576,0.5911744495018084,0.5714290334379138,0.8918515523274739,8890571.8,1.2401559296305305,1.4876883470808535,1.4821228257480588,2.279953416599568,56.99740105228174,1.1128370093859898,1.307455714100431,1.2018843333775362,1.4550132356160863,85.49763633139573
818,CNQ_TO,GRU,2022-01-01,2024-01-01,19,0.580582403236355,0.7775539292512466,0.8025573291700189,0.8492060538719167,13424436.509357572,0.4409031560586695,0.6315678822692002,0.6777328727528465,0.6842286427815755,9344611.366666667,1.1227216261424708,1.5888341076156731,1.7494068979238429,1.7533772850352132,51.98586182697185,0.95020659954465,1.1180662003255304,1.0970321607585174,1.2876579326431667,71.78094753123358
819,CNQ_TO,GRU,2022-01-01,2024-01-01,20,0.570244364564595,0.6332553152288561,0.7568855108907636,0.792737768326271,13324742.87366283,0.4168253888178794,0.5012334160791828,0.5972023656378288,0.662277348836263,9413208.9,1.056169080254108,1.267484830131052,1.545968470950322,1.6980235238499335,54.71014168554185,0.9737140230688822,0.9758270970867108,1.2182081424143123,1.12898720901888,77.05489160740309
820,CNQ_TO,GRU,2022-01-01,2024-01-01,21,0.6494814728518075,1.0804475129296705,1.1571321483631611,1.4538040372068937,15326228.574002655,0.5389245591390143,0.8934508482175361,0.9073071414722198,1.1691524505615234,10477587.35,1.3799784494820322,2.276881232737332,2.3602186045530327,3.028989495733528,49.80011955000935,0.9312922319288968,1.5497566595604355,1.877797179075949,2.2934488411350493,58.11678931275662
821,CNQ_TO,GRU,2022-01-01,2024-01-01,22,0.6695450347573038,0.9727856149453284,0.7723156188113931,1.0339456151191897,12874835.133412508,0.5693517034442174,0.801501501240799,0.5559684575977315,0.8006721496582031,9163403.2,1.4569872790724476,2.0474198701189947,1.4406104371683843,2.074368521759534,56.11214856780015,0.9010174548885156,1.432899403640773,1.4050561729893476,1.7435478748143096,81.94086993041722
822,CNQ_TO,GRU,2022-01-01,2024-01-01,23,0.8883418938551898,0.9677257351031168,0.9459591791220692,0.8703729055655876,12954030.810468849,0.798018111083191,0.809217487317793,0.7282406675077079,0.6673006693522135,9259515.966666669,2.0511542808052208,2.064712865719735,1.8975265655958709,1.7221390073977196,61.81519217992799,1.0139522286076623,1.3676936427114217,1.5957691949889483,1.4748206088750666,103.4951713899156
823,CNQ_TO,GRU,2022-01-01,2024-01-01,24,0.975419626910454,1.2220356001783204,1.1561593358736588,1.068842765669766,13250459.240591826,0.8196238422819512,1.067515650007131,1.020548087942269,0.9123432159423828,9262273.1,2.086771324746047,2.688751909563623,2.625889011954648,2.3298355227277243,53.42880447731034,1.3247521073538948,1.4636022302664304,1.3709663948288089,1.403922331767715,77.42981209529775
824,CNQ_TO,GRU,2022-01-01,2024-01-01,25,0.9853227806868904,0.8434065823808345,1.5523961632752474,1.6122069508650827,13425469.627345294,0.8319126352100111,0.6639194176597177,1.3715219147177409,1.3829198201497397,9488463.3,2.1211954440368364,1.6671956379821555,3.538101454489792,3.5288066083874337,53.803003783980586,1.3226612998380631,1.2791094304232906,1.8648084594053391,2.1002058423476826,73.04027944713877
825,CNQ_TO,GRU,2022-01-01,2024-01-01,26,0.6141148378163037,0.6571434748020196,0.8748449264133041,0.8213479197494569,12822148.17794826,0.4904383019252281,0.573239159482975,0.6583726431930681,0.6763477325439453,9060442.9,1.2537214502471954,1.4522575946580163,1.7038959134782306,1.7342676278963596,57.554652958051534,0.9371584137412076,0.8166472932401327,1.5077722355126628,1.204519232185968,91.49971183075688
826,CNQ_TO,GRU,2022-01-01,2024-01-01,27,0.5939238854814589,0.6722153941125776,0.7900594714335821,1.2171737367891986,13148761.306859627,0.4853234849202643,0.5718714931396093,0.6308345783877196,0.9722643534342448,9227954.1,1.2413219806826417,1.442767571955985,1.6342722610124525,2.5163689160370533,55.16748093370604,0.8723142555187672,0.8835691344433367,1.249086580582825,1.93569982742471,83.27005293860361
827,CNQ_TO,GRU,2022-01-01,2024-01-01,28,0.7554038673875026,0.9304897119987208,0.7828795158138405,1.0175918272056932,13527941.730178716,0.5965757859062684,0.7730025702288567,0.6628873014927834,0.8548599243164062,9441221.433333334,1.515761799807638,1.9510189441116,1.7104536809102548,2.188962922670843,56.07981231884379,1.157820879847641,1.290415743128296,1.0600067115733314,1.4102961521568635,87.36585909408977
828,CNQ_TO,GRU,2022-01-01,2024-01-01,29,0.5495155930359343,0.6640789685031901,0.778130581859029,0.8892862115643935,13200044.247785408,0.4307167809591753,0.5717697565014684,0.635385656438289,0.7201235453287761,9315696.633333333,1.094764301640912,1.4496706463490168,1.634815273924485,1.840378348077149,55.15038616844004,0.850636322868856,0.8640599722503164,1.1403646945515906,1.3271118632404464,79.88545269434937
829,CNQ_TO,GRU,2022-01-01,2024-01-01,30,0.8771850017015915,0.8048759903419697,1.239345589608912,0.942074324025145,11094125.674681488,0.7169006722417846,0.6646237825650274,1.0625081766689286,0.7196324666341146,8413945.166666666,1.826057696068268,1.685393881957742,2.738119835617642,1.856408111627416,72.1366642614127,1.270915324672719,1.158710842064515,1.637893217436431,1.6034609965885005,124.76056172587889
830,CNQ_TO,GRU,2022-01-01,2024-01-01,31,0.6719633165405879,0.7376930895207006,0.7205362387925619,0.9661821620582768,14099611.755857855,0.4952326593802068,0.5617086443478044,0.5536645018441452,0.7537301381429037,9793810.25,1.255552289769586,1.4118325327505403,1.4339352519018969,1.929515373381096,49.81981357332455,1.1343340487348093,1.1854706967908373,1.2044703868873237,1.5562557929168452,58.85410471397867
831,CNQ_TO,GRU,2022-01-01,2024-01-01,32,0.7245347798126389,0.9442949617201846,0.7329465157754992,1.0964699928148254,13127444.002334446,0.5815836735140524,0.763731875438665,0.6174161647463469,0.853805414835612,9248610.6,1.4819245038904776,1.937592145830116,1.592996520786132,2.205969777392131,55.94876706845121,1.0899432295899358,1.4095832186421136,1.0092210990980592,1.806633532164409,85.00636396313384
832,CNQ_TO,GRU,2022-01-01,2024-01-01,33,0.8736818806540765,0.7369124160345424,0.7718980653447988,0.8912457728295867,12861598.065000871,0.7202107072019177,0.6043486948419897,0.618345834433759,0.7390215555826823,9289425.333333334,1.8435306950542023,1.5257246067897272,1.596484693466431,1.8990905136144047,60.74301874101587,1.2600220539537896,1.0624452912912936,1.1991144851796744,1.303125012427813,94.17344969621504
833,CNQ_TO,GRU,2022-01-01,2024-01-01,34,0.6049778961216203,0.6873246882794687,0.7972202500729741,0.9677499939599408,13514974.329430318,0.4539652303040557,0.5301794133869128,0.6641851963148279,0.8257397969563802,9407436.533333331,1.1555943452169666,1.3331294699072047,1.7123378741691575,2.111368929040652,50.96344102687721,1.00781159586989,1.0820800735155576,1.1236145189009736,1.2760401561111534,66.02886271201682
834,CNQ_TO,GRU,2022-01-01,2024-01-01,35,0.8008528358668968,0.8699429356465317,1.1030209831369575,1.1228864239375345,12747476.50591983,0.6699741692655604,0.6773899316706443,0.9621250913192052,0.9575457255045572,9109813.333333334,1.715471598685395,1.70333407617151,2.4724566016996787,2.444546765396504,59.28892077132259,1.1285631512411036,1.3563381628641769,1.3567773548298132,1.4796626095925496,93.17248349185772
835,CNQ_TO,GRU,2022-01-01,2024-01-01,36,0.6949384764130875,0.9170121166944434,1.206131723611467,1.1226542428836028,13845697.866496576,0.5192190482128043,0.7733962036858283,1.0741323774930502,0.9719240824381512,9613685.766666668,1.3206563818985215,1.9713028788074165,2.757880589100157,2.4781249161784458,52.03549884708561,1.163934996835921,1.2663029201681433,1.3661096875954075,1.406566954409243,70.37236954813876
836,CNQ_TO,GRU,2022-01-01,2024-01-01,37,1.6745806178991471,1.4163496295745714,1.466210876722846,1.01110531929006,11719691.58874956,1.5791679244486123,1.2742108211154,1.2986765930100743,0.8660666147867838,8530506.133333333,4.030789793937898,3.214428439291771,3.3364300288913324,2.210003328743081,57.19907911627895,1.3700567183877248,1.5150570615250518,1.7068089851240815,1.3069307839270188,79.16232450807814
837,CNQ_TO,GRU,2022-01-01,2024-01-01,38,0.6537401345738645,0.5968869156959555,0.7232055956241285,0.803209309761156,13770389.928923463,0.5184053638848579,0.5037644287826837,0.5764058899437511,0.6516438802083333,9601467.966666669,1.3209965521928564,1.273250933068566,1.4891761740921474,1.6704016121176828,53.5546561079016,1.005202638557034,0.8071483237552359,1.1308842278826183,1.2102928375029864,75.36271539281911
838,CNQ_TO,GRU,2022-01-01,2024-01-01,39,0.6177497899629985,1.317123714860591,0.9071154670452698,0.836541563742869,14069048.501301156,0.517115152957709,1.1242910863611135,0.6963101905255277,0.6508948008219401,9712200.3,1.3176725002783192,2.8673214793897936,1.8138670985241925,1.6772912947036531,53.02824763052689,0.8527150595618104,1.7644332364848387,1.5378666144856612,1.385660495302519,75.93886551158913
839,CNQ_TO,GRU,2022-01-01,2024-01-01,40,1.2723911545407671,0.8020273101202836,0.9526068938382332,1.2421425647118485,13788810.171942942,1.100017393920105,0.673333952218887,0.732639186746303,0.9799763997395832,9552800.366666667,2.8388676837565905,1.711146099269725,1.9110195638096843,2.5397774398653645,52.98343250624817,1.6826224960797338,1.115175188475971,1.6158689822907797,2.0243755941666493,75.92789961891472
840,CNQ_TO,GRU,2022-01-01,2024-01-01,41,1.1488347210472836,0.9034481119310857,0.7680139348198972,0.8175912905450805,12290053.4315546,0.9660583855834174,0.7289888665186377,0.6503784580746308,0.7104412078857422,9131135.433333334,2.471423497815908,1.8365406949472831,1.6827085069357934,1.824289510974344,67.68239347099964,1.580891732627878,1.3213619072909677,1.05251729213802,1.0524456604341954,113.42852544002852
841,CNQ_TO,GRU,2022-01-01,2024-01-01,42,0.902006269647905,1.2177830238892255,0.9405680351183484,1.266061627698856,12012180.564740883,0.7042702278598821,1.083116104725426,0.7641782910210295,1.090461222330729,8630513.2,1.7875987875483612,2.734191727780776,1.973713850151604,2.7805184187988314,61.71621306682575,1.409157172311336,1.3783562387093444,1.41309953257196,1.617935383764899,103.44997596116596
842,CNQ_TO,GRU,2022-01-01,2024-01-01,43,0.5878991872137334,0.8048976687971683,0.8154714357476336,1.1658552948958405,12926263.263058398,0.4511633603380353,0.6684646183158923,0.6840488435705102,0.9958311716715494,9184654.133333333,1.1503300089199098,1.7027618920197602,1.768795553114572,2.537764990457684,59.83444558179083,0.9492146220041344,1.1662675899567316,1.1459622196084025,1.5171510368395982,97.0657993707703
843,CNQ_TO,GRU,2022-01-01,2024-01-01,44,0.648958536396184,0.7395205305784551,0.9038204671969332,0.945993631579697,12447950.342703244,0.5047768492771105,0.5721413327429867,0.7414715300976344,0.7943261464436849,8957066.233333332,1.2871447826104605,1.4390942217419074,1.9100544135158888,2.0281761559407623,60.53890095392765,1.033468388597535,1.1616724293020018,1.326317689790375,1.2972123190278362,97.850686518639
844,CNQ_TO,GRU,2022-01-01,2024-01-01,45,1.0349144051203147,0.7571660337501962,0.757261160449362,0.8950493942258544,11928405.395905344,0.884588316019811,0.5759763029684677,0.6134429816276262,0.7529499053955078,8715006.333333334,2.2540627760562213,1.4496131989222951,1.5859061714496618,1.9286521735456263,65.29733958331285,1.342196524488127,1.2213706111191662,1.1449239295661369,1.2351075185929503,111.84712910544944
845,CNQ_TO,GRU,2022-01-01,2024-01-01,46,1.115816491529767,0.679171331555804,1.1307962424537532,1.4149964771606576,13292588.38283458,0.9812631194222506,0.5063036787117663,0.9825958499268456,1.2734240214029948,9400428.733333332,2.499412981000278,1.2734903416854286,2.5248426080585173,3.24111167594758,54.8987474357894,1.3221213847810405,1.1227911929964,1.412366086651925,1.5242220290383257,77.54695342353713
846,CNQ_TO,GRU,2022-01-01,2024-01-01,47,0.6431944721999787,0.8929118630258088,0.7305177482951365,0.8791028022957112,12941131.169100964,0.5277450542006867,0.741528652629411,0.606079617020473,0.679772694905599,9173725.433333334,1.3471713232916027,1.8876470350311128,1.5678549406589748,1.754864170578984,59.42828854189435,0.9358765850500212,1.2726445302253735,1.0620048714534749,1.4799931871730547,96.53546955152544
847,CNQ_TO,GRU,2022-01-01,2024-01-01,48,0.7133953164359379,0.6426867516459909,0.7478647690092111,0.899121502332777,13247549.90886971,0.6222329546585075,0.5344602935923329,0.5646130849701138,0.6548274993896485,9310168.433333334,1.6011165068931406,1.3516606243035365,1.4612543155272086,1.6910319769412714,59.36255666262779,0.9107000016254744,0.9006586757394417,1.2820886280805053,1.629144975357644,98.8746765211992
848,CNQ_TO,GRU,2022-01-01,2024-01-01,49,0.7666076319873615,0.6592594237797175,0.94121634847319,0.825208570466835,12955390.632311955,0.6510647873814503,0.5712763478887742,0.7068878718181267,0.6667104085286458,9121602.166666666,1.6666737554918951,1.44484124086206,1.84572650948742,1.7097417807277768,55.65384166838769,1.0313365969635957,0.8342020991741707,1.6543256063845475,1.249881982802964,85.0689204855795
849,CNQ_TO,GRU,2022-01-01,2024-01-01,50,0.6026388434771472,0.7937621318930812,1.0795006315062423,1.0687248401609288,12739037.517435923,0.4271691903440008,0.6230807810125417,0.9066551110690596,0.9092610677083334,9006600.266666668,1.0813924679541589,1.5851894446621402,2.3329002196501065,2.3157579207333687,55.9622773320951,1.0640459216583802,1.271439769302188,1.487262205765124,1.4047219486756175,86.130771081367
850,CNQ_TO,GRU,2022-09-01,2024-09-01,1,0.904748763115796,1.060522107823741,1.2614880459847748,1.17382406408646,5739153.413982714,0.7027846352100072,0.8742263101839652,0.945522286119798,0.9836771647135416,4511167.816666666,1.6005508351773363,1.9624743356157992,2.185988652007897,2.2343325020529434,64.47280956080353,1.364409399353212,1.378329704821609,1.9875676894151104,1.4960245737144355,60.516368970934245
851,CNQ_TO,GRU,2022-09-01,2024-09-01,2,1.1597609935412807,1.2870328017970936,1.2305368204252192,1.4935730409172772,5729222.216478303,0.9300319997560648,0.9809722542526106,0.9801281043625396,1.1653719584147135,4392408.516666667,2.088853042673549,2.170702108344265,2.218129199435387,2.604829667401284,61.5600623620295,1.551612442387062,1.8272607747791048,1.6608960091046585,2.067024691272892,60.36365170304484
852,CNQ_TO,GRU,2022-09-01,2024-09-01,3,0.7750007618614781,1.0099414642311697,1.0099057403582177,1.0572420154218816,6092108.943791642,0.5800480423608835,0.7773052150136074,0.8213262520870673,0.8269070943196615,5299681.133333334,1.3120718470376855,1.7234667776460852,1.8652367321957724,1.8496655453286763,86.7027174987055,1.2000954040563871,1.4172253671334958,1.3340640659758818,1.465387290649338,68.80474219294044
853,CNQ_TO,GRU,2022-09-01,2024-09-01,4,0.9727186053096484,1.1056766938695013,0.9310449628312856,1.1975091627845242,5987390.946564796,0.7450445074995758,0.8566077426572082,0.7330958059728713,0.9725399017333984,4073932.058333333,1.6803539503991043,1.8988874791799524,1.6752855937901725,2.183660234543189,43.640530816644045,1.4217493858911336,1.5354844044418845,1.3380554980739991,1.554396736789341,44.78026995919526
854,CNQ_TO,GRU,2022-09-01,2024-09-01,5,1.4090538233369392,0.8138543572260613,1.054845972852693,1.0294373540109885,7160868.752589062,1.1730625403963797,0.6752062962912265,0.8331509044242024,0.8024599711100261,6447384.633333334,2.647477525413243,1.502484374045394,1.9137962188921125,1.7999383999516725,115.8791352732643,1.803081324971264,1.009292365798253,1.5409693731631289,1.4415455671481847,94.50576893234424
855,CNQ_TO,GRU,2022-09-01,2024-09-01,6,1.0815980630334543,1.1019611304969927,0.959043331739565,1.0043130181313336,5723540.070523562,0.8473348060803401,0.947669150760137,0.743703277573525,0.819469960530599,4377601.25,1.92874305390562,2.121359839997806,1.7086095940612147,1.8452374338594413,60.21787403278562,1.5953451294916137,1.284757664584589,1.4412913611818297,1.3150399799760508,58.37224846427751
856,CNQ_TO,GRU,2022-09-01,2024-09-01,7,1.5809059400633796,1.1693208745113084,1.0217425207872173,1.2079774589506098,5779546.992843444,1.3478107507979338,1.0014248661644674,0.7819675806820563,1.0377625783284503,4579439.216666667,3.071031049729261,2.2439969054785465,1.7999283666787391,2.3459793943590705,66.11282172888939,1.9754844998305603,1.3820760144904665,1.571639261544872,1.4247676720141746,61.64493779242032
857,CNQ_TO,GRU,2022-09-01,2024-09-01,8,1.1649007319502265,0.8467393345535106,0.9273059055335976,1.1114550703409378,5723073.78293268,0.9261350139878808,0.7365296587436544,0.7298381392057548,0.8745263417561849,4203600.333333333,2.1112291058917,1.6402979316855688,1.6653431073394165,1.9562092850530868,55.09453065269043,1.686081035975695,0.9326676645352496,1.33422682257679,1.519715226279008,55.632859109021496
858,CNQ_TO,GRU,2022-09-01,2024-09-01,9,0.9592615039984752,1.1451033911977275,0.900916837709124,1.3847696755524834,5801479.593877387,0.7150473788911046,0.916807155174328,0.7099366391993179,1.0773445129394532,4663623.3,1.635694035006244,2.066605786808493,1.6213071702314488,2.461618259624075,68.57979280362888,1.5355135092874292,1.585588219340652,1.305765103186041,2.040181895101887,60.10190759964205
859,CNQ_TO,GRU,2022-09-01,2024-09-01,10,0.958793121038539,1.0489007375364858,0.9056481488197256,0.9668744817399912,5774435.005104582,0.769598306893113,0.8311070359407544,0.7113601450696433,0.7654813130696615,4296347.766666667,1.743104828685787,1.842348440617452,1.6282106118289854,1.7194213792322444,56.03929048261396,1.3477085750092763,1.405963030460896,1.3238476854287649,1.3273198349087127,53.51061518286677
860,CNQ_TO,GRU,2022-09-01,2024-09-01,11,1.4635927500522266,1.6857681103827868,1.0480505718923625,1.4307957240972873,6040387.799866857,1.2188733432622312,1.4578676572291795,0.816996331812243,1.1478020985921225,5224947.766666667,2.779307038136294,3.278456605113632,1.878507608460908,2.613613910116363,84.9783948220223,1.9316395914067832,1.9582194787156664,1.5658734182296092,1.98910842423322,72.13750840636204
861,CNQ_TO,GRU,2022-09-01,2024-09-01,12,2.174253028690816,0.7757034227123802,1.0982021644275397,0.988426600127816,5837327.2932668105,2.0809983665332146,0.6367785246274719,0.8911686724682182,0.7992295583089193,4192137.9,4.657741202559488,1.4246371865202037,2.0161072059585425,1.7939308041748918,50.51617901357266,1.3475621773611697,1.0084390083884702,1.4461822255706642,1.3083827153429857,48.881948449231125
862,CNQ_TO,GRU,2022-09-01,2024-09-01,13,0.8417401239028451,0.9376888027328546,1.036370824971477,1.4213821530485475,5952120.753389553,0.6432256431208204,0.7773000024195433,0.8543450647826529,1.1326119740804037,4972084.25,1.4523833714921208,1.7283864213724285,1.9421979694037883,2.530270410346952,78.64772886267126,1.2690979044361843,1.1604866862321,1.3297865621360636,1.8969500215937407,68.68743378050999
863,CNQ_TO,GRU,2022-09-01,2024-09-01,14,0.8389944846450467,0.947051468576706,0.9935767114957336,1.0557533076650665,5828304.168331609,0.6651136267927259,0.7554879105745436,0.8130743578495997,0.8734427134195963,4829838.25,1.5095420189767903,1.6746618189387392,1.848231984976979,1.965327181697343,75.06361675975107,1.2189107697550443,1.254337087071279,1.308733552251353,1.3318969406398828,65.96028307020504
864,CNQ_TO,GRU,2022-09-01,2024-09-01,15,1.5572020628929395,1.767128306366485,1.4081138122351156,1.2483204896376807,5808761.9814488925,1.4424812410856236,1.5421628247226795,1.2716638105551474,1.0203062693277996,4665502.216666667,3.230004530112683,3.402558192924274,2.8753297743344777,2.2780044563305606,69.10580561931148,1.2751839490342152,1.8604160158449048,1.3318292694290683,1.580110817467183,64.68543804953225
865,CNQ_TO,GRU,2022-09-01,2024-09-01,16,0.7774748543540879,0.8392097773389308,1.1519629904624709,0.976175785207378,5961404.064109958,0.5864939677852659,0.7074896977804843,0.9466879036287,0.7977069854736328,5083516.916666667,1.3319804004375404,1.578022087164824,2.145084356395373,1.80409034222456,80.79163345252664,1.2188850249622891,1.0095618909240955,1.473176935299208,1.2956386467781609,68.74135446908987
866,CNQ_TO,GRU,2022-09-01,2024-09-01,17,0.8489062015930381,0.90307464999676,1.0224037388515204,1.0710710131009684,5709456.910798041,0.6481555165533268,0.7732555872661614,0.8499201639762535,0.9206526438395184,4380350.3,1.4661389673745175,1.722822839028206,1.9340150000751444,2.0775371940519687,61.52467784318954,1.278541803216551,1.0377878893950998,1.297271310243626,1.2479886723030071,59.37893901419199
867,CNQ_TO,GRU,2022-09-01,2024-09-01,18,1.2865437157098345,1.328122639950742,1.4712888572241851,1.342722503820108,5738047.425447689,1.113836068904148,1.0665452488261244,1.292132713143038,1.0898802439371744,4081575.7,2.504800652179566,2.362763468928903,2.9215554561861747,2.4328169945431988,50.065312391959125,1.4417339671641198,1.7364211781636183,1.5568040020605876,1.724344949670254,53.231258319346296
868,CNQ_TO,GRU,2022-09-01,2024-09-01,19,0.9511457958696388,0.8440557262308057,0.923728332684716,1.1193356628886308,5799542.1287656585,0.7649870095065848,0.7195892239698913,0.7009760712995986,0.8884656270345052,4176723.5166666666,1.718469316635788,1.6024366396229446,1.5963887689628369,1.9854790576933432,51.726439098400576,1.2900444217669556,0.9837378374681808,1.4026926113557547,1.506816879691846,52.25542018245694
869,CNQ_TO,GRU,2022-09-01,2024-09-01,20,1.020902000657692,1.2520476244500585,1.493078111113328,1.542742348244613,5780859.38331529,0.7875595240337425,0.9676846988993668,1.253231209771988,1.2331597646077477,4674815.716666667,1.7737278529891352,2.1431996112845764,2.828078158223476,2.753561724633624,70.14311814139432,1.465736658574113,1.7428459761906208,1.7942395308669072,2.0447915318748224,64.09235607643599
870,CNQ_TO,GRU,2022-09-01,2024-09-01,21,0.9224580155094716,1.6883337703526822,1.7304463266008625,1.255791688625085,5917289.734616087,0.7577910610782077,1.4666499539648568,1.4796010069901977,1.0852837880452475,4992349.133333334,1.7169145618193955,3.2830296049823606,3.39483187806452,2.4420203560534723,79.10676000083338,1.2474195703013584,1.8928499874279625,2.1194010527532923,1.427368313230127,67.64568858580343
871,CNQ_TO,GRU,2022-09-01,2024-09-01,22,1.201486692184873,1.368428074717863,0.996124295653106,1.0885325217833264,5805768.614386879,1.0085474975994893,1.1188028902337472,0.7925802674335797,0.8448205312093099,4135267.85,2.258540499274254,2.475140645868371,1.7992895821046258,1.8907953508974056,49.76868449595612,1.4575813181892645,1.7231248480893513,1.3751162461876885,1.525847425297504,49.97906282049159
872,CNQ_TO,GRU,2022-09-01,2024-09-01,23,1.213699061619784,2.4834513492378707,1.1874229871645887,2.1941197962372216,5966608.676691856,0.9988562494239556,2.308770862032304,0.957521729038176,1.9526011149088545,4098221.8333333335,2.253002518551152,5.157693194027565,2.1917686720504928,4.416718880030484,44.81161938240005,1.5922249989862167,2.080724276462427,1.6533884478156762,2.3030851471011573,46.24035293173378
873,CNQ_TO,GRU,2022-09-01,2024-09-01,24,1.4482459234132494,1.5964205278780637,0.9652541570942847,1.136607403602685,5957692.345145864,1.244039697444187,1.3207075342492745,0.7473456635388399,0.9060640970865884,5083676.833333333,2.8013339055508664,2.929432637352843,1.7010813026064375,2.0324120688698373,79.89648063817832,1.661112673010077,1.971582456542014,1.4163268090253005,1.5337951137722572,63.87680014877753
874,CNQ_TO,GRU,2022-09-01,2024-09-01,25,0.968121964593047,0.9039412088264276,0.9424366347186024,1.2776520550790706,5756812.807501532,0.7266033529402437,0.7895461620940502,0.738010330547844,1.0172419230143228,4364716.116666666,1.6598039943473304,1.766189514790132,1.6753082728677982,2.3197187767585694,57.73389585862638,1.5272531588109706,1.0007504003520438,1.343823745542847,1.8094575073487889,52.98490088350367
875,CNQ_TO,GRU,2022-09-01,2024-09-01,26,0.8204652387315027,0.8779233723111708,1.3184544367549154,1.1727844121662958,6032119.511783018,0.6264825957857897,0.6932014316602403,1.1245923170550705,0.9276561737060548,5215406.383333334,1.4161032342819102,1.5380416323624506,2.558933949756157,2.08245990290378,84.69448645220076,1.2369529154005443,1.1892788874962823,1.5597910280714995,1.5974678529066275,71.09492857534339
876,CNQ_TO,GRU,2022-09-01,2024-09-01,27,0.8679420677543868,0.9880942696659716,1.1904123153415034,1.2286350780935469,5731682.411427719,0.6870853455842547,0.8040717675413733,0.9222073317652656,1.0304161071777345,4408088.966666667,1.5634825369794605,1.807898748930841,2.132095365509355,2.3300303998155245,61.621062084297975,1.2726748100232914,1.3249038393628862,1.8112777943487783,1.5367139986750649,59.97287808834288
877,CNQ_TO,GRU,2022-09-01,2024-09-01,28,0.7554434897772007,0.9992576892151812,0.9135866996940492,1.0139711976174204,5864844.798526336,0.5824831209677558,0.8956604007864435,0.7024512772584905,0.8487366994222005,4089815.883333333,1.3208524439149938,1.99839763667971,1.613480999264785,1.9175983616790355,46.6275772522872,1.1372173360763544,0.9982622105254946,1.3930569398096515,1.270353049807558,47.02621924863992
878,CNQ_TO,GRU,2022-09-01,2024-09-01,29,1.0266907998954755,1.1389877970345612,1.012134799413109,1.583351208664428,6026737.323122512,0.817592908525437,0.8873605724932382,0.830185142787726,1.2415665944417318,4112364.5,1.8611169650154613,1.9688226371459168,1.8872876645385104,2.778524480409365,43.846462575159926,1.4813750806831836,1.572714757227207,1.3126242077403816,2.1824376973309856,43.22916761781964
879,CNQ_TO,GRU,2022-09-01,2024-09-01,30,1.914757203906044,2.658875501680904,1.7094200042145522,1.8671820930537453,6011732.253524724,1.7175343925341913,2.377003750348728,1.495363380257296,1.5449944814046224,4234362.158333333,3.8649141536945097,5.292095135633208,3.387669317980165,3.4627208931576345,47.982040801428525,1.9053652610766247,2.637251780390717,1.863570357953232,2.3377207618044187,52.01439770660299
880,CNQ_TO,GRU,2022-09-01,2024-09-01,31,0.8004347081940256,0.9204980067708938,1.0965734290388671,1.037851053838397,5804246.103255631,0.6203359609801048,0.7271470070450825,0.8499255495559408,0.8722361246744792,4025778.366666666,1.400711989513869,1.6110033187694175,1.9572047101732608,1.9763272802529248,47.10613523367692,1.1786327295638184,1.2400711298469451,1.653693145055256,1.3037984977955053,51.96297972722843
881,CNQ_TO,GRU,2022-09-01,2024-09-01,32,1.2707458721152411,0.8773665815326844,0.997903739181671,1.114342379115649,5808599.961352082,1.128898121375337,0.7357660781089623,0.7953130656791394,0.8755790710449218,4047345.15,2.531549630722036,1.6348396948718604,1.8042327669243767,1.958971294845149,48.44401577006342,1.2954577059582169,1.0547982212132208,1.3662520946144516,1.5266360034452702,54.28270841685357
882,CNQ_TO,GRU,2022-09-01,2024-09-01,33,1.0754751985697744,1.1032777692566225,1.44528049520427,1.5294396585194032,5762044.513100516,0.8277222036482516,0.977055433903284,1.2161008589614977,1.3118654886881511,4307545.083333333,1.890305326457899,2.1797368103378005,2.788235388036866,2.975940789096214,55.946799836006335,1.6350321308931788,1.1463257271162803,1.8462610948024063,1.827497963861613,53.02354423593276
883,CNQ_TO,GRU,2022-09-01,2024-09-01,34,1.478138334238086,0.921586715916598,0.925237326969988,1.034140812684048,6000031.313169242,1.1926181728648282,0.7657387547116085,0.7307272654200117,0.8302023569742839,5162238.35,2.7264067185467487,1.7023401433114105,1.6704111715272894,1.8647652220220696,81.82294590975522,2.0830367354009383,1.135037645152936,1.338775253747997,1.3796370891165384,64.45527663796
884,CNQ_TO,GRU,2022-09-01,2024-09-01,35,1.0653137073308765,0.9381242215610024,0.937223862264596,1.0555675706473788,5723407.7937429175,0.8010694561627751,0.7680241155220838,0.7593251607243736,0.8623335520426433,4322062.0,1.822371816959708,1.7248300449185214,1.7358387524910837,1.9585718097434703,57.819388547348105,1.6676523320243046,1.237701911481231,1.3021141938976517,1.4223898829584334,54.19149913115415
885,CNQ_TO,GRU,2022-09-01,2024-09-01,36,1.683034051146226,2.1529965150411727,1.865929071967482,1.5241771078079105,5970746.143749305,1.461779027775473,1.9938838787966269,1.6305095477696034,1.2794934590657552,5106754.016666667,3.301563246421334,4.467094636961317,3.734081922775555,2.895808494405555,81.04718786487093,1.936341081003712,1.88828842924371,2.1442527294542746,1.900814436213032,69.57329661395235
886,CNQ_TO,GRU,2022-09-01,2024-09-01,37,1.1554947342059996,0.941551000692221,1.0785007133434,1.033301723953556,5973735.85325064,0.9131450784300708,0.8297096362607383,0.8553779573948032,0.8725346883138021,5141576.283333333,2.079344302013998,1.8504216216731244,1.9644143429697976,1.9767943826148235,81.0773137882329,1.678117881270655,0.9988452763078468,1.5629980842178517,1.2871413293063256,63.64233388620259
887,CNQ_TO,GRU,2022-09-01,2024-09-01,38,0.7912974685091786,0.8381926567497647,0.934283942608884,1.037397430484283,5835782.346369253,0.5970908619804511,0.6614139675256787,0.7638527711966041,0.8370777130126953,4777375.516666667,1.3488673514756997,1.4694682830465993,1.7403447615352687,1.8757165554174944,72.71832173754737,1.213377012163572,1.137711829930998,1.244576491981981,1.36926701295971,62.99558945196516
888,CNQ_TO,GRU,2022-09-01,2024-09-01,39,1.0804173384141864,0.9612057048160472,1.025213411400299,1.1339589014086962,5882972.87745272,0.7836153457149154,0.8246308275454688,0.7939978073805887,0.9836776733398438,4900804.033333333,1.7946361092389411,1.8390358204506985,1.821416519819193,2.216577519127841,75.51612252777073,1.76849213091613,1.1054461654131498,1.5290660156980087,1.286348849261853,66.4929302819585
889,CNQ_TO,GRU,2022-09-01,2024-09-01,40,2.058244531218981,0.9956831033227002,1.5027520435788246,2.5159938168033498,5910513.593668179,1.9547554110074985,0.8179914101393609,1.2676501739940058,2.275060145060221,4082983.233333333,4.378389991082623,1.815965329452719,2.8736787352572843,5.093340439054357,44.66989452601125,1.3937639666080963,1.2526516494074231,1.811932087408457,2.3625551656746984,45.93654276925099
890,CNQ_TO,GRU,2022-09-01,2024-09-01,41,1.3121684155058215,0.908085899115022,1.757108683713813,1.4274388743241084,5759563.347033847,1.0893537136955334,0.7954503860535963,1.520057531574942,1.1990254720052085,4526108.766666667,2.47230724825726,1.7744915582703975,3.4906761143337475,2.718966922577692,65.46788653275753,1.7239379341259289,0.9831539386814578,2.0992616108132243,1.792686529075439,61.31369582722388
891,CNQ_TO,GRU,2022-09-01,2024-09-01,42,0.872807507045355,1.714980667259712,1.257922872340936,1.4182555110813764,5846935.678794465,0.6647232832049167,1.5265275250400625,1.0763341078265547,1.1609012603759763,4821239.316666666,1.5060490945731615,3.37431135668846,2.443138968214099,2.593831342235938,73.39977084451463,1.3270685512341875,1.6922480701145135,1.4614543128214668,1.7932509579252436,63.43169993777049
892,CNQ_TO,GRU,2022-09-01,2024-09-01,43,1.1996070884777066,0.923624260257254,1.1705287394724575,1.3109732421957407,5757514.21711097,0.8864742557991133,0.7876193631086198,0.9208415592908862,0.9901561737060548,4447533.683333334,2.0308487233653536,1.7641421680587674,2.121474387690919,2.261434397706936,61.48302577137462,1.9253191207330047,1.1012922336829285,1.737786843206773,2.010228647645645,56.074924262225146
893,CNQ_TO,GRU,2022-09-01,2024-09-01,44,0.8839192185140162,1.044615178351781,1.220401383552541,1.2850843103398055,5706482.439214093,0.6681766090472221,0.7890096282523683,1.0218016440337003,1.0252899169921874,4270600.566666666,1.5047922331223735,1.745969950297048,2.31192111108276,2.290830846469151,57.67654914531286,1.3256977354303938,1.499220449710698,1.489832184261758,1.7076333834288324,57.10848958512882
894,CNQ_TO,GRU,2022-09-01,2024-09-01,45,0.9166744363761292,1.1501210109956213,0.9649956778556849,1.2594302370348238,5779056.555315252,0.7208381718154728,0.8768776623758932,0.7717771014387937,1.0132062276204428,4493331.75,1.6210442337471729,1.9393008000111776,1.7566496375635958,2.266386459940819,63.14194175667412,1.3070250695071917,1.630405031478919,1.3404018167066911,1.65438148047166,57.421258628904646
895,CNQ_TO,GRU,2022-09-01,2024-09-01,46,1.0512563967886293,1.1227099161095035,1.3106655961607403,1.2320611480876558,5746591.680198785,0.8355821385745327,0.9700908664846856,1.0265078635377514,1.0143795013427734,4475798.783333333,1.902895122641333,2.168866698235777,2.3687532257240096,2.3005342440667493,63.6497563266023,1.519950375658938,1.280401691226474,1.943326811956933,1.6157668589289471,58.46857143285851
896,CNQ_TO,GRU,2022-09-01,2024-09-01,47,0.8035603212546065,0.8185364885217269,0.9499987562616004,1.1530410166558986,5752555.976448852,0.6004211060689142,0.6807579377774542,0.7274466949714227,0.9104006449381512,4412984.033333333,1.369601572188801,1.5165506231414194,1.6737622566000792,2.038435226043454,60.72590831374989,1.2864975971954256,1.0123022046931955,1.461491458060782,1.5668634429502466,56.65934093338944
897,CNQ_TO,GRU,2022-09-01,2024-09-01,48,0.896253082973076,0.9987009941019224,1.0530415955125043,0.987593169962008,5795495.463665262,0.7251116768359839,0.817725076482071,0.8137182352953158,0.8213605244954427,4507478.8,1.6451712106506822,1.8341809300181384,1.8745179025003385,1.855512151482412,62.28327247829998,1.2567381663385282,1.3120573979459074,1.6009478088739453,1.255629907765889,55.5628951870249
898,CNQ_TO,GRU,2022-09-01,2024-09-01,49,1.2076803340094635,1.2649543843212347,1.4989984132138523,1.170430017053261,5765464.160702191,1.0017700521242288,0.984432156285472,1.2476305819988325,0.9083323160807292,4422087.733333333,2.2460649881384733,2.172762071656022,2.8256585880688165,2.030686948402114,60.86626207455237,1.5045608302838984,1.7327025344750306,1.860891836059722,1.6328740462112916,56.0099574826886
899,CNQ_TO,GRU,2022-09-01,2024-09-01,50,1.9718946697088509,1.6228026935744382,1.4446009867698069,1.4812022901908015,5903639.849754174,1.814839432235108,1.4211219352165487,1.189024139579418,1.2564076741536458,4950211.083333333,4.107075171446793,3.178893913870294,2.736294936103174,2.848150485556467,77.18868436481154,1.843400310308948,1.7757311328783518,1.9541555549183485,1.813968064176385,65.21937662918845
900,CNQ_TO,GRU,2023-05-01,2025-05-01,1,1.364672004751303,1.1473019866925098,1.7486997808689353,1.593330129963473,7304396.206328282,1.0858703370433107,0.862872411526132,1.1924516819892217,1.174895604451497,5728638.4,2.8220355766474543,2.193485159159645,3.2174048022899977,3.076191711125281,58.988187292445296,2.233419436770532,1.936674734358703,3.6104272882620574,2.927465557119607,64.49642874118938
901,CNQ_TO,GRU,2023-05-01,2025-05-01,2,1.1685273915987349,1.1388876265603802,1.60269227320538,1.448513197103978,7337191.335129006,0.8713164269459196,0.8789246584718564,1.1217174594897952,1.006033198038737,5785008.7,2.2741469469967632,2.227763596837649,3.016858549893434,2.639004953271172,62.54902542302163,2.1065854615020667,1.8535099726404527,3.2236327307439123,2.8282194676661083,71.89115616916247
902,CNQ_TO,GRU,2023-05-01,2025-05-01,3,1.331223556352672,1.142100341533738,1.596387885548868,1.5190788234148604,7295931.711850516,1.027746536423529,0.9028523568097916,1.2421735923774953,1.144260787963867,5756813.866666666,2.698509001356665,2.2882815732793635,3.3133017271265137,3.0016674574473003,60.58398458518284,2.3523477981544176,1.7817744021675648,2.840317257501713,2.7502931869118363,68.21900242621894
903,CNQ_TO,GRU,2023-05-01,2025-05-01,4,1.2726712176277797,1.0862407887246344,1.5387359468676782,1.4414674502832572,7317753.623042635,0.9292445570018418,0.8260160781114185,1.0723663451971568,1.032102711995443,5818611.933333334,2.43161816557662,2.095352158726362,2.885131694035866,2.699563068396633,61.50946380772473,2.372217638966876,1.800012961914343,3.1076167760323146,2.7325891816280525,67.94933143973913
904,CNQ_TO,GRU,2023-05-01,2025-05-01,5,1.0925118096682571,1.1848050343685108,1.6338213351865056,1.5347281446482632,7365890.334942695,0.8138674195245114,0.913428852961854,1.160666106620155,1.086744562784831,5785336.6,2.123257487672522,2.3174497209498925,3.1211079124635126,2.850458997157236,61.47783236858744,1.9602957990534904,1.9239661038390148,3.243301819342993,2.948127436009871,70.25514016183566
905,CNQ_TO,GRU,2023-05-01,2025-05-01,6,1.2797237882918988,1.1575589300128415,1.6628683658321082,1.8717075740690765,7427349.782545656,1.02057757585224,0.95837633971142,1.1111408440777824,1.700753402709961,5946163.666666667,2.660806020146271,2.433859406553267,3.023297682424072,4.365640315459547,65.69322374983373,2.121128576608028,1.670467761327625,3.5391080465685496,2.077536997347764,74.29332170711679
906,CNQ_TO,GRU,2023-05-01,2025-05-01,7,1.2541926304794393,1.1587022472910418,1.5901316039133933,1.4428554385442849,7352330.115754683,0.928021946528209,0.8692525266797863,1.0430185126088671,1.004519526163737,5663692.133333334,2.423268167342933,2.196451371557477,2.838424851746836,2.6374861773678,56.98317267532613,2.280482419540923,1.9581373733398613,3.4203275629328034,2.8225428364564147,63.08925791931739
907,CNQ_TO,GRU,2023-05-01,2025-05-01,8,1.4327437810533146,1.2451794126656903,1.5174791924554736,1.5498385843609013,7418164.589583111,1.0955459641028458,1.0042275047166906,1.1210733215249873,1.096270243326823,5907654.233333333,2.867738224663793,2.535566832883342,2.9866539501653047,2.8679236394737795,64.77208671602457,2.5480999130063497,1.8761265826155429,2.8306960501359884,2.9805283215989915,74.21561478220157
908,CNQ_TO,GRU,2023-05-01,2025-05-01,9,1.3362850858013404,1.0558477478027355,1.553589234770984,1.5136764705100143,7389701.507744531,0.9392839283551744,0.7972996032612248,1.1386306513409354,1.131045405069987,5858071.2,2.477884915603449,2.0112926230236385,3.071297044488184,2.94529822231968,64.16878667311782,2.650984684677963,1.7640335782256902,3.0361160176644035,2.7535383680166685,73.91994642699974
909,CNQ_TO,GRU,2023-05-01,2025-05-01,10,1.2186511393308228,1.0103810999853302,1.6025522874007072,1.3233047110824454,7366535.487778697,0.8000321622984091,0.6942783878806912,1.083302663670037,0.904641850789388,5786034.933333334,2.116553617768765,1.762086638108683,2.9395584469515974,2.367385229539364,61.1359117628144,2.57875049171216,1.880349050674116,3.3957065008892275,2.6140632554321,69.35155647063513
910,CNQ_TO,GRU,2023-05-01,2025-05-01,11,1.3316672315384066,1.220247492525421,1.8701849504363368,1.6859065255030332,7522245.371869552,0.9290523365261651,0.9273518919141612,1.3936854159947871,1.2274181365966796,6020565.433333334,2.44530865626254,2.3460127340510337,3.728095057026594,3.21177646743374,67.5839849990459,2.647617949874371,2.0352513438194166,3.504259356824149,3.1331042289203275,78.67729958830327
911,CNQ_TO,GRU,2023-05-01,2025-05-01,12,1.3400066794302938,1.201427944472106,1.8011671249410257,1.4927719513316984,7344828.796008155,0.9139484285623816,0.9603606962031104,1.4176966099997896,1.1024085998535156,5844262.933333334,2.411281640632279,2.443432846569215,3.797599146456285,2.8859347774034925,63.913437323543256,2.686614000037983,1.8694454583362927,3.197794871497597,2.7396685282502564,72.67345917614418
912,CNQ_TO,GRU,2023-05-01,2025-05-01,13,1.6777267625451673,1.3003367022425902,1.4240776465350518,1.759837666424511,7427300.489884356,1.4959993930436797,1.1207344094521077,1.1565481572410006,1.60997683207194,5823088.933333334,3.816576994358246,2.8042207112380235,3.0725284901874894,4.1000454217081055,60.65719189064739,1.934080008222605,1.6160157882727744,2.3493115712639083,1.7724466593494663,67.09460124290973
913,CNQ_TO,GRU,2023-05-01,2025-05-01,14,1.3249366597654793,1.100359355402323,1.555389299096844,1.5808159491225455,7381213.44962561,0.9477947054313716,0.8244345046250904,1.088878593810988,1.219296137491862,5853122.933333334,2.496547811098208,2.0813462163473484,2.934497721700708,3.1701641424359246,60.49938397967035,2.5588732928096816,1.858816378142176,3.130846470749116,2.724088198547016,66.96405529953842
914,CNQ_TO,GRU,2023-05-01,2025-05-01,15,1.194392299400408,1.1942240067901326,1.6005069090702548,1.6355818943416696,7352156.170845412,0.9301577737734686,0.9535561684552992,1.2216132868389822,1.347400156656901,5595309.283333333,2.42620872377842,2.3972771416535585,3.2835188966738302,3.481298431381266,53.92773059359798,2.0392791037809594,1.8116281286134948,2.973543351935942,2.491116036856083,58.84317068945602
915,CNQ_TO,GRU,2023-05-01,2025-05-01,16,1.383485903656676,1.057449254479023,1.7219871800746316,1.5185251020710409,7312820.3050463,1.048269403637351,0.7258918345819244,1.215407065164709,0.943273417154948,5763342.133333334,2.743871153414277,1.843381885115919,3.270103253398208,2.490870512106269,62.23302914333628,2.5084404760022205,1.9743402374023813,3.4488583794125423,3.2706481707383057,71.49900493527862
916,CNQ_TO,GRU,2023-05-01,2025-05-01,17,1.430709369616694,1.2170565599250116,1.7239044622762725,1.6024201937286575,7354755.282399184,1.0099805751549935,0.8905767582069715,1.1493071444447824,1.0255118052164711,5816330.033333333,2.63681654530061,2.255805673695698,3.1268173614113346,2.7088652355698617,59.58382048308525,2.7577140099351847,2.132265486481681,3.667679610454651,3.3784121895945742,65.14271461972176
917,CNQ_TO,GRU,2023-05-01,2025-05-01,18,1.5968320711044317,1.336031237380657,1.9806809860638623,1.7749941438213104,7373584.6562216785,1.097799055684864,0.9821563523565,1.2990328279295191,1.26807861328125,5903665.633333334,2.871430871714562,2.4660358554449933,3.5258256844319464,3.3026656572564685,64.02233657988864,3.204423589228073,2.3219891185483226,4.258649500686448,3.339514483236107,72.76200286502123
918,CNQ_TO,GRU,2023-05-01,2025-05-01,19,1.2890677324772788,1.2535258771632514,1.705541782551411,1.4773047994401134,7308125.539545046,0.8621628943560099,0.9331939848978412,1.0721884402103254,0.9583936055501302,5711400.033333333,2.2682984902455763,2.366233009192705,2.9327778675324545,2.52605454368346,59.10304989719543,2.6513116429449264,2.152862986592058,3.7814915641106417,3.098587268888473,65.62289431273854
919,CNQ_TO,GRU,2023-05-01,2025-05-01,20,1.3605013149288026,1.1654841471842134,1.8591180109415248,1.5758263846498368,7411898.029603739,0.9471295510850845,0.8278714286130285,1.2522974771958546,1.0267335255940755,5790397.733333333,2.4941337776727144,2.0981859203020408,3.3939078802072613,2.700574747624916,56.37253621989971,2.701470720018649,2.102833829307163,3.927394083531994,3.260906389981832,59.64486263318496
920,CNQ_TO,GRU,2023-05-01,2025-05-01,21,1.8524637538410749,1.1317035472503836,1.603045135443855,1.5160728641233183,7360059.37072232,1.351503653936854,0.8249055339801856,1.2607317131050344,1.1467740376790363,5856005.3,3.5164305656371098,2.0935294642353672,3.3544958575713246,3.000598478036219,61.671039963644105,3.486699534927287,1.98733840239461,2.795872826281672,2.7481530521331616,68.62075571545464
921,CNQ_TO,GRU,2023-05-01,2025-05-01,22,1.3401856133677086,1.0694244151883914,1.640749552840905,1.5215035735741689,7416522.679464667,0.9284143517202662,0.741996394174608,1.031335840302011,0.961151123046875,5908937.166666667,2.446546825916484,1.8763486534757807,2.8170670750414937,2.530773223368437,63.03728200496711,2.675878008856206,1.972488280098118,3.621199775604894,3.238760992641676,70.43841862450707
922,CNQ_TO,GRU,2023-05-01,2025-05-01,23,1.2235135618092414,1.0657714078559617,1.6240168899837952,1.4126090218291585,7363891.067093803,0.7954153203947345,0.7538204646042175,1.0098975709552065,0.9412428538004556,5809112.3,2.104288666757331,1.9100640879806965,2.7594813994504617,2.471283893321629,61.254497341529856,2.5712871023866124,1.93511847266552,3.60693229992739,2.8501971461799216,68.34481604220785
923,CNQ_TO,GRU,2023-05-01,2025-05-01,24,1.8599530712746664,1.1058773203372594,1.445498400286279,1.5657764051588268,7338527.646720746,1.352723572145898,0.7948544925225899,1.1336541018175994,1.0171632130940755,5604549.25,3.532656940993599,2.003556137025498,3.017744024132456,2.6827488123835286,53.41391694267782,3.50423450536137,1.971689735411932,2.5492385287352577,3.2489533009631546,56.45673246736728
924,CNQ_TO,GRU,2023-05-01,2025-05-01,25,1.353038246612407,1.131275015864909,1.6173247296833886,1.5530323528623786,7410601.69427323,0.972217757481985,0.8465461314569244,1.1114592441428863,1.0586795806884766,5862860.0,2.540817759166099,2.1361450479889457,3.011775588193462,2.774171511770868,60.18725824849,2.5643836116122056,1.9157853829951168,3.347460026934481,3.100062115564401,66.15213987376465
925,CNQ_TO,GRU,2023-05-01,2025-05-01,26,1.2296177861574344,1.0980633780363154,1.6146336046189549,1.450519264683579,7344447.965124856,0.814606734874813,0.8173770688837744,1.0745089557822072,1.0094745635986329,5767019.433333334,2.1588314418414947,2.076511279341504,2.9295528733312195,2.6550257335730625,62.80141829834928,2.54762141973594,1.8836962944653508,3.4627139832137326,2.8523118408010144,73.06911232407943
926,CNQ_TO,GRU,2023-05-01,2025-05-01,27,1.352752405822299,1.1999110368235868,1.5977324253289726,1.4091032310894918,7295203.385109123,1.1161475415718725,1.0228515899555608,1.4066331527294482,1.143316396077474,5721916.266666667,2.9049437646119123,2.5732373471985333,3.657043930160517,2.9658783061394947,59.9187812840957,2.110089800941517,1.5687273023971624,2.0193491637186303,2.2187172020153976,66.59532946508804
927,CNQ_TO,GRU,2023-05-01,2025-05-01,28,1.3922955262417804,1.4390964503402188,1.7684386905299974,1.841844788736124,7289378.796612178,0.9695479103218172,1.0723492728513098,1.1875675216288517,1.2435757954915363,5748747.8,2.538087471367852,2.704403089190232,3.2173502041773405,3.2603306122843163,59.39841220197093,2.732662999718742,2.456919647691709,3.7075700333920736,3.68986108799823,64.76867471373147
928,CNQ_TO,GRU,2023-05-01,2025-05-01,29,1.4673165545397524,1.0928794152378811,1.8083177420918024,1.4834367985635009,7495343.4072369,1.045139550678183,0.8236005260456153,1.2339459346192676,1.071728261311849,5983825.733333333,2.748415775134255,2.1001699099228004,3.351710808203718,2.8098391364649355,69.27269713354869,2.87511620440768,1.840417065095516,3.779695763930498,2.8001073173958897,82.51203558829178
929,CNQ_TO,GRU,2023-05-01,2025-05-01,30,1.169867133795657,1.0622511407110218,1.40964807073532,1.4372446520313698,7293336.23569824,0.8152892282412422,0.7510200577537111,1.0477339177390474,0.9505160013834636,5691726.75,2.149041084763896,1.9080619420954688,2.7963619467047187,2.5033036816560346,57.56948418263723,2.315602275262374,1.9382085155139248,2.661387095593511,2.9543836392030127,63.45653890759304
930,CNQ_TO,GRU,2023-05-01,2025-05-01,31,1.4886146686177202,1.199137572137119,2.01663936840997,1.744721080504258,7297400.607164293,1.0030325158863318,0.8443877679319063,1.327307745532058,1.116094462076823,5684944.8,2.636959553844472,2.1438926372682543,3.596792570292959,2.931836169679336,56.5832209205148,2.996248180850687,2.1906240393264427,4.306473096336454,3.686368039662196,60.15764665148051
931,CNQ_TO,GRU,2023-05-01,2025-05-01,32,1.3850575694804022,1.2918838199870768,1.8414123799853408,1.6970210276951148,7383964.733096306,0.994351648168351,0.971430665474224,1.265305721374019,1.1348936716715494,5831047.466666667,2.611589506237512,2.450027960497624,3.428050806363115,2.985477409375332,63.5500519651191,2.653251859995508,2.175517096224356,3.817287071213513,3.451867120174533,73.85311263858982
932,CNQ_TO,GRU,2023-05-01,2025-05-01,33,1.217589002373108,1.367137518734213,1.6058580037209258,1.668925269945973,7514721.423683222,0.9249447995618958,1.0406653736220284,1.1639203060281542,1.1831307729085287,5985662.466666667,2.402697233734589,2.6148339275076653,3.087704154026082,3.0897088619806685,64.74432877337308,2.115157916201265,2.254914509258072,3.0499625852926635,3.1889435325864883,75.19609157633735
933,CNQ_TO,GRU,2023-05-01,2025-05-01,34,1.2249524966129932,1.1411515026084946,1.5654432402416192,1.526789154335193,7414103.298171083,0.927974116777498,0.9535863515115504,1.2602803072619355,1.280894724527995,5744420.2,2.4307666563511514,2.400260186151164,3.350513467375694,3.297017470981292,55.466265282517526,2.241792187387392,1.575549952025209,2.645080315497541,2.216253080886281,57.78327067342682
934,CNQ_TO,GRU,2023-05-01,2025-05-01,35,1.288573549087253,1.010653518489394,1.706688160291158,1.461331473124006,7447463.115566876,0.8962226238746024,0.7278173737564828,1.0906539716370116,0.9959087371826172,5855251.733333333,2.3635967039966457,1.8459887323589983,2.9818239673362044,2.617027234586423,57.02082824789692,2.607775009829553,1.7883650882449391,3.757640682914833,2.9094098523444085,59.97864219666835
935,CNQ_TO,GRU,2023-05-01,2025-05-01,36,1.4078922949937438,1.2072192968413908,1.750111561804783,1.5665099648721612,7417868.801257037,0.9754509002481184,0.9668951454625504,1.3151037602683442,1.17221310933431,5849926.033333333,2.577640123890521,2.4446250865893493,3.5341366333114093,3.068846104393068,63.65798812960889,2.8391235493330043,1.846673605489611,3.3034689140318907,2.861283308917639,74.22614356379296
936,CNQ_TO,GRU,2023-05-01,2025-05-01,37,1.4087132382517749,1.1824673949482103,1.7112803172211566,1.5414349541205603,7419989.801385838,1.023331521926972,0.9360332188177988,1.195267574573586,1.0727567036946617,5889634.566666666,2.6806872528614853,2.3650232519156584,3.225392964238579,2.8144381288318425,62.73266888927158,2.666558207559252,1.823758545550992,3.468443855564154,3.02726539661603,69.80105438961368
937,CNQ_TO,GRU,2023-05-01,2025-05-01,38,1.1891025098246837,1.030069531891251,1.584945362234998,1.4781112444253173,7351123.943050231,0.979248352820792,0.8144366592388664,1.2021079767803886,1.1306952158610026,5782978.566666666,2.558246271500676,2.0675148728190367,3.2181302138013868,2.946375187116233,60.18490588364577,1.8702653907661688,1.6063962004145391,2.9352823688581418,2.589333401091376,66.08855232353156
938,CNQ_TO,GRU,2023-05-01,2025-05-01,39,1.3249533109136795,1.24379385586881,1.7359590342038973,1.625523982714464,7367402.526114901,0.9942048147858238,0.8452928057769123,1.1352829186627431,1.3468514760335286,5735598.633333334,2.6065124817436978,2.156801757185016,3.094613777671614,3.4956608181935107,59.04302192998062,2.4010702524948893,2.361189256821612,3.7528957814985615,2.48582744551308,65.43089510190572
939,CNQ_TO,GRU,2023-05-01,2025-05-01,40,1.423294502224375,1.191797397790449,1.6680897957483218,1.6787572909376112,7373515.470921509,1.009137499264822,0.8947600128339327,1.134050996456131,1.1030198415120442,5695272.833333333,2.653385439677048,2.260424410816716,3.064665244764158,2.911796059439414,56.94254870052985,2.799281006804998,2.005890902066331,3.465328648660848,3.5116265143381296,61.70526076750256
940,CNQ_TO,GRU,2023-05-01,2025-05-01,41,1.189717714331394,1.0690751355236718,1.6714256061974484,1.5234998701206148,7426772.064270433,0.8358597909532485,0.7878521004509451,1.1216690359433723,0.9894303639729818,5854577.233333333,2.195222998676723,1.991542674830819,3.0392343012696745,2.6068483397685616,61.40353898118202,2.313052953263856,1.840332847019269,3.517837097082942,3.179431988051593,68.70752188918694
941,CNQ_TO,GRU,2023-05-01,2025-05-01,42,1.384555916569998,1.135372100259133,1.747695833059982,1.5627332340118354,7299452.064340949,0.8781007828157781,0.853535185542303,1.0831411197028706,1.0311681111653646,5698511.533333333,2.326631867714684,2.165101907360376,2.963899116559225,2.720542801036032,58.5274538107179,2.965688821710943,1.914405858080699,3.91976161330201,3.2323252201971755,64.54934003951257
942,CNQ_TO,GRU,2023-05-01,2025-05-01,43,1.3321182219405172,1.088675337384326,1.805091813287148,1.4452052059539764,7402802.57745711,0.907938643953106,0.7269452409649172,1.2624088583310678,1.037420654296875,5821452.166666667,2.400426188929381,1.8491517050738764,3.404615353270521,2.715797297130016,60.293948764155495,2.7051810206409352,2.086724691209873,3.662738626583901,2.701275491095647,66.94273422600415
943,CNQ_TO,GRU,2023-05-01,2025-05-01,44,1.396546880233237,1.072718045876463,1.7301226857095362,1.4628576234078732,7486512.830878523,0.9157947457470628,0.7702808590677951,1.1783451871513555,1.087331771850586,5966988.7,2.424718059612583,1.958102118094612,3.2082812138994417,2.845658269192206,69.3913988444421,2.932306953149807,1.911894843526433,3.62719050219798,2.676478872346137,83.26342136511245
944,CNQ_TO,GRU,2023-05-01,2025-05-01,45,1.3963006231737047,1.100154773380221,1.6709168589163883,1.4322705825424795,7268909.18508601,1.107644912263653,0.8080141465844856,1.2465855667055188,1.158273951212565,5628623.433333334,2.8849426425387863,2.0515832312011804,3.3487455540782625,3.0111107657507943,58.34073844570669,2.315545281718947,1.916570040997006,3.1893933930621,2.291974838028522,65.7420367539165
945,CNQ_TO,GRU,2023-05-01,2025-05-01,46,1.3054571776308814,1.091394607871274,1.6559146472085338,1.5003891066156496,7439983.791005119,0.9196253658094689,0.7523079441551052,1.2184430190980968,1.0900441487630208,5867274.233333333,2.4246444218467453,1.9105924343669387,3.2647531714811424,2.85978753463753,61.02837597332853,2.5626558522837377,2.026692483059661,3.1684371203216486,2.826063250470623,68.23746455986004
946,CNQ_TO,GRU,2023-05-01,2025-05-01,47,1.219244704995584,1.081290877619059,1.426473962422982,1.4671534186148087,7333829.545497093,0.9380446294894323,0.8266805450308562,1.06907605017316,1.044403330485026,5759731.5,2.4475050766486306,2.1006469222640427,2.8657870275641537,2.741225372876434,61.712754654137726,2.114850175762268,1.7766229656039647,2.671429237879089,2.811077701229247,70.80337987288866
947,CNQ_TO,GRU,2023-05-01,2025-05-01,48,1.2340716307482926,1.1691438603266169,1.6341291756250436,1.526345155740595,7375642.996193005,0.9126926258328056,0.924609472073007,1.103075622001014,1.0520329793294272,5790467.933333334,2.389043723422542,2.3395123125010886,2.988131283599208,2.764151346661734,62.29818474767467,2.2756218514288005,1.8086854960966807,3.410965331813625,3.0083029734446964,70.91375489974251
948,CNQ_TO,GRU,2023-05-01,2025-05-01,49,1.3840529521261622,1.1587981426502103,1.632353920457768,1.6369733338588277,7327128.726817771,1.1298114258471097,0.9411653959536715,1.368002983320653,1.2177167256673178,5685831.466666667,2.924145901092868,2.3811584095527927,3.606623063823057,3.179001706428323,57.01486499995742,2.146877417704917,1.7176819793261406,2.4970265411245003,3.015148741505692,61.18973668485149
949,CNQ_TO,GRU,2023-05-01,2025-05-01,50,1.18499058671537,1.1978912198882017,1.6810521826053582,1.6493462230675973,7355532.670367873,0.7933376264160039,0.9175008288482014,1.162316265235238,1.1038756052652994,5740404.066666666,2.10155315009319,2.3100280180398336,3.1353643436784053,2.9034419756357903,57.35172595357736,2.4823619046622984,1.955361585395507,3.4311794279158385,3.337756408305316,63.31189909570038
950,CNQ_TO,GRU,2024-01-01,2026-01-01,1,0.4904631758161492,0.6869248987422433,0.8060618989192173,0.7472248429417329,11061815.973225389,0.4004463403571516,0.5320165897660947,0.6605826896885684,0.5369954427083333,9272008.5,0.8789349908185757,1.1534905457919484,1.454421530326074,1.178190028733764,87.24602166478897,0.6174090931705304,0.9313878480593676,1.0018365944603984,1.1491583577134867,211.0457986138128
951,CNQ_TO,GRU,2024-01-01,2026-01-01,2,0.616047059276577,0.7904198367489642,0.8628620554687958,1.1921653005208686,10840273.384046149,0.5091746695610482,0.6479037715969104,0.7060680754062981,0.9451672871907552,9172587.666666666,1.126073410999238,1.4175353757873952,1.5806051749789003,2.102224670803908,91.16047941564304,0.7821174530234674,0.9997204711733308,1.1373664319980463,1.6495172829243745,222.4938179778804
952,CNQ_TO,GRU,2024-01-01,2026-01-01,3,0.546246874427856,0.7737277228835469,0.796284917004909,0.8318267245713075,11125657.188007563,0.476301624353322,0.602407823226352,0.6813737132217947,0.6980264027913411,9419741.6,1.048819882603424,1.299106733785357,1.5086955838500269,1.533726227169154,91.73569669230906,0.5850077832219249,1.0229970096261292,0.9144177281081898,0.9957197114794962,219.68747142997427
953,CNQ_TO,GRU,2024-01-01,2026-01-01,4,0.5520429120799862,0.7481117511927928,0.779226564425509,0.7780635217227382,11770661.259953456,0.4472547502429629,0.5806168963963112,0.6521699365984038,0.6337689717610677,9689626.7,0.98232111127238,1.255803816471508,1.4385070708578305,1.391360565710575,81.28020448683249,0.7102483004613946,1.0038393437676358,0.9267296817572293,0.9818615999841468,184.7002717806153
954,CNQ_TO,GRU,2024-01-01,2026-01-01,5,0.474578786374305,0.6561811554646302,0.707543636704197,0.7030226410970472,11342552.251612166,0.3780641395216818,0.4862865026162453,0.5671337122806671,0.5623353322347006,9564240.166666666,0.8316889327848886,1.0521410423615123,1.2602872293630658,1.235791833277213,88.48241567776984,0.6266110392359825,0.9457972085110212,0.953391604345957,0.924571425746821,208.97785334900115
955,CNQ_TO,GRU,2024-01-01,2026-01-01,6,0.7591848175184601,0.9158353508592372,0.8837196994174852,1.1106107488263246,11589691.258695448,0.6422459265729487,0.7895887319650304,0.7544047421586545,0.989242935180664,9652546.8,1.4141189286798423,1.7158912353648452,1.6691562278951706,2.1797134884007554,85.19862201050591,0.8903507186816474,0.9939240875165268,1.0044141541007852,1.1138182975796935,197.8938288562228
956,CNQ_TO,GRU,2024-01-01,2026-01-01,7,1.007739460833577,0.7711929811708009,1.3999744067733328,1.589685722279624,11105619.810164236,0.909495108526392,0.5700578533359685,1.2626756780711366,1.4587512969970704,9355123.9,2.0056962904620184,1.225144749717796,2.790666508617048,3.1960897834975417,87.65690679115752,0.9630350965979438,1.0936585116067317,1.30448985813315,1.3418970109461246,208.27840285255107
957,CNQ_TO,GRU,2024-01-01,2026-01-01,8,0.5034150226140263,0.6891907180580444,0.7647940637307853,0.777232846036177,11747306.854115326,0.4155825083925786,0.5296856017423939,0.6245686176639064,0.621066665649414,9817991.8,0.9136685032009398,1.1455507030332128,1.3818373031407367,1.3589106873461494,85.00688894308762,0.6205974186781719,0.9365691890830342,0.9608847116138398,1.0093722280549615,194.95623857483497
958,CNQ_TO,GRU,2024-01-01,2026-01-01,9,0.6213493094366761,0.7215418841175951,1.1104043707745377,0.7236034870288713,11164683.69782658,0.4761051543609715,0.5522439812023809,0.8640398890814391,0.5439937591552735,9366676.333333334,1.0496281519992778,1.2006287708043972,1.9364807888831488,1.2008107810459956,86.89927681405632,0.8864252279104642,1.0090310279882586,1.5927120391426328,1.052775141150313,206.6820466475922
959,CNQ_TO,GRU,2024-01-01,2026-01-01,10,0.6345323824334425,0.6438870292939173,0.6911166782649653,0.7366892947062268,10963792.862052804,0.5017218035783425,0.4824678908257306,0.596018686584145,0.6130568186442057,9297937.966666669,1.1071874622637394,1.0461854111224391,1.3230349574239944,1.3472392087770697,90.82088632353668,0.86744111798877,0.9184981963379788,0.7861945981890576,0.8884267376327276,217.80411980675743
960,CNQ_TO,GRU,2024-01-01,2026-01-01,11,0.5213266569089325,0.7874873229894903,0.6719994122437484,0.8458938056445726,12559550.29650224,0.4162244350826526,0.6256221448165955,0.5441552468311154,0.7081349690755209,10306533.166666666,0.9111774943247436,1.3526139692718713,1.2012163195100796,1.555562816138872,80.05969050045694,0.6782383228878845,1.013444573351301,0.8605427271781054,0.9999283173730938,174.24926798409587
961,CNQ_TO,GRU,2024-01-01,2026-01-01,12,1.004212954677509,0.8074128521258735,0.7494594098442897,0.8292661037745125,12688376.338306112,0.8831176995674047,0.6647405297464227,0.6367715865855488,0.7023611704508463,10491314.066666666,1.932311402428695,1.4371538264842016,1.412330668381212,1.5408340791270736,79.92002174222858,1.025860795252186,0.9659053370248074,0.8869661712532423,0.952526661289725,170.47511043121878
962,CNQ_TO,GRU,2024-01-01,2026-01-01,13,0.5260332049081525,0.6332738720140132,0.7681911772846644,0.7383168545499242,11563385.99573868,0.4268249387031327,0.4532220960973613,0.6195152596629091,0.5465323130289713,9694138.0,0.9403610747206824,0.9784263270023544,1.3766151086552183,1.2025587186749889,86.99575687685059,0.6838649574313975,0.9408625491035,1.023897276090754,1.1018958230759974,202.6351745309927
963,CNQ_TO,GRU,2024-01-01,2026-01-01,14,0.6441212088681962,0.6591022045638283,0.7173421859495682,0.7043918177962066,11784493.194066323,0.5219198274386524,0.5057376460926089,0.5308169543796969,0.5147017161051433,9834256.5,1.1542481708663557,1.097072479234669,1.181893894776519,1.133577844505415,87.12118587766064,0.8465205526789177,0.9127560187310538,1.0763031247934942,1.0594122851075127,201.1732240853573
964,CNQ_TO,GRU,2024-01-01,2026-01-01,15,0.5802449680174289,0.7964300290730137,0.8098948161130584,0.7949707942897882,10889786.488098796,0.5007268932445276,0.6817328113652602,0.6904874398991836,0.6472418467203777,9278006.8,1.1069468418318682,1.4889865703127334,1.528091777261051,1.419328174645555,92.1624780595578,0.6580585068284358,0.8965455027582728,0.93990433159876,0.9951471943095724,220.3545612822277
965,CNQ_TO,GRU,2024-01-01,2026-01-01,16,0.6534047574642302,0.6907910821947024,0.6953541522165063,0.7956919319015461,13500172.571070604,0.5557249962118003,0.5131584064364622,0.548523904670823,0.5893660227457682,11031164.266666668,1.2182487053710318,1.1116040808291645,1.2159311165886322,1.296544726064225,76.92267179416564,0.7409046061737297,0.9957708558839188,0.9571931209694554,1.1907033071436457,152.38648927158567
966,CNQ_TO,GRU,2024-01-01,2026-01-01,17,0.6172685570547473,0.7123105458554924,1.0806789072711591,0.8742963773838647,11176922.335725397,0.5173142352055914,0.5316692356828435,0.8789737034569792,0.7264762878417969,9504973.0,1.1429033516960752,1.1456813987003136,1.969199105922803,1.5913215852973548,91.76062487555996,0.7546629713728652,1.002895132005387,1.442645965843035,1.0574012215803672,217.12947080123263
967,CNQ_TO,GRU,2024-01-01,2026-01-01,18,1.0061565331917215,0.6293687463092087,0.8918092372443306,0.7342196134166974,10921721.572834363,0.8208350262252035,0.4602323584817933,0.6785020024726639,0.5859853108723958,9242293.7,1.814042862811225,0.9969630830451344,1.5169276271542762,1.2918037970635514,93.7106814149438,1.2964308903318251,0.9213115983754308,1.3161000547763322,0.9684500877204684,233.0425669010825
968,CNQ_TO,GRU,2024-01-01,2026-01-01,19,0.584528126569694,0.8757331266365344,0.773785996295581,0.8030374035913836,11314124.293392586,0.4585389539161312,0.7304276277393612,0.6889667298256631,0.6847390492757162,9484455.533333331,1.009557899971423,1.5821103100690646,1.5303887222773604,1.5060284040386804,85.81303589078286,0.793606167769853,1.0243438006816834,0.7827920073463717,0.9164118388087796,206.34466571772333
969,CNQ_TO,GRU,2024-01-01,2026-01-01,20,0.8321903653936878,1.0663247497482902,1.154224247937054,0.8387727708008904,11380304.512359362,0.7164142846504125,0.8861109834690718,1.0007554454178622,0.6937394460042318,9575099.466666669,1.566452624041658,1.910461675170616,2.206088542425241,1.5185328012466592,89.0255067551701,0.9101327295690984,1.245300035879843,1.2338710559625603,1.0134497349588376,211.76893860105645
970,CNQ_TO,GRU,2024-01-01,2026-01-01,21,0.6983279626582707,0.6959729694612298,0.7551442891781678,1.4531666035743376,11624583.900624892,0.5764164346483838,0.5223312031705921,0.5900969955453415,1.1817036946614583,9821788.866666667,1.273296772869023,1.1281204744695756,1.316921127633225,2.6342512441365407,91.3946897855698,0.8820207203598008,0.975660529605638,1.0623201328113083,1.9314011600531,212.33715071286184
971,CNQ_TO,GRU,2024-01-01,2026-01-01,22,0.5653326340743675,0.7300903700614029,0.7341599763866526,0.824966836396982,10533838.792348454,0.4565768881546181,0.5450615252728852,0.6239502284791233,0.624637222290039,9080911.733333332,1.0065584581436555,1.1830390612321764,1.3838868482671962,1.3753144049990147,100.17867580610522,0.7393857689498606,1.0506242661690388,0.8645308057269072,1.199603236135029,247.9515397831113
972,CNQ_TO,GRU,2024-01-01,2026-01-01,23,0.5486427569633928,0.8154428879754336,0.7013477020018122,0.6936320204794902,11236098.333439974,0.4780394383224845,0.6692411095804071,0.6064199673051737,0.5216759999593099,9487909.833333334,1.0508615580672336,1.4493093848916925,1.3444804798386478,1.1477606059454937,90.7316178968524,0.5851168690041719,0.98677819532788,0.7828769577093627,1.0064603827937268,218.5900834367495
973,CNQ_TO,GRU,2024-01-01,2026-01-01,24,0.663018438965171,0.7036134771233523,1.326403131684942,1.7158892636840846,11095639.013649054,0.5767777264606532,0.5572784592376522,1.195733268633423,1.5851140340169272,9351486.033333331,1.2680340649465685,1.2083086395715898,2.6534306794290443,3.494262290947973,87.03547068523056,0.7091174857619673,0.9168742317084002,1.2751797356935224,1.466206532081869,207.9119321002488
974,CNQ_TO,GRU,2024-01-01,2026-01-01,25,0.5771746985885993,0.8720263822838633,0.9320354071793332,0.7314411602484792,11086114.539826533,0.4799422090748839,0.7429442411464351,0.780723732804015,0.5421609242757162,9449192.3,1.0600893383888916,1.6279361055001742,1.7223338777289692,1.1859454919952794,93.7451070812949,0.7114051819695317,1.0087455299763275,1.101754595718804,1.0779817890265726,225.1916151520964
975,CNQ_TO,GRU,2024-01-01,2026-01-01,26,0.5907930706254637,0.7079400357055164,1.2470186603966944,0.7329296671882258,11852576.78921397,0.4554734923805801,0.5588070146294281,0.9426601398717868,0.5745010375976562,9861256.666666666,1.0028746063353162,1.2176067651833815,2.108596866785778,1.2689620087795903,85.24119536204854,0.8285359074535666,0.9435438623493756,1.842356051457941,1.005977840869503,197.47686487319748
976,CNQ_TO,GRU,2024-01-01,2026-01-01,27,0.7087821775323446,0.7231802349359777,0.6976495891538749,0.9016963289703132,11035040.190368475,0.5621480053277007,0.5523026884390201,0.5791769832724545,0.6901167551676433,9270948.5,1.2431318555621902,1.1920074705883872,1.280990132843905,1.5241359749635377,88.00607940693328,0.968000595249702,0.9887221950733244,0.8567395073111668,1.3034839920214234,213.19881481502287
977,CNQ_TO,GRU,2024-01-01,2026-01-01,28,0.504817577843113,0.6849294714389134,0.6691305735367727,0.7303264219572594,12056733.925647512,0.4124715730627021,0.5004360288832904,0.5455229340062999,0.6025988260904948,9930300.666666666,0.9071919203837296,1.0769965238375152,1.2057163980892234,1.322717413144906,84.69654172120858,0.6442602571667205,0.9882424744166596,0.8542225110513233,0.8986302235739558,196.453454295444
978,CNQ_TO,GRU,2024-01-01,2026-01-01,29,0.7361189924067142,0.7114412563959271,0.8035203504275702,0.7491961824098274,11638786.38784258,0.5955285264769746,0.5474473321997706,0.6741638087929014,0.537518310546875,9749529.833333334,1.3038793098962165,1.1818562357235258,1.488631230255813,1.181146189793781,86.58619220668827,0.940025493137627,0.9606945794133944,0.9534862617049528,1.1583533572640872,199.6984601586588
979,CNQ_TO,GRU,2024-01-01,2026-01-01,30,1.4122384662143412,1.053082328082578,0.7608403724552383,1.0897632942696565,10040982.44774797,1.2730297550946796,0.8359450574955342,0.5792202435437559,0.7911514282226563,8298911.9,2.8071205430318136,1.8250888282284536,1.2885302968734131,1.7439681849670503,111.29598418604768,1.3532694648384058,1.407631065335413,1.0928271273442562,1.662335830345501,291.4939827643578
980,CNQ_TO,GRU,2024-01-01,2026-01-01,31,0.5481099746858916,0.8740578097710172,0.8376251962467455,1.0586433372916852,12308328.115433788,0.4463822940461128,0.7039501290314679,0.7124221770256682,0.8800750732421875,10052712.9,0.9807110105100768,1.520011310325228,1.58392769806336,1.926402769074063,80.6220917510177,0.7006294169038983,1.0911163483182698,0.99798320675386,1.2729469155126545,177.70546167395628
981,CNQ_TO,GRU,2024-01-01,2026-01-01,32,0.6007851750521379,0.6298878589758404,0.685418030014333,0.6801882391877231,12087864.828987114,0.4887627713675134,0.4752032666150962,0.5686949316363259,0.5089045206705729,9929843.366666667,1.074307071335152,1.0283683397415957,1.2553263933946317,1.116591128424299,81.91510676628188,0.7669771654269391,0.8828908656699305,0.8362239769743948,0.9896426915499882,186.8337965045604
982,CNQ_TO,GRU,2024-01-01,2026-01-01,33,2.0941554000639493,1.2223050196655263,2.36882279147854,1.4142047518299374,13877518.248482322,2.019737352702434,0.9662565286238772,2.24878623817042,1.2322525024414062,11672735.45,4.4305639821354585,2.0732544780778843,4.965868416624297,2.688549020501841,79.64291085350604,1.153742312434078,1.570522862027697,1.5561958326732075,1.4670467320534804,141.2832363273243
983,CNQ_TO,GRU,2024-01-01,2026-01-01,34,0.7358228040167748,0.6330374667195948,0.7295031538771073,0.8471434299545065,11481976.90018486,0.5845360485486784,0.4648064996651195,0.5833785096748277,0.6619426727294921,9622434.233333332,1.292769278267351,1.0057593276294263,1.298692045685219,1.4654880842760405,85.50132502412858,1.0010390513119714,0.9183604269991692,0.9790348850760128,1.1725543781484071,196.2854947091001
984,CNQ_TO,GRU,2024-01-01,2026-01-01,35,0.8598414059060546,0.848938074807619,0.8047463274037814,0.792521867801069,11880870.778121872,0.6503570127205971,0.6990973463561232,0.6948210297094249,0.6314128875732422,9812783.233333332,1.4375475599073015,1.510958581074388,1.5372506521130818,1.3852452820550964,83.16029364928004,1.2545427868115082,1.0136273992561855,0.8927801284928061,1.0532723711026089,192.2568350691168
985,CNQ_TO,GRU,2024-01-01,2026-01-01,36,0.5760753610457098,0.6652258994694131,0.7068610707246581,0.7801573828758518,11846755.863553612,0.4596209640969571,0.4843174125910906,0.5970322516476216,0.5956261952718099,9848869.5,1.012083950757496,1.0461517587481757,1.3220342689890578,1.308176138165897,85.09152570914654,0.771921104676773,0.9726799630651144,0.8374377879218605,1.1137696049360684,195.2841174876729
986,CNQ_TO,GRU,2024-01-01,2026-01-01,37,0.5631391614744631,0.6496430567167041,0.9687705992335136,0.7833788310963298,10405672.563502152,0.4437439877258811,0.4899561021868711,0.8256529165687364,0.5893783569335938,8875953.833333334,0.9703816441174278,1.0591212798135323,1.8213851442386588,1.2908393096991286,95.14419503378411,0.7521477731196078,0.9085565716478028,1.0922201894782222,1.1368786246604474,237.5065609926844
987,CNQ_TO,GRU,2024-01-01,2026-01-01,38,0.4657215169772387,0.6229713159008008,0.7069687342619134,0.7251874955765251,11981868.361343414,0.375473955836866,0.4427326216748928,0.5667107281978413,0.5967358907063802,9968308.266666668,0.8255140784903109,0.9549233608358187,1.259457313559909,1.3143720423459522,87.02564778425369,0.6064003720629116,0.9318329190462998,0.9480555487568704,0.9018051951493056,200.64476306330985
988,CNQ_TO,GRU,2024-01-01,2026-01-01,39,0.5347394253998594,0.8247620641365216,0.8275845868851823,0.851089186929689,12372609.047723437,0.4355640465888679,0.661361559089247,0.6840295124341969,0.7049158732096354,10195461.5,0.954249514476584,1.4352576284632843,1.5205504823747211,1.5450894137831157,80.9787443958775,0.6729973527292571,1.0567875486889626,1.0538430445614526,1.0385959292194062,177.80385691780015
989,CNQ_TO,GRU,2024-01-01,2026-01-01,40,0.611792607226374,0.6750168737913665,0.8938780800057936,0.8536965063596061,11518662.798026947,0.4782116392004151,0.4976307033822451,0.7009423686942938,0.7032171885172526,9629253.4,1.0545428031952595,1.073395224453235,1.56494382676387,1.5421768917286718,85.70834235357013,0.8425169331306201,0.9668397769383962,1.25747427174335,1.0628555663304458,202.806526442242
990,CNQ_TO,GRU,2024-01-01,2026-01-01,41,0.4709967287971944,0.754884936000014,0.6528140201524825,0.7112364954008,11552849.892408377,0.3795990300514669,0.5815793359839503,0.5499323116655253,0.5240561167399088,9846718.2,0.8350300459832005,1.252180579608394,1.2190283140508666,1.152632135065241,93.69329816407614,0.6091072331045752,1.0129237843643184,0.7825490308665244,1.0621032475784016,218.11540319360608
991,CNQ_TO,GRU,2024-01-01,2026-01-01,42,0.6938758017268027,0.6683386731689792,0.89063966010598,0.8409910999924853,11364735.261592658,0.5686593964558824,0.5104484915943563,0.7292906129160344,0.6242805480957031,9501896.266666668,1.255143880824844,1.108714013827966,1.6277481551711337,1.3798592034149868,84.70459040514385,0.8901472250069452,0.933495717496994,1.1550926583431806,1.2628888252623724,196.9573615746092
992,CNQ_TO,GRU,2024-01-01,2026-01-01,43,0.5251629558438018,0.7559741102851557,0.6942298789558597,0.7332544563981225,12032972.993101696,0.4156777552683053,0.5864321667596044,0.573939489525831,0.594119644165039,10100569.566666666,0.915222220325316,1.2751272898508468,1.2705108198775843,1.3080079983751292,88.60642027719659,0.7035935635645043,1.0363875701467355,0.8572952916194118,0.9395931179073548,196.9999241483575
993,CNQ_TO,GRU,2024-01-01,2026-01-01,44,0.5889590075379008,0.675675891313939,0.7727248599827266,0.7690680515315049,12212192.427610168,0.4677509706157598,0.5044033419496974,0.6328088093091968,0.5795132954915364,10001945.733333332,1.0316402601672094,1.092595538432652,1.4072386204704053,1.2724180472402746,81.48105752513135,0.7967580876265657,0.9680754958100376,1.0023038159872013,1.121850934165667,184.4381422772053
994,CNQ_TO,GRU,2024-01-01,2026-01-01,45,0.5406699341698394,0.8644267776655168,0.7937150199526117,1.0644348994478907,10431431.965151656,0.4406732217753533,0.7282091419995282,0.6641506220318831,0.9261505126953123,8898364.6,0.9695666029579152,1.5814185967372194,1.4755819422748824,2.04634655424916,93.95681539689508,0.6914490962903104,0.996537310456166,0.9682857581269584,1.1735369863620055,234.9384644281144
995,CNQ_TO,GRU,2024-01-01,2026-01-01,46,0.6852016624451699,0.7386933662869614,0.7625050389709795,0.8468803307974038,12736958.336617175,0.5373031674254676,0.5682850809375192,0.6607603298540018,0.7244225819905599,10516580.633333333,1.1880492198340329,1.227335251043204,1.461416478653212,1.591292821592713,82.52051960011453,0.9504468811556874,0.9990114820978944,0.8319955028596451,0.9539503408219864,175.00062121349518
996,CNQ_TO,GRU,2024-01-01,2026-01-01,47,0.4654160494820893,0.6338433842126259,0.7566293046066923,0.7367121649748694,11373440.799499957,0.3631004535362028,0.4444622717877176,0.6355923391901844,0.556979751586914,9621098.833333334,0.7975366735812512,0.957816735596454,1.4038779171102975,1.2188636786879234,89.46980136802966,0.6400802961060083,0.959526705509736,0.8914211111265185,1.05678754663893,210.68846986304607
997,CNQ_TO,GRU,2024-01-01,2026-01-01,48,0.7403049958939224,0.6211287149061223,0.8315364453626912,0.7012151726524752,11836372.71135733,0.6182530886221987,0.4563503117909983,0.6650609373687558,0.5090371449788411,9838730.3,1.3708906820499938,0.9855052129777035,1.4878842728487862,1.116914331761814,85.3653263470497,0.9142240735085796,0.897985160967733,1.1362858976846386,1.062325511879847,195.07323609793664
998,CNQ_TO,GRU,2024-01-01,2026-01-01,49,0.9884657151847478,0.89391844525282,0.8210375535837047,0.9459322304556976,12337147.483354,0.863626339088458,0.7679114604399653,0.7289923137286578,0.8206798553466796,10119821.3,1.912535556754403,1.6639191049358582,1.6201776887251864,1.8126121434803872,80.81156800498636,1.0884386731635995,0.9689152424342602,0.8402310534735252,1.0459778176627912,181.42370530491684
999,CNQ_TO,GRU,2024-01-01,2026-01-01,50,0.5149957282986322,0.7428038968854712,1.051749119660004,0.8950642076768537,11120754.944158277,0.4147239750832431,0.566440140641652,0.9374082004774986,0.7624492645263672,9287194.6,0.9109317538507664,1.2208933903630863,2.0807830531470417,1.670941500303795,86.32800764406817,0.674131780403217,1.016854727676392,1.060168220759769,1.0056026207745663,208.64308340353435
1000,BHP,GRU,2022-01-01,2024-01-01,1,1.429787084442286,1.315357990315882,1.6816302741199085,1.7875599206201267,841131.1994337506,1.266848292085237,1.0807034024407205,1.5095336264638404,1.5696127573649088,637599.1875,2.1671472209894054,1.8296538957166888,2.591533685444536,2.672371436715089,32.937380819038644,1.122156114670615,1.2621002051953414,1.24372810153498,1.4292857677711046,33.43295679529708
1001,BHP,GRU,2022-01-01,2024-01-01,2,1.4178915672381849,1.5365403364096877,1.1398797169678334,2.096014500689481,1036640.2835891732,1.2723978168179937,1.3661287983602295,0.9709839166899578,1.9043041229248048,811587.9333333333,2.19113914115256,2.3408935906291406,1.6923082728814005,3.2754029667355007,44.69749776494008,1.0810458310375406,1.2240518460277785,1.0639392911365286,1.5148904217806598,43.19895113328439
1002,BHP,GRU,2022-01-01,2024-01-01,3,1.8633075737503708,2.3148333341127527,1.8619746461908544,2.005242013881287,863955.9566048194,1.7278192342645993,2.1523236401711423,1.722420309609999,1.7891743977864585,634706.7125,2.941759221314299,3.6421598104814144,2.949977589586461,3.03407123517496,32.13880361805504,1.1074960955336874,1.356022023586961,1.129884820029736,1.4661767860944592,34.30749868152445
1003,BHP,GRU,2022-01-01,2024-01-01,4,1.122952638890785,1.2593014729092944,0.9151757607564296,1.4954128735161996,856637.7775818666,0.9294950596927096,1.041174706146303,0.7335877471965762,1.2614129384358723,651398.4041666667,1.5857947346942605,1.7629465986153054,1.266280846738785,2.1422749038419355,33.79376049250205,1.070788890219237,1.191372423531068,0.940106091479159,1.3441527381169858,34.25765510814426
1004,BHP,GRU,2022-01-01,2024-01-01,5,0.9499449906558676,0.8464453817684044,0.7086111761759474,1.1989115542730984,1002547.152370758,0.7707280043441644,0.6702767379111504,0.5693952215449654,0.9593758900960286,787985.4666666667,1.3213493325974657,1.1404063304288503,0.9905842740154908,1.6264508263342223,43.352120337166575,0.9536658499353916,0.8688124380517301,0.7352090059597466,1.205598373275626,41.68415790173413
1005,BHP,GRU,2022-01-01,2024-01-01,6,0.9322255786552628,0.8266162281160979,0.8793701945166408,1.1446776649392607,892192.6823375179,0.7478227888996298,0.6903387994516069,0.6968521883328793,0.912350591023763,676891.6375,1.288030641457734,1.1950284890622094,1.2245860975342884,1.5611106233188126,36.56166237715922,0.9658154106437836,0.7916989049545381,0.961292917373517,1.1800173691597695,37.37789596050206
1006,BHP,GRU,2022-01-01,2024-01-01,7,1.4168534580395804,1.176526518845961,1.1925754578586791,1.648317139781083,847549.5939143789,1.258834630382763,0.9446874026068665,0.9877241909952336,1.4379044850667315,627636.9541666667,2.150095626013861,1.5975257346918574,1.686694025116022,2.443828527106461,32.06317331750662,1.0923349810271517,1.1788370344285193,1.1216383781725898,1.33523585165541,33.815815902044164
1007,BHP,GRU,2022-01-01,2024-01-01,8,1.3646369521758763,1.555167514109108,1.0060171394667512,0.943448666762612,841790.7082972875,1.16800134791206,1.3296552700079096,0.8115185156628525,0.7322367350260417,624493.55,1.9962776699837963,2.253017368636313,1.3980184293932492,1.254838976292667,31.383685087113754,1.2080260374065497,1.359281149022484,1.0234115961552683,1.0164410332536138,32.594317645748255
1008,BHP,GRU,2022-01-01,2024-01-01,9,0.7275958093720979,1.0970557843910804,0.9475747971638234,0.9446047162265404,851368.267915166,0.5721783520878733,0.862903117243452,0.7477418209816612,0.7400642395019531,625898.7083333334,0.9876403534066924,1.46480777663546,1.288115707273315,1.2661341935107475,31.583900977874872,0.7762280859312845,1.1497480813306629,1.0006041090597662,1.0007193514223056,33.56693032439544
1009,BHP,GRU,2022-01-01,2024-01-01,10,0.6612891237807275,0.8410708229013019,0.7317286519775461,0.8012738056431953,836326.7872132069,0.5355870996334732,0.664351879877343,0.628476324503377,0.6238811492919922,613038.8916666667,0.9247489053942034,1.1322969288359768,1.0928478413721363,1.0736632722703856,29.815823015711125,0.6696733630077619,0.8702583591189117,0.650967165636348,0.8602248132412076,30.83784967650911
1010,BHP,GRU,2022-01-01,2024-01-01,11,0.6897081391815254,0.805733163784035,0.7479232280536902,0.8362974513988867,999783.9049165896,0.5525350555627466,0.6390656580522577,0.5859398561075818,0.6658593495686849,802966.9916666667,0.9583358900711936,1.1024372154187516,1.025672928339778,1.1522165754933458,44.41287873197099,0.7213814438922158,0.8466275173746355,0.8193361844592797,0.8789122270564449,41.02093426676781
1011,BHP,GRU,2022-01-01,2024-01-01,12,1.6979010918304769,1.7775657197964785,1.0965248414283266,1.888011396463927,848957.7279928459,1.5581369222528805,1.5980478731626786,0.89674124196763,1.6982362111409506,628323.475,2.664245117795536,2.7130628780479045,1.5339478656880492,2.893380767225994,31.925656126150503,1.1245222587793162,1.29982426855815,1.065218587099077,1.36727845954776,33.574485692637055
1012,BHP,GRU,2022-01-01,2024-01-01,13,0.7231769021585818,0.8830607444494997,0.6664168819538501,0.8470424249713503,852818.8684215036,0.5752314180088298,0.6728213988084645,0.5260686562101324,0.6586607615152995,622387.5291666667,0.9878232155124672,1.141396229605396,0.9093119378017702,1.1293249458716876,29.82620030567154,0.7454792383423671,0.963872329695815,0.7021471639877828,0.9100073963836232,30.85872612042053
1013,BHP,GRU,2022-01-01,2024-01-01,14,1.3230736923089517,1.0569143651972834,0.9930694321713364,0.8828658978712289,959314.541065272,1.176002795404275,0.8926442564263437,0.8350723772644942,0.6942264556884765,729055.4791666666,2.028866447169221,1.5290781040262194,1.4542024050959246,1.1995471910963549,39.81943471124013,1.0654845775004629,0.9760761714539004,0.9506740662268538,0.9434416697937172,40.59842801867756
1014,BHP,GRU,2022-01-01,2024-01-01,15,1.3225834143487174,1.9030791398741709,2.025895185763382,1.884845537659193,946887.3238962048,1.1630749207066564,1.738852926873616,1.8864990856516657,1.6870557149251302,729674.6291666667,1.982571821583131,2.9453377081191987,3.237257914448476,2.868487128995617,39.83941624531191,1.0500405733617233,1.260687889101126,1.19850336805999,1.382904166343402,39.52929701199959
1015,BHP,GRU,2022-01-01,2024-01-01,16,1.2368267518525518,1.2546943619693756,1.4349203024678645,1.4412588360629333,844580.7341272781,1.0574992320266434,1.0219862399359654,1.2253418590891658,1.1874144236246744,628242.25,1.8021691004970888,1.7256746148164717,2.098419168314546,2.013070369971752,31.795622020184744,1.0824684324738163,1.221942163005752,1.2638112486874211,1.3666080766370623,33.18981840652954
1016,BHP,GRU,2022-01-01,2024-01-01,17,0.8343770888534007,0.9382744307019676,0.9128446050318324,0.8848376810882621,888010.2190051421,0.709933175327073,0.8037515638303941,0.7572371432866625,0.7384151458740235,665314.7083333334,1.23132312277598,1.3879472445702623,1.3245606965271568,1.2815450360222287,34.85571366564958,0.7734123474804875,0.8521150512584227,0.906489852746042,0.850603382965073,36.22691653409527
1017,BHP,GRU,2022-01-01,2024-01-01,18,1.9053289102042847,0.922868017958842,2.1054638234128213,0.8895169305312294,1137803.985467166,1.778889765473909,0.729070126337304,1.9541908886301813,0.683004633585612,938453.4833333332,3.038228074813083,1.2425392570495863,3.3494168659487773,1.1717348635668514,52.21059040908387,1.1094824649221255,0.9577861406184224,1.264372633644651,0.9769672075249616,45.117970226312885
1018,BHP,GRU,2022-01-01,2024-01-01,19,0.7822174804491521,1.0769492181827105,1.8704454183344243,0.8887943530105781,856519.5480746706,0.6225718611894628,0.8739903931677117,1.697628719237278,0.7376373291015625,653097.6458333334,1.082538132795378,1.4848595747144977,2.9272580051646457,1.2801898943804806,34.46859512894244,0.8334989615437436,1.061448485792655,1.350616073452378,0.8618370045408297,35.02891909289693
1019,BHP,GRU,2022-01-01,2024-01-01,20,0.6594981781914087,0.7904175583267729,0.7298216255820413,0.8920838507544351,853711.3551492841,0.524374216428081,0.6142587047435988,0.5744841713746617,0.6968708038330078,623465.7916666666,0.902564358810409,1.0447631838749478,1.0017053577414512,1.1866022366130171,31.078853068930307,0.6823035180429669,0.8380914804284928,0.7882411255343379,0.9442521717245852,33.19239136391956
1020,BHP,GRU,2022-01-01,2024-01-01,21,1.264141163661256,1.7665684519913702,1.677725261550774,0.8519994119185074,904602.5507497732,1.1238478323383772,1.5959754983927816,1.532843200937786,0.7083248138427735,678925.0833333334,1.9352959530332288,2.7314292771268462,2.658488056410073,1.224762766561328,36.01319715119523,1.0035589537005916,1.3125529196441734,1.1971114166192507,0.8144673353432142,37.311968426396014
1021,BHP,GRU,2022-01-01,2024-01-01,22,0.6644365823179615,0.8265427139770103,0.7666152811529326,0.9888212466368292,857194.3672761738,0.5452799361938344,0.653337099315539,0.6122484793827858,0.7699556986490885,650275.475,0.9482374427853948,1.1148754813886117,1.0579914251058904,1.311030430083227,33.87052104061061,0.6669362158269322,0.8561716521528744,0.7929265321487421,1.048069732444496,34.28405565375282
1022,BHP,GRU,2022-01-01,2024-01-01,23,1.1622810422266223,0.7552709397302487,0.9478628141575752,0.8718197159990249,855437.7147346586,1.0081918538935055,0.5970942140125702,0.7589122648811006,0.6509400685628255,624172.425,1.7236676152239685,1.0282057044919073,1.3036802228224305,1.1128058038094897,30.973649595101804,0.9790710024065494,0.7919228292211797,0.9672585236243912,0.9885004545140031,32.81425250783648
1023,BHP,GRU,2022-01-01,2024-01-01,24,1.2595411909608996,0.9455339819029936,1.194350966285311,0.8571650433368192,979479.8667722632,1.1283889360678077,0.798189469285258,0.9695074960698868,0.6907574971516927,787694.125,1.94715504589059,1.3756055969063126,1.659896775645384,1.1996658388073682,43.7127788248789,0.989955417471723,0.8884254837635913,1.188196794445868,0.8836692288633784,40.463715692058045
1024,BHP,GRU,2022-01-01,2024-01-01,25,1.5898073804390531,1.6312778819303546,2.5207100587342777,1.6973760849775548,877169.5575802932,1.4280062815871903,1.4314012972349444,2.387127874917616,1.4850196838378906,662674.8333333334,2.430970852196436,2.41619700682646,4.091605110722773,2.520514885676393,35.09781027102339,1.14486876965533,1.282237448183202,1.2545774777433842,1.3539227852961575,35.94560086313848
1025,BHP,GRU,2022-01-01,2024-01-01,26,0.6645642877377684,1.013240995872425,0.7342318838627923,0.9968048321555504,882382.2139599902,0.535827154576681,0.8082082725000137,0.6081354781371192,0.7699920654296875,673966.4375,0.934855055067796,1.3687969689572903,1.0574346291937455,1.307784016276008,36.27230048133638,0.6889115644613836,1.0257653362351016,0.716761095861598,1.0666072467871983,36.63495916343172
1026,BHP,GRU,2022-01-01,2024-01-01,27,0.7282339580730627,0.796289831535693,0.7680777698959081,0.9824633107301356,856661.1137646169,0.6040862562504518,0.6299992106998571,0.6050050907165624,0.7692657470703125,645309.7958333333,1.0520306770319137,1.0863722159271822,1.0578929883579276,1.3192351712228692,33.51149167839959,0.7163954675502208,0.8332431331310234,0.8249505673728958,1.042480138001568,34.50823464129466
1027,BHP,GRU,2022-01-01,2024-01-01,28,1.3290997917576248,1.151794522219576,1.1695437762811909,1.2185569501156277,846559.4275713552,1.1916779022740394,0.9019709435641936,0.9667307760347932,0.9756357828776042,620250.5166666667,2.0351686015849904,1.5247731900088135,1.6517291335488522,1.6566348114842726,31.06671502017872,0.9818552272473744,1.2078621160545369,1.1061704889178288,1.2283224902377363,33.074033218173966
1028,BHP,GRU,2022-01-01,2024-01-01,29,2.0157652909218937,3.134202368044965,1.0555638392983264,2.8947301803007908,965307.255510337,1.8824663339727048,3.0033971341615406,0.8977418563465333,2.738051223754882,738937.5083333333,3.240907197330603,5.126848639861827,1.5673115044608796,4.701937237290768,40.489862953689496,1.2396588057571445,1.488764650165095,0.9907825802326738,1.5932498493635392,40.913526197490114
1029,BHP,GRU,2022-01-01,2024-01-01,30,0.7906833335232655,1.207208368213449,0.8955282781769676,0.8705715768940274,845218.1028867572,0.6080099762670554,0.9658796403811288,0.7172219545211322,0.6790902455647786,617341.6125,1.0451137651529996,1.6416607129355811,1.2422064082729372,1.1670187865521553,30.515643797358727,0.8693621924654344,1.231407267123685,0.9334917924881778,0.9294700393795736,32.671810496119704
1030,BHP,GRU,2022-01-01,2024-01-01,31,2.700577089735902,1.5345781398679292,2.4171408653532387,1.5808307006284903,838336.3232276996,2.624569493664013,1.3507860628599444,2.30377305212302,1.35251096089681,629926.4375,4.496869418921596,2.293874980830096,3.95942266843436,2.3035732131251025,32.28061141644059,0.9847041247233532,1.2203978107231137,1.160912673304302,1.3753578200652905,33.11673228436259
1031,BHP,GRU,2022-01-01,2024-01-01,32,0.7329116037174556,0.9088135628359592,1.016252136060164,0.9416477207699516,858692.2052349367,0.6099225765761732,0.7310538886943767,0.8238127566863547,0.7787734985351562,642917.4,1.0639118400437744,1.2514427605831304,1.4207214735634723,1.3415922589594873,32.881230714153695,0.7240442223648881,0.9232878539038432,1.023892168198988,0.912654235288811,33.94391891608404
1032,BHP,GRU,2022-01-01,2024-01-01,33,0.7598344839756792,0.9609942111305168,0.8338569950703042,0.890161007243531,839429.2378760773,0.6345057505230588,0.8519749625667394,0.6485770034106776,0.6734638214111328,632717.2375,1.0993689837054403,1.4614740651283578,1.1292766155520688,1.1604441387239668,32.50986187026574,0.737696467607351,0.7743669678775414,0.91462634621161,1.0006951409963247,32.69525997437914
1033,BHP,GRU,2022-01-01,2024-01-01,34,1.5285450440617472,1.0374733713210726,1.0762769073880925,1.2635541113695927,866057.1790101748,1.3918243866490392,0.772631125157996,0.8668781450277367,1.031385676066081,628303.1708333333,2.37933731793124,1.3125610012279294,1.4876960971574569,1.7572789679697065,31.4259378957018,1.0520398563399649,1.1755157650337962,1.0883854916906366,1.234019862483169,34.017598114369974
1034,BHP,GRU,2022-01-01,2024-01-01,35,1.465332554870042,1.413188132123207,1.2980271734400548,1.8558990518988767,841071.0043241553,1.304464004568961,1.1924143282408035,1.069964531399453,1.653613789876302,615908.8458333333,2.228799949473708,2.01336946678365,1.8271784767056944,2.8129844529804813,30.26349110953859,1.1264959817382656,1.2626359147813109,1.2397472161957717,1.3892718888083837,31.61118950268574
1035,BHP,GRU,2022-01-01,2024-01-01,36,0.7010155357463814,0.7350964033807503,0.7185909866933751,0.844402274004053,832582.1029764372,0.5533407523466416,0.6062415739988933,0.5767673442983179,0.6311742146809896,614777.9583333334,0.9512422448343668,1.0375057720855383,0.9988205223618052,1.075760262012476,30.52479162006329,0.7316516233774406,0.7072596515725479,0.73762227880654,0.951630781508398,31.76812238597309
1036,BHP,GRU,2022-01-01,2024-01-01,37,0.8882573790685089,0.8194593836841241,0.957418846701952,0.843712118459625,917552.6948877408,0.75155236580758,0.6507790871980653,0.777616981790775,0.6694418589274088,692382.4375,1.2988232146659329,1.1214188333407298,1.3530590860006475,1.156764326379653,37.128880125989,0.8264921599137883,0.8583951092400183,0.9878741206594654,0.8881305976044619,38.02710272745208
1037,BHP,GRU,2022-01-01,2024-01-01,38,2.21139050674861,2.200773739638469,1.8394690806063767,1.9537485265924408,829701.536049009,2.116148295136995,2.073999385817301,1.7026158001292049,1.7786668141682942,611386.8958333334,3.621301077254667,3.5194550069825192,2.9191847754708333,3.028082215449756,29.469234998463595,1.0234406665499935,1.1785512946605838,1.1226107522879871,1.3224110336002928,29.97591175391286
1038,BHP,GRU,2022-01-01,2024-01-01,39,1.1085335807975627,1.7146545277947076,1.435352207685929,1.577613510794161,867734.4974366865,0.9253269024525014,1.518597011549723,1.1903516774722411,1.3573392232259114,654944.3833333333,1.5803072705914067,2.575857172100545,2.0412003499732667,2.309326154797512,34.32252859178893,1.0392120105210263,1.3308416216452534,1.3756198401152604,1.344273388637558,35.11830512400005
1039,BHP,GRU,2022-01-01,2024-01-01,40,1.435447409610833,0.908828378424631,1.379571356173138,2.5136452225267805,866088.9853246467,1.2827874959833492,0.6818700352210151,1.2071205761301813,2.3604804992675783,655523.2416666667,2.1897852199058003,1.1568977201886352,2.0653523863412366,4.021671519947011,34.06573180757863,1.0747074188616488,1.0141414879766046,1.1051838413808843,1.3790714371083277,34.588927409084675
1040,BHP,GRU,2022-01-01,2024-01-01,41,0.6538406167476579,0.7398514210550168,0.8273018976307247,0.8641251530601124,839221.4786112552,0.5337302662435995,0.593955735415565,0.6635755345348383,0.7127794901529948,619427.4166666666,0.9304748902568728,1.026661049186024,1.1644265663025632,1.2356939582699504,31.00770746005988,0.6648069856681134,0.7610788414786933,0.8819075675303413,0.8540931002250751,32.456437899390565
1041,BHP,GRU,2022-01-01,2024-01-01,42,0.6445533521183021,0.9198816014210998,1.0334122930286176,0.9300688117753976,874464.9269140336,0.5200801769970612,0.7965403444670824,0.8317619085067849,0.7683102925618489,662648.4458333333,0.9072833013348784,1.3721904436997032,1.4295326324245765,1.332047781532378,34.93699536632392,0.6655098972542544,0.8036365920903861,1.0492152480245216,0.9134682757450842,35.67998529954048
1042,BHP,GRU,2022-01-01,2024-01-01,43,0.9371239580461236,1.2888597870286624,0.949148704778066,0.8871223255149986,889568.8234531104,0.7697219779046631,1.0613663731234166,0.7552597074280151,0.6938187917073567,673406.2333333333,1.3146565262110887,1.7899541670501968,1.2943200472362526,1.1863019538762172,36.022267408564176,0.911506475615964,1.219921066077865,0.973194087441824,0.9416950562830452,36.93237635159362
1043,BHP,GRU,2022-01-01,2024-01-01,44,1.67151452046614,1.6155096815754484,1.73093537889033,1.7772090558226925,892173.7069250108,1.553446624808219,1.43394417443221,1.5698152528473035,1.579052480061849,668047.7291666666,2.658538345582228,2.432625431525438,2.6978560215877083,2.68992921934574,35.01333760923464,1.024335988425303,1.2405221884100488,1.225016262007257,1.3552346359070058,36.26238483486448
1044,BHP,GRU,2022-01-01,2024-01-01,45,1.0556697553639691,0.9081429525731516,0.8471167674150328,1.8388441265900328,881606.6509364236,0.8779952230468332,0.7003873249972209,0.6822214386542558,1.652745819091797,672015.6791666667,1.495270981344438,1.1963412957353274,1.200485104602816,2.817530424698928,36.23622789324615,0.9878657746020963,0.9841593432776864,0.8915457713093436,1.3350045604231526,36.73108733211463
1045,BHP,GRU,2022-01-01,2024-01-01,46,1.6065889519856662,1.5500677627171089,2.022600451475342,1.377710610837075,898980.6631945306,1.4523443044550288,1.3364753532245277,1.8746489829091528,1.1068829854329427,677793.075,2.48894981151299,2.2670981900487384,3.224941826085765,1.8868403201344248,36.15945454366339,1.1683510256957328,1.3234586225096958,1.2696279338045322,1.393871062392622,37.10254519601672
1046,BHP,GRU,2022-01-01,2024-01-01,47,1.6638716651301966,1.9527558012828443,1.5580848664105087,1.9002146882134543,903751.0786673874,1.5449178518183102,1.8050727653339027,1.3850493735341527,1.7246851603190103,683693.6208333333,2.642072040604165,3.0628075969385,2.377140097736298,2.937017069258312,36.82848873983532,1.0198941847784142,1.2170203838002895,1.199908455166706,1.3099636999175912,37.57371130287153
1047,BHP,GRU,2022-01-01,2024-01-01,48,1.120521398624065,1.367402153929104,1.719902215887771,1.4965548683387604,882507.3551936211,1.0054976906786708,1.2138978759487535,1.5947666730243746,1.3320213317871097,676423.1958333333,1.73408979328168,2.0826456283388826,2.7666643708654024,2.2963235848858465,36.27232166750903,0.859011554393582,1.0984765878354352,1.137051216801703,1.1909627730308436,36.21516611749007
1048,BHP,GRU,2022-01-01,2024-01-01,49,1.1656385763825985,1.2719681449812186,1.2932938173463626,1.2690839407273398,843064.242498923,0.992332631481396,1.0602285709468122,1.08792832556052,1.0253883361816407,615384.2958333333,1.6964345811815944,1.7968666422905362,1.865245498980029,1.743972703676061,29.735684730448003,1.038737325761676,1.181367940946254,1.1872121059198608,1.2606973550831586,31.176318427392413
1049,BHP,GRU,2022-01-01,2024-01-01,50,1.6375429871336409,1.298322736471918,0.7996973807264672,0.876905124305941,846702.504399375,1.5104860128290525,1.0806728051590515,0.6293771294282486,0.6869565327962239,630814.8875,2.581984800891226,1.830547441622244,1.1021458546152365,1.1793170158801165,32.2405166074729,1.0435991373137812,1.208630924223742,0.8722029020317987,0.9307915298233016,33.57370525871261
1050,BHP,GRU,2022-09-01,2024-09-01,1,1.111478845884846,1.0701732314071508,1.087163396526915,1.050097777831671,575467.6059199723,0.8072400701375196,0.7766987388480964,0.8321924549253876,0.7809378306070963,462265.1583333333,1.5998847169598822,1.521369207627036,1.6580784163498552,1.5399565249823552,19.291943943322813,1.5162082348945776,1.4347219318244104,1.397981627830284,1.3749032135885682,15.318666684284407
1051,BHP,GRU,2022-09-01,2024-09-01,2,1.3508519148709737,1.1838296449564896,1.282617566856594,1.2886777860192509,572928.9025977977,1.055046617434889,0.9357333840168016,1.0256250672969232,1.0394701639811197,463730.6,2.0908586781619927,1.83601007312024,2.044185107985419,2.0516627144923474,19.42787912299124,1.6739495186813955,1.4168608806369631,1.5382746725233762,1.4936913558815124,15.171558396697725
1052,BHP,GRU,2022-09-01,2024-09-01,3,1.1105213037260713,0.9712781699487522,0.9745465131341255,0.9758513665198034,571389.0741514744,0.796262477912551,0.7198025105832933,0.7236785145368659,0.7509281158447265,456897.5,1.578396398405094,1.4109266539276708,1.4407701205651464,1.4813719566766708,18.929776337925126,1.5363976107148276,1.2740027601882904,1.3069280076268155,1.222386571583967,14.840598063395936
1053,BHP,GRU,2022-09-01,2024-09-01,4,0.9870110390000426,0.947475201805023,0.937054897770465,0.9198210474468916,574328.0142449631,0.7043056247680387,0.6693354559465289,0.6696435239232464,0.6936920166015625,465325.8,1.3922354510693793,1.3079832706669865,1.328702252841505,1.364617867873786,19.5106513943659,1.3694510882225197,1.3015144160797278,1.3011961498825604,1.178983812893842,15.415866433428835
1054,BHP,GRU,2022-09-01,2024-09-01,5,1.0215954378242322,1.145668399063973,1.2615410432375966,1.225405564398697,574977.9337982006,0.7242683612145607,0.8589959165688851,0.9649442964228998,0.9595352172851562,466348.9083333333,1.4330289010968345,1.683256189802914,1.9209043172162807,1.891770827179864,19.33913612422237,1.4260786563782704,1.4799990889745334,1.62015164322183,1.4970996406154504,14.599241828032728
1055,BHP,GRU,2022-09-01,2024-09-01,6,1.3327795977750947,1.4629960954411916,1.1661699384251942,1.1950382147164984,570331.6719992503,1.0405664544602176,1.2134570983880075,0.8781519422670174,0.9460997263590496,460382.69166666665,2.0635576163369715,2.381165769659989,1.749790530935668,1.870172285708022,19.28280907394213,1.657310200673182,1.597988436272913,1.5327280473968437,1.4376642328413962,15.089958426161616
1056,BHP,GRU,2022-09-01,2024-09-01,7,0.8704004636030533,0.9305175173695124,0.8645292644983473,0.8635664242689113,580803.7193065564,0.6367659287573484,0.6460994171981442,0.6503523675012637,0.6724206288655599,471727.2833333333,1.2564782481910797,1.2620458733183653,1.2880648160776602,1.3176148662987894,19.81101120998622,1.1711982180582352,1.2982463591467654,1.1253999117128175,1.0474757254838465,15.540289908309168
1057,BHP,GRU,2022-09-01,2024-09-01,8,1.0283787551225936,0.9876532393046394,1.2108858134505578,1.1157958256037075,593898.9979086003,0.7331608010718724,0.7025238845695888,0.954772182218507,0.8548402150472005,488903.5416666667,1.4539465457220169,1.3774545221344576,1.902193378083312,1.6866082607857324,20.810345978578034,1.4350744536488356,1.3553446942830238,1.488673762716625,1.4047562959653317,16.280553389841515
1058,BHP,GRU,2022-09-01,2024-09-01,9,0.9152660356616968,0.8390269042299815,0.8656109088145983,0.8249635104672138,576500.295340478,0.6780282685111364,0.6173768461339186,0.6541238461320643,0.6519649505615235,462778.2833333333,1.3403455337813783,1.2073395504977844,1.2995053947680162,1.280987480876143,19.20831122567685,1.2187528384026198,1.1029075001043012,1.1290531504667132,0.9889834966545632,14.98646079353841
1059,BHP,GRU,2022-09-01,2024-09-01,10,0.849631873286235,0.8230435504617409,0.8403163396382708,0.966967624747374,590394.5399897374,0.6632784187207406,0.5931008073200646,0.7089227831706815,0.8243771870930989,487327.525,1.313408807922146,1.1614385252016657,1.4090761677520578,1.622146561275557,20.799965379663323,1.0580357162950815,1.1128355583974856,0.9008813685633126,0.9882967815969346,16.27820751107097
1060,BHP,GRU,2022-09-01,2024-09-01,11,0.819921457791002,0.8006124256120126,0.8393417718994816,0.7998792150976932,588415.324023906,0.6364765093607564,0.5974670581522472,0.6377504658376056,0.6290003458658854,482772.25,1.2542542031231665,1.1657730929206955,1.2651547948512254,1.232817051264342,20.26918230895411,1.0210555961332994,1.0332561141880623,1.0869907024351473,0.9625270953049112,15.405549510527624
1061,BHP,GRU,2022-09-01,2024-09-01,12,0.8666641225263905,0.8229560923376963,1.1463852994042552,0.8061584401223277,559896.4613779869,0.6528648491605628,0.5920591882256206,0.8844026905210908,0.6406126658121745,446688.56666666665,1.2880094238400728,1.1560752492398203,1.7633181522459482,1.2553630122931576,18.381013172332448,1.126264019505721,1.1080250872627897,1.4572779757764318,0.9483436589868716,14.32865785653766
1062,BHP,GRU,2022-09-01,2024-09-01,13,0.966218590302696,0.832316709136874,0.9113927610018796,0.8807816929345282,582112.2222210573,0.6987284480635296,0.6411593499375577,0.7448741170392872,0.7186466217041015,472860.6166666666,1.385163819261853,1.2575296211179356,1.4827263682530651,1.41676426767767,19.58894533825568,1.3302335481991912,1.0360898417131992,1.0504427504745215,1.00250282668894,14.67890247574478
1063,BHP,GRU,2022-09-01,2024-09-01,14,0.8735950971682209,0.8373818201511488,0.9146426128575416,0.8593751410425836,578217.6662079504,0.6683078802547442,0.6040583595822508,0.7104636403547169,0.662771733601888,473474.925,1.3187111202494106,1.1801856686463663,1.4136572240118332,1.3054956205853492,20.039085697310952,1.1141840255065274,1.1273873225963418,1.1536591476633211,1.0754893846645428,15.535478928184991
1064,BHP,GRU,2022-09-01,2024-09-01,15,0.8554678424952924,0.9243514466026812,0.8387452552824003,0.874004283326143,564138.9307214839,0.6788860146181913,0.746888557524857,0.6836766150908414,0.6895526885986328,450495.7166666667,1.340151467987035,1.459869644540898,1.3575987651803465,1.3551162688554133,18.65913852211141,1.0278050268795489,1.053678038385511,0.965890452691846,1.050077488654921,14.644043960412242
1065,BHP,GRU,2022-09-01,2024-09-01,16,1.3027309157745368,0.8498413450245833,1.1297651543531166,0.8299773632541825,579968.4644207731,1.0203742154725646,0.6389238274435071,0.862080072376192,0.7033131917317709,473309.14166666666,2.0234121636866367,1.2530726531020355,1.7169275698753774,1.3857441371567225,19.86950036877585,1.6167824863206524,1.0958399559208245,1.4647868557942587,0.8644705651150281,15.16376143993556
1066,BHP,GRU,2022-09-01,2024-09-01,17,0.8525000010385395,0.813503406191038,0.9211114696318612,0.8337196209632596,547663.807106165,0.7072683795270455,0.6261936287673822,0.7819969587027447,0.6665994008382161,439794.6083333333,1.3956985743416728,1.2250623858778116,1.5527280740781242,1.3077429712474398,18.013139475284255,0.942480979497467,1.0086679087747046,0.9640009016814758,0.9717439865698304,13.519644517829116
1067,BHP,GRU,2022-09-01,2024-09-01,18,1.328181163264981,1.0890712054650955,1.343380486486489,1.1362963153190375,556288.9987164832,1.0037997893126025,0.818924292847679,1.0555633865223093,0.9515829722086588,442370.5333333333,1.988700983945236,1.6055233377280476,2.1018665714412075,1.8756949081942769,18.297930461870067,1.7292362453113757,1.4050076356654115,1.6603729784058052,1.2217096955821822,14.542516732309164
1068,BHP,GRU,2022-09-01,2024-09-01,19,0.9924083791509708,0.9003239209170989,1.0155381941560022,0.9568435986683144,573880.6675233573,0.7167612372651244,0.6266408071862227,0.7647733966716499,0.7192952473958333,460289.6166666666,1.4211281490545358,1.227647498377025,1.5274523960831876,1.4174877842397202,19.19938161079845,1.3665929663109373,1.2637730054804646,1.347279487969428,1.236214958061558,15.203704772803276
1069,BHP,GRU,2022-09-01,2024-09-01,20,1.0470171188078667,0.9806113767389614,1.0121333021100594,0.928712340172978,576128.4204898118,0.7669137617399368,0.7352489784810916,0.8395697804914356,0.7429122924804688,472121.19166666665,1.5195567582537182,1.44057066620638,1.6690375794082433,1.462383548081275,19.89304637323088,1.418927273278456,1.270066242685239,1.1219946287383211,1.0941636575881788,15.386414471962633
1070,BHP,GRU,2022-09-01,2024-09-01,21,1.2540935423811963,1.281108087244201,1.1269361484885618,0.9590154729890444,575900.331517757,0.9634824680761876,1.0143709521727262,0.878779190968682,0.7238550821940104,468694.6166666666,1.910615779732304,1.9898157354692605,1.75140558437464,1.4245010457693363,19.836577412469254,1.5947472249412051,1.5262036254301334,1.4082705741850732,1.227920803823512,15.704735811878413
1071,BHP,GRU,2022-09-01,2024-09-01,22,0.9879428359858629,0.911769936142295,0.9484120515794948,0.878398639919777,592137.2412269934,0.7039646105159653,0.626381890837633,0.6797423847817302,0.6670241038004557,482143.3583333333,1.392839181349622,1.2256908064245724,1.351315960301684,1.310904571918369,20.15993669527709,1.3741074707221124,1.2891141674300848,1.3179287992680633,1.1155121370868704,15.513876945598463
1072,BHP,GRU,2022-09-01,2024-09-01,23,1.6098400810056248,1.3247566096505987,1.494131079549971,1.6601999150349975,575105.3632284552,1.3213525603044758,1.045027183495275,1.2174509483835216,1.3969876607259115,461168.2333333333,2.616580353092284,2.0480694542303377,2.4245967551991603,2.756385120319977,18.99991142668499,1.82056362079123,1.589296672107593,1.7240174287272627,1.7589815670255655,14.59380458824025
1073,BHP,GRU,2022-09-01,2024-09-01,24,0.927526058256012,0.959767619100262,0.8841304519916376,0.9231286301087952,600820.5546493427,0.6882082514420825,0.6710829460410516,0.6741073850208236,0.7817893981933594,503331.14166666666,1.3610452067814005,1.3137368849550513,1.3413126212839643,1.5390748113285806,21.510111603466463,1.2334088646994157,1.336705519867182,1.1423150048724888,0.9596219333452312,16.26175847280256
1074,BHP,GRU,2022-09-01,2024-09-01,25,0.8699291502272464,0.865083778327524,0.8535821943904617,0.9314811439293684,591779.1158060177,0.733278257049832,0.7047434006645055,0.6863917442658957,0.7616933186848959,488225.2916666667,1.4473906542697073,1.3780781165731038,1.3623075604281856,1.4959051700691175,20.816238931348146,0.9248732680647558,0.9723472250446332,1.0055299294958693,1.044169683084845,16.233223635308416
1075,BHP,GRU,2022-09-01,2024-09-01,26,1.221317117452876,1.1578782858779404,1.114375348433045,0.991280128618754,564591.1409960974,0.9663869879855792,0.9514155724691048,0.8661525430194632,0.798175303141276,452190.38333333336,1.9197747165730696,1.869383866001445,1.7294589460996077,1.5743310427778057,18.768914775275043,1.495244357667651,1.294819773083959,1.409605531505283,1.1531508008236635,14.673235088399794
1076,BHP,GRU,2022-09-01,2024-09-01,27,1.3232513288319845,1.2259115404502523,1.374795861299051,1.1095462205880091,576195.0437433455,1.0083609435104592,0.9335375904596468,1.061817643387418,0.8243336995442708,465284.43333333335,1.9973983609927668,1.8292877283224969,2.1125977338618096,1.6259047370471136,19.586942414718106,1.701077342568078,1.5551114671496704,1.7383837882294462,1.4583697038807435,15.629311810499882
1077,BHP,GRU,2022-09-01,2024-09-01,28,0.8434866677988835,0.8690372277191832,0.8092360081875951,0.8650099102099987,570947.3903330031,0.7073168563826366,0.7451512364130752,0.668002530264139,0.7382088979085286,456854.63333333336,1.3953089461351522,1.4566963626718965,1.3288644717178848,1.4494609432718677,18.82747270097225,0.9089587130359992,0.865350369090822,0.913832676046016,0.8751438578689793,14.470911110857612
1078,BHP,GRU,2022-09-01,2024-09-01,29,0.8953464119167575,0.9058153887591572,0.8669373560121123,0.912983969264764,573702.7157740794,0.7095918267259246,0.7755519576451716,0.7098462588993757,0.7700655619303386,465131.6666666667,1.3974327359479632,1.5125344644006766,1.4063290964914636,1.5098980567563518,19.554067676746048,1.0727779684888403,0.8953258987228905,0.9823134153894386,0.947001752760091,15.272120092013372
1079,BHP,GRU,2022-09-01,2024-09-01,30,0.8373202026766434,0.8985831234132574,0.8931387997482266,0.843847464089264,582187.0554495105,0.6472785188197311,0.7037104217581162,0.6553509425209818,0.6892495473225911,459549.6541666667,1.2765654743695796,1.3751295965426065,1.3039825117684822,1.3517557211146842,18.96192605768196,1.0493121325592836,1.082423109408876,1.214353987066662,0.9402381232945832,15.389442826130564
1080,BHP,GRU,2022-09-01,2024-09-01,31,0.889545250138622,0.8805465925286331,0.90270607582237,0.8194673855749317,558693.132161759,0.646048242927598,0.5980947464388552,0.677163441874458,0.6552789052327473,447188.1666666667,1.2783828460762188,1.170218649807339,1.347523923169299,1.2877232608091451,18.914339433577297,1.213768188234438,1.257241091745851,1.195377612906206,0.9573486789459246,15.620295717505432
1081,BHP,GRU,2022-09-01,2024-09-01,32,0.8691297103610404,0.8274695223344828,0.8825415488912459,0.8087979826807095,596100.7998876742,0.6410974469862301,0.6307106650817755,0.692991690438434,0.6325346628824869,492062.8666666666,1.269412552153554,1.2345622479007825,1.376300246473092,1.241309638384568,20.88856441924549,1.1694956469458997,1.0457772797201996,1.0897179615476302,0.9815140767081048,16.194357137387712
1082,BHP,GRU,2022-09-01,2024-09-01,33,1.144116971964635,1.1734675020245835,1.0238761141817077,1.072322191536046,595305.5828978701,0.8571005214539649,0.8800706490692086,0.7941373084075061,0.8520089467366536,503609.5916666667,1.6979100738166053,1.724432133138953,1.5785320973276475,1.6793913633242448,21.76710201774577,1.5046104705830277,1.5130766694537632,1.2887608805901731,1.2767593539845004,16.3301211520457
1083,BHP,GRU,2022-09-01,2024-09-01,34,1.0456155518622434,1.3360818350492107,1.0818478071167097,1.0917520561598917,582880.9405645698,0.7367627582871032,1.0342252324047798,0.7950413664389024,0.8345404307047526,476030.2166666667,1.457694258551093,2.0251369891461817,1.5835053754421742,1.6450914724709758,20.023948533233668,1.4696487895444608,1.6523215954541923,1.466471876824339,1.38301701583228,15.533654324140144
1084,BHP,GRU,2022-09-01,2024-09-01,35,0.9350605234817104,0.8848102779105624,0.9205913638267222,0.9606903863866514,587289.2407112016,0.7378136236672451,0.7289960350065781,0.7515408146931774,0.8140937805175781,480887.64166666666,1.461654325730531,1.4276287589789252,1.494370554485832,1.6015123262036253,20.20776558625252,1.1425771639073488,0.9757068228715592,1.0602493756452624,0.9960054990875516,15.564772496138572
1085,BHP,GRU,2022-09-01,2024-09-01,36,1.009627028168072,0.9835677331586822,1.0185090059587665,0.9447043456500251,562718.1942317334,0.7308988538465816,0.7315989131915408,0.7615776286598785,0.7172355651855469,450861.575,1.4451755174303773,1.4325873003394347,1.516034024237935,1.4123998250823693,18.427877195754164,1.3790055215431871,1.278859570611082,1.350231594711882,1.2032092550089195,13.939734362085412
1086,BHP,GRU,2022-09-01,2024-09-01,37,0.9133297741309008,1.0071065179406404,1.0486574135069224,0.9986820734993282,578457.9015700305,0.6893845675835764,0.7569664801258613,0.8041555184375698,0.7421979268391927,459585.2,1.361720741522782,1.4823642798024677,1.5986755022071315,1.4634392837417711,18.66851189700726,1.1872378623338276,1.295329809079472,1.3411950270778454,1.3089009209614413,14.274504957434782
1087,BHP,GRU,2022-09-01,2024-09-01,38,0.9057244828859264,0.9463875013425018,0.8969095813233681,0.9290854858595846,565242.1674090046,0.6612162500414243,0.6970889210512939,0.6398623363737009,0.7035995483398437,456659.6666666667,1.3073532906385632,1.365143202388577,1.2710680217766777,1.3867266916188583,18.68961107285073,1.2264833919603784,1.2465648067502575,1.2540286821362066,1.189356574936674,13.839140281332533
1088,BHP,GRU,2022-09-01,2024-09-01,39,1.0889346602972862,0.9501590539182408,1.0384228427193254,1.0181135800250292,577447.9436197024,0.776164620270339,0.6637708654531042,0.769332911133117,0.7582829793294271,465621.725,1.5375477512653577,1.2992849429707014,1.5331947955833305,1.4947421038086277,19.364862068815235,1.5139656928180307,1.3242246188329376,1.3949319679199197,1.3310043493012356,15.01731027926827
1089,BHP,GRU,2022-09-01,2024-09-01,40,1.0789873814296669,0.8934746854823946,0.9133289408260524,1.065094022617963,568144.1645186343,0.8240939235255903,0.6613905281794845,0.6954403408885798,0.8487721761067708,453744.9083333333,1.632527104671327,1.2944634483657629,1.382871891304812,1.6719579917219385,18.905992030596018,1.3852481279312725,1.1683388682067417,1.183035416573892,1.2622908864252635,15.08496666113898
1090,BHP,GRU,2022-09-01,2024-09-01,41,0.910164878055546,0.8661874270765559,0.8833158069543332,0.8229270967619694,552670.8378891092,0.7565718158063424,0.6996727286990508,0.6439611859625247,0.6359945933024088,444818.15,1.4952421898076806,1.369237155272156,1.28074759664202,1.2500524059060396,18.42150283429036,1.0016722346192142,0.9917473332950608,1.2088791638540275,1.01932159017974,14.276145455234298
1091,BHP,GRU,2022-09-01,2024-09-01,42,0.8396842740197193,0.8077832434753957,0.8983828862735191,0.7726728203661356,567247.2034642686,0.6715521156201547,0.6673130160042995,0.7569294463252696,0.6555568695068359,463252.26666666666,1.328540901323534,1.3065054599042958,1.506038336305194,1.2910446323025144,19.489164385296,1.003130172509391,0.8865326351481406,0.9689298345089352,0.8025909697567579,15.078577701213556
1092,BHP,GRU,2022-09-01,2024-09-01,43,0.8724117330679204,0.8530692157564949,0.918986804495696,0.8799971287401785,565215.7571149766,0.6967384591991423,0.6411227070981081,0.7545066399646598,0.7433423360188802,456900.525,1.375842970339053,1.2521389725458374,1.4992914644356383,1.4601258948855953,19.10186831670521,1.0389893267208608,1.0895946182272749,1.042205628641973,0.9153472638159128,14.850655581740073
1093,BHP,GRU,2022-09-01,2024-09-01,44,0.9618464787686531,0.912320111291534,0.91218667524428,0.9086196800398266,579985.5737323469,0.680742911688796,0.6398919337227087,0.6601373445078468,0.6926877339680989,470674.9583333333,1.348707188224598,1.2522509634814405,1.3120436672578533,1.3630286209632554,19.84676073148772,1.3504937129443302,1.2661307487760662,1.2558556141517667,1.1486374013297764,15.712825290746483
1094,BHP,GRU,2022-09-01,2024-09-01,45,0.8612322821653047,0.8506130923525508,0.8997222449532525,0.7937907142523754,573713.4422080381,0.6499958384981156,0.6049409252900908,0.6951939838850472,0.650677490234375,458582.05,1.2850291843119228,1.1847163320798717,1.3849543556327144,1.277371843972356,19.04481293633759,1.1243717805144473,1.16438312738049,1.1458203906666415,0.8850215243353079,15.066983893581032
1095,BHP,GRU,2022-09-01,2024-09-01,46,0.871246361086715,0.7801835543730561,0.7908168221340878,0.7659536287493837,577556.4229149175,0.6655293708923319,0.5874451862192707,0.6151392967656721,0.6335666656494141,468736.4,1.3136219553859012,1.147759328264786,1.219295517772374,1.2441181605236336,19.69233813488876,1.1130967202716284,0.9975284377038784,0.9896467004134952,0.8396010145599802,15.345575921494037
1096,BHP,GRU,2022-09-01,2024-09-01,47,0.893749747428294,0.8773380040022142,1.0140858747811037,0.8462996322177835,580556.0997241298,0.6475671282221943,0.7305684117060439,0.7320492015358551,0.6598133087158203,477208.7916666667,1.281728133231532,1.426768081547103,1.4552581333397123,1.2959135138896694,20.11910921516977,1.2246720142354763,0.9346614761942332,1.3957458657305266,1.0314793766097925,15.17923273699634
1097,BHP,GRU,2022-09-01,2024-09-01,48,1.0720404484158914,0.9797171092155254,1.0235379005377236,0.9267582280096536,576004.586839459,0.7911598923438187,0.7431888476275373,0.8006052356871064,0.7300752003987631,468712.1666666667,1.564853682417101,1.4544431857416422,1.5943179990559315,1.436796686693475,19.674425790311727,1.431798577545982,1.242006453303317,1.275285618951146,1.1146051583179102,15.15137594746756
1098,BHP,GRU,2022-09-01,2024-09-01,49,1.4851937284377572,1.4164192696123834,1.2402400392834494,1.4163033831249796,578257.1091489891,1.2224959640718358,1.1888952274170217,1.0005487407818756,1.182944615681966,463642.6,2.425250160234912,2.334380347749086,1.9962089375005887,2.3394526163352825,19.259037824993523,1.677240412085822,1.5023582539895814,1.4664227135094006,1.533194826091472,15.29695888527906
1099,BHP,GRU,2022-09-01,2024-09-01,50,1.0957556806569624,0.998432412122108,1.2797008563192294,1.0216316306905664,591908.5968664224,0.8046326731012285,0.6971675916302442,1.030985098424853,0.760326639811198,492540.7916666667,1.5954812769737776,1.3641278177074547,2.0557989355539243,1.499390145380278,21.06545938714228,1.4804063302094586,1.3910394781269133,1.519022227566731,1.3376640843592813,16.158249429157546
1100,BHP,GRU,2023-05-01,2025-05-01,1,1.8797687066698467,1.6618055885290044,1.6612923481977286,1.9445960730391043,1982780.2810506795,1.3743902853270134,1.2220465095952104,1.2300954238946449,1.4188702901204426,1194430.325,3.060448981913304,2.673435813535312,2.807706026597221,3.1913132295738187,25.914972114194768,2.946020614597993,2.53182601136389,2.7298932260946915,3.106048960871959,21.424320670713147
1101,BHP,GRU,2023-05-01,2025-05-01,2,1.15514665106886,1.58557744977698,1.4306937130410329,1.4282551151364544,1990827.437151448,0.9499167738402524,1.1538857455608231,1.0689422898793106,1.036200968424479,1196180.566666667,2.098081517182123,2.524072859938632,2.425110096553864,2.333429460413161,25.4609801355738,1.5371097074898896,2.4472581871530488,2.307994316773997,2.388564173248248,21.421663995595463
1102,BHP,GRU,2023-05-01,2025-05-01,3,1.5131561864942058,1.3581933306658094,1.67039750936156,1.7884949016898342,2032334.2631872303,1.2031819726543622,0.9993089791236665,1.146197160278989,1.3129669189453126,1225304.7666666666,2.681593168544649,2.1829434347271324,2.6404424323914486,2.96177618348868,26.00248620602309,2.171013529374183,2.075493365827705,3.0182041529852883,2.894912930805204,21.55619838923562
1103,BHP,GRU,2023-05-01,2025-05-01,4,1.455551245277481,1.5467316338546873,1.6165057397293454,1.596753316115591,1850472.4766291103,1.0991941509770744,1.1220044207687132,1.1136134669145317,1.0689406077067056,1123732.275,2.4493764949607604,2.4526806521445743,2.5643513742638766,2.431789508813872,25.17108707943118,2.214366404727482,2.392075607421117,2.9058034518390405,2.9044727083391275,21.09478796081935
1104,BHP,GRU,2023-05-01,2025-05-01,5,1.93388161826145,1.438670699266302,1.6445617003952726,1.6425041711549004,2026155.6086851105,1.56437139491293,1.0626198324146972,1.324615030757135,1.1771148681640624,1234216.8666666667,3.4464070184664712,2.3231993248066027,2.9684290513575187,2.660364933955874,25.987571770897976,2.657239153074115,2.1937188106507204,2.328095792420392,2.745925496913748,21.186598523174936
1105,BHP,GRU,2023-05-01,2025-05-01,6,1.7356585469112964,1.885666443380219,1.970617528412322,1.9418300815911007,1975956.681167119,1.3519965871623862,1.5261172373167289,1.4566284254968935,1.466061528523763,1191991.9833333334,2.998652280074177,3.309984901649924,3.334355718709122,3.301116277774099,25.29248060090687,2.532201275825654,2.514032130312353,3.266132345383146,3.057105178256355,20.97255007324792
1106,BHP,GRU,2023-05-01,2025-05-01,7,1.4581435684950448,1.4973528057134335,1.748264381497077,1.8444510259725195,1884848.7866955465,1.1162100050664614,1.079158070940088,1.1691316915316183,1.1581104278564454,1142150.4583333333,2.4839606545631483,2.3610662719241,2.7106071410102834,2.6500160416397587,25.05010129532053,2.178056796693171,2.345103354424928,3.247240298673521,3.5502626342465224,20.884341988260235
1107,BHP,GRU,2023-05-01,2025-05-01,8,1.449434826296525,1.4938107683111277,1.347172093117974,1.774793344834867,2047461.2195198224,1.0358649745816868,1.076577010831531,0.9833691036667952,1.2616678873697915,1232877.2583333333,2.3316201229100884,2.357146867808826,2.246460569149899,2.825928391870185,26.44371944909424,2.417106161480929,2.3352229297243063,2.2778820966523843,2.902794819096149,21.810683866982178
1108,BHP,GRU,2023-05-01,2025-05-01,9,1.4504725544962658,1.287975264881517,1.801528384721572,1.6302944197690177,2001690.5180916104,1.0739557967103517,0.9731421426384492,1.1821041427008645,1.1452982584635416,1210572.45,2.411063933244672,2.1248585155898345,2.7502089241752405,2.5937661108927013,25.830650328086424,2.344725275751425,1.90578084501006,3.416933619364724,2.80725374800228,21.22696935511388
1109,BHP,GRU,2023-05-01,2025-05-01,10,1.6697940603330623,1.4247065965386445,1.834046267845581,1.7326466184008944,1945255.2306162864,1.1057125808183073,1.0797265379686865,1.2784033911762356,1.2856499989827477,1175438.4,2.4990716617666786,2.3593448441581883,2.940699603829498,2.8896669196718534,25.67960801697777,3.0001322851614773,2.106358974969358,3.255059628348849,2.7724843000343165,21.26486812780873
1110,BHP,GRU,2023-05-01,2025-05-01,11,1.4868048276791157,1.5897569855875142,1.9939580651054365,1.8117812521527827,1930314.898178828,1.071389737419032,1.156540107672352,1.4583808665235314,1.2982967376708985,1171205.558333333,2.405073754458169,2.5282753945113123,3.3390551216142166,2.9342523340114126,25.91482276284196,2.4473544290626474,2.463902690023605,3.306576580639262,3.0361190876496003,21.262723303697108
1111,BHP,GRU,2023-05-01,2025-05-01,12,1.5409763053888392,1.787773296729409,1.870346020247804,1.84852057951676,1938363.443032408,1.1907814719406162,1.283994388138948,1.4064247187351393,1.3531973520914713,1172223.1583333334,2.6505227258142456,2.8146089950194053,3.2100387798594365,3.041275695184284,25.542670868787106,2.274828510762513,2.8014298074567408,2.999523470974082,2.946321746429945,21.14964338574915
1112,BHP,GRU,2023-05-01,2025-05-01,13,1.465342160580578,1.2303638296577193,1.5239236812041448,1.709459217288504,1992611.8323910271,1.1090659517176344,0.9020154948433806,1.0383779340883166,1.221388371785482,1206879.2083333333,2.4749048597322427,1.968660090215597,2.3938771124270177,2.7583452639306616,25.96459768303021,2.236564421688856,1.8941725286082327,2.784081186189596,2.83790825625942,21.19384186151747
1113,BHP,GRU,2023-05-01,2025-05-01,14,1.3102815209001513,1.6716677197252372,1.353865638726878,1.9016318698794368,1958689.783380684,0.9434679199597152,1.167196889737533,1.0009465928839176,1.360391362508138,1195900.35,2.118874154849654,2.559152763522018,2.2806025541652506,3.0393200228692083,26.546352722492657,2.178636634391616,2.697615403012303,2.252429627037428,3.069892664629815,21.286044647872025
1114,BHP,GRU,2023-05-01,2025-05-01,15,1.435811029089053,1.366732550466052,1.7725012667783695,1.8744697964091808,1862792.8557945555,1.0933100396458633,0.9936397702309446,1.2199242546072582,1.3154163360595703,1138220.875,2.4243510303078435,2.169994878700697,2.8207115725708887,2.9572023486213355,25.583261493743432,2.149489782907219,2.116951484019989,3.2173050787372737,3.106563543212265,20.875721572438632
1115,BHP,GRU,2023-05-01,2025-05-01,16,1.8016352056867648,1.488067315750046,1.7142537775683342,1.5363903525640523,1866889.268169124,1.4577502192739478,1.0994870232563445,1.3068253571609494,1.0819749196370445,1150216.975,3.209726865059436,2.396591089090382,2.9485798828116003,2.4526120843657786,26.350735729839613,2.424120776341964,2.2497846834770194,2.627812623614977,2.657908331839097,20.762892298680672
1116,BHP,GRU,2023-05-01,2025-05-01,17,1.3137463163174856,1.441957476589661,1.7134368282479375,1.5754085669718358,2001613.235739929,0.9806332899181888,1.0510322174165876,1.1603898686123226,1.0351122538248698,1209110.1083333334,2.183672035734569,2.296098353702022,2.6855980349350004,2.354679235745772,26.26705589197996,2.0294006721333355,2.2221253719271705,3.1567438769836595,2.9217961511932686,21.6111735656691
1117,BHP,GRU,2023-05-01,2025-05-01,18,1.659891759701964,1.3946580454904662,1.9922521381982183,1.9451498008165773,1823957.1552685727,1.0942184709759797,1.0732957354002155,1.3291938279304978,1.3963626861572265,1146380.4583333333,2.4750465749511465,2.3472713840774784,3.0895165783634058,3.145054709086617,27.84958329661725,3.00198860114815,2.0227229535226607,3.720447399873806,3.1789492438250675,22.20078903432043
1118,BHP,GRU,2023-05-01,2025-05-01,19,1.3076163838237655,1.9711349072711613,1.7123751813211254,1.6164787598051902,1808898.5779271373,0.9601339782160428,1.387640792634944,1.2375264078300885,1.1419658660888672,1094858.7333333334,2.1463434612177834,3.0423621283859057,2.8331324103230764,2.583713380426888,24.20700885808004,2.094302871892465,3.1410658043247173,2.883689529424865,2.7583587996733225,20.12403634312304
1119,BHP,GRU,2023-05-01,2025-05-01,20,1.3998673166698703,1.2425636919893832,1.880127187482524,1.6680384239420525,1964960.141103028,1.084355551552474,0.9356743008705932,1.3371389207579412,1.1849498748779297,1200310.816666667,2.4196505765606804,2.042252373308823,3.073905074434081,2.6817247692591404,26.765041983851283,2.093347169770132,1.856114235340223,3.2586795302189704,2.822998142621137,21.47759000448956
1120,BHP,GRU,2023-05-01,2025-05-01,21,1.40442804999921,1.6561217226722738,1.712714372973333,1.7171682485944997,2072402.7695218709,1.0000823507051575,1.2091815384270492,1.2502858072441507,1.1715726216634117,1247816.85,2.247774863138728,2.6465729085456515,2.845248607186863,2.65438521131844,26.25465941020545,2.3615503248544543,2.5497273956737363,2.8067423726308167,3.071842246294489,21.74504130938245
1121,BHP,GRU,2023-05-01,2025-05-01,22,1.3486222489695383,1.24659855275079,1.6668129103330194,1.5775957148413091,1951927.1395701407,1.069636089000961,0.9891314300643116,1.2694123237939494,1.1772856394449869,1181258.9916666667,2.3739104819093084,2.1416161769261213,2.88725795342427,2.633436881296987,25.824518672213927,1.9316503041808524,1.6916342650985647,2.7053917139901373,2.5675823686837083,21.465249629934423
1122,BHP,GRU,2023-05-01,2025-05-01,23,1.674690050086631,1.2597540657022306,1.6741726989228969,1.4791107412598872,2089304.816250835,1.1934965446755563,0.9415678566176986,1.102165481426602,1.0112799326578776,1259582.625,2.7036472905152884,2.057491849874826,2.56088327219856,2.296802753551865,26.279275043222345,2.8514730378229136,1.9002249301336864,3.1587247864942194,2.6509706557002257,21.813457468232752
1123,BHP,GRU,2023-05-01,2025-05-01,24,1.5409713138597654,1.2164331900926688,1.805331619303288,1.7016127799655518,1844298.5450836548,1.1675080202031791,0.8903840288995997,1.235859941840826,1.1988335927327474,1119549.6083333334,2.6141283223237632,1.94371354801614,2.8590748502810204,2.7155120429108432,25.03486902623399,2.371496751243888,1.8981794224956388,3.2910014601811444,2.8945218316800845,20.71270305667918
1124,BHP,GRU,2023-05-01,2025-05-01,25,1.4844463231807932,1.3883777910512207,1.7688112112513197,1.808579289915046,1942566.5283747064,1.1115266642450785,1.1030277209557806,1.2665527798074203,1.3321392059326171,1188397.4083333334,2.475796640906492,2.399895127464017,2.902881063977107,3.001422496947337,26.680157057903266,2.282682033161204,1.9191540350050376,3.027616562067243,2.939536673693832,21.225232309730245
1125,BHP,GRU,2023-05-01,2025-05-01,26,1.5085507649731411,1.5582852779367498,2.1188178176934835,1.6885384658606075,1936876.8382055145,1.1092769291914928,1.1829949604518322,1.3683063312311678,1.218143844604492,1187790.0083333333,2.482962856587622,2.585399095550547,3.1925371932038886,2.751864981774846,26.64442651989857,2.4042857687094927,2.293054963713044,4.050418812749862,2.861616469499733,20.95140290926512
1126,BHP,GRU,2023-05-01,2025-05-01,27,1.4583816876619244,1.5775653018847045,1.634767016485813,1.6548534055990871,1957422.070305448,1.0135019982359323,1.117315835781057,1.0942975889803193,1.0293326059977213,1198454.925,2.284624519293078,2.449924851866091,2.5314196034848946,2.354541032330037,26.74649008050094,2.5202343455645786,2.5162214480765828,3.0325189810940727,3.202255959205804,21.226622080918222
1127,BHP,GRU,2023-05-01,2025-05-01,28,1.31428146301476,2.046584537359888,1.6425403933505918,1.840526897485956,2082622.2609614264,0.9781519506431487,1.4168004459645096,1.182182382075336,1.3023375193277995,1252694.75,2.1844544433294137,3.11497077823664,2.703812157487542,2.934782401641091,26.56684737722395,2.069209180587753,3.33119918562546,2.7851894153608576,3.0448939230216543,21.91147997520868
1128,BHP,GRU,2023-05-01,2025-05-01,29,1.3801162205319386,1.4280428777031593,1.8200990999007087,1.6140066568987117,1971972.7702049648,1.0380594954408204,1.087431859057442,1.2776561793064285,1.1069390614827477,1197793.2,2.322504469287064,2.374973760688599,2.940106777194216,2.512591100181281,26.31300788961088,2.168319656883329,2.089968722824139,3.220989762168088,2.8695177267993106,21.220484610366203
1129,BHP,GRU,2023-05-01,2025-05-01,30,1.4226239910222902,1.465733599947296,1.9923446262370084,1.6349981695681757,1735032.3381188265,1.127396114479779,1.114470941902494,1.4735024365042897,1.13288205464681,1075286.7416666667,2.508251847810425,2.435088119476364,3.328955946991457,2.559757956050696,25.8607343052454,2.0498161102889862,2.1684461373766744,3.131969312091506,2.889687100234676,22.54491473978849
1130,BHP,GRU,2023-05-01,2025-05-01,31,1.8118235019248343,1.3101843636347392,2.1961102505656385,2.227387514686814,1819380.159000616,1.2510402767061377,0.9895843000378394,1.3620425400595892,1.4636552174886068,1129683.433333333,2.8359085968876774,2.161369884431971,3.2005622542510763,3.355994247104952,26.634887015019608,3.1607482405263774,1.9572093835554576,4.3327517715711465,4.166151714606803,21.311012043893427
1131,BHP,GRU,2023-05-01,2025-05-01,32,1.5107465269974585,1.6688585192879486,1.7235330273855702,1.5879375485170704,1931379.325042884,1.1047606595192832,1.1517752007203284,1.2377165532484855,1.121730422973633,1172422.8833333333,2.462253282049618,2.529729112099045,2.83302615795699,2.541822902076822,25.875820326719463,2.380333478527868,2.728799666077882,2.9104743418953336,2.7190839232005697,21.199959848789188
1132,BHP,GRU,2023-05-01,2025-05-01,33,1.671724516042523,1.6450974354583914,1.8646555782523777,1.7776207423227155,1867302.9532766424,1.3512665378169022,1.3235167727416366,1.444413095680351,1.4010074615478516,1172061.95,2.9834077035323734,2.881793492473144,3.268254491206245,3.14047080967256,28.12852125826934,2.2769069927260586,2.2303816565890564,2.864347040049373,2.6731115065249416,22.41849773271404
1133,BHP,GRU,2023-05-01,2025-05-01,34,1.4640280537078194,1.6322848156393412,1.725385105064884,1.620489082079958,1809862.9621716,0.9922662133222986,1.1802847222047033,1.1918893605297889,1.1603997548421223,1118940.3666666667,2.233333231539838,2.5850477723773184,2.746366283475983,2.621910115906132,26.330920985839875,2.5807321759326154,2.543913122733133,3.1002650485515293,2.704898100290128,21.45544569410844
1134,BHP,GRU,2023-05-01,2025-05-01,35,1.5447488969003995,1.326935044229698,1.879961630284669,1.5677576996407998,1971476.125507836,1.0907917879033746,0.9788940579506712,1.2603060899949765,1.085263442993164,1203283.7666666666,2.4581423930737376,2.1401612898183155,2.924575416249351,2.463235176512318,26.633368113771645,2.6350156159311817,2.0273150527244823,3.491973972639805,2.760845195592057,21.37783959104743
1135,BHP,GRU,2023-05-01,2025-05-01,36,1.8214453585992767,1.5517009764277296,2.001604176974548,1.8336646188705656,1864465.1976553616,1.2252772866646684,1.2243497949304174,1.312519704125343,1.1904318491617838,1137476.3583333334,2.7752911690947624,2.666580783007244,3.057481416868629,2.706475723105155,25.643342936422908,3.2418147515060327,2.164747033205703,3.791879524094482,3.4377716774970946,20.948493780157005
1136,BHP,GRU,2023-05-01,2025-05-01,37,1.432868732222639,1.2983137542539382,1.998667546572808,1.732585424194045,1769690.8331752685,1.0444621298594796,0.9982253985680852,1.3930339555335152,1.0854972839355468,1115620.9666666666,2.3429305416859494,2.178668301148133,3.2147117464358423,2.481280151899549,27.56513854879152,2.3218883578448413,1.8908388950447823,3.563271875466471,3.3384924623660925,23.22208843631639
1137,BHP,GRU,2023-05-01,2025-05-01,38,1.8246935918801417,1.3308156458399671,1.758205343582168,1.7129652290234696,1989228.855126804,1.2458395727673353,1.0267266813485283,1.259941610962671,1.148947779337565,1200234.6166666667,2.8262707185741096,2.237020071479311,2.888506905871956,2.6069598215444034,25.69472543437257,3.2124487971095905,1.9225674750446653,3.007807415614564,3.1247874782063327,21.2072270737443
1138,BHP,GRU,2023-05-01,2025-05-01,39,1.5616977094470053,1.5244005839851935,1.8465863586164768,1.686341514991356,1960618.722140472,1.1920613028732334,1.171067912590002,1.2601420746212435,1.196941884358724,1185334.2916666667,2.6528976837433715,2.560379586304685,2.9158587468918427,2.708664252361254,25.517249146096788,2.335366083309775,2.19594978457226,3.373890673030975,2.8529587414808897,21.032479847049864
1139,BHP,GRU,2023-05-01,2025-05-01,40,1.5617280861621632,1.554419647858543,1.7674638256604882,1.78579971726497,2044905.5337108653,1.1286208417565895,1.1397098295008097,1.1904719530320855,1.143531290690104,1231641.6,2.536704093814059,2.491860782401655,2.756985742772577,2.6070846895322446,26.148215146566024,2.563654887250892,2.372808006260793,3.2656970239100613,3.3753372456231325,21.62528633654419
1140,BHP,GRU,2023-05-01,2025-05-01,41,1.6536188766549191,1.5419799190039425,1.7398875103209102,1.7295667123151262,2065224.7338795504,1.2385630828604293,1.1250771034660063,1.3031829889988111,1.2555409749348958,1268299.2416666667,2.7496755606556764,2.4595101728618265,2.9734295003695728,2.835019101522969,28.2911488081828,2.524896227271024,2.383199333154331,2.8116155298887646,2.8359820434068483,21.770259281615854
1141,BHP,GRU,2023-05-01,2025-05-01,42,1.49658001204678,1.696211445599628,2.0485120286024454,1.773638883720971,1864758.769372776,1.1371097629782554,1.2173357051109135,1.4646653470314197,1.2890246073404947,1139271.975,2.549159128854722,2.6646334044324984,3.380303637568543,2.91112040046258,25.62057945875195,2.337156848638267,2.6510697086074133,3.587913166678449,2.937922529151224,20.947239429761684
1142,BHP,GRU,2023-05-01,2025-05-01,43,1.6058852196580682,1.4048131923268072,1.8412612289618795,1.7077840140148648,2021043.049569208,1.181262773926186,1.02769050312703,1.327430554880875,1.196548589070638,1216840.8833333333,2.6569701630013274,2.247773786217213,3.03855292377301,2.7134586002434498,26.16422102434793,2.5927117131192605,2.196160819040528,3.1168199085797985,2.929197169093731,21.635723199626373
1143,BHP,GRU,2023-05-01,2025-05-01,44,1.7124696222543203,1.2952667985554702,2.1643344403002027,1.7494157711319884,1969362.9150169503,1.1342482220794594,0.9560155382566607,1.344737701577992,1.0916956583658854,1200389.3916666666,2.577433441674554,2.0884588714771875,3.1591968233854497,2.493907100648358,26.605755663224222,3.115202884766612,1.996869022646303,4.269452683678702,3.3764889258208965,21.259255973241363
1144,BHP,GRU,2023-05-01,2025-05-01,45,1.6425548180628136,1.2959613517379065,1.8665290399207588,1.8475672170707675,2008281.120719654,1.2255061362333342,0.938663202020728,1.2589490203281424,1.3104572296142578,1257052.308333333,2.72931530398692,2.051802383380948,2.9190617653582955,2.951133321481885,26.76084982488564,2.5331370208721284,2.046580784433148,3.4539582060022576,3.1981213427823207,19.835491029362142
1145,BHP,GRU,2023-05-01,2025-05-01,46,1.8118124261967048,1.3888496352279562,1.963273146677968,1.7530215388471555,1950621.849113528,1.2102651813586789,1.0301334603198826,1.2701289562369964,1.102777353922526,1199586.5,2.738556652399355,2.248506882637891,2.96417777606178,2.5186853261657327,27.0004895023707,3.23940143058744,2.13311403279965,3.758059345978728,3.360443678013579,21.037780260170777
1146,BHP,GRU,2023-05-01,2025-05-01,47,1.4743506630045031,1.2973530727482798,1.52531448887983,1.6610273696390052,2032895.360616444,1.0892760130144254,0.981231893218178,1.0719968206759618,1.1487232208251954,1222719.683333333,2.431873633867609,2.141576816811579,2.4610515806687805,2.604320510592365,26.13381034611911,2.3108281506968464,1.925632003593824,2.6758996498278305,2.9391038763350155,21.620241891557125
1147,BHP,GRU,2023-05-01,2025-05-01,48,1.2937808071592911,1.4312518922661888,1.653472396887133,1.445451851482534,1988408.8334469693,1.0724696783891785,1.0801461172879132,1.2505932722176472,1.0900675455729167,1200879.6166666667,2.366857476605235,2.3458322402857883,2.84709983197396,2.442217676761341,25.81426418077133,1.685620201978461,2.102395436061034,2.7028149691168,2.298263800049203,21.20832717659212
1148,BHP,GRU,2023-05-01,2025-05-01,49,1.4279946140349082,1.5279346251459232,1.8671279409115944,1.728240041952922,1796722.6209159414,1.0810115647615566,1.0752519834649776,1.2394086521816583,1.2355092366536458,1109406.1166666667,2.412412466671168,2.357790581329618,2.883085678706885,2.795099646389796,25.78922407370109,2.18475081392152,2.4577022793121723,3.511471309610602,2.915752082390613,20.64329266033829
1149,BHP,GRU,2023-05-01,2025-05-01,50,1.636119158845868,1.360145257803766,1.7927901535718869,1.6447138647408,1843333.6738700904,1.2411626710640633,1.058529812452044,1.2907107591016478,1.145847447713216,1125302.066666667,2.7619131184914627,2.3034149964332324,2.935098322089443,2.5994019496246006,25.45925671571341,2.464639730546919,1.9467152535000816,2.9529272535494813,2.879870350779643,20.61274238118848
1150,BHP,GRU,2024-01-01,2026-01-01,1,2.7112049405641008,1.0995401835928973,1.670664222012634,2.366667338092295,1117476.2375933633,2.487299573824518,0.9140801605273337,1.412779427112365,2.106591796875,820237.3916666667,4.319623344407479,1.5896060947577124,2.4749457453950146,3.656280581604348,41.12788944310029,1.765314869137135,1.0432278104716874,1.5211966285442275,1.806181090842352,67.73081567450998
1151,BHP,GRU,2024-01-01,2026-01-01,2,1.046257286059607,1.065770115066475,1.1961663592428813,1.3078637959348438,1063976.922087168,0.8755778679613445,0.8707890368296416,1.0079511069713432,1.0997726440429687,791236.8833333333,1.5371334977673474,1.5142540926385857,1.779131946059823,1.927564715223944,36.74283920583872,0.9949362477563076,1.0601469378499024,1.1197497345106675,1.2171960477969266,57.644700372583536
1152,BHP,GRU,2024-01-01,2026-01-01,3,0.8603214914906159,0.9436103077961656,1.0545400411322068,1.014638492518109,1046089.5362877504,0.7010310750716345,0.7784838324952121,0.9275754355846244,0.8418220520019531,787889.75,1.2558649725545357,1.3686419537916934,1.6434650134082696,1.4873547982902249,36.75472765354007,0.9320372945991582,0.9473237279111482,0.8737597980844706,1.009414426420588,56.06146260919162
1153,BHP,GRU,2024-01-01,2026-01-01,4,0.9698406649682738,1.0329345714225473,1.422142024623683,1.1591277878393522,1047054.9986499564,0.7851994814645226,0.859875769808983,1.1594878982373449,0.9627862294514974,785850.5916666667,1.3893672964638566,1.5100128071975911,2.05644211666395,1.7011195390346332,35.22864228637672,1.0183863524187546,1.0077206650000148,1.4536185439703797,1.1482299482843246,53.12510278288924
1154,BHP,GRU,2024-01-01,2026-01-01,5,0.9747692382818692,0.9683541902923452,0.9821798794923964,1.0817480306908267,1071876.5583801384,0.8080442733777391,0.7973576563691265,0.8365593592502774,0.8941527048746745,806355.2,1.4210981522546828,1.3982068740905025,1.4921456181246344,1.57557124192635,35.89825126528309,0.9574978168026272,0.960579881702368,0.927646123718602,1.072848514979439,53.15117406230016
1155,BHP,GRU,2024-01-01,2026-01-01,6,1.018613907905401,1.186408261587094,1.0744305184447385,1.396623205434757,1065952.6713069228,0.859961293121362,0.964518979324128,0.913589519132056,1.1392834981282551,790365.3083333333,1.5144362778535476,1.6717291454973917,1.6223590107928374,1.995853720890908,36.691122671185454,0.9553748273216248,1.1803155589220953,0.9910220424266803,1.3853500474734282,57.95167921304445
1156,BHP,GRU,2024-01-01,2026-01-01,7,1.3586119678365964,1.0529915482826058,1.0527850391716558,1.303132799291442,1079781.249463803,1.1480992342775749,0.8637909949834113,0.9061968548554576,1.0899911244710287,811221.1291666667,2.00167769934873,1.5123190068205898,1.6085672168198364,1.909996823716182,35.49149672069137,1.2333525274761348,1.0451743130000817,0.94493978713862,1.2272760232051565,52.03072206290453
1157,BHP,GRU,2024-01-01,2026-01-01,8,1.2064501108381405,1.1913946656279328,1.0493025932687814,1.132093958947692,1074253.6680861209,1.043908898422838,0.9959139911860616,0.8516059738952974,0.9288628896077474,805608.8583333333,1.8316446999847729,1.7324157362156378,1.5100658906261706,1.638861675291002,35.624478152962084,1.039448958381063,1.11567172550648,1.0854087208813656,1.1426695203888737,53.0635455236421
1158,BHP,GRU,2024-01-01,2026-01-01,9,0.9441681194610708,1.0146067484373376,1.079086727585128,1.1976851779842417,1070488.9780383834,0.7973141909557637,0.838457000818663,0.9449199601405864,1.0257620493570965,800249.1166666667,1.4195028855729628,1.4726221405966744,1.6865762690232422,1.808129383191626,34.88513415285731,0.9166624778268804,1.0081327455897915,0.9418127931245543,1.0952437543600348,51.55877084950601
1159,BHP,GRU,2024-01-01,2026-01-01,10,1.509460560794622,1.0341006881039343,1.2029333542283984,1.7393594525101022,1068048.8802060103,1.2559850120939997,0.864673641716535,0.94281374467692,1.4446436564127605,808761.75,2.219838013797973,1.5208474575578357,1.6916770560917525,2.5472081447226387,37.78284962106901,1.5106745314083263,1.0141349068076793,1.3711290504782077,1.7008460417282427,57.66931234645711
1160,BHP,GRU,2024-01-01,2026-01-01,11,1.289180848685093,1.2405431894789096,1.1908154997167035,1.319763555356915,1106956.3224781773,1.0667522176947697,1.0634822907057735,1.012123085766984,1.1338209788004556,836418.225,1.8921598477457984,1.862863267054916,1.8050912247698048,2.00086378517999,41.83808854341067,1.3009160294015338,1.1170211194311477,1.1394896734068232,1.198732420373022,64.73725067735671
1161,BHP,GRU,2024-01-01,2026-01-01,12,0.931302897592931,0.8642056525633036,1.290011806838488,1.1348811657126952,1058836.5068613098,0.7730010700111357,0.7127127971100703,1.0992156424595494,0.9394365946451824,792551.625,1.359429750433789,1.2492850935306272,1.939648717806854,1.6465970450296266,34.82677403234125,0.9154130258440608,0.8628700491250949,1.1598818654316267,1.1020284163247185,52.52493566323271
1162,BHP,GRU,2024-01-01,2026-01-01,13,1.0061071532900598,0.8905628211680493,0.9879616670311232,1.2563832057947877,1069348.668726043,0.8503317256571693,0.7134278027979228,0.8079569944639571,1.0408733367919922,809992.0916666667,1.4985246213918422,1.2495934951477732,1.4406777816482683,1.823434839304324,38.14704809974812,0.9442233614633871,0.938765597556112,1.0173582864929869,1.2105703497961655,57.406894679606125
1163,BHP,GRU,2024-01-01,2026-01-01,14,1.2184460731608862,1.1517453935997664,1.053500574922677,1.1399309975217764,1061171.601056482,1.0360360656458902,0.9430451648911692,0.8947791133689371,0.9517921447753906,794767.3583333333,1.817089684270197,1.6408133065831203,1.589809251927368,1.6770196158708086,34.446162593610566,1.1048204483615491,1.1335881835714272,0.9885528323368922,1.106494958680233,49.54622671402993
1164,BHP,GRU,2024-01-01,2026-01-01,15,0.986699864261856,1.1163849805167991,0.9522412412787576,1.2306818865397362,1069102.0178686536,0.7981172717024533,0.8755397204851806,0.8121431917319373,0.9574427286783854,805867.7083333334,1.402119840712087,1.5208909546939164,1.4439430255569023,1.6804790189061507,36.70935987043016,1.0183510464342391,1.1950741595858163,0.8870948335699689,1.3431634137914084,55.36542019791347
1165,BHP,GRU,2024-01-01,2026-01-01,16,1.3544365413445298,1.4607871847060223,1.4572483021245288,1.716312652542281,1126379.8765361735,1.1786148797778475,1.2466318457922263,1.1961600552966556,1.4619771321614583,843210.7,2.0574040147819788,2.157569886905685,2.107121449152056,2.549958498554099,33.85356793596339,1.1342791196904825,1.2914225667535628,1.4449168593175066,1.532890075190794,45.36721475722352
1166,BHP,GRU,2024-01-01,2026-01-01,17,1.5267701910302067,1.824879906173626,1.5620420208385175,1.6826199290887305,1057430.780168436,1.3084092668058278,1.6006455342442671,1.3212700865795282,1.4208688100179037,797413.2416666667,2.281510246189905,2.766757113225149,2.3202274310899527,2.476314674434722,35.60689805833485,1.3331618278602866,1.4703503357225838,1.4351330553539945,1.5322882445927433,52.59385670170866
1167,BHP,GRU,2024-01-01,2026-01-01,18,0.8520841931527726,0.897780590614547,1.096936159246698,1.1711700704842678,1090282.8877233183,0.7117740666838427,0.7531955437412509,0.9552681032278536,0.973461405436198,812698.9708333333,1.2660372249854652,1.3238042782865878,1.6983907507178102,1.709701756594757,34.180606255937654,0.8551666387012373,0.8684167035802739,0.9478980971045944,1.1308725027692108,49.63937374789067
1168,BHP,GRU,2024-01-01,2026-01-01,19,0.9129946927962704,1.0429452507995494,1.1134849822982869,1.195138893917374,1064367.961726103,0.7802535957489011,0.8880932126393866,0.9354170264809816,0.9837347666422526,790131.8333333334,1.3749084792903434,1.5621952725009651,1.65823080320335,1.7415041616460964,37.76811619446142,0.8372441737058502,0.9777706771779606,1.0585286538321343,1.2171579406965831,59.338662828647024
1169,BHP,GRU,2024-01-01,2026-01-01,20,1.0546373576631638,1.0228945302023502,1.1623985424996996,1.2163688581658183,1055385.8150199938,0.8668655728733182,0.8182555852428244,0.9813988328289224,1.0096627553304036,786237.0166666667,1.5291815641479145,1.4251901050244598,1.740932921334658,1.7736002789459613,36.11235594710721,1.0663976521825846,1.0637442581846668,1.104115808870881,1.1910072654135349,54.76436878255949
1170,BHP,GRU,2024-01-01,2026-01-01,21,1.1118950659954727,1.2841650276684602,1.1651229126558924,1.2817376716759912,1042282.392595586,0.9349442225619324,1.0498033793714212,0.9502844564853776,1.0612284342447915,785103.2666666667,1.650262725789645,1.8259959897049085,1.6840812935470837,1.8689240346505704,35.637039573997534,1.0644301614987373,1.2799103743227565,1.1945754284726469,1.2528204360377748,53.15388035643418
1171,BHP,GRU,2024-01-01,2026-01-01,22,0.9365178817013012,0.9926307792510976,1.0097972721829762,1.1093121989112382,1078821.5775509556,0.7612050585053914,0.8247257170558827,0.8768268900301078,0.9226537068684896,805046.975,1.356220967978054,1.441445631383171,1.5625344528797536,1.626339142558095,34.83341349418235,0.9950952992964884,0.9550909817821532,0.9001769550280009,1.082315903896247,50.92124116198552
1172,BHP,GRU,2024-01-01,2026-01-01,23,0.8398239193727763,1.0863309696110397,0.948628296611616,1.090968804285632,1053223.9068494835,0.6865502829544929,0.8887607194287935,0.8235465433974173,0.8765909830729167,794247.625,1.221169100359084,1.5520015786908763,1.4672459551345265,1.541615999054872,35.389642576063785,0.8837218854382869,1.078597868889393,0.8443609011624738,1.1438941322941865,51.92632732638786
1173,BHP,GRU,2024-01-01,2026-01-01,24,0.9538404816667182,1.0641771362416854,1.219964210206662,1.2807972950060489,1060917.8255192067,0.816953194546254,0.8931911602225983,1.0162859835300857,1.0770103454589843,789584.2916666666,1.4476631003126812,1.5659002034103957,1.8041197977171983,1.8971791301988568,35.50303918210076,0.8868077745023297,1.0186776281170666,1.20369953677955,1.2190995095013986,53.44482375574241
1174,BHP,GRU,2024-01-01,2026-01-01,25,1.2324749919136548,1.2044378895373042,1.6197496383887915,1.39333668395015,1069934.8940898518,0.9801164574561804,0.917075390611514,1.3523763588041426,1.081084569295247,801401.3666666667,1.7265750972917993,1.5986554196266378,2.388428913060076,1.9003790187666865,34.12807131214856,1.3058651276454405,1.357065992992078,1.560013078485219,1.5317441271936043,49.09810652517825
1175,BHP,GRU,2024-01-01,2026-01-01,26,0.9329909987101396,1.0396919027913505,0.997246403274373,1.1880749120110026,1037264.628011979,0.7903156622396118,0.8575924811068535,0.8924350169081594,0.9946370442708332,789821.7333333333,1.3960489231978128,1.4967696736170684,1.5917802437709356,1.7509781680122134,34.93598534087379,0.884924970097794,1.021683643936705,0.8007369784651753,1.135836217398517,49.886949787007936
1176,BHP,GRU,2024-01-01,2026-01-01,27,0.8385986179126956,0.890246484833369,1.1187151126680517,1.125209162197384,1052216.3731808078,0.689175787381883,0.7233026195685158,0.9385487255326778,0.9630489349365234,788753.125,1.230150975660076,1.265364873586529,1.67203298730058,1.6954105774434292,34.9260170556803,0.8884439289352409,0.9151501470520758,1.0938471243926722,1.005995735324315,52.16505823817943
1177,BHP,GRU,2024-01-01,2026-01-01,28,0.8502704734750228,1.1321246923223538,0.9813874875674156,1.110565924731579,1049092.5397961992,0.6899880294605147,0.9130856371714384,0.8204531645951346,0.9293577829996744,783808.1083333333,1.2247979124938515,1.5863035274583115,1.46005585894145,1.634224654352879,37.05674093889272,0.9032176211658944,1.153225569956434,0.9644389549766196,1.064604686771048,58.35103435088346
1178,BHP,GRU,2024-01-01,2026-01-01,29,0.9713171754887846,0.9339497899197784,1.001603063215269,1.0636973340893694,1049291.139312171,0.7990111721351887,0.7451562640471169,0.8407863496543312,0.8713855743408203,792575.0,1.41512972461521,1.3037392354345876,1.5059159196701486,1.5405685124079582,37.11425071414319,0.9848160460357492,0.9859115201428916,0.9927658654175016,1.0870839654812987,56.44857947220248
1179,BHP,GRU,2024-01-01,2026-01-01,30,1.1673979423049978,1.3485622097479255,1.7266792894721832,1.2581412749124496,1083244.2281883648,1.0220711480883946,1.148075484821287,1.4972841378834991,1.0589185078938803,794625.1583333333,1.787353144895082,1.987735539761103,2.617463302981869,1.854764425333556,37.317981035312805,0.9640446120277532,1.200216280551054,1.4538192492210686,1.1648015826236993,60.83184648964437
1180,BHP,GRU,2024-01-01,2026-01-01,31,0.8638316156401594,0.9753434322128156,1.2663090449555916,1.0928092760550967,1153257.9001327092,0.7201842942033189,0.8074953981781436,1.0095003794175093,0.9306503295898436,870239.8458333333,1.2771258355069588,1.4162207075848807,1.7994270967763242,1.6456338708837177,33.42665693570522,0.8663877003714519,0.966557561668516,1.368258855705322,1.0212237156326651,41.97757120175133
1181,BHP,GRU,2024-01-01,2026-01-01,32,0.9034600715037154,1.006759551529965,1.0010437222397228,1.0525900755791846,1063881.9915726143,0.7619759591306019,0.8142905931686326,0.8604969339754204,0.8702184041341146,795145.1833333333,1.3544546387988317,1.422787203014189,1.542272752120528,1.5409921935865212,36.69744366501549,0.882507636430837,1.032818650454211,0.9435303105997908,1.061669142645631,55.073875966848526
1182,BHP,GRU,2024-01-01,2026-01-01,33,1.082831577972508,1.227166476128135,1.184305046170752,1.2387386102309923,1066248.448504683,0.840173558326987,0.9432110529263442,0.9368345959443248,0.9716629028320312,813370.5416666666,1.4739447345545906,1.6403383753395604,1.6544656408298524,1.709154427113858,36.651384735756494,1.191054109462962,1.3524881642008924,1.2610562782885455,1.337104834567414,52.30396772066973
1183,BHP,GRU,2024-01-01,2026-01-01,34,1.1036377909882078,1.1537018730773154,1.0840912906516793,1.1143349937796954,1062103.2059227596,0.9208703028373744,0.9373222946614936,0.9449426078258352,0.9241385142008464,790177.4166666666,1.6165690639599517,1.6308805111800242,1.677822479196784,1.6247880079535086,35.88702140313747,1.0562643362490551,1.162148328335598,0.9318867276311829,1.0883842633146243,55.28384821658374
1184,BHP,GRU,2024-01-01,2026-01-01,35,0.8587771508370432,1.2552066288654975,1.083972070082342,1.2196361799804023,1055232.6237484133,0.7335726383708838,1.0378658692722058,0.9516554577607312,1.0299106597900392,789203.725,1.3020752472616404,1.804375605819987,1.693992531205114,1.8130648980063533,36.20087931080019,0.808435555966643,1.2121571261952089,0.9179055021360304,1.140161521094367,55.6104698541157
1185,BHP,GRU,2024-01-01,2026-01-01,36,1.0848150296021215,1.1251489747757024,1.2501017663934366,1.2171192324531177,1081484.337842913,0.913813857305319,0.9158787585093292,1.0373419859696211,1.016064961751302,799362.2666666667,1.6069717774163268,1.5888481101030674,1.8359963185427788,1.7871178143366175,37.63707308582187,1.01969570380529,1.1210999332021876,1.2170082194755474,1.164840059721252,59.62373972758105
1186,BHP,GRU,2024-01-01,2026-01-01,37,1.0328722028346715,1.1862883930544712,1.3222670260665386,1.2641462184843726,1097008.3379125097,0.8495293304110942,1.0192997040358518,1.1143727601522844,1.065866724650065,812020.4375,1.515821994714862,1.7912275504171271,1.99073134735723,1.8888808051018733,35.34174998097322,1.0838573507903804,1.0790515790437785,1.295451475033169,1.2304490140080817,53.46260219426411
1187,BHP,GRU,2024-01-01,2026-01-01,38,0.953770503984172,1.0269878393824954,1.0525662232933852,1.4432598413243345,1047305.18717134,0.8123251010342611,0.8277449863561015,0.8964187052626517,1.1750137329101562,791245.2833333333,1.4318785187831953,1.442200120984983,1.5914158399709777,2.056351784166638,35.31044587115914,0.8803243260842073,1.0550168285462616,0.9693670154946044,1.4383956274188516,52.157754533736
1188,BHP,GRU,2024-01-01,2026-01-01,39,1.0094006218154077,1.2087751232663393,0.9629460791678944,1.422548790619499,1079237.250000297,0.83817269968343,0.9993681959744234,0.8498563832818573,1.1560582478841146,819706.7166666667,1.479678876203692,1.7408225569778983,1.5183337375854822,2.0259919156954127,39.5502425826432,0.9909408378413036,1.1716787840961405,0.823976640023244,1.4264956059253942,60.013041553509794
1189,BHP,GRU,2024-01-01,2026-01-01,40,1.147359863422074,1.7802471090420924,1.3048643473251562,1.5893516175175626,1076135.6805962587,0.969099647523247,1.5189265807937462,1.0745628148994797,1.306854883829753,805193.0916666667,1.7043942782231591,2.6256747556456084,1.896367321486332,2.2916513822014064,34.71079637444714,1.0719902250375015,1.572669268598962,1.288110459973557,1.5603477281539162,50.70285232763314
1190,BHP,GRU,2024-01-01,2026-01-01,41,0.965601953311304,1.021890305068946,0.9486909553890316,1.0392206854928503,1064287.7209665263,0.7786220768389595,0.846049449892067,0.8208921045646086,0.8539290110270182,799251.425,1.382952796124712,1.484855620186765,1.464760713177687,1.5084509310722491,34.61724849464546,1.0316691510744254,1.002246105582971,0.8644063203709186,1.0517816706446204,49.48128319357879
1191,BHP,GRU,2024-01-01,2026-01-01,42,1.0784616990620215,1.3490392523877526,1.181665860510525,1.472895371810678,1062247.8582983902,0.9543997989146464,1.1394252773017557,1.0373008465008304,1.233627446492513,793342.9333333333,1.6737380279928018,1.968897200381918,1.8353440957398024,2.15123914380628,34.513658249753746,0.8665530914220969,1.2219480113644494,0.9767627757436148,1.3615271498958132,50.92032770094209
1192,BHP,GRU,2024-01-01,2026-01-01,43,1.22868802559613,1.0494509715216205,1.769987852751582,1.2543721923841151,1034904.9758162602,1.078747249772965,0.8772197776849346,1.5059855784388625,1.030149586995443,783928.9666666667,1.88790960932929,1.5299281732324457,2.6431911757931728,1.807748094441348,35.4183272467963,1.0053071563107598,0.9976843993444476,1.5959775123697943,1.2466494229164646,52.22661785919836
1193,BHP,GRU,2024-01-01,2026-01-01,44,0.9505063848844318,0.9294413521748816,1.0478567463614772,1.788572256098934,1059948.5128289026,0.7617937354950464,0.7682517661327469,0.9087685498586028,1.5102860768636068,790164.3916666667,1.3626493534928148,1.3501178793894053,1.6256426663605617,2.6326058274578528,34.86492214064143,1.051777677774356,0.921254103886601,0.9522346783055676,1.6315227383725632,51.69075134219664
1194,BHP,GRU,2024-01-01,2026-01-01,45,0.8916511882566471,0.9996903142166144,0.98573989869592,1.0347855377481867,1054777.3043267168,0.7475600082562932,0.8293717084526845,0.8300093938809238,0.8519447326660157,789921.0416666666,1.3244019708504684,1.4506056126448033,1.485707874964269,1.5046257575916,36.05369034695752,0.8788076826933716,0.9753502966690236,0.9790528370699578,1.0461859371124216,54.811781875560925
1195,BHP,GRU,2024-01-01,2026-01-01,46,1.2652136810095076,1.3785314503560355,1.1976016256481183,1.06182986778292,1050223.07587595,1.0724554152596186,1.141569558847401,0.9769567908852784,0.9026376088460286,795078.8833333333,1.8784240373363217,1.9820018350098008,1.7276462715870455,1.5912277136658797,34.81922988774267,1.1520831248047505,1.3232474870799642,1.2051903658517409,0.9890012380268284,49.62330781332472
1196,BHP,GRU,2024-01-01,2026-01-01,47,0.992036660219846,1.0260087611698092,0.9620947673706496,1.3253381031791147,1116715.343426687,0.8129133306715576,0.8625936575309754,0.8183367763328043,1.1011983235677083,852261.35,1.4409157756825033,1.5081118577789132,1.4551736231317591,1.9395989651904983,42.500833381139806,1.0198037854185142,0.971504121107523,0.906164119327463,1.2931400711649828,64.90078474240912
1197,BHP,GRU,2024-01-01,2026-01-01,48,1.5475793612200024,1.8533451439923143,1.6171665761843883,2.546318712463131,1041860.91676474,1.3136364962404654,1.5954505523513631,1.3703553352869882,2.293916193644206,789487.725,2.294434742012041,2.755046302509192,2.4070633065658606,3.9916724392943777,35.03948804696314,1.3944576009652476,1.5840248239756938,1.480214138607083,1.853537522781841,50.19153250284275
1198,BHP,GRU,2024-01-01,2026-01-01,49,0.962798446254862,1.5415440546258403,1.0640845931974758,1.164633059042602,1069489.340922214,0.7603315091894712,1.3027581224442446,0.920960114743153,0.9664700826009116,793478.5083333333,1.3388558949584888,2.250490677157999,1.630148416719394,1.6996519111743362,35.40079530326443,1.0403506202868296,1.3952316164927112,0.9287655399691656,1.1317700432272488,54.87871517251971
1199,BHP,GRU,2024-01-01,2026-01-01,50,0.9378639415876988,1.127099886638839,1.1924423288023145,1.333230387055445,1054364.6916502984,0.7662542220616868,0.9105916914749166,0.987014812100806,1.0750325520833333,792581.6333333333,1.3520801173639958,1.5892875516717375,1.746555355290487,1.887904467758896,35.8235403458979,0.9563779651071536,1.1524766999592424,1.1611885882423452,1.3652759310433304,53.46612059185429
1200,BMO,GRU,2022-01-01,2024-01-01,1,1.7557549481738008,1.7334310649934244,1.983250466998352,2.143805360437932,272630.1939405907,1.3843047946977904,1.4106398906293558,1.5930874155675183,1.781300099690755,207640.3083333333,1.71268427605881,1.7112242300168774,1.9675434640130585,2.1839929334899177,35.03259212404332,1.312341327760796,1.1991296011665875,1.4317269386069769,1.4309694412927574,36.90282241999161
1201,BMO,GRU,2022-01-01,2024-01-01,2,1.7138495735378347,1.142587282780801,1.2891976684858988,1.4577007914977385,266380.80418466363,1.4957837832362435,0.945419366776207,1.03427203671667,1.2192337036132812,198977.81458333333,1.8540795270589427,1.186118507892017,1.3014767593497634,1.5183119876431943,33.53158849895031,1.015709768228944,0.8339851017892372,0.9859409418460948,1.0182754462563242,35.73680597996081
1202,BMO,GRU,2022-01-01,2024-01-01,3,1.2349645204025186,1.4153135054481178,1.2646245958938471,1.376757273227667,275024.1065766497,1.036863311048017,1.200987511116179,1.0439165808810107,1.113605753580729,212584.31666666668,1.267874130598643,1.4616353711354435,1.289501189169601,1.3717049134305528,36.743104719934486,0.7797751906088888,0.8812427559733408,0.8564522922935549,0.9731470828223588,38.432008106120286
1203,BMO,GRU,2022-01-01,2024-01-01,4,1.1021047171332694,1.2339499170401178,1.2422850386032955,1.4017003302798623,272827.5057458593,0.8708209874003354,0.9667929554714249,0.9797553489148024,1.1219380696614585,205846.7145833333,1.0930563254240628,1.2068350698614925,1.2349700061571065,1.3957182696556876,34.93493414840085,0.8393258841719693,0.95003876947016,0.9617409477656496,1.0373994633132366,37.83480677912021
1204,BMO,GRU,2022-01-01,2024-01-01,5,1.6615411426813926,1.7419080060627392,1.7070133486749224,1.7748444379222297,264669.1319700101,1.419026260454615,1.4722255464790617,1.4421240182568955,1.4978551228841146,193777.98229166667,1.735254082269455,1.78303871541545,1.7787081462304937,1.843187179479276,31.48018893626211,1.0273708360201197,1.1012905590829885,1.099348665128826,1.1499028030893228,32.923690786251704
1205,BMO,GRU,2022-01-01,2024-01-01,6,1.1282894259178426,1.215337367925782,1.5631813747677097,2.0076561354731903,265833.25114766177,0.9004168013847557,0.9709493975714036,1.3390095698414854,1.734051513671875,198631.74791666667,1.1259091178308545,1.2008345517768395,1.659176641285152,2.122986081298833,32.962290675163416,0.8427902235721939,0.8950552321942368,0.981299491079621,1.2123074210509666,34.52255261329545
1206,BMO,GRU,2022-01-01,2024-01-01,7,1.0506685317234694,1.2142603269447445,1.1587241922356826,1.3491221898170591,267856.344954905,0.8441342916534159,0.9836660301876652,0.8768323467231227,1.0656232198079427,198263.69166666668,1.062131767942487,1.2338827720701055,1.1101381983436776,1.3288867925871428,33.656362594400164,0.784461511996446,0.9031022545397388,0.9474956858306506,1.02347268891777,36.89415909592556
1207,BMO,GRU,2022-01-01,2024-01-01,8,0.9969060751011032,1.1160006541329088,1.3016292397477844,1.4231196004248536,277151.7650298331,0.8248437881317069,0.9436384117794622,1.0061647523978754,1.161346689860026,216421.25416666668,1.0366511975756392,1.179150653511456,1.2671845147312577,1.4425902452462118,37.97229059789068,0.7043529487721925,0.7546887066768977,1.031753799741587,1.0115914672336188,40.37311608537824
1208,BMO,GRU,2022-01-01,2024-01-01,9,1.3387213894625145,1.1863855942734454,1.2777174308052546,1.615981498426884,285482.42860128154,1.0829942415163027,0.917693913241527,1.0213295405791607,1.3210334777832031,227941.0520833333,1.358057364982102,1.142922810603111,1.289288435572055,1.6431076535725275,40.26604745587123,0.9843395807098412,0.9268614926099042,0.9797861003771792,1.1522572024897189,42.47001316870293
1209,BMO,GRU,2022-01-01,2024-01-01,10,0.8906183752969626,1.2306236795948329,1.549374937661314,1.750297964563666,266869.3839045616,0.6822395677736566,0.9565223657667086,1.296288079710885,1.3940149943033855,200898.31666666668,0.8621296348721306,1.1879288389194675,1.644359190969555,1.739016413673976,33.81094840904366,0.7381531082459133,0.9623469395447232,1.1058694220416532,1.3385586418906807,35.525124323956646
1210,BMO,GRU,2022-01-01,2024-01-01,11,1.355460827827876,1.5874803029728366,1.2885144653059446,1.5898418452978975,268479.68091167754,1.0950580526126947,1.2583783697987103,1.0072075459961525,1.298528289794922,200302.9583333333,1.3656277938208572,1.5505404948195136,1.268903608516352,1.6108711023169224,34.155616512779744,0.9972160833443688,1.1871655999804498,1.0095618392261452,1.1287731893155677,37.581437118596455
1211,BMO,GRU,2022-01-01,2024-01-01,12,1.5656202329685618,1.693543615498761,1.2564281302244915,1.344260635367932,265334.4813453642,1.3305230298793973,1.3900459903182183,1.0223120998152724,1.0927413940429689,196825.32291666663,1.6226770380064492,1.669599396964378,1.275805387447917,1.3607072168901797,33.010667391745706,0.9552004464433048,1.067007948956645,0.9008010344630812,0.9725080286558124,35.550552853755306
1212,BMO,GRU,2022-01-01,2024-01-01,13,1.6663198392076868,1.5620264410153089,1.8894636538161496,1.84419187487685,264086.5335201239,1.3799406701178378,1.2868483876086638,1.5811479206495127,1.4956044514973958,192496.15,1.7284673567287547,1.5582821898177657,2.001342017418562,1.857211074021788,32.286297283597506,1.175437399042139,1.0450876951119046,1.324626096981809,1.3402717092598038,36.025958484845624
1213,BMO,GRU,2022-01-01,2024-01-01,14,1.406602698632465,1.22387764765954,1.321121034093078,1.4037029865415878,266789.8644246042,1.187381092623538,0.9361498969795898,1.0345642970816669,1.1605702718098958,197893.53333333333,1.4630041682700103,1.1725117433913044,1.2950182542806763,1.436729826293196,33.33580234102518,0.8862871603634661,0.9780588831070788,1.0059732540439883,0.9604240915130312,35.70084472621603
1214,BMO,GRU,2022-01-01,2024-01-01,15,1.1863496464773773,1.762886591096202,1.6820719079846609,2.208517435489022,270650.2184074387,0.8636538346514503,1.3561828909065468,1.4598287912061143,1.8097791035970048,202379.69583333333,1.0878458179637231,1.672214601586119,1.79266019389996,2.2390292332525146,34.409962934675114,1.0096986591108867,1.3783960820994212,0.9850244417539612,1.5474186324235322,37.17038232245339
1215,BMO,GRU,2022-01-01,2024-01-01,16,1.4063864621443296,1.6861487961872674,2.244272778689799,1.93936453184922,266563.35833142314,1.1668503232259977,1.4155288055220117,1.9711398677299825,1.627269236246745,199915.94791666663,1.4528948192215283,1.7273355365228595,2.4496742677122088,2.010237317084317,33.01755284868256,0.9740619365319392,1.1015544612676205,1.2949567357844365,1.29193010925275,34.14194160011356
1216,BMO,GRU,2022-01-01,2024-01-01,17,2.7956620688376086,2.821386391386065,2.324948608902973,3.622821967469638,268978.9846229312,2.532120841047614,2.577518755909644,2.1051632009506003,3.403248341878255,199462.15416666667,3.132198748135416,3.1722485730164776,2.621487207022055,4.214469999887298,34.494192550666334,1.3899549486255136,1.3994054258039292,1.221390968128957,1.5218618516195943,39.09201064067384
1217,BMO,GRU,2022-01-01,2024-01-01,18,1.0028906551410617,1.074914120111433,1.3203811859973178,1.345866999074944,297041.20324811747,0.8164391717530403,0.8164667793694481,1.076454692160155,1.1479896545410155,241658.9020833333,1.0254624740689584,1.022720550688524,1.3556082287270697,1.4220223980649356,42.893242344230494,0.7309922179242698,0.8657239130532965,0.9677390609949682,0.8607673428101594,45.73233448654876
1218,BMO,GRU,2022-01-01,2024-01-01,19,1.0162257615180583,1.570404088869776,1.3880073096820338,1.7558166145756935,272289.00572671177,0.8230987933104951,1.2721709126157643,1.1604811748473216,1.4847188313802084,205920.52291666667,1.0233678997362712,1.5525731407688408,1.4337561017138507,1.822070747185537,34.84786350402043,0.7242653870771807,1.0985936272027743,0.9160835999512412,1.1122932209818628,37.2515388903142
1219,BMO,GRU,2022-01-01,2024-01-01,20,1.1956102852162345,1.3228310312385372,1.2819437856527596,1.5293373350688626,264581.6280097879,0.957455325370141,1.0383081634132898,0.9859143201577456,1.2543673197428384,193450.43541666667,1.1908826608873853,1.2839374618463673,1.242983868383876,1.554635280992107,31.890418739086712,0.8875450277003785,1.0049313819406125,1.0343517212949014,1.079121901723607,34.526198220755674
1220,BMO,GRU,2022-01-01,2024-01-01,21,1.2955686442746412,1.6074334577177691,1.835543310302292,1.8448008910694875,267335.1528184372,1.0334767018401954,1.2739869041643317,1.47547826235554,1.5794843037923176,195834.91041666668,1.2881094546753489,1.5639844337451123,1.843836558250442,1.93882636270707,33.39747983840041,0.9676964133934032,1.190099667230064,1.3456986666054898,1.140420393316942,38.036577555829965
1221,BMO,GRU,2022-01-01,2024-01-01,22,1.1912172236113885,1.218612698927748,1.139336930122132,1.226448058617711,264768.6067843975,1.0167538215253382,0.9613186016377786,0.913101416296494,0.9236340840657552,200378.72291666668,1.2800904011781395,1.2165312307961196,1.1689172207551253,1.176820551851135,33.34950801189541,0.824481147435574,0.994187512599724,0.9256042678806928,1.0605625559917105,34.28730442780483
1222,BMO,GRU,2022-01-01,2024-01-01,23,1.2841250567799525,1.130009061308514,1.4358617191573753,1.9742815111492769,264168.5342368077,1.0484365252116743,0.9554881684450104,1.2017313309091937,1.6144131978352865,194434.3958333333,1.3066000491835286,1.1895137342089177,1.5033183553255411,2.006381693749349,32.74166322573304,0.9214187781446628,0.760329346771727,0.9778330786542008,1.416868102942403,35.970473783257134
1223,BMO,GRU,2022-01-01,2024-01-01,24,2.411261438216888,1.6379979783587586,1.7856666518184128,2.873294383870073,324053.1761830276,2.103280947767645,1.3106253730343185,1.522114958310371,2.5314740498860675,264909.1041666667,2.5445834483298526,1.631822697975482,1.939169925448196,3.0558759141812057,48.13799784482583,1.3326013433735917,1.2320684262597938,1.236566055063358,1.5494565547961634,54.55107531918666
1224,BMO,GRU,2022-01-01,2024-01-01,25,1.3266645672699429,1.3097684956393771,1.369073446343469,1.6834401970809814,274525.37907038967,1.0324235407429423,1.0482545841757551,1.0943970215860483,1.3726399739583333,208129.25833333333,1.2812987821636557,1.2967472088780323,1.3709859365553498,1.699489316880792,35.59534483054511,1.016022694507139,0.9699619735501038,1.0226394590189496,1.199712866419993,38.3663228868817
1225,BMO,GRU,2022-01-01,2024-01-01,26,1.5812902111777996,1.5617516136539624,1.37762866392169,1.4618646887977909,263971.08457713097,1.3062865061405304,1.2673925530414305,1.1532526409080304,1.168624369303385,197989.69583333333,1.633488508367573,1.563145538806239,1.4509508831838236,1.4622874761377755,33.20877620618603,1.126817146888787,1.1212107008190602,0.9529182825821494,1.100157501037776,34.76079963277178
1226,BMO,GRU,2022-01-01,2024-01-01,27,0.990443564391747,1.2017758372145229,1.123469345463867,1.3721498976324995,273857.43470572185,0.7997972396933473,0.961617937160878,0.8839662017904402,1.126190185546875,207502.7,1.006447074005025,1.1944161063656682,1.1182039359377272,1.4030030994075229,35.585146420928496,0.726704286199822,0.8862589174460064,0.8784845481674181,0.978410708576314,39.11472293844637
1227,BMO,GRU,2022-01-01,2024-01-01,28,1.0032513218129977,1.4366867080153176,1.3827047846697968,1.6462856303390183,263866.64694769605,0.7881285893841025,1.132372426676769,1.0928610930798577,1.3781265258789062,198402.84583333333,0.9894160504737732,1.3907184625170603,1.3721330161715757,1.7029005490697269,32.82745439298971,0.7699748082841916,1.07070243732643,1.0627639221690228,1.0897000141362068,34.00709019295591
1228,BMO,GRU,2022-01-01,2024-01-01,29,1.941305647780445,2.0697759423449185,2.0510564824894115,2.388446130259782,264278.6135403179,1.615556036916289,1.7868980497274474,1.7426499823175323,2.069560241699219,195383.8083333333,2.0228881945958324,2.2175478760066487,2.190591706762548,2.5847672392828325,32.48492420662397,1.3375498765325904,1.300082532270749,1.3589366276837749,1.511377759780169,34.67131812778965
1229,BMO,GRU,2022-01-01,2024-01-01,30,1.006113035060352,1.1991990844960083,1.2776035821830745,1.2607353089090083,271864.6428518387,0.7919309406965951,0.9690343352535488,1.0452892559808342,0.9985013326009116,208571.0208333333,1.017659724529915,1.192795913829889,1.2888955319517084,1.2427632821963726,34.60154547993028,0.8407668969698889,0.8587031698615423,0.8830665986851619,0.9579188890239488,35.29643986936525
1230,BMO,GRU,2022-01-01,2024-01-01,31,1.1141976760939036,1.620291118192112,1.2885364417731875,1.5817886534776937,268558.3197726072,0.8753837390505069,1.324284076720709,1.0410750536393882,1.3231295267740886,199863.1458333333,1.0962217042637603,1.6299391294889771,1.3035605632749527,1.636833044999998,33.01713198713203,0.8564642125602364,1.1415299463793316,0.9484280554549588,1.0534003336819044,35.082466771273346
1231,BMO,GRU,2022-01-01,2024-01-01,32,1.2535884232443832,1.9910002270093408,2.202884905436924,2.3427075055851394,286827.0476441773,1.0306314016767966,1.665133868314835,1.913622189934184,2.01323979695638,230091.86875,1.2743743152097662,1.99904192397517,2.351150351419461,2.4329302598959024,40.75248268834788,0.849772727645028,1.2552008825979977,1.288682077799647,1.365624064476339,43.08205173405428
1232,BMO,GRU,2022-01-01,2024-01-01,33,2.094479796237548,1.969408095906892,2.286781473117999,2.4515787123376724,263328.637767953,1.7587494230412672,1.5099151841704554,1.8117502586547176,2.0003176371256512,191444.575,2.198264690013909,1.8598298377943925,2.27481675814018,2.4788704698098947,31.160935156857207,1.4310662725084795,1.5415385235374388,1.7324176081884504,1.740188025598519,33.767044766180845
1233,BMO,GRU,2022-01-01,2024-01-01,34,1.838163651771348,1.635426930272305,2.0286812451998126,2.6029922361657865,269339.8365783433,1.5481521503330578,1.3625395845544537,1.7942296015797663,2.2859212239583333,199966.19583333333,1.9070094352636635,1.6520681812344091,2.2006950378683774,2.7907818360169125,34.11807839089133,1.1878424114108512,1.0718256854171926,1.0991582651856855,1.4677158889369253,38.31131305758824
1234,BMO,GRU,2022-01-01,2024-01-01,35,1.6232689719810405,1.607189921102734,1.905420636404605,2.978955433132324,265314.3599988796,1.4092313315554212,1.3409876495056068,1.68341747796323,2.706221008300781,196610.4958333333,1.728037360952421,1.6302133897298825,2.0779505958298823,3.318689522540672,32.80004194184417,0.9596838330917056,1.050928349925346,1.0621015853489033,1.4813814321549703,34.89419995660084
1235,BMO,GRU,2022-01-01,2024-01-01,36,1.3061838483425905,1.6507556621969242,1.8119264457819169,1.7365897441752478,271071.40267314285,1.053073231295413,1.365259157448968,1.498596351718038,1.4025848388671875,203890.17916666667,1.3094343286629022,1.650596349861323,1.855555377587046,1.740963471916297,34.59241804943543,0.9447087858358324,1.0949338078869928,1.2420613143447925,1.2545706900186595,37.38559680931061
1236,BMO,GRU,2022-01-01,2024-01-01,37,2.2405894820285326,2.0032303809333105,2.1941296460098547,1.564036809902915,268854.93161575205,1.901211283226938,1.658824261794739,1.8351414124775296,1.2841163635253907,202273.0739583333,2.298364557579548,1.9855180358563005,2.2309857601659147,1.566405930138136,33.22339280697267,1.3537521520014646,1.2900266403311245,1.3847620510940342,1.059041645009802,34.366599751731485
1237,BMO,GRU,2022-01-01,2024-01-01,38,0.8699731070872689,1.954525141067672,1.8364881512409863,1.528968766013714,259251.0369494646,0.699155174028689,1.6447872792362044,1.6069236425140114,1.2092330932617188,190524.52916666667,0.8848973297326082,1.9868954635438505,1.989694760556572,1.5075362403553974,31.25908954266768,0.6752724531238078,1.2460298227546724,1.075505516157684,1.155628374281818,32.986483587809225
1238,BMO,GRU,2022-01-01,2024-01-01,39,1.3178010670906986,1.603759571959436,1.619333930617058,2.0358305415753835,270140.1339707199,1.0066964153345068,1.3113311449987035,1.3629155233950097,1.7556950887044271,202299.6833333333,1.2630751043027328,1.6116854638962907,1.7163784673271794,2.144313812153708,34.55169666734928,1.057956443959274,1.127596335798827,1.1030691410034943,1.2283722646386672,38.09714735714285
1239,BMO,GRU,2022-01-01,2024-01-01,40,1.7723132949498708,1.2508450575651584,1.3792593724977973,3.149735892720928,269238.1670925529,1.4770624693434746,0.9781276499543822,1.0894910550451926,2.9216384887695312,202754.7395833333,1.8376231332488264,1.216805262255808,1.3646032796098202,3.593402273209424,33.97549997062714,1.2044364259192135,0.958803462643127,1.051687121631182,1.3987738753797547,35.562097536703064
1240,BMO,GRU,2022-01-01,2024-01-01,41,3.05278634836776,1.8861909249855755,2.143418058022267,1.2042699791277307,261617.5547888611,2.7735368297153045,1.5683652861286816,1.882029878657325,0.9845530192057292,192041.87291666667,3.4863091396512744,1.922624160040432,2.381157210935714,1.225864228086368,31.2279836524796,1.607407354420764,1.2569459912306946,1.3371597659461043,0.8523237595836899,32.82556561815234
1241,BMO,GRU,2022-01-01,2024-01-01,42,1.1534018394983916,1.977518718305038,1.7974901525827602,2.307917173086281,266235.5113913576,0.9901807921950502,1.6844319020389389,1.5862220433929175,2.0153877258300783,199803.075,1.228821323311616,2.039674729980874,1.974363372092873,2.450936400390093,33.70416056799951,0.7142073079851771,1.2087215144640169,1.0387454856813896,1.311104002401322,35.75146890277755
1242,BMO,GRU,2022-01-01,2024-01-01,43,1.562218833228148,1.9841137835595608,1.2948225134886682,2.4083862812770804,263697.66487382544,1.3378622531053088,1.6604839975533252,1.0042137588101363,2.034030151367188,196633.2875,1.6221997706224007,1.9781630969160209,1.2609047460767266,2.439755906844101,33.04743402613332,0.9031603422596154,1.203198022721829,1.0204322901843692,1.4423885557011469,34.96001463545173
1243,BMO,GRU,2022-01-01,2024-01-01,44,1.1306659708086986,1.387833624928444,2.0870292862194453,1.4139954051917611,262274.77769076783,0.911133398396222,1.093264281181239,1.8495088882822408,1.1134867350260416,191132.2864583333,1.1373742186139757,1.3453756407253858,2.282158654083147,1.3883411424334655,29.90428694675987,0.8231156860710714,1.0387553959869582,1.1531202220432946,1.0799325985778885,29.81190877031974
1244,BMO,GRU,2022-01-01,2024-01-01,45,2.063934393263356,1.827074626257004,2.3941951289352,1.6108510534975786,261901.2128633214,1.7732601769474177,1.5487734159134172,2.172928452121259,1.299476114908854,194556.1520833333,2.206743794029418,1.8994373719510416,2.7222550995322106,1.6187024047200682,31.94596324151908,1.3053862504450886,1.1799089902218174,1.2642619224847251,1.1769350140680668,33.07999983107315
1245,BMO,GRU,2022-01-01,2024-01-01,46,1.822489296119156,1.8926815492151328,2.0092004623588195,2.02932043553857,266385.9827572108,1.566001748954918,1.597319196777761,1.7097785076109937,1.7509290059407552,197614.325,1.896518251375284,1.919042346889378,2.079720242934713,2.115695746126381,33.81983378474025,1.0434254192363563,1.1666494056847878,1.210258725512411,1.1638024310626724,37.3823055462321
1246,BMO,GRU,2022-01-01,2024-01-01,47,1.5782274567703236,1.793339025550844,2.4343380630811904,1.581045291865035,267429.76524933,1.342922321871585,1.5086306152512587,2.1358624445973446,1.3114763895670574,199636.32083333333,1.6361588577307598,1.815123628741537,2.604988530583818,1.6077408438746392,34.64599862189439,0.9572746068125232,1.11905290394699,1.3304322143835705,1.04838384227274,38.46766611903736
1247,BMO,GRU,2022-01-01,2024-01-01,48,1.084379284554749,1.354612430339056,1.5998006512215632,2.006187507172083,261714.15191136548,0.8129609747628502,1.038040819240956,1.2857508011240375,1.65660400390625,193161.58541666667,1.0293154134918885,1.2958037071222512,1.6118711781525992,2.042118707803906,32.58050449023385,0.8965694920020967,1.0737769948463285,1.1865917307698457,1.374527125037556,35.832216615195954
1248,BMO,GRU,2022-01-01,2024-01-01,49,1.251170516163148,1.178717973284177,1.2165928990848578,1.6154707398961794,265815.13207753206,1.0225884595668973,0.9203038684429704,0.9874440715766384,1.3298655192057292,195738.125,1.2654506809121582,1.156872411997668,1.2262437384419105,1.6348490480136415,32.86423030925079,0.8594253146661313,0.9420644289397756,0.8669250475635083,1.0936422848649356,36.04914196035388
1249,BMO,GRU,2022-01-01,2024-01-01,50,1.039916814515214,1.412932829386177,2.2582578882442697,2.173325662512012,265540.5821213584,0.8248471149607719,1.1615059030432624,1.9669653173556336,1.869774881998698,195121.73541666663,1.0479000811119932,1.419545451564246,2.4432423165069417,2.2858090256300048,33.0312181587725,0.8307339172145332,0.967262343956201,1.345315319430693,1.3185142857288004,36.88605133280443
1250,BMO,GRU,2022-09-01,2024-09-01,1,1.2780420316190269,1.3210742846351222,1.6460155523254938,1.70445744751401,1201868.5977661216,0.8386825979600057,0.9008340086565289,1.1481908511361296,1.1705248514811195,684642.9041666667,1.0679279796881471,1.136390577331841,1.478867831702123,1.4917560190407193,37.60652515678766,1.2653890536238908,1.2406154395583209,1.5457383958175046,1.5942309253763918,25.01523295130725
1251,BMO,GRU,2022-09-01,2024-09-01,2,1.384029394573845,1.35031638691269,1.7081274233542052,1.843470022694001,1163730.8326550275,0.9305633837456508,0.942596538176414,1.1486715029915984,1.2764238993326822,651082.7125,1.182622005641902,1.187570948799504,1.4794281858842495,1.6263187895708526,36.54426279516525,1.3427745221141227,1.2383804152377234,1.660019765460054,1.711160777327695,26.068775917587324
1252,BMO,GRU,2022-09-01,2024-09-01,3,1.4507767028633485,1.4007747778375617,1.7323149252954475,1.7872071281482835,1132450.311983006,1.0218937359339255,0.9881015532317524,1.3276333215434448,1.306866709391276,636545.7479166667,1.3022520214299682,1.2438815282576117,1.701960232123646,1.661190148476938,38.246621602030686,1.3463756519401862,1.271348242886449,1.4571366049347574,1.5646070696257206,26.980486569450367
1253,BMO,GRU,2022-09-01,2024-09-01,4,1.2979347510994237,1.2665659695748903,1.6809941757532434,1.7094070882449182,1155235.824209652,0.9203876177862688,0.9216074087341416,1.222123890087759,1.2499565124511718,646605.3958333334,1.171191410461115,1.1615481737333475,1.570284883619143,1.58998579231434,37.6594730908713,1.205312064197329,1.1190061999697585,1.5175373262893468,1.5031816152188568,26.259792593879684
1254,BMO,GRU,2022-09-01,2024-09-01,5,1.27179198368522,1.3100519277839122,1.758526036849448,1.5843699046922015,1128443.7719607286,0.9646646320731246,0.9137278104751464,1.24320144409553,1.1813886006673178,651576.6333333333,1.2227333377557656,1.151345990102116,1.600435348962578,1.5009514918897844,40.98497557538571,1.094700358645394,1.2107828358841854,1.6408868236201666,1.3605234628769558,26.07973414763707
1255,BMO,GRU,2022-09-01,2024-09-01,6,1.6265041130524367,2.0772339950751872,2.199410720544615,2.0941966664939544,1143332.361646953,1.0861746890908204,1.5871165204014588,1.445231043480218,1.4218902587890625,642836.49375,1.3779561738979762,1.9833956985785444,1.854505880150326,1.8054390072835584,37.94214796383503,1.573446507393474,1.6904023103343884,2.1594522473600213,1.971444159602583,26.78944772863831
1256,BMO,GRU,2022-09-01,2024-09-01,7,1.296095125290305,1.4039673139487896,1.7487266038502196,1.7660244560241511,1121703.4404165726,0.9427403103614344,0.9573664034647166,1.281071885233931,1.330677286783854,644288.54375,1.2006533628533205,1.2063699043626153,1.643701975478104,1.6879111577976482,40.82508011362739,1.1756170772042047,1.3272232977904297,1.566390876979301,1.4937750164662638,26.89541089676454
1257,BMO,GRU,2022-09-01,2024-09-01,8,1.2925173510238983,1.2161000918127085,1.5835352583898918,1.54437043196791,1206861.5826783353,0.9060424140398198,0.9127909061023344,1.2252072352278598,1.1751213073730469,691423.3291666667,1.1554983116895077,1.150703393783747,1.570818266813066,1.4932893885203151,38.302862244107615,1.221290141728564,1.0375405048699449,1.3184355402125223,1.2929422718714565,24.94373278738973
1258,BMO,GRU,2022-09-01,2024-09-01,9,1.4177488277438368,1.4434109468560508,1.9747036296621123,1.6143009472209735,1215368.3634668342,0.9875266998620088,1.0066371003065488,1.2848435425616165,1.2017547607421877,696131.55625,1.2598538027334552,1.2674562415484223,1.655149523291295,1.5271019739195069,37.67167682017869,1.3391686453203682,1.3261374202012728,1.963291216728543,1.387406590672302,24.821766122451216
1259,BMO,GRU,2022-09-01,2024-09-01,10,1.7387686140557013,1.428744017844012,1.8167480959684368,1.6660183719449877,1166251.5653636807,1.1793961769634118,0.992395630289406,1.2494255738243918,1.1350311279296874,652494.3166666667,1.499910870507624,1.2480313458031769,1.6055667817135906,1.443440497603702,37.27340845206346,1.6627856112016697,1.3185376065097418,1.7292844033069192,1.568416455146255,26.42021522484602
1260,BMO,GRU,2022-09-01,2024-09-01,11,1.4686035362007048,1.19805615430399,1.5896679471204964,1.573204420988173,1089374.8551792435,0.961676026276292,0.8535035649950369,1.2138630798508634,1.225890858968099,643263.8083333333,1.22549464255891,1.073762526251404,1.5529976510992047,1.5528370642746692,44.68111198510137,1.458869065002453,1.086901869442012,1.35360467582876,1.271448411479058,30.029858766580723
1261,BMO,GRU,2022-09-01,2024-09-01,12,1.371099757266668,1.3090236083204851,1.735484353325778,1.6490474326494668,1131258.7894765446,1.07121193540481,0.9793906004829293,1.226692054903169,1.277160898844401,646161.3583333333,1.3594571425014963,1.2340752634982113,1.578813648860942,1.6228163220915932,40.08737667330607,1.125601948611468,1.1129344055428212,1.6116183280594647,1.34289277176756,26.24459233251847
1262,BMO,GRU,2022-09-01,2024-09-01,13,1.362653936630439,1.544758105891091,1.7766727337625554,1.7860108446575678,1202971.8484165291,0.9851755113705488,1.0815540017219438,1.2049431942260858,1.2237859090169272,687483.60625,1.2552177921537488,1.3593488317102154,1.551546599802636,1.5585580063245057,38.15859156719469,1.240548016323365,1.403143591156397,1.7129642861241627,1.6707495951108258,25.0128454226008
1263,BMO,GRU,2022-09-01,2024-09-01,14,1.616493922570727,1.3267490013911831,1.9835659995546264,1.7606684368154992,1109488.9969654556,1.1351194708245145,0.927982213161658,1.4054624283314467,1.3375717163085938,645513.50625,1.4490072893206427,1.1689147867928749,1.806190680675848,1.7032204099312265,43.08864136504281,1.5184660081759556,1.2190294160789414,1.832277723454212,1.4722349690732075,30.629440599252767
1264,BMO,GRU,2022-09-01,2024-09-01,15,1.3347483743578812,1.3107469804976968,2.097932545629806,1.5462615891014238,1135920.5778339745,0.9095164242699402,0.9206711251898606,1.4151645171797564,1.17802734375,651604.46875,1.15374902398977,1.160026826760856,1.817635953519689,1.4970706200342168,40.267425280790896,1.2795543290981366,1.203729461844021,2.018907088139298,1.2897041498238817,25.81992942681241
1265,BMO,GRU,2022-09-01,2024-09-01,16,1.5852137763135068,1.9424702679112709,1.7331083315848888,2.1831813343526814,1149303.3147692971,1.1002182333541082,1.4995779209589877,1.1793295878421075,1.5191210428873698,647623.0,1.398426189499446,1.872886066134461,1.5181867479500226,1.9264058054446704,38.43476617620604,1.489294590732276,1.5677170078786926,1.663446072730728,2.010272849196361,26.16548150544724
1266,BMO,GRU,2022-09-01,2024-09-01,17,1.902387559199756,2.408675031960967,2.358212409508779,3.103508905193581,1181245.8670770682,1.445376958378147,1.9732774100728847,1.5855707059125688,2.3684794108072915,674998.0354166667,1.8267878496043009,2.462285693948212,2.038195298415889,2.984562167281648,38.65778435652932,1.6138121348392602,1.757347386045915,2.284929180590728,2.5748689544665546,25.455835995584053
1267,BMO,GRU,2022-09-01,2024-09-01,18,1.79465502541035,1.9261933847723287,2.243605373983534,1.914600150299603,1122136.2219847494,1.2326489430524608,1.4128870143338668,1.483721847837928,1.3058865865071614,643758.5666666667,1.5649883383127408,1.7691292550436388,1.9091531060065976,1.657931481036576,41.34428852917183,1.6961510660548205,1.6640192601126371,2.2038214462335777,1.795075837567233,27.895444487688025
1268,BMO,GRU,2022-09-01,2024-09-01,19,1.445155875860809,1.304848551218133,1.7047999677729258,1.7574986936078325,1155232.9755287576,1.031995505564108,1.0907334554510362,1.2177831887892514,1.2831319173177085,664542.3875,1.3121507377410675,1.3701961000768632,1.5687769813368118,1.6330113685098833,40.0755768064362,1.318448450260345,0.9212601263457856,1.5545745181775472,1.5439588915793812,25.060191334964927
1269,BMO,GRU,2022-09-01,2024-09-01,20,1.3050826327899685,1.2988289835633475,1.7022371747201417,1.670506180048683,1082635.1278743625,1.0168412020687942,0.9241228321410048,1.4551293424725695,1.3997718811035156,649276.1729166667,1.2897896748772402,1.164557400359495,1.8567713019725376,1.7712825913289063,46.96294171586602,1.069461721743728,1.1682743158270048,1.148250850257435,1.1692809575194711,30.70988711577763
1270,BMO,GRU,2022-09-01,2024-09-01,21,1.6686608497748994,1.3869118043060735,1.677377902747036,2.1286105448887014,1163048.9266859037,1.1185231399438844,0.9588384349419656,1.1641388288379526,1.4331649780273437,666351.1208333333,1.4252087647559708,1.2087659505615589,1.499536670837882,1.822126216159704,39.07738060849554,1.6218558897554611,1.2862185103423212,1.5797346403696657,2.028314763813664,25.648597022056308
1271,BMO,GRU,2022-09-01,2024-09-01,22,1.309334669894621,1.3570526898407014,1.7802290555151403,1.7445542487417935,1153851.6845909357,0.9519587263694604,0.9679148374287304,1.2268714228026,1.303429412841797,643548.2833333333,1.2105706584502347,1.217811122835663,1.579605241523983,1.6534890904363375,37.59218492823172,1.1855353313650414,1.215832705579884,1.686443480383944,1.4901104043834634,27.18649850581864
1272,BMO,GRU,2022-09-01,2024-09-01,23,1.63879945584888,1.3641316124815333,1.751671521509837,1.5852055598788026,1138982.0663732486,1.436209964071033,0.920108651564038,1.547016137923443,1.387195841471354,651122.5875,1.803130081091852,1.159795683286536,1.9660718335216023,1.7491562491991643,39.80464773415455,1.0134004450941416,1.2979750245342982,1.067206821841601,0.9817392639549708,26.93060246485616
1273,BMO,GRU,2022-09-01,2024-09-01,24,1.3409854402148331,1.44611060712352,1.818112209854603,1.7621683570254156,1149464.148326203,1.0379574278901815,1.0143105008868298,1.3519195720506842,1.209639994303385,639410.8145833333,1.3162978414795912,1.276324787123599,1.7318977314928794,1.5381406180357569,37.05961976014836,1.122140400862469,1.3203120391196903,1.5948962010778065,1.6522755778013236,27.103623666327003
1274,BMO,GRU,2022-09-01,2024-09-01,25,1.1901214711452863,1.304007620882876,1.8233474366004288,1.594174527895078,1126923.3434726351,0.8131061764994343,0.8714901906170435,1.166500216237109,1.0698745727539063,640238.8145833333,1.0337686674845086,1.0993946127468452,1.5039258916756633,1.3600934870364425,39.70675746907706,1.149646585180954,1.2553691910747833,1.8391273813888644,1.5261774828164785,27.66025555493488
1275,BMO,GRU,2022-09-01,2024-09-01,26,1.493566980357842,1.6973461416234377,1.897816437685752,1.8134712359596343,1126522.968391613,1.2593665238756169,1.5839069841443598,1.6177565944597745,1.6560480753580729,641815.6916666667,1.5884776443567288,1.9749871442189697,2.0599188347394035,2.0833809925567444,40.04648085277482,1.0553126157525334,0.7660940889576995,1.2913097569697467,0.9382970725654858,27.37214623042628
1276,BMO,GRU,2022-09-01,2024-09-01,27,1.4480235008620426,1.3087634829977215,1.7702953087442652,2.436000964245423,1076341.1542463072,0.9676685554984952,0.8796023968066232,1.1602288539324217,1.6164777119954428,646544.8166666667,1.2351654600025437,1.1084717117240803,1.4954040720887285,2.05374964950626,46.411766565273886,1.4156124315187073,1.2468738900004568,1.7589826508371276,2.345915653307064,30.686397281459715
1277,BMO,GRU,2022-09-01,2024-09-01,28,1.3432507848082162,1.2477878601157064,1.650326874262395,1.5845745727140343,1136526.562804572,1.0098461608003382,1.0194265920481451,1.3652940999517749,1.2897382100423178,642121.1916666667,1.2828583629530537,1.2808254503352954,1.742377746002692,1.632145016169045,38.887558374584536,1.169566060574486,0.926587050120594,1.2156205714632455,1.182290917978884,27.205635747408053
1278,BMO,GRU,2022-09-01,2024-09-01,29,1.5249283128374669,1.580800642578739,1.8679842649569307,1.7926431547380663,1114620.9273900343,1.0560461538946015,1.107459027311253,1.2802960247103878,1.2451993306477864,641353.45625,1.3473260196803096,1.3928605179025328,1.6492825193274898,1.5845572212840295,41.2971550913018,1.456424897320318,1.447239452795272,1.789805707230672,1.6618552541578575,27.834949403827853
1279,BMO,GRU,2022-09-01,2024-09-01,30,1.3944054267525918,1.6573794840635383,1.7042989786020346,2.061888183885469,1117828.91332911,0.9602502052711392,1.1785831824303503,1.350325233795579,1.4087234497070311,650838.14375,1.220120686725709,1.4799265728339095,1.7314473659099858,1.7902075283553929,43.07879451132255,1.3181494322604002,1.48297229203186,1.3556246230919788,1.9329349075654223,28.356548080096903
1280,BMO,GRU,2022-09-01,2024-09-01,31,1.5301199377120662,1.858069280309848,1.8292705816739272,2.1457255551132266,1140658.48921342,0.999566673953377,1.3335583501899866,1.204305266927575,1.4675308227539063,638133.9791666666,1.2690588798865725,1.6722232886032065,1.551044787165693,1.8650385454812524,37.93667218024616,1.5070115331008112,1.6433432207375,1.7981003165604847,2.0129983198249857,27.30419526495259
1281,BMO,GRU,2022-09-01,2024-09-01,32,1.371782664316686,1.3569799912109426,1.6738388872866603,1.5819316914980843,1122119.1313558884,1.1236504842994008,1.1992611406385003,1.4011942372254234,1.385238138834635,642426.34375,1.4199577877943708,1.50101799766544,1.785179771243978,1.7480371759725155,40.51067193989111,1.03814099861385,0.8143878976419475,1.2042513109872128,0.9820769352391934,27.47199674918994
1282,BMO,GRU,2022-09-01,2024-09-01,33,1.2361623630293457,1.297033787160239,1.6589553991542298,1.5556598167383695,1188427.9361530037,0.8174356141390565,0.8565422585100393,1.116352396996522,1.1113858540852866,677212.8604166667,1.0404642974934897,1.0796650683375952,1.4370691832472806,1.4118933246212784,38.509815944269135,1.2275311194583944,1.2642472619867624,1.618210594084605,1.40765358595482,25.554132590777627
1283,BMO,GRU,2022-09-01,2024-09-01,34,1.469440335774656,1.3452808404528025,1.8153096344676365,1.833690490283585,1160082.5760707837,1.1350607222022822,1.0884344655833014,1.269710311493436,1.2497225443522135,649514.3291666667,1.441452284896933,1.3695585441039282,1.6336925763759846,1.5908648082522248,37.66021433184956,1.230427342932219,1.0136787669055944,1.69758038415974,1.7268730236701966,26.595699268406825
1284,BMO,GRU,2022-09-01,2024-09-01,35,1.5840346280006343,1.3799211504117246,1.818471905704399,1.7218862498217231,1146520.1524075442,1.3141707502430904,1.1137171540265376,1.4939982587853735,1.4827964782714844,646175.2,1.659269472620332,1.3932104920564836,1.902272340314708,1.8664482426361864,38.66594247489649,1.157642244055162,1.0398744353639415,1.354803206962638,1.1154781865530532,26.88681972449889
1285,BMO,GRU,2022-09-01,2024-09-01,36,1.4635776469913508,1.2252609922407027,1.7585793387510076,1.7330556585616914,1148018.506298088,1.174225865346325,0.9422049158261022,1.4015257833459098,1.295787302652995,643869.98125,1.4869800389843435,1.1813298739529898,1.7885875400737987,1.6406398318683508,37.71499864484962,1.162897770667147,1.006736527090445,1.4005323691638476,1.4814719653113857,26.48801642322714
1286,BMO,GRU,2022-09-01,2024-09-01,37,1.280224248941132,1.237580137037888,1.6215736126526448,1.626441078136828,1201016.19567349,0.8635606351697191,0.9054497425696464,1.1852477202472642,1.306330108642578,675314.2229166667,1.0998753360839797,1.1410348819212202,1.5218950591004774,1.6544166288081297,37.05673646070275,1.2491917328993474,1.088630026911023,1.4564809484895678,1.2468544360077296,26.063225558758297
1287,BMO,GRU,2022-09-01,2024-09-01,38,1.44339202895162,1.310287531684549,1.714862021823551,1.6881518799401984,1165085.8129391067,1.0684390689633498,0.9725330656874362,1.3475475671489137,1.3490165710449218,667724.8770833333,1.35973757815194,1.225234504882597,1.7259130686327864,1.7109865377595623,39.16938284533503,1.2733359449636272,1.127817277798283,1.394691702274908,1.3055697385350693,25.60509482087386
1288,BMO,GRU,2022-09-01,2024-09-01,39,1.3243332535963277,2.066061281580295,1.9616809097127728,1.811947609357558,1128766.5614171864,0.9781405100833628,1.4953263695477028,1.317964015787528,1.3155799865722655,639002.8083333333,1.2451394407879373,1.8741350958857217,1.696433559550275,1.6728662010278654,39.17044717882557,1.1786835270019342,1.8150332423479487,1.900020338270109,1.605467721961567,27.347356726120736
1289,BMO,GRU,2022-09-01,2024-09-01,40,1.5496121870845143,1.386191605316858,1.712325761630629,1.802886314091608,1177853.0989597903,1.302794309113247,0.9544277237160272,1.2405971973794256,1.5656517028808594,659439.7333333333,1.6464814183241594,1.2029099806364807,1.5959751657266117,1.9767094564823289,36.32182895989814,1.096725417231851,1.2889167924667404,1.5366891350014475,1.1465363383788902,26.108645404600367
1290,BMO,GRU,2022-09-01,2024-09-01,41,1.2144360988227736,1.211122350686472,1.6189877986130907,1.5947235677032388,1161461.6170474102,0.8533231484288336,0.9562511353012966,1.1802161345539048,1.2064562479654948,668651.94375,1.0849310949031057,1.2024580333218378,1.5163466618389732,1.5330216479155752,40.14998979526278,1.1330150226521265,0.9603438236924784,1.452403717562969,1.3417556288831043,26.303112820876912
1291,BMO,GRU,2022-09-01,2024-09-01,42,1.4975670332652438,1.2358166872788594,2.00099792395634,1.8708710810875584,1141728.1721289174,1.2562489012788538,0.909915064385353,1.5835489157518226,1.6995503743489584,644161.3270833333,1.5883193363990522,1.1455148377870328,2.0222687593952826,2.1332103680657224,39.01762008375611,1.0766349361971757,1.0724676026506732,1.596299010835318,0.9810172081523968,26.97341731054156
1292,BMO,GRU,2022-09-01,2024-09-01,43,1.4079761318007735,1.7009078443750674,1.6843868948591587,1.7139385162186505,1156861.9085516948,1.06942181387651,1.1758250813920554,1.421623705882167,1.2328262329101562,653307.5708333333,1.3589013163014414,1.4777591648018154,1.813965807846375,1.5677442372081205,37.91947430051966,1.2058921340839854,1.574581129232354,1.1833236880917917,1.5333981660065767,26.215562392544268
1293,BMO,GRU,2022-09-01,2024-09-01,44,1.4019350338327126,1.4264479735777202,1.8550426872230457,1.9423521674326547,1136911.040785922,0.9168330262270472,0.9710197113077608,1.1933769959727265,1.24698486328125,641884.4729166667,1.1699450554336406,1.2221135055213057,1.539361841955729,1.5875011521759157,38.68335209241471,1.3971498986102828,1.3406643603375388,1.8657208442379805,1.9170526211021004,27.68026204766232
1294,BMO,GRU,2022-09-01,2024-09-01,45,1.3645143169666951,1.3415307062191073,1.7147835091134762,1.6347945233237038,1105151.7165018995,1.0972852874797296,0.925816319070732,1.2401073902505193,1.1978518168131511,640996.6104166667,1.3891599662725316,1.1678068578116176,1.5943032280732912,1.5236116733886067,41.89561999219136,1.0738805217111558,1.2468622687029631,1.5529583224771106,1.4306594426958892,27.34950904528316
1295,BMO,GRU,2022-09-01,2024-09-01,46,1.3698960047429545,1.366711884244557,1.663379882446306,1.7540764650053955,1162798.9346407356,0.9818032250505894,0.9436357595128192,1.3017363590597208,1.2804110209147137,654085.7166666667,1.2497288506854585,1.188288101963582,1.6647394320840476,1.6252505912691544,37.99393785976714,1.2587020750162932,1.2688517845918672,1.3567755698225592,1.539503194826079,26.56630185447289
1296,BMO,GRU,2022-09-01,2024-09-01,47,1.2078274083559508,1.2749675063318875,1.5893613454020652,1.7969998494704782,1140400.7938590774,0.8160434221840537,0.8905576222788961,1.0772570394770602,1.174798838297526,647764.1270833333,1.038086252390377,1.1224954788792312,1.3865640851810597,1.496196858662609,39.076904666814485,1.1654827067892666,1.1680855398064598,1.5295972421102133,1.7491490653211823,26.7685107380417
1297,BMO,GRU,2022-09-01,2024-09-01,48,1.6401102790580786,1.6062258206311917,2.150768061063255,1.7630319667776193,1133920.104596938,1.1293470930312195,1.1242262390405475,1.360400501041741,1.1275047302246093,640192.6395833333,1.4353886753353189,1.4162731596659217,1.7514938464394565,1.436275110981757,38.24520646383901,1.557707158215939,1.4773911879012185,2.182062330510098,1.7488123175424788,27.293070082710123
1298,BMO,GRU,2022-09-01,2024-09-01,49,1.344819915414259,1.35830266679832,1.6835724617139876,1.659937618496491,1147191.40741697,1.025276573845279,0.9881327729504898,1.2972872116275993,1.367133076985677,644601.9458333333,1.300985759969236,1.2439112336203828,1.6657855135830186,1.7328272117844423,38.16809883021623,1.1369262520663523,1.1903666039993437,1.4017657989581762,1.20942967587273,26.86987656709206
1299,BMO,GRU,2022-09-01,2024-09-01,50,1.335034990455837,1.3811313458824113,1.5874993476943653,1.6955424913055617,1135917.658713965,1.0348653961223078,0.9959957602598928,1.234787711605421,1.2784985860188802,643024.5083333333,1.310294691986878,1.2523886008939,1.580039984488837,1.6210395471390229,38.75002594606969,1.1101924080656171,1.2338570791595764,1.3148461653808503,1.43781385944988,25.84399161303834
1300,BMO,GRU,2023-05-01,2025-05-01,1,1.92988422609178,1.624602036330696,2.216271351949127,1.9477247307422945,592651.9715813394,1.4510949543797622,1.229831057154147,1.445343489506136,1.4518165588378906,451642.1166666666,1.6124994190319406,1.3399635282253153,1.6410234846276552,1.6103680368078774,65.18855365599845,1.488421730793487,1.1688198321964882,1.987740046589232,1.5005942306595863,49.34589573149664
1301,BMO,GRU,2023-05-01,2025-05-01,2,1.6535502250979095,1.6434035901016089,1.8522687467859733,1.9263826414186385,587177.2572793146,1.0672206369776656,1.407811315271268,1.3170301931708708,1.4312820434570312,408032.9083333333,1.1939353125118355,1.5350001875677624,1.480682318863893,1.5804156977438335,51.877584715582046,1.483693554621779,0.9504883488561686,1.5377998989320607,1.47468130010632,38.37520516580891
1302,BMO,GRU,2023-05-01,2025-05-01,3,2.755163459060779,2.0012312657405658,2.380812525554393,2.841925991838382,585133.1432744465,2.4963888369316534,1.7636517990534506,2.0909953235583782,2.5677759806315104,401436.25625,2.7423791071276646,1.916325889181975,2.3166181256155203,2.8125503555798272,50.25071707748899,1.3458241167951974,1.0410379274848884,1.3077029081312437,1.3689798672044735,36.640931785719175
1303,BMO,GRU,2023-05-01,2025-05-01,4,2.29393024105491,1.602195369456578,2.095111915088397,1.9221035276635507,590469.1910227443,1.993727855151404,1.3499515130251742,1.6913222915208896,1.4384730021158854,417936.5385416666,2.192005390047874,1.4687821829282075,1.885266187428808,1.588808254078321,53.89914410132699,1.3009624762033152,0.9540115762307612,1.43887307946967,1.456965143557865,39.8455908936891
1304,BMO,GRU,2023-05-01,2025-05-01,5,2.049999995851912,1.429813065826116,1.930256464423425,1.9477481723977568,584662.2185756915,1.4722044519195885,1.1227855279177523,1.3369858918199593,1.2541704813639325,413844.8885416667,1.638212354471957,1.2272152089664583,1.5089634669694163,1.400832467886154,53.90594216252542,1.689308401200366,0.989628253737277,1.653100152356351,1.72732255770623,39.76110423163255
1305,BMO,GRU,2023-05-01,2025-05-01,6,1.726368189214858,1.478907317924656,1.97218453132196,1.9101368165563444,579602.8924702295,1.0813256203211377,1.2076674766315534,1.2234253732529643,1.2366287231445312,427649.2833333333,1.2120621787647066,1.3169247786301452,1.3923182912425922,1.3794002869361837,59.36263441066125,1.5935063572635002,0.952765541744043,1.8417515066452048,1.685752309720178,44.290888701695785
1306,BMO,GRU,2023-05-01,2025-05-01,7,1.933370850544568,1.7381758191788483,1.9685255599716984,2.0529146193119625,589031.2898279544,1.4131991782284563,1.518870376957466,1.421115545096136,1.612346649169922,398542.809375,1.5696440793765027,1.6529562806827554,1.5999285388713047,1.7820697120663411,48.63865435721538,1.5267857957997784,0.9406948894498852,1.6129443951114126,1.4611811096468883,35.38557236946567
1307,BMO,GRU,2023-05-01,2025-05-01,8,1.8852950494117973,1.5443472312186814,1.846135782518057,1.9591580978020808,580336.4338465581,1.09732847588329,1.2489708815147575,1.2977420145082306,1.490801493326823,413306.39895833336,1.235847899040777,1.3648645663957557,1.4581638884864876,1.6490834824224951,54.35433853511689,1.8227762570828228,1.0192478146458963,1.5465134096598168,1.4604131492697414,39.90700052956697
1308,BMO,GRU,2023-05-01,2025-05-01,9,1.8646164100396363,1.538021937925251,2.2571252939134787,2.035112425386587,569804.371911534,1.208048503402926,1.1847312546276605,1.4143598362490688,1.424633280436198,425780.5854166666,1.3538672058227588,1.2967990327095975,1.605829865080017,1.5825762054426529,60.70559744026564,1.6778509951343086,1.0931268249645132,2.0748931491418072,1.6770681762860178,44.7481726204033
1309,BMO,GRU,2023-05-01,2025-05-01,10,1.864807570904432,1.4302703247402633,2.156235237643433,1.924202021256744,578421.9733403814,1.232563727228288,1.197631668461372,1.2446926485952967,1.4045420328776042,396408.2104166666,1.3806417315788553,1.3051359139398877,1.425186446374963,1.552955431216278,49.75022107729498,1.6682487570320148,0.8740891527751852,2.0911235512814383,1.5041194324493985,35.749454668520045
1310,BMO,GRU,2023-05-01,2025-05-01,11,2.164822956358817,1.452632551366655,2.4033089195789885,2.0281171959654145,575916.0659405247,1.487606845222712,1.0292206897908944,1.55998556917736,1.4220108032226562,397339.9875,1.6617931564864064,1.1209216443271182,1.7769336819405093,1.581875875387656,50.944970678900994,1.8717122862909457,1.131522711493903,2.169540219684736,1.6707677416271944,37.50062461171205
1311,BMO,GRU,2023-05-01,2025-05-01,12,2.0235618858022257,1.3988288406388254,2.094496390360701,1.9180506779866329,604503.3981539194,1.6939648750081748,1.0399845083231365,1.5358248591185022,1.238665771484375,401088.253125,1.87047998496412,1.1375612907165589,1.730821512281998,1.382265421303119,45.390192835675904,1.3050371278453463,1.0405191292054834,1.6960690342494251,1.6968086084065213,30.42508464844828
1312,BMO,GRU,2023-05-01,2025-05-01,13,2.225912129615191,2.0340860539102112,3.211297823646541,2.5943565183076416,564554.2313027873,1.420421900735768,1.6417904765222011,2.372435463116265,2.366328430175781,415327.7604166667,1.5915902547497909,1.7931566759276505,2.66961547949529,2.587621401245732,57.59331163054432,2.035071854256011,1.3283383399763748,2.548752641203686,1.185200850504445,41.120647920119225
1313,BMO,GRU,2023-05-01,2025-05-01,14,1.790415368968712,1.4205363320053883,2.054610358898972,1.9088573060895488,589188.2397660774,1.1799114597123677,1.179785091377647,1.3411250094717189,1.3970512390136718,407778.084375,1.3186748515386555,1.2817445023595253,1.5224450401965277,1.5488217976556118,49.5151425714458,1.59483389340556,0.8699389570149146,1.844664842069392,1.5003460391948684,33.72370803145085
1314,BMO,GRU,2023-05-01,2025-05-01,15,1.8909484194259985,1.5128916681771707,2.2068115021544754,2.0366457786423,586313.2343147129,1.4291090937033692,1.2191479062581294,1.7981933242357333,1.5810897827148438,421409.3854166667,1.5853585511098345,1.327133498931476,2.0107693693779427,1.7497618604241736,55.6919077629505,1.437397274848384,0.9860534820508592,1.5109671806627902,1.4761305391948172,41.21166600650418
1315,BMO,GRU,2023-05-01,2025-05-01,16,1.855223922403629,2.57446776920105,1.9515896928949763,2.860312657317492,591772.8762309037,1.1646598823905563,2.1547604307112893,1.3037668108486409,2.116639963785808,401127.73125,1.3071216697662975,2.326316570588984,1.4742987871694009,2.334296213155137,48.69492772288026,1.7077934061320963,1.532939297488194,1.719446306205608,2.1950133296801835,35.15370509336387
1316,BMO,GRU,2023-05-01,2025-05-01,17,1.746603365666938,1.4464850207010715,1.95470026029814,1.8939020204192285,572367.0998251849,1.1626939172969386,1.1402032369309998,1.305478781224256,1.259662882486979,427373.525,1.299335131459615,1.246731104856705,1.4770036056232188,1.4027383591864304,60.26798120105141,1.5272169131893287,0.9902383007596915,1.7282575058474765,1.635766261382525,44.81950087046177
1317,BMO,GRU,2023-05-01,2025-05-01,18,1.8532814141099827,1.5180122414384822,2.045234762181963,2.0044788821353983,588234.2963602652,1.1432519368016372,1.0961686906138055,1.4957382032938464,1.442279815673828,431843.9635416667,1.2845700529434003,1.1997034143781216,1.6812272606215657,1.59716547796745,59.66799630195669,1.728386871521845,1.1696408904285749,1.6550712539259251,1.600625073769533,46.323364240414335
1318,BMO,GRU,2023-05-01,2025-05-01,19,1.896715677128111,1.583140542091432,2.1524809641250644,2.010740064140099,584372.8833771928,1.3784713972971498,1.2385258095120737,1.7028537711121374,1.2983004252115886,422275.89375,1.534099449900954,1.3539114654913542,1.9033766047872405,1.4509956587034998,56.07669579955253,1.535268099452112,1.0950281907807986,1.546817151839895,1.7801930995408148,41.09228606629153
1319,BMO,GRU,2023-05-01,2025-05-01,20,1.8547637595099944,1.5443074846523108,2.0032335009539235,1.9723835136887529,574399.5887646158,1.176348712653765,1.2403595839073356,1.3997288621919268,1.4568099975585938,399387.09375,1.319152648915192,1.3545538900480725,1.5823304908682292,1.6146051977205902,51.31565746826248,1.6975082937830208,1.0241694426504373,1.6991713605927603,1.5355007979803352,37.42482343325024
1320,BMO,GRU,2023-05-01,2025-05-01,21,1.8541379050264115,1.495425437977443,2.0538239569407577,2.036437235369077,570954.5848188809,1.1044579914891373,1.144766070031765,1.3409708726029783,1.250721486409505,418601.66875,1.242916187794694,1.252689534653186,1.5191693490058291,1.4020913021636976,57.995359604674725,1.7687215404794685,1.0735412503140278,1.844402568931412,1.8661609565264767,43.03971041407052
1321,BMO,GRU,2023-05-01,2025-05-01,22,2.068859616036638,1.5961214704363136,2.397923464008187,2.3341403576848503,582877.0147521857,1.5503775369806736,1.113397818249953,2.067644465593155,1.4748023986816403,436574.6229166667,1.724947097705228,1.2156114251628336,2.305002853986864,1.6484738802876315,61.57721523622512,1.606989311980146,1.2699350404194374,1.4291153537481731,2.092981695328129,46.55209656288054
1322,BMO,GRU,2023-05-01,2025-05-01,23,2.055320835387592,1.6528007961479754,2.180726645997588,2.128730636804653,582334.3252865857,1.614806388752228,1.4404699558148877,1.8149868844682195,1.5232818603515623,398408.2020833333,1.792250792780708,1.568735291890653,2.0195719939151124,1.6888383831878957,49.7288766694445,1.486962784355759,0.9054048868130854,1.4081316243478348,1.7080116369163143,35.956831258103314
1323,BMO,GRU,2023-05-01,2025-05-01,24,1.875119154402482,1.4355100471317552,3.0067298087709307,2.5423662902874207,583683.7149143004,1.2986476989272882,1.0586231616422368,2.2262988868651017,1.7884928385416667,418703.659375,1.4510763213926867,1.1598770674880985,2.5046988063668327,1.982795814591535,55.29819749746561,1.6047242630331928,1.0854121018208174,2.3957985236765933,2.0798970792454226,40.59659452759833
1324,BMO,GRU,2023-05-01,2025-05-01,25,2.043659474296092,1.5426354500608586,2.208771411461589,1.950879142447824,595187.0999007076,1.4875810125248634,1.197144977847128,1.3807857706730953,1.3886436462402345,420775.865625,1.65282676210638,1.306300641859686,1.571900673032689,1.5421941941779904,52.758290182923794,1.6408585324657714,1.069055256033689,2.039654532438397,1.5809602720020626,36.61651447557994
1325,BMO,GRU,2023-05-01,2025-05-01,26,1.83672903555304,1.7563423029858982,2.079866482827496,2.122638859734715,579814.0456087673,1.1406715565804058,1.331655987611103,1.3589449934806803,1.4003443400065103,406801.646875,1.2808678214564002,1.4543477283070156,1.5420058762396127,1.5628356963912036,52.4205399619232,1.6941164075258248,1.2695624055546206,1.876025507863447,1.843416692414472,37.94358915872342
1326,BMO,GRU,2023-05-01,2025-05-01,27,1.87403024559078,1.5953891528944926,2.0905425971836564,2.084497062796641,604194.6545629812,1.2451074055516371,1.2253750336750755,1.2953613538931346,1.5444722493489584,387111.1854166667,1.3948383228324663,1.3396790121326505,1.4754503001000236,1.714775261543892,41.763292263465615,1.6617625168074497,1.1326484417761624,1.9509160657407272,1.6225815339785228,28.19774627892896
1327,BMO,GRU,2023-05-01,2025-05-01,28,2.3767289158331275,1.4344697693458384,2.487149918030753,2.034691084300739,590426.9565194044,2.153649628426144,1.1380540535396648,2.208909396230904,1.5441739400227863,403288.6770833333,2.3667863770509228,1.241390972511266,2.4449981025858776,1.7119210705517516,49.17635240413826,1.180379777727001,0.9725414568054788,1.3047961235305228,1.534156608383761,34.754856648082544
1328,BMO,GRU,2023-05-01,2025-05-01,29,1.861484889683641,1.619763704933653,2.3837349177247247,2.402112838954673,611214.3300839454,1.3189884276870538,1.376605057133247,2.096332847972441,2.1013104756673178,404206.7020833333,1.4699430275654548,1.4979728596423512,2.3288443521553,2.3003604510289835,43.64676558142797,1.5472083161107244,0.9469352331869568,1.3169758626289363,1.305438029031747,26.183370309581854
1329,BMO,GRU,2023-05-01,2025-05-01,30,2.223830495115789,1.7920708031215764,2.6153391518232785,2.565165299818284,593462.60662508,1.5394735807664863,1.3212338445940257,1.748730026076828,1.751165771484375,434814.996875,1.7136356283688012,1.4394372888147366,1.9704001080135904,1.9421674411301937,59.74222510198479,1.8825724869123528,1.339156696376032,2.275104434065349,2.1513005216310512,46.16760338302053
1330,BMO,GRU,2023-05-01,2025-05-01,31,3.5873668657286584,2.940307978193893,2.5676846983222203,2.7081085380811074,609672.1628052074,3.418736171514269,2.688366859388187,2.306243422771984,2.4492978413899738,401858.4208333333,3.731505364647479,2.91042042081202,2.547541435643091,2.6763028751446054,44.4195938075363,1.1783201029720292,1.3103894328595524,1.277202152165722,1.2857113176552897,29.88054423510629
1331,BMO,GRU,2023-05-01,2025-05-01,32,1.8268530160748764,1.612885552436695,2.1198451086232426,2.133346126468396,576412.127116608,1.2000656115814692,1.2520641093558946,1.3438576002310252,1.4231043497721354,410496.09791666665,1.3431855249167786,1.3666800725516437,1.5307710444945728,1.5841771247862326,54.77933170630167,1.619842525689429,1.1203975709749188,1.947577856624343,1.8317849993731377,41.4250933759798
1332,BMO,GRU,2023-05-01,2025-05-01,33,2.1955361210693822,2.1218409017185205,3.267605819833024,2.837419325114793,572339.6453096799,1.725053645307147,1.7364387099670742,2.5807791218068075,2.171452840169271,432623.55,1.905581089518788,1.8795911659645472,2.8839147346223246,2.396513091458302,62.0339063631667,1.5448258909676569,1.3267049643308564,2.331710603497484,2.081560375693789,45.82559167551034
1333,BMO,GRU,2023-05-01,2025-05-01,34,1.878703114810172,1.511385152648688,2.141166081010771,2.09552956726632,580131.5212412832,1.1761009416137194,1.270213150394966,1.2966375646114645,1.5069666544596354,419573.1770833333,1.3189746118674306,1.3860884803631917,1.480155288999219,1.6746192957124244,57.10849343700004,1.7333704062090955,0.9188741499249398,2.028053491331008,1.683594869139907,43.46480787158512
1334,BMO,GRU,2023-05-01,2025-05-01,35,1.971273206384449,1.4180320487499092,2.1258907124187507,2.213532315718894,581516.2024359195,1.163029096824553,1.0221629039784252,1.5235139279375811,1.7305465698242188,407035.24375,1.310391122644976,1.1183930930311372,1.7194687887237607,1.9118232252600769,52.42153043806773,1.8929976458826367,1.095754049493385,1.7664508437194688,1.5805095389741055,38.31033075138377
1335,BMO,GRU,2023-05-01,2025-05-01,36,2.149570658021181,2.626068591950352,2.0985448664828965,1.8599961687777269,586262.9199093507,1.4800154260406824,2.2622301388063693,1.3706388135895575,1.2737335205078124,416220.77708333335,1.6528825645782663,2.4431185914483526,1.5556164359280926,1.4163388776026695,53.90536872026226,1.857969536722512,1.4574353118420291,1.8834470033964112,1.5671962030572226,39.13202816475128
1336,BMO,GRU,2023-05-01,2025-05-01,37,1.8832358330982613,2.233941800299387,2.1119392618218407,2.227759126593636,589846.7684659723,1.433336662189728,1.901024787854984,1.7275514800085838,1.90642318725586,419899.096875,1.5885221409015795,2.0568330355018403,1.916416030097272,2.0877427668823905,55.16741318703296,1.4128881713758707,1.2775820169042134,1.3881962927626956,1.2944768044262065,41.47279278533116
1337,BMO,GRU,2023-05-01,2025-05-01,38,2.025080536681045,1.4309122095859512,2.0499961274422183,2.0168284886894656,575798.4432133477,1.2295917797282705,1.0745802477453272,1.3674518844067731,1.307304890950521,434886.47291666665,1.3829091928840294,1.169677500092716,1.5494847962783709,1.459984744026529,62.28414574695578,1.9204690762957133,1.04931266309777,1.820152935778788,1.7781777859235712,46.30873820276483
1338,BMO,GRU,2023-05-01,2025-05-01,39,2.0479082411838667,2.0234171122395948,2.2003692279178804,2.094736979583423,592981.3268378375,1.694735443855831,1.807947463564104,1.6557263340827386,1.708673858642578,407346.1322916666,1.8687010594981608,1.9657993520168195,1.858745294781804,1.8776045289872128,49.364180442215336,1.3396484052721187,1.008996139408394,1.7198643417883024,1.373401534917409,34.208505649073366
1339,BMO,GRU,2023-05-01,2025-05-01,40,2.2900160768178983,1.445241244004892,2.2919657305379824,2.6794539316163584,583116.3949288152,1.949428538745154,1.2158493910362418,1.9707153756417115,2.4736905415852863,402517.3489583333,2.1524790112231886,1.321505477776568,2.189692505360208,2.707624916230545,51.01302899962313,1.4129950440201025,0.8682291637415476,1.3644131831982182,1.15297840505228,37.55798880131548
1340,BMO,GRU,2023-05-01,2025-05-01,41,1.7597975580589895,1.4910948836293625,1.950732200786365,2.290314268479029,578025.8364434852,1.1911541337048417,1.1781742238935249,1.4876555085795853,1.9232798258463544,401609.1614583333,1.3295704711640206,1.2841018226074592,1.6640792617218112,2.1097616163770394,51.53552924377933,1.5154329239008166,1.0101590300159191,1.4827234324903371,1.4024711462645576,37.71755571456568
1341,BMO,GRU,2023-05-01,2025-05-01,42,1.9321970426178168,1.7879398491910683,2.424060655104708,2.01474729272905,581914.4740806615,1.0409562753910473,1.5567662925021684,1.4174142971192538,1.4470736185709636,414764.88125,1.1760252782266345,1.6949180922427014,1.6211658560866562,1.6071024189346372,54.71913615355227,1.9386674868786105,0.9808412501799686,2.335758124685745,1.6216150638222924,40.62678609767863
1342,BMO,GRU,2023-05-01,2025-05-01,43,2.227033508557788,1.5781212577826258,2.2032388862709262,2.3286318840003,566999.8618760537,1.4437157066346529,1.0845905498554107,1.681243330039344,1.7302726745605468,425292.7625,1.6155564350891776,1.1862032153660549,1.890711286705871,1.918039568579142,59.944740182471214,2.004955250350362,1.2759479692362428,1.6877888295513337,1.787606693081649,42.73469369226723
1343,BMO,GRU,2023-05-01,2025-05-01,44,1.8876408290244104,1.5813205756236155,2.1108134427205374,2.096738678364748,592102.8722140909,1.2351405674557805,1.1897081629935458,1.5498572544874123,1.449920908610026,426257.80833333335,1.3849668299583944,1.3026925111972891,1.745360811232339,1.6125442788868418,56.14527232497017,1.6940486844924094,1.1592404934392464,1.7005971554964023,1.7490315612279763,41.595232209015
1344,BMO,GRU,2023-05-01,2025-05-01,45,1.9362752315423708,1.5270893799388332,2.2805852294361992,2.02067005797792,578733.3789308834,1.3143035635798,1.2433208062380647,1.4699532486121152,1.4593210856119792,387471.421875,1.469867224708364,1.3574755131944778,1.6725784800432422,1.6224775380298408,47.4367589513344,1.6772348034369198,0.9955047585099168,2.0777499649582456,1.617414119929822,34.289495969396725
1345,BMO,GRU,2023-05-01,2025-05-01,46,2.7721342276969936,2.291258408376746,2.126414695552229,2.596019038984681,581826.4007358892,2.52933561299052,2.09594335678402,1.735727551884988,2.3174400329589844,401592.95,2.7705558477815897,2.2712176927197665,1.9319386098356448,2.5368079796826697,50.297754007535154,1.287730027568314,1.0131783373439969,1.4251018584385444,1.3047895982725968,35.806173600663854
1346,BMO,GRU,2023-05-01,2025-05-01,47,1.8514040751776568,1.3526719807058425,1.966821525402064,1.8900983981971824,585873.379786534,1.2000252933909428,1.0241612429296083,1.2053016134917611,1.2711568196614584,397109.103125,1.3454946131914556,1.1188739574677689,1.3722920154279283,1.4160201205268963,48.89716629150622,1.6702457002520603,0.9801592347124666,1.8438998584299768,1.621193860809228,35.18664267101263
1347,BMO,GRU,2023-05-01,2025-05-01,48,3.090928834420492,3.959964575670501,3.323674528169171,4.460784601429968,585294.3883900926,2.840914999383749,3.733126779697668,3.099938041353096,4.250059000651041,402068.2364583333,3.1053835405407804,4.032585659646655,3.412957733925017,4.618870658577893,49.05548868766287,1.3495249403737546,1.4308856726171084,1.3192744417513476,1.4335529747136653,33.67504871859755
1348,BMO,GRU,2023-05-01,2025-05-01,49,2.1724211508256803,1.3399440142188357,2.399210127950088,2.0976878452000887,586076.840014051,1.7399752526845196,1.0373405780120035,2.1021703433449006,1.6782938639322915,380903.7635416667,1.924991257620473,1.1257771324493655,2.326589394406505,1.8568531132252184,44.082702012771854,1.498023014827012,0.9291877904694984,1.3173165873578836,1.4546306219845928,30.98863662683526
1349,BMO,GRU,2023-05-01,2025-05-01,50,2.7578863472045647,1.6427020353438857,3.0986097701733297,2.7618078961765127,584461.0546102575,2.4887749555026173,1.3406792055067256,2.907913362279329,2.4973536173502606,419838.646875,2.732173107366936,1.461398268530666,3.2070706879065125,2.7332763759106853,55.251465393703214,1.350542004754432,1.0518205821169495,1.164136732056105,1.3124733311053032,40.23569994060486
1350,BMO,GRU,2024-01-01,2026-01-01,1,1.5888491914602505,1.774088114296908,1.9556366312712847,2.0845312626134387,251864.6409716273,1.2147206333556502,1.3686441035583792,1.659004529662736,1.5924552917480468,183200.3,0.961584708006382,1.074870887495847,1.3311007173702296,1.2578236746563791,33.3054631992241,0.8003562825519801,0.8773396178877282,0.8442160066580977,1.0456435557643415,32.584148306349086
1351,BMO,GRU,2024-01-01,2026-01-01,2,1.63979491113829,1.7453383085822718,1.9981828468538043,2.0150968562376352,253538.8200140081,1.430362347510835,1.3365336674389652,1.6922277273552548,1.6063873291015625,197365.04791666663,1.1370713861594224,1.0503593270822276,1.357574003424975,1.278361438205421,40.398971439106525,0.6513522467494401,0.8728198933251805,0.8653954236238881,0.9743092559276664,44.32919514414916
1352,BMO,GRU,2024-01-01,2026-01-01,3,2.374599413842494,1.9866753724288368,1.6478434786291427,1.7299703410461216,258345.5278722558,2.055148437236873,1.691556420050628,1.2562496455071055,1.3729151407877604,213281.471875,1.6399230154491122,1.3329627973546752,1.0019545091682436,1.0926774851363388,46.98717738631412,0.9832603256032464,0.8371533972054696,0.8506252061767228,0.843336182101178,51.61937537799559
1353,BMO,GRU,2024-01-01,2026-01-01,4,1.6836126166093548,2.1999058739594703,1.9163905405806327,2.0126364031017183,267765.5038924652,1.4152414949912129,1.7770680057926342,1.6223941444083323,1.6758565266927083,227509.85625,1.123028795455316,1.3895459126642815,1.2889218978329378,1.3299096361797162,51.71346095115238,0.7243158073726715,0.9961605770458812,0.8067271955127591,0.8896124888407752,56.07520448069062
1354,BMO,GRU,2024-01-01,2026-01-01,5,2.0628320049990005,1.9863936676074925,2.4547743047622257,3.2468412760727734,254964.238423753,1.7369852254158844,1.63072488603279,2.1510931768489767,2.811261749267578,194902.5145833333,1.3846277489965508,1.290465117798417,1.7311279442215943,2.239404841455321,39.09130847247752,0.9082738419510276,0.9238667921300476,0.986509985646474,1.3265078883513848,43.060675932865415
1355,BMO,GRU,2024-01-01,2026-01-01,6,1.8749591190189785,2.4167712795853453,4.74612922552573,2.781873534375823,338120.56871492363,1.617054652406943,2.0679100660062253,4.458820112277752,2.4051233927408853,303170.2125,1.288032657260597,1.6299918599584229,3.56870589599868,1.9116394457226944,73.56823946491988,0.7770805732783124,1.0053079733334842,1.3406890527229816,1.1315485915218328,75.06659371124587
1356,BMO,GRU,2024-01-01,2026-01-01,7,3.185468500003997,3.051424850023294,2.223967127374597,2.5543279023861545,254767.4497905037,2.7044367956745714,2.5895704950151326,1.8210477824586533,2.129351806640625,197036.00833333333,2.11915371111708,2.0188312008970866,1.4385674181265593,1.6753896186067172,39.6500158330131,1.293850131486287,1.2361424033057244,0.991113980929786,1.0963768376005585,43.09018201117038
1357,BMO,GRU,2024-01-01,2026-01-01,8,5.833551302717139,5.336793788631519,2.121621320011682,5.3297041641277385,265750.78134061606,5.633552515945651,5.081318354207279,1.8183014376031053,4.915995788574219,185268.87708333333,4.437780439802892,3.970902664718482,1.4561207136823762,3.8656834070140857,31.65754713904293,1.1316097094227795,1.2249154773409032,0.8805804961858745,1.574597388922874,29.879544121685385
1358,BMO,GRU,2024-01-01,2026-01-01,9,2.152086552487131,2.904150028963741,1.6714531567406503,3.5173445593883974,262939.29907822394,1.805206242029452,2.57303882718406,1.3399537285490348,3.0346827189127605,218105.996875,1.4202047551039576,2.0091578033137623,1.0697056144443036,2.3824728755415934,48.09218075345159,0.9110660575023346,1.0396732669585642,0.8046037277980959,1.3742207636112926,52.65258165652592
1359,BMO,GRU,2024-01-01,2026-01-01,10,1.5305796248821293,1.7462709266374885,1.949394118289377,2.256230686133788,258321.38919468448,1.22166962313356,1.4113914444907465,1.5571482971884716,1.759258015950521,200126.846875,0.9701847766884372,1.1149277110422473,1.233932389380975,1.3872935292153348,41.61403273664752,0.735508724433282,0.8244464855952979,0.915662302126084,1.0949096887495793,46.63238826776383
1360,BMO,GRU,2024-01-01,2026-01-01,11,5.300416161420378,5.549930248209886,4.443303128998689,5.032765453264105,254756.1058766443,5.092868077316068,5.213508661987382,4.0591636893448095,4.593411254882812,183581.49270833333,4.043858871825692,4.109491940696795,3.259055136964659,3.651613173202641,34.92779176963656,1.2128123983112404,1.5277061311251954,1.4948191018908532,1.6668305738087068,39.07597862548339
1361,BMO,GRU,2024-01-01,2026-01-01,12,1.555033429894927,1.61030526365932,1.826055900692606,2.0247505062812974,256109.71150695803,1.2252969338758428,1.2225492674970535,1.4322694182458349,1.5468594868977863,206911.33541666667,0.9725614276621825,0.9633204993562016,1.1437215676784676,1.2254214068586589,44.73821077184747,0.7550063826632616,0.8222258631261294,0.896041411834509,1.0252707118712112,49.74095042462356
1362,BMO,GRU,2024-01-01,2026-01-01,13,4.129326022827032,2.8735662463937173,3.980674777955821,4.959160218090297,270475.7027825326,3.741548630040704,2.483207559409612,3.6022008024357897,4.514808654785156,228548.671875,2.9379971434000294,1.9397851726530249,2.848787053531733,3.551237640127312,51.08193689667423,1.3322386326007574,1.1161075099282969,1.3123272552521432,1.5732184880353477,54.77681703867398
1363,BMO,GRU,2024-01-01,2026-01-01,14,1.7351620841911095,2.958871772261407,2.492641129245248,4.635268305534421,278345.30826558574,1.318160117827629,2.582502613618565,2.1695898809505394,4.225865173339844,235517.809375,1.041599661512619,2.0394701283044765,1.7430526432719102,3.357804370263448,54.61522052860067,0.8750989419178066,1.1645971817619822,1.0101904499898442,1.5425358611570013,60.75852974865905
1364,BMO,GRU,2024-01-01,2026-01-01,15,2.861799579788717,3.2118496263335867,1.832310402312961,3.381010019172534,256015.0171228096,2.4469569372761337,2.576906971659013,1.467026108079017,2.6010279337565105,210674.43854166663,1.9191603227016647,2.0071414778718486,1.1628335207933016,2.0386871109082256,45.42944545876093,1.1416271065511157,1.4690730427424057,0.8569848716321798,1.6629130275755233,48.48317937555756
1365,BMO,GRU,2024-01-01,2026-01-01,16,8.605374406575638,6.611145520989638,2.249079296711185,8.569325201808738,255491.69426001204,8.454001073481459,6.372488601603112,1.7509281522508806,8.345895385742187,187143.596875,6.66742351407976,4.983316634454706,1.3888289588290077,6.576820252756423,36.59808884651268,1.141434519761655,1.299817327667752,1.092692591930035,1.418967113276192,41.31072637078111
1366,BMO,GRU,2024-01-01,2026-01-01,17,2.308565874868932,2.5961436786658805,1.7716149458811377,2.181050405094755,253246.0688776511,1.6948694959049817,2.1191085127913323,1.3845596746935276,1.7965777079264322,194791.79791666663,1.333040172932186,1.6565426512476742,1.1026927009612937,1.4208677449602334,39.92327730724144,1.217483940923283,1.1565077438183244,0.8763855385914942,0.9766503583703744,44.65948692760096
1367,BMO,GRU,2024-01-01,2026-01-01,18,6.4152119563751855,1.553114803878939,6.369959850676715,2.8980563624851783,256782.57188981216,6.220748866043308,1.2111388062670718,6.1078895333114405,2.432830301920573,206394.98125,4.900335571159458,0.9601448435832012,4.83799220248957,1.932665157405804,44.73738916452204,1.150580499187769,0.7862081424072147,1.3439261912949454,1.266495147928066,50.16956455560925
1368,BMO,GRU,2024-01-01,2026-01-01,19,1.424037631586596,2.4933008223358253,1.6566278309246174,2.007455823534392,272505.26364291256,1.0930239304468066,2.0656755395654205,1.2976486963167748,1.59188715616862,234100.4020833333,0.8660433318469302,1.6119514856877883,1.0366792564042842,1.2558998137327078,52.963531636434645,0.7215052260264434,1.067336092794153,0.8186890851108516,0.9536489057331532,55.82997590619483
1369,BMO,GRU,2024-01-01,2026-01-01,20,3.0916849981581787,4.14024033349179,3.345168031732697,4.025759452305898,261714.85761387192,2.720236000183035,3.8466971790770703,2.8261341282705312,3.4440343221028646,214713.228125,2.1354581275047595,3.0025642760829885,2.22860014202852,2.702478918659287,46.54861533757494,1.1345791902438478,1.1670736453099602,1.3923353309003543,1.6090402665751289,50.870844711926864
1370,BMO,GRU,2024-01-01,2026-01-01,21,3.0113344505419515,2.917670712663707,2.7570409656319512,2.523290004872491,271937.35859257524,2.5776644883000293,2.3925084134037653,2.2361563552399324,2.1320571899414062,227559.48229166667,2.022194836841399,1.8663099492110635,1.7644738530095336,1.679711968806079,51.31724467180497,1.203923981897939,1.2811234281845043,1.259190996983374,1.054729736465296,56.76300079600024
1371,BMO,GRU,2024-01-01,2026-01-01,22,2.1935566752824447,1.9105419372730568,2.4339420374719576,2.265125127006293,276761.767810386,1.905178736879599,1.5929639037425762,2.1285216131282736,1.9481295267740888,234920.409375,1.5168077801660846,1.2575219896185883,1.712571599104554,1.5472008365060237,54.49957533686904,0.8908830441934782,0.8510605153060085,0.9837557800167128,0.9356348026180776,60.66156351787928
1372,BMO,GRU,2024-01-01,2026-01-01,23,1.939034956264231,3.406719577413268,1.8078029351113525,2.0477174318515585,259004.87000843583,1.6596327316384694,2.985790779530093,1.4122274508330557,1.656347401936849,181482.371875,1.3234923977160753,2.333796954074201,1.1254108888757572,1.3167673087846266,33.22066316061733,0.8254082034836869,1.2665278324576288,0.8855546689388412,0.9647112578388308,36.75439984256919
1373,BMO,GRU,2024-01-01,2026-01-01,24,3.841298835722633,1.7716634713481696,3.818062483406726,2.6247625531112955,251742.7074049553,3.4687629346468234,1.2656463597408725,3.472556774643898,2.0607805887858075,194176.2708333333,2.7250234679461216,0.9928530901794694,2.786721855812393,1.618916935179911,40.60632211680764,1.2603764813894185,0.9597242267286952,1.309324727404522,1.2568027314299022,46.1669235591433
1374,BMO,GRU,2024-01-01,2026-01-01,25,1.904917712093056,1.8831726749184967,1.792404911983615,2.3043896875304664,258328.6592071972,1.5224700624420735,1.5103929133728324,1.4002336885686248,1.9134793599446616,209088.7395833333,1.2001867229034708,1.184072792725949,1.1139935785212904,1.512454294322809,45.85972633156957,0.887688138182761,0.8692024971216221,0.8776329715237557,1.0112808558479138,51.82819352198017
1375,BMO,GRU,2024-01-01,2026-01-01,26,16.388839357113977,9.056734795747044,16.364511883772444,5.110818019265023,268755.8895158504,16.28481136604331,8.857966812052332,16.242099992702716,4.764391326904297,189863.9625,12.861314519123306,6.931511699418355,12.916630872290789,3.749951812248872,33.1799367790714,1.1619030690033465,1.3529607183067072,1.3163787197599237,1.42360017502883,31.92269113658292
1376,BMO,GRU,2024-01-01,2026-01-01,27,2.027515268908675,2.785740739409981,2.9193239669883395,2.034003406242776,264375.9502063426,1.6721869854376543,2.21790917197102,2.374359082027841,1.611626942952474,221294.640625,1.314799987801926,1.7280710893503433,1.8718039298119704,1.2705712524732102,49.762745912300254,0.8883391240240167,1.288810751177173,1.3200551449374731,0.9677474909845484,54.83704922920264
1377,BMO,GRU,2024-01-01,2026-01-01,28,4.218594029944285,2.810440572598913,3.138135773237,3.388327870130872,256792.5123793539,3.9818024034879422,2.45003751208993,2.7443993078088007,2.9512761433919272,210934.890625,3.1600945870412978,1.9306285408740589,2.2021491145240155,2.344887553694176,46.84607130607989,1.122055527435368,1.0994821862396933,1.2435025256711827,1.3391278361413566,52.11877414993271
1378,BMO,GRU,2024-01-01,2026-01-01,29,3.5607353743445995,2.70217181443203,3.67022463713682,4.710722050296679,258253.8769502444,3.140310629285966,2.3263417446425554,3.2719825355488457,4.2790377298990885,188385.78958333333,2.499663286683102,1.8372595536324865,2.6270182619959503,3.4008553821669523,36.35526114421516,1.354991438800796,1.1093014445019664,1.3678962319673789,1.5935992270374053,40.74529377134405
1379,BMO,GRU,2024-01-01,2026-01-01,30,1.573771461254155,4.464392724503114,3.295433306555817,3.070565664760961,253325.37413004725,1.375351364646526,4.122661646606523,2.9220517756305524,2.65625966389974,207249.71354166663,1.0925073882789194,3.246446497833734,2.342162112547211,2.108842858338978,44.75104908860795,0.6210103864295338,1.3585496772350645,1.2433324862285802,1.2398493200509937,48.53561574230243
1380,BMO,GRU,2024-01-01,2026-01-01,31,3.461959066005213,2.813386967790952,4.231080340225278,3.386037239611363,254762.96309600983,3.183826736170234,2.443915258013442,3.909968336154705,2.941115315755208,204048.453125,2.531640105333705,1.928886756784463,3.1361099101403966,2.3388501611462686,42.73712929382218,1.111709499669195,1.1227820115046887,1.3446076932040651,1.3610661066102328,46.32635367827349
1381,BMO,GRU,2024-01-01,2026-01-01,32,3.620168997414813,3.3910811841611053,3.834264839200474,3.7604076857631545,254596.62679527263,3.2489950028685817,2.9247543517143386,3.394577232777474,3.244420623779297,206258.509375,2.5486855310061105,2.2785571903749267,2.6766234059937024,2.5454293445245817,43.85440880619601,1.2235992986110051,1.3146727827027307,1.3782894856417578,1.4650873916409135,47.65309839686165
1382,BMO,GRU,2024-01-01,2026-01-01,33,2.811007231550294,3.2713077627833527,3.1590402657701926,3.5379678799712595,254764.1349480844,2.0007650439227564,2.5088807079280904,2.471120853124047,2.7055035909016927,186522.61354166668,1.5665395240304352,1.952292559363544,1.9467036043452088,2.1199480891703737,36.28646282840853,1.5218983068719747,1.6069171659674908,1.53170486307206,1.7564549511507217,40.81135537894113
1383,BMO,GRU,2024-01-01,2026-01-01,34,1.561500050797011,3.649554822396776,2.4191289018381794,2.6788349357339327,256488.82769367064,1.300827320406726,3.3121203286837395,2.045491090971024,2.2451761881510417,208707.97604166667,1.0365954692789885,2.586611119561684,1.6167561578411438,1.7665575729937937,45.14525588571739,0.6960601850822192,1.180846693511693,1.0065190429068482,1.1347243552527382,49.62959070120127
1384,BMO,GRU,2024-01-01,2026-01-01,35,2.1623343156175623,2.0402554039231524,1.7406990697068363,2.0458807834517554,255392.42760838856,1.775051719679951,1.7338416365706288,1.3762996206812668,1.6242202758789062,202491.78541666668,1.392140430693527,1.3581575981778804,1.0977121892097723,1.2839703185174949,43.179140415467074,0.956435338659782,0.8332724990116459,0.8507394805892468,0.9743060995522136,48.4289905384233
1385,BMO,GRU,2024-01-01,2026-01-01,36,2.627988430324422,2.476502341370391,2.3868736610081243,1.9681459283055225,249657.59320618765,2.233200122658753,2.0377593306624258,1.8870501831748,1.5170125325520831,195859.828125,1.7531860606535838,1.5908302420411198,1.4907384787593354,1.200814269226157,41.37533692769925,1.070342056191732,1.078020703891707,1.1356901700145992,0.9805689214517088,46.64047369585247
1386,BMO,GRU,2024-01-01,2026-01-01,37,3.555748611679873,2.6763413383882417,2.485476346445051,5.769692420870698,266660.87299115,3.1373584920163777,2.302888730275957,2.135625723598588,5.479251607259115,222248.440625,2.48770304776124,1.8075598198361311,1.6995912331303604,4.315080190643232,50.94524859940218,1.325356999699025,1.0701481532308654,0.98858941925595,1.372868980844372,57.55396452993584
1387,BMO,GRU,2024-01-01,2026-01-01,38,1.6171473548417186,4.17971843137622,2.398144109117903,2.439344769876457,256256.5520358937,1.3685422769497866,3.908884373901289,2.0226641968466748,1.963489278157552,204221.75833333333,1.0802720599959537,3.0565008715499173,1.5991094520972131,1.5443566137021016,43.10647432711878,0.6784429924010631,1.1357930025836265,1.0089192987276636,1.1198943796306289,47.57251312360841
1388,BMO,GRU,2024-01-01,2026-01-01,39,1.7601221952118775,2.281940597943039,1.702525931734512,2.008042046977024,255158.8099113352,1.5230662480761783,1.918676170454763,1.3212150787781516,1.6090387980143228,198948.66458333333,1.2126361788248723,1.5153706434525005,1.0600887618197814,1.282118232499716,40.30930146741397,0.7206258903956037,0.999079923994718,0.8675883207445849,0.9706167032794148,43.61724652216551
1389,BMO,GRU,2024-01-01,2026-01-01,40,6.008433839015901,7.382556926147309,4.924489155736246,1.935404629822734,300395.42837453925,5.817295618413072,7.165258845092851,4.665311964084393,1.5064592997233073,211203.1828125,4.61664883421659,5.637756130865,3.733941299491671,1.2034805669373283,33.054945063526084,1.2426202231734884,1.4376034432915852,1.3087420975935566,0.9861077945238788,22.82388299523035
1390,BMO,GRU,2024-01-01,2026-01-01,41,1.952032153633115,3.5322787498397665,4.397286166882131,3.464359906732588,261660.9405133669,1.4717040492683622,3.004933693348453,4.100204491346762,3.016480763753256,185519.13541666663,1.1574955811697378,2.3395501595086614,3.288665060111361,2.4000555173093114,33.962268273614434,0.9893003744979012,1.4188794804705505,1.3268677947157337,1.3848763141120224,36.77420177673534
1391,BMO,GRU,2024-01-01,2026-01-01,42,1.5284349758852704,1.760751170922707,1.7418529314738107,1.857219855132519,264162.0338107005,1.220116961648526,1.301868366874903,1.3796374812974903,1.4569793701171876,220603.29479166667,0.9740325957874394,1.0221058375014889,1.1040375033069298,1.158069180153987,49.36849752811407,0.7404423592602786,0.918421125288972,0.8563590847599593,0.9164679348848518,54.21413874724564
1392,BMO,GRU,2024-01-01,2026-01-01,43,5.647632099000132,2.2808054715249853,7.744515818336491,2.9552826390057936,281291.87719457765,5.42480701164224,1.8690350937396136,7.3610656974014494,2.468086751302083,197520.93072916663,4.304270288843285,1.4785709592939873,5.881233442559259,1.9406913841411733,33.2504444192422,1.2718974517641766,1.0614367370544158,1.9321316260311343,1.259766527995311,28.49475819160665
1393,BMO,GRU,2024-01-01,2026-01-01,44,1.5251220456541283,1.7239636799638605,2.247709309874237,2.092842710492262,257016.86257391816,1.147676380075099,1.354094120185649,1.7693119413133804,1.6231491088867187,203676.74479166663,0.9089116122299632,1.0643177366190546,1.4073914449104994,1.284317436350441,45.372066511782656,0.7839269837935842,0.8320606923585043,1.0745519396940617,1.0349087754715611,53.17736895551387
1394,BMO,GRU,2024-01-01,2026-01-01,45,2.1308699275973058,2.2406270844561766,2.376505770290985,2.939596695925489,251368.8089965335,1.87194589672069,1.9265701447988688,2.107016807827954,2.552418772379557,194182.8375,1.4880388822204829,1.5187139182143092,1.6950941198705427,2.026870558446372,39.53878230560092,0.8285366348514265,0.9188646816497364,0.9163192221977148,1.1738941950046484,43.511176700301554
1395,BMO,GRU,2024-01-01,2026-01-01,46,4.83222769117208,3.9950627410274815,3.8174360343406177,3.2441164036381416,287860.29405192204,4.533435531896172,3.6486749724527217,3.3684481067163885,2.730444844563802,203802.65729166663,3.5672646634184457,2.847801484276287,2.658894942869073,2.143503600342087,33.154719789026785,1.2637491331060626,1.2411812527534,1.385633925477383,1.353597111720568,24.300009949325105
1396,BMO,GRU,2024-01-01,2026-01-01,47,1.8576838339064616,1.856232168804184,1.8935186115220768,2.069279798213984,268786.9191989015,1.3908332712046956,1.4070535778526032,1.5132200517976553,1.6064102172851562,222445.93854166663,1.0961889474322088,1.1035162181641502,1.2029159005069634,1.270433085797242,49.67114214261717,0.951747826781745,0.9372367106514689,0.89693130831394,1.0173033169429293,55.322426058483806
1397,BMO,GRU,2024-01-01,2026-01-01,48,1.653510783217418,2.3045807836401293,3.5039019858150127,2.5527898786134866,265360.9672466963,1.4160355280701518,1.9063715100334169,3.104760650567046,2.1733408610026044,217151.42916666667,1.1238699125999236,1.494412710312713,2.454523031711655,1.7143697762872192,47.02833686704038,0.6864696088470145,1.003354605183694,1.2675283119976315,1.0488011730080915,51.37964344568774
1398,BMO,GRU,2024-01-01,2026-01-01,49,1.5795975846594852,2.965831362736054,1.6698086238688168,2.474370410667084,247310.9203048248,1.2362614306785389,2.6144608824512585,1.3029121280664688,2.128162638346354,188085.79166666663,0.9809985439633556,2.065231033512096,1.0388212020775294,1.695905020577594,37.007568280090176,0.7727290663679869,1.1288202481074772,0.8355539414616416,1.0361609293399494,39.95656255537444
1399,BMO,GRU,2024-01-01,2026-01-01,50,3.394015932863568,5.118029733135426,7.171098662900397,6.107278678882196,256501.06119735123,3.09669474041741,4.8965410308023305,6.913352434108967,5.815240987141928,206783.7875,2.434235796430917,3.833870218055025,5.481389156626347,4.581070439595022,43.51495756021818,1.0696797476750777,1.144396237057105,1.4097011996591224,1.42466951744805,47.07360256747409
1400,V,GRU,2022-01-01,2024-01-01,1,2.455015190388788,2.4475500491454096,2.580409799290401,2.344228141353604,2130411.988614869,1.9012997962419973,2.038909768795194,2.082018271940405,1.7489323933919272,1416405.058333333,0.756108612289574,0.8064773516886167,0.8361694556269718,0.6952830282194786,32.804294605480194,0.6149608043361365,0.5313314654194354,0.6122630311087983,0.6163747982443762,55.91376164327818
1401,V,GRU,2022-01-01,2024-01-01,2,7.521809084149407,5.648919576825426,5.475951685025609,7.546985858769566,2256597.277264385,7.190236492227654,5.406230418922365,4.962505628402639,7.214191691080729,1659822.933333333,2.8638738120369776,2.1413567875988764,1.986064939841596,2.8688512354576483,41.9374228115263,0.8785004085971675,0.6482690088303414,0.9294233539851482,0.8778103753597141,67.4029334633466
1402,V,GRU,2022-01-01,2024-01-01,3,4.867118760827432,4.397983062852086,2.964926731579776,6.22449600947118,2144143.6336280564,4.618886622211618,4.02167841489925,2.2729759553965416,5.929838562011719,1404261.65,1.840239840160175,1.5917817616911143,0.911864859604936,2.359469152022742,33.23316674786938,0.614611616527581,0.7025708867370832,0.7696363777644233,0.7565038375549218,57.80308750520711
1403,V,GRU,2022-01-01,2024-01-01,4,2.948498567016443,3.3994017299272543,3.488452535662032,2.2467389066522463,2169817.3853068105,2.291891614762304,2.9406833759692934,2.667957973934401,1.92401123046875,1506239.2333333334,0.9136045130355366,1.16464574524211,1.069840983788794,0.7664249129382603,37.26562204097287,0.7405893703256315,0.6764685447629456,0.903630094569341,0.4633665504115098,63.022172723999326
1404,V,GRU,2022-01-01,2024-01-01,5,5.099006661876101,3.666765984317923,3.043814953409284,4.40031012066683,2346663.4159737434,4.7965458360601065,3.3551597584864887,2.5217642538350047,4.013471984863282,1774264.75,1.907461559141936,1.3270869262766196,1.0100187211324585,1.595376129775267,45.15069965653003,0.6775808512485516,0.5789979788419922,0.6840942769121393,0.7130799000507395,70.40486586465254
1405,V,GRU,2022-01-01,2024-01-01,6,4.985913056257279,5.587498995807727,4.568069529706941,5.710513787766209,2206872.641033417,4.466874851301999,5.2562731435317405,4.006327813493126,4.9294184366861975,1579651.683333333,1.7785944100252855,2.081347754327832,1.6040197112998449,1.9575688207275863,39.97955896757063,0.8834689035253196,0.7512324530777321,0.8816547309120666,1.1458986708290348,64.5401706362017
1406,V,GRU,2022-01-01,2024-01-01,7,3.2182559215528723,2.109010701135228,2.844162441496674,4.385837882457737,2147425.9881895347,2.824525253396514,1.7277240591597771,2.382016757004692,4.032121276855468,1408982.7,1.1234252386783377,0.682928209417419,0.9540525826928822,1.6019161667970676,33.04104125714153,0.6079102228956179,0.4730390930979958,0.6252164707501925,0.6765932950310668,56.82330219356904
1407,V,GRU,2022-01-01,2024-01-01,8,2.1498339154840527,1.5417176357246185,4.08313675356488,3.180555777376205,2201492.0220755218,1.7216370677470356,1.179010474429657,3.1985498580485454,2.5567886352539064,1449450.4916666667,0.6842807671731197,0.4656759226737147,1.2806530598603465,1.0155416363948253,35.26242703626081,0.5082588320653488,0.3891530542293941,1.0150899690823918,0.7444299988094036,63.24789140781418
1408,V,GRU,2022-01-01,2024-01-01,9,1.846054829121524,1.701176464812988,1.913058505850868,2.018395979975294,2185449.6693147067,1.389087848812118,1.285154197566726,1.509929349508991,1.762517801920573,1417447.825,0.5525041585290905,0.5081809599157999,0.6074216214261269,0.7005591192089391,34.43441436594222,0.4834637594132994,0.4394286871069934,0.4754853054601189,0.389891676045523,62.04877417739548
1409,V,GRU,2022-01-01,2024-01-01,10,2.49595159158012,2.8792393926529107,2.733074749252218,2.452916900831232,2157210.684279863,2.1959193519052302,2.50091086225608,2.292015546495501,1.89559071858724,1433878.525,0.873208057778028,0.9882265579624966,0.9183919024296192,0.7544719104375588,35.061316468558424,0.4682031885259237,0.5583145860900203,0.6024543440779029,0.6181105075930597,61.01682787165667
1410,V,GRU,2022-01-01,2024-01-01,11,1.8706447210373711,2.704757897512964,2.3804828409223,2.6057534197228738,2169949.876290092,1.4022458231925166,2.2130501903446733,1.8485785326877968,1.9913004557291667,1417411.2666666666,0.5577219017476595,0.875583505292566,0.7429371037468044,0.7926262870382268,34.78918818615935,0.4926874383443939,0.610799546628086,0.6051595135991422,0.6662934126472245,62.26695385909385
1411,V,GRU,2022-01-01,2024-01-01,12,2.172084737148809,2.839199111136954,2.440791281944835,2.2342845027502296,2318923.038628672,1.7537945672132396,2.3949495801984257,1.8978744420126057,1.8144841512044272,1774472.566666667,0.6985572920562331,0.9490841956701236,0.7627047581932824,0.7212959446094452,45.27592296829507,0.5120656442634368,0.6062275699839147,0.6198474270785943,0.5168024472363861,69.53501741948021
1412,V,GRU,2022-01-01,2024-01-01,13,2.478079973618873,3.1507792570479807,3.376606800986984,2.2336466013365244,2158867.714025765,1.9796002152663528,2.8126747037448885,2.95428033029271,1.841797892252604,1407338.1333333333,0.7894048241607147,1.112660927239306,1.1839746926467698,0.7328203911298345,33.520279271995165,0.5965824698860698,0.5597972599516512,0.6573895136547382,0.5027657204892383,58.86906516243447
1413,V,GRU,2022-01-01,2024-01-01,14,3.5629841515949163,2.043671058613733,5.5814100689895145,4.730519287710172,2273599.227527734,3.2571098888131806,1.600894899169257,4.934684114916937,4.071920267740885,1691776.0166666666,1.2959332740171663,0.6331512007064223,1.9743016304913248,1.6184457630263684,43.02872967449364,0.5682326892215519,0.4988660397739643,1.0402821609475554,0.9531215440549924,67.8075519149255
1414,V,GRU,2022-01-01,2024-01-01,15,3.128619472360454,3.121191852474293,4.802049720682745,5.078897841688538,2251744.135599197,2.675178870726697,2.5344688216138858,4.520433490865135,4.500647481282552,1603485.4166666667,1.0645379730577198,1.0017029909711028,1.8095502309838043,1.7893036099849355,40.19755380977555,0.6413773117026809,0.7139079228308266,0.6509480989565055,0.9312353453353348,66.17917055030532
1415,V,GRU,2022-01-01,2024-01-01,16,1.9687062613621908,3.2481473236290275,5.501551134164193,6.843455149507934,2274175.553538377,1.4390597948533723,2.966839335906347,5.065612154467718,6.592751057942708,1733651.8333333333,0.5746242073545663,1.1739557096939937,2.028734685473969,2.622009818652028,44.47219468025443,0.5394946716753671,0.5221142946448292,0.8642475048437563,0.7275482484816431,67.28294991415974
1416,V,GRU,2022-01-01,2024-01-01,17,3.119760307950669,3.1458335434420936,6.375403988492185,5.058691093148463,2207125.580487132,2.6610073768026674,2.701482649187513,6.038243741528375,4.676452128092448,1493539.125,1.0600444536648834,1.0703958098443729,2.41843203268166,1.859523184451622,37.16118161036746,0.6480377720476665,0.6391123692325189,0.8214306993352837,0.7645928264354184,65.16534645667323
1417,V,GRU,2022-01-01,2024-01-01,18,3.593751491464781,3.704152112523875,4.57378843554571,5.782843079241335,2251587.4281476387,3.3884143118275034,3.289447775033951,4.280354755513573,5.242462666829427,1459469.1583333334,1.3477827673799825,1.2991863823039824,1.712625463387793,2.0809404149838384,33.55369145422704,0.4671794848520114,0.6638908520952421,0.6459844323191947,0.9550045287756236,59.93847875996452
1418,V,GRU,2022-01-01,2024-01-01,19,6.254335412676986,3.5367450478989344,2.127802143439193,4.302553332043853,2119371.727109281,6.011996770323597,3.150002796409666,1.6749937180797607,3.776537068684896,1426003.8583333334,2.3923472547878024,1.2462944733573682,0.6726423665309977,1.5025866540017947,33.963782919061565,0.6767235953616678,0.6341490540723161,0.5305387788989279,0.8216938738701796,56.96226468176116
1419,V,GRU,2022-01-01,2024-01-01,20,2.0857309070406385,1.5454513211887375,2.8186473615947465,2.4488988418398367,2210514.5916420496,1.6677355861583227,1.1793593146274324,2.389243422235139,1.9683761596679688,1499522.6333333333,0.664327590964824,0.4669652629994617,0.9585760200039096,0.7822400403081485,37.3126534171877,0.5000380255720408,0.394430887119302,0.599135074065934,0.5766207708323479,64.30504310966286
1420,V,GRU,2022-01-01,2024-01-01,21,2.363279407587036,1.8983993019651204,3.404125304092663,2.4090716606174105,2204454.7028741217,1.8667210783374293,1.5384886855047852,3.014398842760242,1.915880839029948,1525544.0333333334,0.7435930036707233,0.6094218573101389,1.2094753898368285,0.7625307351185457,38.21738242035519,0.577035425633547,0.4416676524019794,0.6353279973987874,0.5801774801119695,64.50162798602082
1421,V,GRU,2022-01-01,2024-01-01,22,4.136544613643304,1.627882780138798,3.420284409589612,1.7418020849296314,2296161.160636353,3.6359510856415502,1.2790068366000886,2.956709585865741,1.3968948364257812,1510147.4,1.4488944866014952,0.5053767079045968,1.1846755321182083,0.5545066183002318,31.497564753762404,0.786108876320401,0.3961644883210841,0.6926529526046376,0.4084493100751238,50.2059774775291
1422,V,GRU,2022-01-01,2024-01-01,23,6.542248920632531,3.1162141968306574,1.835476567672525,5.052679865343634,2159906.170278495,6.346927814412971,2.726210534115898,1.4792493888585758,4.577097574869792,1412577.5166666666,2.5264833765101486,1.079928255729589,0.5944078537630374,1.8216466147816144,32.54740043235777,0.6220897800854104,0.5965183196246233,0.4379373392874089,0.8501456797954295,56.2216054754588
1423,V,GRU,2022-01-01,2024-01-01,24,3.3751676173474032,3.331067192260844,3.108655519962978,2.948695709937794,2211997.6877980344,3.168557032367868,2.996969340789159,2.71417588585097,2.4839324951171875,1613745.3,1.2605822882837106,1.1844225681500673,1.086633825074426,0.987360580011042,40.85128983256346,0.4555511563435214,0.5671381303586661,0.6125584333482197,0.6288521254819175,65.8157582838507
1424,V,GRU,2022-01-01,2024-01-01,25,4.560542851021691,4.083088331446869,3.787834318752196,4.191174138293305,2180761.4350289656,3.999670327433805,3.4456454100631806,3.180496662251854,3.5167414347330728,1409743.725,1.5898373766496037,1.3611132545647624,1.2740547555469124,1.397304974788107,33.17159979519996,0.8607301330799735,0.8570327289361105,0.8291141528156054,0.8987994390511247,58.84805947927474
1425,V,GRU,2022-01-01,2024-01-01,26,5.023941147145731,7.542322875034763,5.788271357630339,6.813766022133764,2149810.373946694,4.772967839659534,7.384175871767739,5.5430179568765725,6.606890360514323,1415458.4833333334,1.899259626414759,2.922557386173881,2.218270777697988,2.626472566997061,34.21073608329991,0.6161218853336078,0.5969055255528583,0.6656875081614207,0.653389475502649,58.93319605846767
1426,V,GRU,2022-01-01,2024-01-01,27,1.7323929243988905,2.9735764334287285,3.297767814018275,3.29751993481702,2411066.927090033,1.179350057335164,2.653603160565708,2.8096504067901056,2.96700185139974,1893779.75,0.4704754897658574,1.0490999163362298,1.1264579750420454,1.1789288792481876,48.92935307619416,0.5081071627877496,0.5268316545593935,0.6956875195580428,0.5676591642540221,72.04752503992758
1427,V,GRU,2022-01-01,2024-01-01,28,1.8577121217092825,2.523667958023621,2.463689268773988,1.9841658451511848,2173440.526583716,1.3835458530773517,2.1337178369456504,2.096462246482372,1.7016932169596355,1411684.566666667,0.551481725670371,0.8458209788085641,0.8424260328572162,0.6765501343019591,34.56507738108934,0.4948840249907748,0.5349291081292887,0.5219090096047916,0.4051392953664868,62.12995150388867
1428,V,GRU,2022-01-01,2024-01-01,29,9.47742747401221,18.411240423450224,8.497705361696093,21.798776711742608,2418206.4631303214,9.3151478258062,18.292889657575028,8.353765230639594,21.689715576171874,1888146.3833333333,3.707288342882358,7.2380750694730684,3.342612893425889,8.620188322730513,48.76973680284607,0.6701112892359773,0.7554257742742292,0.6093641709149149,0.7771222028210747,71.5133133642011
1429,V,GRU,2022-01-01,2024-01-01,30,5.671380298802286,5.520844440315773,11.271949518563048,7.777537943661019,2184455.516963144,5.430546487101774,5.281475574729979,11.120533622566676,7.570648701985677,1516080.4,2.159878162989128,2.0912059611989435,4.450100485898254,3.007703247005663,37.60881694453857,0.6372112814197076,0.6314996291626118,0.7168221095019441,0.6865459204964066,64.66967674948214
1430,V,GRU,2022-01-01,2024-01-01,31,7.862179324451479,7.532879488628516,4.801190531113938,7.034718389531868,2118723.982613482,7.70596559517469,7.383073169944822,4.466940177742458,6.8715667724609375,1432528.7916666667,3.066839459794407,2.9206037263601106,1.78752413017505,2.731496712429513,35.16397268081724,0.6037571559150124,0.5701698430119354,0.7059617643647621,0.5860395067196643,60.55006161101248
1431,V,GRU,2022-01-01,2024-01-01,32,5.68270352187363,3.950660321986928,6.81419799308961,6.34549769622103,2172097.4985809326,5.424427712687711,3.340894492844035,6.592185844246364,6.050787862141927,1458211.5416666667,2.159841014444279,1.322539556290845,2.6391260529280003,2.4053183252318555,35.50332968738532,0.6718747404975933,0.833561538562381,0.6915068634404175,0.7520547605836766,61.688962748927146
1432,V,GRU,2022-01-01,2024-01-01,33,3.136746607428792,4.507339437602966,3.231924448725534,4.447748344394841,2204845.25812388,2.4938752107136235,3.9141370279017225,2.506572434096747,3.736687723795573,1459883.4833333334,0.9923683825874392,1.5473370312946686,1.0044393854935043,1.4853240645370995,36.04471889027094,0.752592735241021,0.87455363603849,0.8154087446780303,0.9527802694569067,62.76924417857457
1433,V,GRU,2022-01-01,2024-01-01,34,5.513772535275972,7.483665030885441,6.933802410980227,7.530560475506179,2125175.993540576,5.2872373505644825,7.325989531435708,6.7175266238687605,7.338921101888021,1415972.3833333333,2.104872356836057,2.8984349845774378,2.688727628593383,2.917016588695509,34.266951578643564,0.617374060735213,0.5864663193502667,0.6855608412812568,0.6571604535343162,59.33499982623659
1434,V,GRU,2022-01-01,2024-01-01,35,2.332926157532252,4.873620855288216,4.784076850379613,2.292190760495673,2164654.797173264,1.9766088898499,4.626473743675291,4.51957486198725,1.7397288004557292,1443514.1166666667,0.7858262558502477,1.8295013772089443,1.807812420488714,0.6889662635512191,35.57901268843443,0.4912726570649492,0.5937728568666849,0.6257960186257002,0.5838007168242916,62.02389775480821
1435,V,GRU,2022-01-01,2024-01-01,36,1.8958778509565808,2.309064964517566,2.250962533370351,2.554957005799699,2198921.5707171983,1.4725534116191423,2.030105642662062,1.816259394364721,2.011252848307292,1424624.5916666666,0.5860887526156451,0.8029888521510637,0.7298533241107191,0.7992820078521083,32.50082243529523,0.4744922861522558,0.4335483366250791,0.53552072242048,0.6230856743936497,56.89974061667148
1436,V,GRU,2022-01-01,2024-01-01,37,4.297687606127596,5.0714854209082585,3.13393990793978,4.089929406456026,2212106.8994450048,3.920452173969432,4.710548654157062,2.499768709401411,3.730451456705729,1554173.7166666666,1.5591489550905744,1.8624278904211424,1.001224902226059,1.483757693566774,38.59021330726265,0.6910299327279807,0.7321669329860933,0.7549698114370631,0.6641198655609857,65.96803579999303
1437,V,GRU,2022-01-01,2024-01-01,38,3.1746643183497083,4.061999673701154,5.591915144682528,5.825761717756964,2304145.160832395,2.950733749490264,3.6854265838445617,5.333221814298448,5.557857259114583,1735988.5166666666,1.1731787221247068,1.456691595128295,2.1337707420231222,2.2087317333160152,44.35053201687106,0.4584609375381011,0.6664235200251448,0.6699717335513883,0.6836600274703194,69.2436074004416
1438,V,GRU,2022-01-01,2024-01-01,39,3.26278857836657,3.1010994042888265,4.265568946479201,3.4660105361355744,2213978.970554553,2.5029080175715186,2.7151954556980136,3.8220895781047184,2.903726704915365,1526794.4,0.9963145909966676,1.0734675032670222,1.5310189004436452,1.1547346052180163,38.166997297302736,0.8307993005297707,0.5848320191572178,0.7654842280135007,0.7504589897331694,64.29407517929037
1439,V,GRU,2022-01-01,2024-01-01,40,2.66621762751584,2.680327668530413,2.691920636117678,1.909638419819229,2123707.7896303143,2.10264244890944,2.248759003664666,2.3416818876413346,1.5198898315429688,1409104.5833333333,0.8377006496909872,0.8891048575964711,0.9382916927955436,0.6044932987982005,34.31814446828744,0.6530980624860445,0.5720846244817881,0.53533803129926,0.4569057349697528,59.66366869503356
1440,V,GRU,2022-01-01,2024-01-01,41,2.35614756234961,2.041357908920841,3.390563740745937,2.5199105149570844,2206799.384163756,1.809674996915412,1.6989944869854128,2.911863816934571,1.8963648478190105,1559531.1666666667,0.7212157930505655,0.6729855136404459,1.1650016771083749,0.7544835688312017,39.420277352752855,0.602053675818254,0.4468850677150762,0.6983893862639338,0.6569034021045487,64.68813912964806
1441,V,GRU,2022-01-01,2024-01-01,42,3.222546494396436,2.4099137100335564,4.306488554047408,2.908846498957463,2235210.917031349,2.810311234449634,2.0607645651618385,3.893854906892959,2.538426717122396,1643785.183333333,1.1198483586954209,0.816061470774544,1.5590285065312377,1.0089870773047591,41.55021270259405,0.6308286166552395,0.4958603541422195,0.7420926611251379,0.5652460290275009,66.51128253506124
1442,V,GRU,2022-01-01,2024-01-01,43,2.6552846912203067,2.7132658670807723,3.4145471176122246,2.3821360434983263,2187306.253876952,2.2171855898752777,2.22831310428082,2.599465917254838,1.7603169759114583,1427258.15,0.8812848742481613,0.878833056803649,1.041221800140853,0.698404108562912,35.16268079987327,0.5763723164607684,0.6038326666838735,0.8847421074342501,0.6306794814465772,62.50649646988088
1443,V,GRU,2022-01-01,2024-01-01,44,4.972412622502434,4.4873596163599485,4.810397135460637,6.083438921645673,2176990.219134267,4.781117050271514,4.242182667015134,4.5173013024169375,5.811551411946614,1417229.1416666666,1.9024731003238675,1.6779734501095511,1.807079906291169,2.310253236472689,32.53043570034421,0.5344111861419371,0.5703759929314051,0.6604602633857708,0.7071566753579974,56.53431738604362
1444,V,GRU,2022-01-01,2024-01-01,45,2.8573641039262703,4.316000346994932,2.884520684490028,4.2599419534523975,2253101.6721625244,2.457831644770684,4.078643543479979,2.479999424497735,3.830681355794271,1484423.7416666667,0.9808781159369616,1.613433688895276,0.996706025874216,1.5223857508429752,31.568717829797205,0.5844661434873734,0.551423460142034,0.5948681618116738,0.7370827570014518,50.352509762366594
1445,V,GRU,2022-01-01,2024-01-01,46,4.637636899516261,2.2093836369942053,3.3112770159509504,2.767063137040782,2179250.9740124024,4.366448776345733,1.8767293812688328,2.898249656281543,2.3066436767578127,1424715.8833333333,1.7376663768822735,0.741549555474653,1.1596321439603507,0.9156415433060274,34.5533133405982,0.6152605042029002,0.4547091503437386,0.6429786764133644,0.5998847954365416,61.18001994522106
1446,V,GRU,2022-01-01,2024-01-01,47,9.568051384506164,12.044091020869846,14.56521544496924,12.463427482555463,2200233.78939091,9.416305967896044,11.934725188173989,14.455652742846626,12.318783060709636,1441184.8,3.748738361840036,4.72278418225704,5.786945701895144,4.896246997620811,35.3683303377151,0.6593706897807511,0.6046566027247546,0.6939201993303891,0.7179533815935585,62.40682154045643
1447,V,GRU,2022-01-01,2024-01-01,48,5.518655769604181,2.944047490288724,2.198735448389116,4.757143400745775,2310271.742887593,5.028962995121892,2.451378037230927,1.7238313001683896,4.196446228027344,1759738.15,2.0019592399817223,0.9714272567580642,0.6930826459369386,1.6684856370238088,45.05112694789455,0.9046035487275302,0.646392397388356,0.5521863253547042,0.8905979162372883,68.13861911567199
1448,V,GRU,2022-01-01,2024-01-01,49,8.084821537251727,2.2992787323132235,5.340809309033702,5.73990998001975,2161463.1868654294,7.740317706991096,1.8733831445339983,4.73492876416824,5.258760579427084,1425151.95,3.0827462456005765,0.7425943781087226,1.89670564506078,2.093108386452571,34.15611280620659,0.9260418692223092,0.5286322394473699,0.993779319893712,0.9205158292816812,59.99141596907729
1449,V,GRU,2022-01-01,2024-01-01,50,4.016645298882483,3.1788155166577043,4.60831751226972,3.5749212320563704,2176444.7570786667,3.693347986957712,2.809424581674576,3.909400301440375,3.1058008829752604,1476224.8666666667,1.4702068269399655,1.1110503996864882,1.5651577260407272,1.234703045242728,36.5253287704581,0.6255985441611379,0.581782958294692,0.9797054322300588,0.7011777661984044,62.629258104343485
1450,V,GRU,2022-09-01,2024-09-01,1,4.072066303921836,5.372318571571486,5.101648394895883,7.221784628734214,4976038.021943347,2.8180981713503703,4.421435954952871,4.680292374174532,6.004588317871094,2507266.6,1.098569849606568,1.700564100537239,1.8008976537074932,2.333585513273793,22.63095010912152,1.1681948413426684,1.203755000698417,0.7595294422015023,1.610007183300571,21.31081495870914
1451,V,GRU,2022-09-01,2024-09-01,2,2.8543586598842743,4.113553998976099,4.076981650605556,3.910029040668452,4959174.664986865,1.863083970371332,3.590990251765624,3.400979851806325,2.826801554361979,2457077.7333333334,0.7222207479242158,1.3699698749712026,1.3234522585108244,1.0913523887665098,21.71949809025025,0.8542986757355511,0.7694730736822359,0.8927494795327784,1.061514307473673,20.69699672153171
1452,V,GRU,2022-09-01,2024-09-01,3,3.820962558229376,3.8755301396214494,5.358767877815072,5.51730896848247,4670488.194436892,3.391670237658915,3.202103406436828,4.669355891427136,4.931129455566406,2783302.5166666666,1.3023285511779472,1.225329550676916,1.812526745415432,1.8927261908849915,31.234312440016183,0.6814902445239955,0.8428864089072424,1.0316930024108122,0.9520219860950776,24.5968258952714
1453,V,GRU,2022-09-01,2024-09-01,4,5.359660689442795,4.747606788112961,5.7435432731183615,4.467882669877581,4716146.235262735,4.352054696293679,3.6255221061938494,4.427489789354079,3.2459019978841144,2564642.7,1.6879101423192513,1.3963074010703462,1.7323181448882798,1.2612253398581892,25.698221832326933,1.244939797529137,1.2075516859814774,1.4702670839075902,1.2191094324827183,21.47751978381965
1454,V,GRU,2022-09-01,2024-09-01,5,7.259893162614087,3.832813327984134,3.660006718776657,5.850680994690169,4917586.671650236,6.839025492691173,3.249499061173176,2.513318244954333,5.387916056315104,2599317.65,2.616268380158208,1.237903037027126,0.9793692009372004,2.0627028427242773,23.93529538328189,0.9159793320464232,0.7772814007197424,1.0562493108265971,0.8618189474455137,20.06755189851425
1455,V,GRU,2022-09-01,2024-09-01,6,4.620134302815496,3.700368199363386,4.663189912407397,5.810950665726088,4950406.98932626,4.178331233490478,3.009328951684224,4.151548991948107,5.311498006184896,2508776.2,1.6072248533367737,1.148741422730058,1.605599391717258,2.033594397968032,22.356794454083047,0.7653143914338721,0.8289550041183492,0.827762381548037,0.8921969370390125,20.394460324150675
1456,V,GRU,2022-09-01,2024-09-01,7,3.6701592922777184,4.899771074612712,7.389476196990828,6.54103931022039,4636577.761312818,2.9209367054011675,3.661478227431157,6.325396905112444,5.108488464355469,2834686.3666666667,1.131111115616351,1.4042892398245963,2.462699730980602,1.9853100148882468,31.997376572678416,0.8739127728629046,1.274900845492133,1.537587997834638,1.630521542740235,25.313912830895347
1457,V,GRU,2022-09-01,2024-09-01,8,3.732546378750627,4.199954411949123,3.997436814253144,4.490804208716686,5018370.852207033,2.5607568005552235,3.538317929174477,3.0502340061987545,3.379991149902344,2560857.683333333,0.9961335384552596,1.3515550611730969,1.19291841283329,1.3101268393078216,22.676381861116298,1.0765638582286436,0.8699018472355834,1.035915398706554,1.170102015133605,20.527832641158643
1458,V,GRU,2022-09-01,2024-09-01,9,6.7690113276695945,6.417426054666758,7.985967427375547,5.669940941025079,5122801.3510273285,5.742786507817116,5.386790683817873,6.776460652398822,4.062785339355469,2641313.2333333334,2.2232911172232983,2.070490960510751,2.649550294503946,1.5760954628485735,23.0821509396458,1.42977437569194,1.3757529941747713,1.701139540259654,1.5714332399633788,20.134024435542788
1459,V,GRU,2022-09-01,2024-09-01,10,4.129637683876314,3.306957014647597,4.5373260258438535,5.024109076885912,4909022.343747841,3.689023734709885,2.344333102880889,3.88799450955288,4.427435302734375,2493585.4,1.414995845262829,0.8990651980710421,1.5070725378982373,1.7003826538590123,22.781421453003865,0.7140372030567707,0.910738175987554,0.9198384573117226,0.9158496120333174,21.265640728433915
1460,V,GRU,2022-09-01,2024-09-01,11,7.7488866276060415,7.0088889734358935,4.74744745189899,5.13051570778707,4818176.710463209,7.285136535985443,6.526082039559429,3.4734430205085003,4.49608154296875,2498186.9833333334,2.784495350350295,2.481807448735196,1.3591158889269828,1.7292361911083516,23.9184525657725,0.987353514409154,0.9624336796505149,1.2991533886594413,0.9582505263898188,21.89098555099543
1461,V,GRU,2022-09-01,2024-09-01,12,7.57264547662254,4.0703967247701485,4.093293034225869,5.495710225969567,4916954.015475897,6.853680265955137,2.912060237768149,3.160558689080369,3.946346537272136,2490081.066666667,2.648494304338918,1.119257135153651,1.2316733785965075,1.5349250152880003,22.54704284889268,1.2924101330446327,1.1191433201394163,1.0366903260095304,1.5254836748053704,20.93012496746704
1462,V,GRU,2022-09-01,2024-09-01,13,4.446050536133228,3.4338462423546225,4.20077544820591,4.428477192336084,5076555.836165461,3.67078783249566,2.6452176769271487,3.5191598483567343,3.498960876464844,2599587.4,1.4189906324024957,1.0095999014802206,1.3635358538598363,1.352369181901614,22.99465294299109,0.98135739298432,0.8434830711922694,0.90295797154768,1.0696571034818474,20.96924786980173
1463,V,GRU,2022-09-01,2024-09-01,14,3.734372485751525,4.033953542540561,4.381835908708653,5.37028760907055,4710558.731792095,2.617941584126688,2.7612688040541853,3.128301176923761,4.589661153157552,2797758.966666667,1.0188596874219946,1.0606572096031737,1.2236597160767708,1.768081615856237,31.030891965858697,1.0601408360809434,1.155225774029876,1.2325582266074655,1.08430556325229,24.73441176279294
1464,V,GRU,2022-09-01,2024-09-01,15,3.54395867461708,3.207332480769214,4.245236207925858,4.75657551508006,4705422.302132708,2.6745686337089825,2.3706227929772257,3.03642239826866,3.713321940104167,2628046.183333333,1.0386220710049183,0.9089150322731776,1.1889017508262218,1.4388042600733135,27.01404431212376,0.9207859000823384,0.8472979266763445,1.1900319444055627,1.1723982713606262,22.354968756344395
1465,V,GRU,2022-09-01,2024-09-01,16,5.724056366553218,7.678894713869531,4.30250473213086,8.74751828718885,4956579.822784028,4.4228817613067175,6.917360141825685,3.346705127133617,7.669627380371094,2509748.8833333333,1.712776095671203,2.65614410168236,1.3048801939312455,2.973048535991597,22.55148664997632,1.4413287330224496,1.3220770998442182,1.0748957194527422,1.693356717669468,20.86235343919768
1466,V,GRU,2022-09-01,2024-09-01,17,6.177813405837903,6.148042175372836,9.099704427630112,7.033078982642492,4891739.008406238,5.208844857426491,5.132415948574553,8.149679742026507,5.609120178222656,2522569.5166666666,2.0139789902870886,1.968407595099484,3.1789167271532905,2.179975187632071,23.288205441880343,1.3215729198814736,1.3312298842136754,1.643772859357534,1.6964611229435107,21.26939095165464
1467,V,GRU,2022-09-01,2024-09-01,18,4.291343371132186,3.698027735839794,4.226160525453759,4.421049593745982,5067484.575830263,2.9915495748807057,2.904958056150877,2.955248243089068,3.420423889160156,2687055.4833333334,1.1669603397397454,1.1120402899760995,1.157058103848129,1.324215296990527,24.10281779495298,1.2228194040121707,0.8919321402918404,1.2099437135669475,1.1074118666495387,19.526698677484585
1468,V,GRU,2022-09-01,2024-09-01,19,5.566112511207773,4.2543642966033,4.712638450735155,4.717486472414925,4765036.076866161,4.369018940224747,3.1456122477743844,3.1346017422546804,3.1257975260416666,2523645.9166666665,1.694216196499278,1.2115328639306926,1.2288170146183353,1.2159313029647474,24.63055177110024,1.370773034661714,1.1312469697119143,1.4106619301417938,1.4062936645825892,21.481599716434207
1469,V,GRU,2022-09-01,2024-09-01,20,3.258336256225045,3.312115761466624,4.282237881542668,4.027468964188519,4743610.714680144,2.1711983231201564,2.2920251666875004,3.68131788484669,2.8974619547526044,2553045.433333333,0.8440087148046033,0.8818089168952098,1.42972419591648,1.122689017635678,25.361676469434308,0.9637933550477216,0.9403851705624658,0.8643648841630694,1.106647790573873,21.8592971831016
1470,V,GRU,2022-09-01,2024-09-01,21,4.057239328842479,3.490638044363402,4.489201959004919,5.352288639730802,4875372.549717181,2.7606012200772567,2.324802571373495,3.380758457641751,3.824370829264323,2502505.283333333,1.0764608954326405,0.8927605046160103,1.3210632257539257,1.4914729225133982,23.879508222778927,1.1818138501111075,1.018877661785453,1.1783260243931766,1.497991864104295,22.62729985277504
1471,V,GRU,2022-09-01,2024-09-01,22,4.454471269732172,3.599856079244891,4.280847358439513,4.285214351831679,4839035.879415455,3.084788027219726,2.6818140036033866,2.783159511674305,3.0488545735677084,2560210.6166666667,1.197083269185348,1.0304614403044678,1.0930124377925636,1.183641082009407,23.87149456381569,1.2722470707720193,0.9402584785360164,1.304829115628445,1.1964046321850477,20.11754500074524
1472,V,GRU,2022-09-01,2024-09-01,23,3.260424084867845,3.290196477446077,4.388524001752797,4.239907844671775,5258915.46029039,2.124080692485065,2.2794142209539188,3.803952759851753,3.167769877115885,2781973.6,0.8261658425624658,0.8735708770253644,1.4726881164240713,1.2266408633298986,24.181688308652515,0.9804609458721402,0.925305878009095,0.8572289961656759,1.1113774930511844,19.754463757566647
1473,V,GRU,2022-09-01,2024-09-01,24,4.052093818073805,3.83880614288534,4.091784638683053,4.255453620613955,5130036.521599584,2.766867181183066,2.8415339972768927,2.9899074576884344,3.0183080037434897,2663898.0,1.0787574447823012,1.0928245497803746,1.1675476169858026,1.169588827492455,23.27621802487494,1.1774859763305443,1.0102869541544082,1.1169945029377304,1.1864976661878734,19.83762821693108
1474,V,GRU,2022-09-01,2024-09-01,25,5.145473862185187,3.939353235873604,5.010167648075822,5.523708273206966,4764373.321865474,3.993662606989509,3.103355082889366,4.197419976318044,4.386417134602865,2572211.933333333,1.548047754172852,1.191307009766613,1.630888283663742,1.6982970917905449,25.51606496426924,1.2670939970819477,0.94072074196623,1.075526466268297,1.3167857496534987,22.045313658875035
1475,V,GRU,2022-09-01,2024-09-01,26,3.3839313527786428,4.251485780279582,5.04670122407406,4.512072102695964,4903888.900171512,2.2537582684184807,3.441537244065817,3.4881124763758766,3.1349156697591147,2494293.216666667,0.8756954972854983,1.3197530888878604,1.3709681074225817,1.2182692286870074,22.764809268787392,1.0013632628991105,0.9655332921244284,1.4618681940537104,1.2914885756601264,20.94087720491066
1476,V,GRU,2022-09-01,2024-09-01,27,3.583004258129104,4.288906115638046,4.086873611406446,4.572700929436681,4734654.109464649,2.9003996302567336,3.626512891300109,3.289723041845525,3.6491109212239583,2585595.783333333,1.1163710804333402,1.387413228586194,1.2780077820093,1.4081572656662122,26.44963947610004,0.8229340879010277,0.8825859486051486,0.961173194755032,1.0868844366477977,22.810398066936
1477,V,GRU,2022-09-01,2024-09-01,28,3.164318964579103,4.054462025937693,4.791663891600659,5.218753917380709,4784614.025910744,2.348079910488232,3.083626383350329,4.310918289701876,4.375318908691407,2506055.6,0.906930066406122,1.184564467939934,1.6704907674074712,1.6867957696268852,24.25357831305169,0.8354416470092774,1.031942472733757,0.8198720966645725,1.108119037968283,21.562745727330302
1478,V,GRU,2022-09-01,2024-09-01,29,4.653114672941711,5.814277141717523,3.960196073066072,5.472362919532537,4695888.92432123,3.228340719606761,4.765344964416831,2.559008673817853,3.9932093302408855,2799854.55,1.2544225770674349,1.832655788282988,1.002525557442775,1.5533697809996363,30.976334412554547,1.3288192912692465,1.3120589764607364,1.2078815907277534,1.4956183420569482,24.63059227550196
1479,V,GRU,2022-09-01,2024-09-01,30,3.475772989931946,4.481206323553227,4.536099054622973,4.651558561737722,4864987.594944923,2.4770814599675703,3.2370762109082176,3.1047516748412343,3.206709798177083,2648326.7666666666,0.9627196349163972,1.2491768844836573,1.2181607345441463,1.2479339570353662,24.832949831507005,0.9660564603398548,1.2201366068575457,1.327977579166404,1.3416437217990187,18.705779696958995
1480,V,GRU,2022-09-01,2024-09-01,31,3.87090701344136,3.436842387399348,4.35739667899418,6.915403764408903,4946990.298089052,3.3077736943843377,2.5787834524805344,3.626072817658348,6.3553929646809895,2477485.083333333,1.267035068696345,0.9848745189471289,1.4064799130221255,2.428497809439191,22.15327713712344,0.7729625705824285,0.878018846123056,0.9535400302069268,1.0235307314395647,20.845533510421586
1481,V,GRU,2022-09-01,2024-09-01,32,5.889917731493848,6.077069266661288,5.487927998341324,4.941531267252661,4786683.055255003,5.3833295041610505,4.944913286433592,4.865566625476616,4.008849080403646,2559602.4833333334,2.067452823255102,1.8941705052422604,1.8855331729911065,1.5484742120351591,24.69905049288727,0.9223985067889734,1.36355686722205,0.991156624707245,1.130694029064414,20.819732977829755
1482,V,GRU,2022-09-01,2024-09-01,33,10.269681022061793,9.994969380898077,4.263166246371366,4.342748807742795,5846259.505461902,9.846584188166434,9.34278840517204,3.1946660740698483,3.272835795084636,3638311.491666666,3.769314412203719,3.571382385159659,1.24896082675884,1.2678008696219405,34.627288727098424,1.0929658841128096,1.4001292293391334,1.1340011669355083,1.1300158822586357,19.8164319029306
1483,V,GRU,2022-09-01,2024-09-01,34,5.203890008502301,3.6674684790629577,4.585653586791102,5.414534525531965,4662877.161848613,4.001750723732105,2.956637341722067,3.925473247319201,4.765902709960938,2703022.1166666667,1.556457193674964,1.1313417173368,1.5205851337720335,1.8322713301699884,28.851804298140937,1.3231396302379193,0.8403367574883158,0.9309713170359049,0.995115428204368,23.260444734292097
1484,V,GRU,2022-09-01,2024-09-01,35,4.78294028995118,3.5517769693897687,4.688685598651723,4.813682249647144,4698454.905581675,3.371311320685309,2.75127490755866,4.093420405784514,3.3995285034179688,2728158.8,1.315698706539983,1.0513911897224888,1.5823311496187245,1.3235832667900853,29.61424601924508,1.3454564462494385,0.8711044102710539,0.891156563173017,1.3632693405304586,23.89490533667728
1485,V,GRU,2022-09-01,2024-09-01,36,7.479129479606411,6.251657234006343,5.457263343190914,7.385458210143219,4706324.984606644,6.697315316410866,5.367550368062664,3.943425881491246,6.125679016113281,2586107.283333333,2.5928224572458545,2.058625517335824,1.54375006222787,2.376666966430226,25.79343783489457,1.336403567543048,1.2626428640664331,1.512537175421553,1.652211010202499,20.95705479159112
1486,V,GRU,2022-09-01,2024-09-01,37,3.257169069772525,3.299791376635727,4.169663593382272,4.20492783161278,4791553.466845955,2.4324755669228844,2.4589370177048124,2.84659313725535,3.0350306193033854,2604128.45,0.9430304017748766,0.9428957491796592,1.114286659248939,1.173717295054124,25.23453248200312,0.8557851008621877,0.8576942734047334,1.223461574413404,1.148986546512296,20.877122840387464
1487,V,GRU,2022-09-01,2024-09-01,38,4.30588335738305,4.158952006440525,4.60250142153463,5.534552574898302,4789818.937202954,3.7991967290523054,3.60569158640104,3.960838034103055,4.935019938151042,2579514.6333333333,1.454534779014478,1.3701475848315845,1.5344697278185275,1.8953238128364416,26.21521792349637,0.7748900204642621,0.7836726234449523,0.920922669081352,0.96636772989992,23.46992551333302
1488,V,GRU,2022-09-01,2024-09-01,39,3.682585344482841,4.048990483488132,4.838523130548236,4.618558463838228,4981574.989164599,2.761108684598666,3.3424357322058977,4.213070165712899,3.7116668701171873,2522533.9166666665,1.0703314351268811,1.278963445966026,1.630877978504755,1.429212499351585,22.63751531022094,0.9614928186471112,0.8902660952605436,0.9314167646572182,1.079111546216429,20.978794856656545
1489,V,GRU,2022-09-01,2024-09-01,40,3.3339238206848503,4.178715603348461,4.073736967007688,5.8381988785477015,4775626.296993366,2.210047686523556,3.5468859178300574,2.659847792605857,4.264049784342448,2536997.9833333334,0.8586204480040555,1.356119124281528,1.043161392492143,1.6613074436799529,24.9451192051459,0.9891851630722804,0.8510929409151328,1.236289500159803,1.5944374450824257,21.85325671413077
1490,V,GRU,2022-09-01,2024-09-01,41,3.9391195762985567,6.152529724168552,4.7459404059741805,4.266020471565655,5089608.219515759,2.7927595798591462,5.164279900940269,4.2612724009650345,2.784836832682292,2626481.4,1.0871472631118355,1.984478255295121,1.6467511999947675,1.082556964254474,23.18436812613886,1.1052709388854556,1.3187681594683651,0.8112987380074207,1.2849257473838618,20.62734732237308
1491,V,GRU,2022-09-01,2024-09-01,42,4.145048525815229,3.8062477361796834,5.085168921064547,4.961632664947651,4779646.16572412,3.101498907016967,2.857014985220665,4.144432980680953,4.152838134765625,2553006.833333333,1.2046448896267603,1.0966974741716695,1.609552735764535,1.598825673334218,24.47098764122968,1.089078137512807,0.976736494940719,1.1603069177270362,1.062405032789553,20.421976247315385
1492,V,GRU,2022-09-01,2024-09-01,43,3.6563567454072623,4.381863174662919,4.918978903820496,4.470182116144923,5138665.782606778,2.6877672685085696,3.248355548199741,3.84263559064654,3.0645462036132813,2629389.3833333333,1.04210835280813,1.2504801880331449,1.4988844806360797,1.1921951348184157,22.78453268639,0.9793905267638432,1.1504790415826869,1.2143388259759331,1.2996862660390334,20.368030411534573
1493,V,GRU,2022-09-01,2024-09-01,44,4.129869804828047,3.4370768291910943,4.303213820875975,4.22445507027893,5229072.753557076,2.9264972058163248,2.5551518128481785,3.045809236709532,3.24521484375,2745582.55,1.141808301907684,0.9812132676642872,1.193410967813304,1.253346149285474,23.89615431055946,1.1579262177422205,0.9007276909739896,1.2177593353488605,1.0672732915240444,19.95318900927677
1494,V,GRU,2022-09-01,2024-09-01,45,12.215453697128115,3.4782776679844285,6.882466206786938,4.485027841369821,4644038.186317498,11.642086437332624,2.6645922166581824,6.386251948556042,3.194849141438802,3023389.2666666666,4.463408062657125,1.0178942567550375,2.466546536507774,1.2412001949477356,36.009988551252285,1.4171781804998074,0.8644149175562489,0.9883180533235874,1.2519892351186284,26.215691503225813
1495,V,GRU,2022-09-01,2024-09-01,46,5.5633137681641625,4.433616933080553,5.341970767426249,5.112703509878306,4910952.800442658,5.111665845214873,3.8384099905351534,4.9008266352422405,4.52001444498698,2506430.55,1.9584390537215792,1.458570070110143,1.8930887463417223,1.7333945450906725,23.1079708665673,0.8357289057251317,0.8394100116746397,0.8199547511474401,0.9167003994556148,21.65455591466001
1496,V,GRU,2022-09-01,2024-09-01,47,4.523350482727137,3.0791498805219084,4.67389011129145,4.49724535505372,4723719.045940255,3.668525308102992,2.086439019598737,3.2641712563405765,3.1099695841471355,2625559.2333333334,1.419612137862826,0.8011472941521216,1.2760521967520082,1.2106302281187702,27.126013036612367,1.034475892074995,0.8867836351217687,1.341317309163947,1.2990238492306228,22.95601694155465
1497,V,GRU,2022-09-01,2024-09-01,48,5.530833918418118,5.5609440348084105,5.561184477504664,7.654350383567986,4690211.388431843,5.152077222167998,5.063846320328923,5.225303767403699,7.134307861328125,3002642.75,1.970817024945964,1.9277244252776853,2.01549033613934,2.731307098417236,35.639716874748,0.7566883368831789,0.8719010448998001,0.7236525931570786,1.053731118767668,26.75882339352509
1498,V,GRU,2022-09-01,2024-09-01,49,4.444244846854224,3.566166436650789,4.012887140468028,4.96638162354689,4837455.3243126,3.805703062835785,2.5572108827871203,3.035120333061468,3.993144734700521,2493463.45,1.4686432685854112,0.984505167380378,1.1827543395180142,1.5440724490493811,23.55439673931772,0.8953934887103575,0.9788826177731248,1.0459540969477858,1.1621589076441805,21.56973837835756
1499,V,GRU,2022-09-01,2024-09-01,50,3.7523203400764538,3.290200124087631,5.087943876935023,4.159432260112698,4635969.285226049,2.950695908247156,2.386182305705993,4.001379442023519,3.0073532104492187,2802480.316666667,1.1445702696467397,0.9164924259397688,1.562484108612105,1.165899833000308,31.41583108078412,0.915167050209502,0.8888552496743456,1.2563081879490463,1.1389524291630184,24.402821543113124
1500,V,GRU,2023-05-01,2025-05-01,1,8.635356233104037,9.902280307315309,8.705695617367185,11.230241223190724,3192094.339416425,7.0779700833564165,8.371550375370935,6.513955909711232,9.636807250976563,2384769.5,2.1567244438312647,2.49006492757328,2.0357913904789977,2.912478732342518,34.0447062599737,1.581498871796097,1.5932614037962514,1.9121510097740684,1.7832452173422733,28.987001287922048
1501,V,GRU,2023-05-01,2025-05-01,2,8.726287913487651,7.572897266848238,10.044218231467395,9.977118299184198,3177921.061471031,6.405010579269384,5.364140794656773,6.91066717808632,6.871482340494792,2267022.2333333334,1.975441416783916,1.6139655156910078,2.173725782239972,2.1219096399643127,30.338333906731457,1.9201246400673155,1.6222514279048237,2.385528025976537,2.30444904599219,25.23190422557492
1502,V,GRU,2023-05-01,2025-05-01,3,9.092598397741405,5.667942797394163,9.888320830828071,9.480008777830257,3056230.92226964,5.5879387094532165,4.458756433218015,6.263632762820449,5.989948527018229,2150783.0,1.7447485672293226,1.3358102769360245,1.985294479505572,1.861099075441312,27.93635296131845,2.3593358920764227,1.0673822617925155,2.512948636582182,2.36882161769809,21.942637483929893
1503,V,GRU,2023-05-01,2025-05-01,4,8.722005974589827,6.724868783337828,10.917164703733704,9.627328410893597,3201458.8145807334,6.441457700945673,4.771778377293623,7.6399250056448675,6.505720011393229,2337603.716666667,1.9869181016123525,1.4360706022810563,2.3997077181468907,2.012421386173367,32.50920558976517,1.906380357238848,1.44007470762971,2.556001402670515,2.271928435061054,27.84981089742796
1504,V,GRU,2023-05-01,2025-05-01,5,8.350674136131934,8.363325908998656,9.936228226718868,11.09936861530653,3141469.8012576164,6.638827220400687,6.700802698586417,8.071526326738118,9.321214803059895,2287663.033333333,2.029590684921632,1.999641787601109,2.496413577146368,2.8270123304880976,31.539916498538407,1.629113397289981,1.5121324128133096,1.871589357173772,1.879902758755899,26.179112283615435
1505,V,GRU,2023-05-01,2025-05-01,6,9.93830207361035,12.00433879726072,9.693782701590152,13.336581660969488,3179347.454248264,8.41699790852223,10.558217406918509,8.014413016883774,12.22694091796875,2354697.433333333,2.5503680014946606,3.13278724949584,2.4775833372154463,3.676039719460024,33.261366589402414,1.654814986376974,1.7172970209484033,1.7804274381881733,1.6142656108090934,28.187274253345308
1506,V,GRU,2023-05-01,2025-05-01,7,8.275237687276926,9.105701991082864,8.85168453556602,9.996128591376692,3163817.562546006,6.640517894228812,7.74718615824854,6.893475077449208,8.487309773763021,2332806.1666666665,2.028352700360033,2.30438469246694,2.1473783360718066,2.579738543313528,32.750683078219325,1.593466103280646,1.4384307016795697,1.8428809014140213,1.6732928072513622,27.720657404974546
1507,V,GRU,2023-05-01,2025-05-01,8,9.905351464635288,11.112454714954914,9.170991697047842,9.94357449758514,3231188.7282414306,8.022833519276444,9.54477136199663,6.848234718540861,7.997221883138021,2173485.183333333,2.438285598296273,2.837080547624543,2.1368775877395003,2.442145153174601,27.46782978677744,1.834088758609951,1.7117814018273485,1.998214981251652,1.878998856157,24.40607703317256
1508,V,GRU,2023-05-01,2025-05-01,9,8.651727175949716,8.83177242961333,9.430838771570391,9.792104401872315,3164257.31854483,6.55804428441931,7.490857991228402,6.854249285362274,7.831575520833334,2232749.2,2.013696258026865,2.2291696094599707,2.146574926247247,2.393278709705537,29.746022449270555,1.8447847835249311,1.4077916664962733,2.137057349956208,1.8746938884944464,25.215441620344336
1509,V,GRU,2023-05-01,2025-05-01,10,9.781531070820332,9.532452684438692,9.6566516992608,10.894238685558308,3082501.919577124,8.304554318550446,8.381189005225798,8.1288966594619,9.492090861002604,2321309.1666666665,2.5199257996317286,2.4889507952285403,2.511755569872579,2.8612178397297083,32.955035212147806,1.639044042390141,1.3611506729024918,1.7091538253950205,1.642320829626318,26.14963017513872
1510,V,GRU,2023-05-01,2025-05-01,11,7.936723228445279,7.239644009032187,9.932393205736831,10.304247006439862,3208726.570188806,5.621701082481208,6.02509989722074,8.366808737255417,8.659672037760417,2506956.5,1.7358721319708736,1.7964998578482123,2.582386705075314,2.6311192978052,36.95091324052966,1.8434534278496144,1.213019183531758,1.7370755982195376,1.7550234521589394,29.668717412965407
1511,V,GRU,2023-05-01,2025-05-01,12,7.925912178819308,6.431375018883159,11.873123237459092,9.2850776393572,3269501.948653329,5.87069034727074,5.0875389105656215,7.986909699685608,6.273482259114584,2190682.8666666667,1.807904717790704,1.523824790651862,2.526744166385668,1.9415516774174355,27.15633292745794,1.7496088311040805,1.1977088686261843,2.90084879000429,2.201099699494495,24.008400328464283
1512,V,GRU,2023-05-01,2025-05-01,13,9.396248709890626,11.44821122318247,10.772409163842063,11.890726566299955,3267642.2199643343,6.497887605293259,10.187391089357526,7.149137512823392,8.821755981445312,2657370.283333333,2.015109363055342,3.035569890741398,2.2609774289411564,2.715353531987831,40.6014256163269,2.228626191583606,1.598922703057006,2.6560807491347065,2.5689149551924686,31.09572095204117
1513,V,GRU,2023-05-01,2025-05-01,14,8.779848171026842,10.729460651064535,9.08584581209646,10.410757069144722,3223259.199840373,7.004277069982252,9.889734274645974,7.163891337214833,8.719847615559896,2254441.933333333,2.141964414235209,2.928521635016416,2.231093846178458,2.6515837288913566,29.05924901991922,1.7303186639984147,1.226579651213321,1.851102670658043,1.7949189397944352,24.101428207995195
1514,V,GRU,2023-05-01,2025-05-01,15,8.753052197849426,9.120897296101642,9.96626024529576,10.647980610884916,3191146.8713287627,7.115505687197563,7.777637129549151,7.836925924755417,8.746258544921876,2269588.8666666667,2.170374154193583,2.312960589107136,2.4404521914992907,2.6583417911044966,30.409257952428792,1.6360188710935857,1.429140613745684,2.033453208358277,1.902210692411243,25.54227043200989
1515,V,GRU,2023-05-01,2025-05-01,16,9.099617290090086,7.954027072611808,9.051692838914118,9.052745586057055,3090146.9095577034,7.534261336155557,6.951197717114256,6.598653662535313,7.183355712890625,2457781.45,2.293868504768292,2.0667071365105825,2.072712442315896,2.1989324938029253,36.59031229568112,1.648691023719075,1.1597763240292822,2.062943893885167,1.7757480804477008,27.739797569121507
1516,V,GRU,2023-05-01,2025-05-01,17,7.841540351741569,7.352052374291705,9.485498678098583,9.22684003353902,3170333.376445424,6.065267524099581,5.926938927606252,6.573718197276401,6.941293334960937,2262616.55,1.8631931930339736,1.7706297041721448,2.073534500425079,2.1329947590657405,30.02723730713632,1.6168281048306778,1.3190945578739877,2.272289073153907,1.9516544488907484,24.62806830417568
1517,V,GRU,2023-05-01,2025-05-01,18,9.025656119387254,8.23817925448027,11.48474130663362,12.25411228298546,3241530.101104076,5.9977277499110775,6.73759052388232,7.477943962594084,9.281995646158856,2236685.6,1.8623633096128795,2.021447700722437,2.3726888059542914,2.856420288684623,28.515443055226,2.227653962244014,1.4678448529029082,2.887974915171248,2.5781289488087755,24.38786033755116
1518,V,GRU,2023-05-01,2025-05-01,19,14.925375797402102,9.128258686263436,16.330435300800247,13.17070670399848,3130452.3532281853,12.44847932276419,7.634991443478674,13.24551632357845,10.222093709309895,2222924.2333333334,3.813811300834972,2.287744782173469,4.138973270966246,3.143565184840153,29.703794338999163,2.696322029205473,1.5389378087943808,3.176673047108267,2.691842273018564,24.83597306294695
1519,V,GRU,2023-05-01,2025-05-01,20,9.27404756532071,8.490648279201695,9.85225143264562,11.96514895046962,3919545.616209453,7.570005004893868,7.753924190997529,7.990886489676813,11.162987263997396,3389301.9166666665,2.306497807152766,2.2970329966806524,2.4874198955627964,3.364125483960339,55.41513326042069,1.741375939417347,1.0228891401883162,1.9242838922089247,1.3230788299342715,41.322249131912805
1520,V,GRU,2023-05-01,2025-05-01,21,8.878990719446797,6.845823538018009,11.09964842533876,9.913183230013242,3103877.6590376203,6.802776805361625,5.205821829297488,7.520602560023914,6.505816650390625,2225948.35,2.0860733906823423,1.5601127773512276,2.3740578875599003,2.0195548266475463,29.410578402,1.870046194604368,1.3572826648967151,2.69136474950505,2.4190361497997497,23.04643225041525
1521,V,GRU,2023-05-01,2025-05-01,22,13.698502002439517,18.24562714538298,12.385325327870596,16.349974172333862,3327682.117854506,12.26610458176632,17.250126803558466,11.137898182539894,15.304420979817708,2199706.1666666665,3.693862824337049,5.107345059763733,3.407160977639135,4.58217243547748,26.50428661431665,1.8427012645055736,1.755953820541511,1.6884963955272212,1.7010222605685754,23.47495345049754
1522,V,GRU,2023-05-01,2025-05-01,23,9.373425184370992,6.064300874219153,9.9392999336347,10.044955349825978,3181908.6649369234,7.492380483747041,4.205840864822454,8.469778632631979,8.201744588216146,2202455.816666667,2.2786859432732025,1.2677931642534486,2.608604579529273,2.4919789843191067,28.277491184221137,1.7763319834640037,1.3410229248312089,1.6810574477462032,1.81887159070452,23.68716317688678
1523,V,GRU,2023-05-01,2025-05-01,24,17.889500183557455,20.727021663333925,10.05595756401239,10.035811362784363,3283603.789808256,16.76873175350411,19.916753662946675,8.270550781490723,7.443236287434896,2655995.25,5.041604157338082,5.899276953357442,2.5566537442141284,2.289386112421844,40.40891423304835,1.8440112544981773,1.6841868715485666,1.860063189746892,2.1505121502189173,31.317508716768906
1524,V,GRU,2023-05-01,2025-05-01,25,8.79693469941092,9.407437220101809,11.533495122338952,11.30298915180598,3213930.1118803765,7.212627879580375,8.020146566777186,10.316820316842788,9.876116943359374,2255858.9166666665,2.192099449370495,2.384737981009688,3.158393459955732,2.98333549116203,29.58670306857266,1.5948941072127103,1.4789925228622167,1.6039272577457655,1.69895840243977,25.145768428794547
1525,V,GRU,2023-05-01,2025-05-01,26,15.66628738862678,7.100849733013101,12.474679732881787,16.46958850708017,3074224.762981905,13.432185987803251,5.4353223148933445,8.312918225599239,13.63359883626302,2222226.9,4.105171463070274,1.6324422669832084,2.637524790932213,4.164817669579291,29.98188349689509,2.625910782053144,1.4029886946924452,3.08569598983946,2.993698210120888,23.78512222352967
1526,V,GRU,2023-05-01,2025-05-01,27,8.359677763831192,8.553822705451621,8.917843893769826,9.880418362337506,3219878.8979789624,5.914306515755673,6.798956505293656,6.577807263435273,7.766844685872396,2588848.2,1.8254203859335407,2.0301532675779854,2.057390822335452,2.3713076471344863,39.235288883837256,1.9221357247046136,1.5712367739628832,1.97870142044094,1.9313616290847115,30.676200011073973
1527,V,GRU,2023-05-01,2025-05-01,28,8.465875391411254,8.260097552173642,8.656615944175545,10.446374551933753,3190653.1831050534,6.7046190498277705,6.718898605161938,6.531137306195607,8.5278076171875,2231306.283333333,2.04675963805136,2.0036956252068587,2.0359684730309704,2.5928471398547903,29.32385853302624,1.6618710185942038,1.4505091257568925,1.8676466931901168,1.892132141699683,25.16272424092696
1528,V,GRU,2023-05-01,2025-05-01,29,10.414597719272964,11.714770661139363,14.198549770616571,17.44506255669925,3258875.29384351,8.839549381504002,10.444415323585172,12.984990106856458,16.12343546549479,2214554.183333333,2.674899044380828,3.097965202300036,3.9532990595330775,4.822338043190317,27.83484666608011,1.706658054320775,1.5891459632480776,1.731583880693285,1.9765060482780616,24.256231047830013
1529,V,GRU,2023-05-01,2025-05-01,30,8.814222421234483,8.914429219963951,8.917887642756577,10.026728573867649,3043411.971905537,7.091630870137759,7.678142333676319,7.035491679011709,8.524257405598958,2259357.966666667,2.1578828456643167,2.2838680214762466,2.185753687712308,2.587584657049773,31.93409254449115,1.6665379045614923,1.3615969528861829,1.8086821309962715,1.662088595198518,26.163095531949647
1530,V,GRU,2023-05-01,2025-05-01,31,9.787738774471132,6.7136277159819135,12.10156972822046,11.142516123415009,3171527.928129897,7.088756683172632,4.885682835877968,8.761865957823629,7.966605631510417,2419757.333333333,2.186944364417157,1.4712997944455135,2.748841948094032,2.458349660825712,35.15795547672524,2.2001167702473663,1.405174145552799,2.742391180941506,2.501630932373573,29.179739353891936
1531,V,GRU,2023-05-01,2025-05-01,32,18.05460191234184,11.972968385159056,19.070412587014864,18.95438194355868,3133552.4609923307,15.914716708831897,10.582660864748153,16.336293911469074,16.38442891438802,2340238.316666667,4.850759160691718,3.1532217828827176,5.083614781667956,4.989494487478373,33.202798173647416,2.757388495090286,1.7113496354407862,3.276435170925249,3.080384783203293,27.151751305996868
1532,V,GRU,2023-05-01,2025-05-01,33,9.345370901532249,7.715563746128953,9.082419084996708,10.209432636652767,3201557.6765274187,6.393010867778618,6.189309776103068,6.421654919685272,6.790326944986979,2472615.5166666666,1.979739081320654,1.8571463340765928,2.018533161719243,2.105477923706951,36.02827412049495,2.221767323502639,1.418122724451992,2.123024945440799,2.452867644006042,29.19210576004008
1533,V,GRU,2023-05-01,2025-05-01,34,8.35752476499057,8.6762971547329,10.334361637824935,10.07296463608651,3160086.1380083337,6.298236538184466,7.361178999666339,6.720576573987357,6.9396006266276045,2278189.783333333,1.9367803171320537,2.191228906097639,2.126488106047477,2.14431758695084,31.065822141732617,1.7862822171091783,1.3832730507801856,2.593081391707894,2.329707867430059,26.023130197354654
1534,V,GRU,2023-05-01,2025-05-01,35,9.4660783102839,6.994088417451205,11.362099535535496,9.68946114732611,3136204.848355699,6.510322354403265,5.225228522130664,7.369917841051763,6.959919230143229,2307948.15,2.017404534106277,1.5652406286729488,2.3388957834573936,2.147501112194677,32.22183281619318,2.263741094887759,1.4159332729610252,2.8642665404906094,2.1686684957011866,26.784051723259942
1535,V,GRU,2023-05-01,2025-05-01,36,7.865008769110481,6.408057660037713,8.866860259476514,9.394485743388303,3194680.219613736,5.917550510005247,5.18342509253324,6.4414537126814855,7.701203409830729,2284214.1,1.8184176769646736,1.5489266794912864,2.020526461808218,2.348128339124523,30.76933873245761,1.7033558139227998,1.1438850962159248,2.020301384291571,1.7113350717522573,26.23703214428619
1536,V,GRU,2023-05-01,2025-05-01,37,11.64340322705496,14.264869085143424,12.271454107835414,10.579939941083126,3165098.3801219724,10.4244650037718,12.979868217946484,11.09086613390008,9.167284138997395,2409599.433333333,3.1467776993484566,3.84518816968275,3.3840567715414127,2.781170217606713,34.83803445276141,1.5881759160899973,1.7674516708240111,1.6049360054436983,1.6639712306626129,28.766673248582865
1537,V,GRU,2023-05-01,2025-05-01,38,12.441874411345523,9.710821994682576,16.987295038349913,12.000628164867626,3133544.0895607644,9.227691844625207,8.325489960037967,14.104997462155412,8.681111653645834,2244642.833333333,2.8517285506855683,2.4853232899731714,4.401569547631909,2.6784202253930003,29.81902575603576,2.744355069558596,1.5374737608830928,3.1495026928303247,2.6760849989308766,23.85592024869352
1538,V,GRU,2023-05-01,2025-05-01,39,8.301960639345836,7.638836490620277,10.848935690060292,9.636105749022065,3188040.653544143,6.515886139671521,5.687771246740039,7.126594068388355,7.320370483398437,2269327.9,1.996903566204495,1.702314999356609,2.2546882880371646,2.247286427951355,30.402646197067696,1.6738305201630352,1.5487214756371568,2.708348440064884,2.005706974639743,25.578127356368924
1539,V,GRU,2023-05-01,2025-05-01,40,12.031543939006085,12.5366370510593,11.78293837983894,10.98062152361309,3124212.360637379,10.59628405487857,11.390790182849098,10.281737454246562,9.606638590494793,2203185.033333333,3.202086851757972,3.3745254034883634,3.153952907435273,2.916758323947279,28.70505237143204,1.7597178491962844,1.556518184979255,1.800106057505582,1.6861473164878131,23.122318027072964
1540,V,GRU,2023-05-01,2025-05-01,41,8.603065170813297,6.513669124118086,11.351811830488824,10.826188114047294,3047347.8939047763,6.083967175901468,4.862347172587903,7.205289304175229,6.6462158203125,2214789.783333333,1.8790613799350528,1.4576232991028444,2.297133425197973,2.072487957186926,29.59445698654546,1.976006179543921,1.3225276336709784,2.9111818463319743,2.763975170076705,22.48198341615344
1541,V,GRU,2023-05-01,2025-05-01,42,11.122650440265636,7.431656508193074,11.246728365467696,12.395953456960456,3155292.0336067416,7.912697781106061,5.86539102030159,7.439751213570647,8.741231282552084,2435477.033333333,2.4511062153953955,1.7616819342454997,2.352381948578528,2.700351416722621,35.59962493109797,2.569750808860117,1.40501787501038,2.79956434037435,2.845980361068041,28.597229012177667
1542,V,GRU,2023-05-01,2025-05-01,43,8.479203095249067,7.149767798707614,9.535278794844029,9.582969186095252,3152711.149966196,6.000100134213458,5.981502279513592,6.904459287225757,7.537685139973958,2295731.3833333333,1.8507610167957755,1.78095670032706,2.1675863373350004,2.305364291383425,31.36963788809438,1.9582271860771168,1.186570706411794,2.1749749896506367,1.8828471033460807,25.518018905009544
1543,V,GRU,2023-05-01,2025-05-01,44,8.093097809226203,6.483189253494132,9.8900673944254,9.697694311232077,3181590.92690838,5.481707190777231,4.600011543720308,6.490006901708398,6.549180094401041,2271439.083333333,1.6977497081416346,1.3848708496250572,2.047771331106491,2.0197701410717404,30.58650105891329,1.9463896697591785,1.3883723823450451,2.4535615226755416,2.2640882021405986,25.989212000676403
1544,V,GRU,2023-05-01,2025-05-01,45,9.333500724785328,8.971826840096247,10.170702224983994,10.514286652790831,3148525.0300108194,7.558724681338187,7.799843383481006,7.847197087943039,8.79385986328125,2178214.1,2.304027125841157,2.319634455141572,2.4485240356598537,2.672827974127846,28.29013803646993,1.7497019709720385,1.3324766011820592,2.1418179485394284,1.8138722863670664,23.952495725133776
1545,V,GRU,2023-05-01,2025-05-01,46,24.48611823882877,27.69656425875532,29.32915133857446,28.9290761184916,3067287.504495484,23.55814215389473,27.096716838402404,27.84674891849663,27.453732299804688,2188107.5,7.079281580782451,8.030350771594026,8.445789895216443,8.20695494152416,28.76038795241994,1.9170393998175428,1.6491443932283305,2.6685537110527497,2.6737534783579693,22.312239317673864
1546,V,GRU,2023-05-01,2025-05-01,47,9.10660493356477,7.75132832721997,9.88626416206948,10.709777633700064,3159497.946164884,7.0215388777034855,5.546757056987479,6.672250620551904,7.754708862304687,2274708.7666666666,2.160317429057369,1.6697983649525394,2.099524786584442,2.385676056049548,30.65514889658757,1.874190751917504,1.6426845829027263,2.388656120880836,2.353517023216988,25.207395787180868
1547,V,GRU,2023-05-01,2025-05-01,48,8.024760533815995,7.857155821517086,9.335260646905828,9.733127271161296,3167087.3147379872,6.347756845611023,6.280188194746781,7.653845887320521,8.002762858072916,2209389.45,1.943852291472853,1.876369059372133,2.369242896238797,2.4346166476586704,28.59053690642718,1.5852873825369973,1.429310464859581,1.751825511668589,1.7459575748014555,23.400711398577613
1548,V,GRU,2023-05-01,2025-05-01,49,10.166664420395389,6.929419617650605,9.518456350310382,10.335315246052836,3163121.1256145146,8.600381087233167,4.964878108499895,6.775974179803882,8.506932576497396,2185898.6,2.6103809090064494,1.4912828510044278,2.1271287688962404,2.5945612414153483,28.19634519678681,1.7106991741723354,1.4720245517675052,2.197834296416296,1.872604384551516,23.695681680045645
1549,V,GRU,2023-05-01,2025-05-01,50,9.131125489495696,10.255648158303744,9.4309868723898,10.71287698866858,3396957.332560584,7.324450116634983,9.062835733741425,7.363124814333628,9.236370849609376,2250926.433333333,2.2349266681726205,2.6917323991243727,2.29543681560078,2.800591462278686,26.95668980956592,1.7514752074112332,1.439048045622161,1.946819128330212,1.7020795643511464,22.960036760238708
1550,V,GRU,2024-01-01,2026-01-01,1,6.383162534402511,6.461888608765769,6.4759711104794775,7.197855648839184,3258440.1138155563,4.610152848528126,4.949191426521059,4.829061272207624,5.365670776367187,2180599.033333333,1.3619122150900995,1.4618468205271495,1.4522395133586412,1.5846840754411662,43.87866056744576,1.2872979731519612,1.2392145006742863,1.3273045040835298,1.409082537478713,58.82012104656014
1551,V,GRU,2024-01-01,2026-01-01,2,5.459353807489991,6.521634888703592,6.118141871959585,6.442161722479674,3189960.529190931,4.221932036640315,5.047030115811797,4.417593064721185,4.852287801106771,2069328.0,1.261135498454639,1.4967183375775652,1.3212163059749271,1.4489557383509222,39.88131138479024,1.0485170345904284,1.2480817398063555,1.271854990759946,1.276135102346061,52.120184284663694
1552,V,GRU,2024-01-01,2026-01-01,3,5.097145933758761,5.745374999389478,5.852179525823588,7.1550839633831576,3287691.829601371,3.602407796036067,4.095065245485771,4.31004222317038,5.174050903320312,2073281.308333333,1.0687721187564565,1.2107550285418185,1.2868890835488334,1.5229713337339494,35.51429925870658,1.0664398659584573,1.1990056666825424,1.186905047031788,1.4486865766037054,45.11629257387617
1553,V,GRU,2024-01-01,2026-01-01,4,6.631223694756158,6.6094904998251405,5.739200620663598,7.594907125190382,3220929.7253545728,5.353324961545819,5.258051248494521,4.009059738271219,5.608387247721354,1990941.4666666663,1.5774540670512076,1.558316307880027,1.1989493382131473,1.646275931453841,36.24439799108051,1.1307793251450462,1.2114230394772842,1.2284338400619303,1.494021853173947,48.049591351790674
1554,V,GRU,2024-01-01,2026-01-01,5,11.038161215637448,9.350291357171928,9.678943394146188,8.489506112207753,3293050.7692321986,9.967794801657872,7.71869026055256,8.161868245548028,6.294748942057292,2108092.15,2.9405177775287634,2.2554422199182844,2.415178255302066,1.8469893215973647,34.919553312005384,1.3520388662426623,1.5104281422919923,1.5008037608271612,1.6568019930835394,40.555330384488194
1555,V,GRU,2024-01-01,2026-01-01,6,13.204630182802132,12.060314375087591,11.037779894560146,12.699642101849925,3213334.052026161,12.162623089418288,10.980902807634438,10.076947998152196,11.126390584309895,2134701.9,3.5778187925053544,3.206002821836983,2.979114159260277,3.2647228811850457,43.02040427068216,1.4454482202686287,1.4033494467548475,1.2677528790836563,1.7402724247299983,57.05630458944042
1556,V,GRU,2024-01-01,2026-01-01,7,5.907747764380343,7.2079266332284915,5.8325599684824025,6.3346824102367325,3233689.0252072816,4.708972212758527,5.330491065149922,4.092182945077794,4.655558268229167,2118520.433333333,1.4050896111213105,1.5618761179544665,1.232245668437726,1.39708220398815,42.21418631289243,1.0832439666248752,1.411597892217074,1.2730138123164358,1.3056443936688749,57.32165609840797
1557,V,GRU,2024-01-01,2026-01-01,8,11.118471734049672,7.855386878137354,5.980438646729402,9.07624516427774,3292560.170569888,10.04711005806489,6.493785009815567,4.281335220173215,7.682010904947917,2365012.583333333,3.002371082797363,1.926238024254464,1.2821102156780873,2.293696082290129,49.92691683792862,1.4657705399765666,1.3450548914841174,1.2584877281264264,1.4765902799995712,63.26727752893444
1558,V,GRU,2024-01-01,2026-01-01,9,5.145364426135119,5.87968500455174,5.330453363783206,6.983750546918842,3194574.339154141,3.6138544986775294,4.162777014336546,3.762767007946487,5.39591064453125,2092786.7666666664,1.0784136749631006,1.2309346287429654,1.126478892423321,1.597021769142674,41.557364472584894,1.0976717610334707,1.2346346173302534,1.1449466544183682,1.3086244627678565,54.55500149237656
1559,V,GRU,2024-01-01,2026-01-01,10,5.6977005111499714,6.160154393971672,6.530398857888738,7.860691480709375,3206051.6850089207,4.271052748720943,4.619757591195319,4.893322047752941,6.467009480794271,2078717.5833333333,1.2868651912663156,1.3691806116732168,1.479008968567998,1.9273117224705885,40.41356419733477,1.161759163819487,1.2239617083398446,1.3485490400513938,1.3579788229307932,53.74261127513974
1560,V,GRU,2024-01-01,2026-01-01,11,5.083387047197235,6.761193957095024,6.983061013863661,7.581372089284047,3221808.2289743326,3.5556824779361005,4.953697648808776,5.16364754751601,5.861992390950521,2040955.3833333333,1.0621968421733912,1.4547919279404198,1.534906314530348,1.7305351142626588,38.49854578448922,1.0895832339960676,1.3460115417492944,1.3923109807339735,1.407769422166506,51.7317597486952
1561,V,GRU,2024-01-01,2026-01-01,12,6.4137884346513685,7.11554303480781,6.680519162416529,7.393811504293736,3186646.878194724,5.148992751737336,5.863342950300782,5.000802821442297,5.959229532877604,2134230.85,1.5408000076366688,1.7335421830626794,1.4854492052750234,1.779701848565661,42.90525258834167,1.1714872259545208,1.2171543110997696,1.3147360206965917,1.3363586016334728,55.68809717539549
1562,V,GRU,2024-01-01,2026-01-01,13,6.502566968238387,8.26951809617668,5.824252654955059,8.596031771965883,3209081.2571309227,5.104909630581106,7.141441222245652,4.174911350227164,7.192106119791666,2083804.2,1.5257750456914752,2.110384649395381,1.2626629804488188,2.144186917230592,40.72950753600464,1.2257263098046625,1.2604509518496791,1.2599990473668334,1.4304688594291577,54.786440354794586
1563,V,GRU,2024-01-01,2026-01-01,14,5.442472591832811,6.46178660019392,6.056134106933631,7.318405675629186,3239837.369451323,3.9676362315849567,4.6762714532560095,4.579475395500773,5.398131306966146,2091153.8,1.1835485531642969,1.3797025068827435,1.374564365753436,1.5926745103380542,39.58202305931386,1.115330629003968,1.3196271037657654,1.212213363299395,1.446600211029673,52.37846608087266
1564,V,GRU,2024-01-01,2026-01-01,15,5.774539810606546,7.066169011014679,6.71121978566428,7.966586509772419,3259841.9034125083,3.989860731424231,4.881024356993842,5.202714167667504,5.9091552734375,2197208.2333333334,1.180159238615211,1.4323514678181373,1.5474004957341236,1.7403987097069733,44.837161363479424,1.2181521466736482,1.4838560850715057,1.2556984306906418,1.5569441961975743,60.478463899795166
1565,V,GRU,2024-01-01,2026-01-01,16,6.3501669049143095,6.089483599710169,7.793807425174548,6.144879847719636,3272422.837774307,4.814361236987079,4.515023279874297,6.20109454728993,4.572023518880209,2272037.1,1.4197752580052478,1.3423252219028323,1.835962538168386,1.366830767592571,47.80570542667385,1.2081906115045815,1.235317499918329,1.3804811275446522,1.2414646677963663,63.1784877398814
1566,V,GRU,2024-01-01,2026-01-01,17,6.7339174993495385,7.437768192124342,7.462569309280603,6.264127376576289,3243230.3300458416,4.923327199501547,5.505651170163475,6.194333988415588,4.6540781656901045,2092404.05,1.4532768406070238,1.6132940314026432,1.8364787996215124,1.384464477119293,41.36121256137824,1.3334080588134445,1.4483946112543744,1.2173057655518595,1.2510367136965934,57.43341801879504
1567,V,GRU,2024-01-01,2026-01-01,18,5.508395949828157,5.722041277673654,6.668133108868985,6.873154761288436,3264708.155345816,4.1408799951251,3.967760648918494,5.094895228306026,5.2197113037109375,2149679.3666666667,1.2243930230203204,1.177119797903183,1.513538117257805,1.5465860304196086,43.09667336963778,1.0685093063346978,1.235534541117185,1.2772123487890703,1.3206177373776,58.40132871763432
1568,V,GRU,2024-01-01,2026-01-01,19,5.830358965552914,6.674616831361063,5.651950839024742,7.3752630824686465,3190759.497179352,4.52734903274047,5.098917994863979,4.023110972996631,5.833408610026042,2061351.5,1.3589198254618395,1.5129981419089298,1.2140598496165973,1.7481314299384654,39.95770027361442,1.130451744357781,1.3013245302259655,1.2303202487454068,1.3844996279590622,52.67648650600074
1569,V,GRU,2024-01-01,2026-01-01,20,4.990997980886987,5.845170185722847,6.273270163953964,6.176418433788385,3210455.895850349,3.407911725831956,3.8603981644545136,4.717276545960025,4.325043741861979,2056638.9666666663,1.0116123223913809,1.1372287628256963,1.4014180777754954,1.2870434612486223,38.55703515195664,1.077907602013622,1.2900705228549083,1.2240252605449058,1.3091682234078816,50.21991703118949
1570,V,GRU,2024-01-01,2026-01-01,21,5.737050936615328,6.526437267323244,7.725452113447893,7.00915293262582,3223993.683011972,4.058738182400303,4.763697241907734,6.041749047615451,5.228267415364583,2139509.5,1.201303340231261,1.4003894207872958,1.7908659296111689,1.53892809905858,43.31450894593294,1.1891406098341115,1.3069189085967945,1.4085625748477104,1.3672507746762768,57.984458591384936
1571,V,GRU,2024-01-01,2026-01-01,22,5.493155994452581,6.030306213280671,5.934498943964902,6.437335827938948,3227109.173801891,3.777745515262725,4.005805541079972,4.261196369925654,4.719062296549479,2054910.3833333333,1.123881997659353,1.1798126189053366,1.272774668665624,1.4019810730169346,38.80118277593601,1.1818346976196163,1.32312126517465,1.2410406096949682,1.2987527180084728,51.58194909228959
1572,V,GRU,2024-01-01,2026-01-01,23,5.329257639735979,6.152810912989106,8.299374528241254,6.983700745310392,3190580.69055306,3.765550358182204,4.481750184925729,6.991827351993341,5.013616943359375,2041566.95,1.115732443729109,1.3239415226704772,2.073465236360863,1.481219180101104,37.564114916820095,1.1110702950219211,1.2527344436936771,1.3010342408381177,1.4270942452246325,47.71500354162392
1573,V,GRU,2024-01-01,2026-01-01,24,5.300934754325096,5.95662897178109,7.200349683480243,7.024881643381145,3189921.4696481884,3.7860525929220046,4.198298699245547,5.747855614998263,5.180513509114584,2074747.75,1.126511247442994,1.2389641849478934,1.705945893344681,1.5298481851128194,40.6536184201201,1.105508405836186,1.2472888717920134,1.2742151328481015,1.3928370021384575,53.441933854935606
1574,V,GRU,2024-01-01,2026-01-01,25,6.31511697879745,6.783961457691087,6.095215748482008,7.128046998971771,3270193.0495119244,4.571856416132241,4.797656084221503,4.492213629499831,5.435371907552083,2108009.033333333,1.349874210107869,1.4084016357504603,1.3419493389072232,1.608075373660953,37.86883187207104,1.2686359267274674,1.3968793733033191,1.239896301520133,1.3559771918187855,48.14726973074551
1575,V,GRU,2024-01-01,2026-01-01,26,6.774600204746908,6.3699736132935945,8.609625482207646,7.521377070670748,3213124.262432036,5.587243215126548,4.626073137090026,7.758943644311049,5.436988321940104,2064239.2,1.6499478555043416,1.3604125436342656,2.298536171139388,1.600847877702211,37.477772128277984,1.10918401742235,1.284299598574945,1.0692458115527343,1.5184544437234389,47.21998529507119
1576,V,GRU,2024-01-01,2026-01-01,27,6.123878573966191,6.8870646828135245,7.801064385217505,7.668933772026154,3208816.9604886314,4.807613533829644,4.9396459346823445,6.478654056774962,5.8407135009765625,2089426.6333333333,1.4156188373544003,1.4480823244940129,1.9167954377140568,1.7132572672374828,41.45755401091934,1.105631630132811,1.3958916280414635,1.264897030011514,1.4468079628434387,55.88692145943715
1577,V,GRU,2024-01-01,2026-01-01,28,4.647583848546891,6.399785843537794,5.588741789815726,6.525907945334039,3225756.3054164406,3.135192188877062,4.721567598156201,3.938509980815661,5.025212605794271,2101611.9166666665,0.9409336775232804,1.3901948828657522,1.184759709203794,1.4941527577925673,41.60480976726623,1.0384699075378936,1.274011572393174,1.2125433305835347,1.2438427580345583,55.99183392279162
1578,V,GRU,2024-01-01,2026-01-01,29,5.832717143820349,6.560866120259832,6.110513349397,6.856837716756905,3219115.907467058,4.507914295754898,5.102507021533861,4.41294337111514,5.145883178710937,2105746.85,1.3447856212845162,1.5102735725556355,1.3220676796920268,1.5232377934929335,41.86228872534537,1.114706069991238,1.2407475613271146,1.2753767424425666,1.3347246558749244,56.24419868790488
1579,V,GRU,2024-01-01,2026-01-01,30,4.4663471933175565,6.363772230166891,7.241481619990937,5.994665646694851,3274123.404791528,2.994974748955563,4.600428191424258,5.709232568123264,4.354698689778646,2236714.3,0.8946774987852136,1.350464088860451,1.6948397906393642,1.2929712309883172,45.00963245342168,0.9960845782216292,1.2854285687325588,1.3071104339187751,1.2259121837507658,58.86639856719829
1580,V,GRU,2024-01-01,2026-01-01,31,6.496768149649618,9.170694426286538,5.338209944582787,7.85941919005434,3326840.8919816,5.473021726979571,8.033442921831941,3.640568044936735,6.528695678710937,2392510.05,1.6369404924426332,2.376636365385886,1.1022461349768702,1.9550047400483384,49.89596491853069,1.0826623425279878,1.3443884928259735,1.2100555086314109,1.3509101762007407,63.50301144424043
1581,V,GRU,2024-01-01,2026-01-01,32,8.048086171921653,6.644891937485733,11.634067296551226,10.709356088989058,3365273.7283529416,6.389498464149985,5.059025079754938,10.269855712995945,8.765861002604167,2461558.816666667,1.8842635247413315,1.48758735244116,3.0383510452803284,2.576485807448059,52.5514510196728,1.4099947520255511,1.2652649530475544,1.5603654889839993,1.771369973598528,67.66164683537556
1582,V,GRU,2024-01-01,2026-01-01,33,8.899767550420844,6.8622832852146285,7.434727090711682,7.466301488657791,3272671.7216797937,7.621562266233318,5.226331280303333,5.961791862665716,5.9989013671875,2116106.333333333,2.248118839747486,1.5401139002884523,1.7828756149253344,1.7841486079069349,41.32710170974935,1.318411416238913,1.3136914432753577,1.3543346249503392,1.3333477800183688,57.66676678870645
1583,V,GRU,2024-01-01,2026-01-01,34,5.190938260952102,6.941079071154408,6.819377751851023,7.491056079703546,3204633.41582708,3.4386738098070264,5.02922905102285,5.188437708774775,5.564095052083333,2041329.9833333327,1.024468731554688,1.4756277240906628,1.5420903229960123,1.6402784491557283,39.05499875196086,1.1555939327655025,1.3921261697223433,1.3122967434351025,1.4698502371384683,52.03822726223155
1584,V,GRU,2024-01-01,2026-01-01,35,5.068324176871213,6.170200250182114,5.925339713568265,6.35143718277427,3200857.391854329,3.637236149197829,4.503521179633608,4.391344895775872,4.761196899414062,2050077.0333333327,1.0811833829405937,1.3280602152060066,1.3172098584543022,1.4165333838661598,38.85145428341741,1.0524198726358067,1.2490697990228523,1.2129578833406032,1.2540281762639698,50.94124813697122
1585,V,GRU,2024-01-01,2026-01-01,36,7.219096610367703,7.618572401958064,8.221340430052953,7.796130523703779,3222210.067507097,6.129736908160401,5.682097919892823,6.839678914493342,5.632703653971354,2067700.9833333327,1.809499873995708,1.665694684314024,2.029673782163362,1.657836201701425,40.36452010732881,1.0992351206741129,1.4699492080723122,1.3306263844656463,1.575778992557377,54.935451635657486
1586,V,GRU,2024-01-01,2026-01-01,37,5.393395904042741,6.165481506747835,6.53487736552276,6.263670471859049,3303775.7328728065,3.7526515590317455,4.46984629495177,4.807913476406323,4.634998575846354,2214257.033333333,1.1146482854121054,1.3186798965296531,1.4309587312220513,1.3812287820372118,44.63889449517183,1.145750203672389,1.255963752591347,1.3137109607538664,1.26276773769309,60.72774234486242
1587,V,GRU,2024-01-01,2026-01-01,38,4.559687986165161,5.609136798905252,6.286727837848458,6.543795280734342,3255246.3395691374,3.0593828972015538,3.708655613127468,4.639554728035884,4.932614135742187,2105850.9,0.9147402243821527,1.0984134457680337,1.380028782425841,1.4645335112955131,37.48885519010141,1.0181336155962648,1.247202112411015,1.2648477899863515,1.2761105930111294,46.38903242991046
1588,V,GRU,2024-01-01,2026-01-01,39,5.608870542592482,6.45715796799775,7.462170899692084,6.530420008737707,3205121.040169613,4.050472733563373,4.579089553766059,5.9323093031730805,4.894171142578125,2136715.4166666665,1.204046659259154,1.343592106640823,1.7557440538944793,1.4547105511446825,43.212979733860266,1.1504693382700306,1.334311112446308,1.3313755030241137,1.2842330516581195,57.26683897135454
1589,V,GRU,2024-01-01,2026-01-01,40,5.324945517132329,11.40044237088443,7.167966576394962,11.936999296957746,3433816.659726584,3.688006696686101,10.104860711398914,5.791302473722222,10.819864908854166,2623917.6333333333,1.1061514073968346,2.9512557979452687,1.7176404127282214,3.2347457254010705,56.82708421509728,1.1574123030494774,1.4960442806236112,1.2403483356438334,1.574545825712809,69.37126166738086
1590,V,GRU,2024-01-01,2026-01-01,41,15.887562070702224,13.051630662930409,12.916511235694898,6.391574208240147,5072136.885495382,15.075768046304516,11.950963063433504,11.959846153713936,4.7119140625,4605067.066666666,4.495027533220196,3.5409177908922262,3.5462780069798394,1.3969351467528195,102.9974899438828,1.5378154951511136,1.607212894910281,1.3786264878568766,1.278759901806709,103.68078006092838
1591,V,GRU,2024-01-01,2026-01-01,42,7.03835577442775,12.235290727909398,9.131354014781287,12.074266118933776,3249765.465353478,5.8087841088186165,11.066904982232248,7.954362955834487,10.687346394856773,2232926.25,1.7076904747815154,3.23162507325315,2.3518384863800383,3.1356251478741304,46.080802842797866,1.147839496792929,1.4741522359106158,1.2883246374185606,1.595771897516906,60.56133559439427
1592,V,GRU,2024-01-01,2026-01-01,43,5.465040675882696,6.01103927093271,7.414109894415029,10.431981194193837,3205775.758939504,4.134913681017647,4.055109341015481,5.7921330094555135,8.460838826497396,2072050.8,1.2389782609412303,1.193696998949244,1.74265102920646,2.494313994896985,39.54304431000524,1.093240119291488,1.3053973029315409,1.429290318893583,1.7657464028040766,51.482725444683695
1593,V,GRU,2024-01-01,2026-01-01,44,4.8071967545337255,5.856427597705526,5.136553097261936,7.412548394325642,3298840.669926592,3.2507523020038303,4.042570942100355,3.4555382977145994,5.324161783854167,2139352.316666667,0.967342799338376,1.1934756546841885,1.044477543551827,1.5701807223041888,38.55587496653909,1.0564749263455826,1.2527797419597375,1.172548107068073,1.5135785628635363,49.11833217840928
1594,V,GRU,2024-01-01,2026-01-01,45,6.546985696702657,6.355370180764544,6.203986727673231,7.521908116249991,3196889.483071652,5.177667070536554,4.8352706934088605,4.528733959930476,6.0689748128255205,2039383.5,1.5495010055534986,1.4337037316630514,1.3669746829717344,1.813485925105912,37.21985091770362,1.223534325173491,1.2431413163181904,1.3120806061876142,1.3583200497924703,47.09006346128837
1595,V,GRU,2024-01-01,2026-01-01,46,6.131471312612696,7.021590664331293,7.491677211293469,7.040466204190673,3230338.340673197,4.520854360359475,5.284239483962633,6.16744688290191,5.064124552408854,2140224.3666666667,1.334388395047072,1.547289674265345,1.8290921214892688,1.4916346568281202,43.53265953844009,1.210298084515972,1.3427965137173652,1.244289031782439,1.4342874948729207,59.40327278299561
1596,V,GRU,2024-01-01,2026-01-01,47,5.44361886465609,6.061560106656442,5.641356430418157,6.3880539692764335,3227094.448119141,4.029742554827144,4.480332580492414,3.976596611921055,4.756937662760417,2108097.466666667,1.201604136839214,1.3261393598977635,1.1975985492420391,1.417360301355486,41.41454778597415,1.1001422304227395,1.2221352035189903,1.226934935270679,1.275806134299185,55.60119771362538
1597,V,GRU,2024-01-01,2026-01-01,48,7.754742533065349,11.880229625824562,6.6026550310946845,11.073386354108166,3230571.5070838216,6.526330129189048,10.455769547543293,5.079302506246483,9.459912109375,2094491.2333333327,1.924180207368324,3.0581302819395706,1.5077506564381304,2.7818578507845526,37.14027996356517,1.2031014781649965,1.6061810965830676,1.2473817535361909,1.6498283364122683,44.80847342391891
1598,V,GRU,2024-01-01,2026-01-01,49,5.811540001710685,7.179546667046916,5.316845600747206,7.127408244261497,3191798.236131025,4.411901469055005,5.884537448283187,3.513758811367082,5.577852376302084,2030576.35,1.31700337744217,1.7409959029063709,1.0602781212568824,1.6705674466412574,38.37791210991324,1.137452670599376,1.2450982395563546,1.218884090146134,1.3563212117727743,50.42598832828615
1599,V,GRU,2024-01-01,2026-01-01,50,8.101530674701428,8.364285752994286,9.717444810622812,9.585058437122935,3196501.6619015364,6.940093556923423,6.761960117323393,8.071728475040215,7.604423014322917,2038371.2333333327,2.046470468528105,1.9798242959544423,2.3933821929733634,2.234929047536112,38.16372949386059,1.1988034991150514,1.4176085947924582,1.5674622485694492,1.68883505921329,49.77648051085568
1600,L_TO,GRU,2022-01-01,2024-01-01,1,0.3838071157224079,0.3859077891750749,0.5116527836286785,0.5764220989784921,1861218.98877922,0.3219860435905094,0.308986195686701,0.3778104391066427,0.4862267176310221,1006882.8916666668,1.0864990270349937,1.0276587786365603,1.2957251875050642,1.6354145051489348,47.10933226781167,0.7064940694240104,0.7690941696826777,1.198870279339482,1.0492864325407003,46.30624832866245
1601,L_TO,GRU,2022-01-01,2024-01-01,2,0.2872548796453916,0.3427733342462543,0.4523734943620469,0.466764882187114,1871885.864503611,0.2342922717393666,0.2898137456897339,0.3676536948305358,0.3438060760498047,1021951.5541666668,0.7879092351753323,0.9679374536841208,1.2504421921386195,1.1637694268387464,45.65283085213224,0.5561475556212794,0.6167703419068435,0.9114236203575196,1.0872685541331462,40.72902113256745
1602,L_TO,GRU,2022-01-01,2024-01-01,3,0.3607890221609235,0.3312972646316014,0.4709898322427481,0.4975164761284675,1946336.330431132,0.3050536748883105,0.2745672272367717,0.3931072933467531,0.4000597635904948,1067788.785416667,1.0228950986301155,0.914071963831908,1.336280334602221,1.3507468100146152,43.8197392422194,0.6443475062433358,0.6206382326059775,0.897622667775521,1.020593449022119,33.67147561847305
1603,L_TO,GRU,2022-01-01,2024-01-01,4,0.6146375406297004,0.6694088673070502,0.6505087945730681,0.7213523015846112,1805298.578757816,0.5419879143710928,0.5893982997715259,0.5767154661470574,0.6469370524088541,989218.825,1.813848321815192,1.9499136074063423,1.944599180405744,2.1578124701766668,52.298619599696025,0.9614971067222112,1.039575953448353,1.0046823268835448,1.048912660148129,59.590568797181696
1604,L_TO,GRU,2022-01-01,2024-01-01,5,0.3200296824193204,0.5484265318071199,0.552060884007605,0.8105590579655036,1816502.012490128,0.2678864667873809,0.4672437967489541,0.4712859430315048,0.7317712783813477,988012.9208333332,0.899253939239947,1.5422623161111657,1.5886586356314385,2.4383570350772907,51.91505051744228,0.5853575619907603,0.94043131916295,0.9653518872342612,1.137227223044891,58.90822224310447
1605,L_TO,GRU,2022-01-01,2024-01-01,6,0.4316965560990895,0.4789768425501155,0.5346114528042003,0.8491074515382216,1813459.9172762372,0.3605456815216704,0.3928901359248007,0.4414069297500223,0.7598250071207683,974073.25,1.2084180998548677,1.3049350769835204,1.4929534469476793,2.5316392283296127,48.92816399448872,0.794684822515067,0.9110801900297848,1.028047691804385,1.2436956113123998,54.67611874030548
1606,L_TO,GRU,2022-01-01,2024-01-01,7,0.4001137044496073,0.517665850624618,0.4409962060245837,0.5105309786797112,1810313.1970843787,0.3379087199521809,0.4344037632416865,0.3399453543615643,0.4271553675333658,997178.9791666666,1.1366941388649483,1.4387760759354276,1.1590069356487025,1.4350986501239635,51.56922217584169,0.7214410281180205,0.9288187664652592,0.9767057017146474,0.9524357579466604,56.91230531800361
1607,L_TO,GRU,2022-01-01,2024-01-01,8,0.3748201836286065,0.4505593807845854,0.5583799273001846,0.5771188320929538,1821853.175633057,0.3185689303340582,0.3625037280353338,0.448125314785952,0.49837646484375,972083.825,1.0776595422910435,1.2071087513353929,1.5346394279465183,1.6757383716564846,49.87195599368902,0.6719154159906512,0.8895964196994831,1.16398059784357,0.9859749799190471,57.44984813125995
1608,L_TO,GRU,2022-01-01,2024-01-01,9,0.3221178524274159,0.3687855197352226,0.4676419278260235,0.5406905037893168,1811417.7291809304,0.2718477517180319,0.2949166152409966,0.3782701554886802,0.4449103037516276,989887.5958333332,0.9178066669645432,0.9861695004155956,1.28856865239046,1.5008035780093287,51.00947788869714,0.5841101322976766,0.7463600333533088,0.9536350312649112,1.0507283699271035,57.05098888968772
1609,L_TO,GRU,2022-01-01,2024-01-01,10,0.4402661794986754,0.4818733668852398,0.6033721761194312,0.821575901305355,1794940.344727444,0.3873232365572916,0.4073477503761676,0.51055748642954,0.7509493509928385,987104.4666666668,1.295650107067822,1.3470352157948406,1.719332298291134,2.504623245681141,55.53230020752046,0.691069965699924,0.8472697742312794,1.077570688698159,1.0937694912644558,67.62078372799687
1610,L_TO,GRU,2022-01-01,2024-01-01,11,0.2978370843312064,0.386628833140613,0.6003902116199983,0.6734522905563585,1882932.4446306324,0.2518882355409972,0.3217803451063694,0.5194626619833167,0.6038857142130534,1018544.3875,0.8458084609990315,1.068786810067079,1.755112866748566,2.0203988721693755,46.43223617920195,0.5318267502167977,0.7108807105297446,1.0145641310387223,0.989734651411779,43.79298761688412
1611,L_TO,GRU,2022-01-01,2024-01-01,12,0.3153844418495691,0.4751289855215133,0.5126131071134776,0.5333787289861639,2009094.332093651,0.2623201228886952,0.3529297986317299,0.4312127493810956,0.4020257949829101,1148570.870833333,0.8878997662445836,1.178635680648201,1.465085484584163,1.3611688731205618,44.360973907777215,0.5999277388984023,1.0616937936181938,0.9562394573864584,1.195643189146097,26.25162861528751
1612,L_TO,GRU,2022-01-01,2024-01-01,13,0.3637330161968244,0.5476295122679425,0.4369648537388508,0.5656734070706784,1817188.5320827924,0.3192004125632954,0.4866721173655493,0.3479942384354576,0.5068775177001953,967470.3833333332,1.0720784767631302,1.6101950073242894,1.1796709056535497,1.6961319571924502,49.929435268774405,0.5813859420282085,0.8244182459788854,0.9095850483046724,0.8384077340959561,58.306128411740346
1613,L_TO,GRU,2022-01-01,2024-01-01,14,0.3339107400921727,0.4964042844669169,0.6316970272630622,0.7897360844290958,1881848.867010128,0.2800771858348214,0.4284260461513304,0.5477225539526931,0.7082744598388672,1008392.2708333334,0.939625410649945,1.4173577568708875,1.851502676379625,2.364331883160794,46.60086929832964,0.6067625090328501,0.8242404682892103,1.064394117175094,1.1513102218986844,46.66220644750448
1614,L_TO,GRU,2022-01-01,2024-01-01,15,0.3529565257738362,0.3105406577875382,0.5219201423451015,0.6259279331287233,1825297.539506847,0.288029176363953,0.2283359586196012,0.4433552486690188,0.565636952718099,1141711.2166666666,0.9732746951513468,0.7661849899358668,1.5030656001070304,1.8921980150948765,70.34557691196669,0.7006118645323997,0.7147063503742963,0.9447766990128916,0.8887856603929017,81.8727663513223
1615,L_TO,GRU,2022-01-01,2024-01-01,16,0.5332706855022942,0.463543487924295,0.5949729359047907,0.5341711808662627,1810354.5867915887,0.4446855221654422,0.3838016286945469,0.5147623145344088,0.4215208689371745,980299.9916666668,1.4873749724278995,1.2730390043543367,1.7431358290688446,1.4240260100617737,50.38308703019543,0.9786974486424054,0.8617260245281483,1.0117127890363586,1.1233353684279497,56.75905281046244
1616,L_TO,GRU,2022-01-01,2024-01-01,17,0.3579633559041748,0.3995092271935878,0.5124003532477234,0.5381167591703474,1862500.5969315171,0.3008279936802079,0.3167751484644667,0.4114681306473716,0.386570930480957,990060.85,1.0138176009249278,1.0583547881829092,1.4037179795864936,1.3134542662371895,46.49812398062323,0.6533607540105778,0.8165335190400074,1.057597213594014,1.2876400341540206,48.56235719626546
1617,L_TO,GRU,2022-01-01,2024-01-01,18,0.4048420304079463,0.473071540952218,0.5370046886449348,0.6823519932924087,1836051.0868176632,0.3496714513816548,0.3803594259015823,0.4606697780879641,0.5790673573811849,1018389.3875,1.174933551162712,1.2640343560903935,1.565881383708283,1.945935288791956,54.890148637157054,0.6840425180217801,0.9370629220567877,0.9527563112619566,1.215170691228836,62.44208277637057
1618,L_TO,GRU,2022-01-01,2024-01-01,19,0.4617560088227077,0.6557461725673775,0.5636949459999052,0.5759126001317267,1849710.7644583408,0.3632753322976809,0.5578140648482902,0.4545894933334835,0.4704816182454427,1012848.075,1.2221239198160472,1.8448647197591563,1.5518693074937702,1.5829730079759126,45.54675530073838,0.962980319293156,1.133525496787452,1.150447371978035,1.1276595882426323,43.23870806813396
1619,L_TO,GRU,2022-01-01,2024-01-01,20,0.2977144018287304,0.3671346794579226,0.5397866963559835,0.5474271611550806,1821950.318376652,0.2441374114513511,0.2833574353652067,0.4669616952799244,0.4507836659749349,1036763.9833333332,0.8262875512447884,0.9508210677030292,1.5834846175247694,1.521494240686224,59.02377881280661,0.5849681016732032,0.7927539133753403,0.92256935233437,1.0568573069743423,69.52414829218266
1620,L_TO,GRU,2022-01-01,2024-01-01,21,0.3552444999011457,0.4965139734983474,0.693335449788818,0.5370963665000356,1828833.1968737144,0.297382315130841,0.4063952296597659,0.5965556380591384,0.4470319747924804,982249.4291666668,1.003527008783864,1.3463949896195069,2.0143160036781373,1.5054677905199851,50.67252744018534,0.6561953545719004,0.944226380405558,1.1917520122572791,1.023443316728477,58.55648741104956
1621,L_TO,GRU,2022-01-01,2024-01-01,22,0.4831513303298644,0.4306477641445765,0.7500705288428849,0.669526103427628,1825349.047037132,0.4133064579072895,0.3664641799398324,0.6672920382520124,0.5935845692952474,1022868.725,1.3797229479016604,1.2165499234836084,2.242861876148539,1.9778269322633668,56.83613928345675,0.8237529300771719,0.7529060886578136,1.1257416393795132,1.0204202273383165,66.21056105280344
1622,L_TO,GRU,2022-01-01,2024-01-01,23,0.4066820759120611,0.4278871323978506,0.5293756151541125,0.5314771223910484,1871974.0886076093,0.3546754043225911,0.3542230070871223,0.4413085876054839,0.4608222325642904,1005279.2,1.186449135028762,1.1748661025083158,1.4901080027311515,1.5472274543966344,44.889855947463936,0.6568969117819772,0.7975727546279296,0.9921216695114836,0.895970788652658,43.64081028005123
1623,L_TO,GRU,2022-01-01,2024-01-01,24,0.360506295263268,0.451577869809813,0.6258804283851209,0.7043643007056724,1799407.032617826,0.2993024881931879,0.3702881596354704,0.5257518388018981,0.6076279322306315,1007954.675,1.0119684902245452,1.2299993052456633,1.7717786696321831,2.0357251990244003,56.09587312013839,0.6805834319906736,0.8639291742337738,1.143285757307586,1.1917940643650229,65.63893358538745
1624,L_TO,GRU,2022-01-01,2024-01-01,25,0.2835896186201267,0.288823858236548,0.4662207358171558,0.5375809650214695,1817610.8828496889,0.2397049111961729,0.2294314516209827,0.3907676759354576,0.4639158248901367,990281.5916666668,0.8111853095255379,0.7662322607372591,1.3252563910265374,1.5594494433872883,54.596491382942304,0.5196619359001747,0.5901188493530461,0.875638304128081,0.9224119866033352,65.81050883406657
1625,L_TO,GRU,2022-01-01,2024-01-01,26,0.32258734743961,0.4133341839985289,0.4831863805591013,0.5807882045811142,1787284.9880360344,0.2734025178065012,0.3439073518032644,0.3845359227534036,0.495461082458496,990942.4166666666,0.9249585598090968,1.1443987375326958,1.309534384300265,1.659711102181102,56.77658431129623,0.584778926238874,0.7632097984358187,1.0156317895467213,1.0206632397580275,69.71186375963013
1626,L_TO,GRU,2022-01-01,2024-01-01,27,0.8012483265012046,0.8151477457568758,0.8683955024987902,0.9090387974332628,1875269.478127475,0.7127937232939728,0.731249025581259,0.774516311933653,0.8118895848592123,1007608.2166666668,2.3784098613346263,2.417844531294139,2.604076022678388,2.698979966567616,45.54471949311606,1.199072595317733,1.1737411668946065,1.2907378852247955,1.330423655326704,43.308267377308205
1627,L_TO,GRU,2022-01-01,2024-01-01,28,0.5744404748722034,0.5656611047139413,0.6402988099813366,0.7346105200437689,1833453.7346941915,0.5203852201775707,0.4851474538898594,0.5675709374401889,0.6602022171020507,993965.9791666666,1.7407690460523126,1.6075573155392004,1.9137620041503045,2.205925081510334,51.01764152923802,0.8014272405659914,0.9602904288307802,0.99000478722844,1.0682926516897344,58.10142914230772
1628,L_TO,GRU,2022-01-01,2024-01-01,29,0.3763919876436324,0.3917252373871941,0.5229810501510532,0.5692279046351514,1837013.7160615097,0.3212935672648161,0.304230221870783,0.44730859777801,0.4827677408854167,984080.35,1.076588524960621,1.011875177345158,1.5109971678017566,1.6195853072732045,48.20707692140752,0.6509081618218864,0.822165003481601,0.9180496296626196,1.0191656297902163,51.82945342271906
1629,L_TO,GRU,2022-01-01,2024-01-01,30,0.5044671155800701,0.6987725695347012,0.7006168481782881,0.7104154987868453,1855053.5562355565,0.446493149397175,0.6298176287115324,0.594437229338404,0.6313013712565104,1049779.933333333,1.492795547748196,2.0844168120410087,2.00492122931315,2.1055276181142952,51.54302819556557,0.77220296909568,0.9888080476021972,1.2470653880527829,1.0755139941970242,50.54517943771694
1630,L_TO,GRU,2022-01-01,2024-01-01,31,0.3456094285444327,0.3594269904110176,0.5039968940353626,0.5233203948549447,1825134.2828556127,0.274244012732289,0.2724115924643299,0.4144990347814862,0.3950520197550455,1009321.2458333332,0.929401948082293,0.915937145949242,1.4138343083540308,1.3389536987213495,53.89369153807942,0.7266388992250445,0.8000661546642952,0.9971728721802646,1.185687859924372,61.06837004045112
1631,L_TO,GRU,2022-01-01,2024-01-01,32,0.6917041991104286,0.6314657816159627,0.6545628385736724,0.6576953086062666,1907990.0557712973,0.6260073845859365,0.534807373628629,0.5626901756145016,0.5891883214314778,1042532.1666666666,2.096662081688132,1.7778819517838005,1.8964730281057056,1.9720613344686877,43.96524108409242,0.9757983027202212,1.1204032484972406,1.117854417060561,0.9729609848031592,35.39022153400454
1632,L_TO,GRU,2022-01-01,2024-01-01,33,0.7890406959410228,0.5424957529799043,0.7689586177931479,0.8228841319419029,1852547.9507192904,0.7338343218454051,0.4657548405677761,0.6691448815319858,0.749766476949056,985453.7625,2.462172454729365,1.5431194477884105,2.2601816589984507,2.501671002394408,52.37812375047896,0.9673678685642,0.9169256357755778,1.2795213933793432,1.1122719051723124,63.43671510102242
1633,L_TO,GRU,2022-01-01,2024-01-01,34,0.4152630437334391,0.4417752977790316,0.5589509579713312,0.6836327888184485,1810015.8546069865,0.3601519744519856,0.3615745712938805,0.4711005467322743,0.5991160710652669,1025717.0291666668,1.2043095594333066,1.198161401637568,1.5912155961142704,2.00414804668454,58.542093663917264,0.6836202415962194,0.8409733765537777,1.0187074245194414,1.09615927081077,69.42680502545093
1634,L_TO,GRU,2022-01-01,2024-01-01,35,0.4247749512746785,0.4241188710828414,0.5226753065098817,0.55366335391331,1819311.1838258428,0.3278745305198854,0.3584779258057027,0.4358469024122431,0.4051967620849609,1003604.1833333332,1.1111651786644758,1.1932153778992367,1.4837611931866874,1.37688196151057,54.39168647755371,0.9298575115713004,0.7628939468446644,1.001922969133787,1.3006151614210202,62.84972722373722
1635,L_TO,GRU,2022-01-01,2024-01-01,36,0.3801448101873736,0.5602792506722162,0.5181974690846363,0.5365285733933582,1798559.2562866155,0.3062293404532933,0.4644893423175938,0.4361091676346763,0.425834846496582,1034342.2291666666,1.0392601862791944,1.53895423226043,1.4789753703651032,1.4374084463369332,61.837378244359066,0.7791846199856114,1.0352176992177011,0.9619302577854216,1.121705188224507,76.15527400464605
1636,L_TO,GRU,2022-01-01,2024-01-01,37,0.4716756859479139,0.4572057094605912,0.4665156022531317,0.7002064778727958,1855218.484748628,0.4079470623557503,0.398525304574182,0.3858683186214756,0.6422182083129883,1028028.6583333332,1.3650068791178491,1.3241313843234128,1.3070777853510611,2.1426913998967003,52.1679257918024,0.786350683947485,0.7441154969245881,0.8961430539851486,0.9132039676440252,54.36675082453684
1637,L_TO,GRU,2022-01-01,2024-01-01,38,0.3269789633121389,0.4809398781168046,0.7793641350777586,0.5424243672084594,1854320.1406359607,0.2423678027517201,0.4070846880284791,0.6792604601880475,0.4497591018676757,1000063.5666666668,0.8219497453609007,1.346268788152365,2.2810026302710016,1.5109943549478573,48.592897685742,0.7533722449134292,0.8442702057089512,1.2564723699431477,1.032211299566079,52.091242467386365
1638,L_TO,GRU,2022-01-01,2024-01-01,39,0.3372565818743833,0.4339727464128025,0.5310570301248909,0.5227527479390938,1818119.6167950488,0.2821099612178473,0.3523133642200073,0.434527657726636,0.426860237121582,974269.025,0.953973570275391,1.1796377142563954,1.4826329017589617,1.4368643860067547,49.78443094114208,0.631606925230888,0.8621365485900216,1.060634291539703,1.0330275367534951,56.96241477906371
1639,L_TO,GRU,2022-01-01,2024-01-01,40,0.4539807358558279,0.6419346512326642,0.554330137145199,0.6444716174915327,1835744.8648127527,0.3925819070243142,0.5568369937219881,0.4691758419092159,0.5647822062174479,982670.1708333332,1.3095647958560246,1.841461134578316,1.5827212652498306,1.8847479537146508,46.65125936735748,0.7478009143266839,1.0483198420185051,0.9961387303580694,1.0296948348878028,49.03663306305643
1640,L_TO,GRU,2022-01-01,2024-01-01,41,0.6025740755734271,0.6291827507282387,0.5559428046157736,0.7059021541937524,1934601.9824646693,0.5515476092970368,0.5540224503656014,0.4736628330778246,0.6318667729695638,1047103.1708333332,1.8517752218917396,1.83468357790574,1.600484395681207,2.11281405737058,45.14476873189773,0.8137353934932214,0.9805606278568352,0.98513262441622,1.046166727960792,39.02641556028122
1641,L_TO,GRU,2022-01-01,2024-01-01,42,0.5112934843901322,0.5765441383414669,0.6577721025794496,0.7481232152724657,1824654.507310685,0.4436456686232493,0.4616440077892125,0.571038956408454,0.6449230194091797,987528.4125,1.485588212377541,1.531551226115737,1.933111709337203,2.1540015647754585,48.23491353249532,0.841696758932418,1.1460461381845877,1.1056751041352992,1.2609165817189212,50.35492655574158
1642,L_TO,GRU,2022-01-01,2024-01-01,43,0.3436857441491491,0.405740086785457,0.5307820402535802,0.5626696543969464,1819555.5369454136,0.2785760299615799,0.2910792585816801,0.4310087013394985,0.4079859415690104,979237.8541666666,0.9434612358888744,0.980930377571965,1.4711311240770963,1.3853815676927572,50.43633117459644,0.6861158247474501,0.967112765071768,1.071036093831779,1.3386371038340907,58.11541242173031
1643,L_TO,GRU,2022-01-01,2024-01-01,44,0.4065196336516833,0.4770704542233649,0.5574606609895965,0.5900476073272919,1807440.513387448,0.3073936007654177,0.3357560240230021,0.4016712608179329,0.411895751953125,994096.5083333332,1.0464189320634052,1.1336802249327598,1.380130755574444,1.405582389190558,55.66254045049276,0.9198497577522596,1.1604301147354088,1.349431278121482,1.46399212932566,67.54810639963895
1644,L_TO,GRU,2022-01-01,2024-01-01,45,0.5773772773720884,0.466502595853594,0.7198557908833216,0.6178934008192952,1804335.0249108805,0.4885351931559563,0.3868289566464281,0.6119391041439365,0.5355792999267578,986442.1083333332,1.63477138130762,1.282294238981918,2.0609192105967247,1.7948932000750606,50.42893423695556,1.0237801878428745,0.8653331366758001,1.2690483070022966,1.0341533288425615,55.58664520597931
1645,L_TO,GRU,2022-01-01,2024-01-01,46,0.4781943116944153,0.4941676106494371,0.5362845803256338,0.5927233661669986,1822509.257373195,0.408018032801595,0.405506879367138,0.4409400557739023,0.5028416951497395,974400.3083333332,1.3665675395457422,1.3457413860129002,1.4970730806924286,1.6881429911014136,50.835342048073805,0.8293976997559462,0.9386287897135756,1.0481759932930634,1.0616426011012026,59.50245589117209
1646,L_TO,GRU,2022-01-01,2024-01-01,47,0.3785325065612362,0.3436849591249692,0.4826435566990417,0.5206053404794786,1813079.6822675844,0.3209956090964985,0.2718656776959632,0.3973752402258222,0.4302806854248047,966885.0958333332,1.0785707021732531,0.9087840005565248,1.351865789628003,1.446753941581708,50.020177033669874,0.6722800180035753,0.7079491884426304,0.947850300232558,1.0020715830275482,58.47766733783612
1647,L_TO,GRU,2022-01-01,2024-01-01,48,0.2813197596559414,0.3922659140951338,0.4850632447097567,0.4829392077142247,1883878.945115865,0.2334158129705927,0.32062633560523,0.4066928290319745,0.3619187037150065,1030614.2583333332,0.7868070358950923,1.0620665087136616,1.3811782165046809,1.225586901474355,44.41288120028568,0.5284261691655779,0.7490110939152298,0.9128498350633238,1.1036826411179457,38.39727101843632
1648,L_TO,GRU,2022-01-01,2024-01-01,49,0.3636822563668025,0.5204739122258032,0.6176046642384476,0.59474976604085,1819129.768603796,0.2998422276338056,0.424869698185966,0.4484564990433226,0.4378863652547201,987456.7416666668,1.0142977103983524,1.4157596035160362,1.5429897740215874,1.4881608437414535,49.34216433814188,0.7055379847329185,1.0022518018267312,1.4816169943357964,1.3896755412982802,53.13215503748003
1649,L_TO,GRU,2022-01-01,2024-01-01,50,0.4127933049974623,0.3766756291744813,0.6871279082587416,0.5940255332423524,1839069.7300917096,0.3438649807836063,0.3197694879639209,0.5860492651676794,0.526663335164388,1004845.5208333334,1.1515150864997648,1.0631241098989714,1.9776937627379425,1.759823099708109,48.17695262600583,0.7597736978293914,0.663994758465556,1.206729921129408,0.915320097496812,48.12406672923655
1650,L_TO,GRU,2022-09-01,2024-09-01,1,0.9112708648763294,1.1182202326610404,0.8509382001173633,0.543056797711815,545486.8873387809,0.787275640437358,1.0237807991594017,0.793487454832145,0.4042357126871744,367077.203125,1.904232429441767,2.428550858780577,1.910711056905227,0.9729781767241348,29.55922499877998,1.1375992193715,1.0508165896686452,0.7275630716549524,0.8786414014144034,19.579510752468373
1651,L_TO,GRU,2022-09-01,2024-09-01,2,0.7103968127439043,0.7121270927644386,0.8583026329897301,1.023011095735719,499969.1716539913,0.5976744409097373,0.6181772687199119,0.7422125441957765,0.9149351755777996,401820.0104166667,1.4466682854881614,1.4784344770480575,1.8059759272469524,2.2048575922063733,42.131466818626855,0.9554931213069509,0.8625767202941214,1.0812740253025046,1.1330279555993388,29.630264176396505
1652,L_TO,GRU,2022-09-01,2024-09-01,3,0.6068205718778109,0.5843386890751431,0.6602884242710855,0.7169915445455911,488837.18820529536,0.5226261912129336,0.4838601403339851,0.588788032082833,0.5879215240478516,389527.2375,1.2565790848823482,1.1475282922375496,1.4210547495690755,1.4060604601654576,40.43645490667717,0.7414459918352789,0.7690996511776913,0.718615640487134,0.9785484266897276,28.3094157428046
1653,L_TO,GRU,2022-09-01,2024-09-01,4,1.0887111667907348,0.4895646703801719,0.4539429754044957,1.2453419799735987,491093.45580152696,0.9954229852468368,0.4062583050293218,0.2942656517033886,1.1445887247721354,380974.1979166667,2.402643704185873,0.9714675602774012,0.719698493782105,2.7549736302223247,38.83302331136164,1.0911558776511685,0.6625676310540557,0.855127826472792,1.2083087490783877,28.58166430938252
1654,L_TO,GRU,2022-09-01,2024-09-01,5,0.4517682968185753,0.4663277877679188,0.5926160475482826,0.5389851711763526,473719.9424103509,0.3370612322327109,0.3662989893481982,0.5328337683087075,0.4227767944335937,322772.8875,0.8149960173512277,0.8777069323581955,1.286569120942804,1.021402766552981,28.581136332448462,0.7341650596409571,0.7002535643826335,0.6257758047936027,0.8223709685638405,21.37936728250752
1655,L_TO,GRU,2022-09-01,2024-09-01,6,0.5384447026168352,0.4584396047023786,0.6712016717163906,1.2924562736231326,484651.4242143381,0.450832899959489,0.3419394063907726,0.4819388339264421,1.1886250813802084,376489.96458333335,1.084221053371608,0.8151504883344158,1.1803118624225806,2.837041282134809,38.3280541005912,0.7105255926872688,0.7284870892611315,1.167873820780437,1.193598876892652,27.698982039251156
1656,L_TO,GRU,2022-09-01,2024-09-01,7,0.579329570782576,0.5059321608149902,0.5124644820813476,0.6644676246769459,494869.1304384224,0.4426763073373668,0.4190993330679641,0.33827819699424,0.5276360829671224,398523.25625,1.073863643807506,1.0031623758701262,0.8288209375746945,1.2760689567782733,41.771974923361945,0.9285806506214712,0.6901758120414633,0.9583024010038832,0.9999299507773846,28.994742049872755
1657,L_TO,GRU,2022-09-01,2024-09-01,8,0.7774159395353633,0.7351745037440258,0.6684986114839792,0.625634264796768,576551.292105825,0.6993540689861817,0.642717843253358,0.607704455926393,0.4901443481445312,507335.7625,1.677779146534358,1.5278018625955505,1.4659711395338872,1.172553050977423,56.3905150279494,0.8070678655408101,0.8427555877917787,0.6674574793798967,0.9240666606086344,35.86275690448809
1658,L_TO,GRU,2022-09-01,2024-09-01,9,0.5542489427256423,0.5075020968952015,0.6600338364755475,0.5448276871114092,479138.6030780503,0.4527169047139102,0.3755679320704786,0.5902420675239137,0.4127558390299479,370727.75,1.0921714379296228,0.8970083035189496,1.426794590084423,0.9960031116220108,37.61357876958909,0.773577580996051,0.8154698237605649,0.7147672788409827,0.8690806648897799,27.137153184580352
1659,L_TO,GRU,2022-09-01,2024-09-01,10,1.036412388314274,0.9139911686609056,0.6226581762376894,1.2242911227343438,468388.6558760976,0.9544289946966544,0.8275284849097271,0.5465541199327679,1.1205429077148437,337906.72708333336,2.2870825353104816,1.9639695857270631,1.3227210808419558,2.6740977240964083,32.29470952058967,0.9581658752018264,0.908753070386926,0.7261967785718758,1.159336277216657,24.056684141429017
1660,L_TO,GRU,2022-09-01,2024-09-01,11,1.172550015984812,1.3025248312724518,1.57708683969903,1.3822091614747696,465660.3331537843,1.087886687160847,1.2367469217304858,1.4924012560432085,1.288552474975586,323630.83125,2.604577595063006,2.937266077188577,3.59007554004974,3.0754564685370087,29.51141545509561,1.0329879914997728,0.9511629222638062,1.19657549834999,1.169028265051945,22.151459226299917
1661,L_TO,GRU,2022-09-01,2024-09-01,12,1.0265225895622072,0.6223157914184341,0.6312611834220907,0.5090960263550449,462085.124623072,0.951683302761433,0.5266907829207582,0.5643978750190309,0.3776627858479818,324866.81666666665,2.2795131976395586,1.2585534560064446,1.3633632271356997,0.9068791100979132,30.154137636231,0.9077376904916958,0.8053439940611221,0.6824251709880533,0.8201126967438896,22.55404670533852
1662,L_TO,GRU,2022-09-01,2024-09-01,13,1.2576357769486226,0.6460792936929054,1.3511648271007195,0.8142141606463253,509639.51857002487,1.1553242863129176,0.5240396235626558,1.2722843111768436,0.7105354309082031,412614.50416666665,2.78807770597838,1.2561889372194237,3.088053656218651,1.7120168384827754,43.43733022964442,1.228030020438809,0.9218836776915514,1.1506201151306603,0.9822145969080434,30.277218661519576
1663,L_TO,GRU,2022-09-01,2024-09-01,14,1.0525491916323453,0.5666725734569174,0.4844449311330233,0.942558821277862,651090.4166503538,0.9335447809011336,0.4708572992518654,0.3772973920445764,0.8411360422770182,598495.1,2.258048284050238,1.1280873048163,0.9170761446186272,2.007465440044957,67.53563796155386,1.2066983861786773,0.7694037722979438,0.7499082044858428,0.9999081153285444,39.80186255300205
1664,L_TO,GRU,2022-09-01,2024-09-01,15,0.4383392983139048,0.4329653805502441,0.5670856482812499,0.5293803390882919,471319.75774990296,0.2981292758654608,0.3174051506076258,0.3869028220744975,0.4444066365559896,334365.46458333335,0.7228081025332598,0.7586431823892886,0.9471626515320316,1.0712877683900657,31.4346366463779,0.7879343671133481,0.7028085236736848,1.0324553543157935,0.7049087962884829,23.816998488850047
1665,L_TO,GRU,2022-09-01,2024-09-01,16,2.599577444002694,1.2776730559744962,2.313927681603716,0.6066581483320882,471915.8679764025,2.550649120500743,1.1883022072404563,2.261076487976802,0.4661142985026041,362127.2083333333,6.144300776182565,2.8197541717296764,5.449964937466646,1.1271923257255538,36.35207295796652,1.262534999657678,1.0972126742970425,1.1282796677425038,0.9572131264944668,26.150042422847008
1666,L_TO,GRU,2022-09-01,2024-09-01,17,0.4408348233895962,0.4020816493301781,0.49514470024546,0.5531798489592242,492166.8193483587,0.2959957422966913,0.2891113071706191,0.3142035839869654,0.4107522328694661,404436.87083333335,0.7176010168883314,0.6913611661114197,0.7689624179743286,0.9840537468300016,42.69947359802066,0.806184518275703,0.669583169524293,0.9486327933069983,0.8856320658108332,28.65460419419189
1667,L_TO,GRU,2022-09-01,2024-09-01,18,0.5671208103018615,0.7226025123355864,0.6810102399652144,0.555776762523778,651078.4136128749,0.4227824465327477,0.5828011636217117,0.4840058698768686,0.4447242736816406,599481.5625,1.0249967788741357,1.3977427260376736,1.1861687297301726,1.074324211676834,67.50971902378308,0.9308537113613428,1.0418844929070314,1.1968245133202258,0.8210663696091814,39.57718336840355
1668,L_TO,GRU,2022-09-01,2024-09-01,19,0.8299023548525379,0.7810386767762695,0.5644276957829513,0.7224436511599275,477113.27087117545,0.74791567380389,0.6795730675461196,0.394861677611379,0.5999657948811848,360875.9666666667,1.79299417099237,1.6137221025221946,0.9656314235952648,1.436246854660452,35.82694667049029,0.8537355089590167,0.9051984967418693,1.0067121932215215,0.9611409203553488,26.32780326218331
1669,L_TO,GRU,2022-09-01,2024-09-01,20,0.5635631810163068,0.5906978449715199,0.4853779437000545,0.4862416552778725,468086.75159198174,0.4798154439048014,0.4766657124308925,0.3744257501856017,0.3493199666341146,326964.50833333336,1.1538025032525026,1.1316004496491747,0.907309339791223,0.8390332471102124,30.296839775073725,0.7096925528183132,0.8218365334047665,0.7553804930704433,0.8107984480847634,23.014506759781312
1670,L_TO,GRU,2022-09-01,2024-09-01,21,0.4884362195460601,0.5154063568991668,0.5195114643229727,0.6095466223245429,484319.96665819886,0.3523230262545453,0.4085911625911924,0.4366516444887205,0.4811344146728515,371877.08125,0.8526561987373149,0.9689889647055598,1.054504963103395,1.1503357716587257,37.8623637308878,0.826443368015842,0.7382642893797693,0.6852760445560033,0.8898219599464146,27.754305976223048
1671,L_TO,GRU,2022-09-01,2024-09-01,22,0.7530161324611373,0.9936793380763164,0.8486074049023111,0.8964274118342817,523131.9270894328,0.691407102223414,0.9106347165991802,0.7880328192120278,0.7894140879313151,444309.82916666666,1.6568127675205535,2.1607403931321567,1.8968410134809248,1.8839983810751284,48.18234043491502,0.7038483276287356,0.9289834624674091,0.7431896226669166,1.0002886891032543,31.60863132018029
1672,L_TO,GRU,2022-09-01,2024-09-01,23,0.6946118352552694,0.549849615785178,0.5931015581274386,0.5177755984363865,475427.8098013123,0.6201755767579916,0.4434438042744147,0.5221351955141112,0.3866219838460286,370994.34375,1.487739277726336,1.052995765238064,1.2629355324362124,0.924496825319785,37.72632954583065,0.7450166432266375,0.7658183600304237,0.6834723614312681,0.8176617243097203,26.591665681408312
1673,L_TO,GRU,2022-09-01,2024-09-01,24,0.9797933748741235,0.4628805019552656,0.7105122257658291,0.8341100916279061,517102.3650443503,0.8387723043713938,0.3353296595498568,0.6543567989076658,0.7096739451090495,439275.4395833333,2.0320886041164967,0.8022947190037624,1.580555400398867,1.7138751865779358,47.53294331511176,1.259065174761495,0.7666472275511417,0.6650106299505891,1.0868943547782928,31.03824324508913
1674,L_TO,GRU,2022-09-01,2024-09-01,25,1.4825074026961689,1.1234954765728358,1.369978620188643,1.367024321873448,569183.8103748066,1.3938372155935166,1.0484739238098788,1.2599529207959843,1.2729223887125651,510681.9291666666,3.354542704401505,2.498411056855561,3.049174240440835,3.055546736153208,57.573001242071065,1.2289249885213938,0.9640151475985224,1.321732207123813,1.2025426486880022,35.62164588250488
1675,L_TO,GRU,2022-09-01,2024-09-01,26,2.129553867523827,1.7611192249954533,2.4575141077586515,2.928515575183687,621174.10562518,2.0621103784353134,1.6896676951721834,2.3889008781527545,2.868734359741211,567257.4541666667,4.970431924067252,4.029737837950221,5.792109671513955,6.891549570442433,63.69717938828313,1.3296761093463108,1.2022947241428743,1.4814019904016364,1.4752576534783215,37.931659171467565
1676,L_TO,GRU,2022-09-01,2024-09-01,27,0.6080823142382746,0.43942019613195,0.5222636262181661,0.6313652565859353,550949.1162826319,0.4461295121761519,0.3163568812295442,0.4307211098921523,0.4660999298095703,478134.1375,1.085307037915345,0.7557242801247549,1.043535912546734,1.126795007603976,52.46315610311763,1.023734900979569,0.7289547386980527,0.7230686006405006,1.045504722566618,33.7054798507304
1677,L_TO,GRU,2022-09-01,2024-09-01,28,1.2608032650699472,1.7245277303013062,1.0791543257382978,1.6527711492406347,477574.74652872514,1.1721853753835556,1.669852504539045,0.9750137270703984,1.564211654663086,378641.775,2.8278650375368315,3.982970388133728,2.3669223944012416,3.761678735267061,38.79193299535928,1.152148699269107,1.0495051693332489,1.157297550680937,1.3215670532507438,26.81602217394229
1678,L_TO,GRU,2022-09-01,2024-09-01,29,1.554879604339093,1.152989512749322,0.985349443890018,0.9452497303217224,512539.42566640006,1.477887584856212,1.058254285409704,0.8319770234550072,0.8149485270182292,426445.20416666666,3.56702908626085,2.5301127563995105,2.026747992116257,1.967083039156807,45.48629005209031,1.2110887310456082,1.1208127608947238,1.3239418965648242,1.1891022615779714,30.396733202215565
1679,L_TO,GRU,2022-09-01,2024-09-01,30,2.117070381627752,0.8615288046300781,1.697579324523932,2.400130369255427,574173.9013497311,2.0603641371836856,0.71387897436716,1.6331897677198124,2.338687896728516,497080.825,4.9638220779176265,1.7068411806732682,3.957163343244309,5.615865820510583,54.74712247072839,1.216539029668697,1.170600728657215,1.1687160541772397,1.3341878626360115,35.86204140111396
1680,L_TO,GRU,2022-09-01,2024-09-01,31,0.9023720929923345,1.4885753022821568,0.7768044553363712,0.5832816823191835,620622.9216610976,0.7680525537027061,1.4172848318095532,0.7194331182842935,0.4532361348470052,562755.8958333334,1.8604025625509173,3.38312511816371,1.732883197726014,1.0958110594301416,63.178450351684845,1.1769439925208856,1.1111792458051155,0.6919544302288707,0.905592354803911,38.081706705720165
1681,L_TO,GRU,2022-09-01,2024-09-01,32,0.5490285642326205,0.9891824699074429,0.7014124533803945,1.1292951673481004,470525.5789540191,0.4004952180864791,0.9029149808035845,0.5168960848007363,1.016475296020508,351933.29583333334,0.9729911692596238,2.1579107293725595,1.2649169236677302,2.4508432627870222,34.64638314010873,0.9304478741124492,0.9869752550262816,1.1875593010875187,1.2217197265643331,25.439124472383696
1682,L_TO,GRU,2022-09-01,2024-09-01,33,0.4842692722555125,0.4884514785415975,0.4390090170408043,0.5167851819970173,467854.9372263944,0.3340143723994733,0.3671053644104532,0.2994185074724209,0.3686903635660807,336668.99375,0.8094877026107025,0.8721702496792941,0.7288254663571093,0.8852609179782012,32.10759619953336,0.866003476221553,0.7600980971372487,0.7910622419279888,0.8661838549729243,23.895351830982776
1683,L_TO,GRU,2022-09-01,2024-09-01,34,0.6651734278353434,0.6292718479630398,0.7595566852130065,1.001939531168809,471421.4673193756,0.5926584800519014,0.5228093196937877,0.7031215999330566,0.8963527679443359,356886.43333333335,1.4217168036623191,1.242722838604993,1.696141415558478,2.1391847592149387,35.532168792767656,0.7184663602427497,0.8280254585170692,0.6850541710104857,1.053537489207009,25.97284990256632
1684,L_TO,GRU,2022-09-01,2024-09-01,35,0.6594676496327019,0.5085039340231146,0.6441050195562695,0.626810256910288,491201.6913810964,0.5586627184387657,0.3804242416057714,0.5639482493679893,0.4913632710774739,384111.5145833333,1.347252087343471,0.9077113092876112,1.363369511508738,1.177576463456676,39.55221727859283,0.8509504715312335,0.8049550528699045,0.7544440129628286,0.9316702438799994,28.594008872121364
1685,L_TO,GRU,2022-09-01,2024-09-01,36,0.5877430138467957,0.4484469574295326,0.5366572510333056,0.5793960559617815,483376.554676484,0.4968923706156029,0.3258163121169147,0.4361421491246545,0.4279951731363932,369680.03125,1.1964635305063909,0.7783797072155569,1.0577564900090122,1.0323483059469345,37.297403551726745,0.7564976074743354,0.7368706121507956,0.7664865446021809,0.9504958461877104,27.58702403221549
1686,L_TO,GRU,2022-09-01,2024-09-01,37,1.870004883337395,2.0708398353445028,2.2840673816248778,1.9831803583185967,652478.6978076695,1.8090719996978248,2.034519011370785,2.227687078593664,1.9056252797444664,600228.3125,4.33675427907358,4.837065174208839,5.367006764812223,4.55361543823207,67.70559194157723,1.0942940196295738,0.8696611262138456,1.1476858379393065,1.2726463694217558,39.73646325290841
1687,L_TO,GRU,2022-09-01,2024-09-01,38,1.8264664444978411,0.9835047107902471,0.5686133518282022,1.2365434453691833,463485.71788422606,1.739619968244374,0.8874258441219667,0.4636611027687858,1.1309640248616537,342852.0520833333,4.167557694049561,2.1043170857121805,1.1221762596415,2.6978605222291363,33.55332622127047,1.3006127721346536,0.990992919611284,0.8043930541018689,1.1735133718992363,24.58931056308533
1688,L_TO,GRU,2022-09-01,2024-09-01,39,1.4698728485318362,0.9939962535930884,0.598744612208873,2.4111758572159907,496542.1152978365,1.3921621820241803,0.8812043327254457,0.4456634145072343,2.341605377197266,392861.0958333333,3.3609306360714357,2.109721817775212,1.0867230726030912,5.6300460337525084,40.83188206244691,1.1837470408059765,1.127115734334918,0.9937265022767224,1.4463705734006649,29.16440015765556
1689,L_TO,GRU,2022-09-01,2024-09-01,40,0.5409850501563495,1.2772735667514368,0.6025084344990299,1.786008602379199,646658.1924662658,0.4348906707276597,1.2073283578877123,0.5219376626350093,1.6651556650797523,587710.6875,1.0472299338596125,2.8675423140581704,1.2624707965043946,3.9720817048111305,65.93253596799838,0.7799945996245031,0.9719941924175666,0.7340407599267949,1.5038780304978714,39.671077744575015
1690,L_TO,GRU,2022-09-01,2024-09-01,41,0.5270324561182759,1.0982659493678526,1.8998322975110915,1.042438883548515,464029.4520537269,0.4400645182049317,1.007331637297725,1.827285645284745,0.9448949178059896,335077.1875,1.060606789816092,2.407055965174298,4.399543258394843,2.255656997874852,32.11049239751979,0.7007129554859406,1.0679513336764783,1.21069368086824,1.0350912860060504,23.738136958166194
1691,L_TO,GRU,2022-09-01,2024-09-01,42,0.9125272247184958,0.4925847085295903,0.8872649593429481,0.9327526207658506,529088.3536556069,0.7446490144499971,0.3690807682079381,0.6519811979078123,0.7685296376546223,454740.0458333333,1.8031104938757456,0.8838449207952093,1.5946398662097625,1.854986835816435,49.68477179505389,1.3052076145721032,0.7879241258239198,1.500147705144501,1.3084057851805464,32.177591942462755
1692,L_TO,GRU,2022-09-01,2024-09-01,43,1.5007021659465776,1.1625917106657946,2.068481187837628,2.624352203335748,498191.80208488286,1.3997886519541936,1.03351699089473,1.9928199709668823,2.549825541178385,326787.8875,3.37608791238784,2.470973124376576,4.824268659486376,6.1202739971643085,26.940242240912443,1.3376513331839677,1.2981304720615392,1.37608655912348,1.5168161115663628,18.65026673648233
1693,L_TO,GRU,2022-09-01,2024-09-01,44,0.4707425004517026,0.4923326164393256,0.4929222853279593,0.7458849202290756,544340.550116036,0.3301874722124595,0.4029195548258713,0.3281657149505728,0.6494005839029948,473383.5875,0.8006121075365419,0.9643373296602814,0.8033374981418838,1.5660167671873886,52.00305013791699,0.8223890476038683,0.6878499684697569,0.913338648278305,0.907122337244302,33.19828969294644
1694,L_TO,GRU,2022-09-01,2024-09-01,45,1.0343094061577676,1.111682294417608,1.3926545091387246,1.0295220027413818,474819.1712689871,0.9440891306016024,1.007820741582904,1.2848626804716952,0.9249277750651042,365681.4916666666,2.2600304700914826,2.3913023778429654,3.089523985667806,2.207486547086265,36.938162519696846,0.998458142254183,1.1016828305164543,1.2761731257421125,1.062075562973547,26.589067749023016
1695,L_TO,GRU,2022-09-01,2024-09-01,46,1.8567768829902904,1.3679545092128678,1.682357962961711,1.2572983295705755,519012.55316243065,1.7849326949229436,1.2765441193258291,1.601959222675867,1.1239700317382812,430590.1,4.30507005177953,3.05010155133876,3.887118950922632,2.707291650827664,46.01394257993696,1.2834773596254512,1.201375300378488,1.3062562501715025,1.389676621243589,31.241378221116552
1696,L_TO,GRU,2022-09-01,2024-09-01,47,0.815935495001685,1.7501637706768436,0.5036282949845079,0.5770370398554702,590275.5204495093,0.7458285906674244,1.6933848764424,0.4034086756006407,0.4235846201578776,526393.7208333333,1.7879581973578214,4.0234929058001,0.9784706377866718,1.0221725020010397,58.49306993053626,0.7848862548581751,1.0175820844819732,0.7411357871762394,0.9557447049985122,36.26274315834077
1697,L_TO,GRU,2022-09-01,2024-09-01,48,0.468443982613064,0.3809463848515627,0.5915457865015248,0.637190071951099,507167.06968935,0.3173562402875726,0.2883705093381218,0.4321591184688482,0.5093046824137369,412368.55,0.7711370840449977,0.6882040796746052,1.0564587780590182,1.2177262509269322,43.52283195792239,0.8516556208961783,0.5955406241718462,1.0112953167101009,0.9080883739953138,30.07055833306318
1698,L_TO,GRU,2022-09-01,2024-09-01,49,0.4752513744434782,0.5739635763224705,0.6209320438842676,0.7667979457826144,470195.742139646,0.3297780015318731,0.4753146419934386,0.4351179812863738,0.6344674428304037,349151.5020833333,0.800161663900666,1.137827701259156,1.066249681463306,1.5325972043537912,34.01031782938779,0.8390991536305616,0.7840324349221763,1.1057313911577735,1.0672208563513954,24.961781884983733
1699,L_TO,GRU,2022-09-01,2024-09-01,50,1.294082563268212,2.1797476490276324,2.5807180997037853,2.4267723720760075,638325.1190707645,1.1802078108897405,2.1167783671692537,2.5223815859571164,2.353854242960612,586678.1041666666,2.8531727938931115,5.051428324734528,6.114714858808639,5.66052371836807,66.3344547264059,1.3230415986199966,1.280237523627495,1.4116969929340084,1.486627264744376,39.03357558222341
1700,L_TO,GRU,2023-05-01,2025-05-01,1,0.8737030068679952,0.801687346592192,0.7660755848343184,0.9518727407314432,839415.3762852469,0.6848279840797266,0.6154207745743544,0.6165377482658063,0.7520422617594401,607435.3791666667,1.3592324319674804,1.204753259206578,1.2412681447140916,1.4765782950442017,31.89266421591347,1.0653811738257328,1.002973505303172,0.9211578743989284,1.151440818603804,22.112490686452578
1701,L_TO,GRU,2023-05-01,2025-05-01,2,0.8647534339935412,1.271030831838721,1.1532169118986844,1.24373400012142,913187.3127403156,0.7686498201272433,1.064213680177229,1.0416149857489116,1.1086517333984376,624451.4833333333,1.5052481943578502,2.0528186675560627,2.0688248550361936,2.1616382809987345,28.838332719833325,0.7456205397864657,1.3072592212017211,0.966705424033393,1.0616847206528126,20.6117718122962
1702,L_TO,GRU,2023-05-01,2025-05-01,3,1.2199808448944462,1.0212311424080511,1.0309304547147276,1.3078605630434723,818646.9042807996,1.0698497967304337,0.8325172524801119,0.923733147365492,1.1453081766764324,634217.3916666667,2.0930710130698214,1.6042324968164612,1.8427813131046848,2.23804575253277,37.26351916105405,1.1062514897874771,1.1156990183405848,0.9021585062760028,1.202401738631283,27.28116517338813
1703,L_TO,GRU,2023-05-01,2025-05-01,4,0.9750518696308608,1.3574365282996923,1.103694173392323,1.35022324564269,863043.8511356297,0.804017590446198,1.1602135886244946,0.9838043296164684,1.208748499552409,609292.20625,1.5852387059779465,2.2359175584154443,1.9438903175520252,2.3662437519005306,30.44898207711025,1.0640099078241412,1.3190510117567875,0.974149125606801,1.1407528669011784,21.314230987627823
1704,L_TO,GRU,2023-05-01,2025-05-01,5,0.9988447902356636,1.1992859237839018,0.926256699690536,0.9551841170648314,887734.8943967579,0.8234817408033971,0.9814201669628962,0.6609905310243239,0.7609338124593099,624162.84375,1.6351418584432258,1.8986820837428544,1.3372423995902445,1.4952508975134302,30.15749829036698,1.1289152869072705,1.3110606946924803,1.343165128923858,1.1499045263169951,18.473272251772656
1705,L_TO,GRU,2023-05-01,2025-05-01,6,1.2298274532246944,1.3759003140948505,1.2829577826688694,2.216109578623407,830133.9179708251,1.072495162127569,1.173182669231591,1.1433098557440289,2.009488042195638,618651.2333333333,2.1057234649225527,2.261253264837516,2.272323026452425,3.927096032398931,33.981922377835794,1.1518347590685751,1.3438734414575408,1.1283749295666805,1.781239072962561,23.710220315785083
1706,L_TO,GRU,2023-05-01,2025-05-01,7,1.0337581603099408,1.734908114077591,1.4096145854163025,1.6833736521987206,841734.3619637815,0.8982696343121556,1.5453373105905412,1.3004235032049665,1.5460739135742188,616024.1875,1.7608593611278158,3.0008465618311586,2.573560798089332,3.0014164025074903,32.64488906126879,0.9736490119342868,1.4972833441037272,1.0311131931430852,1.1929345008048664,22.44814334116828
1707,L_TO,GRU,2023-05-01,2025-05-01,8,2.736811384136323,2.579392344859808,2.196615604396602,2.06508018989752,860965.1862478665,2.6287228106539486,2.4271176806670383,2.051091015855931,1.886834716796875,612650.6625,5.184786413295972,4.71843260671536,4.065164231959527,3.694058514425411,30.883146595793924,1.4150494164373038,1.633406692333981,1.5091453709693303,1.612578740268889,21.391313617919845
1708,L_TO,GRU,2023-05-01,2025-05-01,9,3.127395561913353,3.3170285015520844,3.1990131788241483,3.683548027125037,812113.8669054551,3.040787426539365,3.2027071785511536,3.0501032635772845,3.568401845296224,631752.3083333333,6.000797024063495,6.2206728223216246,6.039397769143983,7.01176185998781,37.87900839315656,1.3299591514360949,1.5464748279947669,1.7657107192749428,1.7373787918457326,28.338448641105145
1709,L_TO,GRU,2023-05-01,2025-05-01,10,2.126067420542714,1.927726901094506,1.500222186073934,1.4314543583881087,833402.5274280414,1.912437538992656,1.6886594408235345,1.3609486344305524,1.2603961944580078,611403.9375,3.730830809280113,3.245367513295468,2.6913409167164213,2.4608216907040905,33.143578978289376,1.7122776479080306,1.713526776595805,1.2016243759190173,1.2833561910438278,23.51596001200003
1710,L_TO,GRU,2023-05-01,2025-05-01,11,0.9447885010029522,1.3877199892287917,1.2333945609368024,1.3531902120487511,821777.4691127836,0.8232741233092095,1.1693730822783668,1.0487189058290336,1.171367645263672,611083.8541666666,1.614702219397458,2.2704149178721487,2.089319500688041,2.299755505450472,33.97361102673964,0.8775696929316126,1.4290483120268187,1.2846904157726915,1.3065341385012244,24.189487289808163
1711,L_TO,GRU,2023-05-01,2025-05-01,12,4.208587102415436,1.523544474771935,0.9425187091278936,3.5299477569849778,848285.2083907757,4.129700390406553,1.294155635116213,0.7748850720944134,3.3556346893310547,697836.2458333333,8.143017000063626,2.48782662868197,1.554555202806351,6.5423786917750055,49.342116763185,1.3638479336672618,1.5030886299279054,1.0842827658420349,1.960643203382907,45.88873728105812
1712,L_TO,GRU,2023-05-01,2025-05-01,13,2.494717699731385,2.4402083566236543,4.546308332962905,2.8311812811102826,916535.3056255108,2.3086485068916245,2.2875265606659685,4.466478081027208,2.6417822519938152,628207.9979166667,4.558445727816415,4.470609259543123,8.926603638808995,5.195068211017088,29.02386823963607,1.7896465057606386,1.6458980160083885,1.7286558756567487,1.9834710869028929,20.31109666851332
1713,L_TO,GRU,2023-05-01,2025-05-01,14,0.7769283973597223,1.3171150914807352,0.8308744216638281,1.0636052659687854,832530.4157413285,0.6238371280448353,1.1193766186131016,0.5499149080988047,0.8386104583740235,624531.45,1.2223306101267115,2.1543198125487866,1.1153232674115172,1.64821030946982,34.4698778069428,0.9178430066137586,1.297501208091155,1.2904612822685049,1.2720392367604798,23.960239586665438
1714,L_TO,GRU,2023-05-01,2025-05-01,15,5.611735150462168,8.473268143230106,1.021151104608408,7.070764143929949,862890.6416522355,5.5674698351900815,8.424769734500046,0.7341801051563431,7.017416381835938,617536.5958333333,11.026752536159512,16.44582044536681,1.4689437893582802,13.793589854139984,31.286492729847843,1.280902501659425,1.6425469158777448,1.448077327355171,1.4847877848373552,21.4875311735014
1715,L_TO,GRU,2023-05-01,2025-05-01,16,2.561882412703305,1.4662868358192598,1.7272214658741434,1.3263417809466684,821244.3965528522,2.447774680364235,1.2447831407067875,1.5257328157826886,1.154247029622396,647446.775,4.840205144220456,2.40294263588604,3.0455595654399272,2.256404534143104,38.87593442552074,1.4496562109935316,1.4608588214754736,1.6127210627294355,1.2472728283931294,29.148531721084066
1716,L_TO,GRU,2023-05-01,2025-05-01,17,1.5960800492543386,2.0369463178368714,0.9232379480715676,1.7863252349591576,850062.6752509221,1.467755428858701,1.872908289390997,0.696584914608594,1.6151687622070312,630804.8375,2.898646940967088,3.633061949108339,1.4016360910595551,3.158681384822472,33.89325670627388,1.2190706533054665,1.4984005313140898,1.2457401167623776,1.4472976553547467,23.41465249698706
1717,L_TO,GRU,2023-05-01,2025-05-01,18,1.008360896911277,0.9378511858231904,0.994161014919755,1.1766213738558802,820770.2065773343,0.7565990867574125,0.7475180793248588,0.6826951124526919,0.9606644948323568,618522.9083333333,1.5317810984663067,1.45604447703647,1.3864316923056696,1.8914449241167413,35.09984295186116,1.3718386985645568,1.0998816707833228,1.4990259289060348,1.324354844147973,25.21951281343131
1718,L_TO,GRU,2023-05-01,2025-05-01,19,0.914979563000477,1.9258325528562377,1.1684942426938782,1.9595363629843048,818589.8789379498,0.7884856335119096,1.7333178352894345,1.0740708752300752,1.7819756825764974,610167.6791666667,1.541620483473678,3.3623608236445106,2.128368607952332,3.476051169100855,34.17421233550623,0.8888779739671315,1.5816532561368088,0.8795651049657637,1.531539729649381,24.55950685628577
1719,L_TO,GRU,2023-05-01,2025-05-01,20,1.3230125472756735,1.1408933367470413,0.8803621384246874,1.397809617158829,850339.484735477,1.186835120536891,0.9291412600314004,0.7622946454797983,1.248187510172526,608324.36875,2.335409999160712,1.7950578287788324,1.5238600968464606,2.4461319922116798,31.07593738045416,1.127675819393528,1.2567392927766774,0.8833808020122004,1.2073868482759234,21.374913988057795
1720,L_TO,GRU,2023-05-01,2025-05-01,21,2.113183635037033,2.490443922681252,2.500569683161793,1.7628812151957465,844391.8053180518,1.978355582463844,2.348395426231817,2.3735818351511786,1.6267618815104166,633117.0125,3.894533565497389,4.567653398925158,4.724499130678572,3.1667722920116037,34.4531012838128,1.402803100308746,1.5538464495993949,1.5260254296362414,1.2402981531891843,23.735875076829057
1721,L_TO,GRU,2023-05-01,2025-05-01,22,1.72025960597534,1.916791044658472,1.8556288494096067,1.939961397640116,828634.6494209185,1.587361701238258,1.7040605059844216,1.6745270493475446,1.776642100016276,613989.6208333333,3.126089848092007,3.2882547806965543,3.311104250989906,3.468566011935359,33.71086284864126,1.2700466266018762,1.6315267214675688,1.5420859035151082,1.464767739984948,23.79138252313188
1722,L_TO,GRU,2023-05-01,2025-05-01,23,1.0750566795861134,2.692828354613005,0.9967360285159784,2.6665309932583283,827495.0148924398,0.824646495035168,2.555526112673875,0.7560685509159962,2.5048936208089194,675948.6708333333,1.664049067452823,4.966649660174294,1.5086712126334616,4.893836922251482,45.63799295075672,1.4138941077442009,1.5741947688551077,1.3300399041733442,1.7044925260454915,39.05545364173075
1723,L_TO,GRU,2023-05-01,2025-05-01,24,2.142080101487029,1.733865160355744,1.484050565230434,3.0160270656075387,821773.2270020708,2.0077094236096773,1.559477097739078,1.4009564164129742,2.8654884338378905,625636.475,3.9552424421447374,3.002661226893528,2.773635701953597,5.613745092480725,35.73935995728945,1.4127701165819342,1.3741271102411647,0.9033509465586588,1.7732933646738818,25.60259438618804
1724,L_TO,GRU,2023-05-01,2025-05-01,25,1.3082211844216314,0.9880023801195974,0.953388106698662,1.4241920305895497,841030.289257461,1.172161760348089,0.8270524862212341,0.8328713768437306,1.2745384216308593,612430.1583333333,2.3087383449515824,1.5923531138416387,1.6634014397087291,2.4994468021394667,32.602541641879654,1.1266631638704871,1.013582499418382,0.9159609947284404,1.2141955724516782,23.01658917660557
1725,L_TO,GRU,2023-05-01,2025-05-01,26,1.4520699466341602,1.7883650467114467,1.4746190226418665,1.515893469242462,816144.9189580169,1.3061149325880337,1.58964972412407,1.3800971431382345,1.349428685506185,627358.3375,2.56335434091479,3.092970712180745,2.7258991126679684,2.6464905804551857,36.63287700988921,1.2077906846183235,1.5626379767316327,0.9564689251499328,1.3182922810527429,26.63439250375616
1726,L_TO,GRU,2023-05-01,2025-05-01,27,0.793625809251261,0.8315230081353844,0.8336839287408764,1.2247027276627214,917694.1813669226,0.5947270975974291,0.6496688169475832,0.616692047007426,0.8238990783691407,626276.9604166667,1.1736892687744915,1.2637543561435958,1.243967742326441,1.6453587756349048,28.843270874188025,1.045613014157422,1.0011208947078,1.1476343778888,1.8470715127650263,21.00047781763328
1727,L_TO,GRU,2023-05-01,2025-05-01,28,1.1686484761366736,2.925417526005605,1.9597679468791496,1.9622361867316624,820379.3999047194,1.0556081249949183,2.822038538414435,1.8030903580633648,1.8046679178873697,663211.9791666666,2.057609977651459,5.498482151629645,3.5643961321770967,3.5256006339605857,43.663722491899584,0.9244633969963512,1.4418140604866825,1.458490172775439,1.4518048612024037,35.81671691048186
1728,L_TO,GRU,2023-05-01,2025-05-01,29,0.8205269840017471,0.8450437218594342,0.93443908634484,1.2978063234596071,912825.4669669028,0.6844274995789414,0.6680821496337439,0.7943884038483049,1.1172626495361329,628942.975,1.3542016703969186,1.2948435875310609,1.593304564200256,2.19991893928837,29.20774612822464,0.8882169744542509,0.9997605411959466,0.9853120535319652,1.2750357326213493,19.80823116929895
1729,L_TO,GRU,2023-05-01,2025-05-01,30,1.0104473360509842,1.1635849214209466,0.8709254575330199,1.1737368101919818,860250.4920372858,0.7963730578908165,0.9235146191652024,0.7024592115198374,0.9759180704752604,607586.9354166667,1.5780272346024466,1.7923451852768109,1.4017463871763336,1.9142323292447951,30.23991349685585,1.214565306006365,1.3773778030618866,1.0426276122974545,1.266447871437023,20.93023711941693
1730,L_TO,GRU,2023-05-01,2025-05-01,31,2.113757459339566,2.833311397435599,1.7352571022204637,2.153482371887665,828691.8449127366,1.9436984220227636,2.6974505257191224,1.6221955063787945,1.9822133382161455,613694.725,3.806136423820192,5.23425073727039,3.2034108951248883,3.852192300525899,33.64692732877193,1.5367055444245203,1.577532509054464,1.1308316685622772,1.5293358162746176,23.725549263887498
1731,L_TO,GRU,2023-05-01,2025-05-01,32,0.9765906657050072,2.0229216438848927,0.9399513754887946,1.2299891069232054,815031.3071571619,0.8020344441310338,1.782279347537156,0.8033481142261072,1.0359427134195964,631412.4125,1.5822194162307477,3.493691318637685,1.609490716714508,2.041967499224435,37.45211678987845,1.0917232642768315,1.856524078654508,0.9718087954432952,1.2964678616282952,27.74860718646401
1732,L_TO,GRU,2023-05-01,2025-05-01,33,1.3995217404521214,1.580256377541635,0.9125392998221178,1.0245513300633269,844768.3838214925,1.2060225134500773,1.3267401373545282,0.7526465913989587,0.8399505615234375,613059.0708333333,2.3753276139525674,2.598162711039385,1.5080189384589566,1.6467865074876673,32.14114089159865,1.3647341422332049,1.6701778003781118,1.031110239801812,1.1483194641550685,22.268710808204258
1733,L_TO,GRU,2023-05-01,2025-05-01,34,0.9512802597357584,1.8124844967572784,1.0910039180485085,1.862467702680364,850823.1408496302,0.7187161666660273,1.6449584049402788,0.7585362438116708,1.6819465637207032,712930.3875,1.4528402060301615,3.2102401881726266,1.5314434500613865,3.2973443566121,49.38691288118387,1.2796009510598172,1.4636545969054244,1.610452322466322,1.538837729552606,40.91910909289892
1734,L_TO,GRU,2023-05-01,2025-05-01,35,1.395366314969935,1.379410183175216,1.6643929241554989,2.144768413467399,851669.2166118481,1.2501601330236285,1.1992291678481275,1.5606280727036643,1.9779294331868489,716061.6291666667,2.441010183916242,2.308257952399646,3.085376069946951,3.8505566025350455,49.73367385846029,1.1533888410388085,1.2659488860933426,1.066063880825973,1.5240471521550942,41.11989384578451
1735,L_TO,GRU,2023-05-01,2025-05-01,36,1.6854492669971828,3.0711122793171954,1.8936681586130144,3.0393829391836635,810622.8409431537,1.517738569469544,2.9454124601266747,1.686907717109186,2.859905751546224,625113.9291666667,2.968882031943355,5.70585853303248,3.3478145267467307,5.586954126825758,37.19459418897235,1.3704808497402778,1.525218907038913,1.6902492865514942,1.91644016158562,27.475399007625708
1736,L_TO,GRU,2023-05-01,2025-05-01,37,0.8288900885796756,0.9671462044316428,0.8988707983337357,1.1473026641986497,811564.3884309065,0.6835000522840644,0.7733940439160212,0.7582379165843075,0.9548295338948568,632599.1583333333,1.353650493951648,1.4944625845342423,1.522001141881431,1.8768231232949064,38.52308886213706,0.9210079339170651,1.1071255090639225,0.966378555561921,1.2356432962423165,29.1209674620528
1737,L_TO,GRU,2023-05-01,2025-05-01,38,0.7510821837688734,0.8190263547858326,0.8841472047535869,1.3331992494641187,843918.7186366168,0.5452423565520751,0.6250193426171606,0.6325336966171037,1.1478249867757162,626812.2625,1.0794343710644785,1.2123919876892828,1.2717473495316276,2.257152370431078,33.85101039772332,1.0326900176065237,1.0237148656496935,1.2711555206387868,1.3056971302271518,23.5039011307
1738,L_TO,GRU,2023-05-01,2025-05-01,39,1.626162462400458,1.5304895414447524,1.5718747712973284,2.0264583843690414,836298.2915151756,1.4813446520846123,1.263284816024416,1.4199419103908388,1.842974344889323,624934.9208333333,2.904942860893282,2.4418524884978674,2.8148729848389378,3.599423983789549,34.32363614446597,1.266991664520184,1.6402294521492962,1.296037596450582,1.593151043587353,23.96211324621539
1739,L_TO,GRU,2023-05-01,2025-05-01,40,1.6431750902040645,2.407179445665218,1.6837598078080769,2.1802557937951312,859765.2982936484,1.4939055600842868,2.26712152079562,1.5158454341538596,1.9744336446126305,628540.2625,2.9338465485474368,4.410663194846044,3.000977002926589,3.8566812413987375,32.84368018402187,1.306697228284987,1.5222716265195324,1.4216250860733024,1.7612799961697747,22.699806734205957
1740,L_TO,GRU,2023-05-01,2025-05-01,41,1.490906843409532,1.328699036848714,1.7843859997762497,2.113426249452656,872306.3678193905,1.33224871001443,1.1092769558109543,1.5855949027479752,1.930865224202474,619492.3958333334,2.625356488444748,2.1475038658661982,3.137897715736352,3.7642339609272017,30.806210540221866,1.292362101541612,1.3912186368382955,1.5917050224275944,1.615007794543195,21.14912164855308
1741,L_TO,GRU,2023-05-01,2025-05-01,42,1.471466243862778,2.29293910601459,1.609349742045946,2.343617816026608,876477.568192972,1.2569590364532517,2.1229227852406063,1.4566422898023157,2.086155064900716,619702.2166666667,2.468534690484307,4.113539785353618,2.8754106154073686,4.092013247884787,30.59077990528028,1.4727104233460038,1.605804285372221,1.3156728254419563,2.061896008626174,21.170184923981545
1742,L_TO,GRU,2023-05-01,2025-05-01,43,0.97135480007363,1.4542752763185252,0.9579145994669924,1.2045180569048002,822480.0750722447,0.8527241182124304,1.26392144125798,0.8479758028016898,1.0481361389160155,620821.0708333333,1.666203830930231,2.421786700631305,1.691436858243386,2.045296384283555,35.08189390141947,0.8826630106517722,1.3197817489914354,0.8775423176518572,1.126984301005234,24.947838336755645
1743,L_TO,GRU,2023-05-01,2025-05-01,44,1.0734315605347942,1.5106730322796695,1.1623455838845949,1.651475959493503,811590.8217685334,0.9696619864683892,1.3071130026869946,0.996974381888136,1.491711680094401,646855.6208333333,1.8975264812292132,2.523054798038713,1.9744212550673883,2.920379600115546,40.95072475155193,0.8534755857678153,1.4198472615814128,1.1951011200223591,1.3439787064229114,31.98691578008316
1744,L_TO,GRU,2023-05-01,2025-05-01,45,1.1201516148697033,1.2711758440847465,1.4944916980076544,1.144661361709585,919170.9488429956,0.9595606295921034,1.0885737233956088,1.376300374949758,0.973980458577474,629928.6520833333,1.8868647856649,2.08753699338005,2.7199331249989167,1.898839829789745,28.97932011435605,1.1122243916190797,1.219659014558592,1.0969303261065158,1.1531210618517935,19.50290542271059
1745,L_TO,GRU,2023-05-01,2025-05-01,46,2.002136603269683,1.9500154373802847,1.5066290485171394,1.572936756212144,852121.9017482399,1.8368731656751072,1.7165521039975384,1.373310669546112,1.3936861673990886,616306.6958333333,3.605793178048285,3.3109675128835745,2.725266997398592,2.727381052977848,31.87242342493804,1.5014457409156745,1.729485731351046,1.1936542592773596,1.3886655920626143,21.83635263473
1746,L_TO,GRU,2023-05-01,2025-05-01,47,1.3772593408825944,1.3293485988594629,1.2606698290174057,2.048506848362321,854658.3704992138,1.1964619354245765,1.1477374264471465,0.9992294628704906,1.7958824157714843,628727.0458333333,2.3645816554970143,2.253981651218587,1.9999591501111929,3.550289195967128,33.23732206552735,1.329211888383547,1.3291586365175938,1.5644402937084367,1.9856126820270168,22.902524202733048
1747,L_TO,GRU,2023-05-01,2025-05-01,48,3.3909584911023862,3.7590370379581097,2.838012186098632,4.369319951620895,823631.8332993751,3.324463955470029,3.681062840579149,2.71390102358705,4.277801895141602,642556.55,6.560679727608148,7.1694308482551055,5.391093447605293,8.386072567571706,37.73153547612785,1.167187718355611,1.37568778116111,1.5704861129063683,1.5675413323684635,27.6464934742586
1748,L_TO,GRU,2023-05-01,2025-05-01,49,1.4963217134206928,1.2638485124668974,1.5305760824217949,1.6971660105200472,823035.7208565377,1.3210471058070732,1.0905932018650546,1.4212706966050317,1.5505691528320311,614133.0166666667,2.592827929663501,2.097010685087107,2.808144089967317,3.021874540341917,34.11189064539998,1.3455289139227,1.182144798663109,1.0541088090369626,1.2779333932092132,24.128453747579464
1749,L_TO,GRU,2023-05-01,2025-05-01,50,3.0045453034729253,1.0904477856414827,2.3522629132419435,1.7053373570448276,811893.7282961232,2.913645219711566,0.8828427900878447,2.190581016262832,1.5687920888264977,637102.3583333333,5.738928780718142,1.703633813050703,4.332225114465933,3.049442783913098,39.12781932023958,1.301873776401443,1.2222419656445815,1.6182138252683873,1.2104320495342398,29.922845950105412
1750,L_TO,GRU,2024-01-01,2026-01-01,1,0.9692942401458384,0.9665817381552688,0.7363953013086298,0.9947453254580424,813657.4494420263,0.7050859060227431,0.6563734182349966,0.5413685006435076,0.7188138326009115,530521.8208333333,1.144437373470637,1.0562550866025566,0.8898455111186176,1.1659678699811085,52.698236110103615,1.0850485515829926,1.1469598176824418,0.8264188733825437,1.1194718769614591,109.83924906116911
1751,L_TO,GRU,2024-01-01,2026-01-01,2,1.259837004715606,1.0971444133225268,1.1209826249879926,0.978852478189195,809393.2533501182,1.0192455382970491,0.7941079496742987,0.8893881122046056,0.7110005696614583,529972.2333333333,1.6542156521775522,1.2767093552281608,1.4545587054013578,1.1545651916483637,54.48389585059831,1.2085241643320477,1.222095440193835,1.1212326963905748,1.0970049347895394,114.91250460015206
1752,L_TO,GRU,2024-01-01,2026-01-01,3,1.0157497802088151,1.987568478964836,1.835853262145935,1.541072461227215,847357.5724356923,0.7471535913522693,1.8391953228231048,1.6957806986445658,1.3439732869466146,557647.8145833333,1.2123850796006015,2.958737326110319,2.7722841312652937,2.177715257288533,49.915795752089856,1.1240104140619689,1.2130813166040082,1.1553206870806043,1.2233327457483676,98.3102338002777
1753,L_TO,GRU,2024-01-01,2026-01-01,4,0.9574432989046376,0.8590090818031354,0.8365584462650465,0.914713837503632,813640.2396308486,0.6860279453150533,0.6119226213060126,0.6114849339865394,0.6481287638346355,537679.2,1.114089733453184,0.9861598538574088,1.0018567323178509,1.0521845726147412,58.52561924213207,1.0902091911041534,0.9758384216587224,0.9417808104415888,1.0513616940425163,124.70029224814417
1754,L_TO,GRU,2024-01-01,2026-01-01,5,2.224191570708129,1.7896261988418445,1.5733518842545784,1.2842480170946988,835842.7479827624,2.127117941100757,1.6113459982788336,1.4162938517207375,1.093846893310547,555193.24375,3.4535847719008457,2.5916205880906578,2.3157233628339555,1.7724143188965578,52.0351378880378,1.0604862083222448,1.2534462006051377,1.126388911249716,1.0918190683997284,106.26986051165794
1755,L_TO,GRU,2024-01-01,2026-01-01,6,0.7583953242513198,0.7186808159308686,1.3856072178864849,0.9011130628885484,805198.3639196944,0.5229687770182198,0.4825801972011457,1.2310019226592603,0.7823604583740235,527969.8625,0.8497856836357285,0.7776189013162,2.011426889150316,1.2733873982028387,55.01686817175522,0.8979702917129079,0.8626554985023571,1.0425884560867933,0.7370537448611475,116.72754844516552
1756,L_TO,GRU,2024-01-01,2026-01-01,7,1.861685865121294,2.249918973871916,1.2154167254787678,0.9442848734442932,809982.5526167928,1.7062909655961995,2.0522456564819587,1.0031705721342503,0.7022562662760417,533031.0916666667,2.768371831358717,3.2995178579069813,1.6398766793638393,1.1418829868813274,57.15874383840335,1.2100339545202454,1.4777755276741518,1.128218192182685,1.0305919080617345,122.73273041398063
1757,L_TO,GRU,2024-01-01,2026-01-01,8,1.3435498766171552,1.2549389584103685,1.0646624463785694,1.483752903728354,808590.0220015149,1.1226349823262995,0.9929262400445414,0.8323927664524066,1.2595316569010415,547377.8333333334,1.8205764853025064,1.59568913035883,1.3613286989814783,2.0398053692141973,61.60086196233173,1.201812611359342,1.2365076674092974,1.0855612486247848,1.2685002982868538,131.37651519030916
1758,L_TO,GRU,2024-01-01,2026-01-01,9,1.8407624557263795,1.4992386592326277,1.3805939959921891,1.9189788331189404,804603.8770227192,1.7178876452836995,1.3178403932169849,1.2172068949425183,1.7703492482503256,527514.6958333333,2.788233632965096,2.1202983265193343,1.989862006467319,2.868320864336763,56.872153445328685,1.0779753266503056,1.1534643474752444,1.0705504186235122,1.1986293966678698,121.67690777518708
1759,L_TO,GRU,2024-01-01,2026-01-01,10,0.8607055410680341,0.905335217234526,0.994762701959972,1.6197182715114138,807257.1559830499,0.7017799050135625,0.7604497432517533,0.8114972993589256,1.4589071909586588,531646.8041666667,1.141515271451757,1.227001523713834,1.326694319651625,2.3634695460386457,56.54263618842552,0.8144976195953372,0.7971708994006304,0.9464840102854988,1.1391109269919009,120.69754186311982
1760,L_TO,GRU,2024-01-01,2026-01-01,11,1.0937090014015245,1.3211362929738624,1.53007169356528,1.408892882902149,810830.7452005394,0.8831942421481483,1.0217625996145765,1.3586828918975415,1.1510336558024088,532520.5541666667,1.4324198321997943,1.6415978752298923,2.220331736555144,1.8641668940795555,53.46274220607293,1.0513332946137155,1.345052261289177,1.1518936952098904,1.315092575497364,112.01504136651592
1761,L_TO,GRU,2024-01-01,2026-01-01,12,0.8128100084914179,5.135989352010661,2.745211601429365,2.663968795034234,819768.4320734013,0.5606488959558678,5.080485717622858,2.658845400996454,2.5389771779378254,572991.2125,0.911107334078708,8.179539101785096,4.347391170748393,4.1219950310587405,66.52442071858236,0.9621353425943148,1.2249235773746028,1.1181771736410944,1.325751177481565,138.96302118056298
1762,L_TO,GRU,2024-01-01,2026-01-01,13,2.3653066548416337,1.413230901597593,0.9652514865461944,2.8711605614842366,809160.9857616993,2.2353569242550537,1.2047243196085864,0.7404977103764487,2.768164571126302,558031.4166666666,3.6267893677072554,1.9373547538183773,1.2114628631013096,4.487313250448542,64.1476744628864,1.2541708625948291,1.1913294309805165,1.0190345244856711,1.23031355042252,136.36462837463347
1763,L_TO,GRU,2024-01-01,2026-01-01,14,0.9046372372328936,1.029726958379379,1.6911431133648782,0.9948282509193987,803792.107117145,0.7661350719192822,0.9135827215570824,1.5974577338690183,0.8717422485351562,533141.7583333333,1.248026186571494,1.4741722523641916,2.615412861640856,1.4183569844903454,53.85521148057675,0.7894578790334401,0.7722621540407469,0.9178801647290138,0.7892257221070339,112.59172993209086
1764,L_TO,GRU,2024-01-01,2026-01-01,15,0.7114271438686974,0.8416455208588276,0.9299287006941904,1.0003420895546524,825561.022874934,0.5729529243419395,0.5922475305435848,0.74928590520835,0.7569418589274088,566167.0333333333,0.9336181845311208,0.9541559153367148,1.2284361185443686,1.2271949377296474,63.04356586054335,0.6924214302065012,0.9678201473785268,0.9104524648362936,1.0628477415694746,132.84671088258168
1765,L_TO,GRU,2024-01-01,2026-01-01,16,1.052004701572841,0.8494501337814325,1.119446395207392,0.8531299204370814,826057.8434409034,0.8177576613799385,0.5696519486383138,0.8857274015519363,0.6123739878336588,543973.5875,1.3262382096108412,0.9167846030895564,1.4481570448979182,0.9940836046540856,50.80281879915564,1.0784832079627764,1.0186843739868598,1.1201556922091649,0.9683667242316656,102.7380723694921
1766,L_TO,GRU,2024-01-01,2026-01-01,17,0.8755263733390313,0.834222079117435,0.9506379593199168,0.9504274014709406,804471.8389206055,0.6936541936907978,0.602357089317015,0.7155378727961796,0.6993933359781901,534745.2625,1.128796278170277,0.9703400357614528,1.1717577772311811,1.1341090805390708,58.699952075169634,0.8748619230368749,0.9338433105081136,1.0319964089927602,1.0471795910364745,126.64209498510913
1767,L_TO,GRU,2024-01-01,2026-01-01,18,1.3924429434950822,2.42434174452687,1.563641316347169,2.679258342586823,819078.1249586117,1.1873179013658384,2.30842864496666,1.399301661225341,2.564164225260417,564790.6458333334,1.9273430398383924,3.7148416025224416,2.28695547572903,4.155754616191997,63.78005802781352,1.187073517875666,1.1926274154690677,1.145941230293826,1.2522773448641662,133.88816340319732
1768,L_TO,GRU,2024-01-01,2026-01-01,19,2.344649029099708,2.314536664430741,2.5874148930674115,2.179515728978604,823619.5757070689,2.263309499938648,2.1883222657755783,2.50530180154984,2.057418950398763,577938.1125,3.673527074345548,3.520349168980894,4.095995761113693,3.3344102836865277,65.72775098900733,0.9945162359417968,1.2113892513495434,1.056681033656697,1.1633792916917354,135.73060263472632
1769,L_TO,GRU,2024-01-01,2026-01-01,20,0.8821907940710104,0.72221073681876,0.7435704175931707,0.9495966071753904,807112.9660012631,0.6623056960479073,0.529076981341026,0.5580613035839285,0.8166786193847656,532509.5666666667,1.0745451161718564,0.8539321475369732,0.9160432330325232,1.3287461465592572,57.7459027667435,0.9507173713364432,0.7967574223345465,0.8128399152285544,0.7965288491097289,124.26230323839404
1770,L_TO,GRU,2024-01-01,2026-01-01,21,1.2000059820308109,1.7502522544143313,2.085964111917993,0.9310101705689434,799445.1368733277,1.0737204862924776,1.5813584087606043,1.9763987304642272,0.6813285827636719,531030.75,1.7462123410462616,2.542850235856601,3.229847071960274,1.1067000386728978,58.57924074629284,0.8786068716094957,1.2060033941273016,1.087314290922763,1.0341950143905931,125.74238211316766
1771,L_TO,GRU,2024-01-01,2026-01-01,22,1.752923343992786,1.599304357926007,2.204070965515248,1.518459823387962,806666.1156389621,1.6086823993120198,1.398841420642115,2.095594032791701,1.3242665608723958,538837.5291666667,2.6106016769231166,2.250487377269245,3.426392364352721,2.1460108403379894,59.77859964032325,1.1347419428947685,1.250624239069146,1.120669830738687,1.2062679565551078,127.89215396578506
1772,L_TO,GRU,2024-01-01,2026-01-01,23,1.344437702277546,1.3344400225605493,0.8374721369869165,0.8372931855717646,801873.8937834157,1.132486618875822,1.2258712694864475,0.6106381452551458,0.6557612101236979,528439.1458333334,1.8388545527872773,1.977063224518248,1.001033770762615,1.0667252690634703,56.52777612769254,1.184247010763838,0.8572125673426585,0.9458248096219696,0.8522085272077854,120.970587774166
1773,L_TO,GRU,2024-01-01,2026-01-01,24,1.038012086158287,0.7582161549717245,1.0382223536949162,0.8487794420054227,835448.9086235524,0.7915023716663969,0.5392715043179109,0.873355816870546,0.6811297098795573,546721.1041666666,1.2839978348946597,0.8702098457758172,1.4324419929269618,1.1090466325865522,49.71329799989236,1.095364650075375,0.8638179733672677,0.9282529678441722,0.8320587303009895,99.29601417948577
1774,L_TO,GRU,2024-01-01,2026-01-01,25,0.9979864335180786,0.9667718712791544,0.8660525338206685,1.2650510636637584,807913.3026581567,0.758209083195837,0.6619793745318338,0.6445741925527976,0.9762245178222656,532907.525,1.2303375826048728,1.064752432100386,1.0552184006860998,1.5808877574004367,55.75289578859537,1.0566069957051647,1.136782134277233,0.9518616406508223,1.3030067635365268,119.46989745720546
1775,L_TO,GRU,2024-01-01,2026-01-01,26,1.5163043126243574,1.7931354235297208,1.2948127665946598,1.1267891648764243,811725.8067663234,1.435068638567503,1.6965715134821897,1.1185796704042548,1.0148490905761718,534197.5416666666,2.332145436632798,2.7338752631161705,1.8326710756497744,1.6502877796338589,52.680322998565664,0.8018630701973596,0.9432236170360456,1.0733582874691794,0.8058201169352228,109.06610762081368
1776,L_TO,GRU,2024-01-01,2026-01-01,27,2.4259586535334314,3.122139685727852,2.6827759463207395,1.953136194191086,803203.2152854542,2.3268744362586347,3.0418083904500577,2.59130656737829,1.7619344075520833,527660.9333333333,3.777082937171064,4.894353340534964,4.236727279602757,2.8568614352602526,56.3081133438592,1.1177889203028684,1.1272497009852829,1.1353349006551616,1.3682932001390145,120.40524674277692
1777,L_TO,GRU,2024-01-01,2026-01-01,28,1.036728175376237,2.054880546528384,1.3045531760905853,0.9386940448326276,805644.3482126367,0.808452087156854,1.9065424043253831,1.1579528859974766,0.6939459482828776,539713.1208333333,1.313206549886085,3.066297316105805,1.8925732133540132,1.1255546733574922,60.15418698083459,1.060171947885219,1.230629412128401,0.987111782429782,1.0284459621267588,128.18978127130347
1778,L_TO,GRU,2024-01-01,2026-01-01,29,2.128054019438309,2.047278334672737,1.4881854863878663,4.110954373066909,826768.7819237309,2.004589843198037,1.9528019313695597,1.3581181357995824,4.013150787353515,545913.2708333334,3.2576821112620267,3.145564522884328,2.22526288318818,6.512522213002726,51.188097740871896,1.1717741376876498,0.9968472239851092,1.008374794422263,1.465217109126847,103.59128669670768
1779,L_TO,GRU,2024-01-01,2026-01-01,30,0.9256632318059944,1.1873844681160883,0.7501293750489783,1.6253719967061262,825631.6621157924,0.7482133506412735,0.9776947502379096,0.5443397727498542,1.3923384348551433,578325.3958333334,1.2172009955877658,1.574915703764249,0.8924701754248409,2.2604978431378604,64.9645722740082,0.8903795038527182,1.0851169518797803,0.852395924718609,1.3627327487546554,133.48633372137198
1780,L_TO,GRU,2024-01-01,2026-01-01,31,0.924514128620871,0.7711932246238244,1.4448944650591222,1.0749886904351569,816680.8780008317,0.723341673123849,0.5870958349132243,1.2958392496788464,0.9275450388590496,556347.675,1.174504256656287,0.9477220954582832,2.117821966834636,1.5073979644715594,61.31103395679916,0.9413535957345408,0.8106104836210876,1.0487203605092028,0.888015747430463,127.2586996377526
1781,L_TO,GRU,2024-01-01,2026-01-01,32,1.0187830118575982,2.533262894364219,0.9440227391154516,1.5014280264325084,831255.2139412211,0.7804304004239907,2.4319241283650967,0.7939821674383687,1.327911631266276,544816.2,1.2657612676238652,3.911996246527208,1.3033373810795068,2.159072933524687,53.05881024905005,1.0667322841309637,1.134533438435422,0.8469547583884098,1.1483711527750746,110.01367492499354
1782,L_TO,GRU,2024-01-01,2026-01-01,33,0.7642216096892479,1.0843146991043495,0.8896559345708184,0.948153994838875,811967.6155556146,0.6103457404919029,0.9400417241459678,0.6815680968016388,0.7956546783447266,547275.0708333333,0.9934246580130426,1.5165929052981852,1.115530823022255,1.2938078920057767,60.934519846512416,0.7535088466424377,0.8767934415132026,0.939414658421932,0.8446343403846007,131.68722065708215
1783,L_TO,GRU,2024-01-01,2026-01-01,34,2.2458426583344724,2.429535241665927,2.814295949673532,2.3983701395038426,861554.0343176284,2.124244456807137,2.3320310670451097,2.733314267980504,2.2903643290201825,571225.4020833333,3.4483903982348267,3.75267636037166,4.469068930638864,3.711969952658653,49.06122937675516,1.188879725432885,1.0965200036779703,1.0948650948515497,1.1488538083491342,92.48957331147784
1784,L_TO,GRU,2024-01-01,2026-01-01,35,1.056241178674017,0.7752172050620656,0.8252912537155827,1.059605630493947,816864.0750531211,0.8487931148444771,0.5380233434139579,0.6063978795897974,0.9459790547688802,540046.5458333333,1.3777841158485065,0.8673828260380493,0.9971557833653109,1.5388525380575664,53.05952067747796,1.026609851725642,0.9032095965999216,0.9262013337287188,0.7867779714835278,109.90435158504457
1785,L_TO,GRU,2024-01-01,2026-01-01,36,2.4997743787836075,1.6936213533569455,1.4335496491292457,1.362766806185261,837825.1707778142,2.394259537576993,1.55289657099205,1.261770635020914,1.1488234202067058,555606.775,3.887119607446007,2.4976383102686124,2.062789528591346,1.86211905657997,51.3632569834083,1.1722244022343216,1.0880047817432943,1.1193534590098713,1.191444283380925,103.65113664813796
1786,L_TO,GRU,2024-01-01,2026-01-01,37,1.3416519616770723,1.7092389820045706,1.928384434588446,1.403553322608445,815641.6594880025,1.1736322481139778,1.568709346123791,1.8137665819321696,1.2923013051350911,545783.2083333334,1.9097264634177225,2.528839396462247,2.9697134825294573,2.100659814183534,60.06209242210336,1.0645121981476595,1.101113802019522,1.0830336639560978,0.90253753058898,127.78487113756304
1787,L_TO,GRU,2024-01-01,2026-01-01,38,1.2937803811037194,1.5411224878779886,2.800308104219965,0.7923173654246236,808554.8801317784,1.165597406471149,1.3295178173299405,2.712882876582392,0.557644271850586,551202.3916666667,1.8945813063164965,2.139235427509829,4.436017126352516,0.9075496161763718,62.12726974659544,0.9178105029301716,1.257681589889461,1.13663573097026,0.91928681700369,131.68825699815883
1788,L_TO,GRU,2024-01-01,2026-01-01,39,1.566620248822736,1.3450253176746694,1.0219921228918147,0.9672019190647404,803266.6705189127,1.3798919889523191,1.023165317201706,0.8143063152687563,0.6985783894856771,532547.7333333333,2.2386596607906024,1.6460127662352904,1.3324386258199985,1.1336613479199196,58.2803781991419,1.2073960187071238,1.4092493996211677,1.017673840464502,1.0890280040654987,125.47932875359504
1789,L_TO,GRU,2024-01-01,2026-01-01,40,1.2223063014027378,1.1567529545228854,1.8870713563501704,1.914458013244692,801550.8484883494,0.9855857403298834,0.8878865629345317,1.7691548746699566,1.741771443684896,526608.75,1.5989614213027945,1.426922968118394,2.892055153236243,2.8221648848248124,55.97186782177069,1.1790147079476485,1.1943218126985715,1.0764903391715672,1.288076912799538,119.3287845924126
1790,L_TO,GRU,2024-01-01,2026-01-01,41,0.7038955848853148,0.8125612670927282,1.2686994584708289,1.7244837069217358,806920.2852743398,0.4658686080592888,0.6337150154946765,1.106473354089654,1.5673568725585938,538052.375,0.7582339003364249,1.0223794169310376,1.808873971090319,2.539964756838818,59.36205120730499,0.8646878153443298,0.8249429149775993,1.020631209722369,1.1666634238772575,127.96222828741182
1791,L_TO,GRU,2024-01-01,2026-01-01,42,0.9705817745377208,0.8173368251178859,1.1769169781171969,0.8877688185066263,803569.9674669567,0.7370279526944119,0.5750569330949474,0.912293430454816,0.6154444376627605,526527.7833333333,1.1971016014488085,0.9273402967278912,1.493309754344672,1.0001066061318755,56.40641356145966,1.0327373367592425,0.9401953836406758,1.2218633546262545,1.0433338808117023,120.34831546523075
1792,L_TO,GRU,2024-01-01,2026-01-01,43,0.7289234999359652,0.8577089392252174,0.7823626766385405,0.7497843449843873,806217.420835346,0.5235169401291223,0.6999463259719296,0.5842738702997453,0.5551338195800781,528972.0625,0.8527174340941779,1.128473797193536,0.9570931164010756,0.9023570030367756,55.18344075115541,0.830165384803345,0.8023117369243657,0.857927679244066,0.823513647464421,117.31276926226522
1793,L_TO,GRU,2024-01-01,2026-01-01,44,0.8862373523396333,1.1366541877775471,1.5449382589560363,0.9655886363648346,822099.5941254408,0.7754921970705664,1.0310074011293575,1.4135412604803466,0.8439215342203776,543028.7416666667,1.2632079081154182,1.6631490473183703,2.3150809943413937,1.3734070129722795,53.54520008819125,0.7061774824210452,0.7778495894198154,1.0299218708096816,0.7730058488094989,111.80341104045333
1794,L_TO,GRU,2024-01-01,2026-01-01,45,0.994812342388962,1.2179384495742172,0.8787213592350402,1.0397133718497884,813499.2775077805,0.753920319797657,0.9685501973606222,0.6955894138682456,0.8288692474365235,549495.0958333333,1.2233643131515004,1.5573554827798664,1.1382663246432103,1.3436351640639848,61.068792288087295,1.0600516167880685,1.1916986398979097,0.8843844272690936,1.0209696231491685,129.28454827045837
1795,L_TO,GRU,2024-01-01,2026-01-01,46,0.9557982546172978,0.9067648826244034,0.8686146657525358,1.1367553536938764,816891.9364376118,0.8344028212567643,0.6155221096822828,0.6779290185638835,0.9246908823649088,541681.0958333333,1.3586308676293644,0.99066772475783,1.109677966183269,1.4994821033962884,52.72056371638182,0.7663439343189876,1.0759295023846105,0.8950873307231136,1.0754005072484167,108.91163759872158
1796,L_TO,GRU,2024-01-01,2026-01-01,47,1.0654668281150694,1.3268041894704532,0.7486234211279755,1.0265572043160296,815979.6152522544,0.9060016169125236,1.2096291709437177,0.5389063766505816,0.9146793365478516,541169.8791666667,1.4749589350062504,1.950232383576924,0.8860680890898117,1.4883504058061652,52.82474864346837,0.9190398663042874,0.8853715934030728,0.8600352887909559,0.7682583826337869,109.37024471848191
1797,L_TO,GRU,2024-01-01,2026-01-01,48,1.178797268882471,1.0913089517518273,0.6768429717103249,1.3971487980905648,813266.3147815506,1.039680425197311,0.955227898762486,0.4660728537130773,1.2561241149902345,534304.8125,1.6910901231545836,1.5415401388156964,0.7656810554730951,2.041919926753778,52.76928361631311,0.9096969683798825,0.8561211893844375,0.8118611876573941,1.0033723047634593,109.6899902278767
1798,L_TO,GRU,2024-01-01,2026-01-01,49,2.0978264205929738,2.183081498213975,1.6981297905522832,1.736019260851137,835258.6423017078,1.9867981168820068,2.057209849190292,1.566413251745152,1.573647689819336,545610.2145833333,3.224141113946371,3.3093916808715504,2.5609021427049505,2.549972656547539,51.4701423872348,1.0946278010744266,1.1739586874807704,1.0771004922398155,1.1887249767120336,104.32329132979412
1799,L_TO,GRU,2024-01-01,2026-01-01,50,0.9308060285461728,1.045507660715796,0.870396897297864,0.8778697785805885,815209.7896538696,0.6851610460070112,0.7516995126791528,0.6672756476522478,0.6313980102539063,534818.75,1.111791758545053,1.210012850535771,1.0918594205878631,1.026522349945643,55.04960969268191,1.028172431973937,1.1745402746982665,0.9178610737216354,0.9950395121240428,117.2171493509976
1800,USO,GRU,2022-01-01,2024-01-01,1,1.9082443334168786,2.5766729078379575,1.6980284693732106,2.2673196291106246,1981347.9322674738,1.553856404622396,2.1242027282714844,1.2885562896728515,1.771038564046224,1529353.0916666666,2.271860562813795,3.09268907042616,1.9109543507051396,2.6185498292066787,38.05695190404845,1.641563230811503,2.1816049279047904,1.662132727263761,2.150504405561848,39.7733124211874
1801,USO,GRU,2022-01-01,2024-01-01,2,1.5338615197115744,1.5933010697571273,1.629160698622009,1.7455723288731506,1982968.8681924164,1.2796780904134115,1.2992965698242187,1.3478443145751953,1.439007568359375,1541157.8,1.8480094315963127,1.862867114593795,1.97952953235946,2.0983690853072288,38.588301502705654,1.2014482027061653,1.3075152742159528,1.3388987250234112,1.435252339808676,39.86191340900205
1802,USO,GRU,2022-01-01,2024-01-01,3,2.6009516419054846,2.4703904790029036,2.1842094457716605,2.9048095576144495,1985194.6472431037,2.1333340962727863,2.0610397338867186,1.7348496754964193,2.3644943237304688,1530740.1166666667,3.1249896452938155,2.99546498027266,2.5741208895571654,3.4829010955569735,37.88377198924787,2.1974029384448266,2.0225439575998134,1.9988750344354296,2.529802265465455,39.37305402926298
1803,USO,GRU,2022-01-01,2024-01-01,4,1.7774388792215072,2.0118787848361652,1.932270085871635,1.7877292765753765,1986447.861151553,1.4580907185872396,1.6437993367513022,1.510220209757487,1.4597605387369792,1554460.4166666667,2.1289624230438275,2.3861314827367757,2.2392631242329215,2.142992233017178,38.94819434077423,1.499924061310648,1.7245007413007416,1.8172703785751192,1.551598342016441,40.07574554307851
1804,USO,GRU,2022-01-01,2024-01-01,5,2.7465878361213236,2.1839060912891552,1.8394697927551191,2.5604056587814377,1968629.5854846134,2.294360605875651,1.7815272013346355,1.4288761138916015,2.016679890950521,1509871.7,3.353409414218737,2.590348349121811,2.1183836311824242,2.973985182593596,38.485279417138656,2.220827984159596,1.8820937761109677,1.7425729431937105,2.3723630333277828,42.15734079662495
1805,USO,GRU,2022-01-01,2024-01-01,6,1.6098041357134776,1.5745891546689441,1.7105884210755704,1.8370583476792823,1916080.246419592,1.394323476155599,1.3106953938802084,1.4099516550699869,1.5337890625,1478811.575,2.029273457977411,1.8956690451459515,2.082827714184691,2.249877701882894,37.84568029432129,1.18491726014559,1.2845177528906224,1.4345535625524037,1.50522560000626,42.149697480538585
1806,USO,GRU,2022-01-01,2024-01-01,7,1.5480289904721392,1.5594649649754233,1.597785544845574,1.7071335361105122,1997391.2446513753,1.2734054565429687,1.261279296875,1.3082083384195964,1.4102022806803385,1527742.45,1.8358149115731983,1.816144806746084,1.9293748671650284,2.066230414526347,37.51886710590745,1.2417807496567344,1.323626399443735,1.3569036094976785,1.4287404818741027,38.72404420921677
1807,USO,GRU,2022-01-01,2024-01-01,8,2.259135376095818,1.733726178990841,2.243501907498212,1.9643430076062167,1952405.5316684707,1.8230570475260417,1.4475084940592449,1.8888264973958333,1.6316387176513671,1484796.5916666666,2.622950284072346,2.0723944847516362,2.768244377793182,2.3705079462655947,36.355696039240385,1.8966812610534207,1.3459045174843782,1.741514455312077,1.5709758013054447,38.22529145240864
1808,USO,GRU,2022-01-01,2024-01-01,9,1.7215458587334276,1.6819862112468231,1.7597954570307568,1.9376602846978215,2043131.1780185548,1.4983673095703125,1.3973739624023438,1.44715207417806,1.5626716613769531,1587082.6666666667,2.1808565828966184,2.0185573115289666,2.1386987188908084,2.2982276696797443,42.221446542641246,1.248932148818119,1.3772251719241113,1.4932748798249416,1.7224014489673973,47.130699455947415
1809,USO,GRU,2022-01-01,2024-01-01,10,1.6896035125045392,1.6319790228598372,1.591830604610201,1.6426838494368217,1987924.4851029678,1.3786252339680989,1.3605478922526042,1.3712655385335286,1.3615557352701824,1497909.0,1.9798872796785736,1.9451247787744332,2.0127355340086823,1.9956898579935944,35.82202271747242,1.3613818437521181,1.2581687116686784,1.1709724026780053,1.3768217453741278,36.3518544584683
1810,USO,GRU,2022-01-01,2024-01-01,11,1.7798201081588019,1.8157769852371848,1.7110244290359322,1.8286519824461396,1946009.8252072786,1.438378397623698,1.491022491455078,1.4673623402913412,1.555626678466797,1486932.3666666667,2.065459246827945,2.1260924303657487,2.148893566423672,2.258276552791501,39.102490027620426,1.4738066659147768,1.4478312796221584,1.2682605141093555,1.3741751060125538,45.55958323901323
1811,USO,GRU,2022-01-01,2024-01-01,12,2.3488286350283882,3.9120328701370184,1.6399211278885995,3.4424845725464253,2033778.227475688,1.9406077067057292,3.5289738972981772,1.3310728708902995,2.974761708577474,1584723.4083333334,2.8470633369794376,5.126146292521561,1.9646588104968343,4.384065852714093,41.61617055516726,1.9764358365581487,2.5342117099570642,1.415384241931333,2.624813860622067,45.378523946299296
1812,USO,GRU,2022-01-01,2024-01-01,13,1.6723160469230998,1.7903816105945032,1.573538473094399,1.665287439833374,1966387.8454467878,1.392951202392578,1.4493451436360678,1.2826249440511068,1.2867383321126302,1502041.3583333334,2.0040184389326687,2.086833453370195,1.8817095418207406,1.8869186149783685,38.36422917122916,1.2931822045948675,1.502545774824778,1.3268847062456062,1.573552100274341,42.52861795078699
1813,USO,GRU,2022-01-01,2024-01-01,14,1.5139439153085694,1.8456979997140501,1.657067492181599,1.7801416517829125,1973027.5057773998,1.2745475769042969,1.5033287048339843,1.311073939005534,1.4479718526204428,1525388.4833333334,1.849951151431585,2.1853732449063235,1.9368239271719205,2.127513786999201,38.18897048906302,1.1835368017801005,1.5995543845420974,1.4996646002848049,1.562050743227352,39.96506537916192
1814,USO,GRU,2022-01-01,2024-01-01,15,1.6954491113933892,2.1113960603911233,2.179748284001815,2.3207771457903976,1950846.6161416438,1.3680066426595052,1.6999219258626301,1.7206358591715494,1.799962615966797,1478696.975,1.996219875956174,2.4724793157650726,2.551038968808266,2.6573577296005966,36.60031211194007,1.4750059401528328,1.8684602917284747,2.0150917357798686,2.2151886704558508,39.34761466716965
1815,USO,GRU,2022-01-01,2024-01-01,16,1.5280273085702947,1.5167187593133613,1.6960443056401948,1.7925328106325293,1980178.6080308177,1.3094482421875,1.2412340799967447,1.3330426534016928,1.511812973022461,1491960.7666666666,1.8969309816385689,1.780151589811076,1.9631266166054835,2.205245046376719,35.169989628345,1.1283167012198507,1.2382646287602412,1.5363294976308788,1.4038989556712038,34.996016771585055
1816,USO,GRU,2022-01-01,2024-01-01,17,1.85661766107088,2.092121162636642,2.0464480185865996,1.8081384502777766,1976589.6742615644,1.5096227010091146,1.7095657348632813,1.615610376993815,1.4583819071451822,1515995.2333333334,2.2056416197897595,2.4832290039081286,2.3976229140062637,2.143533080609774,39.487374567692854,1.5970632849792883,1.7931945079645004,1.8968171435108487,1.6133091100503225,44.55033457885705
1817,USO,GRU,2022-01-01,2024-01-01,18,1.8908797753556046,2.2605754102376814,1.719185335623088,2.2838745733893826,1966002.240127901,1.5744410196940104,1.8205184936523438,1.386709467569987,1.7973553975423178,1498268.0166666666,2.298964092975402,2.6472769222576114,2.0532652046025937,2.6510646436213103,36.707917361812235,1.549511712123079,1.9898368653704257,1.5222555362191006,2.127804547807919,38.22707286428952
1818,USO,GRU,2022-01-01,2024-01-01,19,1.7297180904551146,1.7857020757935966,1.8778141690454817,1.8139781880834502,1961229.423660814,1.4739590962727864,1.4630401611328125,1.51462033589681,1.5291236877441405,1536744.4833333334,2.1482168634904477,2.120592174980197,2.2163871293814874,2.240633757151533,39.188375215986454,1.3292452574648057,1.520466277629191,1.600049513357885,1.4504272762988097,41.80077792294741
1819,USO,GRU,2022-01-01,2024-01-01,20,1.508017107934589,1.8596426790986016,1.7710442053425093,1.9027206809415391,1945194.2726694518,1.2615089416503906,1.5324559529622397,1.3346416473388671,1.5027529398600261,1426608.4666666666,1.8345578968870129,2.225163353916528,1.9822817944305817,2.2128879452617713,33.05366743649056,1.2076234141175468,1.5719939716864264,1.7559872459030739,1.7689000355942384,34.59504049255293
1820,USO,GRU,2022-01-01,2024-01-01,21,2.0965148041618744,2.2968218164455996,1.9682912587407335,1.8037356685717396,1991044.6523285704,1.723156483968099,1.864661661783854,1.6275135040283204,1.492272186279297,1527682.3583333334,2.520014475090549,2.7061266267876967,2.404317501157139,2.187792103392585,38.65129691831892,1.7637309663034193,1.979815590191819,1.6556327792676586,1.509434081150761,41.58260037597031
1821,USO,GRU,2022-01-01,2024-01-01,22,2.9689543384585777,2.085226933660537,2.202541125500428,2.0789390250973065,1978509.4427183878,2.576710891723633,1.7400627136230469,1.8478721618652343,1.7816314697265625,1537733.95,3.6946470611618083,2.4702706125679836,2.6936847471613836,2.5752705281795873,41.241110374631305,2.04682077301093,1.58608902947308,1.7122453586562083,1.5085376926434741,47.648323492819685
1822,USO,GRU,2022-01-01,2024-01-01,23,2.0528399107229864,2.3167487341018256,1.8784760604330348,2.3937609495576484,1986869.9960957987,1.6856043497721354,1.8871017456054688,1.4814327239990235,1.8946833292643228,1504263.975,2.4684712660485397,2.7479357155756783,2.202004943011502,2.801967371304968,36.50528030587995,1.7433295271072056,2.0088818150179253,1.7507938490008959,2.223203020817849,37.857181980876945
1823,USO,GRU,2022-01-01,2024-01-01,24,1.6361322312667366,1.984575439862152,2.052732984896171,1.9350952990576167,2059335.229869271,1.3912216186523438,1.6185902913411458,1.5913333892822266,1.5641934712727865,1636529.4083333334,2.0246130655548265,2.3485292639916127,2.36239959029864,2.29997898145019,43.579002098769706,1.2616733847710417,1.7037057785662852,1.9484035717659733,1.7162283706939194,47.257929965458935
1824,USO,GRU,2022-01-01,2024-01-01,25,1.8744954760682129,1.8982489170691585,1.5952471485804116,2.061316433577142,1994983.671302888,1.475409698486328,1.4999603271484374,1.2775063832600912,1.6174301147460937,1546277.8666666667,2.152727268809679,2.1725616213739647,1.886379611342712,2.379782808631558,38.7971699010854,1.698775580685551,1.7124084334211915,1.410443315723205,1.9222460986525982,40.580760921579355
1825,USO,GRU,2022-01-01,2024-01-01,26,1.6383248453209038,1.585626014497366,1.9668503173280074,1.8923288250384385,1976397.139135312,1.3882288614908853,1.3238510131835937,1.6252126057942708,1.6310751597086588,1491615.9833333334,2.0057461365301803,1.9029547872946468,2.3821482087759827,2.379802969451442,36.58167395343496,1.2467275235040038,1.2506158351524936,1.6099627842585975,1.4002523539376133,38.99762004050373
1826,USO,GRU,2022-01-01,2024-01-01,27,1.8578276728286145,2.3684648995404176,2.006979437379121,2.699230268613639,1971585.808247799,1.5516387939453125,1.957445780436198,1.6218133290608725,2.088942209879557,1515212.1416666666,2.2643026137563345,2.8387831347538803,2.4013922114711246,3.0767005914311354,38.85603144113737,1.5062719025683442,1.9681937065110158,1.7818557379106739,2.550342253676018,42.84152007600146
1827,USO,GRU,2022-01-01,2024-01-01,28,1.6516081019965883,1.896395586097958,1.7464519120154023,2.0402017349213155,1951576.4442061908,1.3736910502115884,1.548119354248047,1.3848051706949869,1.6653841654459636,1457874.6166666667,2.000361494621882,2.243992770157317,2.050830733171719,2.449565448867192,36.00208747185448,1.348125380873096,1.6241948389540448,1.5923095265617697,1.7724120143760493,39.731274898564514
1828,USO,GRU,2022-01-01,2024-01-01,29,1.584511431876902,1.5982893186861324,1.7336662375343028,1.7250549451579817,1990064.0370894575,1.3507242838541667,1.2940022786458334,1.3655689239501954,1.4217852274576823,1503219.425,1.958982504122166,1.8624693016109781,2.0236198366064375,2.084967152006676,36.95189687684583,1.1969903743666153,1.3528240520083252,1.6114811881281481,1.460794754294066,38.94205664215739
1829,USO,GRU,2022-01-01,2024-01-01,30,1.81497718498341,1.8461794541810597,1.7530457088059495,2.128617812320798,2017986.9808288938,1.5037854512532551,1.4732282002766928,1.422126261393229,1.698766581217448,1588178.075,2.194689162061222,2.1336058545078385,2.0974542582108024,2.4998206349057197,40.32615449528889,1.4999583161952204,1.6398496792747024,1.5111663516117817,1.9201194117667932,41.73634768924531
1830,USO,GRU,2022-01-01,2024-01-01,31,1.5066383911745544,1.536759053685061,1.6126182786463015,1.7509259657307574,1996109.0717472252,1.2508687337239583,1.2357004801432292,1.3233702341715494,1.4794845581054688,1541026.5416666667,1.8053700568141915,1.7754124042103587,1.949707913098558,2.1635117025957733,37.93354719620808,1.1810641183564963,1.3047009367645448,1.346621137436868,1.3827086060752227,38.53288358384495
1831,USO,GRU,2022-01-01,2024-01-01,32,1.7294060810683485,1.596129239348285,1.806404966834347,2.0036382808103506,1989235.9365055186,1.4154457092285155,1.2917882283528646,1.4424116770426432,1.6074630737304687,1550096.5333333334,2.0636644905779535,1.867889579484343,2.137370680911375,2.36482252547474,39.88366678846672,1.4623879562875715,1.3775197577004725,1.6357383869634017,1.8020864691351648,43.05985110037302
1832,USO,GRU,2022-01-01,2024-01-01,33,1.6020139078058444,1.6937132128031593,1.842061052326382,1.6997848876394202,1995690.072663167,1.324560546875,1.396186065673828,1.548687744140625,1.3857284545898438,1443654.5833333333,1.9096891285657724,1.9956268928163619,2.268031816651138,2.027035334059426,32.85481346904107,1.2808307624091633,1.3562568630822613,1.4284527188360387,1.4580489165324704,33.8992508673431
1833,USO,GRU,2022-01-01,2024-01-01,34,1.533092040120979,1.5727252186065397,1.6715696466920653,1.6837521227742873,2001340.3261607322,1.2942225138346355,1.2935791015625,1.4134011586507162,1.4116622924804687,1564417.9833333334,1.8760035307284453,1.8531532641142878,2.07621688674101,2.062971237527834,40.17300614425417,1.1833211280137288,1.2580091790666172,1.300911909624587,1.3488287403141241,42.73181017192387
1834,USO,GRU,2022-01-01,2024-01-01,35,1.6395288685635256,1.5416497403470548,1.8483876969157713,1.9318968631852587,1992951.1206167042,1.4153269449869792,1.2853528340657552,1.4667430877685548,1.5594746907552084,1538271.575,2.0535158537302567,1.8571662499223323,2.1746316457340074,2.29420726245557,39.428228512165404,1.2045338346152528,1.2494802778878962,1.6972815826860437,1.7124477072676776,42.91259929585544
1835,USO,GRU,2022-01-01,2024-01-01,36,1.5168190051634731,1.4975157720849592,1.6907181231163722,1.7582016318274216,1950977.356277972,1.3183993021647136,1.237804921468099,1.3859172821044923,1.475536855061849,1510836.9583333333,1.9121570031320299,1.7858528764867492,2.0368173670693537,2.1621368387131263,38.81531150805129,1.0786788589051686,1.221556878508927,1.4066228662822164,1.426799634545006,42.85362219339729
1836,USO,GRU,2022-01-01,2024-01-01,37,1.6406795877597935,1.8734396904931316,1.7117965866541087,2.147018741365444,2003441.436372339,1.3383076985677083,1.517644500732422,1.294125239054362,1.6729990641276042,1556565.1583333334,1.9495531479235755,2.202166109896471,1.9151005028109638,2.4652521100888105,40.33760594901085,1.3928763208441615,1.6335017705740726,1.6665635749782397,2.0270908800301415,43.566210745118056
1837,USO,GRU,2022-01-01,2024-01-01,38,1.7579129097189723,1.9582134421736908,1.833400793365695,2.14377116104335,1968960.6555010315,1.4476524353027345,1.6064725240071616,1.4272869110107422,1.6686358133951822,1439106.1416666666,2.109725158456079,2.329473747099343,2.1160170534255385,2.4575470622554594,32.73356708819893,1.4656081452219094,1.6606544274379857,1.72906720871254,2.023273445475001,32.720914689022486
1838,USO,GRU,2022-01-01,2024-01-01,39,1.5421972997036841,1.585376985731283,1.6887271860165853,1.817223158432751,1918562.4986305165,1.2875076293945313,1.3117706298828125,1.3514569600423176,1.5548370361328125,1472816.8333333333,1.8661112859707558,1.8874575872382369,1.9865098154884433,2.275018966603524,36.99961852734392,1.2172538340078396,1.2780237427754295,1.4727488608300727,1.3925051734442166,40.623315962061255
1839,USO,GRU,2022-01-01,2024-01-01,40,1.5727770185654928,1.5558371195944363,1.6722578869425764,1.9919831105800387,2007256.7884741614,1.3501581827799478,1.2867947896321614,1.3683563232421876,1.6184605916341146,1557463.9333333333,1.9568632734534155,1.8530367830920405,2.0102748411051605,2.37881165776146,39.85812598071904,1.1602036995360288,1.2568651666704729,1.3979068238758827,1.7364811552584323,42.675006809268865
1840,USO,GRU,2022-01-01,2024-01-01,41,1.5229631332655857,1.4928168963544166,1.5177872938288786,1.6544672906358489,1876863.7264463145,1.2772862752278646,1.2255897521972656,1.2262027740478516,1.3974077860514322,1390139.6666666667,1.8448870126879138,1.7628788616111182,1.8095256206076629,2.042182986917388,33.51589422189503,1.1678458124412312,1.2232746155213174,1.3290863323176643,1.3020833121434885,36.68217966840353
1841,USO,GRU,2022-01-01,2024-01-01,42,1.7230053483684373,1.8119867410370314,1.7829400775368338,2.142936884395751,2016494.24333739,1.470898691813151,1.4744717915852865,1.5319533030192056,1.6724001566569011,1572047.15,2.145191760651962,2.1456451424088563,2.2475996460816496,2.4712546571654985,41.2690496032711,1.33007065984469,1.5801582049528542,1.3292135223105377,2.0333058179251653,45.24245548093531
1842,USO,GRU,2022-01-01,2024-01-01,43,1.5568989427471978,1.7747470432990295,1.6292215613813084,2.0554614994283207,1975308.767873835,1.3357818603515625,1.4513353983561197,1.2535391489664713,1.6296429951985678,1527044.8583333334,1.9436605396033197,2.1053704830205957,1.8581472250608122,2.3974613061765564,40.08738663817837,1.176208464155203,1.5193296888087389,1.5615092499540584,1.8834670228889274,45.28820367997921
1843,USO,GRU,2022-01-01,2024-01-01,44,1.661666435200284,1.7562094792283705,1.781796307535733,2.0231483609161063,2039128.93077831,1.4252878824869792,1.4392280578613281,1.391042455037435,1.5865038553873698,1576136.175,2.0783412802338077,2.088218903687407,2.064858000349813,2.340600612747416,42.61224492175447,1.263464108599383,1.4989145879381038,1.68542379035985,1.9032615217562308,49.15331084593375
1844,USO,GRU,2022-01-01,2024-01-01,45,2.284022272788715,2.4383297545296587,2.2369372797955647,3.0751927318607093,1992722.9029576231,1.8719879150390626,1.9821683247884114,1.7692948659261067,2.559458923339844,1539613.625,2.743803377304922,2.8839365035827433,2.624073992949176,3.7732090977473236,38.62403856395974,1.946142036822891,2.1117332942458535,2.0625953864734243,2.567702534353488,40.79563506093881
1845,USO,GRU,2022-01-01,2024-01-01,46,1.517015717274126,1.5658667887097084,1.8365437230402575,1.7934905473869607,1940383.180734258,1.3082422892252603,1.2913775126139322,1.4930648803710938,1.5385597229003907,1461723.4333333333,1.8961768967599113,1.8586522226652282,2.1805015019568263,2.2375986582700693,36.364999605348615,1.099819128805029,1.2720424046662295,1.5282018365677281,1.3227439637230278,39.760349928681244
1846,USO,GRU,2022-01-01,2024-01-01,47,1.6799667747376519,1.9304346201641323,1.632141816529126,2.1730982117846804,1983819.7355118562,1.3743281046549478,1.5797292073567708,1.3092581431070964,1.6915944417317708,1509480.8583333334,2.0053767467861796,2.293885228134972,1.9341529017498773,2.49550390081542,39.42834452227464,1.4243363175894268,1.6512181395747665,1.4498040722445855,2.057822778881159,45.179226368477195
1847,USO,GRU,2022-01-01,2024-01-01,48,1.8165693417624222,2.0587084132198963,1.9765680628033835,2.1538250499070695,1942779.50438664,1.4809295654296875,1.6805585225423176,1.549656295776367,1.6874122619628906,1466338.9916666667,2.163389108996343,2.4411284786858922,2.299848432019023,2.4913350208013876,38.01425928773746,1.5526233398007045,1.7722202644261928,1.8553709582112692,2.0293833200626663,44.01963600628547
1848,USO,GRU,2022-01-01,2024-01-01,49,1.6640297940643296,1.7112661101350128,1.6069752621994744,1.8442438077043213,2016794.6693894921,1.3778152465820312,1.4066329956054688,1.319663111368815,1.4688728332519532,1571350.35,2.0091245686912655,2.034462138714147,1.9431820338108228,2.156468558711346,41.46979906198693,1.3704167878182592,1.434113998163418,1.346819544700251,1.665924300900676,45.89452589090115
1849,USO,GRU,2022-01-01,2024-01-01,50,1.5407903509488998,1.8969584921093674,1.6707461721728816,2.209748693443182,2018344.3462391081,1.2825236002604166,1.556145731608073,1.3308185577392577,1.7131085713704428,1571125.325,1.8511513154797266,2.2582949768514866,1.9658267767540265,2.5271092750184083,40.91159238800521,1.2108351699317714,1.61226701356726,1.4961767098005698,2.1024301299793278,44.8095358640717
1850,USO,GRU,2022-09-01,2024-09-01,1,1.54177969519824,1.8848046189357819,1.7656719807894865,1.820231901228547,1121397.5898943439,1.2844327290852864,1.5009305318196615,1.396288808186849,1.5063644409179688,879036.025,1.69342540142197,1.9533691053321378,1.8550433710148468,1.982613858775377,29.031074955762744,1.1127563428107867,1.4668423516696674,1.421438808968273,1.3280644514567927,22.843715747197216
1851,USO,GRU,2022-09-01,2024-09-01,2,1.680985978238599,1.7475212968272076,2.15321500714073,1.986058038234532,1093111.109478436,1.4803571065266927,1.499658457438151,1.8885538736979166,1.7340805053710937,871308.6083333333,1.9518508942937096,1.9647054942005138,2.5232641586363442,2.294338094656654,31.22693027350657,1.0378372072079365,1.1761414576658256,1.3834554195640967,1.28166239607612,27.869876893931274
1852,USO,GRU,2022-09-01,2024-09-01,3,1.4427670292137273,1.458092584066405,1.5275325595599685,1.6291905209135449,1092226.856829447,1.1964075724283854,1.1613886515299479,1.2465103149414063,1.3618181864420573,878215.95,1.5824691834487945,1.5176785223292537,1.6597683917654222,1.798758280452968,31.324493235876265,1.062078882796018,1.149770986373031,1.16673659383543,1.1714560905691955,27.132672341819923
1853,USO,GRU,2022-09-01,2024-09-01,4,2.4954362471506335,2.309598165023476,2.3095744117929953,2.2255505052264035,1095581.9141159947,2.1245386759440104,1.8895037333170572,1.8780746459960938,1.701562754313151,878860.6333333333,2.7839095945964747,2.454374823457337,2.4893949289769077,2.2278950379675853,31.662111683868744,1.6878532832528972,1.6996819989568968,1.7562406644768331,1.8535715753082778,28.223579726543353
1854,USO,GRU,2022-09-01,2024-09-01,5,2.009320154731016,1.554841518294748,1.5905243006373844,1.6346683852725505,1109458.011169214,1.6906018575032553,1.2402750651041667,1.2544649759928386,1.372698720296224,889885.6083333333,2.242841745784382,1.6291423646574519,1.667211006231084,1.8166097572852127,33.31106497490035,1.4623550937176992,1.2380381462567447,1.286913888495667,1.1704907871995138,31.506588319035483
1855,USO,GRU,2022-09-01,2024-09-01,6,1.5188105647889596,1.6073974692704476,1.6611482013931331,1.8788377643455823,1116228.3688373,1.2737477620442708,1.3188924153645833,1.3730974833170573,1.599706268310547,890426.9166666666,1.683125707349161,1.7270142312351793,1.8352104239101645,2.1156750019632384,32.44554626052683,1.0897201166658537,1.200934270745371,1.2468277599520057,1.306417266896449,29.654780397904812
1856,USO,GRU,2022-09-01,2024-09-01,7,1.8873703834547881,2.61354374749788,2.1509041621097102,2.204912158993606,1090130.2031289868,1.6014605204264323,2.2188156127929686,1.8659355163574218,1.953453572591146,876237.6333333333,2.1178029246926706,2.911652917828738,2.4962728651676924,2.5867136886913245,32.50839372720783,1.3189914250425638,1.821379396336142,1.4408776560173693,1.367117005461103,30.04679195970285
1857,USO,GRU,2022-09-01,2024-09-01,8,1.8339476704849516,1.7889564899052088,2.0163173400605614,2.2515272680782243,1183291.9433362032,1.5746373494466146,1.5005172729492187,1.712378692626953,1.9967803955078125,1007682.1583333333,2.0858118198442757,1.965887789935589,2.2819735300165265,2.6433641597886437,39.79482105841195,1.2497062133233687,1.2794854840731613,1.417341414762349,1.3854231300338449,36.06384044021017
1858,USO,GRU,2022-09-01,2024-09-01,9,1.785348813001999,1.879556398728521,2.115302359663807,2.1653111571887185,1096172.1731721368,1.5583702087402345,1.60889892578125,1.8438524881998697,1.908686065673828,882219.1,2.062637336625641,2.1091489640812515,2.4667401211834075,2.526800161845155,31.711969506777578,1.1581859886036805,1.280110284240201,1.3955975596871482,1.3636421117635638,27.842681258481083
1859,USO,GRU,2022-09-01,2024-09-01,10,1.6145659352161985,1.6006641849177856,1.7313246421111916,1.885533428835693,1102906.6560569706,1.2560989379882812,1.3559717814127603,1.4568519592285156,1.631097920735677,892960.5583333333,1.6722276838401,1.7776273421775273,1.9519747507659047,2.1564723494491465,33.34326883278734,1.3676203993080172,1.1169243466245558,1.259421161121002,1.2573074790695287,30.461166637845157
1860,USO,GRU,2022-09-01,2024-09-01,11,1.661038556987091,1.8329152376100062,1.544733868946034,1.684763966599906,1136688.9312472616,1.3429946899414062,1.5447680155436199,1.2826807657877604,1.4925280253092448,936095.2,1.783674028015274,2.029060149513364,1.7079866962289563,1.9735592686151173,36.56202581891049,1.3172206050529653,1.3093687538820646,1.12850215890358,1.0283835880183974,34.66241563007355
1861,USO,GRU,2022-09-01,2024-09-01,12,1.5103876460788512,1.5927869215314012,1.7693699649479993,1.7480675347068995,1086494.2523162751,1.2914449055989583,1.2930262247721354,1.5149169921875,1.4741490681966145,868240.775,1.7049589827807232,1.6892665058099592,2.0215418586902527,1.9454755567867812,31.00079402348746,1.0262812538023574,1.2098975758384625,1.2180719095986294,1.2367516482925822,27.223232620992015
1862,USO,GRU,2022-09-01,2024-09-01,13,1.9474615280433947,2.2682240576458206,1.9437995174730298,2.285224281474142,1093791.2437288947,1.658000691731771,1.9352101643880208,1.670722198486328,2.0224609375,870805.225,2.197196202113122,2.542109635317402,2.2342324781547416,2.678596960285377,30.927492897843283,1.3641266081336874,1.5754223559416494,1.3342522334670477,1.4242412990626765,27.179527418877907
1863,USO,GRU,2022-09-01,2024-09-01,14,1.5575265976100803,1.6855095684250252,1.8214849135866213,1.8359925609618155,1098777.302449479,1.2316759745279948,1.3121477762858074,1.410021464029948,1.4343950907389322,866892.5333333333,1.6179461599676457,1.7059526254080364,1.8725103054107886,1.8829336784390316,30.787695732412917,1.2324229442691603,1.3606409475137118,1.5169145562066255,1.4831037200219306,27.658859783052925
1864,USO,GRU,2022-09-01,2024-09-01,15,1.5461161888639487,1.5718003790185744,1.513901488831623,1.660354320633057,1108184.3376219936,1.2353630065917969,1.2737017313639323,1.2256128946940104,1.366253407796224,874491.9916666667,1.6231539689384895,1.658148388356373,1.6333844895002219,1.7960756413119272,30.670447034852526,1.1998728911050072,1.185472300351804,1.1766558285184352,1.224413900710258,27.196078179084203
1865,USO,GRU,2022-09-01,2024-09-01,16,1.7433383407890604,2.008183804057781,1.616076865353241,1.9415334436754161,1105862.5202029664,1.497484842936198,1.7095687866210938,1.302269999186198,1.6670654296875,893837.225,1.9821869464148205,2.2404874843550138,1.731945510816871,2.204158679364996,33.33244255562043,1.1843788105417326,1.3918858869149582,1.2611903264123694,1.3220210465697027,30.795625493481687
1866,USO,GRU,2022-09-01,2024-09-01,17,1.6536266253754732,1.8437301830254944,1.8580561548813588,1.938516699239208,1102397.6797160388,1.4386062622070312,1.572608439127604,1.6048901875813801,1.6953147888183593,874220.6416666667,1.8991125582322035,2.0620098424486604,2.1459687591367316,2.243315186664228,31.87068511672935,1.0693840610252299,1.266986873817361,1.2520149477248428,1.2488843236749958,29.632461299830997
1867,USO,GRU,2022-09-01,2024-09-01,18,1.9439690738898459,1.654900017002511,2.082211320365529,1.8944650434422843,1126352.6136670727,1.631207275390625,1.3332794189453125,1.8055915832519531,1.5721402486165366,918871.7666666667,2.163184851424306,1.7446564041447077,2.4166230839252947,2.0712064686388647,35.019042690311586,1.4109795374900984,1.2776109706737593,1.3952937249797153,1.376775725305907,32.92887733916478
1868,USO,GRU,2022-09-01,2024-09-01,19,1.4903238315749148,1.6640005411480785,1.7105205126269583,1.8901597650551527,1102036.8919717139,1.209526570638021,1.4162813822428386,1.4238253275553385,1.6060760498046875,880335.75,1.5989387371463852,1.8520411241577952,1.9019187940315385,2.123744629892398,31.8291396284737,1.147493192117802,1.1355653095240148,1.2619895199176205,1.3211669385632163,28.83281107157172
1869,USO,GRU,2022-09-01,2024-09-01,20,2.029812121423436,2.1937968491851607,1.9529036618339248,2.3226258350463436,1114282.344668565,1.697516377766927,1.8805816650390625,1.6952323913574219,2.031555938720703,886813.25,2.2471520014515796,2.4681408873496307,2.2615031453108583,2.689007774866169,32.96626345814329,1.479714152661001,1.4986495974343939,1.2893996257016653,1.4970518913160642,31.134972864476367
1870,USO,GRU,2022-09-01,2024-09-01,21,1.5399017610683703,1.6253439442462707,1.673615061999249,1.8104806844770385,1092251.1207278327,1.2439343770345053,1.3652941385904949,1.3912305196126302,1.4611231486002605,873413.5583333333,1.6388700795614306,1.7837260475986323,1.851141554646409,1.9211977039010488,31.881731805048645,1.1785130629972287,1.1495741223337215,1.2299392440157306,1.3867521761550596,29.046706241917313
1871,USO,GRU,2022-09-01,2024-09-01,22,1.6658587691951419,1.934399807682558,1.907485811373036,2.1744601394988923,1120063.6043314235,1.456622314453125,1.6541053771972656,1.6496910095214843,1.9061940511067708,903489.9666666667,1.9199894013529637,2.1674403349050455,2.2024697343959194,2.5232386903552886,34.078487457949066,1.055282115903541,1.3219238943402318,1.2781736520377622,1.3954709912100025,31.997716763183163
1872,USO,GRU,2022-09-01,2024-09-01,23,1.6887360708030716,1.721361530986062,1.7321316726669191,1.8017084737733806,1103703.2740440646,1.4329434712727864,1.4645245869954426,1.436773427327474,1.528497314453125,881817.9833333333,1.8974879450364326,1.9202407832064137,1.9189206970017156,2.018668858273459,32.044919313325856,1.186418936050573,1.1913776045455504,1.291693640703117,1.2613997396114744,29.30234621881212
1873,USO,GRU,2022-09-01,2024-09-01,24,1.7261823098765579,1.7860747008057547,2.08490882784872,2.1085862835375604,1102934.962509727,1.4904342651367188,1.486730194091797,1.797919718424479,1.8146830240885417,883847.5333333333,1.974435861944961,1.9494401321343706,2.40371097403691,2.4010959211853264,32.794990868887986,1.1595468523563315,1.3058276227529952,1.4154752647730713,1.4269081966292356,30.58212261814442
1874,USO,GRU,2022-09-01,2024-09-01,25,1.784500163154904,1.853964927208289,1.8866153532606802,2.27922259257955,1114120.6990976934,1.5582201639811197,1.6043848673502603,1.6444470723470053,1.9994059244791667,878212.9166666666,2.0561244242033663,2.0980616947390724,2.1990784434943826,2.6448719124182944,32.410267677467445,1.1397322726918317,1.2157007068675718,1.236936839967477,1.4521164281642451,30.987137378325414
1875,USO,GRU,2022-09-01,2024-09-01,26,1.640455133181942,1.814959319334556,1.9157971642076816,1.9020389891438965,1104551.8259359756,1.3292277018229166,1.5182047526041667,1.602246348063151,1.6131548563639322,904748.4083333333,1.7601782234230094,1.9904194935803834,2.144531852104133,2.1313300256889054,34.372890111725596,1.2732166535875464,1.3113696035800422,1.4128840720541882,1.3307301829065845,31.398381004823683
1876,USO,GRU,2022-09-01,2024-09-01,27,1.6111273430348845,1.7476618835451039,1.8432656211074885,1.9588624202571896,1092095.0376552742,1.3911834716796876,1.4752161661783854,1.5506983439127604,1.5925211588541666,873328.3,1.8410889031104831,1.9291307990686821,2.067182595810103,2.102205787585475,32.03241708232756,1.0738415905977186,1.2225214842923533,1.317930068477175,1.4924140880113204,29.55826543365903
1877,USO,GRU,2022-09-01,2024-09-01,28,1.4007644708400417,1.6657191228304702,1.5889156058737408,1.7940820505494712,1116105.2177719693,1.1228324890136718,1.401965077718099,1.2983970642089844,1.5180389404296875,881319.325,1.4792228340473308,1.8316711166996666,1.7294481258797794,2.0038008809633086,31.483491265361174,1.0927713420853877,1.1713794686090844,1.2120826060885113,1.257106963890612,28.305320773648447
1878,USO,GRU,2022-09-01,2024-09-01,29,1.6016353586128833,1.6500322656366349,1.8455627353796527,1.8431458758326822,1086426.2868070125,1.2892672220865886,1.3564346313476563,1.4536142985026042,1.5251190185546875,876204.3416666667,1.695457188406442,1.7717267650984347,1.9308450318515105,2.0084881780757784,32.224362804264736,1.2311936991968577,1.221754444758448,1.492688951835997,1.3475681208650965,29.064765859611548
1879,USO,GRU,2022-09-01,2024-09-01,30,1.454647321635611,1.6225891295667194,1.5037288069990997,1.5939318295555942,1117780.0614851203,1.1912386576334635,1.2912284851074218,1.2083605448404948,1.304035441080729,900107.0666666667,1.5665289314571937,1.6854431905387066,1.6101324164775288,1.7204032888951128,32.84817750891751,1.0809215893449033,1.274991248149457,1.186252271829488,1.2008376606470539,29.635779848762194
1880,USO,GRU,2022-09-01,2024-09-01,31,1.7069588988479847,1.922084614803282,2.0348545139124856,2.0934360990078598,1129560.9468389854,1.4508689880371093,1.63990478515625,1.7436780293782552,1.8367884318033854,899990.6916666667,1.9193442993940373,2.1491200627431772,2.3295407636672194,2.4323744433640493,32.898352297587806,1.1880535341711835,1.322401321310196,1.404287781590487,1.3421171240398537,30.58081121249178
1881,USO,GRU,2022-09-01,2024-09-01,32,1.9738392181722406,2.0611033690118226,2.0848591875807,2.2465137530439203,1082713.345909035,1.6753710428873698,1.7748980204264322,1.8232457478841146,1.9917271931966145,864572.85,2.220125701848843,2.3262314422732318,2.441766590748419,2.6380438760476146,30.425723414233463,1.393218300256283,1.3819617218078681,1.3641453766360414,1.3904765205456666,26.166552643338214
1882,USO,GRU,2022-09-01,2024-09-01,33,1.661853736775253,2.1086160794205164,1.9479589130462873,2.3845406816333945,1109411.957463296,1.443486785888672,1.8291437784830729,1.649510955810547,2.1030865987141927,874091.35,1.904065638939485,2.3962969008117887,2.198181861749922,2.785057217672449,31.2323740886775,1.0775943656696745,1.375751831333134,1.3765791021439833,1.495583650511926,28.690185776441634
1883,USO,GRU,2022-09-01,2024-09-01,34,1.7202131786822479,1.6864445261547245,1.795642489418888,2.1397840403247455,1108879.2148961115,1.329906209309896,1.3836931864420572,1.4172246297200521,1.5916592915852865,889974.8666666667,1.7438250689518537,1.8065236654722316,1.8837592755887353,2.0870832566552733,33.06905433510074,1.409191313165333,1.252028879643446,1.448419692684788,1.853152814638018,30.739167358449837
1884,USO,GRU,2022-09-01,2024-09-01,35,1.6034236368599943,1.6399202077517778,1.7296336787485207,1.9280428191526047,1107751.0988284168,1.3040087381998697,1.3265421549479166,1.4205106099446614,1.561701202392578,879398.4583333334,1.7245811172976035,1.73308183181171,1.8915275924366222,2.057146409648393,31.242168328325633,1.2316856298090944,1.2489864405083186,1.2982646831378388,1.4717802245952751,27.551615583367777
1885,USO,GRU,2022-09-01,2024-09-01,36,1.701822694460734,1.673171577244132,1.9295381952227135,1.919989056350562,1114337.7271668678,1.4493998209635417,1.3784868876139322,1.6727330525716146,1.6684547424316407,886778.7333333333,1.919578516929259,1.8067440709169589,2.2347227596513677,2.207789270272427,32.21871547836292,1.18741231487558,1.246459621622725,1.2841926354649615,1.258529620640687,29.47052980621143
1886,USO,GRU,2022-09-01,2024-09-01,37,2.3092582449468435,2.4328869269564755,2.2464146547842603,2.5046932169592986,1236429.8603349822,1.9497581481933595,2.0865852355957033,1.9145245869954428,2.2075340270996096,1031986.0,2.576202540100771,2.7331900382956147,2.5545727911677525,2.9243381530951575,41.34275829434512,1.633501205559097,1.6447236285073004,1.5659003473908775,1.5808040791684228,39.09249054697852
1887,USO,GRU,2022-09-01,2024-09-01,38,2.333295417133145,2.650524498868168,2.9387967719181223,2.6181282359141798,1088697.7176778244,1.9554341634114583,2.257462819417318,2.553265126546224,2.3312718709309896,864683.5666666667,2.591781948313286,2.963100000330433,3.416658557011499,3.09089351774069,30.547569248247765,1.697896071418241,1.8374867274667444,1.9597883767525346,1.5992343795829669,26.750532600862414
1888,USO,GRU,2022-09-01,2024-09-01,39,1.4595724971803459,1.5969807123377744,1.6957169649601067,1.6579105155789804,1095214.5071459736,1.197052256266276,1.2905588785807292,1.4100224812825521,1.3716562906901042,880484.1916666667,1.5775540052757382,1.6878526786820007,1.8849402780741173,1.8093484071981933,31.70920521526927,1.0884338717422928,1.2271788070496301,1.2565028501760285,1.2169963777167563,28.052048818353793
1889,USO,GRU,2022-09-01,2024-09-01,40,1.531197906646878,1.6608601479433995,1.6076357611293401,1.7995328190410178,1128405.8184297753,1.2861976623535156,1.348167928059896,1.2746327718098958,1.4941090901692708,939096.3833333333,1.6964289486598207,1.7587866523227838,1.6966122013891292,1.972073563563205,35.8000414542083,1.0842610799806132,1.255447413115674,1.2968276535113592,1.3147636149801902,32.154095419595855
1890,USO,GRU,2022-09-01,2024-09-01,41,1.7045003358771316,1.9623822178277848,1.8416839644920322,2.068153012089435,1116643.3835847,1.5093653361002604,1.7418500264485677,1.5595593770345053,1.8121414184570312,893465.5166666667,1.9915525647366852,2.280088750190164,2.0818203084038345,2.396917867118197,33.37666942992819,1.0350683101860425,1.1839265537465382,1.306901747822716,1.3253762667472724,31.39360179185939
1891,USO,GRU,2022-09-01,2024-09-01,42,3.3291918975809387,3.310950777772312,2.600225958193175,4.588998581259666,1116050.3065775465,2.9384333292643228,2.8345268249511717,2.2998985290527343,4.060895284016927,917564.1083333333,3.8867077803233387,3.718702109419294,3.0768454413642057,5.381890523026031,34.833124240321766,2.0856355988909434,2.2531210934935295,1.6395280640937717,2.8460966504476755,32.18215354142872
1892,USO,GRU,2022-09-01,2024-09-01,43,1.578242862711027,1.8706507548359277,1.8649466236660084,2.1248248887795835,1123303.0960066426,1.368445587158203,1.5868860880533855,1.6351219177246095,1.8449478149414062,918504.7666666667,1.8073314957379787,2.082420258007698,2.1782609236436845,2.437581420448924,35.384795793485694,1.0319304086239514,1.3103585089473264,1.1870308617037801,1.3999976382496706,33.24309111853476
1893,USO,GRU,2022-09-01,2024-09-01,44,1.626770471594091,1.6373248279298145,1.7664443529721223,1.8975008452649125,1114406.601427221,1.3658983866373697,1.3485013326009114,1.492119598388672,1.624920399983724,890392.2583333333,1.8093640903979678,1.765535541505088,1.9930215249378376,2.1472591019547678,32.54166750134479,1.1748527390735395,1.2193148992814073,1.2635619252665358,1.2969619999455737,29.824989627664838
1894,USO,GRU,2022-09-01,2024-09-01,45,1.6814862755523254,1.7810300640551373,1.812516078682508,1.999166276567794,1092359.294656309,1.459021759033203,1.51650390625,1.551232147216797,1.7269315083821615,891031.55,1.928293181867296,1.9854214675971391,2.07225361521088,2.2839229227980935,33.44909084329578,1.0983682893830478,1.221675070725789,1.2472220188538836,1.334889547256991,30.48628595937643
1895,USO,GRU,2022-09-01,2024-09-01,46,1.5811120774392073,1.8159226891058475,1.7997322291157665,2.0346241002698227,1122945.2387017384,1.370702616373698,1.5331395467122395,1.493664805094401,1.7646639506022135,908210.65,1.8082906651343693,2.0093189372960083,1.9917349773732638,2.3335791726449675,34.46243197676923,1.0311054805619637,1.2816643635659999,1.3331686646896739,1.3469373144586472,32.45092805248719
1896,USO,GRU,2022-09-01,2024-09-01,47,1.5258395280569745,1.621801683259541,1.8628599561183925,1.981078694597658,1103684.8347650482,1.2468096415201824,1.2903238932291667,1.5833564758300782,1.735681915283203,887262.8083333333,1.6501101729210481,1.6882339778058069,2.1153666337480885,2.2978142498920486,32.4323926411079,1.162849697143235,1.288893720227166,1.3135128215733254,1.2716379918858198,29.192210588732724
1897,USO,GRU,2022-09-01,2024-09-01,48,1.5998500448093276,1.6634821038896423,1.700241403480601,1.7477187972008414,1108220.1495854019,1.3314348856608074,1.3550933837890624,1.4391189575195313,1.450414784749349,875754.875,1.7590711331586177,1.7708560329437895,1.9215021210083851,1.91043514243323,29.57720291939522,1.1678981359223932,1.2592871755025163,1.2074840605053176,1.2775609312769391,24.369439642897326
1898,USO,GRU,2022-09-01,2024-09-01,49,1.573990698733465,1.6727349005872731,1.7344118606336796,1.8562311348319123,1098019.1012944258,1.2600837707519532,1.3313189188639323,1.378412628173828,1.5449640909830729,887787.8416666667,1.6581029214511152,1.7363289918687594,1.833288859195278,2.036505340077538,32.21096848154909,1.225395698977456,1.3106719269650517,1.388172476802278,1.3442021051245452,28.524264584390018
1899,USO,GRU,2022-09-01,2024-09-01,50,1.447366032964855,1.5987417997792794,1.6935648110345312,1.7415156683718866,1103065.6492723795,1.1735389709472657,1.2916338602701822,1.441399383544922,1.5098091125488282,876483.9291666667,1.5481064963145834,1.6884121874217384,1.9283873300221503,1.9970601738891467,30.37445910588425,1.108025401065718,1.2270376075715212,1.1910419305935112,1.1448546240089106,25.628491914936497
1900,USO,GRU,2023-05-01,2025-05-01,1,2.0244517752644526,2.0541334638648565,2.3063819591401225,2.443378620954005,2979362.3098260155,1.5053802490234376,1.6241360982259114,1.7721752166748046,2.1108397165934245,2096320.9916666667,2.19375687931144,2.3082331178647917,2.633934508671608,3.04806318722073,50.174869284867455,2.0157428988825323,1.8188394303658622,2.252384360760711,1.8413305496919583,47.036879589183805
1901,USO,GRU,2023-05-01,2025-05-01,2,1.9517816103485177,2.0359142103873795,2.2217279392498486,2.223530726948253,2915135.7226082026,1.1677436828613281,1.3185134887695313,1.4602849324544271,1.5989831288655598,2004232.7583333333,1.7147083688721882,1.89259926418859,2.1899331173896655,2.3399870397924665,46.5440603558784,2.3011307524226683,2.2348695447426357,2.5238412196265876,2.280323521270542,46.49104838897659
1902,USO,GRU,2023-05-01,2025-05-01,3,2.1778040153806923,1.856496888176519,2.318608098022361,2.3367920619061167,3102709.7979487,1.4176932017008463,1.185845184326172,1.5213522593180338,1.7572212219238281,2028828.5,2.077613087691401,1.6995909037990844,2.2891449470401444,2.5743391603708803,39.74563427323211,2.4835324999662953,2.057212470450064,2.662979328451854,2.2985750620376035,31.3298851244726
1903,USO,GRU,2023-05-01,2025-05-01,4,2.1604291314888533,1.9463908132282162,2.330560962764125,2.270263253444565,2952900.6468061665,1.287548573811849,1.3000269571940104,1.551394271850586,1.6471543629964194,2069417.125,1.894600363443239,1.8578757574737153,2.331375105913676,2.411467302343979,48.863358675986916,2.5792111907740214,2.0909255353672136,2.6341426240464205,2.325532033052812,45.814278364544705
1904,USO,GRU,2023-05-01,2025-05-01,5,1.8390621298030374,1.8925663908907193,2.1936844233661588,2.2739968947741773,2979308.0072107944,1.3091375986735025,1.3936134338378907,1.6826861063639322,1.904193115234375,2051304.0916666666,1.8976367098346782,1.9742059565364771,2.493845931154467,2.7573959209114585,47.6056039392493,1.9058871947562714,1.8371555930293504,2.1537771930703364,1.8559435499270343,52.15038313200514
1905,USO,GRU,2023-05-01,2025-05-01,6,2.124730751883423,2.022845517366831,2.573065741799543,2.6289084092255277,2935148.259876215,1.288436762491862,1.3504252115885416,1.7138256072998046,1.7783086140950521,1992547.525,1.8989807134659302,1.9384604035236717,2.5722760724398777,2.6162398422859354,45.51845103013362,2.5169107097576027,2.1715432142841897,2.9078721024553906,2.8905851750352998,47.066935731719504
1906,USO,GRU,2023-05-01,2025-05-01,7,2.0759545595577142,2.059741740285439,2.405527952069445,2.3511248688457194,2845957.9325336856,1.2631843566894532,1.33248291015625,1.5862489064534506,1.7298174540201823,2139116.275,1.8623323035742199,1.9191020066327886,2.3839455256044864,2.538887892456929,56.94243548439213,2.4426292015641193,2.270952024399993,2.741497955821839,2.366031509074568,50.73958231170593
1907,USO,GRU,2023-05-01,2025-05-01,8,2.486176835982484,2.0978203205580117,2.601385421147604,2.479143340584878,3058089.39568207,1.4869940439860025,1.3261505126953126,1.765121332804362,1.7078323364257812,2042113.8333333333,2.1931591985025705,1.9034457997413534,2.6208191576555318,2.510051794726598,45.93989736081687,2.9903903427567844,2.347160848127691,2.8890199373285226,2.666422370907002,43.923150163717885
1908,USO,GRU,2023-05-01,2025-05-01,9,2.143242442927331,1.8427512511673132,2.230482011550396,2.2215466272016107,3101395.002383003,1.4066410064697266,1.291217295328776,1.711871592203776,1.6781481424967448,2057694.2833333334,2.057143189007368,1.8326620199985333,2.52839104420609,2.446682860997236,42.78820596977694,2.4335860530274873,1.8869720586098961,2.20104548059557,2.183731040323195,39.4014360296964
1909,USO,GRU,2023-05-01,2025-05-01,10,2.257865054803462,1.996858420834325,2.433895332318591,2.4295533865394243,3017717.9633945497,1.3436117808024088,1.2654154459635416,1.6120319366455078,1.7571128845214843,1982711.775,1.9830048826002509,1.8131350732194649,2.424385509773422,2.569609727006909,42.790380789389424,2.7161535939315242,2.226871927060756,2.767932548329242,2.473736145622062,42.3304260552797
1910,USO,GRU,2023-05-01,2025-05-01,11,1.9907036035520325,1.8234191060912277,2.311822452868555,2.250453353492112,3066083.857838555,1.1235390981038411,1.1823153177897134,1.6022992451985678,1.752125040690104,2086605.875,1.653354477083608,1.6879748122818217,2.4066834060694076,2.560287691140299,48.229439534115684,2.4461285333099068,1.9977577790490448,2.5389994710586237,2.1125391612589124,53.2553077409323
1911,USO,GRU,2023-05-01,2025-05-01,12,2.127605595227888,1.9235866550233434,2.454576153427128,2.1911567145685633,2992815.6687591653,1.2568604787190756,1.2568344116210937,1.7524239857991537,1.7261287689208984,1986657.15,1.850252829789559,1.8011334014138811,2.618356584794918,2.509941355661007,43.12617176227066,2.555140492930878,2.094790433314351,2.6435819258728652,1.999367588847677,42.890314537766365
1912,USO,GRU,2023-05-01,2025-05-01,13,2.30231185877622,1.8381537727921828,2.196574892684285,2.2314991815855056,3006803.2659848807,1.447973378499349,1.1628690083821616,1.4827073415120442,1.6148507436116537,2003353.0833333333,2.127676603120328,1.6631531617602138,2.220753506483305,2.365449034040009,45.34106406741906,2.653835680719403,2.0413352925558397,2.4427111248957125,2.2705274015721653,45.42598512470395
1913,USO,GRU,2023-05-01,2025-05-01,14,2.390007476113891,1.8715412761399877,2.313370728630446,2.553303242688638,3119724.1824014746,1.4028250376383464,1.3088399251302083,1.5525206247965495,1.9569822947184246,2064916.9916666667,2.0710606950373514,1.8611327484261146,2.3314288827032663,2.870778406573989,45.00409707345154,2.908745869876705,1.9268264210162491,2.591983637009549,2.447829295818672,42.06552631717416
1914,USO,GRU,2023-05-01,2025-05-01,15,1.881701070779725,1.9136960710847113,2.404146936980457,2.4311137894432826,2975147.3793284628,1.281827163696289,1.2739842732747395,1.6625008900960287,1.780796432495117,2055017.625,1.8731598538210947,1.8191116248126513,2.4923257195199,2.616659077489613,46.76160428208672,2.030909450595238,2.056415115787742,2.644002695714388,2.4530171924589657,49.278315114843366
1915,USO,GRU,2023-05-01,2025-05-01,16,2.214574484891374,1.861722889580707,2.3035714491774133,2.188674829223889,3030862.1263616397,1.6621255238850912,1.365794881184896,1.6848609924316407,1.8962235768636069,1994175.7333333334,2.4232824880455657,1.9314214218086503,2.5159350940824172,2.717328030474319,42.81346208512187,2.1998053182273987,1.8114335161426969,2.390414353937479,1.6013259534176347,42.61214120192603
1916,USO,GRU,2023-05-01,2025-05-01,17,1.871213793122399,2.018486950166914,2.1962417887859487,2.2585013672683334,3016086.0848299153,1.405739974975586,1.5171639760335287,1.9077308654785157,1.8447603861490884,2045704.35,2.0440540406420773,2.1688116148517067,2.7772336994375677,2.6773177368334915,47.44835427171844,1.8278829023162926,1.9319323573469243,1.6453359213647794,1.9332008462734913,50.63824476962685
1917,USO,GRU,2023-05-01,2025-05-01,18,2.408590043178654,1.9258027820177543,2.70556579345821,2.3532257774477383,3076398.9049996976,1.4922501881917318,1.2324323018391927,1.7224088033040366,1.6844693501790364,2182944.6333333333,2.196078692194791,1.7664535219254929,2.6023914470740963,2.4744351678627643,53.610821659684774,2.8293363292786147,2.1340401061349423,3.2057630893238995,2.4403885415480238,55.27690169299163
1918,USO,GRU,2023-05-01,2025-05-01,19,2.068247459756577,2.034856469455962,2.33856928641085,2.279151764598907,2847478.9624088034,1.240725580851237,1.4372754414876303,1.662081527709961,1.738100560506185,1970321.0916666666,1.8217921172332563,2.0580353846013946,2.485730157867731,2.5377467212339977,44.34726756219589,2.4574592032086775,2.089296035705596,2.5064031625030694,2.1939069232620687,41.701333199504916
1919,USO,GRU,2023-05-01,2025-05-01,20,1.937965351124154,1.8215197540716266,2.2100154286745215,2.2334383387423977,3019946.255981679,1.2090171813964843,1.1726158142089844,1.5745414733886718,1.6499445597330729,2074471.4666666666,1.7750449783985216,1.670703233837929,2.353367195418392,2.4144997431591206,48.572789276102675,2.2429592049037606,1.998166601013964,2.353758677713393,2.2225328457125397,50.00665868945096
1920,USO,GRU,2023-05-01,2025-05-01,21,2.5227993284480084,2.0644397411654887,2.457055567222121,2.4297932703090233,3092380.514717056,1.5344066619873047,1.3260754903157552,1.662014643351237,1.6159876505533854,2052318.1,2.274594024465406,1.9058794373495538,2.491744610047431,2.37287667754042,44.0642748682883,3.0312396955650907,2.2845528003519906,2.739000343090403,2.7252981640989935,38.22687330172007
1921,USO,GRU,2023-05-01,2025-05-01,22,2.2939888741734777,1.9936319736284145,2.3529687799173034,2.300900057215345,3086847.9416661453,1.641178512573242,1.5330284118652344,1.9543389638264974,2.0119406382242837,2156012.8666666667,2.418270081835232,2.180956103901266,2.8489584941515727,2.887113792343,51.85089090191928,2.3885337022021536,1.8375445995908817,2.00825283342711,1.6509934973376839,55.84301245295169
1922,USO,GRU,2023-05-01,2025-05-01,23,2.0970427730790324,1.9528486155856386,2.2470774679558407,2.294559652227051,3078527.797878224,1.260705820719401,1.2491739908854167,1.4913002014160157,1.649025599161784,2026919.725,1.8564204001307458,1.7932926796898556,2.2368913787521683,2.417149394298694,41.16560535574952,2.4878966378979976,2.1605169353160694,2.545689293809219,2.3526746194486345,35.46145835216151
1923,USO,GRU,2023-05-01,2025-05-01,24,2.251745501036426,2.088710342702262,2.4738663224137674,2.3972284696749706,2856462.5453076214,1.4199537913004556,1.3976272583007812,1.6850856781005858,1.8015289306640625,2012948.85,2.0962000658308293,2.009517075575642,2.5295608642055623,2.640122937025479,47.5583824254287,2.608922735175795,2.2427177726130227,2.7451943840559228,2.3493947049750203,42.78933024281248
1924,USO,GRU,2023-05-01,2025-05-01,25,2.117318420399564,1.952580454835739,2.474699783928933,2.3312428148971445,3028714.796766256,1.2907403310139973,1.2320091247558593,1.5732746124267578,1.662389628092448,2184914.65,1.8942132076181277,1.76410284789847,2.3714024287896756,2.4441108631359327,55.81310883741426,2.4855331690884235,2.178406302523876,2.9320528285721457,2.424237360327758,54.1396382529309
1925,USO,GRU,2023-05-01,2025-05-01,26,2.4122184304399723,2.22402716307215,2.465137333569347,2.441840134791668,2904401.115427502,1.5905448913574218,1.4726089477539062,1.5929304758707683,1.7661790211995443,2019806.3916666666,2.321174131732686,2.1222747882757265,2.3936212141111435,2.5931932047559823,48.53622179451559,2.6834188461987334,2.413486331085247,2.8671301526015274,2.4964687770200698,46.30827222274324
1926,USO,GRU,2023-05-01,2025-05-01,27,2.073115238201088,1.9772719905922864,2.337886750938668,2.218751735090225,3011590.8990328326,1.3271729787190756,1.3796797434488932,1.6845904032389323,1.6890093485514324,2102556.591666667,1.9451084323502712,1.9752850392563241,2.5185821929079073,2.453279589243571,49.93895597633375,2.376967846323239,2.0548805053154666,2.481185695820457,2.1496052411178543,50.75417983219687
1927,USO,GRU,2023-05-01,2025-05-01,28,1.9287410365852748,1.933701854539227,2.147214620146607,2.2829916646417017,3078101.1287508793,1.1476197560628256,1.2973175048828125,1.5207234700520833,1.7625787099202475,2121196.9833333334,1.6830698531636812,1.8581258453561247,2.2716811985202723,2.573133228627945,50.070797416761984,2.29927605607035,2.070841165624349,2.299723317335047,2.164825962735126,49.13595398794301
1928,USO,GRU,2023-05-01,2025-05-01,29,2.325550190781686,1.9635467050672417,2.6020381269073543,2.2421396616707927,3240155.809889482,1.3271315256754557,1.4624588012695312,1.7454580942789713,1.773876698811849,2123931.158333333,1.9618768908330655,2.0756184727069655,2.6168513036510115,2.573807306853194,43.034219753207005,2.8755172242488727,1.8869348053279944,2.9922160474710977,2.0596679829924596,39.22785074783495
1929,USO,GRU,2023-05-01,2025-05-01,30,2.0132290775158044,1.987444941183075,2.1169174243870517,2.2060002360561093,3009490.2228782345,1.2413917541503907,1.3066792805989584,1.4411965688069661,1.6247122446695963,2107377.558333333,1.8264827961164927,1.872026726242956,2.1536912348257187,2.3772216429627,50.44740331096643,2.3370635324493647,2.153256451727849,2.332158264536503,2.195580064487731,56.515978679178666
1930,USO,GRU,2023-05-01,2025-05-01,31,2.1336656007282824,2.062815854686158,2.480546344794714,2.215351753163586,3055778.556721327,1.2448584238688152,1.326177978515625,1.8054555257161458,1.6062232971191406,2151267.85,1.8306495086589512,1.8996096719819573,2.7027805531227727,2.3493669570880793,51.84401312467808,2.5715116532680304,2.2756741761228354,2.5955837548985983,2.2646968040846374,53.41872144381949
1931,USO,GRU,2023-05-01,2025-05-01,32,2.204866338929744,2.25810989178219,2.5604628840719106,2.4239764094521137,2945610.608222875,1.3803874969482421,1.5061370849609375,1.8532030741373697,1.7780615488688152,2008738.4416666667,2.034689296049313,2.150628427160488,2.7785333066207105,2.6110216075338655,44.80755787485099,2.550291986773185,2.4151381465342574,2.7051240563281302,2.44133642082131,45.45986545508779
1932,USO,GRU,2023-05-01,2025-05-01,33,2.004783667313599,1.9779412085182946,2.159717404774396,2.2402478914913986,3176679.642093993,1.1666810353597006,1.2481435139973958,1.447792689005534,1.6146499633789062,2137545.375,1.717666655980109,1.7949525369942594,2.1723777558580295,2.3637262081736665,49.240424923630314,2.430393698643292,2.2178488151348685,2.423602159947296,2.3205458239731183,54.796162393965645
1933,USO,GRU,2023-05-01,2025-05-01,34,2.4807172767311627,1.9294236550100687,2.498484883660316,2.610110407208992,2985843.7409754666,1.4793038686116537,1.2358500162760417,1.6434598286946616,1.9248063405354818,2112411.2083333335,2.1897229270218137,1.7719231842414092,2.472509917735987,2.822424793912658,51.561981074423,3.005762136752942,2.1335471449986003,2.862043766536979,2.6072396405556355,52.13998423094812
1934,USO,GRU,2023-05-01,2025-05-01,35,2.2541804661871185,1.8699906069642043,2.342900061796203,2.290442424046939,3015163.5501677943,1.3882213592529298,1.2783734639485678,1.7295492808024089,1.8466243743896484,2067631.9583333333,2.046120008726453,1.8263175305953325,2.5798090682786534,2.680952369940493,48.17796526475729,2.663836091807333,1.9684366523556567,2.4266523646523477,2.0220324522107163,44.77417029301513
1935,USO,GRU,2023-05-01,2025-05-01,36,2.0536700000476635,1.8000033576757142,2.2150300168872614,2.182536499178676,3013289.8680533683,1.2167550404866536,1.1846209208170573,1.5037244160970051,1.6334129333496095,2002211.3583333334,1.7892892322011806,1.6893338339750454,2.254817223377635,2.3881808192519656,43.83081949364486,2.4713371437818865,1.9508324909117716,2.475675173491741,2.146335603828129,43.47312032369429
1936,USO,GRU,2023-05-01,2025-05-01,37,1.902204047175754,1.8622227264239133,2.007222552754414,2.2668359704787457,3137047.7855207906,1.154806900024414,1.4602503458658853,1.593346659342448,2.0261243184407554,2151090.85,1.6893917617665153,2.0548400381370726,2.336437325836384,2.891650185280022,49.88438030489584,2.24495784344235,1.6460488467678682,1.8512561977162594,1.477509770351405,55.205710799743876
1937,USO,GRU,2023-05-01,2025-05-01,38,2.2088920736398556,1.794367484737963,2.4295551027351405,2.340197184534311,3105296.7467614664,1.3447694142659505,1.1860916137695312,1.81780153910319,1.7768960316975912,2089602.3583333334,1.9874854065074838,1.6875635906298025,2.7093997625465307,2.6041895756593405,47.72521946188721,2.6314348742564753,1.9373962124931228,2.4945448388824394,2.27855402935548,45.24363109335966
1938,USO,GRU,2023-05-01,2025-05-01,39,2.1627628512984556,2.116289472095491,2.500362415025974,2.386336949997725,2976965.3247463554,1.5498636881510417,1.5708948771158855,1.7676549275716147,1.9724761962890625,2042174.175,2.2784828937553883,2.2475919505032307,2.648745542898507,2.86368117663508,48.74676466023964,2.2413196190522653,2.05597961031112,2.696734990723549,2.0098548315496845,47.425683606024116
1939,USO,GRU,2023-05-01,2025-05-01,40,2.2437011848622173,2.0064912920103746,2.3018851456605,2.7050760439154,2892501.4999748096,1.9245313008626301,1.3575275421142579,1.5545440673828126,1.8746686299641928,1988219.175,2.759845456562441,1.9499048325325132,2.3331405560047003,2.749342143827648,45.85585876407899,1.7205636702397915,2.139304074743731,2.577455327433858,2.9031093643490173,44.61806534231039
1940,USO,GRU,2023-05-01,2025-05-01,41,2.142318148264404,2.0022064823245422,2.4672982490084343,2.3495219299247987,3108851.417522206,1.2534675598144531,1.3519073486328126,1.6721268971761067,1.7282395680745444,2061052.4166666667,1.8405770921317461,1.9367209405861112,2.506735945407895,2.537134273386745,46.08426717258423,2.5689067703315605,2.135677217196825,2.737708103733503,2.3544213417055735,50.409436923702344
1941,USO,GRU,2023-05-01,2025-05-01,42,2.383230443494458,2.1141105067011488,2.621799202116917,2.4385963679823397,3017420.3352938434,1.4665083567301431,1.391516876220703,1.8495016733805338,1.7971405029296874,2004451.375,2.160274964810047,2.0007779552866642,2.7713751086924305,2.6304707052912555,41.08466009879501,2.8180893257747965,2.298771975379995,2.8392663283234785,2.464869801674757,35.58151247483575
1942,USO,GRU,2023-05-01,2025-05-01,43,2.268524121446263,2.021888947419962,2.48876324010988,2.375845095431183,3019914.7637363444,1.4411741892496746,1.3811925252278645,1.784518559773763,1.885479736328125,2052359.4,2.1276542711593898,1.9750996351022252,2.6751906006633526,2.7497931734846714,45.7587757283617,2.6168567150704614,2.1327132213340683,2.6501165888955924,2.158152300644908,37.67671566020737
1943,USO,GRU,2023-05-01,2025-05-01,44,1.9635274833719947,1.7347058740540433,2.239306170639686,2.040215206680477,3069883.705818538,1.2972298940022786,1.23031005859375,1.6515633900960287,1.5692349751790364,2106807.225,1.890134475574061,1.7367544218653104,2.4448447635802872,2.2711506344999948,47.28336324562055,2.2143849233913007,1.744594417385005,2.336291577539109,1.942785575841862,49.89865708511674
1944,USO,GRU,2023-05-01,2025-05-01,45,2.377567598523538,1.9854620316085685,2.4772000040382687,2.429617877187745,3025813.98421446,1.5227275848388673,1.3481099446614584,1.740421676635742,1.7625420888264973,2049538.7583333333,2.2423992884595827,1.9312449629709558,2.608310606899874,2.5799126791872737,40.18971120265453,2.7176937725129244,2.1048463504939163,2.6906641234484345,2.4703027316603414,30.32655400600123
1945,USO,GRU,2023-05-01,2025-05-01,46,2.1753825556771544,1.901130031380422,2.478008934537602,2.3595280565012775,2993902.443770557,1.502431615193685,1.3888814290364584,1.9802422841389975,1.9280953725179037,2168305.191666667,2.204241230504684,1.9736451083362119,2.924999751161774,2.79945369303683,55.61355470904154,2.3495441207031815,1.8696480938777886,2.2834141692382928,2.0321046422412623,55.32271484569517
1946,USO,GRU,2023-05-01,2025-05-01,47,2.102376609245037,1.8753187357415124,2.170820295943283,2.2635999645446736,2972818.659397372,1.3513577779134114,1.2339314778645833,1.4864121754964192,1.6549580891927083,2048118.2583333333,1.988333955843887,1.769236793672981,2.225689626047829,2.427486800123101,48.752720730705335,2.3776279743506303,2.032900808945096,2.3870386517658373,2.2859823422734964,50.12574660308962
1947,USO,GRU,2023-05-01,2025-05-01,48,1.907260556133303,1.9372014505002908,2.1994188238841472,2.1760854647475742,3010583.5025118263,1.1335219065348308,1.229794438680013,1.4668673197428386,1.5575766245524088,1965321.8166666667,1.665069278531016,1.7684871109063385,2.2009066442471945,2.2805261980371836,40.5305506713386,2.26511174162645,2.1610578073769906,2.4754727597761135,2.241457876359493,35.30844354731923
1948,USO,GRU,2023-05-01,2025-05-01,49,2.4559230446344524,1.906328437906381,2.6736080062875747,2.482198123670156,2883910.487413507,1.5503924051920572,1.2882898966471354,1.7221683502197265,1.7933631896972657,2007399.8916666666,2.276484630878633,1.8468772688207995,2.5911670837001664,2.6383678151281504,47.56424092329999,2.843817330066577,2.0278783287670628,3.127958351570786,2.550309586488885,47.498937261105304
1949,USO,GRU,2023-05-01,2025-05-01,50,2.1049759299234183,1.9018210025591433,2.3439322364026647,2.258114867265953,2927943.476228653,1.3797873179117839,1.332147725423177,1.673259480794271,1.7694674173990885,2054188.5166666666,2.030395897752008,1.8896852879783703,2.5051221722405668,2.5683556495349245,49.5538025587091,2.368720392237601,1.9572041463210776,2.5152225330043274,2.113492836377687,51.60379592867168
1950,USO,GRU,2024-01-01,2026-01-01,1,1.0459076243330132,1.0772249513427539,0.9039933046055779,1.1807054697886497,1668993.1386612554,0.8372360229492187,0.8345242818196614,0.7249702453613281,0.9327440897623698,1293373.1583333334,1.2112473059851299,1.1995076570546848,1.0538552174274756,1.3499055970198537,32.804016722043414,0.9208977437525365,0.9969122948661644,0.801814029264326,1.074523651607184,34.5713423069395
1951,USO,GRU,2024-01-01,2026-01-01,2,0.6458609155953496,0.8800451588011645,0.8599448237335193,0.9526970116358665,1712917.309529103,0.5001004536946615,0.6792071024576823,0.7005264282226562,0.752496337890625,1336350.5833333333,0.7203970848306752,0.9737433781356404,1.0128377563735673,1.0807843007336284,35.08705403823186,0.5980680406422553,0.8203942828260624,0.7215543553302132,0.8549754317565029,37.567505131528854
1952,USO,GRU,2024-01-01,2026-01-01,3,0.9858594505831251,1.0901945795657686,0.9022998577288318,1.105109480145665,1745865.950750907,0.7881375630696614,0.8490534464518229,0.7062044779459635,0.8972157796223958,1369290.225,1.1388783149397643,1.2185208455340886,1.0248468350135558,1.2941170011735286,36.46243988714472,0.867677444752199,0.9958170170474264,0.8256024066122738,0.9538711429086667,39.70844870136823
1953,USO,GRU,2024-01-01,2026-01-01,4,0.760459513031155,0.9888123706114533,0.932701887756201,1.0691590859984685,1668050.3570090462,0.5956855773925781,0.7296785990397135,0.7708964029947917,0.8645439147949219,1296405.0416666667,0.8581415823009552,1.0461344446221432,1.1184007144037234,1.2456270846903237,32.693504072810015,0.6870901676926737,0.9710325697305635,0.7685105311647137,0.9252601768608775,34.245161714405405
1954,USO,GRU,2024-01-01,2026-01-01,5,1.5089248276535672,1.2471388534530123,1.1014707545367122,1.3417353806045655,1655629.3647344643,1.3547050476074218,0.9973963419596354,0.8798207600911458,1.0600303649902343,1275831.3333333333,1.9503019701647515,1.430633346707096,1.2763363245521013,1.5299710586895992,31.557597921024,0.9698282208242139,1.0892522274581347,0.9707040259352628,1.2031250910904079,33.137968124080665
1955,USO,GRU,2024-01-01,2026-01-01,6,1.0297028024694688,1.0817279497649541,0.989210326082421,1.0455537787693716,1680575.4427536149,0.8292383829752604,0.8236905415852864,0.7988909403483073,0.8717127482096354,1299593.0,1.1973548778299434,1.18329155491508,1.1604109262340427,1.2531435062514193,33.04190634712548,0.8924012038691824,1.0223224076106157,0.8615296084826748,0.843058836059467,34.95542482902325
1956,USO,GRU,2024-01-01,2026-01-01,7,1.2245861424267368,1.2525401584159115,1.200033075044386,1.1829857718886707,1739083.8473143703,1.0375653584798177,1.0045239766438803,0.9532257080078125,0.938220469156901,1325813.4583333333,1.4917744758856921,1.4409055776504955,1.385616591425476,1.3538633796700539,33.53058419688439,0.9428206361935643,1.0888076281664711,1.0726094796097696,1.0577415865475506,36.519944016986045
1957,USO,GRU,2024-01-01,2026-01-01,8,0.8409654332771096,0.9399827247327613,0.9595876974964431,1.0234625824144155,1649357.6291389577,0.642663319905599,0.7456899007161458,0.8204925537109375,0.8627326965332032,1287720.5833333333,0.9257415679104847,1.066775323715707,1.1891066291504273,1.239426352062533,32.637347696653244,0.7848783129207716,0.8305212308752861,0.7246719043235493,0.8016178113140598,34.25550487253895
1958,USO,GRU,2024-01-01,2026-01-01,9,1.4322998721569993,1.5435151723784055,1.2171302208783241,1.429417393208567,1701356.5112127434,1.2277534484863282,1.2961883544921875,1.0011021931966146,1.1609975179036458,1328959.6916666667,1.771678029937405,1.8605765881282113,1.4561450589759803,1.6797542681672142,34.68312537035781,1.0803040515180262,1.226197255215225,1.0223849942177974,1.2288572736541774,37.13554067551784
1959,USO,GRU,2024-01-01,2026-01-01,10,1.3619613347304032,1.1837214891593935,1.1879215553137714,1.2889753234786223,1767918.9583543385,1.125946299235026,0.9353584289550781,0.9908182779947917,1.0137903849283854,1372481.7916666667,1.6255868519897774,1.343434711352704,1.4402560763604688,1.4659034400786939,36.43207329097341,1.120124282076063,1.0580255678870154,0.9684966815483368,1.1705292042944047,40.06790649824505
1960,USO,GRU,2024-01-01,2026-01-01,11,0.765304506747008,0.8849227771254774,0.9534618539834353,1.0704114237083149,1690644.784151772,0.5806165059407552,0.6766133626302083,0.7796546936035156,0.8777867635091146,1304596.3,0.8369929291344034,0.9679992101560506,1.1312746600957697,1.2632380189564827,33.03844711806553,0.7259013184385141,0.8280932655363851,0.8022947285170688,0.8963113604659443,35.866984058718835
1961,USO,GRU,2024-01-01,2026-01-01,12,0.7855726438408049,0.8881382278545422,0.9717796655199483,1.0817490078044516,1691479.279932649,0.6488642374674479,0.7443183898925781,0.8066055297851562,0.9042292277018229,1314589.2916666667,0.9342446988033678,1.0621606458180255,1.1673686855529823,1.2974443780819904,34.1127794693367,0.6406465467859448,0.6972340288560728,0.7839830870987966,0.8554092147767357,36.575400241123276
1962,USO,GRU,2024-01-01,2026-01-01,13,0.9156972703233481,0.9875912315660719,1.0463312590466702,1.1608537366755214,1692916.3887522183,0.7108805338541667,0.8175951639811198,0.8700828552246094,0.975213368733724,1310041.6083333334,1.0248291066050275,1.1705016661292045,1.262763792693191,1.4033578610667947,33.43758886907176,0.8345006816538596,0.7986213448671812,0.847136491116228,0.914857682211594,35.66631063987964
1963,USO,GRU,2024-01-01,2026-01-01,14,0.8115113156585251,0.906164989651873,0.9999701216670397,1.077758361678637,1806844.229146868,0.623889668782552,0.7409520467122396,0.8362342834472656,0.912286885579427,1437925.375,0.8991613858143017,1.0601664266261979,1.213175383128794,1.3101625323391246,39.11014558854464,0.7529776304025465,0.7569655290354651,0.7988799315436125,0.8300966370953032,41.85286830418929
1964,USO,GRU,2024-01-01,2026-01-01,15,0.9228164317577542,1.1344326038351529,1.037008505055924,1.2426910767280612,1709166.3212779285,0.720989481608073,0.8542498270670573,0.809582773844401,0.9548622131347656,1320302.1916666667,1.0389734978888625,1.2259434671525147,1.175581504121841,1.3788052154397135,34.25531575035562,0.8383224517351046,1.0844857829813406,0.954003843141686,1.166858242931413,36.91184941893869
1965,USO,GRU,2024-01-01,2026-01-01,16,0.7932015089657932,0.8587623680412527,1.0818943867164725,1.0201286168613144,1714860.5304765785,0.637939453125,0.6947036743164062,0.875110371907552,0.8436220804850261,1329933.9333333333,0.9167334038333944,0.9929018692371737,1.265087388450083,1.2100542161677164,34.674250369270766,0.6824265970578595,0.7327765842030528,0.9159985717814593,0.8284393006201805,37.254111790724934
1966,USO,GRU,2024-01-01,2026-01-01,17,1.1031958857991282,1.1514437256935535,1.0509588050989263,1.1333373222929217,1764371.6213993877,0.9050872802734375,0.8914540608723959,0.8416821797688802,0.9215436299641927,1385562.0333333334,1.3034611370804021,1.2770524367926557,1.2217213214581466,1.3285210712315765,37.323164852804716,0.9177153476738023,1.055519581478326,0.9250322070742966,0.9679745644159324,40.239022310470304
1967,USO,GRU,2024-01-01,2026-01-01,18,0.8271116276906469,0.8761236268375576,0.9944762432329245,1.0083964373182952,1768869.0557378458,0.6546905517578125,0.7139490763346354,0.7860605875651042,0.8237065633138021,1395024.4916666667,0.9404153151485082,1.019130868675914,1.136325827890455,1.1831146844581408,37.410944310304835,0.7284883448977422,0.7332746885877062,0.8774395338242185,0.845134059708398,40.53330827258735
1968,USO,GRU,2024-01-01,2026-01-01,19,0.9550345293831664,1.1200699698375225,0.9964775319982024,1.1506881984784048,1651904.3076871803,0.7669443766276042,0.8685511271158854,0.8071311950683594,0.9650395711263021,1279597.4166666667,1.1048101255495184,1.2453540102557008,1.1710740310189554,1.3899990565367626,31.9353267413047,0.8258249488481785,1.028439541351374,0.8500912960468692,0.9185222932061241,32.51254708167497
1969,USO,GRU,2024-01-01,2026-01-01,20,1.1617448261947942,1.1934930150115786,0.9973408132714898,1.2171419946126514,1702930.7549237688,0.9523913065592448,0.9299313863118489,0.8086743672688802,0.9576812744140625,1320974.1166666667,1.3701662340095144,1.3342194771398785,1.1737846370350502,1.3807315154022999,34.00354146340918,0.9648556574564892,1.0879777172678191,0.8546843720157586,1.0977309391416188,37.077101830473005
1970,USO,GRU,2024-01-01,2026-01-01,21,0.9237884256893913,0.9136517353817266,0.8769971603579813,1.0211977022300223,1759390.3815514895,0.7324874877929688,0.7259956359863281,0.7054679870605469,0.856848398844401,1390282.4666666666,1.0578495516662427,1.038139608461861,1.023240604063903,1.2309927444963389,37.06347487351271,0.8243084829895726,0.8067667768629607,0.7629095928720669,0.8102699960286792,40.69488524933022
1971,USO,GRU,2024-01-01,2026-01-01,22,1.3012754190312044,1.3190147510680272,1.1289715654926848,1.2553752876557829,1729513.6111589256,1.1048545837402344,1.0755284627278645,0.9115585327148438,0.9837974548339844,1326148.2,1.5901724795545407,1.541847457286691,1.322910053738097,1.4204011515822113,34.00511677862086,0.9990892312895787,1.1101761003228037,0.9780621771803482,1.1431064681360827,36.97105066572664
1972,USO,GRU,2024-01-01,2026-01-01,23,0.7281880666170922,0.8339835201486764,1.0895264887173752,1.0120397542661197,1703390.4530450446,0.5901578267415365,0.6437960306803385,0.8801157633463542,0.8357681274414063,1300469.0416666667,0.8484116861856763,0.9197954616260668,1.2707042825008459,1.1982609566294746,32.5583027578347,0.617356212675721,0.7722068555841539,0.9200583607906204,0.8221467015640771,35.333076313224986
1973,USO,GRU,2024-01-01,2026-01-01,24,1.1121226191731755,1.172994495580906,1.1209140073840218,1.2898655878596266,1688397.3875375187,0.8822074890136719,0.963970692952474,0.8924084981282552,1.0599199930826824,1293573.2083333333,1.2703917507438793,1.3746924079039553,1.291935750377044,1.520616447260805,30.80419973818082,0.9792322215216236,0.9539606338468996,0.978688525413658,1.0536728174425363,31.828166314789918
1974,USO,GRU,2024-01-01,2026-01-01,25,0.8167332332371704,1.1768870361295904,1.1443646161833632,1.3643160391501203,1667816.3829649088,0.619922383626302,0.915813700358073,0.9138130187988281,1.0739100138346354,1260482.675,0.8939087008711343,1.3137336491108182,1.3288170729909807,1.553129144783675,30.270931180315124,0.7730634456199039,1.0726466509192958,1.014854173917348,1.2362453500055481,31.97961841804589
1975,USO,GRU,2024-01-01,2026-01-01,26,0.8033700765628905,0.9520876488445937,0.9025976500833941,0.9912786441555221,1794287.8194708745,0.6354482014973958,0.7083300272623698,0.7257733662923177,0.818683369954427,1419807.2166666666,0.9166881565244487,1.0166848219591784,1.0509836764183393,1.1762989019773034,38.58884553614324,0.7204024927898454,0.9291742415097559,0.7822854682949579,0.8190706086679733,41.663032328030695
1976,USO,GRU,2024-01-01,2026-01-01,27,0.895267855743939,0.9251481284227617,1.0946597614381077,1.1055854977494735,1820470.9195151767,0.7103352864583333,0.747869364420573,0.891162363688151,0.9245440165201823,1421252.45,1.0240690119334523,1.0699797957398387,1.2896186165736072,1.3286560210452862,38.35583881373996,0.7911039680499502,0.7891532038022586,0.9173350856223551,0.8823643311304736,42.0559481902382
1977,USO,GRU,2024-01-01,2026-01-01,28,0.8311974767345546,1.012053872898268,0.9279534289971756,1.0915440680616568,1673487.7002396118,0.6297190348307292,0.7700487772623698,0.7442220052083334,0.9183118184407552,1290710.4416666667,0.9068967074432499,1.1021108953107337,1.0800674418580316,1.3206186112097407,32.32748873603899,0.7843855268291223,0.9506216505313445,0.8091752873278697,0.8604923354656177,34.9916365764443
1978,USO,GRU,2024-01-01,2026-01-01,29,0.7896383825820614,1.0629684441198286,1.0044375525449363,1.2980719639977938,1707806.1914906267,0.6154200236002604,0.8805376688639323,0.8322715759277344,1.059515126546224,1336911.125,0.8866274202700737,1.2550923695977783,1.2059996417900514,1.5200392789115396,34.81282471397287,0.7163435247709209,0.8502912158555251,0.8159793283637911,1.0751982607779902,37.886297711596576
1979,USO,GRU,2024-01-01,2026-01-01,30,0.9376219238252083,0.9972101764626211,0.9044268657163572,1.0764096947571495,1708978.5298674945,0.733324940999349,0.7946680704752604,0.7298617045084635,0.9057706197102865,1324281.8,1.0567350784191245,1.1373523978975826,1.0589490389376404,1.302914490710296,34.15231961521708,0.849594074799275,0.8720078033927908,0.7791906935010657,0.8499986353325883,36.136008081620744
1980,USO,GRU,2024-01-01,2026-01-01,31,0.7163000773170304,0.8947779998821485,0.9187416227819836,1.0545283039412001,1704495.1572033726,0.5456591288248698,0.7032137552897135,0.7596206665039062,0.8909861246744791,1327474.85,0.7852101002962494,1.0056566712006998,1.1004146142886548,1.280789239835405,34.43012154162525,0.6735568421628302,0.8022600404865373,0.7501250979758972,0.8235215573696874,36.89504257083963
1981,USO,GRU,2024-01-01,2026-01-01,32,0.8965957214403604,1.5812302784952175,1.0006298885948854,1.1475766173305755,1659145.3580074196,0.7129829406738282,1.329870096842448,0.8336100260416667,0.9358233133951823,1283318.725,1.027359491673474,1.9025229143268496,1.2072657602175694,1.3478998208034518,30.75241080801187,0.789126927037394,1.2398922362377989,0.8039080923568479,0.9703894136914385,30.520453998891767
1982,USO,GRU,2024-01-01,2026-01-01,33,0.8165136304925377,0.9437662082944264,1.1477054382717349,1.1071076877799695,1745379.5539145223,0.6461405436197917,0.8163012186686198,0.9452585856119792,0.9313545227050781,1371812.075,0.9320695830404954,1.1664371275826058,1.3718220666721883,1.3367288348372202,35.91860219111853,0.7212170005450408,0.6829854042200988,0.9521404136424063,0.8634126448454581,39.64866515226829
1983,USO,GRU,2024-01-01,2026-01-01,34,0.6793828471501083,0.8362824273418349,0.9306348837947976,0.9814301488248184,1726432.6060278702,0.5330098470052084,0.6978624979654948,0.7686879475911458,0.7860061645507812,1330387.45,0.7669984812123589,0.9961359591110802,1.1121286891938387,1.1311723633206638,33.900597745449694,0.6128177754026964,0.6656275456761518,0.7593048637775378,0.8643723036200032,37.719576685308056
1984,USO,GRU,2024-01-01,2026-01-01,35,0.9206642992798445,0.9231430634675887,0.9829114162917777,1.0859444578435502,1708633.2235520089,0.7239222208658854,0.7520548502604166,0.8121437072753906,0.897942860921224,1321919.7833333334,1.0417574266494545,1.0740253362667505,1.1761337238248777,1.2883817143514076,33.86940702204497,0.8207512202604713,0.772021813014362,0.8041183990471302,0.8790912404512895,36.90553324057216
1985,USO,GRU,2024-01-01,2026-01-01,36,0.7694429036920666,0.8902885232944482,1.0651759788425321,1.1309352289334138,1715080.7962564998,0.6194712320963541,0.7421368916829427,0.8625691731770834,0.9397730509440104,1308880.3166666667,0.8910952386597122,1.0599935062441124,1.24755318445126,1.3470455085971162,33.228822358878126,0.6596268602962128,0.7087476355591551,0.9003421870831338,0.9013898559640271,36.511359593386636
1986,USO,GRU,2024-01-01,2026-01-01,37,1.4624559594762403,1.8435760560781842,1.3226459126309438,1.4422935055904473,1677994.4457777967,1.285558319091797,1.6486605326334636,1.0728805541992188,1.150341796875,1272479.8916666666,1.8543012961161065,2.363308680931362,1.5597535003408252,1.6665763848327142,30.629015358296503,1.0247436487540593,1.2161960543251649,1.14000788786355,1.2865892040997042,32.27003770392789
1987,USO,GRU,2024-01-01,2026-01-01,38,0.8380275350688995,0.8605813811273801,0.9835923505022236,1.0452904786441861,1720683.1739400802,0.6688100179036458,0.7124738057454427,0.824176025390625,0.8686136881510417,1327476.4666666666,0.962110169534339,1.0171760978520867,1.1940360076224088,1.2453969333409394,34.02884588426202,0.7284438787333245,0.6971405502705603,0.778524660180979,0.8365654706978414,37.359880037885915
1988,USO,GRU,2024-01-01,2026-01-01,39,0.8115538546589471,0.9850353701420392,1.3390343598845207,1.0863977551872603,1684142.5679842813,0.6314949035644531,0.7586802164713542,1.042095692952474,0.9098910013834636,1306800.7583333333,0.909936828445026,1.0860743834099584,1.507017349588845,1.3094378281692378,33.499152606823685,0.7377320277325318,0.9135311990872984,1.2129511828892392,0.871597845937902,35.92068167319235
1989,USO,GRU,2024-01-01,2026-01-01,40,0.7700615940426107,0.8715897329163361,0.9471655864404892,1.1650503788648208,1696590.1674360165,0.6013722737630208,0.6931200663248698,0.7940322875976562,0.9429547627766927,1326350.4666666666,0.8661639306304175,0.9905913621662968,1.1497111733650245,1.34975951342159,34.73078295946588,0.6980362269489986,0.7674678092272543,0.7480472282546963,0.9760539947711299,37.05530120919519
1990,USO,GRU,2024-01-01,2026-01-01,41,0.9403178788842234,0.9942703099658801,1.064159272702257,1.0196273770488096,1686470.6574603997,0.738861083984375,0.7525278727213541,0.8415601094563802,0.845263417561849,1292369.5666666667,1.064028281922661,1.0787445298762506,1.2213545687504306,1.2140621128704672,31.768172360408307,0.8440799974275319,0.9456168293603903,0.9561389994789702,0.8283442206275755,34.32762018152481
1991,USO,GRU,2024-01-01,2026-01-01,42,0.833202634491307,0.9135534879609313,1.0040827722354688,1.0330315973965658,1678158.094501725,0.6590354919433594,0.7033485412597656,0.8370841979980469,0.8617027282714844,1308208.0416666667,0.9499362099806482,1.0064631788168454,1.2124970986261354,1.2371148707484088,33.22685962104527,0.7407208321003451,0.846512561717732,0.8049160280005985,0.8256311153136338,34.976933154249764
1992,USO,GRU,2024-01-01,2026-01-01,43,0.8915552876096485,0.9586653109386604,1.0493915252152393,1.0569933706418517,1738917.1852805668,0.7135907491048177,0.7950798034667969,0.8470082600911458,0.8693135579427084,1332159.3583333334,1.0231502851567325,1.1325003498145618,1.2222583842481771,1.2458345255320658,34.376447270503455,0.766481928742457,0.7690495111136698,0.8867249931184037,0.8629868808744582,37.397408027642946
1993,USO,GRU,2024-01-01,2026-01-01,44,0.8548387630841712,0.94917747720325,0.8843182276032948,1.0203643643337963,1695015.63439491,0.6994400024414062,0.7227315266927083,0.718524424235026,0.8166165669759115,1323713.1166666667,1.0113931717447295,1.0385438676608847,1.040684445941633,1.1782786614642347,34.225906353444394,0.7247294447074785,0.9039635466503203,0.756086549375049,0.9079413323256167,37.07437281312764
1994,USO,GRU,2024-01-01,2026-01-01,45,0.7908119720210595,0.9229931698967545,1.1167295760523808,1.0692146974476466,1716467.6944780794,0.6378100077311198,0.7426297505696614,0.8937744140625,0.8724667867024739,1348335.0083333333,0.9189564768378351,1.0624581349132938,1.2934330637503106,1.25472562879713,35.53564571793934,0.6765449138457508,0.7927908370946322,0.9671671234916992,0.8998095540023004,37.343399811911986
1995,USO,GRU,2024-01-01,2026-01-01,46,0.8893714349548674,0.9973461777453604,0.9433588141176578,1.0832675431008918,1695784.3618034103,0.6997220357259114,0.8216667175292969,0.7754358927408854,0.9103558858235677,1306012.2,1.005564309331174,1.1720915704661683,1.122474266158281,1.3068076011884162,33.24819192746237,0.7917165173203212,0.8099322143064792,0.7777575433365332,0.8474797513619979,36.02052055057785
1996,USO,GRU,2024-01-01,2026-01-01,47,0.7098924520974739,0.9210889400701833,0.9741639869192807,1.0294735510024442,1771462.4804176502,0.5692036946614584,0.7014930725097657,0.7881739298502605,0.8589876810709636,1343996.2666666666,0.8190196779508255,1.007470125448353,1.1393089382492378,1.2333710686221822,34.56861670185566,0.6193559303387445,0.8758217047569059,0.8241297993391565,0.8275032067024617,38.92069994457322
1997,USO,GRU,2024-01-01,2026-01-01,48,0.7843518883161816,0.9422483392927832,1.0524323243728952,1.0747078812572135,1804708.8172815568,0.6789713541666667,0.7877548217773438,0.8907211303710938,0.8938278198242188,1426489.35,0.9768000605869106,1.123510345246665,1.2915286036667215,1.2839198702136534,38.93648982015572,0.567812947320739,0.7404513972672708,0.8161653695700278,0.8632058629376574,41.64723251810811
1998,USO,GRU,2024-01-01,2026-01-01,49,0.7486901653128688,0.9466239216683783,1.1116201626133162,1.228391115516673,1723352.1780889812,0.60106201171875,0.8141955057779948,0.8889877319335937,1.0043111165364584,1325861.175,0.864421188193263,1.1610821260774893,1.2842604942472353,1.4367535479118334,34.196415435733606,0.6488286327623595,0.6950261193155463,0.9591337800014519,1.0060938962159605,36.719339672807365
1999,USO,GRU,2024-01-01,2026-01-01,50,0.8380842144308778,1.0162267834404337,0.9730072151697876,1.088496747604404,1742225.2443432573,0.6542246500651042,0.7670860290527344,0.7970621744791667,0.8672391255696614,1362925.0416666667,0.9449165370319741,1.1014912240539556,1.1565847628728894,1.2505266406412296,35.95313710246681,0.768141547290778,0.9733573978727295,0.8173630250298994,0.969787610955979,39.05741634608157
