,Stock,Type,Start Date,End Date,Seed,Open (RMSE),High (RMSE),Low (RMSE),Close (RMSE),Volume (RMSE),Open (MAE),High (MAE),Low (MAE),Close (MAE),Volume (MAE),Open (MAPE),High (MAPE),Low (MAPE),Close (MAPE),Volume (MAPE),Open (SDAPE),High (SDAPE),Low (SDAPE),Close (SDAPE),Volume (SDAPE)
0,^GSPTSE,Transformer,2022-01-01,2024-01-01,1,644.058030394192,727.2758142930384,685.0075983265161,865.2432364456732,89220319.85549487,580.9466795436454,654.4217916675309,620.5934777594193,787.8658256498798,55517619.65063424,2.8347549212178325,3.175765196563211,3.0381154921817632,3.83876583440174,34.74129627728048,1.3376009016539632,1.5160981932700042,1.3997234425781904,1.7148213309184042,68.84386667939907
1,^GSPTSE,Transformer,2022-01-01,2024-01-01,2,636.410556827718,735.7306372339998,702.3689811195177,873.9196930047264,90135604.80344072,530.0052903553042,615.9505480970598,585.7341333552671,746.8598716114092,55291526.91036204,2.575259257816412,2.977558091784754,2.854975265902181,3.626184647707922,34.16915550316272,1.6806798533535294,1.9095601075503783,1.8529320083518075,2.158567534732776,68.13408274355656
2,^GSPTSE,Transformer,2022-01-01,2024-01-01,3,680.7517601356782,759.8666600493775,705.2871904038537,874.7511650003305,90080882.80249254,613.8891544814796,684.2897517049647,639.5137759229551,797.1667229571419,57712254.53048456,2.997298953995624,3.322766324864016,3.133223390512188,3.886664655509326,36.44454472162391,1.419732011110497,1.5832734463643214,1.4417406962902932,1.733143340069502,69.7675775203373
3,^GSPTSE,Transformer,2022-01-01,2024-01-01,4,844.826895661293,921.7440468063404,884.5765292803976,1053.5837002963613,89221590.62506863,762.3702478542649,828.8547984561104,801.4027681149473,958.4309660574588,56391830.33253875,3.72036542215319,4.022622403197903,3.924113328770165,4.670495540051007,35.63954369698182,1.7518014698272169,1.9278439974081936,1.810015615910295,2.100131346879655,69.94508932749477
4,^GSPTSE,Transformer,2022-01-01,2024-01-01,5,186.88451015815733,249.19234687850752,186.99391637488145,294.1921860612392,91389690.14376192,143.89120079500765,193.51903594464528,145.62414202798416,233.0326009689196,59811899.42155102,0.6990125584765507,0.9338290828768852,0.7096283847588993,1.1289515402915695,37.86738699429509,0.5707556550302432,0.7460992250258434,0.5617969798981657,0.8561166496394943,70.81935312923054
5,^GSPTSE,Transformer,2022-01-01,2024-01-01,6,776.6751125345406,876.2051296625361,827.4931152556736,1019.58534126157,90270938.71618415,678.1177461706194,762.5205832015422,723.542890235329,900.4995383315647,55732825.53780316,3.301101940590297,3.69200764953043,3.533361678905158,4.378343383018881,34.624139721338224,1.8073941539762943,2.049257021906204,1.921541917428083,2.276931888530971,68.82695856963866
6,^GSPTSE,Transformer,2022-01-01,2024-01-01,7,941.3196055096432,1003.0614124209744,969.987022535762,1132.294669310712,90001152.89293809,850.1729912444296,903.0618111970596,879.30003406017,1030.3834259622502,58351699.50632394,4.148508530897835,4.3827460490093975,4.305247579818668,5.020861444795348,37.083672295769325,1.943888770678236,2.087295300744787,1.9788683583665807,2.25317224749124,71.31825430936182
7,^GSPTSE,Transformer,2022-01-01,2024-01-01,8,955.2424223068404,1067.7502421924655,1032.7085267348148,1241.2600512428355,90245281.86339836,820.7293691633918,916.1274679903858,886.9658775993037,1078.7683963769546,55645009.06593218,3.9932504454266473,4.433636669487317,4.328992712301115,5.242198080504949,34.55583791091704,2.335543377176647,2.606533629838891,2.53445852851057,2.92688124027274,68.77561408160805
8,^GSPTSE,Transformer,2022-01-01,2024-01-01,9,839.5189546208553,926.1340435986586,880.2557336342995,1064.281680454783,90971693.72075498,737.8047696262045,814.7979558745603,777.7852343498696,951.5959501189956,59557066.06597736,3.5934237553081267,3.947857419841315,3.800965237440282,4.630486169384849,37.620260072036125,1.9161794481513816,2.094930200767038,1.9782968106805217,2.27584774637226,70.01917547934391
9,^GSPTSE,Transformer,2022-01-01,2024-01-01,10,940.6796816946844,1019.3064457879692,993.4409544743888,1178.4686313570314,90517557.74024265,837.870820487498,903.983132206729,886.9542906084882,1057.02909720638,57365445.75257634,4.085404681191587,4.3835069441743295,4.338937071248726,5.146266018999742,36.09606356778957,2.05352535720077,2.247468802426098,2.157253957614396,2.4950182711450792,70.34581417354482
10,^GSPTSE,Transformer,2022-01-01,2024-01-01,11,522.776031730451,599.5711606095313,544.2843484766096,711.7623355238701,90813271.00490068,466.78187335252153,533.8107202190871,488.4843636772543,644.6092039702849,57422782.58822098,2.274584562595713,2.587237410817415,2.388110516057372,3.137652030477496,35.810464403875585,1.123784112084975,1.2962686488022217,1.1488793414410414,1.4367665865547832,68.65047618315128
11,^GSPTSE,Transformer,2022-01-01,2024-01-01,12,570.5614313364689,678.1547678117162,608.626889258058,816.6143619321143,90154489.04815868,469.9244709376295,564.3582781507191,501.6902471414287,696.2662530930331,55371394.62276766,2.282434096482561,2.7275131792984784,2.4442772779268926,3.3801634532406326,34.256251032769974,1.5441205019232644,1.7845907514130448,1.6473574614914752,2.0292274422701952,68.26254803845318
12,^GSPTSE,Transformer,2022-01-01,2024-01-01,13,603.3267378384835,692.5275914086913,638.3813232415642,832.2852932768169,90196829.05974956,503.6620537198351,580.9344547654313,532.439695615661,713.2140809529984,55496421.335507706,2.447399636879808,2.8084042275714207,2.595094032226932,3.4630531951149006,34.364368181420666,1.5835537708099967,1.7880096176205946,1.682433625423417,2.0391316810263285,68.40763737174942
13,^GSPTSE,Transformer,2022-01-01,2024-01-01,14,791.9739146469993,919.7739360171388,879.3746243742803,1090.9107111381518,90307484.4880122,715.2912939802006,824.4970498320623,792.935701844691,986.7890309834772,55526062.16845144,3.487881681106222,3.9978944243237,3.878042402065138,4.803588874970539,34.373301606856046,1.62577910594215,1.937923705029028,1.8230368323434003,2.217419753616836,68.5232426658894
14,^GSPTSE,Transformer,2022-01-01,2024-01-01,15,944.3203216001403,1032.3131789258337,1009.4998447309646,1189.0412469871485,90302009.77478611,833.6505465690133,907.6868698453916,892.0302025571877,1055.916893089944,54997929.35286853,4.061814892164031,4.398387887805131,4.360086234189075,5.136964109354057,33.98577705753136,2.12549400233524,2.3420895468182006,2.271830608276833,2.612250159438777,68.27598193412004
15,^GSPTSE,Transformer,2022-01-01,2024-01-01,16,775.2947224718731,876.8636182850101,830.4334348864764,1032.9054832811114,89255530.97385123,696.3328274934803,783.7249422917672,748.9897886656382,936.174345493221,55576331.223772526,3.395900828380736,3.80097799431862,3.665068040519111,4.559621252175243,34.708504909740164,1.635611065686133,1.875138632945915,1.7278856197191783,2.089247900443353,68.64610499130708
16,^GSPTSE,Transformer,2022-01-01,2024-01-01,17,685.3470274358057,778.6050042234026,724.0811439193661,922.6786661167256,89622335.32988368,618.6771203835508,701.084103010779,656.7117869236049,840.7432372397445,57120143.65301111,3.0186018079919963,3.4022242738471804,3.215077298392224,4.096617932793722,35.88641936998548,1.4169759008862863,1.6177824230236053,1.4719402865280775,1.822536989625873,69.05192684922098
17,^GSPTSE,Transformer,2022-01-01,2024-01-01,18,758.102807290076,855.6642365335061,808.7589503706874,1005.2503923791544,90326009.33570191,670.5986014928505,754.489687610477,716.0390787506152,897.5535674413646,55503565.03606964,3.266196067600573,3.655132298227595,3.4984338540406044,4.365990588029759,34.39043448280084,1.6871034027227918,1.9158295774588845,1.7988040582206193,2.1547581756700804,68.58064777945879
18,^GSPTSE,Transformer,2022-01-01,2024-01-01,19,692.6898652419128,774.9106556891476,734.8839959722125,911.2265524256752,89929484.22602335,607.4610317319748,677.8797669570334,645.9775348606381,808.7307789691102,55692383.06599412,2.958105122749804,3.283303320023622,3.1557047826545066,3.9333821575863785,34.647760292827485,1.591794778243223,1.7853628278620286,1.6798374101928064,2.002252488237584,68.58592399922601
19,^GSPTSE,Transformer,2022-01-01,2024-01-01,20,616.7145477635429,711.8158829269478,661.5382707877995,840.5203349114674,90097541.81712918,547.3746691958804,629.5720510626799,588.9093500017759,754.4796513587202,55561814.231344745,2.6661500736115875,3.05003247296374,2.87756457225013,3.670448854259112,34.49918297676165,1.3535303065745907,1.5743200088747966,1.4388540978688258,1.760271024465292,68.63677901335501
20,^GSPTSE,Transformer,2022-01-01,2024-01-01,21,832.1653160401827,962.5074300069896,902.1448912583608,1108.4422306438164,90217948.31683752,712.2666263031043,824.7910790253966,771.8995861729842,962.8361854118232,55462399.14935023,3.4644083068473366,3.990833183678645,3.7660619327563656,4.67800206603904,34.31940999737522,2.0515926575787304,2.3532807834658964,2.231720328971584,2.612127555128137,68.37554285764789
21,^GSPTSE,Transformer,2022-01-01,2024-01-01,22,708.1650220185835,803.4357348415875,773.4167910492412,962.4354790888444,90206912.91985276,606.7836246960537,689.2699471624251,663.3533408411545,839.2435208567941,55441551.13496392,2.951539526824621,3.335285218015173,3.236833114077589,4.078186769835266,34.38938234720077,1.742505049138619,1.959819469604534,1.9021983986749904,2.242418075775177,68.55888616483827
22,^GSPTSE,Transformer,2022-01-01,2024-01-01,23,904.1599492566656,1023.127370856692,982.398899342636,1200.7032585134275,90256184.32296029,816.1081331940172,917.4126774250474,886.4725063524533,1085.949401333155,55132743.61473044,3.980514700385717,4.449623829940421,4.337101910850842,5.287510129935567,34.20468011173411,1.866058272250703,2.158029458166153,2.036757722811157,2.447886478721633,68.5552780072905
23,^GSPTSE,Transformer,2022-01-01,2024-01-01,24,1117.6019150171846,1201.0855076051655,1199.0787887470142,1372.6162108366177,90144381.11194326,972.1568701669788,1041.693225181786,1043.4357362579713,1203.233166624873,55316365.73972753,4.733735897638255,5.044758270273329,5.096977955362087,5.850546387850015,34.313790214563404,2.6407098988684705,2.847039475853483,2.83897975985456,3.156217131536976,68.58597595242038
24,^GSPTSE,Transformer,2022-01-01,2024-01-01,25,707.0770826338627,786.4163381930529,759.4839305056473,922.8742934283808,89140798.09701602,643.2895618396609,713.7334411894425,693.7101250165767,846.0358367379579,56062196.95281114,3.142272936582216,3.467350805712676,3.399687914402152,4.1262815404223145,35.16715642589451,1.4169973379291425,1.583704392609163,1.4990680503086946,1.775106611423252,68.81071659089733
25,^GSPTSE,Transformer,2022-01-01,2024-01-01,26,901.0514059543376,1039.2591731165924,982.3748575971232,1178.5088379103506,90290984.86487287,823.5053016291521,944.2269668689264,898.6188898899779,1080.9236234122773,57868497.02484643,4.0205272008164,4.583611879722102,4.400951046470976,5.268020146485346,36.62166070399645,1.759253741461951,2.072770580672536,1.9162273411957296,2.249966155004669,70.82716834948096
26,^GSPTSE,Transformer,2022-01-01,2024-01-01,27,730.5389032357604,844.5462316713179,801.3274752334418,990.1481432607796,90160885.26500715,611.2553361097413,709.9058695499122,671.0391547596189,847.3717068889113,55383206.239815325,2.9706914527389405,3.4324375313098288,3.2714615888675893,4.114662802613335,34.26556536752095,1.9093029815874176,2.1718248098154924,2.0949367597504045,2.437893311553456,68.28958568208068
27,^GSPTSE,Transformer,2022-01-01,2024-01-01,28,535.0609483728291,635.9413389931333,578.5166128769615,773.9867893294576,89999782.00059061,455.3493165263125,544.0054000215212,493.2171266089146,676.6501679447185,55450103.13310321,2.2140443476741765,2.631667642291682,2.4056288851889818,3.287819687542456,34.46271984902495,1.3382553932940924,1.5606024253259787,1.4427095501731275,1.7838324065835731,68.63617570079819
28,^GSPTSE,Transformer,2022-01-01,2024-01-01,29,801.9142145777388,913.3125755343012,877.6671615953383,1081.592817281822,90290257.39374936,707.3186438127642,803.420327833579,775.9640650571395,962.0452087427512,55104834.84633561,3.446317334963616,3.893338503173955,3.792893612275624,4.680653388625925,34.13846206333951,1.8109450358529533,2.0691296092889897,1.971330509394453,2.361862167000277,68.38683678818178
29,^GSPTSE,Transformer,2022-01-01,2024-01-01,30,658.223341285859,770.1151764535352,704.6247021188392,902.4645813745076,90268118.06171767,583.4564594130524,680.2865246467808,624.5117322279604,807.590219168963,55333603.43999263,2.841719065772881,3.295592856400956,3.050998205231707,3.928315831519871,34.28722811911526,1.4514005354216295,1.7109644877790784,1.558141100505311,1.9138436524099376,68.47777979118526
30,^GSPTSE,Transformer,2022-01-01,2024-01-01,31,266.8580205695451,332.33335494437046,254.78248571362784,424.5056731667203,90960591.49968097,217.9575395578397,276.32566240518355,209.3419577426904,369.28842063873367,57585040.18398479,1.0590761428688578,1.3358773006188982,1.0204280299971047,1.7943539274143538,36.08463150533517,0.7366131894129927,0.8790505308344758,0.6961569393822381,0.9970326410773528,69.19455743791816
31,^GSPTSE,Transformer,2022-01-01,2024-01-01,32,580.1612525624412,676.820208898705,634.2698009842026,812.3576095686053,90228329.47967348,489.40613827324376,574.1578659244567,535.9700180715039,702.6453129303179,55375282.45885979,2.3790268084327795,2.7768178791298186,2.6135333751708365,3.412972579638084,34.229345462783854,1.4857852310258193,1.6999307730843731,1.62049431140114,1.938299753959984,68.24673329624615
32,^GSPTSE,Transformer,2022-01-01,2024-01-01,33,749.2423781202821,850.4322309257268,813.8795136452893,1011.9948694847976,90275547.8611562,673.1311196754854,760.1317452229973,731.0945593089626,913.8202951375335,55573360.50919165,3.281001103064109,3.684926863962657,3.5744868760077133,4.447598945404555,34.4639084624981,1.571026062866008,1.81108383211919,1.712302751847781,2.0707009786402995,68.63690906223803
33,^GSPTSE,Transformer,2022-01-01,2024-01-01,34,460.8327821388394,533.8475793910172,478.0157002841906,652.0222658708037,90467845.09233832,425.0053815370648,490.9154481589606,441.7953914090604,605.9006542598568,55654141.39300786,2.074544099209904,2.383046444247126,2.163191070173616,2.952788089674108,34.332908719863504,0.8494341417554054,0.9934693647187574,0.872416483483645,1.1426396138196584,68.30126545330451
34,^GSPTSE,Transformer,2022-01-01,2024-01-01,35,231.2280815446239,294.56900252005306,235.5826947473576,364.1901188015451,90091095.4599237,173.92189176068095,227.07210825921297,179.0282148625151,290.5003927916999,55470958.27326071,0.843603313984422,1.0952776187693636,0.870977263806607,1.407345118672544,34.46329405711419,0.7286140152636162,0.8918941221884727,0.7323226113410133,1.045956364576821,68.53835879213675
35,^GSPTSE,Transformer,2022-01-01,2024-01-01,36,878.389419118203,985.4351932848366,947.022135709818,1157.6743177835103,90200693.84611242,751.1350402988705,842.8508128467749,809.4952350168792,1004.1004509258344,55475911.45045813,3.653668396868046,4.078208030098034,3.949747765538856,4.878600644410345,34.35579342456126,2.174063583013204,2.4247599903972272,2.352465205784376,2.7443114179469483,68.45842974114431
36,^GSPTSE,Transformer,2022-01-01,2024-01-01,37,658.520632216736,775.2024926704923,726.4820178880049,935.7604936924184,90096286.6925946,536.8850697973867,638.9642146702031,593.4033787747982,789.4153133200094,55246034.45458383,2.6068926648576203,3.087182643450252,2.89043491382358,3.831141532088575,34.11766153763631,1.8203255272338803,2.08412165865295,2.0048086841338986,2.3912571713500457,68.0084757960279
37,^GSPTSE,Transformer,2022-01-01,2024-01-01,38,487.7228863045352,622.2102023150175,530.9773475649754,737.0973492943433,90583514.11587094,429.9009984135235,550.5524333266146,473.38477705420047,665.0411804445795,58614030.21319247,2.094313204891922,2.668097418761909,2.314200716222276,3.237219027426922,36.9937564622913,1.1027488013557705,1.3788018709100895,1.15387687197412,1.5163852757876333,69.84745115870194
38,^GSPTSE,Transformer,2022-01-01,2024-01-01,39,892.2921085499287,983.4210519832576,968.7605905184048,1161.3123200740652,89966089.79738978,812.2979554895436,890.5842539298827,882.7057480779822,1060.3619588176032,55154762.86071453,3.9655300827402056,4.323450875448334,4.322848089314267,5.167313228216242,34.31453962285514,1.777661156486438,1.994372046022675,1.9288789475964327,2.2712433771754768,68.69069190164629
39,^GSPTSE,Transformer,2022-01-01,2024-01-01,40,507.9671354910853,606.8445337494107,555.65126954465,754.2085568739748,90301922.287495,433.5222053454042,520.9477867745775,474.4076134915823,661.2742307547171,55551854.54859768,2.108160244116999,2.520431178001,2.313999631285558,3.2133793805063364,34.40228762691099,1.258539399808725,1.4722074440757742,1.3777010421492768,1.7184844055160058,68.47556921501294
40,^GSPTSE,Transformer,2022-01-01,2024-01-01,41,756.3638094839353,863.8204296436949,812.3450153027223,1016.279515856202,90257833.41281414,654.5424966099545,746.7112548508824,702.1888955585933,891.6186373575204,55669882.60469932,3.184651582016724,3.613958748988495,3.426851117891857,4.333272286212086,34.52758859032369,1.8033324362100287,2.0565273296219733,1.9481119463481893,2.3151635924656166,68.64405947123801
41,^GSPTSE,Transformer,2022-01-01,2024-01-01,42,526.968805759823,637.9459202949762,556.7821216202501,761.2981520513156,90106633.49911793,422.1067782399975,517.9541198302089,443.7916648340564,636.4627126568425,55320919.87373762,2.048344134499803,2.501101190796862,2.1598462301517505,3.087645412963097,34.20985201093284,1.5059551092152137,1.7689228566190558,1.6087663187081898,1.9875884281520853,68.16110950388706
42,^GSPTSE,Transformer,2022-01-01,2024-01-01,43,946.76167733588,1037.387180217372,997.5271539509766,1186.1329129775368,90318660.9644932,852.8786897851717,930.7658569021788,900.7498403050208,1074.092365288319,56615486.453532405,4.1615612233656645,4.516573450467358,4.409605695653242,5.232507002526104,35.37086885416876,1.977768150511148,2.18959956414275,2.0707901964729483,2.4137941957770788,69.05657791179304
43,^GSPTSE,Transformer,2022-01-01,2024-01-01,44,830.944510307449,942.1805360595664,914.577776652496,1100.0595233137344,90198774.6315871,714.5014699717296,809.2234349619331,786.1887907896518,958.0484721515984,55126947.416936114,3.4762385488408785,3.916161168189231,3.836909876305747,4.655613487341526,34.04648872339055,2.025721390618957,2.2919193276879755,2.23707776505865,2.5751343097151125,68.12411102346547
44,^GSPTSE,Transformer,2022-01-01,2024-01-01,45,737.1212696842309,828.3046364968305,788.8980691671555,985.6099807951396,90253522.41042069,647.841272274405,725.9665707668903,695.5833245343314,876.8671993560342,54939650.12208467,3.1550854693389487,3.516565559879436,3.3986150755518705,4.265384931275431,33.96140085051923,1.681630440736601,1.8965796110334547,1.7849335584090524,2.146559405081522,68.20870662628334
45,^GSPTSE,Transformer,2022-01-01,2024-01-01,46,1085.4960934996643,1176.831505116168,1144.997464383143,1349.906471648457,90182275.13400882,975.0265599915432,1051.820176685278,1029.1260950702183,1216.460693258339,55659503.11442088,4.756090982006635,5.102258500562554,5.036100294001684,5.923805950389848,34.59778019997935,2.293193985228985,2.520718432873388,2.421908063314341,2.804275785503308,68.8147936599544
46,^GSPTSE,Transformer,2022-01-01,2024-01-01,47,937.4820379476176,1047.066715574708,1016.4647179346694,1226.9776839012347,90218430.89530368,820.8648611891592,914.1553438428754,890.0386460422492,1083.1337613380824,55463523.10567026,3.996963528212831,4.4273227442049405,4.347358039735906,5.266857563981764,34.36102587712877,2.163899058757543,2.426522307224463,2.35283493027746,2.748106511717753,68.49508309003824
47,^GSPTSE,Transformer,2022-01-01,2024-01-01,48,546.6260917799899,629.5811211084446,568.650042082035,742.256610156043,90255675.16713151,471.7261422480775,542.9365870354094,489.9687108933989,652.6968859938771,55594480.14571678,2.294811865727037,2.6272596911221173,2.3906537482731407,3.172036089303231,34.43118924690587,1.3126678713952242,1.5078902433058177,1.3743992069482749,1.675052657655574,68.466178227189
48,^GSPTSE,Transformer,2022-01-01,2024-01-01,49,762.7881014407739,883.220744969339,824.2481390115524,1038.876756314637,90274179.4950416,661.8361054979371,765.2937397491642,715.2433246100336,912.8836173548344,55496398.11928541,3.220757862452688,3.7045356495639385,3.4914436134139457,4.43730335171284,34.368952690567895,1.8080762619102784,2.09146670530028,1.957856189899361,2.3586642641374853,68.50914383513678
49,^GSPTSE,Transformer,2022-01-01,2024-01-01,50,747.2461335916101,855.2388352004651,810.7237476228414,1017.6403220458602,90313904.21436992,661.9229582323605,755.3534059495424,718.4035765745252,909.0751212998912,55599681.19248237,3.2239426443356867,3.659394253492808,3.509887992867052,4.42190992492784,34.43637837484134,1.6531390033582152,1.90249574275384,1.7958821617469742,2.1753121133095,68.56736058054737
50,^GSPTSE,Transformer,2022-09-01,2024-09-01,1,513.086334705754,504.3851004703856,586.487305958009,552.4885806113887,46982498.70262865,435.533625265826,422.0763281375238,468.74595575553263,446.75105806446334,41539280.31806939,1.9169645603655967,1.843719784357072,2.067922186415109,1.956765885608784,20.502498706777573,1.2093846157805457,1.2082112823352311,1.5614274279180131,1.4218138715378346,12.982373942522946
51,^GSPTSE,Transformer,2022-09-01,2024-09-01,2,578.9310657384805,595.1996728805899,717.8892508349836,663.512197913581,41598793.66786573,491.237169413168,487.3055297591685,562.7061582387959,523.6834026504173,30734202.92657799,2.155251566653813,2.1221375002999,2.4717770169571613,2.286460468648898,13.739006990438408,1.3426528955036936,1.4755356352157558,1.942710217894595,1.762297588853834,11.30456440016807
52,^GSPTSE,Transformer,2022-09-01,2024-09-01,3,551.3143074099027,592.3808692745401,711.6651054994834,661.5383162695585,42207425.592191964,451.8944420605965,472.470075885746,562.1465553722672,523.0665274737544,31786737.52669605,1.9719784477448,2.0479192225490066,2.4587370297295736,2.2749662397284167,14.411273332018382,1.3623610571397258,1.5309328103033066,1.8841265594411387,1.740406895015258,11.829901298197838
53,^GSPTSE,Transformer,2022-09-01,2024-09-01,4,532.4243656659016,542.8576048489971,659.7670334966607,605.3234120705145,42690550.56618274,472.0132287511751,467.8832987722464,540.2341137945344,503.6278666577607,32149577.589833327,2.0705957811457973,2.03782516664349,2.373224526297817,2.1998257030375115,14.567178785568988,1.082087269023194,1.1882272918527097,1.650971043632242,1.4526744640190854,12.043481651153298
54,^GSPTSE,Transformer,2022-09-01,2024-09-01,5,604.1325140306642,627.3553234484609,763.331951701651,701.9142976915488,42497031.51357072,505.175351840596,506.2895257188808,589.2678810937258,545.8187778418803,32622132.725422405,2.2086159290137344,2.198246828467905,2.5799638867609462,2.3765926788665035,15.047316099500287,1.4321704565743256,1.5881803834616066,2.099609007590977,1.898945253851652,12.295834840966782
55,^GSPTSE,Transformer,2022-09-01,2024-09-01,6,522.5275216741906,556.1889531976976,670.0133934716928,628.6223631450499,43627079.23957159,435.0539580354278,449.08313775156944,531.35028024411,499.81984989725873,37749577.49372176,1.90079959488062,1.9484079591234464,2.326049808102463,2.175230664208712,18.021646079463256,1.251804788936921,1.407406713447173,1.76523606426123,1.6400750439129772,11.374457558224782
56,^GSPTSE,Transformer,2022-09-01,2024-09-01,7,683.5504181118879,721.1314255621912,850.6353853421302,796.210066067114,41706274.29427875,539.1512064630217,555.5582564025751,650.5631073657297,608.2525366732144,32558203.147968706,2.348796834660499,2.405203191882321,2.841375159079681,2.6420920187180834,15.04932768353024,1.8073762011955967,1.968058921444772,2.362923901142187,2.205952018307113,11.753428080209597
57,^GSPTSE,Transformer,2022-09-01,2024-09-01,8,601.2930300398607,506.67051335411736,544.7432603799226,477.9424921578624,44063739.57530798,503.9912512071403,396.7865942666885,393.3338945361433,342.8143461078641,34685442.92101253,2.231881600933663,1.7519698266614536,1.7625333737962472,1.5262636985492806,16.369773070569195,1.4970594081506945,1.4236730329673375,1.7301842493322377,1.5142430256776374,13.466779387544053
58,^GSPTSE,Transformer,2022-09-01,2024-09-01,9,602.9929262256916,641.883520483109,774.8097993946839,720.4108072042188,41808080.808244325,486.7340964135834,506.0186004390959,605.0419907054841,561.821530452325,31009701.71752762,2.1221484131784414,2.192005313729183,2.644049605937606,2.441676418517748,13.93226167389739,1.5324971304782102,1.6905899586073363,2.0869146186186427,1.9360954942194983,11.578750682823584
59,^GSPTSE,Transformer,2022-09-01,2024-09-01,10,558.4984044476453,558.7004992568809,642.7136330914475,623.5451233061361,47574975.40230739,478.0633061743401,462.32836841496817,514.2424739837385,498.3324711488109,42069022.202593975,2.099509160713521,2.015323046970694,2.263868947283855,2.1775895365343256,20.87039101643942,1.272053229836758,1.3590309284327855,1.6927662691410204,1.6247499973705788,13.39027184689652
60,^GSPTSE,Transformer,2022-09-01,2024-09-01,11,625.5725382462108,664.7889268107039,810.4048651211491,746.8500508237216,42365642.149654925,513.7390372214048,528.8848910247209,624.7770611324064,574.6226418700311,31480427.912839685,2.242006366439118,2.2927221945606804,2.731040003348088,2.4980681452763607,14.205015665878229,1.5372062740958403,1.7236653663306658,2.2271169301865283,2.0497490960341453,12.000980617612049
61,^GSPTSE,Transformer,2022-09-01,2024-09-01,12,470.18420955142784,500.8228122538857,623.093429927696,570.7166235544308,42038146.09247412,400.80616981774654,414.1734218180187,500.3822176560596,458.70663776349335,31255529.41853728,1.7526568175712527,1.798130140687677,2.191382147438602,1.997542325916944,14.048179595600203,1.0659622547958183,1.2080746409430905,1.6064714972594183,1.462008575779447,11.647439461324296
62,^GSPTSE,Transformer,2022-09-01,2024-09-01,13,441.4330136607095,379.3627152601722,409.1578230522365,353.40551787524345,47093113.18911979,329.8141222804644,267.9579267181492,249.0963561250359,230.80279769266343,41866223.48832432,1.466829840254668,1.1871675955696983,1.122863020260979,1.0293590474085288,20.55750422774002,1.3336843430277558,1.2114599286148526,1.4862840673962463,1.2165472903260313,12.661923632899686
63,^GSPTSE,Transformer,2022-09-01,2024-09-01,14,661.5808554418303,710.4587551298363,860.3224315487129,776.9241672433365,41484303.88025136,514.6652359071671,545.1951517731595,673.1038003275839,608.5785952459363,30715542.46685362,2.2389615706754524,2.357809348042517,2.936803985974353,2.6421465173590244,13.742117184486718,1.7880321165294597,1.9511267044340548,2.3075134799182098,2.072039620133918,11.246694809448798
64,^GSPTSE,Transformer,2022-09-01,2024-09-01,15,533.5123004425341,472.36555539774,523.6938261061762,470.79295271960376,49562297.737023175,403.3058687282706,353.8409545347455,369.0678422627644,347.6210162532609,44070467.40057576,1.7924453697567788,1.563024327145334,1.6523309389746197,1.541738666857277,21.85421422506987,1.585876582314249,1.410648341092288,1.7003336880522837,1.4386953125570254,13.732884852156104
65,^GSPTSE,Transformer,2022-09-01,2024-09-01,16,617.6712290247519,611.9920189820741,691.7818929519725,655.6607779863864,50249203.50913516,519.0229268364453,501.37951555617775,547.934414641078,522.786227000564,44391090.22661743,2.27167828121208,2.1806428750672064,2.406507676280297,2.281326682455701,22.14050212002909,1.452002021495402,1.5083517596526783,1.839432564266664,1.7080075043724134,14.308949979191755
66,^GSPTSE,Transformer,2022-09-01,2024-09-01,17,553.535053207066,590.5009856803224,716.1353950765159,660.4641287604474,41245097.93934868,465.2457370627824,480.4209519380209,561.3529341498955,517.2160488478949,30612144.355765533,2.033189154382176,2.0848920005227405,2.4572412170533813,2.2512045011188286,13.772088619958897,1.296539020657776,1.4717756503246546,1.923585585121133,1.7682896024147,11.421659812003076
67,^GSPTSE,Transformer,2022-09-01,2024-09-01,18,620.3507567592837,504.9607168638699,554.5589944380383,485.1640778664543,43767659.77805681,526.9343647701338,397.6218423326511,410.6168247700828,358.810352844259,34825294.001008585,2.3315208905452667,1.754967716123702,1.8374894260455803,1.5952431396089366,16.53191851707385,1.4941273133704378,1.4063659598635174,1.711763433834727,1.486162110720426,13.18994005169542
68,^GSPTSE,Transformer,2022-09-01,2024-09-01,19,531.4535938034095,494.8488773715314,559.5816578169771,521.4545948138659,48485043.21299076,437.0561130778586,403.29579824274987,444.83139011397145,424.4693793020603,43284993.2612193,1.9309657405573697,1.7699045142375571,1.9741101168752293,1.8682815458321005,21.376000750261174,1.3651248563181329,1.2773045931469151,1.5374836034001482,1.3515327656816427,13.19165504210105
69,^GSPTSE,Transformer,2022-09-01,2024-09-01,20,622.3395697570488,656.07899246014,798.2285923337892,729.1167305700475,42713598.78566148,518.2279909914588,527.7414282802899,612.8056936455681,563.9872364151981,32271835.441359945,2.264330270144458,2.289867378277388,2.680794327021885,2.454173442716084,14.66959825374573,1.4864253475664382,1.668341537831005,2.2098819039847,1.9862912159612705,12.119508225152185
70,^GSPTSE,Transformer,2022-09-01,2024-09-01,21,565.8152670445212,570.2641854921999,684.6870686779406,629.7135804779422,43136307.39934346,491.406355787347,479.6581451352784,556.7897079771133,517.1265080377374,32594878.051879883,2.159942635208874,2.0930365379135845,2.451778286728392,2.2627328475192643,14.771742938293936,1.2425004472554209,1.3411454211870262,1.7504517926714296,1.56338652992276,12.091964304839628
71,^GSPTSE,Transformer,2022-09-01,2024-09-01,22,637.810983416075,673.299542855517,811.3872296824288,749.4290982026041,42937752.03983463,520.6470990718406,533.2709662788021,623.9126831229561,575.138829053421,32460979.5735277,2.2718186547045214,2.3116168457492416,2.727524456292846,2.500419846380676,14.713720458395048,1.5861196477609905,1.7589096358061511,2.238569671153262,2.064388370356833,12.019571846778748
72,^GSPTSE,Transformer,2022-09-01,2024-09-01,23,677.1296496187863,719.011260971622,867.512738053774,793.9602505674206,41535396.31341928,538.63912811982,557.2080202538268,661.8074903613476,604.8574391286717,30940618.351319924,2.347372375363739,2.412814254269869,2.8901352702417613,2.627462175577423,13.96162064001531,1.764565430488652,1.9440373179385184,2.417401271245435,2.2077521396481763,11.597175938106147
73,^GSPTSE,Transformer,2022-09-01,2024-09-01,24,618.9864234822574,655.5646108586967,794.2200124632824,732.4814545015953,43881871.87221569,510.1098654079838,522.4284745334483,613.3033998627527,564.3524416549939,33421141.852411084,2.226842561739396,2.265149461879472,2.681659504289464,2.453886995402061,15.237036155232497,1.5105420630444388,1.695000969035674,2.1781185281158493,2.0066893776642494,12.472537617764637
74,^GSPTSE,Transformer,2022-09-01,2024-09-01,25,499.9620613656361,459.5602161149809,532.61219218648,479.3592814860187,42921537.53535496,393.9427001426269,362.650154362782,420.6770251152947,384.949063811587,32184278.43062675,1.7460569095086218,1.595751421053359,1.869016476039816,1.6985680164027832,14.533353144224929,1.396322062469495,1.265393022639333,1.484427116103627,1.2863571598030736,12.031022448712132
75,^GSPTSE,Transformer,2022-09-01,2024-09-01,26,527.0381343797055,558.2290583983493,684.3057580227797,630.5638642686026,42129168.05971885,445.9095904802691,456.8352608625384,536.9636799979447,497.43756099849344,31351295.31099921,1.9502030349650223,1.983713036210204,2.3516919207804152,2.166229331368373,14.09977549734431,1.2177664723984043,1.376610726247926,1.837397745442375,1.669160251893442,11.692547263176833
76,^GSPTSE,Transformer,2022-09-01,2024-09-01,27,527.7083317648726,509.4902133948693,600.1317222160334,549.8799969844106,44797473.61970171,438.4577234151376,420.4125204341555,482.0358890107668,446.7633894854108,34434851.27782384,1.935104714289769,1.841053032825834,2.130914345186829,1.961413847554713,15.891509334865086,1.3211945781588494,1.2705730999996134,1.5936512161859724,1.413555968055511,13.223561492235069
77,^GSPTSE,Transformer,2022-09-01,2024-09-01,28,596.562553961668,646.3719171950161,784.9194767968584,727.2946864753827,41526719.87373888,473.9497213420116,501.94028971475393,618.0706111913848,574.3259022298936,30768810.533646,2.0639046210744265,2.1720550635852582,2.698503998964567,2.494539610647112,13.789882775667635,1.5588101431791164,1.7442874927245728,2.08447560670915,1.91440604311184,11.350401533858562
78,^GSPTSE,Transformer,2022-09-01,2024-09-01,29,583.8400052285383,607.2716628885717,739.0645849300056,682.4413609655037,42626374.8454846,485.7694079462015,492.31589446975255,577.0608624201958,532.0751620646855,32446556.901997272,2.121209527653357,2.1358187354394533,2.5247496607588893,2.314829438747952,14.901955262226622,1.3962933135589617,1.5219241145965157,1.9945312703135667,1.837207292989271,12.46892643346479
79,^GSPTSE,Transformer,2022-09-01,2024-09-01,30,559.9187221841269,516.057020765434,589.8390840251598,540.4778233763446,50032045.733882174,458.7514595017399,416.1101552260274,471.7359981623784,437.64631972357785,43900837.47213977,2.0294843591495746,1.8291168960476032,2.0962564099133085,1.930590196651506,21.98272341642582,1.4561615173282974,1.3668668600043172,1.6134137692375417,1.427494496388995,14.56881509948594
80,^GSPTSE,Transformer,2022-09-01,2024-09-01,31,525.0676282096188,440.8966768250256,471.8176622770822,420.2694935908534,43182000.04860031,414.8050177917442,319.5283350760521,301.4880898696089,277.2253483263259,32878416.92168605,1.8412140468463705,1.4146902563213628,1.3571286839017929,1.2377021246960105,15.026506904322016,1.4657483033184968,1.3702465924573046,1.6621139214028753,1.4348461639024477,12.35644746769846
81,^GSPTSE,Transformer,2022-09-01,2024-09-01,32,536.5344474833665,449.4313954297857,490.5893127607322,430.4966625658855,43993156.18101316,424.904796217402,325.07109728285894,320.7112532622849,290.3042165224445,34732893.10413722,1.8858872056006235,1.4393862662416768,1.4425520488565646,1.2951026991795251,16.46586114337179,1.491056865359603,1.398804032613538,1.6999486758057798,1.4445016978955114,13.432276895849082
82,^GSPTSE,Transformer,2022-09-01,2024-09-01,33,532.2541714857306,558.1526329842187,682.0168607621146,630.6373005009656,42366593.74477164,454.96943250811273,460.6319884278527,537.5269064403188,500.5816065158228,31658361.74346733,1.992059167150252,2.0021882921094174,2.3567229601188617,2.1819634206251544,14.26591778239404,1.201492335196613,1.3545809507001825,1.8219438152370344,1.653648086780406,11.814206207158188
83,^GSPTSE,Transformer,2022-09-01,2024-09-01,34,702.6138150514006,602.447457509858,617.2914426606329,562.2122148696928,49938083.856079824,615.9197894022052,508.7187761487965,492.9102913751009,456.2207852295048,44524567.8033364,2.7192915654399394,2.2371033709418326,2.196791749060888,2.019180838819806,22.0986265223956,1.538995264991132,1.455754911177814,1.7068821439146655,1.4959501794672871,13.740792512080688
84,^GSPTSE,Transformer,2022-09-01,2024-09-01,35,480.5759484169573,440.3017619402921,558.2775278466744,516.1314955088961,47996299.16382703,423.007653623146,382.5455101498471,456.7405775899087,427.3573082267092,42590024.5222353,1.8592206570866925,1.672531765389519,2.0126579017289314,1.8707165969957047,21.03907278383036,1.014125689506662,0.9617526064453066,1.4174992307114882,1.264276429888832,13.212946515030476
85,^GSPTSE,Transformer,2022-09-01,2024-09-01,36,658.2804755435993,685.5799792555086,819.3512745732578,756.721953868462,42218767.89278943,528.4288205257328,537.7003379036546,629.0558552995969,578.9702910376626,32497147.667600542,2.303742074507377,2.3296771617098164,2.7491357280692315,2.5163642861245856,15.011872184786728,1.6888544772249448,1.819992037442152,2.2646251370482,2.0930667963502767,12.254620599957711
86,^GSPTSE,Transformer,2022-09-01,2024-09-01,37,552.2614633086921,545.3423159496049,656.0909661089148,601.8158759473632,43916045.9031783,480.8227071785766,462.7493369032536,535.5958468824331,498.4056527824517,33301671.777639907,2.115343598035303,2.0212215031441145,2.360102224109023,2.182785877570975,15.159398083280912,1.21081649788188,1.2610887437610656,1.670224301783764,1.473493912973336,12.476567518759705
87,^GSPTSE,Transformer,2022-09-01,2024-09-01,38,581.4618388132257,600.6382402097574,744.4573374252632,671.1025744195227,42568316.78863303,488.2372937907233,489.78686682770166,579.5980384326557,526.8600015703879,31725266.13036515,2.133628710298684,2.1260845045094774,2.536430696500133,2.2936203483113213,14.332975178220664,1.363330039157194,1.489322846066864,2.0192898701157107,1.78778974602857,12.075332735688548
88,^GSPTSE,Transformer,2022-09-01,2024-09-01,39,528.0357526752363,542.4826271414863,660.0995570501714,607.7253835565833,42978892.583362766,448.0865375271557,449.8640957079447,522.0798543896767,485.61076454388734,32142421.57439693,1.963851644068935,1.957662935612848,2.291929200014573,2.1192368602445946,14.532063415967306,1.2216043658913018,1.3079267854641716,1.759985428879932,1.580328257528403,12.193300737809537
89,^GSPTSE,Transformer,2022-09-01,2024-09-01,40,618.7997929123679,633.3494487045118,742.1050890342874,704.5436225711121,41816455.86433966,506.37088731871313,504.6532427158194,571.8610431557616,545.9767803998607,34776547.327870764,2.2155927120830707,2.1929083432024576,2.5074516256018566,2.379073530650837,16.47823628406889,1.5425932474301034,1.643990590495079,2.0530769454820805,1.918254225453815,11.54363610185071
90,^GSPTSE,Transformer,2022-09-01,2024-09-01,41,563.1275458832749,579.2324268957873,699.5184263598385,641.6295685309503,42559455.77484107,486.239700247132,483.82448605942153,555.7923220998232,517.1225794041121,31915698.891915657,2.1305235066820813,2.1048275534148986,2.4388144046253,2.2561855107531112,14.430139993543294,1.2381754239467282,1.3697428507470308,1.845813849960544,1.6387833222074086,11.948242373286847
91,^GSPTSE,Transformer,2022-09-01,2024-09-01,42,729.4168195836161,780.2600504014772,928.199418010492,869.9191302191199,42130069.33440437,560.8680885844998,589.0863311042226,706.1117300314583,663.356727535797,31373424.17277728,2.4399727499269828,2.5473779038136755,3.080080536139153,2.878642780767946,14.141381465165844,2.004727225097262,2.190446320204104,2.5954905163854987,2.4145832299855696,11.72897021251852
92,^GSPTSE,Transformer,2022-09-01,2024-09-01,43,618.5578615257797,638.2258943021094,769.7173985198558,703.6222170105398,43289125.88572048,515.2440981467843,513.5508747317218,593.3002687951703,549.1156924036585,33407385.05185156,2.25325077539195,2.230545766900472,2.5988644733740984,2.392197101343855,15.425889138920684,1.4800174429566968,1.624786808716427,2.1229400511122973,1.893242456650628,12.624570910132974
93,^GSPTSE,Transformer,2022-09-01,2024-09-01,44,504.8427372687852,414.66732486338543,449.2599846183546,400.5297368524503,45740126.24465746,406.5368388774168,305.002429069266,294.9117813905237,269.6479318004503,40661697.648927465,1.803038540481663,1.3496971484686702,1.326030599825633,1.2029175221456634,19.6772025195174,1.3642000097879037,1.2680307787683749,1.5539132200089305,1.3463231206564443,11.831718582348437
94,^GSPTSE,Transformer,2022-09-01,2024-09-01,45,628.387664353034,680.6295616582639,828.4382121548144,758.1022698785312,42585232.326285385,514.3120543808743,536.7455927828414,635.8950421443793,580.9496971547526,31827578.80852226,2.244395031609055,2.326087404879064,2.778874634040341,2.525150881368061,14.391969317170911,1.554760118667183,1.7910340674727774,2.290516101111967,2.092409830043752,12.03300690062302
95,^GSPTSE,Transformer,2022-09-01,2024-09-01,46,561.2333646187685,505.7617331610048,564.098281303954,516.0437222909068,50790597.49108122,436.9453143510104,388.2603799984851,424.1479749625277,396.4994617354007,45003117.18718432,1.9382719679287093,1.711407161885366,1.891726931326,1.7539824162457394,22.44078973538189,1.5983327199822768,1.455974525926698,1.698592326210408,1.490874675005016,14.301942411028271
96,^GSPTSE,Transformer,2022-09-01,2024-09-01,47,477.67127263493154,499.0494686636183,613.1545945457872,566.9876646845842,41850541.81253766,411.1517516882098,417.1809859725232,487.6600151814906,455.2720295867395,30888343.73616924,1.8012220773672163,1.81414470091194,2.139291661303256,1.985451303277016,13.835952415233471,1.0622319017070372,1.1797170569855582,1.6171005279913422,1.4599418732360825,11.582443926252903
97,^GSPTSE,Transformer,2022-09-01,2024-09-01,48,520.612256500274,479.1826015939018,559.7920552956388,500.3179928927344,50507103.43407311,422.5759175523004,386.0406618182454,452.6139233044734,407.0625467110421,44634905.83021185,1.870925890522961,1.6980727303504155,2.0092354707168183,1.796008276924304,22.30605304595743,1.3815231193009476,1.274993468492077,1.4982019341683337,1.312529319638028,14.4441656728674
98,^GSPTSE,Transformer,2022-09-01,2024-09-01,49,641.4776923496428,676.5277719134632,820.3732216265948,755.1221781726775,43113882.72727938,526.8691127443227,535.3404539680656,622.5345332933741,576.5813531734645,32654130.325774606,2.3015999426625227,2.322272192642684,2.7228117324865875,2.508246747810392,14.837262426068223,1.5778870726148917,1.770621764997366,2.308168371541087,2.0954639985492376,12.177013536692632
99,^GSPTSE,Transformer,2022-09-01,2024-09-01,50,513.678240193723,526.5937192036148,647.1433851140087,590.0193152075341,42566536.28883293,444.73119106755365,443.7220727980046,516.009676265158,478.0701116527722,31681829.79922936,1.9511755520637235,1.932392674105072,2.266446833841644,2.0878656980088213,14.219346812480696,1.1304275151980738,1.2261308282945624,1.7041159823796883,1.4982636121984418,11.663767040932116
100,^GSPTSE,Transformer,2023-05-01,2025-05-01,1,1379.3931572955494,1231.5354777226771,1452.158498568216,1329.785444980976,93595299.93253364,1094.7867625738,1015.2780318235186,1137.5407821602018,1066.2268398771002,60565237.22168028,4.598263166244272,4.19688316209158,4.8550661026913255,4.47419424571002,17.349379477365538,3.654247953533841,2.951970411984812,4.045551818211932,3.471355870336261,14.927835026565504
101,^GSPTSE,Transformer,2023-05-01,2025-05-01,2,1330.438885327244,1106.4451412343603,1361.6298978319537,1247.152124877011,93256481.6814765,1054.9421624170868,910.8449748359268,1055.6642652197309,1000.540953803503,60202125.02951552,4.4309534992490125,3.7654142421574095,4.509217129174704,4.198528230858557,17.267522972372635,3.53189387683734,2.664993277390307,3.859934043646631,3.260824154096975,14.892838556451457
102,^GSPTSE,Transformer,2023-05-01,2025-05-01,3,1574.306335998078,1441.373188155304,1603.656941545699,1516.5217003350897,90442634.30566256,1277.1435638016724,1201.1060878901249,1290.89435448262,1241.1809195858505,58684419.7737136,5.35090340116503,4.956983964026143,5.4931391189816905,5.195247342917302,17.056298194804025,3.977942793558552,3.348762255627105,4.239945079179512,3.7730061379501065,14.281502245151618
103,^GSPTSE,Transformer,2023-05-01,2025-05-01,4,1569.4404790312203,1431.008582286098,1587.0363920734287,1495.164156947253,91246251.80577344,1272.562087680673,1191.8556041143895,1275.8197458129207,1222.348238973431,59019327.33776137,5.33203760546045,4.919014086029073,5.429866568714435,5.117225186842448,17.074238420999464,3.9702391252335065,3.328998873923579,4.208420183600066,3.73079646506216,14.482223466262168
104,^GSPTSE,Transformer,2023-05-01,2025-05-01,5,1173.55420576388,933.244114764184,1296.0319318662405,1116.872102625519,93355461.51374748,908.8054527581216,757.0313806874558,983.7876094330916,873.8716996258066,60305748.94806753,3.824434164575821,3.132191425829025,4.2093203049950745,3.6734652074786345,17.244929366436672,3.25174903624144,2.327453342947408,3.790481785464384,3.0579254344794013,14.9288932065609
105,^GSPTSE,Transformer,2023-05-01,2025-05-01,6,1184.0782059586863,973.2059629930228,1263.0332483292177,1100.3832242219594,94103686.15247405,929.20985227761,806.0266229811388,962.1209248248914,875.85713461525,60501575.825985976,3.9061107927060648,3.330670617874444,4.114614596286762,3.677159078024196,17.293935965821497,3.210912061183048,2.322107970602209,3.675990144747978,2.9324431044736583,15.168611680908205
106,^GSPTSE,Transformer,2023-05-01,2025-05-01,7,1818.609542159221,1745.50255619303,1798.7192717007945,1756.319402564624,90157165.34830517,1492.4406901450134,1461.9903639990348,1466.491120663324,1451.7210196168196,58563655.150212646,6.2425255294787405,6.026925068455489,6.228143254723825,6.06592284939373,17.0626892918539,4.460952902429449,3.984934874067931,4.607299532399754,4.246497253925655,14.226629569028942
107,^GSPTSE,Transformer,2023-05-01,2025-05-01,8,1611.0442142853858,1490.9144181110094,1605.3901387820508,1537.879305900512,91029492.80272935,1309.711395927876,1243.629368399237,1293.0725018328317,1260.3164422048053,58912753.803693086,5.48584206532503,5.131372648436092,5.501944818493207,5.274267559290567,17.060911245898915,4.04990698349595,3.452124383128921,4.239068452503826,3.8126909803392497,14.432123200054484
108,^GSPTSE,Transformer,2023-05-01,2025-05-01,9,1021.0070907622036,784.5345896347899,1132.813708077691,966.754103010196,97026285.37916271,772.3751490733199,644.5000123269546,826.6335854313269,748.5359505743539,62179243.15851763,3.254148541884668,2.662847788283425,3.5453650820620948,3.1466614629693543,17.6157207522527,2.932543440778792,1.915789719328515,3.4822214414589374,2.7013409469103475,15.924249065721977
109,^GSPTSE,Transformer,2023-05-01,2025-05-01,10,1052.1189988501606,823.5958555464738,1186.2786147659908,1009.4399126963002,96207698.94507608,802.3885562381224,673.954796313758,877.6444888220374,785.4233881288035,62165191.73540379,3.3794704694230413,2.78612130630409,3.761360631687854,3.3018842481851114,17.675315682200548,2.9871714145803985,2.0238585448662154,3.5861012610557013,2.7963681590294254,15.6287460189848
110,^GSPTSE,Transformer,2023-05-01,2025-05-01,11,1438.3393750268456,1291.7240442944378,1502.97283953157,1395.2054926817448,91053445.31627294,1155.5335824589658,1073.0875630414243,1197.721482706763,1137.9598922598452,58980205.56545026,4.846707383426574,4.431024535170312,5.102596021724905,4.766741686381214,17.06797035241488,3.715682330555902,3.031737100428189,4.059267560026803,3.513057156531185,14.402413613749063
111,^GSPTSE,Transformer,2023-05-01,2025-05-01,12,1323.8391027494024,1113.4844900054848,1386.960105119413,1257.087812295128,91901709.8032956,1051.060155768972,919.9692761708138,1083.5869819586908,1013.30900773946,59495307.90298472,4.413908802896285,3.801877404132408,4.625267880127105,4.250295685298357,17.15523123801907,3.505672444895163,2.659434155829522,3.8830968211938295,3.256661518164472,14.559077999198056
112,^GSPTSE,Transformer,2023-05-01,2025-05-01,13,1222.798248885591,1048.930990674402,1344.0571275604932,1185.1786956608637,93000137.32685426,958.3659609602632,862.7045840262198,1038.6500038592785,944.636813753234,60061101.040670365,4.029307456660252,3.5666521241762403,4.437609499686265,3.965883942967938,17.236615986288633,3.32016269863715,2.535454046242477,3.829619086529551,3.141181422080325,14.830688885102358
113,^GSPTSE,Transformer,2023-05-01,2025-05-01,14,1060.1991865077475,826.4375291277104,1194.432355509928,1019.8033639170652,94642910.8345188,809.7110133061244,678.4470206637338,887.3996712131828,797.1328102655557,60827281.05762817,3.4098473636000195,2.804055940429429,3.8017878444364848,3.350045384958499,17.354376283253938,3.00416316223412,2.0190392198675244,3.592447666753764,2.80572968914678,15.297699040959944
114,^GSPTSE,Transformer,2023-05-01,2025-05-01,15,1427.171941927246,1242.1329140687417,1464.867183879299,1362.8663954246624,91843541.29405776,1145.4315651295356,1030.2449650532476,1161.4664415424666,1109.4555334337658,59372107.65465948,4.804917592895546,4.255092215952908,4.95074478057684,4.648569100592321,17.13340747958433,3.694956752781145,2.929251768920782,3.995336564253636,3.449284345005631,14.593768393996347
115,^GSPTSE,Transformer,2023-05-01,2025-05-01,16,1484.6686002914398,1347.963780584999,1521.643927921708,1422.2800824417843,92545831.00308622,1193.5819765212566,1118.7937636053778,1209.6430758956246,1154.6138654845452,59824644.42809152,5.006513692488444,4.620780907133022,5.155029636169187,4.838620118032703,17.19046035872557,3.830285330170185,3.171647708713974,4.1277204188305365,3.6132195189556295,14.716238502908624
116,^GSPTSE,Transformer,2023-05-01,2025-05-01,17,1353.3963883041372,1190.2539284312156,1425.4374841757633,1315.2800270295766,93264135.12005274,1062.1974104523924,969.6189181803892,1099.314708883002,1038.5508396126215,60542730.025902845,4.465995264301805,4.012164163942391,4.698674517818428,4.36362609317912,17.364682441510872,3.659626703548697,2.9313096481676,4.0705293402839375,3.528563557766615,14.81015778124879
117,^GSPTSE,Transformer,2023-05-01,2025-05-01,18,1040.1109684904538,788.4578341730067,1163.6160972592688,988.2893345707704,95259596.96866046,786.4712740183822,638.7640413898872,851.3413100368531,760.8965915933546,61207173.2868705,3.3140681042229057,2.64106819530523,3.651198846445797,3.20029389300594,17.41513924082722,2.9887980751927983,1.977381956911251,3.564289433192769,2.7815797093450096,15.460717395059827
118,^GSPTSE,Transformer,2023-05-01,2025-05-01,19,1470.1920289495208,1314.5313103997232,1506.4288037594465,1404.6375320084785,92291806.15755592,1179.9232268219434,1089.449528429713,1193.7717586741064,1137.4729385701603,59739571.38309869,4.950254128662106,4.500609815066521,5.0891401598146615,4.768166457589063,17.18455121544479,3.807279229080074,3.106420985786285,4.110873552924462,3.588486002152892,14.635336863997766
119,^GSPTSE,Transformer,2023-05-01,2025-05-01,20,1181.1505674453574,951.576096481682,1273.9085503640806,1128.263771166752,93581139.25793056,903.028847927888,756.207728181604,948.5220825855616,868.6203932864476,60593030.173804864,3.8037122571729047,3.132497829098785,4.064633867928647,3.655621827815721,17.34107731839937,3.333980065328906,2.4614728332204985,3.820047858046161,3.162693463138284,14.93897195798226
120,^GSPTSE,Transformer,2023-05-01,2025-05-01,21,1558.9091112247015,1487.924030680723,1619.761089701433,1528.1277602247833,91082680.0291738,1263.6315371630778,1241.04699488102,1306.786125483542,1252.2860577675383,58961616.64973661,5.294500071963356,5.120476499384046,5.559054290109486,5.240624542846056,17.08077674791335,3.945304498243754,3.444793803558927,4.261213653518666,3.7889716196044447,14.440683480640972
121,^GSPTSE,Transformer,2023-05-01,2025-05-01,22,1151.2632741974833,886.5219676121869,1213.5598758783158,1077.083561392807,94893083.12265009,887.1731773776021,713.7725977511286,894.91153992483,835.0368933883707,61167859.77610601,3.7346725887108514,2.953877352870196,3.8366751696921546,3.5120533225072705,17.406665151143912,3.2153499687934897,2.243977496793399,3.682357522838257,2.993760723545226,15.355062522042475
122,^GSPTSE,Transformer,2023-05-01,2025-05-01,23,1244.1638173724327,1039.4122198596067,1308.130068246361,1176.2122723576044,94475929.74115804,983.63270213907,861.8835585794662,1008.8698697199336,944.221931275598,60703790.27921521,4.132385555474182,3.5610997927549493,4.310571126007308,3.961733462566439,17.32871308737483,3.326297285515116,2.467890755755866,3.739194729870244,3.078430943379098,15.264427248428042
123,^GSPTSE,Transformer,2023-05-01,2025-05-01,24,1774.096945246035,1642.696851437467,1725.8860153534763,1678.714773567505,90639688.05903795,1453.9482096797467,1376.903404839969,1394.9238553423809,1380.3614431308026,58862327.42537219,6.085962169136438,5.680534501942245,5.932597962049031,5.774511432365007,17.06393300123778,4.38100949566102,3.761364830851624,4.515416521795078,4.124699423967077,14.267344785458802
124,^GSPTSE,Transformer,2023-05-01,2025-05-01,25,1618.049995293871,1509.7191725980065,1640.2982498495164,1569.313392205956,92023025.56573424,1313.146190730712,1259.6176565946305,1317.2535393367127,1281.798322115584,59544274.91028965,5.502816080830748,5.199621679988046,5.607207699859215,5.366899762269893,17.13620992420596,4.089082234524469,3.5024767098285587,4.355811043386263,3.92111888204832,14.586585106625089
125,^GSPTSE,Transformer,2023-05-01,2025-05-01,26,1081.0503551262009,879.6573022500813,1224.20503461289,1051.863921201921,94727938.53409192,818.7574139897638,705.9261631370634,905.8757142394916,809.9579150161239,60913492.65363532,3.45021170631485,2.921737189881576,3.882795763279862,3.407673924171492,17.33810237865025,3.0974608812717994,2.2397748339966776,3.698816575980615,2.953702983292446,15.333699423426738
126,^GSPTSE,Transformer,2023-05-01,2025-05-01,27,1187.67765921956,957.7296003871523,1282.197175936088,1124.4575912651717,94963786.14682268,924.8298002907056,782.6626378646891,973.7580196180098,886.1859752135467,61037639.38188975,3.8902420683576975,3.236965277399142,4.165953826089413,3.723363412061501,17.38281420377838,3.2613410784880683,2.352279209593748,3.747330564125805,3.042873513985566,15.380290487008311
127,^GSPTSE,Transformer,2023-05-01,2025-05-01,28,1574.452594403621,1438.3855611791637,1599.7021397204865,1515.644961682578,91454133.16046202,1276.9940064317177,1199.4431554616142,1284.286223340308,1238.000316002642,59249026.77361919,5.351245049189735,4.95098050847522,5.466984460201749,5.18350591686028,17.13553893892987,3.983726798323776,3.3406143023941093,4.252881663954191,3.789209198624208,14.474770993794362
128,^GSPTSE,Transformer,2023-05-01,2025-05-01,29,1209.163698195767,1028.3095991301036,1312.4882973888302,1166.272764431964,95715833.25788966,941.3802926489014,839.5029993812615,1000.516906178718,920.0625363032816,61675284.11575513,3.960072026711896,3.472625854685043,4.27964460743194,3.865791291344276,17.50860256212641,3.3203375922746963,2.526423597215146,3.81638108806689,3.147761714160805,15.58136816599752
129,^GSPTSE,Transformer,2023-05-01,2025-05-01,30,1459.1186131330444,1287.648410270295,1506.081414050959,1396.5566590541362,93133803.16114204,1163.3406647542845,1061.6574607015232,1175.8323407999646,1112.1246837756664,60907427.87229357,4.885391339095908,4.38989988872792,5.020552254187676,4.669466097549932,17.497049481061847,3.836427314384349,3.090910208802089,4.216429456343013,3.686377830634317,14.712505642248177
130,^GSPTSE,Transformer,2023-05-01,2025-05-01,31,1081.9573014661942,860.5426648407994,1204.2560315150367,1034.1837269557666,96487002.63700218,828.7859082975306,701.1265419680956,892.7881871307153,803.9484230074679,62787746.01288474,3.489895135471265,2.899555339180373,3.825968591937349,3.38026725592376,17.893581430423875,3.0517808080312228,2.1310180005776544,3.631515309661272,2.8665677888094727,15.562415105435525
131,^GSPTSE,Transformer,2023-05-01,2025-05-01,32,1035.2021517160008,801.3605198036013,1150.3141360077182,981.427096399003,97142435.11901304,783.7477532921505,652.560539848109,838.5505083509439,755.9854356523205,62325281.6187458,3.302251801221037,2.697768525152788,3.597096071995797,3.1794011873345407,17.64016309956663,2.970094270021156,1.99008228734542,3.53868382747032,2.761136117146156,15.97417547490718
132,^GSPTSE,Transformer,2023-05-01,2025-05-01,33,1531.5524621143852,1429.6305526810595,1583.102018312539,1482.5723858901192,91689273.25273804,1237.9206422094828,1190.8567908957368,1269.8338151175187,1209.2856821203682,59363207.18891719,5.189198085571408,4.915598705942051,5.405979371581645,5.06419668855174,17.137925843658593,3.9041917369195023,3.3277525722278387,4.217305044032827,3.7201931401063546,14.523783273010409
133,^GSPTSE,Transformer,2023-05-01,2025-05-01,34,1323.9744821516515,1128.2893275309732,1384.0562710709671,1257.13763056104,93350015.2949259,1045.249271672414,924.9999563669958,1072.7928751560712,1003.6291033379978,60327063.61144701,4.3921242155498295,3.825181461416757,4.582776611024833,4.213243496600852,17.286801552132886,3.5433288267332363,2.74101888293421,3.9240968913840746,3.3151518836056986,14.894664218737637
134,^GSPTSE,Transformer,2023-05-01,2025-05-01,35,1641.5282577604598,1513.0464004121598,1644.1877680981918,1550.488357805822,92275473.66173106,1336.3102884498594,1263.0372007405526,1326.3698618002886,1269.9038925575542,59631488.963400215,5.596773762701188,5.211684066989792,5.642572310569698,5.314951183095971,17.170162807271236,4.11480637484682,3.498715862552907,4.325189564526276,3.849370939816671,14.675028334396853
135,^GSPTSE,Transformer,2023-05-01,2025-05-01,36,1246.8705169273487,1079.3317286609,1355.4872752668025,1199.6548984726323,94519456.87818377,987.794968733116,897.1396266528616,1058.19784073109,967.8631695800648,60713936.87858852,4.149065677959043,3.7057663989540366,4.516701420203716,4.059199024457287,17.327634945312482,3.32120674117435,2.5447240494868577,3.8003576671759207,3.1081144450817595,15.28083724634833
136,^GSPTSE,Transformer,2023-05-01,2025-05-01,37,1316.460114001409,1114.1153799646752,1380.76738969214,1246.1493641053746,93511037.74125458,1041.9587125536511,917.6901970198676,1074.6592157594646,999.9747420320474,60315334.7302843,4.377065831873482,3.793485848324593,4.588813922128362,4.196044693502621,17.273789892315367,3.5069732248576955,2.679693096288174,3.889725263928972,3.2570276814066026,14.968471194018887
137,^GSPTSE,Transformer,2023-05-01,2025-05-01,38,1184.7923287825058,966.3389030654702,1263.2342873782836,1118.6902220958823,95765590.52284728,927.2731630294994,796.7418647819834,959.2899855734272,888.3354009326065,61398726.51186645,3.898900108472543,3.29335221172866,4.103707542196151,3.7303239184895554,17.43349755253842,3.227326172731804,2.329262860643581,3.6927436640232063,2.99101140744676,15.63106670912428
138,^GSPTSE,Transformer,2023-05-01,2025-05-01,39,1206.104931196886,992.73160694432,1304.6148634851345,1116.1515678295189,94781081.36892624,948.1482323746812,820.9933646051908,1003.9551959359457,887.9089201872325,60963343.13090929,3.9852734577870974,3.3929480581666325,4.290489637873464,3.728049671964407,17.383233724272987,3.259343816199828,2.3748196942192616,3.741848440591245,2.9754107777767143,15.316543934796718
139,^GSPTSE,Transformer,2023-05-01,2025-05-01,40,1559.752696542699,1432.0792499095282,1584.3500219622867,1489.7154014481005,92530038.20463836,1263.7285085851634,1192.9446447945004,1272.2216919853754,1216.6165786349447,59737677.18775092,5.2956938942494975,4.923790789722073,5.415352597008681,5.093966347972887,17.183539105745798,3.9535071362336978,3.331423925781822,4.211024595594157,3.726562695782921,14.745851629823523
140,^GSPTSE,Transformer,2023-05-01,2025-05-01,41,1312.5576662010667,1121.9726987668123,1390.215669509837,1248.663721606536,93084735.1902266,1040.5535159070614,926.9276557900852,1086.6534113466373,1005.509801621036,60075646.267472334,4.370390401474511,3.8306290962887646,4.638157416471946,4.217961732194973,17.237906582723443,3.48605883579386,2.6795651918055325,3.889054540529751,3.241960205746174,14.862693077689022
141,^GSPTSE,Transformer,2023-05-01,2025-05-01,42,1180.7047320058828,959.4331597504848,1274.6395261187174,1124.5313165380226,93921074.839958,913.6480233656,778.1485558358812,959.7645062335232,878.3384833005307,60713904.898420215,3.845114103836513,3.2198654793536097,4.109048092394003,3.692785374573593,17.324542483473923,3.275102944548072,2.3922214509804007,3.76916010315194,3.086628670015976,15.085893780740196
142,^GSPTSE,Transformer,2023-05-01,2025-05-01,43,1183.547185419241,970.5483504631636,1267.84660248251,1119.3088572996494,94624332.56341857,928.3731945737692,803.1708629998902,966.7670403011258,892.6119726793336,60782246.32801674,3.9027512608922654,3.319064614023211,4.134232533426848,3.7470851759916624,17.340038527722005,3.211927049783499,2.320140545666604,3.684810379334549,2.9710466920213165,15.30550806451976
143,^GSPTSE,Transformer,2023-05-01,2025-05-01,44,1816.735591078608,1718.1556658185575,1799.0078994738765,1760.4382503244192,90025864.46575245,1490.0965398622852,1440.166043366774,1466.046695308374,1454.9217083632698,58519586.00309749,6.233154152853068,5.938045880630197,6.226811959073399,6.079608751035578,17.052920373663124,4.462208871786493,3.9204303962818656,4.613537859781068,4.258640147240071,14.18211583346982
144,^GSPTSE,Transformer,2023-05-01,2025-05-01,45,874.6925452588324,636.8860631315587,1031.897224054329,850.015990689009,98979705.08094151,625.1131794041424,503.97841874681495,715.2275272695554,623.7983259610897,64561948.64345253,2.640243234475604,2.079787520751084,3.076197235869123,2.6260971819236345,18.348579327498168,2.689683315856703,1.6590287250264246,3.3393553195071792,2.541960822342566,16.12502305923032
145,^GSPTSE,Transformer,2023-05-01,2025-05-01,46,1042.951379816206,820.1418906832386,1165.0616739175282,996.77245776603,96459271.56927064,795.500383499691,678.3959413773589,861.5621314080066,780.2618755500688,61768540.81696276,3.3500001795808503,2.8026522458434475,3.6920184038149846,3.278454246257308,17.514746308180055,2.9612018139874245,1.9731800059211624,3.5257285416252144,2.7387466052708134,15.808075265390617
146,^GSPTSE,Transformer,2023-05-01,2025-05-01,47,1395.617099789229,1256.3183656713784,1472.2722149989895,1361.419632081262,91303095.24161343,1117.418364616537,1042.607425314401,1168.5514647308255,1108.273425044758,59129165.3879179,4.68862383680869,4.305862264665597,4.980428441918773,4.643652699267663,17.105315897429875,3.632539390538727,2.958004415017542,4.007660677502856,3.4459712106685045,14.456490439763948
147,^GSPTSE,Transformer,2023-05-01,2025-05-01,48,1380.2508490105186,1274.6970453597266,1344.278319322019,1263.904821808595,92401197.3340907,1095.6589805258309,1051.8787474267697,1041.3692951520586,1015.8901730785304,59908272.42565759,4.60170844398156,4.347666151107334,4.447699875962874,4.262119442885514,17.23186121559167,3.6543313718771753,3.0462657683574976,3.81395246349412,3.291258741112616,14.626728095199908
148,^GSPTSE,Transformer,2023-05-01,2025-05-01,49,1445.3545359352868,1300.5983774389522,1501.029529416095,1383.8251552582046,92265382.10319088,1159.683317143708,1079.2480109235755,1192.147108920993,1122.898860842939,59686018.61923762,4.865172207360299,4.457597693536334,5.080910937480579,4.706209535789935,17.194233751806877,3.7444107345139006,3.062855421612055,4.079591307053654,3.5225056021038514,14.648028076202424
149,^GSPTSE,Transformer,2023-05-01,2025-05-01,50,1229.3106904773008,1030.1993815976662,1306.3733067661892,1165.8331563519866,94467269.04147124,966.3271127124756,848.9316196223125,1002.447008285228,928.8959558342996,60777323.47292574,4.061755468877201,3.5092606515088853,4.285168476043121,3.899791988307207,17.34849539553092,3.32058039983687,2.4810543416498234,3.7622683254901528,3.093328540785795,15.236199268743883
150,^GSPTSE,Transformer,2024-01-01,2026-01-01,1,882.3892422914397,962.6876700302856,1046.3018598353608,1087.2907786598196,106019933.73545642,805.411236837692,879.1450055747478,948.8805489095608,994.3991792334932,57413427.32491314,2.5600726389720427,2.780657439123435,3.0238800577633835,3.157372413166895,42.91661741353583,1.1146990253336386,1.215056778982017,1.3788714903199963,1.3693239795362244,120.84826152573578
151,^GSPTSE,Transformer,2024-01-01,2026-01-01,2,865.9314846002704,939.2225994852588,1073.522724485944,1071.756758344015,108928428.4332952,793.5171366539532,860.906724267724,975.1123104039676,983.1165752627436,63746347.19380381,2.5227333774573264,2.7234511982054457,3.107670434032537,3.122046486441645,42.71103713387176,1.0719731939025945,1.1631814449874298,1.405189979291848,1.3295914773165076,112.3227701854374
152,^GSPTSE,Transformer,2024-01-01,2026-01-01,3,813.6045418134958,860.9418884959927,976.9844153622032,987.3857687604462,107415322.4191306,748.1225004554449,792.2497655177414,890.744893966487,907.5019567094658,60781917.24401506,2.379038228874576,2.506869489688458,2.8395586111181883,2.8824467248753627,42.71829604936006,0.98808578051831,1.043327362888043,1.255950404375367,1.2124547728185755,116.04624725622072
153,^GSPTSE,Transformer,2024-01-01,2026-01-01,4,836.8172481078293,904.9182785582398,993.1627618369836,1021.682106386212,106714163.90501869,768.0774024341265,830.6326210589144,904.9407203709048,938.2645852546182,59026404.54288644,2.442170220002295,2.6279108897495576,2.884674345429373,2.979912998365472,42.66113195184505,1.0266144813051554,1.1119938946135703,1.280586187691756,1.2598254307431511,117.91645898464098
154,^GSPTSE,Transformer,2024-01-01,2026-01-01,5,899.5981374929229,951.9183818690384,1080.2619180627098,1089.582807905024,106570840.98400444,820.7567034347164,870.4017212114655,979.4255826031372,997.589756893151,58860457.02590732,2.6087061336553643,2.7531663980759697,3.1211183799769686,3.167668441353719,43.00005175480534,1.1393216110219513,1.1938280605619862,1.42576063380731,1.364667284426221,118.64678949489615
155,^GSPTSE,Transformer,2024-01-01,2026-01-01,6,867.1893602964973,917.0536041782816,1056.6838220504942,1057.1864739113971,108156062.21336135,794.7274349629281,841.5661641187419,960.6240177866644,970.2972369165348,62511600.93891077,2.5265740186799923,2.662449113660067,3.061658312601518,3.081458756652994,42.820088602901485,1.0731802056598476,1.1285553695858823,1.3776987140194734,1.3076655029019135,114.1501433582358
156,^GSPTSE,Transformer,2024-01-01,2026-01-01,7,918.3879867652062,967.596717903766,1151.5921836600774,1135.8376100361477,109270348.50955954,838.841298027202,885.680531071146,1042.9099811928666,1040.262890659613,64463267.81563191,2.6661957797961024,2.8015974425970205,3.3231236610177897,3.30314050150274,42.73542003939668,1.1572055109490909,1.2073324414035769,1.5286579022268736,1.4206255514158883,111.7408989395213
157,^GSPTSE,Transformer,2024-01-01,2026-01-01,8,813.291193923641,842.3630864264122,975.0578847390158,979.2219650272284,107424560.12104212,746.0962417581018,774.9101428760546,887.7644022936607,898.9410414483281,61573551.40765464,2.3723772655851896,2.452006511384617,2.829852049668524,2.855088983666628,43.39876049733631,1.0000009725299357,1.022213700333161,1.2614520204621733,1.209777401100486,115.7680371973296
158,^GSPTSE,Transformer,2024-01-01,2026-01-01,9,812.8363324691838,862.0182162431327,999.3441569663815,1006.2662596919942,107752807.100544,747.4288438823783,793.2251095118414,910.438743179878,924.5756161205734,61688082.50730018,2.3768333091126723,2.509948547684683,2.902160234589392,2.9365648875795745,42.84060365223507,0.987058943534476,1.0447543796771006,1.289520220755406,1.2375634514191325,115.08836534615304
159,^GSPTSE,Transformer,2024-01-01,2026-01-01,10,841.559092016637,895.1246728462175,1053.020571546338,1048.0950953472022,108489369.47248662,772.3668740364662,822.1291273358381,957.1442958624616,961.7871691254396,63068510.76769679,2.455783930659533,2.601103652466052,3.050549926493751,3.054426970231345,42.75106000607473,1.0329586459243156,1.0964192298336208,1.3738211792874129,1.2976224439931794,113.32607530157745
160,^GSPTSE,Transformer,2024-01-01,2026-01-01,11,903.537514563633,952.081274983364,1093.5899600884472,1101.1824820911927,107440429.71728843,825.902658614026,872.0089853854929,993.1273853059728,1009.6179164244538,61001413.18683313,2.6252212162850443,2.75845093618712,3.1650156483696583,3.2060641391852176,42.885021617299685,1.1338334478863996,1.184044721885084,1.433163703193396,1.3695305871632362,115.72436822525012
161,^GSPTSE,Transformer,2024-01-01,2026-01-01,12,774.0211197869629,827.7585164716459,892.8399417538055,943.1832913135336,107593610.1514899,713.5567882882865,763.0158242794066,816.5462533491235,867.5638503207061,61174768.38360146,2.269627063947449,2.414653295129349,2.603757963144251,2.7558873910865183,42.7085442500162,0.9261181782940504,0.9933564005782116,1.130308394869607,1.1534859360834695,115.48722965191784
162,^GSPTSE,Transformer,2024-01-01,2026-01-01,13,902.693654042215,950.5932452655364,1110.6893948782715,1111.3076490306648,109772247.50423254,825.529655768684,871.1497449153941,1007.2614653730992,1018.7505792100158,65448546.16006208,2.6240831014096506,2.7558055853745578,3.209809362660109,3.235022868879187,42.8379860214048,1.1300422629938245,1.1787079119452777,1.4647822337384877,1.383211269698245,110.61940037223916
163,^GSPTSE,Transformer,2024-01-01,2026-01-01,14,795.7129814819621,868.951436243082,954.2328754693978,958.6659253200144,107087740.28179628,732.2031912154952,799.0053215239931,870.4560514954741,881.3134180259609,60054837.69061775,2.328600865000267,2.528131476767742,2.7750256466580416,2.7994062980805614,42.71470062541002,0.9621995298275278,1.057493780266758,1.2234430190017191,1.1758054079560865,116.84143706195952
164,^GSPTSE,Transformer,2024-01-01,2026-01-01,15,846.9941592955654,899.5854252040873,1028.5785585889928,1033.1884763272296,107558837.8475357,776.7147385732144,825.9485857404507,935.4727291279288,948.3868888695932,61360316.68201224,2.4694796544370083,2.6131323215423974,2.9816195125204805,3.011950826555186,43.01643972212197,1.044273752178268,1.1038767214558856,1.3380782042827837,1.2770844889643136,115.39767299980068
165,^GSPTSE,Transformer,2024-01-01,2026-01-01,16,806.8174881163434,864.9099292012397,978.071245872243,985.5498963828678,106650170.80358176,741.1162950570431,794.9003825959603,890.486767334649,904.781967826784,58992584.05074228,2.3567073703085515,2.515093141931994,2.838515791211284,2.873624190783793,42.84150600624526,0.9851275610671444,1.055231407516802,1.265517877466395,1.2173572204566057,118.1419479759015
166,^GSPTSE,Transformer,2024-01-01,2026-01-01,17,936.2378730264942,1003.9319561938468,1126.4248634893277,1132.832136010751,105931345.5753959,854.1551500560324,917.276377360607,1021.2905460064892,1037.831210590403,56539944.500932015,2.714668051050743,2.901257671924458,3.2544523283785742,3.295474284356802,43.15567872832871,1.1868767564783584,1.2646640344334938,1.487357478274068,1.4146078903144563,123.81441090399564
167,^GSPTSE,Transformer,2024-01-01,2026-01-01,18,811.6200597991849,872.058026743407,1015.8337689990838,978.7423744924768,109043027.41249144,746.2665843593479,801.8892811819007,924.5229145735148,899.2447098159024,63987307.86741588,2.373154241215523,2.537257409573007,2.9468540270407764,2.856192354527431,42.75238895764026,0.9858359555580328,1.0611432474406592,1.3171178784854525,1.2041080236970063,112.21511551733845
168,^GSPTSE,Transformer,2024-01-01,2026-01-01,19,725.8704701732521,782.5665894221004,858.7003059795733,878.697063400735,106991291.90446997,670.9724112228952,722.8534902302567,785.9030217616462,809.6069460191958,59758785.997552656,2.1347951080099863,2.287929986009833,2.50630600291196,2.572316539638397,42.70110353710373,0.8546153242168515,0.9277433329326836,1.0830171928990415,1.0646190424188284,117.27076476373097
169,^GSPTSE,Transformer,2024-01-01,2026-01-01,20,810.9336209315526,879.1357141061544,896.9508226301571,934.6026280600664,106058040.49713752,744.8263051619434,807.2582705794483,819.363163137093,859.2873683011252,57219899.688686326,2.368471912988257,2.554057089136613,2.6125388205779845,2.7295400943378034,42.96131147556259,0.9907274242344144,1.077854058171951,1.1417614965669387,1.1454428033034665,121.7346084061082
170,^GSPTSE,Transformer,2024-01-01,2026-01-01,21,863.7463081459656,918.9695329833236,1084.3981063790095,1083.4194518199452,108991736.66373076,791.5069305374657,843.0157508142406,984.116984048724,993.1874935407454,64015020.95993243,2.516351025726551,2.666987500666431,3.136206966501664,3.153900057933272,42.721861180705474,1.0692794860235606,1.1330977998315974,1.4252289201494086,1.34847388750561,112.27345187208606
171,^GSPTSE,Transformer,2024-01-01,2026-01-01,22,798.1602809188182,855.5374179087332,971.8393574170752,975.730505057833,106914625.13059148,734.5548865171615,787.3965393945986,886.2415749531564,896.9307912114987,59572330.60314069,2.3360793488396223,2.4915440925059897,2.825252000776195,2.848937816382361,42.69057080820247,0.9644905357441722,1.035835205816669,1.2480362478414289,1.1971917410786532,117.3140106126992
172,^GSPTSE,Transformer,2024-01-01,2026-01-01,23,867.3698680201081,912.2903331746656,1085.6335515001049,1068.156130252122,111372671.94446269,793.4949844697512,835.937665801748,983.133302482304,977.6155640415336,68152989.60878569,2.5224934012608764,2.644471958748449,3.1327354352123504,3.104222050144111,43.800669813311295,1.0830797698815902,1.1313716857230662,1.440391991620955,1.3403851283724868,111.76511699258482
173,^GSPTSE,Transformer,2024-01-01,2026-01-01,24,795.5234374619565,861.3560175571024,957.7536941966358,968.8238059390231,106381471.19801868,731.2122243059061,791.6593437041096,872.7653377639311,889.7335469319243,58548970.351015046,2.325351736345393,2.5048513233530234,2.782220159296604,2.8259435838463536,42.88233419268576,0.9677776943195804,1.0506568053945358,1.2339041208130566,1.194608964680037,118.77501293812622
174,^GSPTSE,Transformer,2024-01-01,2026-01-01,25,887.1674693667736,924.4885276552468,1109.120797803757,1083.295440982491,109402129.49297692,811.884720846443,847.993692822233,1005.9777332367628,993.3392448469824,64702361.6616788,2.58086867803356,2.6827124946169736,3.2057420473184126,3.154425628318813,42.78920426394219,1.10637357980165,1.140581040909128,1.4618098705746714,1.346439567288188,111.4811063808962
175,^GSPTSE,Transformer,2024-01-01,2026-01-01,26,763.2068816480923,839.1341962971064,901.3558414890994,919.6783468814824,107016806.69949532,703.8569816446675,772.8315847957725,824.0908546832433,846.5835520515682,59959065.31389446,2.238892768325228,2.445578647446657,2.627737956634678,2.6894550454166213,42.794074045498846,0.9110343707631264,1.0119448086905949,1.1427853274495037,1.1200531893846255,116.87994090337888
176,^GSPTSE,Transformer,2024-01-01,2026-01-01,27,934.6887393553764,983.2887329014812,1142.436341961185,1122.8097482122264,105837761.22435828,851.6925026823737,898.2142283136404,1033.7697978141164,1027.5300141085802,56587851.56708674,2.706736281347596,2.840971781240097,3.293881834150943,3.2626047290232068,43.17561881460358,1.1919343506595292,1.2396882837343914,1.5217530809138629,1.4098218377567548,123.44794602572529
177,^GSPTSE,Transformer,2024-01-01,2026-01-01,28,832.2563204123496,888.3460566880016,1022.2630548863576,1017.7988308825608,108172099.3431993,764.2424066573907,816.2680350615861,930.4911128843332,934.851950174422,62736663.95995547,2.4300454573390207,2.5826233727157577,2.965881921606316,2.969111177794685,43.03403980460166,1.0184521460229163,1.085442501457126,1.3248142819242748,1.2539950288390984,113.9247269336599
178,^GSPTSE,Transformer,2024-01-01,2026-01-01,29,852.1028934680917,909.6117966605892,1028.1043339306707,1038.510530040742,106597161.0731594,780.2024860234823,833.8798547693531,934.2556644765766,952.2544509626064,58903579.13713154,2.480397055164845,2.638021278013329,2.977613380413663,3.0240495686564417,42.85111326653547,1.0590148819007836,1.1252022068984018,1.3425322101177342,1.2907367187777974,118.34483171126638
179,^GSPTSE,Transformer,2024-01-01,2026-01-01,30,805.7039979587037,860.920362413855,1009.8229025036612,969.1730141201112,109917178.52067636,741.3203343775648,792.3686897212392,919.3901754700154,890.817546363917,65885028.35853832,2.357518601227664,2.507267339272252,2.930565663484191,2.82952663760179,42.97231045014973,0.9750339517966649,1.042322592607125,1.307054706668133,1.189772962652862,110.46066160058892
180,^GSPTSE,Transformer,2024-01-01,2026-01-01,31,961.7897872540588,989.6228331602211,1196.9395705548743,1191.1299300617643,112064950.5116818,876.2926664957181,905.03394933352,1082.8038916219027,1090.0442937952585,70293658.83402628,2.78475639735192,2.862667617885698,3.4500043185432725,3.461003297593966,43.49450985535445,1.2279175459125218,1.2407511140947098,1.597115146546682,1.4959468036752357,105.6498191174136
181,^GSPTSE,Transformer,2024-01-01,2026-01-01,32,882.675096546111,931.9551745357172,1096.5963076303117,1087.587509158092,109806151.60241371,808.0198005059373,854.5233852132206,995.18512631509,997.3274130302186,65662025.29934742,2.568637782689403,2.703310363071561,3.1714591868090745,3.167090453306085,42.90338048141395,1.0989564724894068,1.152132441189296,1.4414685587999223,1.3514108622701742,110.36462087219402
182,^GSPTSE,Transformer,2024-01-01,2026-01-01,33,943.1685259742044,988.6106370467114,1174.6277505642402,1151.9375326833622,105796203.62511712,859.3894916463219,903.2261525699666,1062.1035066571085,1053.714593924046,56355335.05710275,2.7311540649740715,2.856836487249139,3.3840013618849736,3.3456327397723205,43.44821054809256,1.2031610414602183,1.2454578545459,1.5701924145074295,1.449786412704656,124.99943612573333
183,^GSPTSE,Transformer,2024-01-01,2026-01-01,34,828.9157351129744,901.106891735063,941.6453432799811,955.5562525611156,106502697.13114414,760.8388411168067,826.9354460500666,859.2925025677748,878.3930077862785,58529235.8376491,2.419206249475584,2.616192515434575,2.739533278243315,2.7901311883715088,42.736471981247895,1.0166422979384808,1.108625870219396,1.2050593892278247,1.172437245578465,118.91574264566528
184,^GSPTSE,Transformer,2024-01-01,2026-01-01,35,765.070201198627,820.0017481071586,867.4803847565562,937.8977746326412,107179859.22872348,705.7282382226692,756.1486278712448,794.1273807780129,862.8457054635257,60297792.0393585,2.2448505140796366,2.3929877159262296,2.532534206056168,2.7409476323705424,42.659871799000406,0.9121845635062024,0.9819066805551712,1.0928950792666692,1.1459785977289103,116.3938327354235
185,^GSPTSE,Transformer,2024-01-01,2026-01-01,36,713.6946822700788,769.2198267149137,880.7759784701586,887.7118811400427,108907544.42998236,660.1766170209884,710.9520249157636,805.0911131698443,817.6005309619163,63742817.69667012,2.100627435182177,2.2503799737489434,2.567184225247149,2.597580221182382,42.733256569674005,0.8367362972980993,0.9086666875988813,1.1176645988416851,1.0775573285449287,112.687841465952
186,^GSPTSE,Transformer,2024-01-01,2026-01-01,37,897.9405397737005,935.5717869312462,1159.5744047015046,1131.278321677877,112188705.36768974,820.8707746313796,857.3148910685236,1049.6018866635086,1035.901037647354,70513122.90145321,2.609277135494479,2.712060872504644,3.344354894853575,3.289268815210986,43.51874791376512,1.1260718765172968,1.1603178309129376,1.54280295045335,1.4162308445631355,105.42621810486234
187,^GSPTSE,Transformer,2024-01-01,2026-01-01,38,810.8805645523919,863.5211960699893,1012.137363022922,1010.4205677816644,110357167.48079684,745.0901205952518,793.839377917915,920.134334544548,926.598860971304,66627451.560769394,2.36938113807446,2.5117820048182566,2.932710303095894,2.9426753918899604,42.95013654421945,0.988397361675629,1.0520149313075515,1.3188372305384477,1.2553645066095729,109.21885919659324
188,^GSPTSE,Transformer,2024-01-01,2026-01-01,39,761.1353855864759,821.9830904169883,937.8486650065988,948.1586698465732,108753406.00327064,702.1575492931496,757.7546057641755,856.0468454318137,871.868102598285,63416413.665487625,2.2335389566367896,2.398031658742323,2.729233178943076,2.76948244921432,42.70121024482416,0.9069810876860877,0.9858914354726336,1.1986881197087782,1.161413408355815,112.73940212237233
189,^GSPTSE,Transformer,2024-01-01,2026-01-01,40,999.2840962588222,1043.2423733370852,1212.8574692805482,1202.3310931010851,106033847.40054424,904.212850562989,947.9543745419556,1091.6621784507986,1095.2133490340757,57709858.93500157,2.872636620165088,2.99756331862625,3.477422893066444,3.476681659445459,43.01712989999302,1.3179273586257718,1.349998248204888,1.65335699951997,1.5446870876540877,120.37733515777134
190,^GSPTSE,Transformer,2024-01-01,2026-01-01,41,862.6333709999085,914.5746205518216,1069.1745078488832,1060.282234071292,109222172.3479725,790.5466593587148,839.2333276538313,970.7963489015518,972.2805218121904,64532181.411452495,2.513313630424752,2.655065596966744,3.0938617832083186,3.087607428391835,42.80564162995745,1.0674567812031377,1.1258731138324911,1.401798865889693,1.3175622100543067,111.7549136623162
191,^GSPTSE,Transformer,2024-01-01,2026-01-01,42,908.8717764217172,948.4256076034123,1141.5091403023696,1121.9341880063978,109742362.4109701,830.4243532320227,868.7272736191663,1033.7348156706205,1027.5481136447272,65319208.40129872,2.6395341511003485,2.7480884061749413,3.2938974285831377,3.2627934422828533,42.81736320411623,1.1430624991877758,1.178986332123554,1.515358980936616,1.4030798545920715,110.8715316121912
192,^GSPTSE,Transformer,2024-01-01,2026-01-01,43,844.3426883413456,896.5481775171603,1018.5817690960184,1027.224627837784,106791489.03855886,773.5013075546173,822.4689780046153,926.1031819412924,942.3097648210648,59527780.57205415,2.4591857927527263,2.602029020292439,2.951734101731723,2.992565119737038,42.86683172478662,1.0463932575028037,1.10490015385106,1.3267242025633146,1.273896351696594,117.42023545596427
193,^GSPTSE,Transformer,2024-01-01,2026-01-01,44,983.8251729477428,1042.4927811445186,1185.5769792059607,1180.0026211043696,105752206.89681642,892.5326499731558,948.3056339091042,1069.4832841995062,1076.500537012438,56495385.40991868,2.8358670352831585,2.9988038106017134,3.4071350987123536,3.417522459869525,43.2744336685923,1.2820457748488812,1.3422304371072784,1.6009328427304066,1.5050578967164612,123.74186090040772
194,^GSPTSE,Transformer,2024-01-01,2026-01-01,45,893.922123744479,956.2652153659648,999.340423266837,990.3685761775512,106368443.75967762,814.5137114176747,872.970507836535,907.8816683591924,908.1269727329804,58554504.318826206,2.588772433385059,2.761098952754779,2.8935877898246214,2.884049553032695,42.87432445303308,1.1392279881466645,1.2089325419955186,1.3061153201392643,1.2307715956764869,118.61564722264944
195,^GSPTSE,Transformer,2024-01-01,2026-01-01,46,801.975516202825,847.3991956090506,1030.176903886699,1014.8681387065816,111378322.90015988,738.2669549818183,780.6386111136147,937.6899585403088,932.5932899674656,68603447.81212495,2.3478741057156363,2.470291848745321,2.9888166555339986,2.962027632215196,43.10482338309676,0.9677785587772344,1.0206898627622425,1.3351811416522998,1.2473273072476947,106.69402036890456
196,^GSPTSE,Transformer,2024-01-01,2026-01-01,47,834.601923474811,888.3908440165833,1004.7318252803068,1011.9142067454976,107495739.51165512,766.3009181867346,816.3002083169833,915.1803533788795,929.6142300479456,61074670.24577396,2.43656786255061,2.582725082316204,2.917233293709238,2.952524646851666,42.77436270574898,1.0220395476874438,1.0855546195051051,1.297630975023727,1.2455708529360552,115.46822840835478
197,^GSPTSE,Transformer,2024-01-01,2026-01-01,48,790.8407506547248,839.2778309616535,979.1437892900964,970.142469816155,108328547.05508365,728.335684183752,773.2835943077779,892.6778620687293,891.9461410337791,62926819.54621821,2.316409981291372,2.4470583282502827,2.845707421154608,2.833151732295401,42.852608657040406,0.9518166085395224,1.009860041890519,1.2589973105248295,1.189283264643612,113.72165341873912
198,^GSPTSE,Transformer,2024-01-01,2026-01-01,49,842.0903141516081,895.7347308166247,999.2419612536356,1015.2120422165192,106304145.58279207,770.8253274768863,821.1431202764318,908.1705124116712,930.6259133757532,58452305.014589,2.450626468582064,2.5977563739088145,2.8945708403556045,2.955383540438413,42.95678586588883,1.0477960148167365,1.1079015715955904,1.3035260680607643,1.2635943600047568,119.00930810309578
199,^GSPTSE,Transformer,2024-01-01,2026-01-01,50,819.9858507270078,875.8613504475125,1007.349349812196,1010.7608695386232,107893586.15167657,753.7808198546106,805.4120805458332,917.5740518042236,928.6294124408216,61852073.92565747,2.396966842693528,2.548397936087986,2.92485922195329,2.949414571811841,42.74764088113262,0.9974556844554868,1.0656519915281732,1.3009802747451664,1.2436424959391048,114.612072789184
200,SLV,Transformer,2022-01-01,2024-01-01,1,2.205454178866733,1.949543225943032,2.026982172584984,1.899272739536921,6480530.548850753,2.076074826805551,1.8294345644871968,1.9069279791504143,1.7689974654519671,5546643.53776432,9.374356825479635,8.194100851210322,8.671505518875948,7.979610287015613,36.44547797553472,3.243085068662872,2.898033900321435,2.998067019216386,2.9973684558204203,23.63828753504201
201,SLV,Transformer,2022-01-01,2024-01-01,2,2.9110389319265964,2.5693525155192853,2.6126092852699627,2.5219916442477293,7394796.598334759,2.705740187355566,2.393154018576602,2.430111641601626,2.333731423962278,6558120.55379853,12.23821137245132,10.738700506581743,11.068387026145636,10.548342165229654,45.498270366538335,4.785624130345249,4.126299037009589,4.286150230298936,4.253195699007266,30.25766019314572
202,SLV,Transformer,2022-01-01,2024-01-01,3,0.9792964527988378,0.9736036116986052,1.0086382799987448,0.997305637718704,6176000.649290288,0.8735770731855326,0.8810248671997787,0.9072456363275306,0.8947037512053146,5203451.998986932,3.960383956622828,3.959704641106101,4.147938408602079,4.05250118834127,33.88470991203312,1.992965344741472,1.8418379423676847,2.018786724270316,1.981887753513068,22.31826463574312
203,SLV,Transformer,2022-01-01,2024-01-01,4,2.4792756663623274,2.169335016153905,2.238639340790869,2.125949268938228,6765517.615763553,2.289070940564069,2.008263916631436,2.0662253299133115,1.951585108491132,5829435.091979623,10.34835686332228,9.006213173096063,9.405227984103549,8.815264196323163,39.07621485042274,4.240522148511874,3.615628856069887,3.847402928663133,3.747791492982708,26.521374005499226
204,SLV,Transformer,2022-01-01,2024-01-01,5,2.5758696184246017,2.2743108563889205,2.358819173981172,2.211228251075766,6825163.122616975,2.4021536030609307,2.1227566545715577,2.200572786486453,2.047495758679116,5908265.3535168925,10.861544382002288,9.521844221614714,10.021116635908363,9.249676078038457,39.61748142715378,4.130173495715877,3.5863619813050773,3.782404512857774,3.6954581533522974,26.500813081556068
205,SLV,Transformer,2022-01-01,2024-01-01,6,2.953248149186605,2.622863562521676,2.709446283126071,2.5790146529417,7719653.480180101,2.750152803551754,2.4465721677849235,2.5241322467236507,2.390949933424813,6888118.926260882,12.43832520215838,10.978134448880985,11.497208097152928,10.807026871696568,48.48452805082561,4.79161064722438,4.168228444793366,4.399507567351221,4.298147400609229,31.879060017173728
206,SLV,Transformer,2022-01-01,2024-01-01,7,2.716988923013148,2.4453146550726266,2.51896023627088,2.398635383246792,7821763.702430002,2.552583473387846,2.2991760092916858,2.367607773763,2.241426869213758,7040742.398436136,11.542874808312517,10.315458478178984,10.78355806819353,10.129312378969091,49.541962003641785,4.123039865783402,3.650499237959544,3.8208858601294167,3.773989695104274,32.31756481163456
207,SLV,Transformer,2022-01-01,2024-01-01,8,2.7253551037867214,2.4388236512315675,2.463156030946585,2.4022389173111454,7181652.349573925,2.442334456835509,2.193737813778776,2.202754252066444,2.140629150213868,6304982.026798666,11.04432668723494,9.842088413845866,10.02831998995382,9.67433397642377,42.76024174396889,5.4275058831435885,4.743770691256311,4.969887344407618,4.895985643960312,29.04955286464164
208,SLV,Transformer,2022-01-01,2024-01-01,9,2.546897241866163,2.252775975403833,2.3303792715678515,2.209026564410263,6894514.698604108,2.404371634488621,2.1237182335434936,2.1997287790984545,2.0687534790703324,5966223.306341553,10.86654928655356,9.521559246634844,10.012480615929618,9.34153589845396,39.61810388678336,3.685823396854569,3.2566945917950307,3.379956910211077,3.3831635733061924,25.623463587934083
209,SLV,Transformer,2022-01-01,2024-01-01,10,2.4044962522797184,2.141100303703396,2.205007526910909,2.0901373663049245,6684322.451329158,2.271400280748707,2.017065933246758,2.082600631936793,1.9565104420611563,5746507.049321932,10.2606286105167,9.039238001238893,9.475143689550398,8.830620686655696,38.46526322684104,3.437258094915463,3.089887817368863,3.159908620088258,3.188541381944094,25.956644254440807
210,SLV,Transformer,2022-01-01,2024-01-01,11,3.18874273125705,2.8895095339423587,2.9705987545144583,2.848057309747088,6884678.052149268,2.949046788647536,2.6782492585951942,2.74762735121946,2.6241286365643086,6040437.176754598,13.34290765939308,12.023675914690282,12.521104358515206,11.867667632561204,40.92889009062006,5.423424850203664,4.808458360224432,5.071852204191559,4.949152289984081,26.543706719388023
211,SLV,Transformer,2022-01-01,2024-01-01,12,2.92680351576886,2.6023660568609217,2.702583610473479,2.56279048808258,7485049.165834619,2.727770488992768,2.4299461835086613,2.5200062256977334,2.377953691483585,6646940.067207954,12.338960110261072,10.905096892502646,11.4809714951563,10.749811967018452,45.96566736540703,4.726784774157332,4.109511687626352,4.366617954354908,4.2505654791287375,30.027216774427583
212,SLV,Transformer,2022-01-01,2024-01-01,13,2.9974530240061736,2.7098194132550137,2.7729012870623784,2.6478138729868315,6633910.778960058,2.79362143389429,2.5308164826895663,2.585786823926363,2.458150974138541,5680824.890875008,12.637309191072465,11.359642644992167,11.781301882139342,11.113795555513748,38.00637522676079,4.841266710228534,4.277357468106575,4.479077758312495,4.379946364403738,25.780740853560363
213,SLV,Transformer,2022-01-01,2024-01-01,14,2.310572704621847,2.071860430346176,2.126404260457228,2.0140171967125773,7518163.84633984,2.177071276175542,1.9471453631844,2.0033738827696537,1.8796581100697416,6672911.171007963,9.832376121570292,8.724519941746836,9.112874621208167,8.48200439830189,47.19333941175672,3.3723307599021326,3.0478846229800927,3.110021265086327,3.137573381195629,32.238288038162835
214,SLV,Transformer,2022-01-01,2024-01-01,15,1.7793426495280518,1.579777522778071,1.631929677331658,1.527245856188602,7293287.899453675,1.6363440366915087,1.4349054152211669,1.4926721760743178,1.3690765004201828,6470072.645870918,7.371875560717593,6.411744826582702,6.77097868172198,6.158662373898504,45.09727318236335,3.019958624112861,2.8277004638526284,2.8591300924691523,2.9169592981317334,29.95799676260724
215,SLV,Transformer,2022-01-01,2024-01-01,16,1.2821613276112434,1.2168043356927294,1.2845230112339447,1.2579351077737142,6987330.960189824,1.1656683671635697,1.1052259463980965,1.162693880561205,1.1196762380937324,6146548.709468735,5.28504003240725,4.966193796160924,5.313342362585789,5.070286681392823,43.569327039323404,2.4274929249370216,2.2730817815770488,2.505735691130077,2.5887899332164914,31.226775751559792
216,SLV,Transformer,2022-01-01,2024-01-01,17,1.0201788061773287,0.98306255891857,1.0264054642076998,0.9876677062234432,7584635.754025833,0.8902589723635168,0.8578718755483469,0.910732178465667,0.8600634273050912,6727492.800749741,4.0218805001460565,3.840933158815728,4.1500889135292685,3.880196329458865,48.17369273486605,2.190657860543067,2.0827524087826297,2.110025036958186,2.1233264567966392,33.36565212095499
217,SLV,Transformer,2022-01-01,2024-01-01,18,2.6185261028402493,2.3620200046568725,2.3932089307982287,2.305391873615194,6524124.852833174,2.465139948720496,2.225256951513112,2.25378430711204,2.1582985560699988,5551928.064908718,11.144206585425612,9.98096752128979,10.260856282049112,9.750315565619472,36.67952807342854,3.8972825846764496,3.457476953801013,3.5582384394587128,3.5645030678785967,24.694601033363213
218,SLV,Transformer,2022-01-01,2024-01-01,19,2.894623305838751,2.633424344276824,2.70080679390085,2.5756257255787465,6989876.712577509,2.694103351004655,2.4556932459138467,2.514421245323185,2.386822469747011,6124397.163194949,12.18424730954727,11.020252048234669,11.453748967457551,10.789122163776996,41.61220233464345,4.711778144883203,4.196639283482766,4.406751255331251,4.305377098975195,27.09173804022582
219,SLV,Transformer,2022-01-01,2024-01-01,20,3.375612396341557,2.991078933402029,3.1105375301214893,2.960591845941275,7345218.88966154,3.086323391643893,2.741651427695804,2.8442478767206056,2.696583940843655,6505579.955154132,13.966017835493702,12.308534402578289,12.96234853187615,12.19617802155067,44.71002834731143,6.134050962688051,5.3179765526607605,5.67580543643202,5.482163385807302,29.089645416220865
220,SLV,Transformer,2022-01-01,2024-01-01,21,2.4205131731869725,2.1400110535393,2.2270349812038472,2.091891257886504,6610125.1647419,2.2846002592219565,2.015201497021799,2.099874014586084,1.958005419999072,5731134.185311036,10.31486688220519,9.025760394549716,9.547783685242674,8.832524244664992,39.18604373784546,3.4772447829313458,3.09178820368344,3.232291834263392,3.1872481832363326,26.669283459773624
221,SLV,Transformer,2022-01-01,2024-01-01,22,3.2035084646528653,2.830216734962145,2.949014728965843,2.8035462098558765,6864902.507770483,2.947437300275672,2.611127549220144,2.71371175768559,2.569826117073222,6032322.821733395,13.334792384479591,11.720243677642582,12.364842774493336,11.620169989203792,40.88684091069526,5.615319425763823,4.842317636189996,5.187588653016273,5.012784614271049,26.450579327067693
222,SLV,Transformer,2022-01-01,2024-01-01,23,1.2263825235828651,1.2064792477582449,1.2019936141465632,1.2293469867933906,6966437.927899824,1.1175954624297144,1.096185453243857,1.0891973211684118,1.1010837145346082,6138971.096963633,5.072255360634166,4.932135361104774,4.980407961145438,4.991744818300076,42.54274277850198,2.30889830910506,2.270137499354344,2.339163757497419,2.482900923440018,28.33063305778743
223,SLV,Transformer,2022-01-01,2024-01-01,24,2.403816930992634,2.1589544903208355,2.200645530242188,2.109252135634434,6579589.5113975685,2.2723186759098164,2.0374332047984387,2.079201657018584,1.978702651286316,5523826.830194477,10.263196907230826,9.129687372567204,9.45753846405731,8.930309416250562,36.47029699247727,3.413951616351064,3.0704354248850296,3.1429089509117576,3.166739211276,25.90769027054229
224,SLV,Transformer,2022-01-01,2024-01-01,25,2.335623396330489,2.0775007521296587,2.144548464089072,2.0273499403950885,6593508.401085278,2.203214612065778,1.9519438029706768,2.0229107066776373,1.8912212037298344,5589586.31465775,9.952378488260152,8.746819263837931,9.203309525472012,8.534911119147807,36.499877588585385,3.3773529245200264,3.060417543150011,3.1047992034577354,3.1666123298682023,24.295094794776297
225,SLV,Transformer,2022-01-01,2024-01-01,26,2.261172412313362,1.9993251512384904,2.083249982235856,1.955116203956165,6725198.541391007,2.1306702529326373,1.875678881503348,1.961454623770238,1.8223414050997744,5774656.972142825,9.616735433480056,8.397820392161856,8.916043487459982,8.217339125219999,38.46774280710948,3.2759796263524885,2.9582981506310424,3.042766283585516,3.0506379600089466,25.96242886242084
226,SLV,Transformer,2022-01-01,2024-01-01,27,2.301874605503836,2.012686234879915,2.1093818641746105,1.9736945758732165,6762670.920508692,2.158724750514689,1.8794324422004791,1.977439442246109,1.828566301451285,5878519.138241188,9.75188244154764,8.421159750617772,8.99696592612513,8.251516808642405,39.20033495262757,3.50177067254778,3.114973651097831,3.2222204634544704,3.2384085327367376,25.213128814317383
227,SLV,Transformer,2022-01-01,2024-01-01,28,2.635747545785384,2.351845424210291,2.435272584893652,2.3053678106811213,7304631.047381081,2.405854563337855,2.152307469612627,2.2222120575275093,2.0919380354192274,6479903.737975512,10.879030544980916,9.656038269076618,10.12033949630066,9.453651441711315,44.38254064018976,4.813539079435767,4.203396990722791,4.475459288162996,4.3318485614724,28.52465226054964
228,SLV,Transformer,2022-01-01,2024-01-01,29,2.76193888326805,2.480953865173793,2.563917112804186,2.4371580827574344,8496389.99137702,2.58618707179385,2.324874386799828,2.400769010411356,2.26955758414018,7582605.413151185,11.693703773233556,10.42979548672306,10.933199072636016,10.255634617537376,54.09153662798645,4.299144299473672,3.803415883228715,4.004863005515273,3.9322195574461807,35.99017506487118
229,SLV,Transformer,2022-01-01,2024-01-01,30,2.7909355693325777,2.481829972435873,2.549933802538396,2.4370254854726983,6506776.4135356285,2.623435165968488,2.3353836344536547,2.3978559989416945,2.279510737986301,5558649.132403101,11.865332881503164,10.4787834882355,10.922125701519692,10.302493834502364,36.73118870257851,4.224004063121618,3.683412083519773,3.856022229395099,3.810342462142721,24.43629718759044
230,SLV,Transformer,2022-01-01,2024-01-01,31,1.5208981703306792,1.325107123222408,1.3892927349634296,1.2795066002368198,6887367.164595394,1.355639499591265,1.1824544352316764,1.2232920732672747,1.1220819857814732,5910810.165776312,6.087577733585887,5.270133716697877,5.527128458933553,5.03344579585232,38.66790287413966,3.036383403180452,2.5884554097071293,2.9156093190463155,2.684394356665224,25.006256886705795
231,SLV,Transformer,2022-01-01,2024-01-01,32,2.705053062783116,2.403656362515985,2.4982565955336886,2.371102564414836,8338242.025682295,2.448120596115662,2.179286413108336,2.2563012862963308,2.13075209820212,7454110.181329646,11.06307907464525,9.77034520777303,10.266572358607847,9.622645768161124,53.24160145859872,5.145687047926199,4.495857393214885,4.819070336782743,4.652965110996751,35.256782353947244
232,SLV,Transformer,2022-01-01,2024-01-01,33,2.42053595366024,2.138164949646404,2.2279911191366133,2.093704429022919,6989157.538403624,2.2847725869455284,2.0119236419174102,2.1031364719169314,1.957585091290564,6116757.582527454,10.32201719669452,9.01655934963522,9.570003116184512,8.835975081815157,41.22974367226142,3.487049195922721,3.117148976710506,3.212801130622496,3.2233619767020647,26.598608839728776
233,SLV,Transformer,2022-01-01,2024-01-01,34,3.0303725374459165,2.6764299714499167,2.785385537690726,2.639514211910247,7072845.217574232,2.805622305975408,2.484556921111377,2.5803876268435304,2.4342275441928622,6181410.477168373,12.692912732970306,11.15162922008463,11.757510798405349,11.00589244491065,41.89767271477524,5.116804303805344,4.404152008233476,4.704197398517448,4.554121292416395,28.004340218962927
234,SLV,Transformer,2022-01-01,2024-01-01,35,3.0820806731203314,2.7283575878424,2.8426402908426103,2.694494894868753,6520015.771888906,2.8511854592356864,2.5303308271101668,2.6306853259845195,2.4829462220297582,5585430.603947296,12.898968587965737,11.357091810086253,11.986622226742542,11.226482863909707,37.13894559945595,5.230928242016655,4.518120351024278,4.833439341736138,4.672692168359397,24.942910313500622
235,SLV,Transformer,2022-01-01,2024-01-01,36,2.450983074071397,2.1726253143765755,2.219760356963142,2.1309111071788465,7498142.221490868,2.198495909344362,1.9547173445505863,1.9830133793267395,1.8955327478790445,6637436.507007823,9.931807200705808,8.760169150232535,9.017295647169997,8.555855738226773,45.40217193182341,4.847639774275804,4.207668051817168,4.483902003254617,4.357553131873081,30.899091923147832
236,SLV,Transformer,2022-01-01,2024-01-01,37,2.754487023828001,2.44617729522314,2.521007883844933,2.443141773805564,6444714.523924866,2.587853180626696,2.2999846315966748,2.3692053318142903,2.2823742314348765,5423854.292003167,11.701594496217492,10.317563763606229,10.789198175325412,10.314002179120516,35.65881500347998,4.17726778423722,3.646557230453,3.823575107863608,3.851366540966661,24.616547141913266
237,SLV,Transformer,2022-01-01,2024-01-01,38,2.5420231710103582,2.272632151230204,2.3531664555733367,2.21604398242978,6486423.435221865,2.4026767454597406,2.146476144435653,2.22452220007538,2.079978517119601,5428377.033435757,10.8578173809342,9.623220188266664,10.124873036788378,9.391865489319482,35.46872725607357,3.63758172831868,3.2318210914568177,3.3689300546972376,3.335131602064953,24.57926233918524
238,SLV,Transformer,2022-01-01,2024-01-01,39,2.872712813286514,2.550833383567062,2.6585058919850293,2.508576648981971,6699795.308039777,2.6742026959623075,2.3787035306249056,2.474772266384141,2.3248537424781897,5780870.600358037,12.090106406639796,10.669149088479504,11.268142184004867,10.503928525024232,38.434740232652935,4.662796691994452,4.050524400999523,4.331133607125558,4.179236420027689,25.24620447199439
239,SLV,Transformer,2022-01-01,2024-01-01,40,3.181989360195803,2.8119496688879493,2.902437743906624,2.7711972973084267,6650032.855641059,2.919309560325166,2.5872073141402323,2.6635953198398954,2.5328503712596286,5787141.946351172,13.207261104649069,11.61252186192916,12.135457895311164,11.452350882285092,38.49531335462778,5.6682722815526265,4.888603770191398,5.183780136121361,5.032136456985427,24.47541341673092
240,SLV,Transformer,2022-01-01,2024-01-01,41,2.86431968878886,2.5708396814582994,2.648418888990841,2.521057312180723,7490933.537136571,2.6660942645581165,2.3972654836485963,2.465441407972732,2.336406078141965,6713963.592890594,12.056405595089188,10.755763874034033,11.228482998531302,10.559265998880134,46.911569339986414,4.659344608392944,4.092638395081631,4.320377702386679,4.208401237736687,30.7080172001281
241,SLV,Transformer,2022-01-01,2024-01-01,42,2.9490561612028308,2.60519753060617,2.7181814921913445,2.570553054022874,6789610.947464882,2.718985615500903,2.4070484800253285,2.505066039325728,2.3592264188822183,5903430.503720183,12.292175054101698,10.795695860881084,11.40487977286353,10.659020417562164,39.37846719598071,5.091251680642231,4.399506233839147,4.722795291805108,4.545522541897018,25.37842972641904
242,SLV,Transformer,2022-01-01,2024-01-01,43,3.384319891933985,3.0501015046342963,3.131850395744858,3.017195448400541,6882848.181366572,3.07642558676116,2.77989567595304,2.845707699182142,2.7318891675051225,5997971.002277822,13.920231398169792,12.48047954831852,12.967634895436142,12.356177227702675,40.34949080531127,6.3318215479178,5.588655419951507,5.899589003758957,5.75226704684341,26.2444926908166
243,SLV,Transformer,2022-01-01,2024-01-01,44,2.686332960131254,2.382318466076044,2.474566559867958,2.338594086442573,6523915.36901969,2.5352490258974894,2.2479087186959625,2.336883717636963,2.192981404963014,5591591.8795414325,11.465592688175654,10.085095025713198,10.644679381064432,9.90974112912646,37.11554313830376,3.92530016830524,3.4437754012022053,3.6040649949019232,3.5735578379569546,24.77711883131779
244,SLV,Transformer,2022-01-01,2024-01-01,45,2.33082283853842,2.088207840734928,2.1403458410953493,2.03289875961607,6674618.655862725,2.186645603264013,1.9587301541453987,2.007013019801621,1.8924731725862016,5775258.9793826295,9.878184174343655,8.778791269027757,9.130483503470336,8.54216878802117,38.53820702991742,3.547959144999835,3.146745674747108,3.27566189753321,3.2532613068355927,25.378846320530645
245,SLV,Transformer,2022-01-01,2024-01-01,46,3.3031419495796417,2.9606139722616507,3.0274027812330178,2.9127562719828384,6769807.737921172,3.015453019061965,2.7097739115517574,2.7633533967434403,2.648777761059222,5910837.390858755,13.643380608738056,12.16441619561322,12.590814755373886,11.978523985887524,39.769131250425325,6.046933058097164,5.303688892342105,5.570322271370571,5.434428932598691,25.770363336282355
246,SLV,Transformer,2022-01-01,2024-01-01,47,1.1422528782965378,1.0760050779577688,1.092742802225103,1.067890555147154,7984710.611129702,0.91821584368758,0.8692444187953441,0.8993471664805875,0.8765953851724148,7152652.452415117,4.124980953563064,3.87214756101932,4.072891052025782,3.93522044830444,50.65333932589645,2.9684940038247967,2.737200095341332,2.716634908693368,2.6389327292556617,33.53433315846846
247,SLV,Transformer,2022-01-01,2024-01-01,48,3.040719542827512,2.6767284513006,2.788401106064552,2.64492662676398,6494012.117128977,2.8390248994267115,2.504838053556379,2.6053603981306828,2.4605243255791494,5471106.848755172,12.843740856692293,11.242073397704676,11.870917496664667,11.124397955691505,36.27553215482425,4.852701697372551,4.161535468038843,4.442423049669251,4.314564442785499,25.461233868783573
248,SLV,Transformer,2022-01-01,2024-01-01,49,2.7666413743289286,2.484136626223323,2.53773749663744,2.430834842643,6532066.474326463,2.590289858329321,2.329121238880894,2.376504324380635,2.26492763196089,5545535.853097174,11.710452033690796,10.447418258487556,10.82014066120498,10.23303950239449,36.54848219193066,4.304837847547393,3.7871682003519793,3.9534300160991744,3.9011256884841456,24.660741861273262
249,SLV,Transformer,2022-01-01,2024-01-01,50,1.1662572068112167,1.120632505011236,1.145484320055863,1.1262041206933475,7040324.76060015,1.00467244781608,0.96878386496329,1.005667999508163,0.9748151489529856,6187681.038978482,4.524452735231821,4.32642057403557,4.567562273597298,4.387584064807968,42.67956638236157,2.5888823655753583,2.430792929250197,2.411077092369466,2.451279797472034,28.493528237665704
250,SLV,Transformer,2022-09-01,2024-09-01,1,0.965030549450529,0.990938980426675,1.0867973194432898,1.1017675289408562,6189253.51363969,0.7410388470421759,0.7517957942411616,0.8438765813442962,0.8494452341040989,4757982.723739734,2.9169505593413194,2.9375261121394054,3.3615877668716,3.3468038329779426,29.97518534103846,2.506611050446283,2.5894200710801085,2.79652516028332,2.848438940272348,23.75247484140229
251,SLV,Transformer,2022-09-01,2024-09-01,2,0.9441988007771864,0.949440513107543,1.033072846254682,1.0726409691590353,6188148.977094579,0.7461026039226215,0.7505405282541988,0.8177481116851066,0.8281398454586868,4754934.950125841,2.928585149325685,2.921097856794321,3.2497906474375347,3.261092279950508,29.919822615406044,2.348947900856528,2.33769921560693,2.5825970378675485,2.769023855756802,23.672031238970373
252,SLV,Transformer,2022-09-01,2024-09-01,3,0.9463904839677806,0.9451721776015686,1.0161221989519784,1.0596885326393322,6188512.914567783,0.7454235588824232,0.7522953463194597,0.8125449670929271,0.8211003832957797,4756009.024697292,2.9269329641858404,2.9260423917425347,3.2250818789485534,3.231814206393544,29.93963248819504,2.3668853270014565,2.300980509106356,2.496919126256613,2.7223250542604376,23.7009490227284
253,SLV,Transformer,2022-09-01,2024-09-01,4,0.9266740329494184,0.926303016364296,0.987791567909031,1.0223864801122606,6186609.191753155,0.762685678749895,0.7635035339053099,0.8163988118188558,0.8053061619228038,4749685.771661332,2.981430936672904,2.957631631447444,3.2292492417064262,3.16298861628176,29.82260919809893,2.1372653944872315,2.1061617817274185,2.27800458841688,2.5631307629046693,23.53160977095287
254,SLV,Transformer,2022-09-01,2024-09-01,5,0.9606769402497312,0.9761608878123932,1.0470148029042043,1.1108787031453904,6185778.608783902,0.7418618683497621,0.7465053537524369,0.8240242492607949,0.8574739920593165,4746660.44484256,2.918683348003439,2.914183211558464,3.2772783375325227,3.3785787927623407,29.76763060993782,2.475750496618982,2.523807560569669,2.6417876457011245,2.866982000570914,23.45367543389148
255,SLV,Transformer,2022-09-01,2024-09-01,6,0.943725119604926,0.9530403275195142,1.0312862399240434,1.0610221875267234,6189776.143330087,0.7462499424951635,0.7490013701434951,0.8171776787763638,0.8218442235512473,4759519.671076113,2.928955790076273,2.916641090017528,3.2471485522894814,3.234912930859515,30.003986868360265,2.345070205600562,2.36840240862932,2.573823372964944,2.727075879198025,23.7950481780844
256,SLV,Transformer,2022-09-01,2024-09-01,7,0.9566598673543816,0.9760960194578312,1.0659003725367335,1.0841491422607097,6189515.784894047,0.7428630606425958,0.7465465864888369,0.8325411274163278,0.8358500866271744,4758776.287279739,2.921095667794272,2.914298612366586,3.31408269180638,3.292401081273717,29.989994236226742,2.4457364862752984,2.523206058027317,2.7201563876675108,2.8037133329563844,23.77418982704436
257,SLV,Transformer,2022-09-01,2024-09-01,8,0.9320301641531944,0.9367965878556178,1.0309825419471943,1.057055820447943,6184706.63240493,0.7554922049735803,0.7562026928444208,0.8170683352366356,0.8195981203916366,4742173.774646783,2.9580167297620688,2.937006779526196,3.246654881304888,3.225580144172217,29.68511608379478,2.216741437933869,2.2240064199493808,2.5723972949928897,2.713084123100109,23.33650025588766
258,SLV,Transformer,2022-09-01,2024-09-01,9,0.924156582786284,0.9232965069706536,0.978225686582798,1.01056822534832,6188463.908567345,0.7652239611695958,0.7636064126311832,0.8194292108691481,0.8003586917264033,4753564.82280967,2.989284646134551,2.9564532584588497,3.236427924707053,3.1409545525173623,29.886526083836085,2.1033514958084734,2.082600056623072,2.188307155067652,2.510451314444245,23.62182173477334
259,SLV,Transformer,2022-09-01,2024-09-01,10,0.9334798802990212,0.935776345876147,1.0059441861711542,1.0574592783615722,6189869.871285588,0.7537166677655105,0.7565375897948836,0.8098793862186576,0.819812261525662,4759526.083440602,2.95219653533212,2.937806834857025,3.211653954568368,3.226487684056332,30.0033543370257,2.236557451239614,2.2151311001960963,2.441629500162552,2.7145750943293248,23.794065890905564
260,SLV,Transformer,2022-09-01,2024-09-01,11,3.0928606284851186,2.0922616782039225,1.5723017008870348,1.0556285208764402,6478871.384485825,2.252024489503491,1.5549885771138574,1.2007084947812847,0.8255403317717909,5038178.57649887,8.47224160362512,5.817696053761694,4.59538246055561,3.250823026048652,33.04772716156732,7.815926634304516,5.119036912695267,3.7782259433525858,2.672287619448278,27.663674163447823
261,SLV,Transformer,2022-09-01,2024-09-01,12,0.9671494650613308,0.9876558898286856,1.077631084829467,1.107732619266668,6191759.897938987,0.7395033528373448,0.7499418889323655,0.8377786653119715,0.8548761878192457,4763458.23544263,2.911980687544931,2.9300333160934224,3.33668972402228,3.368316040860482,30.07317767185725,2.5266458900008364,2.5780344478705564,2.768325908463569,2.859715770854701,23.8980322599098
262,SLV,Transformer,2022-09-01,2024-09-01,13,0.7202009858950866,0.6478664323395485,0.6650104236056188,0.8184180486281747,6243357.855529378,0.5973728189819003,0.5579245178545074,0.5483742192198682,0.649305206586246,4755514.195692207,2.3342314963509097,2.147143481059543,2.1588358805089705,2.546410214010032,30.015995127550603,1.6364274148184508,1.3092486656573628,1.5267888844466266,2.019044174403436,24.473856176585382
263,SLV,Transformer,2022-09-01,2024-09-01,14,0.9875749453949494,1.0184125757822189,1.1179954275166055,1.1512649359502765,6191386.988037885,0.7456237606072924,0.7699178468571825,0.8676967463625379,0.8992859621126589,4763141.347792432,2.9404878582044764,3.0110145644928474,3.457890359891738,3.542023928702183,30.06901613510043,2.6241437235454943,2.673774992184025,2.877416009676775,2.919629436835471,23.892294394172307
264,SLV,Transformer,2022-09-01,2024-09-01,15,0.9221790136865232,0.9464626256878564,1.0067317715364272,1.0704881138333506,6183125.008164042,0.7721958729047109,0.7512340869907533,0.8098336513786938,0.82697785534722,4731004.7660424365,3.012340664911789,2.9226817803503327,3.2117774011201528,3.256289752159635,29.477478909288617,2.043949130628465,2.31485839300191,2.4472631281541743,2.7612505500502733,23.04805676940336
265,SLV,Transformer,2022-09-01,2024-09-01,16,0.97662134764943,1.0179536769318172,1.0997135130215776,1.126118352990165,6185445.089380444,0.7410733686002412,0.7688436899010094,0.8517485646502424,0.8726584447432308,4745254.560323747,2.920446089320612,3.0068252746047173,3.394040893554732,3.43814056115563,29.741286505701904,2.577528113409835,2.6755927792044347,2.839230424395159,2.889944278087945,23.41571156531713
266,SLV,Transformer,2022-09-01,2024-09-01,17,0.981679090872604,0.96514173205405,1.0265929561134917,1.0842430053029832,6189298.062347284,0.7430002603743266,0.7450289514857593,0.8153548307285478,0.8360168131461811,4757219.722753645,2.929080534904276,2.905758462213769,3.2390448912166887,3.293081857511567,29.9573742184027,2.5998881906185134,2.4630643730642814,2.552332506864013,2.8035086360418866,23.72514525510731
267,SLV,Transformer,2022-09-01,2024-09-01,18,0.9348529281444956,0.936435594364519,1.0055054429080867,1.0445335861247202,6187157.871584397,0.7524052234533163,0.7564318242724195,0.8100173331277356,0.8130492751123403,4751677.229645167,2.9479677060467018,2.9376777672182426,3.2119833520428047,3.1980068703607216,29.859773091672626,2.2530821609517733,2.2202660800743583,2.437865323482188,2.666041260464967,23.585316701672003
268,SLV,Transformer,2022-09-01,2024-09-01,19,0.951782172473754,0.9766441460070712,1.066225986459952,1.083016652708637,6189395.492907818,0.7440236857009336,0.7467457688660969,0.8326786313359738,0.8349942489971096,4758520.510659728,2.92373646751981,2.9151831050154224,3.314678255478888,3.2889630714017293,29.985778311233,2.408964761539168,2.5256593805919985,2.721539060885705,2.8007406272384245,23.768301999054547
269,SLV,Transformer,2022-09-01,2024-09-01,20,0.9698506662369054,0.9762696276493268,1.0660017341046883,1.097952459996965,6188707.5979715055,0.7400574612817613,0.7466084140010174,0.8325813584944888,0.8460804901587231,4756571.313747678,2.9147146217346345,2.914574614313658,3.314258780488165,3.333474015689717,29.94995677745222,2.540640414962005,2.523991503941303,2.720600993703023,2.840649871393825,23.715981765604035
270,SLV,Transformer,2022-09-01,2024-09-01,21,0.938224545373548,0.9389055079553092,1.0359216498873272,1.05127213141333,6189299.063338415,0.7491454348479316,0.7552477172562286,0.8187128670749169,0.8162865291318977,4758227.68873312,2.937371425513372,2.934406853933985,3.2542289466775696,3.2117897773873296,29.98017716020475,2.293173304164205,2.243595838231584,2.596302166824125,2.692719418210856,23.75991725538357
271,SLV,Transformer,2022-09-01,2024-09-01,22,0.93563983404964,0.924276980988443,1.0426635887759417,1.0113406286649786,6204135.914230086,0.8102421389720219,0.7805747872029817,0.8220154541076351,0.801076538061297,4800052.042209226,3.136368545228556,3.008699218127491,3.2685339189981253,3.1436640522757693,30.599026370206,1.8539521883875767,1.964757988563321,2.6236695316145213,2.51177140213872,24.51246892242313
272,SLV,Transformer,2022-09-01,2024-09-01,23,0.9520522206780936,0.9621656916281794,1.05165256703725,1.0777600781413312,6186789.522103208,0.743966665378361,0.7458333341285445,0.826248642787786,0.8309985177063631,4750516.795798277,2.9236187234748923,2.907726772008856,3.2868446385722367,3.2729042175165404,29.83861575548461,2.4109830183171628,2.44076814523864,2.660557142621337,2.7869983763698656,23.554809611921275
273,SLV,Transformer,2022-09-01,2024-09-01,24,0.9440310344904466,0.9703435487711842,1.068880588818487,1.061969574444482,6188696.970172517,0.7461479221006472,0.7459849679017283,0.8337987346970531,0.8223653750952811,4756547.860401377,2.928692777195987,2.9106559812181154,3.319530039106237,3.237079765994374,29.94959323448324,2.347611950066887,2.4906788314644293,2.7327811826045387,2.7304810059119515,23.715531247079547
274,SLV,Transformer,2022-09-01,2024-09-01,25,0.9615847680689572,0.9811038768494564,1.073717469856467,1.0943686645880843,6190378.157350999,0.7418207671954584,0.748436259090283,0.8358743540422323,0.8433733188172371,4761218.898394172,2.918796269997589,2.922610347340968,3.328472944110049,3.32262972780514,30.035167521344142,2.481608821810548,2.545205762422236,2.7530206900235505,2.8313192741095725,23.840508437830607
275,SLV,Transformer,2022-09-01,2024-09-01,26,0.9472708399257116,0.9543193156969816,1.0419053089181238,1.071762436547873,6190088.155652241,0.7451538742461448,0.7485466623511493,0.8216459214888853,0.8276643304516952,4760366.961924735,2.926276791271785,2.91537123596225,3.2669385669123314,3.2591229512131585,30.01970942238123,2.374031270567774,2.3787465097262936,2.6205976744423003,2.765864820326524,23.818181088376573
276,SLV,Transformer,2022-09-01,2024-09-01,27,0.938424547070721,0.9516970560385308,1.0631165376918983,1.054131488039658,6187018.866906017,0.7489603179047087,0.7496071465486204,0.8313487984472602,0.8179460245040988,4751294.289713549,2.936769189738404,2.918422754165136,3.30891786927019,3.218692833831169,29.85292562221838,2.295478268317415,2.3568469267110386,2.7084146428157503,2.702701598314378,23.57544264031628
277,SLV,Transformer,2022-09-01,2024-09-01,28,0.9406260660036804,0.9391872526573692,1.0477456324382362,1.0858597683530022,6188000.951001235,0.7476822054997628,0.754882449653902,0.8243816348038133,0.8371200973688527,4754353.304322055,2.9330066906638828,2.933220623866528,3.278814426465697,3.297512565384501,29.90883133471885,2.3170453062423872,2.2474654437353534,2.644719978795309,2.808301424757256,23.6560777183327
278,SLV,Transformer,2022-09-01,2024-09-01,29,0.9439278882739544,0.9588978440209888,1.0435288915879242,1.064189171347086,6187396.727264756,0.7461857436043569,0.7469023828308105,0.8224268874164387,0.8235838873860483,4752547.150298217,2.928794041118578,2.910716724804417,3.2703185934293453,3.242150757890102,29.876049121818216,2.346738718591572,2.4154430154268147,2.627224502145912,2.73845333950933,23.60886700442781
279,SLV,Transformer,2022-09-01,2024-09-01,30,0.9739318968569508,1.006097914992191,1.1046385713288291,1.1235717158379084,6189861.114133704,0.7405823776400016,0.7604932485007976,0.8555077048995431,0.87026818445008,4759293.724972795,2.9178750550746853,2.973312688740902,3.409237196645597,3.428749775331579,29.996235232268443,2.5633298192433265,2.641705425965009,2.851983165875107,2.8854425657413496,23.781681762824466
280,SLV,Transformer,2022-09-01,2024-09-01,31,0.9708562975969292,0.9891648319330988,1.100783724888113,1.1496352512127623,6185363.189993288,0.7402158254655894,0.7511861260770416,0.8524091840971104,0.8969068752327991,4745145.606437977,2.9155973272227858,2.934833154318996,3.396749384379872,3.5328455470707407,29.739900473274204,2.546116036820521,2.581515541351989,2.842724489424264,2.920897839080192,23.413932113136813
281,SLV,Transformer,2022-09-01,2024-09-01,32,0.940220598363013,0.9467856869605886,1.0416800626670446,1.0592196813374533,6188019.670386005,0.7481820579865625,0.7521253510367382,0.821687418905801,0.8209196283876731,4754707.554025724,2.934621847287305,2.9259395656067926,3.266983124263525,3.2310049423907223,29.915805335291285,2.311676541938405,2.312441451749444,2.6189070768738736,2.7202776182043342,23.66605145474477
282,SLV,Transformer,2022-09-01,2024-09-01,33,0.938693790782118,0.9496809965925518,1.0247758006625147,1.057111918143321,6190224.033635912,0.7487424091665515,0.7504002104701033,0.8152816030479131,0.8196493197042611,4760756.926598131,2.936076404738176,2.920668099454793,3.2380904293389863,3.225778188443839,30.02700951225881,2.298425749703904,2.3399523300328267,2.540644812087318,2.713189787730421,23.82894140161403
283,SLV,Transformer,2022-09-01,2024-09-01,34,0.9609698714697684,0.97919631318309,1.065134801109128,1.1014368343330228,6186506.505193638,0.7419176039242861,0.7476949320679475,0.832223316105071,0.8491334057728428,4749540.096254658,2.918968871718202,2.919374582744391,3.312698936009017,3.345572774795996,29.82072288232773,2.47731898889016,2.536948819955511,2.7168854335027444,2.8478612700582104,23.5291717360836
284,SLV,Transformer,2022-09-01,2024-09-01,35,0.9413434222408118,0.9486359327306394,1.0187873909128575,1.0639027477814191,6188970.657317828,0.7473535241239493,0.750681030488787,0.8133547609396453,0.8234183717788269,4757167.100539675,2.932084783527894,2.921360697229964,3.2290053193925425,3.241470015805921,29.96017285413768,2.3235583912934463,2.331788153296764,2.510667884431996,2.7374616089161496,23.730570569229425
285,SLV,Transformer,2022-09-01,2024-09-01,36,0.9591150130964594,0.9746697621814884,1.0708412355109789,1.0966030970907743,6189095.19939908,0.7422347194867299,0.7461265365822168,0.8345716947362882,0.8449784015333368,4757460.077320309,2.9195697537836134,2.9123727942964908,3.322912009587758,3.329088567638503,29.96561126037553,2.4642072461891007,2.5164123052367806,2.741312739494138,2.8374950664337035,23.73881643424086
286,SLV,Transformer,2022-09-01,2024-09-01,37,0.9460172754173052,0.9494239335230642,1.0383566989595374,1.064436760600341,6189370.235809986,0.745524091187473,0.7505185435122094,0.8199302127264855,0.8237335355019816,4758416.73030623,2.927160965998655,2.921015242647257,3.259495071993257,3.2427647602356786,29.98338996314971,2.3639160742829173,2.337700298908074,2.6060965554554545,2.739275928964394,23.764436736826376
287,SLV,Transformer,2022-09-01,2024-09-01,38,0.9554919739688376,0.9729359597158695,1.0422762029555106,1.0749485279627362,6181453.647853135,0.761038866522261,0.7813330520626985,0.8369119511414929,0.834532917226902,4746337.032206762,2.985305894702626,3.03774016455466,3.319993952392835,3.2837760905734847,29.738600588379555,2.346084853057684,2.333524866077687,2.5407758552036483,2.7530846016212416,23.34271457158344
288,SLV,Transformer,2022-09-01,2024-09-01,39,0.942994363519063,0.9585199123962992,1.0732190810584108,1.084061282206926,6187746.162028784,0.7458343388251047,0.7454462955125762,0.8350165936053432,0.8358577433707648,4752948.658635458,2.9272553795558505,2.9053906503093034,3.325229111090134,3.292463139295423,29.882226576165305,2.342404355128344,2.419979130681691,2.753913234346178,2.803140696676106,23.61853806999285
289,SLV,Transformer,2022-09-01,2024-09-01,40,0.9753086769623042,0.9953446181344836,1.0751549444434991,1.1036735497575692,6189020.272214448,0.7408672836137739,0.7531716199771987,0.8364167386026948,0.851093487261204,4757390.836453695,2.919311640863405,2.9436805018848964,3.330864023288397,3.3533410370706527,29.96482215126155,2.570462459688531,2.60957025773083,2.759366859628719,2.852471204123137,23.737694672911488
290,SLV,Transformer,2022-09-01,2024-09-01,41,0.9408560611714956,0.949149581252098,1.026158884257775,1.0606458219623336,6187604.5389073305,0.7476531022593413,0.7506078307254314,0.8156970645054468,0.8216342488152812,4753260.809160188,2.9329782475607256,2.921251385329248,3.2400689804274623,3.234035864804833,29.88911622624334,2.3187329573219944,2.335481297557294,2.547666768054577,2.7257372728511617,23.62758806389421
291,SLV,Transformer,2022-09-01,2024-09-01,42,0.9270152372401708,1.2940641011254503,0.9906577976753652,1.3249260063869397,6182253.227146663,0.7995750076327633,1.0707566075146218,0.815164440097606,1.0916165627816192,4722381.592839285,3.1016221436793634,4.163184002552275,3.2258036339261853,4.284042418606921,29.32119668266402,1.875759720197247,2.9271038153167024,2.305891115651485,3.056006803540028,22.83755246650641
292,SLV,Transformer,2022-09-01,2024-09-01,43,0.942975561597156,0.9811565191917742,1.0715353233100635,1.077044531110165,6188707.340456991,0.746531372409017,0.7484528362122891,0.8348926283592648,0.8305551642531444,4756084.889092979,2.929705262847002,2.9227109970180294,3.324282771507228,3.271097227256192,29.93798938038713,2.338656035665332,2.545464973446573,2.7440901337661074,2.784658167426956,23.697012926385582
293,SLV,Transformer,2022-09-01,2024-09-01,44,0.9506603791330336,0.9563968539693388,1.0428342836124067,1.0775336628586654,6187766.436160087,0.7442715619701534,0.7477464575606146,0.8220872657496375,0.8308203653013521,4753750.781379875,2.9242606375243123,2.9130748872074856,3.268855782502119,3.2721925923827744,29.898286943040127,2.400507598234654,2.39574153068547,2.6244253761134013,2.786435831893606,23.64098289828114
294,SLV,Transformer,2022-09-01,2024-09-01,45,1.0088604945614206,1.0739409672510634,1.1949641742942971,1.180356828589651,6192811.844462888,0.7601497659868794,0.8167954921101016,0.9505339894392438,0.9294257855855864,4767736.815222398,2.999881991769324,3.1951328726722834,3.7834825538326537,3.659343436100341,30.1408631782888,2.6886868273346844,2.7958733423782163,2.960305343245409,2.955840572653565,23.98157422285673
295,SLV,Transformer,2022-09-01,2024-09-01,46,0.9752228768937412,0.9922610537316208,1.0848913923699537,1.1076623128414975,6188058.231450204,0.7409758232573814,0.7524179259885343,0.842743399102129,0.8545644247001364,4754328.358746037,2.91967127435913,2.940127553630715,3.3568794005016658,3.3670779180110104,29.90681198002366,2.5694339916012923,2.5945451672948203,2.7900374891386903,2.86077190363017,23.65215250497561
296,SLV,Transformer,2022-09-01,2024-09-01,47,0.9281973674495648,0.9314272104948036,0.993440582642548,1.032950837657216,6188897.460045265,0.7604506369218041,0.7594693000806967,0.8137477339262067,0.8091647688211338,4757074.75122891,2.9741711379756253,2.946273517489145,3.221622366358228,3.1804303276801296,29.95913196041204,2.161455727977555,2.1680265963786227,2.3337927850002163,2.6119518199530964,23.72942250353664
297,SLV,Transformer,2022-09-01,2024-09-01,48,0.9451523273018708,0.9668878062843016,1.0162768130022004,1.0565051281889422,6188474.382943275,0.7457473700772342,0.7457952847248125,0.8125832123563931,0.819298515449058,4755902.506243038,2.927650623702968,2.9089755455760167,3.2252802478462765,3.2243228636573176,29.937766990028408,2.357067654683359,2.470275939876607,2.497768579350023,2.711077109492624,23.698298174876445
298,SLV,Transformer,2022-09-01,2024-09-01,49,0.954325926154552,0.9608232134398872,1.059650581440521,1.0967791423717448,6185612.464178203,0.7434107037542054,0.7462747278159232,0.8298310173630112,0.8450936493445592,4746135.158865854,2.922344635681664,2.908967244771835,3.302353441700237,3.329550830090218,29.75799447766996,2.428263447274755,2.4303885413212853,2.693900044311913,2.838037536125099,23.439589321185228
299,SLV,Transformer,2022-09-01,2024-09-01,50,0.9544345275057352,0.9753903230143236,1.070160780118817,1.0835754278778684,6191664.053385289,0.7433894422523238,0.7462866650036886,0.8343492865456043,0.8354175314678343,4764356.642197867,2.9223022540765973,2.913142537117993,3.321904388040875,3.290662745506208,30.09298427300037,2.4290588131036763,2.5200578603134827,2.7381400084472083,2.802203237497438,23.9262972996314
300,SLV,Transformer,2023-05-01,2025-05-01,1,1.6679535482422152,1.4750479081251406,1.7502849212783531,1.5399758715077394,13497550.527428482,1.4018090733708306,1.2019992144249805,1.423348180300617,1.1761562709621052,8212974.566151997,4.834534289607548,4.111997876007989,4.988811161046953,4.097138562915855,26.70354082812257,3.327627750013792,3.08624701191089,3.850833132345039,3.6672233810852064,19.57842222974403
301,SLV,Transformer,2023-05-01,2025-05-01,2,1.43270992299567,1.2719374508463663,1.5197638327486611,1.3426317465402895,13748752.077086031,1.0468905799936836,0.9076127105039364,1.0498865889581876,0.92727850288088,8414566.19723622,3.642552261032946,3.1288777145003936,3.724026027542407,3.249000061731896,26.463574882153512,3.5554490287804663,3.195824769390613,4.093014759330416,3.582699129027045,19.45801725187359
302,SLV,Transformer,2023-05-01,2025-05-01,3,1.2499534954443778,1.1109934667037813,1.35000167298311,1.2236451076538195,14163454.847124698,0.8905486749021757,0.8391693293083384,0.8935268325281364,0.8666313544824061,8699273.525842058,3.095884432247124,2.874394127764221,3.173781426774607,3.019828350670907,26.783298482042145,3.186584554071887,2.625259916991401,3.7701284162784217,3.1907297556032743,19.517621620721705
303,SLV,Transformer,2023-05-01,2025-05-01,4,1.3562729019780575,1.198132413157368,1.4566970712935845,1.2941768742582194,14197115.960933916,0.967187516817548,0.8566522688731406,0.9785862955151065,0.8918017732999204,8812820.584502582,3.363325956032001,2.9464450894779395,3.472825373350947,3.11829898637586,27.373561730640645,3.449341626251385,3.0022658261546256,4.015776884708218,3.455725650544747,19.305647201842568
304,SLV,Transformer,2023-05-01,2025-05-01,5,2.942637438202361,2.8054878789731865,2.9337375049433074,2.704516574235621,12503983.112144085,2.593244529433085,2.447192579854458,2.5544099759971046,2.306892000109022,7682209.649600649,8.880343480324296,8.301092859524038,8.869866075698411,7.937183597652162,27.101846398558283,4.953649957707206,4.799333201686013,5.269353533658467,5.058701704154993,21.3688901868672
305,SLV,Transformer,2023-05-01,2025-05-01,6,1.3956630018801917,1.265349397139509,1.5048169402568368,1.355184184785052,14177749.67256579,1.0162971605810809,0.9161570599587164,1.03814857324166,0.9322220002342332,8821958.54605117,3.527045318368707,3.1484234927894024,3.674756591488045,3.2602637131297083,27.72817576431911,3.4718988327413167,3.127804092752643,4.061796002550177,3.617033576371846,19.636943481560976
306,SLV,Transformer,2023-05-01,2025-05-01,7,1.2335748383105414,1.104253107093468,1.3300760832432734,1.2129688605124924,14145008.671732124,0.8823500919692556,0.8322908397313155,0.8904323341649795,0.8718173067734275,8762674.551707435,3.0660904563890576,2.8504979750739854,3.159872455139052,3.032901426209316,27.340159046654662,3.133497786941876,2.615690906323165,3.686806543464194,3.114056163281581,19.36308697682746
307,SLV,Transformer,2023-05-01,2025-05-01,8,1.4698015263640798,1.3017318403007765,1.545909458650608,1.3792108783274608,14204386.19417801,1.0916012637267194,0.9356246068149048,1.0851753671436024,0.940661824929008,8774355.006511396,3.7899222192253097,3.2207479652718543,3.839166243345711,3.2970959014347634,27.23460415877097,3.5799405924871444,3.244048802108641,4.109105788808585,3.712302662180639,19.48644364539127
308,SLV,Transformer,2023-05-01,2025-05-01,9,1.2579823996448452,1.1155637898488269,1.35235652113741,1.2194219947314444,14275465.143704249,0.8734851269771121,0.8090950516893671,0.8781300109795431,0.8497251804197261,8814806.899548434,3.042616045114115,2.7785692981033474,3.124403431376664,2.9646464913523687,27.24457175105971,3.2862893717324004,2.766125959000896,3.828124686073272,3.231334490032697,19.588099890974235
309,SLV,Transformer,2023-05-01,2025-05-01,10,2.491551037842776,2.3650633168830986,2.4952170827573137,2.2830736035491315,13165887.05921509,2.250372213486524,2.113349388276812,2.213148924984605,1.9770415326954327,8050001.959033354,7.692500917194479,7.157373407790292,7.676080335753623,6.796788790130727,27.1723938025708,3.865186835696015,3.761393072383376,4.2893827308407815,4.156797365436169,20.300578547066955
310,SLV,Transformer,2023-05-01,2025-05-01,11,1.5962003368997617,1.3928118244670726,1.665093892649878,1.458532186267265,14354024.229974171,1.2636628268876005,1.0498990718008072,1.25417666803751,1.0369000914005404,8934287.96423721,4.378273207681756,3.611149468279953,4.424132995931469,3.63179520988939,27.489652719893424,3.567831686561076,3.287253876162464,4.101825922073339,3.7753892199987233,19.496437910497185
311,SLV,Transformer,2023-05-01,2025-05-01,12,1.29621257226329,1.146992714148944,1.391312127738441,1.2517322399817437,14025896.216575343,0.9024950002268128,0.8298617745467659,0.9095684451232344,0.867442292821868,8645354.970862981,3.142862299640764,2.8507892499247807,3.2343282557033204,3.0290487241636,26.896185251592087,3.374932823811953,2.847327640942471,3.9173158693522994,3.331117255137143,19.26849730053698
312,SLV,Transformer,2023-05-01,2025-05-01,13,1.2867567327625922,1.1124492689989705,1.378813067141583,1.2077153582294269,14212797.187077325,0.93425921845234,0.7976447592994547,0.9285280519784366,0.8356345271215802,8787508.952677822,3.248996068209968,2.7444931065309985,3.2970538194200087,2.9228908802036013,27.08811715402747,3.215372085735198,2.785118983170575,3.7944771192182265,3.223379235521582,19.47323613182456
313,SLV,Transformer,2023-05-01,2025-05-01,14,2.5964504877280743,2.4281585040642657,2.622982177949189,2.415284625863996,12908601.3101065,2.2810151439178625,2.103156376791642,2.272983111430194,2.0456874429822927,7907164.637925256,7.809982721471655,7.1347085785323925,7.892894070116864,7.038227787370639,27.008396198159065,4.403686539994442,4.231347198616602,4.769173487332122,4.586731089866948,20.487352570726888
314,SLV,Transformer,2023-05-01,2025-05-01,15,2.602545341184323,2.470256194893123,2.662048433951207,2.456988999946216,12780960.049746845,2.3518372829633054,2.2137174361642424,2.369721323174487,2.144111240227311,7878520.985704934,8.044489985897956,7.5006275715606865,8.219806323958652,7.369659361332211,27.147119875487725,4.041904696899825,3.8961964712605934,4.51512129256519,4.369993996087711,20.08758084948252
315,SLV,Transformer,2023-05-01,2025-05-01,16,1.3921570611541685,1.2181108683040212,1.4734329564303583,1.3079626389565435,14169318.972163888,1.0070635319040735,0.8566312162748376,0.9955678523801752,0.8856417283525647,8723524.152766459,3.5008722066762763,2.95057142586893,3.531697823716245,3.1024444549412937,26.99282457101809,3.4910479275168287,3.100143535400281,4.042981464592789,3.543176980861333,19.436921199762576
316,SLV,Transformer,2023-05-01,2025-05-01,17,3.09897056834146,2.95124189352386,3.13692733061857,2.928144262258964,12395394.71096456,2.74244758788401,2.5825953786369884,2.751675908872236,2.5202290589946923,8228758.867284949,9.370056247307325,8.741133990695712,9.527888570770148,8.643439648917765,31.74155518406428,5.072532655816245,4.936370110595518,5.4196728523666495,5.264257283766948,24.79001919160013
317,SLV,Transformer,2023-05-01,2025-05-01,18,3.961676012794244,3.818654464425375,3.958056375003807,3.797254464738153,12460012.764840608,3.5677149608424883,3.404566506128405,3.540748754899292,3.351057371030957,8618551.119286489,12.150303388822516,11.487691524635917,12.21535333516397,11.446388164792214,34.8494680856304,6.009435800860322,5.942666425837711,6.314849803703361,6.264386227661427,28.01435760854828
318,SLV,Transformer,2023-05-01,2025-05-01,19,2.749130591820811,2.52128346775764,2.735578371002202,2.4747507508572704,12641134.42274748,2.434104713880842,2.200222657750833,2.392323968556901,2.109303614305419,7972747.665266325,8.316181041858743,7.450016938192225,8.289241951014212,7.244323319513356,29.44690632963696,4.500968532120514,4.269209413888972,4.803112095728963,4.6000930521354295,23.74354784908313
319,SLV,Transformer,2023-05-01,2025-05-01,20,1.1851377322631826,1.06758441323907,1.2861315115876897,1.1844475120455693,14232656.337065298,0.8667885879657469,0.8296575929860701,0.8782516032449401,0.8704253435131373,8791263.440891866,3.0073612124213245,2.8337973151564864,3.111948118160808,3.0209185746578613,27.26621623975097,2.94523529796928,2.427186539432112,3.5153353803429384,2.967924366425391,19.422647842437748
320,SLV,Transformer,2023-05-01,2025-05-01,21,1.4737059617909538,1.2879365020432845,1.5502667679191229,1.3548311105101347,14288486.514951924,1.1421990016017671,0.9514817274805673,1.1434629806640733,0.9644005849372708,8890204.651007894,3.961153925096525,3.2747638438352182,4.038452626869137,3.375279754821707,27.69094496239773,3.395601717097515,3.1109738652617307,3.9137347836985192,3.509607815582775,19.412819209800368
321,SLV,Transformer,2023-05-01,2025-05-01,22,1.8683047864859983,1.681164385513383,1.9318791877323545,1.7102458378806051,13473282.76429396,1.6331181344495873,1.446061246087594,1.6402490054548091,1.39541488805888,8183375.208246878,5.613515965442525,4.926683433281964,5.726707410210581,4.835153552044249,26.27098093707846,3.334998377439407,3.091826959040737,3.8525741290936506,3.648986479595183,19.43529960478932
322,SLV,Transformer,2023-05-01,2025-05-01,23,1.8815985993091964,1.7320558337681429,1.9416601528929207,1.7217814448270428,13155645.046004103,1.6013260190757996,1.4514552354077943,1.5949459842534632,1.3866866131722462,7931995.980815495,5.517265694119348,4.95552692476502,5.585134137079427,4.811257526605617,25.90688903551116,3.606387910476303,3.3842028681431704,4.131263765589618,3.75420614654486,19.56242809542669
323,SLV,Transformer,2023-05-01,2025-05-01,24,1.299939642231842,1.1812446780225097,1.3939558811670514,1.281797896595624,14190902.798772788,0.9620517202125932,0.8880833132902257,0.9738929543828888,0.9292031185095192,8795115.239911798,3.33601968765423,3.043119450973938,3.4452459497746126,3.2320816341196013,27.492232935952263,3.178653748742747,2.7959990285904017,3.727907030041133,3.251602700946872,19.606365128812143
324,SLV,Transformer,2023-05-01,2025-05-01,25,1.4070952811776931,1.2313669344124425,1.4938969893914786,1.3241032959033527,14024864.505968912,1.0229309850599022,0.8634450766677694,1.0153071098772426,0.8947430052564627,8624757.483715426,3.5549536514467155,2.9743886906648007,3.599856731320349,3.135469700862835,27.2304804006397,3.5084983801693523,3.139990641413917,4.077335272107911,3.5905490671563283,19.23694077904992
325,SLV,Transformer,2023-05-01,2025-05-01,26,1.405803380062936,1.240110746451559,1.4887969408846289,1.3250460889283218,14203425.967695504,1.0128424578029411,0.8694616919281948,1.0023838645108791,0.8951672759334451,8783347.173660243,3.521724029631654,2.995451860716916,3.55655598517913,3.135794588848212,27.4199714500092,3.5397767283490635,3.1647618730209666,4.095068748344575,3.594033843941339,19.48093077026356
326,SLV,Transformer,2023-05-01,2025-05-01,27,1.4224281692672092,1.2436227409413545,1.5111639880779273,1.326133278478934,14296606.6991823,1.063177124079501,0.8903692811712538,1.0764647684787316,0.90034898267561,8986930.821808051,3.6909677569598336,3.06641294751538,3.806586267154851,3.1574144219185523,28.21944308157623,3.439629421420195,3.1123962152657385,3.9655746254420143,3.585076274348611,19.42007956108621
327,SLV,Transformer,2023-05-01,2025-05-01,28,2.278115274977314,2.0819682948630325,2.3106943505201274,2.090613293727257,13132388.512362717,2.017612055707615,1.819451133283612,2.007483399923731,1.7665517908826986,7911925.892024806,6.918757936959019,6.1833513843711865,6.985601102201346,6.095020949869881,25.958221683205625,3.832753725277641,3.599485651561912,4.259800955080685,4.071730908295403,19.714771369180347
328,SLV,Transformer,2023-05-01,2025-05-01,29,1.3381024465566878,1.1763983854659144,1.43778556777623,1.2745722432071636,14160809.544005511,0.9476379638543648,0.8281288599909641,0.9540368258996764,0.8717049424457993,8736014.094934763,3.2996968751811107,2.8522799820793163,3.3903985118799254,3.0512129200915585,27.12051323539345,3.427832116876882,2.996046680846444,3.999758777041218,3.4307699330606574,19.418771692508912
329,SLV,Transformer,2023-05-01,2025-05-01,30,1.4114665581021346,1.245419115488193,1.4948746036180816,1.3316707662298368,13919439.916420825,1.052103815605519,0.9110247218161988,1.0564191013844828,0.949025752259619,8542879.993250197,3.657201257854471,3.1363576341026524,3.742286825384005,3.31966053868109,26.79652072290361,3.4244320496336003,3.050483194297073,3.945196244992872,3.4548609168262265,19.19664610500304
330,SLV,Transformer,2023-05-01,2025-05-01,31,1.549800782201989,1.3509531530884988,1.622965582051611,1.4152821388856007,14076246.669383649,1.2320901517179308,1.017380847635707,1.2373040741870496,1.0044074173919595,8647223.758279782,4.264903611715711,3.496929420584871,4.357506174754096,3.516666563101168,27.01055700171909,3.4402686851045883,3.1904268644994023,3.947517696015627,3.6729798573222783,19.51126916866886
331,SLV,Transformer,2023-05-01,2025-05-01,32,1.2066882863891182,1.0690242184436074,1.306574472352266,1.184466032959141,14088369.405302202,0.8520930499544489,0.7939936976789816,0.8590801160725836,0.828167129252811,8640770.052004714,2.962964723666176,2.7199534448412384,3.0515769030157123,2.8854164349857983,26.79388205809087,3.1046370231662794,2.5770429275432245,3.670919039655751,3.1238689117371785,19.279687800104
332,SLV,Transformer,2023-05-01,2025-05-01,33,2.973716801183161,2.8354672666938234,2.9646457850874413,2.8217998875162205,12588589.904286064,2.709993685486545,2.5614896008858143,2.667147048692461,2.4990212792542565,8529142.953131102,9.253742582011762,8.66523320493316,9.235203750313534,8.56918558443814,33.695448994803485,4.416167711707345,4.30023531090278,4.80429710153923,4.750313377054361,26.22296722198345
333,SLV,Transformer,2023-05-01,2025-05-01,34,1.240445817440439,1.1090218968028496,1.3418525762301452,1.2204493332504136,14190580.786233367,0.8858535464642195,0.8405843552396306,0.8913035417894656,0.8699128395675336,8797328.497289496,3.078708519973845,2.8781253740110344,3.16479644847664,3.0285681916312224,27.48705606012773,3.15551571875362,2.609540764642775,3.738435690591632,3.1611442823095017,19.35892351832299
334,SLV,Transformer,2023-05-01,2025-05-01,35,2.045448465348002,1.872049903952164,2.120538217326812,1.8843281342268268,13863019.330323752,1.7724822672705882,1.59854627726391,1.7988407969583424,1.5473136505966103,8507144.754189413,6.097328891284842,5.449595453976721,6.280608898858886,5.35899363724494,26.53903781449208,3.7275161358554048,3.490192308900176,4.205409634052771,3.947654222680419,19.300525358389606
335,SLV,Transformer,2023-05-01,2025-05-01,36,1.968842359870561,1.7888801552161422,2.0058145753401986,1.7850507390826966,13354342.796445329,1.7223939773780264,1.5413993726443622,1.708877648936009,1.469931751985199,8098722.33470896,5.91997321989731,5.250993159888314,5.964627410903211,5.089863070946167,26.16070542548513,3.4907875400950465,3.260636728614894,3.9496125746377992,3.727131378079091,19.439167121506014
336,SLV,Transformer,2023-05-01,2025-05-01,37,1.375654103989287,1.2106163129077674,1.471162296310539,1.3053245201671624,13596746.935022056,0.9792233147959636,0.8422646850728565,0.9784009854864824,0.882666080280288,8312192.199298088,3.408760245549362,2.9033672244656983,3.476433360282152,3.092856430885265,26.29848000255547,3.5081763970051707,3.114950985502821,4.086136080686847,3.544379895457297,19.42067911002026
337,SLV,Transformer,2023-05-01,2025-05-01,38,1.939931244546624,1.7370077871602474,1.9957468307767567,1.782635273796822,13244902.877820686,1.6919221906762545,1.489310352964702,1.6962603142934198,1.4620885384925182,7999232.852700449,5.818154165576784,5.077044836410836,5.923035759567643,5.0654641268995135,25.87527314864847,3.482884339397515,3.220366445936203,3.962850019839001,3.758327825061664,19.41165804443653
338,SLV,Transformer,2023-05-01,2025-05-01,39,2.882208295165116,2.7015762684346067,2.891992188946852,2.699564022424079,12711818.075948255,2.594428026072545,2.410415544476084,2.561128029237297,2.346081660435118,8196863.234100474,8.880825032842823,8.175309488778119,8.89269733143832,8.07162965037945,30.73542569687658,4.588983235328073,4.378535770542585,5.039460981910219,4.904050700161488,24.526479609000152
339,SLV,Transformer,2023-05-01,2025-05-01,40,1.2382384276609606,1.1042400196875994,1.3356042157815122,1.2099466487795456,14214362.94100346,0.8727991387775614,0.819499583718699,0.8772733173710934,0.8554510630627774,8790924.227086116,3.0357718746426032,2.8098706178361152,3.117291011974579,2.979739703151198,27.06819558715654,3.1894490195751177,2.666986834262449,3.7513821747942,3.1593596167787683,19.3941920715098
340,SLV,Transformer,2023-05-01,2025-05-01,41,1.52615898100714,1.3351784998260812,1.5882621553244292,1.3878793980342046,13974454.540073415,1.1878492694246745,0.9925719187866744,1.1715953422122565,0.9888028374634606,8637302.503561942,4.119037794429137,3.4155774247433324,4.138262438423308,3.460903109233661,26.964678578558544,3.493142849669415,3.1992370100335115,4.004834242260238,3.5883387353718814,19.374572961927853
341,SLV,Transformer,2023-05-01,2025-05-01,42,1.5801731591768922,1.4108714253288697,1.654679883593205,1.4457941010946789,13532006.558818692,1.2617762579971366,1.0845446965746988,1.2622883136598668,1.0367855363996628,8217649.299162525,4.367586090765229,3.724853725965114,4.446774589728531,3.6280782690458273,26.243527547827423,3.4849078517251395,3.243886224579879,4.015911372384454,3.712021125083021,19.287527645715297
342,SLV,Transformer,2023-05-01,2025-05-01,43,1.513317256842018,1.356207576004841,1.5920370168556868,1.408795212017015,13889404.5263368,1.1619530115994223,1.0055414365217052,1.1669595022788228,0.9854366979950788,8553089.54466879,4.029170755872716,3.4587183386597067,4.119737659144156,3.451814664088134,27.10163630688067,3.5360709076424204,3.2646664187879573,4.053414091664065,3.707921579610554,19.208054185218604
343,SLV,Transformer,2023-05-01,2025-05-01,44,1.603695368051978,1.4296463241081645,1.6986452525994478,1.5059836375565772,13979823.672693636,1.234257870591683,1.0743634025097146,1.2633631889023225,1.0703879005046102,8547251.175815634,4.274078917958113,3.687094629336037,4.45049318352546,3.741253006327605,26.86139432707188,3.7353993230279854,3.3931840407425087,4.2580971837413655,3.909504723446388,19.585903062443137
344,SLV,Transformer,2023-05-01,2025-05-01,45,1.5002629246946195,1.3423689775945298,1.5923799049584304,1.4046021384769936,14123823.745288229,1.109435879283729,0.9683671127399625,1.118171927830791,0.957119377012376,8829803.308548199,3.852115081758721,3.331916791233433,3.9548990988390513,3.353892380098066,27.781499954914462,3.672329347713851,3.334269069015509,4.229675580243533,3.7837809622201055,19.484848015293807
345,SLV,Transformer,2023-05-01,2025-05-01,46,1.4132446459148345,1.241926553061382,1.520593089495024,1.3310723156892077,13622811.55845236,1.0427925477233029,0.9051930261577856,1.0732493367136224,0.940686752023764,8265089.877127483,3.627495162926702,3.1166221582540734,3.803125422686803,3.291658994339661,25.944322505504104,3.4708733393061872,3.0577152894378754,4.01693903264463,3.4826115345607174,19.368625179052792
346,SLV,Transformer,2023-05-01,2025-05-01,47,3.067739594693097,2.958315783922985,3.211003574950693,2.9360384758189784,12382116.577402996,2.773230486307009,2.669834309564088,2.8886648938906987,2.5852478639072047,8702287.440153776,9.470560320501235,9.031075706843202,10.000584059520785,8.866347959501802,35.450661743937964,4.700405019987885,4.505343014659564,5.188889908347637,5.02658557499771,27.87266560059651
347,SLV,Transformer,2023-05-01,2025-05-01,48,1.866755474063128,1.6746378892002427,1.954559612708972,1.7295424595283897,12992482.207864393,1.5981684756438344,1.4027046163737893,1.6323028974743077,1.38373076748234,7897262.144252514,5.505656646098506,4.791441930783847,5.709787010430616,4.804891060541339,26.23304741073909,3.5441194500491693,3.296309480124385,4.051491814105619,3.825231604688878,19.45414239293248
348,SLV,Transformer,2023-05-01,2025-05-01,49,1.6311230404566048,1.4559153066518773,1.7111166816505892,1.5300917074474905,14034512.903318016,1.241520711297048,1.0896073478604902,1.2414197310493644,1.0915331946582003,8736452.171032539,4.299043663564948,3.737316511327804,4.376787819532017,3.810931997576138,27.608819179537274,3.8530159188516695,3.4714697445824965,4.399819651531852,3.957428360775686,19.30829702353446
349,SLV,Transformer,2023-05-01,2025-05-01,50,1.327679710252082,1.1670281484732268,1.416687375769882,1.264850032821371,14021323.094126258,0.9402089246342634,0.8256968223414306,0.9424064153564036,0.8576922290878155,8640108.288055496,3.270920470341939,2.8410057640457778,3.3463448192430767,3.000993514009822,27.337405616163373,3.400199615201448,2.954795175445989,3.937504067317093,3.422854918103953,19.09425709649292
350,SLV,Transformer,2024-01-01,2026-01-01,1,12.034628139737396,12.52865266896377,11.984224042861168,12.803225968405512,48968203.0262491,9.64182143499102,10.020402836045117,9.6346059396982,10.285713962655809,35075304.3014845,15.996078408725586,16.333579781359138,16.24704218551991,16.95618138338445,49.84326049341436,10.72909260166842,10.929165404533569,10.85827788839094,11.259174128504048,25.31927404710059
351,SLV,Transformer,2024-01-01,2026-01-01,2,12.459473244548562,12.977199959929068,12.406559675446324,13.227030179461796,48913108.87815879,10.080991464236453,10.470084376769076,10.08718668775574,10.782525830033064,35063479.3805838,16.760425868836542,17.099107522184315,17.055869192885993,17.842901815615946,49.94106953766652,10.948792717070017,11.206744274389196,11.03227370685639,11.29988713969785,24.87103471368542
352,SLV,Transformer,2024-01-01,2026-01-01,3,12.234765740617757,12.72974204519396,12.182583499541993,12.955209925137906,48595490.256055415,9.967113367632887,10.328252999102718,9.975845641753166,10.637942099781826,34790350.624876685,16.59941909883015,16.89135135514453,16.898373142038935,17.637760186834143,49.50104467978515,10.62760747981634,10.904738215542476,10.69609764744647,10.91313723823144,24.60177146783632
353,SLV,Transformer,2024-01-01,2026-01-01,4,11.05615616877541,11.51867539669344,10.931654904221288,11.641063279251588,44009185.18784766,8.80444914137068,9.159230937318307,8.743626464616023,9.305392672548312,30380841.99719915,14.587391681323444,14.90979109497393,14.727625038076235,15.322586463982462,42.34182996068122,9.96284079471878,10.14256519732612,9.988619987246576,10.310610839391396,22.64078475387105
354,SLV,Transformer,2024-01-01,2026-01-01,5,11.924312414712714,12.433485224606878,11.881352608974325,12.683794787524436,48504356.84164776,9.605856483766653,9.996002878620171,9.602763477402917,10.258315189003046,34426862.56477977,15.956620836127897,16.313717283746985,16.213353132507287,16.94018848811866,48.5988916969809,10.54387091166508,10.766880803308556,10.6819438027576,11.01853081015424,25.29349178118956
355,SLV,Transformer,2024-01-01,2026-01-01,6,11.667030523764048,12.160864149334245,11.57047624352733,12.328012210305928,48634997.77557112,9.346815304328295,9.726897717238744,9.302865217501454,9.903665786917184,34566748.612695895,15.507226288151823,15.855809835286797,15.68847834712996,16.326854102715224,48.81591554092577,10.407071881419007,10.609459908551006,10.482453973659505,10.83841181875102,25.138301709429207
356,SLV,Transformer,2024-01-01,2026-01-01,7,12.39545124643423,12.912314602826353,12.322437551607614,13.145050969619176,48933893.74413344,9.959651477839223,10.355748275015229,9.946740622130507,10.62771300629463,34939358.24190035,16.531555879848998,16.88854724598571,16.78874411410661,17.54906867500931,49.56708010196636,11.00751659910251,11.232701411196189,11.086399237787008,11.40161820884929,24.96352405434145
357,SLV,Transformer,2024-01-01,2026-01-01,8,11.64015582577275,12.126172105865956,11.555157802434609,12.31805113661527,47774924.79302748,9.378991073779504,9.751647227155615,9.341374644640773,9.958066723488626,33817957.667373724,15.581058170172671,15.916447155081546,15.773560395374744,16.442844166817853,47.64243564984162,10.288679970220322,10.493422346602618,10.381619856684688,10.710784789447054,24.65381592173034
358,SLV,Transformer,2024-01-01,2026-01-01,9,12.18654746533032,12.718940541509738,12.111573473177362,12.923472512448392,48688338.12398288,9.798886486783926,10.208274720225203,9.775623638907495,10.441141315106147,34691299.572612666,16.26868647916505,16.652112577211415,16.499500786051115,17.23741038653208,49.1691785240973,10.809191491666136,11.048220813479292,10.908563380186676,11.239529266867464,24.763505534610424
359,SLV,Transformer,2024-01-01,2026-01-01,10,11.187896990707866,11.724698821952405,11.101520758595562,11.841337822149097,46076509.1769682,9.001592260685866,9.416440572579996,8.96471344685696,9.55654276106064,32270394.20033569,14.949600167635433,15.364666942347274,15.13405094139307,15.77344791208606,45.09373451209948,9.934152206052556,10.187366839427083,10.01029276067597,10.349462619186529,24.09216991722935
360,SLV,Transformer,2024-01-01,2026-01-01,11,12.24561883652595,12.780457459649677,12.210831327234752,13.026681768386512,48663106.61401036,9.847040555448553,10.2587374375347,9.87549487997519,10.555004733577842,34659808.68257662,16.345391768188474,16.731818089935146,16.67565679658523,17.4383530354531,48.94735506944484,10.88098529693356,11.126063218788698,10.954652001828917,11.255169774420311,25.24621810753634
361,SLV,Transformer,2024-01-01,2026-01-01,12,12.595885120364477,13.050075478232332,12.51272206763675,13.269371317996542,48804217.919014886,10.189154631103584,10.515136685611056,10.174834696806426,10.822979630478423,34819213.42134347,16.938410281920717,17.166119284699054,17.20465166098887,17.91301269999631,49.40320812407514,11.06022707848131,11.293561593314111,11.108836317406457,11.299064376744768,24.733604130991218
362,SLV,Transformer,2024-01-01,2026-01-01,13,11.950170746261486,12.467392298024112,11.90307874397636,12.71274798062563,48804923.18293979,9.601932205539764,10.000278581024194,9.596020144110192,10.243764957391278,34782801.78651199,15.94085150008687,16.312032056567137,16.19269975339606,16.899847920134007,49.17320979102339,10.608769334081058,10.8322394575907,10.74127728385805,11.126475808531143,25.52432071856046
363,SLV,Transformer,2024-01-01,2026-01-01,14,12.105255566537483,12.582396435692685,12.02990624690437,12.798769162172848,48766609.1954106,9.801458409765386,10.165451287227103,9.782581919500393,10.424397497016534,34962098.46112054,16.30018728253183,16.609307862546803,16.5419464579613,17.24629276229672,49.76596896865944,10.62706724797678,10.826457801309,10.702618631243636,10.969454678679396,24.774006367262288
364,SLV,Transformer,2024-01-01,2026-01-01,15,12.122126033825838,12.639109924516973,12.099764997021206,12.938186322032298,48774293.12791183,9.814738123256795,10.20916620492526,9.850362382154804,10.554923081183054,34919724.41655542,16.32056669919622,16.67834440538794,16.6609996959184,17.4694670152122,49.585724855091726,10.64606483535209,10.889546284528212,10.73522751934274,11.045265782674845,24.966213071983525
365,SLV,Transformer,2024-01-01,2026-01-01,16,11.65417047707098,12.146395961608103,11.558195734823464,12.338612575600184,48523856.3235945,9.244586111292254,9.619530349018463,9.204642486423436,9.814131160700898,34046158.40197838,15.30452961697352,15.645805352597216,15.48988547090148,16.14191378579939,47.63182733232767,10.53923755231142,10.738884369812828,10.61083726719086,10.998929659827915,25.470508255961025
366,SLV,Transformer,2024-01-01,2026-01-01,17,11.418409059832008,11.863942864328749,11.320291912669012,12.03145862091839,47972911.65601701,9.073754484771996,9.407283555266536,9.029833561165873,9.5869195373242,33786200.57892571,15.028637604966349,15.30543832690478,15.20107975253364,15.77469442497916,47.43169394072885,10.305753988013764,10.478344094111796,10.37846913424176,10.703504977758817,25.064788099137232
367,SLV,Transformer,2024-01-01,2026-01-01,18,12.217007659521885,12.690830445481918,12.158874609955214,12.924565039506154,48691528.83303272,9.911585318646685,10.264161572068524,9.911796510117382,10.563460302921817,34832464.014925666,16.490460757000637,16.773886362934956,16.77074766185997,17.49286706346346,49.54860114524833,10.68181550842323,10.909177381002795,10.758632169690491,10.98111971295964,24.556067763618472
368,SLV,Transformer,2024-01-01,2026-01-01,19,12.767915781257658,13.266533461158769,12.688203769921769,13.481132500212272,48947496.15114393,10.388491241149048,10.757085396300525,10.386907695618005,11.068502890554411,35358909.85430064,17.293829698864236,17.589324930340705,17.593427551011178,18.350994445964314,50.8738759347082,11.110314548958929,11.370174009183204,11.12724918390282,11.342459080855614,23.98881556426449
369,SLV,Transformer,2024-01-01,2026-01-01,20,11.881264007145,12.379875117967703,11.87539871055722,12.69175404421908,48433225.13241883,9.477849652196118,9.861165659647662,9.510300806781215,10.161657334335514,34491539.24313969,15.70753857777907,16.057446178961232,16.022437749044034,16.737971759161837,48.662406897126544,10.666230382075376,10.869802277046276,10.826237369698031,11.2135116791626,25.82936070725116
370,SLV,Transformer,2024-01-01,2026-01-01,21,11.93659605234278,12.404749565439904,11.870714797761783,12.65668761881032,48335384.74242427,9.597167334221872,9.952337713981594,9.577270239310373,10.218409500773676,34356028.29190946,15.934296266225518,16.234106069441832,16.16343524161584,16.867012902795377,48.58334933056615,10.586323420655926,10.7736355876354,10.69943917991928,11.020228270617984,24.66721126005892
371,SLV,Transformer,2024-01-01,2026-01-01,22,11.864272672956636,12.371418877909283,11.850132710484813,12.669286290939672,48368398.09272548,9.616383362230996,10.00663579428558,9.64378765091941,10.321565363792818,34482659.85093395,15.9984601888827,16.3562715348701,16.311240435823205,17.077783257730324,48.881978302478025,10.37935524114138,10.60468037011576,10.519794648326792,10.85246852308956,24.59607976691877
372,SLV,Transformer,2024-01-01,2026-01-01,23,11.673510100319698,12.165291493403746,11.616545570633416,12.358834536812209,48539964.544607855,9.394927366866584,9.772905731046148,9.384744472055925,10.000030614994868,34421965.66223786,15.60119940223055,15.945282580044736,15.842818834639363,16.51558228659408,48.433015885167,10.360097353940311,10.569024243779976,10.467604628393868,10.72970577470184,25.41275276586993
373,SLV,Transformer,2024-01-01,2026-01-01,24,12.376863952025408,12.856847186099628,12.287563328755647,13.062853711081688,48697068.96335593,10.055396806769632,10.401802036948292,10.03789020664675,10.704261043609984,34827250.52996263,16.734333595200205,16.99909877046215,16.993335997666048,17.73862350391505,49.55701345942401,10.78314438347978,11.048632662400342,10.811882987563887,11.017854101751556,24.47910356333708
374,SLV,Transformer,2024-01-01,2026-01-01,25,11.796505809159193,12.335765453224097,11.746433868708063,12.51572579158821,48559750.7708672,9.440662555942586,9.855677540669545,9.43347716111601,10.039706581527712,34505615.8660684,15.661906526649064,16.063756500433286,15.906436444528548,16.547180995417634,48.707461411132165,10.518513616729605,10.758817418462492,10.641235843272732,11.00825424935885,25.390442787466007
375,SLV,Transformer,2024-01-01,2026-01-01,26,11.738856832520227,12.200601355911909,11.67880422578465,12.437142644283382,48602417.69228817,9.475720780085434,9.826660094684597,9.458484023684548,10.071977052644211,34509366.21220322,15.7490273148304,16.04569889181812,15.978417427861416,16.638398714837802,48.7589574934452,10.338060862553611,10.52240014684766,10.457470108823518,10.777874446314971,25.17451384318136
376,SLV,Transformer,2024-01-01,2026-01-01,27,12.162413987294167,12.663909146566176,12.074109291948744,12.947076480783345,48872763.72892126,9.808526836819404,10.192415063355254,9.777155073794049,10.494080472321237,35007937.82299138,16.29622110842613,16.637693674388608,16.51540333668572,17.339283495026557,49.7784645445999,10.739335353951349,10.954587035813748,10.814752491620736,11.196904331268746,24.954287532146022
377,SLV,Transformer,2024-01-01,2026-01-01,28,11.80926249143893,12.277862510811874,11.723013859258378,12.46691984629942,48400941.19028777,9.444806937419788,9.802590104994628,9.41205290772732,10.010952002929251,34161136.72969727,15.661758727630342,15.9706955867956,15.865934723032929,16.501742959245615,47.96434803782408,10.565730879589315,10.747289178489543,10.650570716486529,10.959753884521826,25.32266181458278
378,SLV,Transformer,2024-01-01,2026-01-01,29,12.019638305403175,12.546085648675277,11.942221896235724,12.769529217660397,48779918.79759114,9.675358076264754,10.080613522518012,9.649055149895782,10.331114435875245,34971420.673018694,16.06736915524935,16.44762024299549,16.289520379386353,17.0615110302101,49.7210444269505,10.65348656781422,10.89154741711812,10.74962570075378,11.087100254756834,25.113649754870625
379,SLV,Transformer,2024-01-01,2026-01-01,30,12.626702459736949,13.15778547752828,12.591270864753527,13.44199220776045,48867871.76500603,10.301479758811348,10.697358987891556,10.337938552874649,11.069600683972014,35271889.73212888,17.16105540807514,17.503978067188513,17.524041266311148,18.3676693460773,50.66660446988058,10.93875440697921,11.230789626434678,10.984469772319413,11.249461915367617,24.094683600225046
380,SLV,Transformer,2024-01-01,2026-01-01,31,10.796969583625737,11.266450664607277,10.650321540489626,11.440135914911034,44749920.024913765,8.62504970029853,8.98629708684269,8.543757058321928,9.168466080679208,31064614.98149683,14.30236835373137,14.64037594204506,14.402276507092289,15.107318761277035,43.229049995828376,9.686877483634412,9.877182098130447,9.69024558362233,10.102151503837051,23.335896991851325
381,SLV,Transformer,2024-01-01,2026-01-01,32,12.5442769896216,13.028022665022668,12.462349199704937,13.301424890523936,48817375.25829441,10.185636290853475,10.538899149957327,10.168105176477663,10.886665825974005,35216386.37710983,16.948746772518007,17.222359212276032,17.20774709907806,18.034340274404844,50.54953279654684,10.95967755454608,11.21704071769194,11.016883522341685,11.276942857645,24.15297395730171
382,SLV,Transformer,2024-01-01,2026-01-01,33,12.201203038325994,12.662603824422408,12.147431110699262,12.88334137409826,48671385.55684821,9.973003464912866,10.30527739866276,9.980615266099075,10.618080157530049,35007533.65547165,16.62314604304185,16.86747947241742,16.921415185659647,17.622866585000317,50.16797007914248,10.533708743556089,10.790170938734123,10.596665775013625,10.76386174173017,23.914010087760342
383,SLV,Transformer,2024-01-01,2026-01-01,34,12.079252699724366,12.57519362031084,12.025650412062864,12.795262639125514,48639705.882841885,9.822178204502206,10.19907264680586,9.82449605215712,10.474538638884413,34840611.948709846,16.352139434482652,16.680486745884128,16.632702935509595,17.35300847529358,49.58110699977969,10.52868135757601,10.760048508358118,10.608633683567549,10.856968760193975,24.65604821444505
384,SLV,Transformer,2024-01-01,2026-01-01,35,12.310411237659,12.722738830799283,12.241444935756729,12.979432039110783,48590213.26383992,9.972012097311806,10.275775949897064,9.971231616568977,10.5957420691876,34775894.178447075,16.583580429406002,16.78647180491159,16.86776061645637,17.540423567702206,49.39941837698461,10.80457924571478,10.96923651416148,10.848526587567925,11.058808102096489,24.79058016904874
385,SLV,Transformer,2024-01-01,2026-01-01,36,12.047881515416952,12.609683298916702,11.970619496050528,12.772790998162284,48587573.80641051,9.704793925572748,10.139717775134624,9.679051563076303,10.3443517077512,34625000.26443752,16.11938198049931,16.547461459284982,16.34371119351545,17.088421535052483,49.06748380251332,10.660755494372989,10.929706241723334,10.753297514961078,11.059575867924574,24.765996681488232
386,SLV,Transformer,2024-01-01,2026-01-01,37,11.39697698807241,11.74394733589449,11.221092340451325,11.991260675219769,48674702.252881885,9.162001453657444,9.421081350522936,9.050941483392362,9.661435448300848,34745135.28241563,15.214817262659889,15.371225095298083,15.27699892725082,15.940552179986794,49.179761339590286,10.110501419795966,10.187416473366904,10.110883032427513,10.490452026579826,25.28057834020867
387,SLV,Transformer,2024-01-01,2026-01-01,38,12.061259690931784,12.558619231381588,11.978968620707867,12.740233315046648,48694935.50935857,9.709953957038314,10.091718023884953,9.67595002000189,10.293145087214048,34797562.089980535,16.127473781261827,16.468193096951907,16.3350501795456,16.993326119523733,49.40877920724496,10.67234169574265,10.8807562398898,10.775952474889868,11.08762520535616,25.00214532704324
388,SLV,Transformer,2024-01-01,2026-01-01,39,11.878488432642785,12.379586774381604,11.783353474601467,12.519936196168253,48330655.73188569,9.53381461373317,9.91970029112908,9.49194276743338,10.089472885937369,34201348.49301253,15.822613673035388,16.175466467844096,16.013316781330094,16.646135588823253,48.15300970789359,10.567083591334704,10.778100502873585,10.648818484146007,10.940177026819695,24.93088956342282
389,SLV,Transformer,2024-01-01,2026-01-01,40,12.26460001471836,12.77458534768286,12.182769061548528,12.990622790051908,48699003.23690129,9.856117909056712,10.246018776053685,9.83814047234648,10.510649730234835,34604673.96723927,16.359392948984933,16.709259879719824,16.606790637359943,17.358853410842347,48.83256263870081,10.89773268644388,11.119562405637751,10.9568767588721,11.25307744158215,25.2989415058019
390,SLV,Transformer,2024-01-01,2026-01-01,41,11.931970087188398,12.391799236166683,11.819553967255535,12.534738328727796,48446390.01221164,9.509537065613255,9.86330945904104,9.46031934256732,10.03803720621087,34112501.66848263,15.754321712980174,16.05608706679826,15.934627886834138,16.535176578346114,47.744976836227245,10.74296929864594,10.90913584073152,10.797732192621558,11.06467676116026,25.531498493270643
391,SLV,Transformer,2024-01-01,2026-01-01,42,12.087957079527756,12.58095605424118,12.017359181888692,12.814702623849756,48817898.31426426,9.646404234188784,10.023051167190282,9.62926732832408,10.281648699019511,34631976.393655635,15.98524735021057,16.319334880541884,16.22296024383606,16.944102947477187,48.72716949027824,10.865169258105164,11.065814250735771,10.964247743659426,11.278559934268625,25.720079053265227
392,SLV,Transformer,2024-01-01,2026-01-01,43,11.831783401153189,12.35103464427312,11.743248618188757,12.51454957493126,48188780.6167923,9.46669086126177,9.866880412416837,9.431261075192458,10.040465208331293,33852021.81582709,15.701702594151898,16.079426022358724,15.901053942321315,16.547094963542712,47.45474712976924,10.565232256481496,10.787703642780787,10.649222801128388,11.020080711587791,25.090803850819647
393,SLV,Transformer,2024-01-01,2026-01-01,44,12.093407565793123,12.586485964524622,12.017673610728798,12.768389353215934,48889506.82716731,9.769063776428366,10.144115649346888,9.751071493833246,10.375406552685869,35009013.416409485,16.236530506691935,16.563913476543284,16.47935643719867,17.154600638811072,49.71682443551877,10.65249982976898,10.867750144347909,10.72693662029716,10.983042102893563,25.14663219891052
394,SLV,Transformer,2024-01-01,2026-01-01,45,11.694849056233997,12.169793054477054,11.583481588482222,12.35353041927802,48158887.84173642,9.423620504263788,9.785963608833482,9.366379394247398,10.006716736380534,34092515.865984954,15.653303560123346,15.9703271489807,15.815371605876324,16.531267229066383,47.98589675728444,10.357448134655874,10.555128532515488,10.421486953437206,10.704090885145671,24.91365326374673
395,SLV,Transformer,2024-01-01,2026-01-01,46,12.101086138911356,12.63458833253913,12.063613064396408,12.864916694826226,48617816.65680865,9.791319872718312,10.201913491453404,9.80218058410609,10.465217039528396,34741309.10899995,16.28146672623953,16.66721413578348,16.57229488334476,17.308492022149448,49.361833017376114,10.620099721994388,10.86691914490106,10.734924606794806,11.044937054169743,24.646340185124828
396,SLV,Transformer,2024-01-01,2026-01-01,47,11.9887224468004,12.515991385256164,11.901734180470656,12.712030070322715,48574540.75538903,9.701338925178922,10.10619623737191,9.670459499927045,10.343871811057726,34735233.43755089,16.131530854337907,16.50998614139418,16.34910637952168,17.10868239277835,49.35905495460133,10.532622845828838,10.778931854473,10.603154646377506,10.916098495999329,24.72159898259013
397,SLV,Transformer,2024-01-01,2026-01-01,48,12.509063259102096,13.07806896085934,12.458741606830444,13.207804092478105,48817914.49726464,10.081876397198137,10.5183429215053,10.09462636370362,10.725647772955517,34807724.46955996,16.746704752341646,17.163954966503642,17.054330039068994,17.73184949287024,49.378537041317045,11.04685978040014,11.343898986431745,11.128030293492836,11.345686482234925,24.768942227035787
398,SLV,Transformer,2024-01-01,2026-01-01,49,12.45979648258728,13.009056553055029,12.4195981870944,13.283404153013883,48793130.3296606,10.108119592042875,10.51856613845503,10.126735183547602,10.861406067945977,34964374.576220825,16.816436277278886,17.18727241702557,17.1350386981384,17.987668749910505,49.76328346664614,10.899665795334345,11.20477612123295,10.988623232953522,11.287010321831174,24.785415367915515
399,SLV,Transformer,2024-01-01,2026-01-01,50,11.726436861663776,12.200198174120874,11.644905027379687,12.390038860284156,48767816.1781786,9.47162717185534,9.832166064011764,9.440168816783462,10.055476354238335,34800098.6111851,15.743425023887262,16.055690709200654,15.950779756064287,16.620473773235044,49.28914240223408,10.325842526268154,10.525155162308868,10.414510874729508,10.68777576047692,25.082806615784687
400,MSFT,Transformer,2022-01-01,2024-01-01,1,10.458259555338897,11.607526068207852,12.289437564737216,14.24067236914626,13631639.216094386,8.257529116840084,9.530137499148514,9.987236092372662,12.11216965103992,10152848.194125157,2.2489023584640946,2.583789794170926,2.739686077680332,3.2995331240838937,46.18593777556564,1.7441594910506146,1.7972990711532355,1.9567004269207664,2.0390194731718654,43.928918017360544
401,MSFT,Transformer,2022-01-01,2024-01-01,2,12.914830170291737,13.918903720597052,14.750597850952074,16.50560655522852,13439661.193127176,10.21125053224717,11.399700080917064,11.905224521672157,13.968845631123903,9874224.37146803,2.7826923711660845,3.091853799830776,3.2673001460608933,3.80691613797666,44.42068165846695,2.15008295943438,2.166660533700186,2.3813046268829,2.39405109393094,42.753365190800096
402,MSFT,Transformer,2022-01-01,2024-01-01,3,12.330277446372248,13.207100665317071,13.981493111365896,15.813924677453496,13627572.54649548,10.101691432631412,11.17392857153654,11.693774658038654,13.790905127448342,10215057.90332265,2.7519910081406915,3.0295958859633005,3.208632945111124,3.757348224402101,46.51829137317377,1.9214125033870968,1.909560105877515,2.094499799094423,2.1067905792041883,44.08309402784531
403,MSFT,Transformer,2022-01-01,2024-01-01,4,10.003292125019556,10.751533315419003,11.484088992057846,13.031503742561489,13799073.897316167,7.811384256849152,8.801157610451325,9.26931426662586,11.10132260564195,10354922.752279766,2.127768049293693,2.386411789652988,2.543116940707462,3.024401346648743,47.39866036884664,1.697762711882949,1.6743501731356722,1.8523514031713493,1.8576130382528424,45.282634497832255
404,MSFT,Transformer,2022-01-01,2024-01-01,5,9.676766585565824,8.683136053668928,8.175090676162652,7.191524251163742,13314012.053840242,7.86867399811706,7.077915749658971,7.032695149336382,5.983119749302673,9508832.1952826,2.153830273290468,1.9230943512945329,1.935805464243033,1.6311154511314752,42.051256193363216,1.5425686801604752,1.3678321041669348,1.147862003128129,1.0896406348265126,41.08894982761444
405,MSFT,Transformer,2022-01-01,2024-01-01,6,9.734488182887782,10.968342924515056,11.38872369633387,13.378482141362174,13655892.73572871,8.29128125144898,9.6032138015968,9.904922764980691,12.051108215263593,10140274.927858476,2.2591157563624145,2.603984005283196,2.719189214535912,3.284181320420825,46.13693566270591,1.3861967527676715,1.4387151645252323,1.539914716987324,1.584741937393927,44.19128052743807
406,MSFT,Transformer,2022-01-01,2024-01-01,7,13.44655253870322,14.545286563676704,15.367195343313568,17.22465738248793,13545710.903245542,10.821668350038657,12.062499242969723,12.619181740314126,14.743838721128713,9885133.974297132,2.948979312969193,3.2713550250440733,3.4632396392808533,4.017847596446546,44.5393394368209,2.16997753191216,2.20497661423876,2.3975129143361404,2.424952507620833,43.281987865692784
407,MSFT,Transformer,2022-01-01,2024-01-01,8,8.960809566353591,10.190051506828684,10.644077672135689,12.551542535314814,13725278.331676636,6.8453686122644966,8.165015800126215,8.327427242258123,10.406995488091937,10196187.678984238,1.8642888851024548,2.213908676614232,2.2840371082284814,2.834764154566753,46.52811589619094,1.570838398562368,1.652872900662788,1.811203714930853,1.909935450216536,44.79781343840905
408,MSFT,Transformer,2022-01-01,2024-01-01,9,9.279708390626324,10.12041716916453,10.936466816901149,12.530198598265558,13558725.189006563,6.7054440516695255,7.452959905191333,7.890773722805223,9.530362599857051,9964903.144231034,1.8284598424832224,2.022683900158756,2.166149996010814,2.5975936134699467,45.02900275832638,1.7439425420721664,1.856443713666428,2.069382165220929,2.2141341218366906,43.76656660069846
409,MSFT,Transformer,2022-01-01,2024-01-01,10,9.464488080461626,10.375883419374414,11.041956704675297,12.74042994047229,13797183.198075918,7.340560080464075,8.439061444977623,8.831489089152631,10.76509641506573,10259532.462539684,1.999689290132477,2.2884963216828544,2.4231043799466367,2.9329092017643883,46.83441144712612,1.6231984530368335,1.6369562788657848,1.811212439607389,1.8552186029237423,45.23189250793592
410,MSFT,Transformer,2022-01-01,2024-01-01,11,12.940615315511076,14.734889741340536,15.634129830525463,18.75412936420996,13319412.341391431,9.99547315504362,11.801057316815555,12.42725169660972,15.611584214702294,9477277.05901981,2.7238486773426027,3.201000944844325,3.4106262123861524,4.255276508652236,41.746222613879766,2.235433059565067,2.394290024869404,2.594038148170352,2.830519890521239,40.56621653400923
411,MSFT,Transformer,2022-01-01,2024-01-01,12,10.10004316089742,11.19419046200067,12.300889135068225,14.27828711744155,13233427.370263346,7.051710035535014,8.028707899230653,8.749154584615287,10.625400038961043,9331733.43416701,1.9227112378369555,2.1785010076914872,2.400444596486108,2.894876815772708,41.06291883629394,1.9661372012780465,2.11518314836747,2.3631086353326944,2.5960305166751185,40.78477815572249
412,MSFT,Transformer,2022-01-01,2024-01-01,13,5.280491147416292,5.034466166680188,5.670817800077515,6.026797265640906,14158666.876714503,4.32307720836579,4.175887307364273,4.652051791745309,5.310392450332709,10965008.318149095,1.174396893351516,1.128038395052904,1.272420223729791,1.441895497835036,51.28601985817468,0.8166450619133239,0.7544138281023031,0.8803317588720785,0.7672004994359596,48.35407262593051
413,MSFT,Transformer,2022-01-01,2024-01-01,14,9.174421818684833,10.352563910584166,11.298158658656062,13.711110825357554,13520026.412010936,6.864952916766322,7.965205349667525,8.655584306328263,10.989043903040074,9712327.913479997,1.8716076496436949,2.1608851045587683,2.3754933170628614,2.994414034087089,43.22945222814176,1.6556600884106647,1.794672599539873,1.9861016275222805,2.234636583423575,42.45251437564161
414,MSFT,Transformer,2022-01-01,2024-01-01,15,11.287481051388044,12.515126367754643,13.05987264898309,14.94942167684135,13888046.728887666,9.2815445428171,10.669173179443394,11.002590361325264,13.160315672583769,10352858.23848573,2.528078791943725,2.892522147736216,3.018825676077317,3.5853378686231583,47.42513376116608,1.7446211575353026,1.7737307584641342,1.922511248833718,1.930176067692012,45.76770699234052
415,MSFT,Transformer,2022-01-01,2024-01-01,16,12.832387329215983,14.209980366616495,14.79652187133463,17.75946285767558,13297931.34554302,10.049568039730294,11.53526818931211,11.864385680381172,14.925924549805677,9592134.013107922,2.738475934263462,3.128769020827879,3.2560818697893894,4.068277400987587,42.57576543800142,2.1698240556077266,2.251283687387021,2.417337893183549,2.620646058696421,41.005532334693775
416,MSFT,Transformer,2022-01-01,2024-01-01,17,7.2523617558444675,7.851968627325485,8.333504278323291,9.39186452883692,14086315.695261383,5.495028507220633,6.2059455703448725,6.485327342570305,7.711274967439391,10693137.652302606,1.496910528229178,1.6826031825629535,1.7788364524237334,2.099773898615507,49.55745080592434,1.2853670578038046,1.303718362443413,1.4294010718004335,1.458794362869437,47.42448208483707
417,MSFT,Transformer,2022-01-01,2024-01-01,18,15.939494079117118,16.926395121024807,17.850182178648186,19.89583028482344,13563002.59098816,13.689456815716603,14.83536334060324,15.517009915631045,17.77473048094148,10047130.444766097,3.7313604574225625,4.0229703386125495,4.259899776064402,4.843547196939813,45.49517182598613,2.218245451789852,2.2103625532094187,2.4105856664950114,2.4340160320916544,43.281530656939445
418,MSFT,Transformer,2022-01-01,2024-01-01,19,11.797557775244886,13.229551799891112,14.049424054935734,16.051078266688968,13486014.326426065,8.853190443685916,10.35772609756692,10.844258181734263,13.0212440984711,9700677.212497016,2.413211389207148,2.810156790542807,2.9765240528015653,3.549231099965766,43.36288255084762,2.120310933321764,2.23267638711144,2.4422203601271653,2.555755505178783,42.82192599218709
419,MSFT,Transformer,2022-01-01,2024-01-01,20,14.16806646382083,16.285042430442548,16.80277302561359,19.89419745406472,13466363.234579286,12.24733107044431,14.349578323110125,14.71037288058962,17.831036978021817,9847234.227751808,3.338610109446774,3.892060053743105,4.039650435845209,4.860393457142422,44.23702525983055,1.9367863998350907,2.0910336562732503,2.2223382556905773,2.4065443194403056,42.71878958265686
420,MSFT,Transformer,2022-01-01,2024-01-01,21,11.16384683896591,12.554863152857385,13.26501689870256,15.497702857319284,13794899.368683554,8.934614000965436,10.41237507858398,10.944448833394064,13.359235414926708,10168716.478239467,2.433683693036476,2.823235171036652,3.002977938733661,3.640116251056394,46.270935230990005,1.819286682240708,1.903127568138184,2.048867693430416,2.139345853142465,44.942759687907845
421,MSFT,Transformer,2022-01-01,2024-01-01,22,12.47721729717766,13.737691107775632,14.673704821617806,16.810431285801876,13307853.451878544,10.021033153135685,11.416914725858542,12.055659601107209,14.407496606707952,9739003.857832504,2.7309406221150088,3.096602281097955,3.309100404867628,3.926805107252557,43.54170017259014,2.02134553037537,2.073218605664373,2.287793081536115,2.359173185855074,41.60539277590245
422,MSFT,Transformer,2022-01-01,2024-01-01,23,12.348441734434742,13.76070046609253,14.382908413887137,16.614281715406086,13509444.759573093,9.995679509284631,11.526768434634024,11.884085018960349,14.330724054720177,9929818.667568466,2.723636647050588,3.126047469316292,3.261566220250474,3.9054664882613936,44.765233513645,1.97114656692606,2.0391905438537377,2.215297263596606,2.289529561457776,42.84025384057932
423,MSFT,Transformer,2022-01-01,2024-01-01,24,13.716361651961956,14.786636411699575,15.712722499757604,17.771070404323154,13655763.888261229,11.499826305331162,12.73025441528528,13.386354180252123,15.6995432692271,10183315.103933863,3.133512819382799,3.451761592311036,3.673952332449135,4.2777883318558345,46.45040453600735,2.0308785608254896,2.03982633966348,2.247858351234218,2.266808529575811,44.29893168051199
424,MSFT,Transformer,2022-01-01,2024-01-01,25,17.8413773809447,17.129217778601532,16.11398134152611,15.390719948826806,13156171.437245466,14.48387618882943,13.760452109239043,13.085604322595897,12.46367673389221,9103431.78577698,3.966090346639575,3.7438063862904367,3.607493613017813,3.406762911410894,39.40456367285332,2.8509033867650766,2.773500082789771,2.5862984123820105,2.468103619489925,39.070091531668126
425,MSFT,Transformer,2022-01-01,2024-01-01,26,11.73259380070715,10.837494209714702,10.213712538738807,9.124959199084758,13209989.47250262,9.414502901996787,8.746515662046157,8.602749592000912,7.633823661130001,9296014.00338388,2.5775954971234483,2.3778033610077576,2.369226336768608,2.0832249872704303,40.71795372046379,1.916173454556451,1.7401360560544858,1.51516259362059,1.3669197831482969,40.07964605248663
426,MSFT,Transformer,2022-01-01,2024-01-01,27,12.478155642934285,14.027588546355362,14.881615686001252,17.462340432693818,13494065.129306052,9.804097069100091,11.45494561260885,12.037915078797871,14.805393270200252,9864861.269921726,2.671348178897003,3.1067611425571653,3.3035727159403923,4.035099615754363,44.336357823604594,2.0988595042295426,2.1967423067223946,2.3922652461906515,2.521632321150497,42.71111376843768
427,MSFT,Transformer,2022-01-01,2024-01-01,28,15.632226845919304,17.047678870968877,18.133417598594647,20.815611373437456,13113171.464738866,12.672969705313156,14.150787071027954,14.896045116144752,17.70015624728147,9359729.583902396,3.4543767344742737,3.83828090381479,4.089014551399327,4.82433494671551,41.151987888974176,2.488392243244846,2.579070005462896,2.826537772023935,2.98286348942354,39.53044606706732
428,MSFT,Transformer,2022-01-01,2024-01-01,29,15.122881059277718,16.753798568202544,17.39861436011408,20.343712765870524,13810998.78962226,12.975588511127192,14.652105192772646,15.143694367029674,18.14985969228776,10222570.229434192,3.537556367591457,3.974320586323144,4.158834009250356,4.94752438379513,46.72396779844927,2.112123179688564,2.205745270754883,2.3440099779875747,2.5061083449785864,45.850903750197226
429,MSFT,Transformer,2022-01-01,2024-01-01,30,12.990664942191366,14.492854602659802,15.455943469480358,18.081183315020816,13499989.964729302,10.260059437286566,11.857165024253607,12.529435279287622,15.328748147850128,9739477.49557086,2.7959462000491144,3.21615842655066,3.4389303352159923,4.1781159672105685,43.53587676598027,2.167104115793335,2.261423705271787,2.475081542149412,2.612204789983008,42.51266743653529
430,MSFT,Transformer,2022-01-01,2024-01-01,31,11.499247848144472,12.849736283740729,13.437881338660851,15.496000816250184,13703715.745444683,9.361523850727412,10.841113264599038,11.173874040603408,13.490418687153143,10275003.980056416,2.5494737101077325,2.938976493312059,3.065322560258675,3.675143449706887,46.95722929870161,1.8137965839435275,1.8701960087320564,2.0392280021081377,2.0748605859838114,44.60084227004595
431,MSFT,Transformer,2022-01-01,2024-01-01,32,6.021280195824255,6.1126739630400735,7.097623732620606,8.168222108104839,13410827.907837704,4.586631439661403,4.52060996466169,5.32655815936241,6.106606447786927,9629093.306846583,1.2547205457794717,1.2270500804929525,1.4633674495960842,1.662670419645427,42.8071960469701,1.066179907099628,1.116657345254515,1.2832052084482026,1.4743850969626444,41.73358961952166
432,MSFT,Transformer,2022-01-01,2024-01-01,33,10.20130795515836,11.22127045278473,12.377454145770256,14.189661812904998,13376604.01045534,7.304105910654387,8.28817685932369,9.113057928636264,10.961078536476332,9531560.487933498,1.991345272401178,2.2488402379923267,2.5007576558632656,2.986691041941917,42.240310972466006,1.9363020564494609,2.051543366139594,2.2892124185207146,2.4533372435882987,41.67548577933174
433,MSFT,Transformer,2022-01-01,2024-01-01,34,10.283865883323768,11.337107279848516,12.12005445080582,14.12902312205186,13763672.269599533,7.887761646610363,9.04637342115469,9.591240677449631,11.729464872065936,10140781.356661262,2.1489891911894103,2.453394649350394,2.631512848782004,3.1956760826142205,46.09714755369493,1.7936555163746382,1.853436740853176,2.025123962032791,2.14504571223268,44.73669290057471
434,MSFT,Transformer,2022-01-01,2024-01-01,35,11.84060900660506,12.879762776096811,13.52393387364843,15.31213397099848,13667685.555232571,9.560403713683751,10.77962053937257,11.136913624146652,13.256813971213177,10155672.918130169,2.6046657232575083,2.923046261970353,3.0560355327747644,3.6122972810611618,46.225304404936445,1.8983229765276115,1.911711728117756,2.0972377087943177,2.085974557457277,44.37843865454066
435,MSFT,Transformer,2022-01-01,2024-01-01,36,14.468932021233382,13.681523342308903,12.596405877888232,11.768426819831998,13106532.791958736,11.77884416958037,11.019417614870788,10.30809853814294,9.57460582116051,8951347.33595703,3.2254587484215924,2.997828361461308,2.8417624231008443,2.6166824408858425,38.30474507771334,2.3000875529862506,2.204953850247711,1.9918319832590023,1.870528838129603,38.079006155620206
436,MSFT,Transformer,2022-01-01,2024-01-01,37,9.3915954024639,10.501010930755465,11.123240842546023,13.182627689503576,13768314.126417488,7.041620462446798,8.268214207813378,8.575579103232545,10.746808085944092,10173487.25318448,1.91891261779762,2.242835982872033,2.353196040984052,2.928490874942614,46.30937257930356,1.6889453600410225,1.7555668665759652,1.936279790088825,2.078802738043665,44.946783629823805
437,MSFT,Transformer,2022-01-01,2024-01-01,38,11.29620360262425,10.386570978975495,9.432300302905013,8.397978502770464,13054595.066389997,9.1440682801226,8.312115059801041,7.749031646626097,6.843859821280093,8873900.01897856,2.503862794984107,2.260760724327825,2.13571486536514,1.8690580069889056,37.73095937586591,1.814705968800013,1.6929760584333018,1.4790068283292532,1.329006937469503,37.43523659290238
438,MSFT,Transformer,2022-01-01,2024-01-01,39,8.460589456239596,9.213473261930892,10.38949813407607,12.15924554610563,13211355.956251526,5.986186812299231,6.602258014991744,7.342784672706648,8.982662359720154,9290023.025312329,1.6328242677701004,1.7909596867450348,2.0136996154799207,2.445839011754644,40.65902094120185,1.62575859272414,1.7418928132926483,2.008143728346924,2.229444833178023,40.140572221877065
439,MSFT,Transformer,2022-01-01,2024-01-01,40,8.649114671839682,9.463962454687971,10.43873140979753,12.026421732554514,13447856.46263237,6.1795590486618,6.979983437298296,7.546504840079861,9.224611407904884,9749638.025593484,1.684844024640325,1.8935011321107915,2.070252098743399,2.512617911953808,43.64516317589588,1.645140842545268,1.7328371261730025,1.9710735813483589,2.100015132463713,42.46297125639826
440,MSFT,Transformer,2022-01-01,2024-01-01,41,12.199214474130066,13.446210563673866,14.485388124087818,16.613113693856043,13308003.800548151,9.080991852824646,10.417863581760288,11.094530736993589,13.368524461812232,9494790.15316643,2.4751629267026223,2.8263191533495458,3.0447219348220265,3.643348351184015,41.97827198694282,2.2152196211446986,2.306016823718811,2.5460026064287127,2.6856913696999576,41.02017020657556
441,MSFT,Transformer,2022-01-01,2024-01-01,42,12.85985339460088,14.441240761821156,15.041488660873782,17.608258260750194,13386140.363349345,10.627487650878942,12.255951298723948,12.623766678142111,15.327047342802638,9781192.0243319,2.896464541989903,3.32416925823803,3.465482772332056,4.177539066381874,43.819282697300594,1.96837826018756,2.0726263708417494,2.2366902918399894,2.3614776283149754,42.05552081381823
442,MSFT,Transformer,2022-01-01,2024-01-01,43,14.724456051151297,16.453251078064277,17.36847257725933,20.11526318237652,13322142.498452798,12.787482274340766,14.546041529126017,15.253532802568722,18.076557088951645,9658177.672811458,3.48612191851669,3.94524254912026,4.189000511593348,4.92710898397427,43.10318651359094,1.9845628705493965,2.0875038978249667,2.272721641308712,2.4061149797601216,41.47310782125904
443,MSFT,Transformer,2022-01-01,2024-01-01,44,13.691832697251954,15.421933850758682,16.25282435695911,19.08391833800348,13306727.973383056,12.044513850573017,13.792430293590506,14.455706522267244,17.323729324448696,9552530.564929744,3.283576156735,3.740715570762759,3.9702162446198073,4.721949914091092,42.403543841114285,1.7698353626134176,1.8735075508679973,2.0336933915906434,2.183981450190351,41.05704968698796
444,MSFT,Transformer,2022-01-01,2024-01-01,45,12.086142226666825,13.567063400028117,13.931402966464733,16.57206689839347,13614716.118149748,10.524697185884415,12.038000729647091,12.289488776147824,15.010232001874664,10061235.353906056,2.869215999597293,3.265089331106133,3.3754676114813336,4.091688426555684,45.57580899641376,1.615649456563608,1.6996479209599855,1.7982370039810114,1.9171771080668163,43.71170242667728
445,MSFT,Transformer,2022-01-01,2024-01-01,46,6.4868052267725,7.448613507085821,8.51171893218722,10.424795507114126,13329737.496380938,5.0796439396497455,5.864421431000945,6.591288898052705,8.436073261100155,9414416.477429722,1.385657725376929,1.5903802883397191,1.808349278625819,2.29734065044812,41.30599989699577,1.0979293885695147,1.2462839363740676,1.473660775727778,1.6688664840071408,40.53169723766122
446,MSFT,Transformer,2022-01-01,2024-01-01,47,12.480508710816109,13.936806093144323,14.844928156900302,17.611236195707452,13382375.909841835,9.587238377815376,11.132212641181509,11.746301915995431,14.603814592137184,9613646.568097468,2.612690149787923,3.019662903502736,3.223860990450208,3.980615315421281,42.79518993821838,2.173044604788879,2.275032503775793,2.4819871357460177,2.680771212684272,41.92839710542404
447,MSFT,Transformer,2022-01-01,2024-01-01,48,11.466584693526736,12.60080379343624,13.2959366318505,15.435695399130928,13669135.586637476,9.11536960879682,10.40665164801093,10.836215327333958,13.23723688763443,10195224.135443082,2.483714478172463,2.8223531518313854,2.974023604907351,3.607746464055697,46.45083903940581,1.8909616342932865,1.927534751820139,2.106605850574215,2.162197607687083,44.63923197756684
448,MSFT,Transformer,2022-01-01,2024-01-01,49,9.198478145847297,10.81524562150432,11.583669452732382,14.436612274892632,13302299.180737274,7.179436801415378,8.715848776177618,9.23298522488246,11.99355864775386,9412301.572039336,1.9568721385292176,2.3643993371429706,2.534302642861114,3.2685580182419267,41.35187096983197,1.5643363313730174,1.7384209857716382,1.9143937677895284,2.190971941356011,40.44702250176286
449,MSFT,Transformer,2022-01-01,2024-01-01,50,13.18185800310714,14.384615100275976,14.963924096323916,16.896341882668533,13645650.31117462,11.106674443408558,12.44416544604774,12.835260289801043,15.000506828911764,10295821.023857718,3.026452057265248,3.374271550706292,3.522874328050136,4.087230373814959,47.01648876577667,1.928068068715588,1.956409946875666,2.1014267727096323,2.116693711231526,44.24650728783004
450,MSFT,Transformer,2022-09-01,2024-09-01,1,24.407760163528884,25.128765367407283,22.33495719841455,18.846201552638536,8003536.114837023,21.87790001271341,22.675286361241312,20.152583366611967,16.67298640958682,6853901.210070147,5.3769333493229885,5.525059063269911,5.005204855700597,4.108256186588507,35.522751141739434,2.75989375777098,2.7119770387595934,2.4914583149127227,2.2403681694118416,23.49384872071352
451,MSFT,Transformer,2022-09-01,2024-09-01,2,19.631689193634056,18.50465200848656,14.956247755632882,9.393605809036837,7995597.211416799,17.329626765781807,16.220198956955187,12.822996056346051,7.577421672884267,6808060.861475001,4.2601240484955625,3.9559867516934086,3.189157959284427,1.8667663057776247,35.12022572209761,2.357703584839117,2.2294006062942247,1.9886064603246087,1.4054530867554398,23.295634289233742
452,MSFT,Transformer,2022-09-01,2024-09-01,3,28.16931964275227,29.798509666727,27.32074280680027,24.753145776192937,8033860.287752349,25.23493570863113,26.757030594229818,24.69794125475797,22.03716598745892,6895804.852125778,6.19822770390914,6.516625328768749,6.127629213366473,5.422179554900554,35.88696013835924,3.164686317354394,3.2579297838651087,2.985684128307241,2.83927732652979,23.83894534623702
453,MSFT,Transformer,2022-09-01,2024-09-01,4,18.82225879243938,18.44994597751455,15.411103654131288,12.276308758589767,8439189.688275702,16.28478823269874,15.551049542149087,12.437901233017868,9.270973096318176,7343881.789302814,3.990423277161828,3.7794906109313047,3.07485009350268,2.256925553842952,38.23314878749265,2.3615748330980124,2.436409668635094,2.271204068880309,1.965581725489037,24.520354153822023
454,MSFT,Transformer,2022-09-01,2024-09-01,5,25.51290489916443,25.378611711685,23.24396970183398,18.263833885327013,8183497.44129168,22.8195884806068,22.8104550439886,20.952334676144726,16.012576658544393,7022166.504938949,5.6067831907673575,5.557443366772817,5.201473203301927,3.944917275206719,36.40865072331481,2.8951972069302165,2.777147004426183,2.589201289796541,2.2287489891881886,24.185218729015464
455,MSFT,Transformer,2022-09-01,2024-09-01,6,28.30427397830957,30.12519883995154,27.836844506089687,25.98918667398184,8050718.7210183535,25.22915292472695,26.78813471107326,24.90178294899415,22.744424672852865,6908874.063356561,6.194734806389532,6.522973278989432,6.175131159797876,5.591913757291027,35.8325445617138,3.22914401460901,3.407872345365891,3.1538508153467584,3.1357109640161287,23.559242693253847
456,MSFT,Transformer,2022-09-01,2024-09-01,7,20.868323564974947,20.38666561228917,17.05892634139619,11.839282661300944,8213572.721513831,18.428135829528543,17.8204680499082,14.828384089898526,9.693169460481652,7089469.346379768,4.527190361141136,4.34311540247766,3.6819345622496864,2.386013775459311,36.97949275123072,2.485907421200255,2.460892069638548,2.1586593573681,1.702093977630477,24.3557255867756
457,MSFT,Transformer,2022-09-01,2024-09-01,8,22.02868969891584,22.70261166750544,19.67914400098997,16.079964906416933,8319818.829702257,19.5051405143877,20.02925275974688,17.279309087274523,13.481332394371693,7229677.783240284,4.792438828829482,4.88024408154449,4.290042260487412,3.318722100582546,37.89571392942692,2.599265263345929,2.656808946179483,2.407049582470612,2.1944110924816984,24.9199882018938
458,MSFT,Transformer,2022-09-01,2024-09-01,9,31.546473220877523,28.928427089987256,26.33164229170169,10.33863456928684,7908966.611358481,28.489607486326587,26.12996320269364,24.102391649053903,8.28199968786816,6608030.028490874,6.994446127619852,6.362873504057348,5.977942792615904,2.0437343050334604,32.71134463342128,3.414406278287924,3.08422378214566,2.7221196432102497,1.562213865617721,20.39350208843384
459,MSFT,Transformer,2022-09-01,2024-09-01,10,26.828530123515065,29.008890794627234,26.750324135393114,24.947791747230088,8334154.476770539,23.81785268470406,25.68882283393199,23.785106131263124,21.516325723243977,7255776.709783233,5.848089499200804,6.254308383915067,5.897357251885329,5.288589529091379,38.143591571327725,3.106634433415135,3.328647392177037,3.097829549740799,3.1391440031474627,25.128450082473176
460,MSFT,Transformer,2022-09-01,2024-09-01,11,18.992691414249084,18.423096625526885,15.132408281010395,9.447198837297712,8113580.211388081,16.78784648533807,16.25822573460319,13.174089230595376,7.503297112992977,6978646.32640632,4.124947340871746,3.962237153897664,3.272842693119752,1.848785402787808,36.296648360302655,2.26427345029822,2.1628924271200454,1.9166625628995333,1.4406265209225195,23.9302555070348
461,MSFT,Transformer,2022-09-01,2024-09-01,12,23.939360814526182,23.92798093101248,20.94538506253555,15.986971210293651,7835202.02428298,21.4190261285262,21.52035861896157,18.767428881893064,13.798275284085944,6620531.98214246,5.264158876772116,5.244435689626441,4.662602685661341,3.403277400449878,33.77765800748308,2.725917891854943,2.620197609616357,2.4057626855884786,2.057786145151193,22.23850328582441
462,MSFT,Transformer,2022-09-01,2024-09-01,13,25.371137850625164,26.378485641636285,23.55159640282747,20.58007217532087,8227139.896427033,22.63812488363771,23.545593228580213,21.09093545337892,17.948841439297286,7076674.00760202,5.560617796557618,5.734672158798417,5.232956118113797,4.415596942816896,36.69367453980021,2.8980697516673173,2.9525028758734204,2.6758299072667526,2.523952070969427,24.20651751367093
463,MSFT,Transformer,2022-09-01,2024-09-01,14,25.28562733038534,26.5604484062568,24.372904406426755,21.44228053556369,8254547.794670993,22.55513615529096,23.75388965579729,21.82332735003692,18.74562769285,7151656.303423896,5.54195277503018,5.786955640346666,5.417287271371796,4.615449946001069,37.54387360044394,2.8996198224997256,2.958716040912225,2.77870980810315,2.6222290580788576,24.948310894872943
464,MSFT,Transformer,2022-09-01,2024-09-01,15,19.21633864338905,17.791460033128192,14.648698507795013,8.79825005413096,8019618.537788173,17.059519565003757,15.921289269901086,12.553359405338083,7.040216776123083,6830675.399138182,4.195511497957882,3.882247990849614,3.124721329565876,1.735038501432007,35.17247285068196,2.274155879496976,2.0053561480192417,1.9595439442367504,1.344879348957811,23.219312069038285
465,MSFT,Transformer,2022-09-01,2024-09-01,16,27.60889506411599,29.75499245226764,26.80633620212449,25.039239046549568,8108056.286474975,24.641734140278672,26.57196952436001,24.16398877286773,22.134249038044896,6962114.09676608,6.050678150550033,6.469249675322477,5.991581069816098,5.440525351256508,36.17439249410259,3.136109366525207,3.312333955992245,2.951305750212357,2.9250037708178644,23.941725381194065
466,MSFT,Transformer,2022-09-01,2024-09-01,17,19.05817033309104,17.760221883180204,14.365138223416244,8.956935130916914,7884514.670031639,16.779931032391694,15.398764206807444,12.109081469268109,7.60745309279892,6639045.085858401,4.123899895554463,3.755837554961694,3.0111027358781204,1.868119097023722,33.73278466695823,2.3067233906731044,2.2095092668018337,1.9860218311487536,1.194899764552341,22.22048291680833
467,MSFT,Transformer,2022-09-01,2024-09-01,18,24.679706558167936,25.65217885472036,22.57755167421916,19.04915197291498,8122381.678960495,21.95354288533392,22.7449325355517,20.06433584453307,16.380184900265096,6986640.024729711,5.391056802588535,5.538885267507478,4.977035067088323,4.02809887103256,36.27568835505251,2.8468444509797486,2.937775827711211,2.6333372659230214,2.428671400029799,23.82863190118441
468,MSFT,Transformer,2022-09-01,2024-09-01,19,20.13866309898944,19.593380016973256,16.440472184072508,11.50717814584272,8316053.993214332,17.674545550116612,16.84790999571426,13.97514353172546,9.227195292939191,7212620.380624815,4.339708256931301,4.10458154554204,3.46740938229324,2.264829477827955,37.65208830803308,2.4406347957408565,2.473987095946839,2.197036883782979,1.702059903822046,24.678840420625605
469,MSFT,Transformer,2022-09-01,2024-09-01,20,24.87589078903074,25.81824500842895,22.91051020373099,19.610422074428737,7999959.752288289,22.22498937108784,23.09656051631676,20.529829208956908,17.152858999170395,6833540.8362416895,5.459918418125561,5.626106815396649,5.095541605686444,4.222004584400997,35.234890928178366,2.8342277571344527,2.870947093776386,2.6052048815442315,2.393650112792604,23.119572879985423
470,MSFT,Transformer,2022-09-01,2024-09-01,21,22.675058956547385,22.659817459747995,19.67895312410029,14.78871654762957,8230930.73963797,20.14822411133364,20.164906433213705,17.375579191810136,12.388062962508958,7123785.3507065335,4.950872631543931,4.913558150920007,4.315878408191916,3.053596001678234,37.21926993338063,2.6435571922876147,2.577875541233676,2.371390838051135,2.03477871660156,24.538408637248605
471,MSFT,Transformer,2022-09-01,2024-09-01,22,18.656945566471435,18.241260902863107,15.294487487499818,10.992706608760365,9185703.487432696,16.47285102287723,15.838590452160878,13.105407174675642,8.716312106831737,8128008.736654834,4.044670665610751,3.857081867563878,3.249653463569502,2.136552221547736,43.10909252851092,2.223460557557769,2.2398870754667493,2.00098206156292,1.652827319728956,28.266631466783515
472,MSFT,Transformer,2022-09-01,2024-09-01,23,27.818611166701864,29.906358449805023,27.71998920861254,26.2294119377815,8090153.88660187,25.081703246266613,27.056882836565823,25.33708046134068,23.796119630138737,6970562.377200306,6.160884433792744,6.589321667065764,6.285297725138974,5.85239159053907,36.3692308340226,3.053517677696549,3.17202265541908,2.887041638240622,2.7900989569117978,24.011125749457392
473,MSFT,Transformer,2022-09-01,2024-09-01,24,28.17528151427507,29.168417719954807,26.9483358321004,23.92713942299245,8020861.285533293,25.331991112851576,26.31529189542816,24.44747872897808,21.41540386157815,6849328.458549305,6.221583384636369,6.408633740311445,6.065842570021209,5.269503811304926,35.419128517588035,3.123545687933697,3.132223387554588,2.906433083285992,2.69758315154273,23.49391803352178
474,MSFT,Transformer,2022-09-01,2024-09-01,25,27.502730745392967,29.23485291558464,26.742561380823865,24.545605822172025,8319507.549996275,24.380214233843283,25.822895582376955,23.731013498989075,21.152832412382093,7230485.084506554,5.985090901093783,6.286774315717553,5.883407519825548,5.198896915083703,37.93723982823977,3.195246983794452,3.3820086555303086,3.116068920411756,3.09465333951185,24.99445878433601
475,MSFT,Transformer,2022-09-01,2024-09-01,26,20.73282919834392,20.22031031245672,16.644949205944762,11.405149144196626,8063966.908750098,18.238338039901684,17.589861933415552,14.250398114398545,8.713996469053207,6876786.862087474,4.476181293258081,4.281071091825793,3.5326068507125234,2.136828174428597,35.34676595030719,2.4841608303918346,2.4618674124208364,2.175958496155088,1.8142660422599537,23.113414330450283
476,MSFT,Transformer,2022-09-01,2024-09-01,27,21.15514430520852,21.272044429408947,18.59965304884167,13.91213114643973,8729545.179447483,18.72966518039999,18.702512748214,16.34258993929474,11.590211100072402,7616784.016221588,4.600948071332459,4.556670572406418,4.0558293920011135,2.850792054686987,40.17441047030336,2.496489659549223,2.5172210457611954,2.268628803569941,1.9231569296128896,27.011328698832976
477,MSFT,Transformer,2022-09-01,2024-09-01,28,28.6750971424424,30.03588329966183,28.1506795789287,25.19885173457484,7982573.577300463,25.883844334051616,27.20868768684081,25.73330912981534,22.82812894685321,6809850.140940567,6.358002132038522,6.627006433412701,6.385267327461282,5.6176809195198745,35.257170218318315,3.133070483341984,3.172686815946025,2.937052517980476,2.71214982844528,23.4919058515712
478,MSFT,Transformer,2022-09-01,2024-09-01,29,22.043602222199983,21.13287470698605,17.2993645668471,11.9559258254786,7875817.996985776,19.33870808157961,18.194483981713816,14.7197554870489,9.602768191440765,6633141.8947824,4.748141982150137,4.432742649408576,3.652890286211937,2.358901821899797,33.68248535837498,2.667331256774204,2.657739885546301,2.3068287557546028,1.7675202986314955,22.12643108231511
479,MSFT,Transformer,2022-09-01,2024-09-01,30,30.824648307400743,33.548436452474505,31.62389591564125,31.568493691528143,8299422.325944526,27.604730391325457,30.031710255121983,28.613853870182744,28.19191523379012,7180577.59688619,6.7766394521502775,7.310683792836992,7.092916183704761,6.927287405224855,37.49477638179069,3.447393241954156,3.694307946945413,3.4132294352942454,3.5431094205732268,24.7926253220556
480,MSFT,Transformer,2022-09-01,2024-09-01,31,15.48233854932667,13.386056695985936,9.922021111758374,7.729044471026771,8128526.330369188,13.470714005012685,11.505697711899249,7.90338037425934,6.637933335860178,6990254.720878343,3.3078222937482007,2.802913612351452,1.960338105054188,1.6050470720622922,36.19831253803027,1.945417412792462,1.7053837764238249,1.5233369613367198,0.9379083872574876,23.64320319117693
481,MSFT,Transformer,2022-09-01,2024-09-01,32,26.93166778032995,28.66721346203376,26.013418178983475,23.52571709023527,8073122.417141353,24.082974871319795,25.669280937665903,23.4508061765464,20.809400067484457,6929298.996587712,5.914528752382529,6.250637720111876,5.816324753170731,5.117302323783068,35.88232734395502,3.044786938847776,3.164937254476909,2.8697555524651386,2.7504766146970856,23.4803797451641
482,MSFT,Transformer,2022-09-01,2024-09-01,33,31.201985700224885,34.67480518326757,33.393807567115914,33.88358160381708,8384022.247328577,28.266150301112194,31.43874940767329,30.659969888324465,30.96483316312285,7286250.963297258,6.941388305130343,7.654816039814218,7.602646891091257,7.611365875573137,38.38124785292069,3.347196487876672,3.632278943276048,3.382740574428313,3.464545709819008,25.677321611199044
483,MSFT,Transformer,2022-09-01,2024-09-01,34,16.890486682809467,15.302604404690555,11.850707441797686,7.456666305128329,8128094.70437634,14.80867316322346,13.228278204711764,9.66574951396981,6.698747694713329,6987655.04487612,3.633540485941853,3.220242092736673,2.396581142200443,1.6279184375053348,36.25688901720917,2.058825930182429,1.907900087432297,1.7336056192683642,0.7866914627095135,23.75523562077157
484,MSFT,Transformer,2022-09-01,2024-09-01,35,21.5592850672004,21.83003130182884,18.896395640802545,14.960975924445703,8493046.248548958,19.03227876215352,19.108829731078647,16.419788447368195,12.021385481557832,7414399.176408449,4.672210407091744,4.6517989916551725,4.070725856397293,2.951678073767244,38.85386182960542,2.5549770262035887,2.607893868171444,2.367130038710095,2.203228083628933,25.204875208905108
485,MSFT,Transformer,2022-09-01,2024-09-01,36,16.5441214011857,14.88855847900088,11.31447829875988,7.264934879970873,8397620.173926173,14.451916152867948,12.844514759038525,9.069162997701534,6.352139781281716,7319680.032836508,3.5507821353389284,3.130366660887876,2.253871083033676,1.5465444925305374,38.2052753192081,2.0545739850282243,1.8758626169545096,1.7239628638352855,0.861143312703087,24.653157893368373
486,MSFT,Transformer,2022-09-01,2024-09-01,37,24.924645297685245,25.53512094632849,22.558052904670223,18.67819355342695,8184467.747507081,22.004318157541203,22.414700143936987,19.791465986592424,15.678072942749832,7040026.713328424,5.403767672807805,5.459629947186917,4.910559531131771,3.8571009031788415,36.603547279852464,2.948382887899226,3.025816471455531,2.7468767325716934,2.531025962523968,24.23157528763436
487,MSFT,Transformer,2022-09-01,2024-09-01,38,25.49179923975336,26.814595756996923,23.27500043295613,19.97766793444914,7970997.187299076,22.933609639717687,24.27794596120247,21.11047979344361,17.855233046245075,6809911.929503392,5.635760108490628,5.9145973978707325,5.24274463577099,4.398809871970901,35.27941801382871,2.839146492355869,2.849059370584312,2.540940313358756,2.2921482521648806,23.45477326823232
488,MSFT,Transformer,2022-09-01,2024-09-01,39,25.14650075104306,25.50886064945548,22.611757987071297,18.24421071402725,8067015.316652084,22.531698727482656,22.95127137412432,20.436851782889587,16.109033856014726,6911283.410720603,5.535038049759419,5.590490595530576,5.072096927515992,3.966127454642622,35.77009149164983,2.832917842338453,2.7754036997313567,2.4891473635198733,2.169475519036089,23.534476183739407
489,MSFT,Transformer,2022-09-01,2024-09-01,40,28.36786090675816,30.116369857387344,27.626848994995303,25.58347234166863,8284641.256480666,25.4467571655922,27.084439792827464,25.104817085778496,23.00327011171222,7204162.5472791,6.249685409507913,6.595865527257952,6.22743500032191,5.657813514213702,37.91215030217244,3.168024262912032,3.269818203728656,2.950107719761564,2.822379244870124,25.05843543308416
490,MSFT,Transformer,2022-09-01,2024-09-01,41,29.6238281584932,31.46171929488504,28.793619769515928,26.89908567484781,7994580.910483501,26.475572081878347,28.140745463957337,25.963531301091887,23.859548310650226,6830255.179123386,6.500547836959679,6.85164901303362,6.438802189095795,5.866765515584763,35.34232716555843,3.344223201243547,3.482117225094396,3.165626463381948,3.109533874761804,23.41867655144417
491,MSFT,Transformer,2022-09-01,2024-09-01,42,25.782085573207024,26.522196760352763,23.60663971441884,20.04638896023486,8066449.417335192,22.968503640490507,23.58556657461952,21.034438937751084,17.33293970224487,6888265.383338157,5.639798681667006,5.743064331841567,5.217308546525405,4.262248852635497,35.50339941181556,2.9540776807249656,3.004675146988697,2.7249902882138253,2.51614814429088,23.29881337858889
492,MSFT,Transformer,2022-09-01,2024-09-01,43,35.130758698898305,38.95842376158951,37.72478536103388,39.12096379604695,8026541.963150793,31.78175495850004,35.21099090952621,34.5970136417413,35.686746753952654,6891294.674587097,7.802402791441549,8.572413134188398,8.57577878147875,8.769382580829491,35.88152938625049,3.770236193003155,4.125236573344265,3.821671146406392,4.015188345900849,23.885284336377865
493,MSFT,Transformer,2022-09-01,2024-09-01,44,21.56496555552184,21.7324043463579,18.8200444187699,14.409095729846715,8212276.484325248,19.0342025811777,18.916869078208524,16.399936765053603,12.0862591635474,7087662.561533793,4.673916401510958,4.608220978716486,4.068059436038283,2.969764552695337,36.92179122069877,2.563069139772839,2.64752299225677,2.346719834474548,1.9546058943630973,24.250727625860087
494,MSFT,Transformer,2022-09-01,2024-09-01,45,17.011960431540658,15.558881410336348,12.806129729012302,8.53433072704601,8054706.048429136,14.76437240694941,13.549131049664538,10.37021807318394,6.971070012926888,6880783.820964311,3.6339645694024254,3.306764298676026,2.5845860204648448,1.709408730107108,35.58163608297963,2.172229520630995,1.927805469089651,1.93779824753236,1.235053558252662,23.62797755585725
495,MSFT,Transformer,2022-09-01,2024-09-01,46,23.99041045054216,24.39021609023758,21.16475895778256,16.873330771006348,7994879.574489023,21.45197079488732,21.870441490527543,18.942337053649737,14.67575050744747,6829204.422397092,5.271062440600759,5.32871970889379,4.704314890226721,3.6161106382142862,35.26027969383504,2.7326324742747667,2.695774110669141,2.4323088332650213,2.11202068845119,23.21089030109001
496,MSFT,Transformer,2022-09-01,2024-09-01,47,31.672697003212228,34.614567115687386,32.42549442323244,32.07232221481427,8287914.020580904,28.422031189592627,31.04702489966572,29.36796558581605,28.70118373076285,7191171.973654902,6.977392254842804,7.557894812813434,7.28077924610495,7.053830623633875,37.73317771768384,3.515863784622172,3.783841933710318,3.48823146757968,3.5770197421514425,24.9824574159617
497,MSFT,Transformer,2022-09-01,2024-09-01,48,21.948681586000607,22.438702106378063,19.905387855337395,15.682232591339517,8420156.062050195,19.59393451547834,20.1823523735905,17.873617016816763,13.631729691446443,7340048.984270895,4.816434513722637,4.9179915242497,4.439321460649092,3.359156248164337,38.70735624043278,2.5270054038794973,2.456302430119978,2.266364713057043,1.9688066982914592,25.62798332337468
498,MSFT,Transformer,2022-09-01,2024-09-01,49,17.342412245732643,15.716093074703766,12.451736242031725,7.354274690426163,8163828.47172741,15.202813737774242,13.651580293747344,10.258270819347825,6.466872117397431,7031677.736768139,3.7355170863117264,3.327553290049693,2.55003268149142,1.5798493183275948,36.52612503496208,2.128304603909798,1.942504863859863,1.804262634624836,0.8689080872634694,23.925006757677604
499,MSFT,Transformer,2022-09-01,2024-09-01,50,21.85482673737201,21.737753561787603,18.610791101248587,13.820111079850916,8150143.567677803,19.31270311891717,19.064213306752,16.296041676419755,11.53408358879184,7007238.380617602,4.743015158591157,4.644023233600472,4.043300732370058,2.8358185106525635,36.36927064432144,2.587523418619273,2.589080529045669,2.2903605168957566,1.900199260547013,23.84096744500696
500,MSFT,Transformer,2023-05-01,2025-05-01,1,19.91883870894976,14.34559227554393,19.76909010784828,17.12630723519842,10966197.423372936,16.113243978929926,11.555986427652671,16.177394356343537,13.304756931720704,7686556.239415945,4.378119634615008,3.073395072458861,4.46209651273313,3.6106970024950407,26.79116588271924,3.32719233952581,2.3481309178473806,3.2981053314003,3.051423365387669,18.47490161119136
501,MSFT,Transformer,2023-05-01,2025-05-01,2,24.7566091247033,19.349635373618792,24.467375964168813,21.014022852696986,10987154.658359362,20.680353832058987,16.26769924989117,20.92076930280412,17.52917377477692,8262121.854980345,5.591141412232991,4.305899909531157,5.737701494602213,4.724052325178106,30.365256172197068,3.814571894065903,2.8654602490920293,3.647826257157144,3.270100971206893,17.281837412802997
502,MSFT,Transformer,2023-05-01,2025-05-01,3,25.25260078104541,19.02338590723479,25.403598802044822,21.199312378121988,11026086.329662217,21.050266167664493,16.080741481987186,21.47298956032077,17.552526917616795,7713549.671689363,5.707212193597984,4.268575006949441,5.91069125668142,4.749444331357446,26.798938242447523,3.944333347893198,2.8066813275148546,3.929674032294064,3.387636350109078,18.38323724467056
503,MSFT,Transformer,2023-05-01,2025-05-01,4,17.62102266624707,12.641557822720053,17.699385195966137,14.437959517683854,11102350.180410272,13.974838427259591,9.733262109173117,13.923454067848754,10.713027632929538,7908583.429589916,3.797777621318294,2.587419229126321,3.842961946354954,2.905202477371784,27.79564322572267,3.0499215464227145,2.210386274633194,3.1491749613967723,2.7120691597278057,17.95958967760226
504,MSFT,Transformer,2023-05-01,2025-05-01,5,22.8646297076303,17.52979120871157,22.848695291718634,19.35139227143213,11077109.139726294,19.105051499062988,14.656299778014825,19.33779821123185,15.777537213690607,8532838.35330928,5.16498113981273,3.8790634995230415,5.304647908814147,4.253831215381593,32.1007280072937,3.5362132827326747,2.637630593863799,3.501768650699892,3.154920524230944,17.85960221422147
505,MSFT,Transformer,2023-05-01,2025-05-01,6,24.97912228907096,19.309924282644708,24.668374567922744,21.16756951865243,10799260.261311166,20.84233630952477,16.20391015500079,21.02995015962488,17.69388248340621,8520637.676846761,5.638921877440721,4.292128883849745,5.773255396308452,4.772088431944946,32.572627401531165,3.858866234993077,2.870042123595564,3.7066755731999206,3.2821420687465177,17.149367117057157
506,MSFT,Transformer,2023-05-01,2025-05-01,7,27.24281287399511,21.32742507413973,27.44731822033813,22.65415585261691,10906647.810026528,22.81705616999342,18.050810484440657,23.1887228163434,18.751538100500944,8017979.777824493,6.183524586688998,4.790298435050977,6.382299414665384,5.0737979059926985,29.09238987024898,4.202439735188776,3.129423954819351,4.238694424758756,3.614279222759716,17.930169144562676
507,MSFT,Transformer,2023-05-01,2025-05-01,8,17.338170748107146,12.077715523371308,17.427805537675788,14.294815684229793,10902758.656772844,13.440454846905936,9.289607441770393,13.633331863968738,10.686411157523562,8158682.026580757,3.6637422979753858,2.4754789524151186,3.771631021423629,2.9033345373032104,29.940652981509004,3.112868138490488,2.1213568292121927,3.1425514722566086,2.680345131640647,17.507695385371772
508,MSFT,Transformer,2023-05-01,2025-05-01,9,16.1119111368413,11.637026762653266,15.78499958217895,13.62524613517387,11103188.712739674,12.983413587443648,9.490392283979563,12.613512265042486,10.7453022128551,8649273.517284978,3.517536931660122,2.5108241624780345,3.469697025526059,2.9011323673958787,32.741953244188075,2.704036322526292,1.853465595653136,2.7268657394583777,2.3579468808703705,17.565085740041482
509,MSFT,Transformer,2023-05-01,2025-05-01,10,20.94041008165624,15.400490002305611,20.573761509337736,17.06142223238148,11024653.66025224,17.243251976431726,12.72269263762032,17.353795167104927,13.81140671229342,8464602.977601476,4.6706212316096,3.3720533177378726,4.768093409440829,3.731956794115416,31.5850519612116,3.348535250929472,2.377989440437841,3.1961566016817065,2.8349573743229897,17.12381443898528
510,MSFT,Transformer,2023-05-01,2025-05-01,11,19.41137569722691,14.15845898002467,19.70406910225657,16.372999516953385,10895323.671529803,15.437492135805936,11.195799152786966,15.788815838096614,12.414512915413384,8195847.708248143,4.20062994551267,2.981028523259491,4.361939657786487,3.373685770906951,30.241222234119576,3.3433125468987983,2.38955711854672,3.412150737417152,3.0154528963808054,17.576485141919118
511,MSFT,Transformer,2023-05-01,2025-05-01,12,16.001505452574065,11.168594207790138,16.145683085592132,14.070233594186435,10990010.773214309,12.22814519386642,8.944581313896576,12.5928291376112,10.817541840266234,7692928.063711217,3.3351445056870004,2.3755090666597827,3.480269193573264,2.9297601255331505,26.782619772244708,2.937278187525968,1.8395326281948832,2.9276820434781694,2.541142561402474,18.475836706838063
512,MSFT,Transformer,2023-05-01,2025-05-01,13,19.141937883436697,14.166059729071277,18.772732004432367,15.88311112276039,11089863.76257801,15.6853974324127,11.589671505306882,15.553825050163804,12.560762737591856,9080161.028130151,4.249031886199118,3.070840849115488,4.275817262741024,3.393659612951025,35.737311813167096,3.100124718058668,2.235091346299279,3.035996296959451,2.73909698409226,17.67549831817648
513,MSFT,Transformer,2023-05-01,2025-05-01,14,24.648182768980003,18.658639529781787,24.624222219510912,21.28953539499746,10828351.205726786,20.38273014742897,15.487197749686583,20.411598288865424,17.300774623084262,7892990.607043061,5.532780887078739,4.116694225028512,5.629493210201299,4.688333814752499,28.49796311229239,3.925303113886226,2.871474012383896,3.9827354588503705,3.5241687294511874,18.129806775154822
514,MSFT,Transformer,2023-05-01,2025-05-01,15,12.395220723898698,11.215598074532796,13.454040617405449,13.63965250220888,10968096.809953569,9.591247947330505,9.565155860664104,11.142227412723752,11.55639205177564,8300027.86490606,2.578080606670518,2.4904140037548745,3.022997001187946,3.059587328606069,30.749210903723974,2.180483834012019,1.4963221062938927,2.097533249567847,1.9150951629156805,17.59757230470812
515,MSFT,Transformer,2023-05-01,2025-05-01,16,18.6197307450966,13.376233890124118,18.5499351357596,15.42878394375708,11179218.34919034,15.107917203329531,10.924461745045011,15.171570503715804,11.903564779544944,9301124.484569242,4.103768175299151,2.902209282279696,4.183611777285341,3.2302482588543646,37.07089395140672,3.09993384797637,2.132932216996106,3.10412335874371,2.781526815396993,17.98010354823802
516,MSFT,Transformer,2023-05-01,2025-05-01,17,25.31240430108697,19.306423045473814,25.65884418495509,21.748164481166672,11026959.45101478,20.89189805672316,16.199238262106363,21.52667999691438,17.837436278625436,7853386.237316971,5.669687392890098,4.303195661311452,5.9308535237555216,4.830348175738028,27.691283975352736,4.04305058918928,2.9024385429741595,4.044613786579864,3.539587936527102,18.066852428329582
517,MSFT,Transformer,2023-05-01,2025-05-01,18,23.830955383770785,18.33139362964729,23.77992195357493,20.323209024300635,10994932.421182208,19.977796792610214,15.574829548596792,20.345888675295203,16.943519130713746,8548409.532269845,5.404431149634777,4.12410795442176,5.584426016870573,4.570064974733264,32.3124440910448,3.66368172839116,2.6614051543716544,3.560603369151895,3.182568589287585,17.451158989578705
518,MSFT,Transformer,2023-05-01,2025-05-01,19,19.8768330706208,14.30791320326681,19.89628834715211,16.63721499090523,10976956.221344078,15.797050519098772,11.33936666432749,16.01991959133471,12.71272873906412,7758827.441044461,4.30009506451422,3.0206602512578686,4.427424068603956,3.45618961000504,27.21863700857216,3.4249767529326687,2.406074466483516,3.420993824238064,3.0365868452462563,18.257868123760883
519,MSFT,Transformer,2023-05-01,2025-05-01,20,20.175032987334017,14.642815223390429,20.192833518534822,17.05929095715521,10930804.76797133,16.19067295503917,11.87191855557739,16.35264415856239,13.133313038976157,8437014.24306799,4.403971175487649,3.158858526862967,4.516738430797242,3.568757468160831,31.679476891209497,3.4232161275389306,2.368843710887568,3.4394789357969926,3.082579883646851,17.21135165193395
520,MSFT,Transformer,2023-05-01,2025-05-01,21,13.392412034207062,9.23318098168587,13.57416961556915,11.224777942168798,11077849.886580553,10.37457687517998,7.366460073019963,10.442317215642904,9.091967261945326,8954060.462057613,2.82113700571454,1.9495738435525325,2.882755947280433,2.4483049848115024,34.71972905049921,2.415300174600252,1.5164760655936644,2.503319389373935,1.851099343399772,17.02684334341791
521,MSFT,Transformer,2023-05-01,2025-05-01,22,25.178503608581025,19.44736260965716,25.27977489100734,20.27998246969129,10865745.682953907,21.11160546922846,16.490715274843982,21.70374038948606,17.028937731700033,8289782.931127567,5.708319811292597,4.364766957514661,5.953439141455934,4.590418806614093,30.90919358303716,3.84548571724094,2.816135812891508,3.726613906082003,3.116913723893935,17.476092907957963
522,MSFT,Transformer,2023-05-01,2025-05-01,23,17.60659519551385,12.202956203357934,17.555065180854545,14.078898709362068,10981502.0168533,13.960704295416654,9.653123590025029,14.065214228222448,10.305487136087033,7874930.692427649,3.799233734950843,2.569169908852979,3.885277481357485,2.804430095473672,27.955840714262752,3.0518973326749337,2.0596163743574847,3.0487016486678336,2.7016872291858167,18.178852485472763
523,MSFT,Transformer,2023-05-01,2025-05-01,24,22.45587296840498,16.862563886774733,22.205092808756785,19.110680901831504,10960733.457978545,18.570169060713024,14.18893122387065,18.7039498858922,15.729080189437962,8427542.325673984,5.037594896593488,3.766296357278907,5.150465868062052,4.255896568822758,31.577991981186816,3.578680222589815,2.5194815361554075,3.481266131333627,3.095168280726601,17.41343552034251
524,MSFT,Transformer,2023-05-01,2025-05-01,25,27.21182731565781,21.48950936522349,26.92486164347296,24.88532950430757,10771917.998580793,22.88181145508721,18.336101302879985,23.08330130650491,21.139310868452352,8049949.504958125,6.190823129564658,4.857387131608633,6.338774647695479,5.698936512096759,29.559815027404625,4.142011147189304,3.081322096457886,4.000724048231316,3.7209871751071306,17.514723674840603
525,MSFT,Transformer,2023-05-01,2025-05-01,26,14.157097526589776,10.911731194330514,14.761162824163474,13.60058636164791,11425820.06152988,11.152476605417451,9.304196100216636,11.897277290515463,11.470715821315776,7797793.686465878,3.022458144002001,2.446876257563964,3.262691250654038,3.068604550988397,26.298353705631367,2.479586291385735,1.5347852478288804,2.508590302670524,2.022371928448842,18.946252186290312
526,MSFT,Transformer,2023-05-01,2025-05-01,27,18.379728711443843,12.88342882662533,18.437276327854992,14.9288521023372,10995034.60897964,14.479461765736971,10.022856237268474,14.701267281160716,11.12388352485802,7748474.34726654,3.943633699279826,2.671313522882835,4.064526455048031,3.0263442990307143,27.13129529858392,3.218198534090592,2.228215698652527,3.226855868367258,2.8118693061814355,18.43912923686337
527,MSFT,Transformer,2023-05-01,2025-05-01,28,17.636073238781794,12.218438695604927,17.686014468579017,13.915070944140776,11069889.98588232,13.899492431551089,9.630498939681,14.110127223904806,10.161038639514237,7954986.858740023,3.785264095008809,2.564760916851688,3.900476934749385,2.766322398998182,28.241506504643027,3.088635273291974,2.073873615683354,3.09640640020253,2.680317824867897,18.007807961656265
528,MSFT,Transformer,2023-05-01,2025-05-01,29,10.88668495091663,8.629386423021309,10.986905805784628,10.685452791907744,11073458.932730602,8.383179334481834,7.531857273753409,8.607709008065967,9.32931287888031,9138432.523919627,2.2699863383646943,1.9700716482800968,2.350827351538403,2.4847247533769097,35.96170612036365,1.9656499444901887,1.0995876137224696,1.942067238888489,1.435593872649214,16.873159175192644
529,MSFT,Transformer,2023-05-01,2025-05-01,30,12.653163806666733,8.93405403492181,12.600174724174272,11.491214113701348,11029469.880722042,9.47692112248504,7.524662776710924,9.902477813342196,9.625542435721105,7991131.437467581,2.579797403948294,1.9826741188005264,2.7240927453756223,2.585482650212537,28.560693251300684,2.383078758129813,1.307008845701083,2.252803705127974,1.7740961532888246,17.97431910198012
530,MSFT,Transformer,2023-05-01,2025-05-01,31,18.730726838147422,13.598749567378396,18.24496369444687,15.801919554716664,11101937.593622057,15.174502756835818,11.078139043446184,14.990676328663415,12.483980378792175,9097595.217878591,4.118333289448635,2.940117842340036,4.128929490800881,3.379629361214678,35.7251202764112,3.1097618248435603,2.171830228696001,3.014306479053371,2.74280264974244,17.342521468353194
531,MSFT,Transformer,2023-05-01,2025-05-01,32,17.46338374412161,12.481545932487286,17.219575719237415,14.021360589418729,11019902.28852711,14.227463021371046,10.306951032039036,14.084637698626205,11.092521953536314,8798695.87118207,3.856117662112436,2.7296450040203823,3.874985511643149,2.997302920142292,33.86931847264728,2.86787080436509,1.9345816526661963,2.8591960619855072,2.422561822678401,17.11660650929277
532,MSFT,Transformer,2023-05-01,2025-05-01,33,14.569348770582872,10.347026781943404,14.828579272734384,13.483153059452576,10984342.484900383,11.174703194569435,8.430043521632165,11.531279008012074,10.426285858730989,7968156.438215162,3.042105224712692,2.229937532742348,3.1799004029169726,2.8180540896113224,28.53919145760684,2.663217179351072,1.6412848845694636,2.6919353324811497,2.40618992728612,17.925691136280502
533,MSFT,Transformer,2023-05-01,2025-05-01,34,22.8295246410118,17.00738923552258,22.87620325008824,19.01570539879853,10967048.712309804,18.85287424663873,14.344055259139402,19.21824635758088,15.508452804306176,8435153.576039998,5.116644866193698,3.8089310613780216,5.29471719965565,4.200909716272394,31.574215641928205,3.655753664223545,2.53134495436546,3.6120649475679993,3.140000864658776,17.262597755893196
534,MSFT,Transformer,2023-05-01,2025-05-01,35,21.509533150141166,16.17526524166256,21.43006732166863,18.03985290398584,10937051.00428444,17.85147342149888,13.535509959688786,18.17100839985536,14.70869870054863,8325950.976750982,4.834259665548351,3.587084844980183,4.992167535094446,3.973813384870637,30.929096533966465,3.3905759937114457,2.4378167942457067,3.291927318204689,2.9603168404861857,17.28418541603772
535,MSFT,Transformer,2023-05-01,2025-05-01,36,17.7919812798984,12.88414878411039,17.48898952158924,15.201356980463748,11171237.8210062,14.436406681097113,10.34829091971773,14.145908297517204,11.792696885340424,8033113.361596111,3.9121401901454673,2.741926109774875,3.8916512912037953,3.188873384011864,28.39902067340489,2.9502332990799016,2.1068980704418983,2.963990371154137,2.694921340935215,17.824700377962834
536,MSFT,Transformer,2023-05-01,2025-05-01,37,19.30523839279896,13.689157143756018,19.647445452009343,14.413862547604884,11085896.213579802,15.50953453667912,11.020565259284384,16.17210908164328,10.592337053202971,7653475.165365091,4.21788300265579,2.9325881476977367,4.461896571266145,2.883665313160337,26.255049088259767,3.2667304371610606,2.242751055895756,3.246904451020459,2.7555698732554745,18.484873337007595
537,MSFT,Transformer,2023-05-01,2025-05-01,38,27.42400853837428,21.22654414468513,27.54169760069911,23.34934245294468,10926676.66987571,23.000271215973264,17.988700352548797,23.25131389613214,19.393181523020697,7693346.494002645,6.233695519859712,4.774538449407888,6.400909902260612,5.246604649969025,26.98461620234672,4.218792894255092,3.104960994769921,4.261100035850816,3.696266716391895,18.66562444898817
538,MSFT,Transformer,2023-05-01,2025-05-01,39,13.15495043319152,9.600456244467855,13.000804109286175,11.549700842191816,11076712.62087354,10.25343906525598,7.8529411805766625,10.246908819096427,9.233600484859483,8393817.723402806,2.780377804137925,2.0718888127762507,2.818311331853494,2.48574273819552,31.0146334636946,2.337863157552323,1.501910032343039,2.29843249309523,1.9308920343516167,17.33753390254384
539,MSFT,Transformer,2023-05-01,2025-05-01,40,11.762978261865054,9.995786418092845,12.22173954149615,12.163812489728375,11287769.524360424,8.927275815277348,8.53538993861818,10.189489379273711,11.128868430220622,7755296.848956892,2.4141576621725123,2.235148092518254,2.7830327382478184,2.9568847454633937,26.45005956970196,2.151723954216474,1.3897623507839458,1.931145323072788,1.3347568582440568,19.05758079869614
540,MSFT,Transformer,2023-05-01,2025-05-01,41,16.278877747287993,11.944712657162873,16.744201128475318,14.841069559607757,11040911.95998885,12.840982066924358,9.861982511236048,13.559049196568164,11.88872967333328,7688535.546404259,3.492903782989486,2.612147964848875,3.734026045949945,3.204337247662552,26.62848799808519,2.858307833815444,1.844068770598937,2.856261432526175,2.497107223432256,18.513641657181
541,MSFT,Transformer,2023-05-01,2025-05-01,42,12.991675836186465,10.967505441122258,13.983206693401366,13.486388204590336,11934182.085106852,10.271000651686483,9.5196211678365,11.481514421597812,11.778124551004534,7817683.848447255,2.7680548711713624,2.4868664680171912,3.1306909950577206,3.131700428388145,25.088506030633752,2.239961754931625,1.4201596007099933,2.264699201033575,1.78043111678733,19.57737998156629
542,MSFT,Transformer,2023-05-01,2025-05-01,43,19.97965631423536,14.223849616878498,20.046490892527338,16.728997618934716,11092063.836503113,15.782110676770282,11.216344295423267,15.997047019109775,12.800081690858956,7579807.098730431,4.299771540728165,2.990389481612441,4.42602646098571,3.482731188173157,25.779806012333843,3.478188382162778,2.410536911300591,3.5002567058637206,3.053697735382575,18.81248423612898
543,MSFT,Transformer,2023-05-01,2025-05-01,44,19.34216542694673,13.703514290961936,19.242173098198887,16.043556670504135,10934968.642272107,15.660901569652117,11.068139502775814,15.76820790974956,12.34249363490506,7876660.233984002,4.255367564794096,2.943291541590813,4.349310071670512,3.350743554306672,28.04436550007193,3.2289603464348926,2.232977423123622,3.2059589094717054,2.899587658966123,17.84939274941246
544,MSFT,Transformer,2023-05-01,2025-05-01,45,20.79926309181994,15.251235463339414,20.851814838172885,16.999101351761368,11004213.971602216,16.97960476087544,12.427784128335755,17.14219723095552,12.983714948466176,8060903.674698028,4.609286505136179,3.3025918993032186,4.724677336317588,3.5242143909087345,29.087111174321368,3.413596301990608,2.444270417849666,3.442219908152824,3.0941539323503653,17.848931962423727
545,MSFT,Transformer,2023-05-01,2025-05-01,46,18.53567357694228,12.8754428519641,18.55181278306992,15.922468570271278,10889788.48721776,14.214749424085008,9.91027541039507,14.422647359419052,11.968288133636833,7718839.595917449,3.8812159339826304,2.645271741721104,3.997599257587997,3.2600163981505683,27.235518290577964,3.377017708128386,2.259831205382453,3.38125544654502,2.976251964900489,18.508720174081105
546,MSFT,Transformer,2023-05-01,2025-05-01,47,19.74379465023128,14.336533556179422,20.043817285243623,16.931340212966386,11010556.513951518,15.200439340206715,11.47839782002384,15.93599511041617,13.478991206003176,7821118.745477868,4.147863344216148,3.056669437544951,4.40902314442151,3.655240312088704,27.577349781793085,3.570357225235731,2.3691618491802666,3.526287443529432,2.919596811643161,18.418468832139705
547,MSFT,Transformer,2023-05-01,2025-05-01,48,23.387725300462087,17.50374862718704,23.67911555801356,19.09222779607061,10889699.911101054,19.279491268715866,14.685885086362044,19.87109787570065,15.416436016009698,8128111.5753688095,5.2334745476746205,3.901464413249881,5.475383501355822,4.179840333814844,29.75297364781356,3.754019863293132,2.636210185399753,3.7406353699954273,3.2079944566331493,17.44399143158483
548,MSFT,Transformer,2023-05-01,2025-05-01,49,25.79780379024089,20.157539659611643,25.64381798269492,22.341676827108564,10961679.364644144,21.78096013716739,17.17840223135583,21.92885607298513,18.681121490403363,8086084.767240136,5.8839801703115695,4.54461406819103,6.011479562187676,5.03231057414366,29.19635035121922,3.889443840313399,2.900528916039617,3.826062582641179,3.4624194578198257,17.25637067427425
549,MSFT,Transformer,2023-05-01,2025-05-01,50,19.624627085714334,14.277663711547666,19.67303950946773,15.788779409478972,11014297.39602934,15.97957115102077,11.765620075371976,16.334195311982167,12.35247536253035,8899275.44093504,4.339420377277121,3.1251230848002973,4.501034068088782,3.350548776080408,34.6534196597295,3.2371988528698257,2.2348202807762574,3.1919857242661087,2.7911077286750405,17.436836781072714
550,MSFT,Transformer,2024-01-01,2026-01-01,1,15.130919081171662,14.114009610210676,19.05254120442364,18.412416187103528,11699764.509256205,14.044387851509574,12.96870756679733,17.88758041165967,17.482134379705467,7784260.892102064,2.9298967923924994,2.686163843591433,3.765438352327201,3.646752356682836,43.80811103211112,1.2075663700251924,1.1841026930205838,1.4345762376227316,1.2471395158317435,61.366866090634495
551,MSFT,Transformer,2024-01-01,2026-01-01,2,33.58946288338076,36.31713164913719,31.829616490336463,32.60725148114025,11600123.523388952,29.19939846453952,30.161990298676542,28.80844824179152,28.690773056184085,7555936.82266396,6.076562013312719,6.232291094094196,6.040603070579589,5.969913538534504,40.46896551293203,3.4496238909694945,4.1694146950473865,2.8236030006886,3.2149728183592368,54.926731125755225
552,MSFT,Transformer,2024-01-01,2026-01-01,3,18.098670237372435,16.60423571477602,20.599062004449816,18.787981519933847,11683045.668896478,17.36422240954796,15.7763265888291,19.644975554351845,17.879115830752554,7737795.438494014,3.6201730567914576,3.2657935343343945,4.132911257741665,3.729314729882472,43.01183146172522,1.107506358588419,1.1083170597054464,1.3615493753252843,1.2466821002318522,59.84147906184207
553,MSFT,Transformer,2024-01-01,2026-01-01,4,31.259419391332,33.41700982319508,29.74044068303626,30.591089846897297,11617965.80985059,28.830527908864333,29.980401752570984,28.10685588020164,28.365927971757205,7580742.781970755,6.002296844093033,6.196596831122549,5.898189593214425,5.904738924273878,41.411499580806826,2.5264124217582,3.0537540614614938,2.050974399283686,2.3916695205344864,57.2650256179005
554,MSFT,Transformer,2024-01-01,2026-01-01,5,15.74806076768038,15.498083004061815,17.98343622751386,19.53534127036409,11702752.200621909,14.437397206458622,14.305625121388909,16.278886385461927,18.6593205685053,7763197.339566111,3.0121690671660706,2.962506908767576,3.4302683409629733,3.891613694437177,43.38760295673524,1.343402930551298,1.2673608714238342,1.6560007067518046,1.252521142337444,60.64998957171942
555,MSFT,Transformer,2024-01-01,2026-01-01,6,15.140218429898033,13.774264867488633,17.84809188699285,16.565455668323857,11730177.179773549,13.964197975848526,12.484447325158806,16.355219248431993,15.324352770722324,7785894.272680513,2.914055301022888,2.586974992288819,3.445689200945611,3.199314836082611,43.35848158523001,1.2531748881709994,1.2343073185337288,1.5514937956602113,1.3496981593777044,60.46420488972753
556,MSFT,Transformer,2024-01-01,2026-01-01,7,13.43954994784605,11.456759096522216,16.203225175482267,14.624471359405137,11699518.912428822,12.166203664452556,9.854303880132315,14.425303577926362,13.093256859454051,7789054.389741379,2.5392531206853506,2.043178535973888,3.041247414975764,2.7354534322599284,43.82771475353677,1.2190471372918217,1.2333474199475811,1.595921277793197,1.3904468163841155,61.32376425304059
557,MSFT,Transformer,2024-01-01,2026-01-01,8,20.266480194844643,19.023372308665213,22.36402112034665,20.708512633103133,11712064.22253124,19.477229941764804,18.109895038133125,21.482959911217133,19.809636325613543,7758267.776335313,4.060064199258714,3.748081119375057,4.517368439337463,4.130457323165416,42.92129977919446,1.2118235576455705,1.2402704900877228,1.3642468075522145,1.3008323815582048,59.54242677520156
558,MSFT,Transformer,2024-01-01,2026-01-01,9,15.469893497220824,13.800332011004189,17.54975935346649,15.662220324474635,11702177.895895232,14.457899288146974,12.643791228433605,16.039611644245856,14.28547979673827,7761424.058030402,3.0159777876528646,2.619170019730271,3.3792413414685134,2.983218660034357,43.22352436630098,1.18268223793689,1.1753521844610382,1.5468638982085825,1.374215070809971,60.21906586036684
559,MSFT,Transformer,2024-01-01,2026-01-01,10,46.53345370658437,50.27531804974512,43.6514240203726,44.0692093871256,11743178.052646097,41.39539366461363,43.712894102315616,39.97881658485812,39.54080435465586,7425687.610075036,8.616727317901683,9.033075643668186,8.380115904942745,8.225475908378067,37.16254843229061,4.432038419475941,5.13375243518121,3.665620746038943,4.048602396619216,48.28853736302066
560,MSFT,Transformer,2024-01-01,2026-01-01,11,11.998733363265725,12.126670614355536,15.139465670125029,17.833717387230372,11704944.49607839,9.88304990337102,10.531424986078711,12.533292023550436,16.844437680625802,7737492.200617656,2.064738013037441,2.1831906100145537,2.6464489462510112,3.514410864782356,42.57099762802449,1.4385190280937543,1.2696059075133797,1.822918354873972,1.262199436052979,58.89740928563021
561,MSFT,Transformer,2024-01-01,2026-01-01,12,26.74523139153396,27.096990514544803,27.54907790839337,26.353786516927904,11621414.785615953,25.34761017921736,25.250474558635144,26.453753888626164,25.0155000836731,7569303.671690037,5.2798130253172895,5.221541768904768,5.554983394054451,5.210530834390754,41.105607388211936,1.805667186118213,2.0507888385345616,1.6491356706441969,1.7523241633655895,56.691637593326696
562,MSFT,Transformer,2024-01-01,2026-01-01,13,20.40555603468342,21.180316920439147,21.83570033268668,20.779499038076647,11625105.1440579,18.960397816380944,18.81833609446547,20.601336142881905,19.22544285861245,7617840.923575094,3.949172131426638,3.891632354463895,4.32820411635708,4.006337517015346,41.64376341813088,1.5854256727055864,2.0139601223810786,1.5457592689255306,1.6569271232962848,57.44609582768917
563,MSFT,Transformer,2024-01-01,2026-01-01,14,14.09390265439567,11.893738789700215,16.450898457836526,14.7137159207071,11720365.317841563,12.564031135787308,9.795181488217953,14.3948127485512,12.87186391757149,7793755.713196425,2.623252355950324,2.0322085231564846,3.036340326209818,2.690603519982814,43.56855199726026,1.359924922608038,1.4189515228832137,1.7168545725472688,1.5175219314940391,60.80897367132855
564,MSFT,Transformer,2024-01-01,2026-01-01,15,36.900877651365946,40.62681073589953,34.8486763520793,34.82901449801222,11599762.25932034,32.89922668479811,35.02739537094245,32.03190818972246,31.31015962727243,7406917.969739986,6.847821468325551,7.238436077985462,6.717360924223242,6.51566942730838,38.91254359436467,3.4809579415790064,4.249045240037089,2.8707026219768306,3.1723169990329656,52.70011592680073
565,MSFT,Transformer,2024-01-01,2026-01-01,16,23.14899196239677,25.668006469452564,24.697155451352472,23.00785152707681,11699107.220916215,22.309762323323,24.460917194687426,23.9150888065735,22.150619583291405,7747109.026319953,4.6489986157581376,5.05889997664595,5.025771667033062,4.616309799967381,42.96551358802114,1.330829117181728,1.6375804138987853,1.353248468639999,1.338977445603431,59.70656024188276
566,MSFT,Transformer,2024-01-01,2026-01-01,17,20.306651369867858,18.73480336601353,21.918349403732183,20.805531864761832,11708037.014531992,19.400342843499,17.662567494436235,20.94065635024869,19.79542915795732,7732177.746821447,4.044302717137412,3.655975898239139,4.403870205854566,4.127576543626288,42.52459788216053,1.2922377863511425,1.3244557490618996,1.4144175257674962,1.374060873206302,58.81893583684952
567,MSFT,Transformer,2024-01-01,2026-01-01,18,20.14634289875888,18.49355426383901,22.01871430442944,20.168468244726924,11688141.007491054,19.079439353376447,17.008340076642064,21.02426833498204,18.9880757508037,7720930.619889992,3.975169757675325,3.5189743043308344,4.418423024487627,3.958074741169813,42.417996280498414,1.3736575411748924,1.517223582659475,1.4140163992242054,1.4420869044175162,58.51722026536137
568,MSFT,Transformer,2024-01-01,2026-01-01,19,31.26723170452594,33.5913746895583,30.53796624743876,29.793811011822104,11606638.575511558,28.619914839839414,29.86698425532863,28.67726385401327,27.460170855238417,7533061.516569206,5.958829650456457,6.173516218029724,6.017316255804105,5.716827965343184,40.77895917480065,2.632569534441137,3.1803564122259083,2.210133916390398,2.4138718742282577,56.08469881395448
569,MSFT,Transformer,2024-01-01,2026-01-01,20,15.008533547971131,14.267295857592494,18.328187536086496,16.291396068229187,11682612.73679066,13.666331706950444,12.94776321180951,16.824747210396406,14.902333337654186,7751858.223002813,2.851772359615285,2.682192440862757,3.544149331329697,3.1116956816012955,43.49699206928232,1.324157432911046,1.2709709083278125,1.5799340482447282,1.4093679166536626,60.82408907035036
570,MSFT,Transformer,2024-01-01,2026-01-01,21,37.08451780273651,39.98224296636451,35.83510835780336,35.60630148984632,11625074.296767669,33.345296717727486,34.90051695482332,33.26578810877093,32.30654761454167,7461983.236488339,6.9410040439583005,7.212348205558207,6.975732298230018,6.722485212108399,39.1468167975855,3.382586533123561,4.029274784310266,2.788908846535099,3.1146435811898314,52.8040324897889
571,MSFT,Transformer,2024-01-01,2026-01-01,22,12.689503304174035,10.832676251922503,15.73000563756452,13.800880830061477,11653636.987041866,10.438609939763085,8.566523146782801,12.971311584689834,11.23929395946972,7696935.434735554,2.1803053119138096,1.776333870982795,2.7388594965311217,2.3513878606528285,43.09228878283747,1.5245049579389076,1.3922366914777735,1.9090792884539165,1.69598728899308,60.41238582171861
572,MSFT,Transformer,2024-01-01,2026-01-01,23,29.674143422828315,33.88257170485953,29.412728130802183,29.24217347026353,11604661.721600931,27.990134136827443,31.336022366557184,28.17530178835445,27.655740500355964,7511218.807924139,5.829098951214781,6.477611350278726,5.914475514445443,5.758474625485466,40.41347371495076,2.0764987181353467,2.6767591570908618,1.798583051242716,1.9983955203521964,55.51281680133079
573,MSFT,Transformer,2024-01-01,2026-01-01,24,40.336537063705485,44.12751975613416,38.56383056110339,37.96738559494174,11674098.74865382,37.52841554947876,40.37996144352044,36.72250855872848,35.69192294916697,7437723.35990755,7.813851785182992,8.345608691872322,7.702179353589486,7.427302356043604,38.1908223094863,3.100423053576098,3.69050786408068,2.484215123226319,2.711331280140156,50.96249477574347
574,MSFT,Transformer,2024-01-01,2026-01-01,25,30.84630269291149,32.849363694142795,30.540276283672927,29.91450317465964,11664031.156012429,28.81151661445538,29.993426148408087,29.19493476785509,28.10115381533856,7659040.834153433,5.999199176856778,6.199867489250711,6.1269576372230965,5.8503077003756365,41.56614724993238,2.311772007851889,2.7773277544923154,1.901165954535096,2.149767571424668,56.87037717059843
575,MSFT,Transformer,2024-01-01,2026-01-01,26,14.147306587833585,11.745027134802225,16.97216303346712,14.896706613999743,11714862.855461717,12.873968428796433,9.922070719949854,15.317092939371236,13.321602653024163,7799247.768496508,2.6866663837844453,2.057421864619559,3.2281173107649908,2.783112935401142,43.61811398880146,1.252922445054184,1.324367042024189,1.5842259776165375,1.4228981040507096,60.812666173347466
576,MSFT,Transformer,2024-01-01,2026-01-01,27,41.19819963524242,46.56689230157337,38.84719524217966,39.01694193386839,11570812.156212851,35.83266689416369,38.9678489597122,35.01003226902482,34.32210630450822,7519974.96113768,7.454531236263219,8.048969351402906,7.336059758010885,7.138319236544209,40.59629971687372,4.217765684100661,5.251318659535887,3.5007877925931035,3.844572986533185,55.50252147731924
577,MSFT,Transformer,2024-01-01,2026-01-01,28,15.491812872388756,15.281481357642882,17.78697025315668,16.427237458342162,11691559.414412277,14.449964507411824,14.333561876156876,16.289017475306775,15.193662493463304,7758863.527612596,3.01435431868702,2.967967820287605,3.4315671929634632,3.171817651875413,43.56672237283459,1.1994584206425003,1.131251785801972,1.5525508965278532,1.340123174395122,61.10299875352168
578,MSFT,Transformer,2024-01-01,2026-01-01,29,42.89928071267738,47.30467006182023,41.44552107729282,41.15516370914364,11686523.719532244,39.66006872174916,43.057547173207645,39.16157079945581,38.38157029381133,7467777.883882698,8.257936527491802,8.899098096140392,8.212854586793727,7.98646338340517,38.60524726069933,3.4283607143091146,4.063325659641484,2.857926406427922,3.107043540616868,51.74684234151924
579,MSFT,Transformer,2024-01-01,2026-01-01,30,10.425188791074348,10.45053707206368,13.807190023765637,11.392867324918983,11710767.130531777,8.720550653125278,8.48893131999034,10.767782837457844,8.981027881285826,7801614.82975851,1.81929960880199,1.753556422625569,2.275804348929444,1.878153863434822,43.556415367893045,1.2086478589644922,1.2721381734674848,1.851668832613576,1.4844451035771444,60.61352288249855
580,MSFT,Transformer,2024-01-01,2026-01-01,31,25.02363097877534,24.78804096211645,26.11468949842581,24.70115266928794,11694217.395810409,24.210583187975505,23.84378347656348,25.36824247071896,23.88915986424287,7717465.319007189,5.044254564493452,4.931666435607269,5.330078488901871,4.977548046612478,42.72417945844662,1.3646031729735024,1.4380221700691151,1.3624501692441249,1.3538507791254,59.50412180777028
581,MSFT,Transformer,2024-01-01,2026-01-01,32,15.690110902549122,13.33044600867765,19.48466077524888,16.965572577629057,11733370.937218038,14.783482962034917,12.193596414422696,18.4487644695636,15.901478477929862,7800755.966905926,3.0836936118218907,2.526351137698348,3.8823493034155416,3.3185236394527555,43.28324198703388,1.1328009946170547,1.1444133869374993,1.3726410089142282,1.2716681803462095,60.09424767831927
582,MSFT,Transformer,2024-01-01,2026-01-01,33,11.525967080937912,9.943651912676629,13.951485677330462,12.427783137297173,11700292.794143474,9.20847040191124,8.209640950274526,10.95713500854397,9.582036647248133,7776803.193908769,1.92392631213716,1.6993899930212517,2.315412550697488,2.0063607745881944,43.533788488457134,1.4635611941265112,1.1787349603851185,1.8510577608710603,1.6732020022643204,60.78824778267501
583,MSFT,Transformer,2024-01-01,2026-01-01,34,17.09541579180242,15.723256187369412,18.115059338247,16.534304463870516,11729311.70219581,16.329602451122405,14.782027001243948,16.8857644071861,15.394495836736144,7860709.619932122,3.404504003178473,3.0601506457832723,3.555236864607515,3.2130823544263074,44.19354711440178,1.0936177221270935,1.138896225705227,1.430081545003171,1.2938909900263666,61.51606960446714
584,MSFT,Transformer,2024-01-01,2026-01-01,35,26.109983442889128,27.022348509462308,25.643626822111543,25.48768853886161,11697575.085226592,24.575066112905503,24.904873892545982,24.50018382100985,24.05353877491796,7693349.354924739,5.119531903859179,5.150404646081666,5.146398887345304,5.010797485627135,42.27937588096199,1.8649171178067343,2.1841355067057,1.6254279271814425,1.779901898410358,58.59670250550105
585,MSFT,Transformer,2024-01-01,2026-01-01,36,35.92419326742397,37.36634293125383,34.6201158232498,34.099886690660774,11576242.514163818,31.297374811608925,31.043313306459176,31.195317002569134,29.89474522701812,7432495.424569764,6.5121957953146845,6.413815439849488,6.539487517600545,6.219781759430669,39.294442981133706,3.662666571520688,4.285940322468248,3.127832739897737,3.4012786997447755,53.06167168212836
586,MSFT,Transformer,2024-01-01,2026-01-01,37,41.47259892216333,45.33699434630535,40.26388080270889,39.634274046044006,11582968.25855968,34.75144435460244,36.37460972479206,35.27588306103359,33.751050022755216,7396339.265264799,7.2291752456602705,7.513577189515621,7.39024774636616,7.019323313169973,38.370067642602585,4.694101395383503,5.573051545644772,4.034666946654399,4.3025063150872285,51.0666192852556
587,MSFT,Transformer,2024-01-01,2026-01-01,38,46.42976566112338,51.318244311066174,44.2213111455019,44.08165950806118,11645504.000653816,41.72205868446424,45.11968053529338,40.79872833761176,39.950154939396704,7431325.7346135825,8.683687649767947,9.3226181825212,8.551309377374741,8.310084684811855,38.86025498317833,4.245287346643603,5.0512692448223415,3.5638624449505545,3.8747376916380505,52.51289471064161
588,MSFT,Transformer,2024-01-01,2026-01-01,39,35.79739745319339,38.50191743615176,34.94560331477808,34.6131807586597,11613439.7293223,31.468623143918062,32.55961925224014,31.72755576393907,30.77425277429544,7476012.955244952,6.549595410842221,6.728264261087862,6.65198083494884,6.403484384035517,39.448619155022286,3.5501411122667395,4.23932246555215,3.0570642177670737,3.2908889962501715,53.303860169630326
589,MSFT,Transformer,2024-01-01,2026-01-01,40,29.37144843619008,31.08208069139898,30.170096304842065,29.24341978455475,11607983.486153975,26.514816022932145,26.94429116085685,28.02320305420921,26.579286029113167,7467776.900992221,5.520086653873564,5.56930980234338,5.878856360462421,5.532893988013884,39.71914096883405,2.6359711484004995,3.200404589133125,2.3440278679709423,2.5398515477158217,54.14398146546176
590,MSFT,Transformer,2024-01-01,2026-01-01,41,37.708767529211485,40.49747296781239,38.52427946113878,36.74679811519634,11755884.35826233,35.230800083669784,37.36937057285897,36.68181019553656,34.631110619057864,7528614.495274228,7.3366688041563295,7.724468718247793,7.693614927057206,7.207000796677374,37.84057368257562,2.8256385488232607,3.243002170962296,2.485162094323804,2.5775597476073093,49.08400675755482
591,MSFT,Transformer,2024-01-01,2026-01-01,42,16.114532500600077,14.381345460888314,17.491018092022586,16.012065981830496,11708930.338087372,15.237811009128484,13.364478265657333,16.015029959767173,14.752228285369576,7831132.640572174,3.178020336842545,2.7679052004740945,3.373939339695064,3.080050217793565,44.20831970973038,1.1313547522956702,1.131739101332046,1.5282391840175653,1.3347112446897935,61.72948091939055
592,MSFT,Transformer,2024-01-01,2026-01-01,43,31.999274761629703,33.99920414394794,31.25166511084996,30.807169071069527,11561887.197708825,28.593288343057587,29.053195335688127,28.81096533095055,27.70549113200765,7506013.0275423825,5.949507719966284,6.002408241169873,6.041282946721418,5.764965380119666,40.309747001019005,2.9831864115893985,3.638717821013628,2.52615466015464,2.796025872938196,55.018579106708096
593,MSFT,Transformer,2024-01-01,2026-01-01,44,38.20643196769747,36.788302537861206,42.806062062913455,33.73993903187018,11552582.65380754,33.1000956781223,31.324371069227123,37.1991126649555,29.963358546976245,7371408.931568647,6.88747727389853,6.472778786055956,7.792441670607642,6.234638697362271,38.48756282135323,3.963191409877607,3.97896781428498,4.40216885970307,3.219513322963908,51.66618069006902
594,MSFT,Transformer,2024-01-01,2026-01-01,45,10.844767575111954,9.861595406951489,13.939581182257912,12.173622139665955,11703517.004594564,8.903449352092709,7.402097283832156,10.910665319494589,9.322556739085066,7793010.771703195,1.858787441603954,1.536127906757589,2.305827485030491,1.952061013982873,43.70529892296729,1.309139943042564,1.3666733574356795,1.858876153587124,1.6550863387916763,61.03525044478649
595,MSFT,Transformer,2024-01-01,2026-01-01,46,40.67837381231211,45.36835727962979,39.113833661245415,38.887667980041,11604372.22615,35.28237831826045,37.87512780318339,35.046626425213226,34.03758394855339,7427358.067484185,7.341488194688665,7.824760049798406,7.344866207634864,7.080386345814453,38.93948023049202,4.205722023386673,5.148239621306623,3.616453874083098,3.8997813762475,52.34450721092953
596,MSFT,Transformer,2024-01-01,2026-01-01,47,12.373113385409432,10.466389856266868,15.6158347899874,13.818084230459236,11681123.325032003,10.144644138909577,8.023078429273983,13.124346886837545,11.585960094683264,7749132.066220877,2.119111996628546,1.6643502326216766,2.770208518922017,2.42297900720305,43.51707153516378,1.4967971392848565,1.410079137704347,1.818874496555153,1.597718574605547,61.040782217757226
597,MSFT,Transformer,2024-01-01,2026-01-01,48,16.50781225404477,15.549384746433557,18.173942906917727,17.030900148767664,11707070.273387557,15.41386017932592,14.430529201722264,16.626145868435554,15.78255236454682,7714790.543400398,3.215932440890418,2.9890238161202007,3.50290184473827,3.294784308710617,42.37585942847353,1.269248183102593,1.2324425981193206,1.5917904794096749,1.373325788542456,58.68188587807436
598,MSFT,Transformer,2024-01-01,2026-01-01,49,18.82291315989777,17.90339105004252,20.95320401004632,19.240162314595985,11714001.574778523,18.13357235363097,17.140476809217397,20.04341421183259,18.379808809600338,7797876.407155045,3.780020255866983,3.5472642094187554,4.2161690103935685,3.833129376568056,43.74339050563855,1.0971578159033797,1.107718308848737,1.3439959204127694,1.229742780613542,61.1374561773392
599,MSFT,Transformer,2024-01-01,2026-01-01,50,12.755562929888873,11.194053711718915,15.984000563480228,14.492543593211035,11713239.606809586,10.736959300045667,8.63893806567899,13.732156302691312,12.606351541090076,7801926.744364103,2.242466679317724,1.7926156681633238,2.897292697166012,2.6348971203059506,43.70953499056785,1.4575353720092523,1.4932842212124466,1.7618308434330832,1.5213858845305113,60.98043895167078
600,TSLA,Transformer,2022-01-01,2024-01-01,1,26.479754700552988,24.171253579034463,25.34316485405497,23.942421302586112,21854514.5380764,19.45781159107032,17.967867980401692,18.64674147116416,17.914608531640052,17933399.03156096,7.7357259258115985,7.054356119196427,7.548230353795428,7.162316783026447,17.040632348464154,6.928650475737721,6.159757000634015,6.749652029666232,6.171803311860937,16.454905428947917
601,TSLA,Transformer,2022-01-01,2024-01-01,2,61.17478592657568,58.57616218628479,58.74214874805973,57.931473495754254,24256406.81091106,50.85734366714659,48.62261328524338,48.8384276119017,48.157058824947065,19401726.818624504,20.409491498581144,19.21252357412782,19.941867462216457,19.36526551424175,16.181935891006134,13.1202996905475,12.468240606468076,12.835282786795744,12.545251502656756,12.204446778919625
602,TSLA,Transformer,2022-01-01,2024-01-01,3,36.97952425996058,33.354388216414414,34.974777156156044,33.05720283419718,21828428.74395865,29.969770019123537,26.96125953083696,28.30080013333539,26.963172845425728,17718413.99208877,11.999731081553335,10.63201299161387,11.530040084810604,10.825111258417111,16.909972341745913,8.383039285458233,7.502100082041245,8.092959435935043,7.436062920798162,16.669979285968854
603,TSLA,Transformer,2022-01-01,2024-01-01,4,39.33347796645307,36.21747086680321,36.88346780617502,34.8347861090254,30312717.500329737,33.56595183842342,30.96280177678052,31.49505808967041,29.78507894660351,24377431.49270386,13.501676282993772,12.261269290032851,12.888602462701312,11.99908139816169,23.905687174432146,7.946177219193562,7.179319598343012,7.557221410486209,7.032202132798856,21.649057721801952
604,TSLA,Transformer,2022-01-01,2024-01-01,5,38.017734126588216,40.210270850962864,37.92202561222987,40.46635204500804,26836636.11201832,33.29671956173536,35.89724922534493,33.7834903686533,36.25424934787851,21931689.851082936,13.536430421761386,14.3499026017408,13.958975612314148,14.72504400778436,21.417669271812542,7.390784205441624,7.14273157608719,7.025398899045015,7.157648641719272,19.77909471739029
605,TSLA,Transformer,2022-01-01,2024-01-01,6,30.667853679222286,28.112866734159805,28.457606094489144,27.00649055222738,21778831.715760503,21.03941070844201,19.18011058830276,19.30733119567304,18.75265722032237,18439255.058600344,8.324591401103378,7.491498777534665,7.77603851699835,7.467750858892283,16.319224677676615,8.620502425954788,7.862075005099767,8.25168276284689,7.58429858924038,12.362153679789149
606,TSLA,Transformer,2022-01-01,2024-01-01,7,15.908758124817982,16.95464848103021,16.49780941906238,17.69283348893665,31671022.77711704,10.384228297031788,10.844782848884014,10.904548380106084,11.372740214261324,26808618.680052,4.134179369786284,4.266309859644717,4.435219271459783,4.565803912859358,21.76105668282576,4.663807633125379,5.013282973865745,4.909924522982044,5.356642496605693,11.624811291967184
607,TSLA,Transformer,2022-01-01,2024-01-01,8,45.60252183786705,42.52023965887558,43.27820334382584,41.63768766181765,23095981.48420488,36.8614548734705,34.276110661801,34.980333579845166,33.7858526297877,19628745.96124793,14.758441213353375,13.515817543076524,14.252058535504505,13.562829413793748,18.28617829097925,10.380735858001268,9.6175106647239,10.036070587884344,9.480301382821942,15.414551337437224
608,TSLA,Transformer,2022-01-01,2024-01-01,9,38.02593277646167,35.352282057061686,36.03302382523887,34.44537639120738,23595558.67475937,30.086901055016,28.09192834261708,28.48737224128638,27.584487753056543,19557280.784052663,12.027747902500762,11.068535119668988,11.588596341550923,11.0648314682454,18.613161172031,9.009371359032158,8.200988525439987,8.701627135473618,8.027200673471333,16.774164828244047
609,TSLA,Transformer,2022-01-01,2024-01-01,10,46.02162208943507,43.86290469749373,43.166232889142506,41.71237752135399,25008234.161518976,38.04222846280975,36.15167632251266,35.62472126577414,34.599564094060405,21159188.07307415,15.267679850211945,14.284143150298744,14.543728321493829,13.912933918603082,20.0552386265035,10.0568810795267,9.52354355569506,9.628307456821773,9.087430872216611,16.607560981867998
610,TSLA,Transformer,2022-01-01,2024-01-01,11,39.95419417589529,37.45237262116933,37.90479657452142,36.5256911837612,21486815.77592197,30.258130713197783,28.66743817142766,28.95919006673708,28.16375353337406,17737462.47945619,12.06010814437675,11.271640310686928,11.754016641467285,11.275995351815826,16.073987002150808,10.107073334605127,9.208084921514631,9.6367645270617,9.056711854297127,14.169672018569782
611,TSLA,Transformer,2022-01-01,2024-01-01,12,51.30393676995106,47.28240759478833,47.85927450171072,45.45738969808638,25292825.878447715,41.93173858155947,38.58855298879293,39.116887650421134,37.21155500669652,20759566.35109492,16.805532279116804,15.23010222190508,15.951720699113787,14.947131239831196,20.0008449594912,11.43027074112448,10.44043309303946,10.85726606460954,10.17338999678162,18.42618307097916
612,TSLA,Transformer,2022-01-01,2024-01-01,13,45.957449401416966,42.882400939674966,43.49302607064158,42.20664207082771,21112414.43655532,38.103229821342765,35.490911736521255,36.03723832361191,35.04612964346074,17209386.290235322,15.293605914708715,14.024859899715644,14.714764405765854,14.092128655172903,15.360555215420474,9.971170497676262,9.219322139518834,9.60958577138863,9.174874138069969,13.771989035053007
613,TSLA,Transformer,2022-01-01,2024-01-01,14,41.41378607347002,39.220089099543365,39.70474176653977,38.26624301917145,21028721.660744306,32.02496913079559,30.37160971514725,30.65653752944525,29.85261235448729,17411251.809222687,12.779119593004015,11.945972168537052,12.449874667732546,11.95544565540457,15.893708865289726,10.16714945025554,9.488630239803577,9.95350486813405,9.329638383856413,14.20080938516301
614,TSLA,Transformer,2022-01-01,2024-01-01,15,36.2128543556889,33.50228994697145,34.27196227521308,32.21868160401721,23670760.530569587,28.26061183054652,26.439203599031224,26.91612818681769,25.61682661110405,19392643.67842407,11.28374965186163,10.410126312867623,10.941638336331684,10.270426742310033,18.891026833597,8.75043908693598,7.838124114021802,8.338568079057387,7.58141053567552,18.303143649245463
615,TSLA,Transformer,2022-01-01,2024-01-01,16,32.197668478208776,28.892122930270464,29.211894843622645,27.88070388217085,27962760.474218696,25.793745106430794,23.34823763129785,23.42637476173423,22.67446927604588,22893410.037157435,10.320491161633036,9.208398450235933,9.538366834064757,9.103357188485871,22.58924679854045,7.46369878161727,6.488468204317929,6.866308902368619,6.291823809118742,21.172234045125787
616,TSLA,Transformer,2022-01-01,2024-01-01,17,17.18574909824041,14.529425514999208,15.632877466974842,13.875130234409646,22710275.79093288,13.407982414436864,11.418169119177724,11.977449224953595,10.962948607666894,18544916.416619085,5.345072767035156,4.492389212938365,4.857714869671513,4.392676186087702,18.059144072604024,4.152273485466005,3.416674217722894,3.954407312695332,3.2871958654296334,18.065803349957303
617,TSLA,Transformer,2022-01-01,2024-01-01,18,38.76737718229631,36.17471314761054,36.4224027160994,35.31527587773334,21334525.757160056,29.210577417429587,27.33636743983161,27.444466558937943,26.92254630770412,18213101.8667946,11.63086085023733,10.73379658831397,11.124714933012608,10.767248919424672,16.298679384704247,9.851012134632873,9.045226074699103,9.429208884300063,8.897132226912275,12.136546760457817
618,TSLA,Transformer,2022-01-01,2024-01-01,19,42.04175180584857,39.274345972025934,40.04539229799067,38.165670292659286,21812590.443232924,33.409386096576014,31.203209386515024,31.818767642244044,30.56162630565972,18563997.56610744,13.359342431017968,12.292846282603827,12.948198113690104,12.258078279115546,17.022670421475404,9.883190299868836,9.121013045065668,9.587607722291374,8.90546016874882,14.184890136039646
619,TSLA,Transformer,2022-01-01,2024-01-01,20,45.34624960154356,46.60127861040832,44.738538367325205,46.83759155626688,23786017.20798542,33.868362297315414,35.09053301133573,33.19881911870653,35.2587104304452,18183759.55804212,13.5294301859309,13.828203604257157,13.500214453567208,14.137776110266673,15.303288062996758,11.797717512908669,11.84768171835042,11.974783188481696,12.146453398761462,14.75453648040711
620,TSLA,Transformer,2022-01-01,2024-01-01,21,10.01928962479874,12.075491301103126,10.452408939913267,11.681260824733188,20194328.44683133,8.391080115744263,10.82033157640427,9.121000309410926,10.423455714822536,15541275.400634373,3.4851382648996814,4.39748428858338,3.846407579464759,4.308438158524928,13.87907476965985,2.334409673147717,2.2429751885797744,2.202279976769832,2.214058931548806,15.089264184116436
621,TSLA,Transformer,2022-01-01,2024-01-01,22,42.44812636874491,45.14374245339077,42.088837021336445,44.90399899391642,29616510.08330293,35.0715861578865,38.05380588169916,35.30467309085269,37.90753826290565,24132449.084045984,14.150391832399489,15.12117732851179,14.49174206258554,15.316529592529465,23.60204429566094,9.425083193533665,9.416404849265646,9.181679246010477,9.487994396930771,21.38010786036382
622,TSLA,Transformer,2022-01-01,2024-01-01,23,55.16104322469475,57.70032005698155,55.17830245567272,57.47152938253523,22807835.598410025,43.55093195119659,46.19041561716926,43.87295809107773,46.04405566357947,18650202.282411,17.489630586164957,18.28228336062301,17.928725109279828,18.536332737322866,18.26460360075427,13.28364654829864,13.381199277614094,13.375511568176238,13.557293585816698,18.36595724177481
623,TSLA,Transformer,2022-01-01,2024-01-01,24,33.25152513922438,30.04988311315828,31.217794950255552,28.801871926247937,24707743.744875096,27.02837215318811,24.57398268844723,25.389227242265587,23.71431100359459,20117192.877818413,10.828809290087117,9.700964566532292,10.350106444732404,9.529162902179555,19.536673613537648,7.508362275359868,6.602568266351501,7.154646344047087,6.346093255497944,18.461142085049044
624,TSLA,Transformer,2022-01-01,2024-01-01,25,12.70100211828906,13.923838739941171,13.23587333358775,14.44289590898074,24333682.41081164,8.085629042994949,8.762191449787545,8.20093586240734,8.855378486714017,19158756.05738888,3.224845609444007,3.4601150762242066,3.340251919638752,3.5645112914313306,15.85038745977658,3.792119954153731,4.172279551900461,4.14004266374909,4.522635038623352,12.95521473658989
625,TSLA,Transformer,2022-01-01,2024-01-01,26,38.53668301305163,35.543751669311945,35.71746375479596,34.3301701155384,21255214.116063908,30.276463674393742,28.12294540129003,28.121028088935592,27.35098285150863,17326623.41764083,12.098100460818475,11.07798988121602,11.436109617049908,10.968490709443673,16.424278898848897,9.237363797312684,8.301204152009786,8.678363721880805,8.070081990094101,16.020895467919864
626,TSLA,Transformer,2022-01-01,2024-01-01,27,41.53826465518417,38.325303044487534,39.06168949445836,38.370162512402686,22422118.470972348,33.77685084450487,31.07444377691393,31.697299906304192,31.34336611328722,18484197.88911058,13.53061615088297,12.258258778958837,12.918375616301995,12.586699230412565,17.528656474286304,9.363045908180318,8.579538626120039,8.99692868533737,8.620096452807092,16.289348913364595
627,TSLA,Transformer,2022-01-01,2024-01-01,28,34.45450217908175,31.561373469288377,32.56350246046246,30.629990793923987,23353694.541342262,25.67797298016184,23.69792929064474,24.42559545840543,23.18933392426629,19450602.464312773,10.21822606438126,9.304357245590976,9.899345536619869,9.273128756989957,18.72748017345634,8.894503910419669,7.963464447462336,8.485645877545824,7.792180850167389,17.809918325155603
628,TSLA,Transformer,2022-01-01,2024-01-01,29,38.40739230577406,35.76484672326188,36.483605037836256,35.30408414344228,21426118.606501125,31.9819413125879,29.747154056680795,30.385257717374884,29.523619851465423,17433700.767136056,12.837446719226076,11.756685432437417,12.40964773645988,11.875081934379365,16.462072623272483,8.243230238737276,7.595657772363236,7.958413350338541,7.537441905243049,15.875983147079571
629,TSLA,Transformer,2022-01-01,2024-01-01,30,21.36539475656182,18.81302567227703,19.42588718096958,17.96023078009896,22834759.01048929,16.16649552290877,14.319907115448691,14.659696737843865,13.871531151463206,18806002.651040018,6.440904147477669,5.632639501733225,5.944935796633946,5.558293272284935,18.164716597395785,5.380810517799754,4.645077577068432,5.000909211583989,4.416948551415188,17.630164109490448
630,TSLA,Transformer,2022-01-01,2024-01-01,31,34.70660497534291,32.47722576966875,32.93415862137632,31.991482655475696,21155705.630258616,25.060386743096483,23.59943382182928,23.764756208821844,23.40529611773746,17452870.78259922,9.948592893558724,9.24668777946764,9.606399485524934,9.340409002414372,15.673950827784768,9.296609438226383,8.53077965998462,8.997816002264102,8.508366029529473,13.647528952674174
631,TSLA,Transformer,2022-01-01,2024-01-01,32,46.11591920214513,43.5744327255201,43.9895543157395,42.64945219774286,22520051.9394681,38.07647028925892,35.94247072813705,36.30358965099649,35.28320273684712,19403983.76397712,15.273290259793567,14.196581132689223,14.81573544003416,14.181884544905426,17.850446746393903,10.075125592538312,9.422077876612631,9.789889519551446,9.339161230481482,13.962586514089423
632,TSLA,Transformer,2022-01-01,2024-01-01,33,5.047488137493448,5.9422759178864695,5.282804551135773,6.17463334737902,20738836.71165768,3.9891037366494704,4.740794580586905,3.7617714028830513,4.8502969514063965,17185776.57686807,1.6310577973205638,1.913429253781064,1.5675865694733462,1.987484842144127,15.771452632393784,1.2457639652447707,1.4408763449946622,1.5349193367423246,1.5459371615175417,14.382032809622832
633,TSLA,Transformer,2022-01-01,2024-01-01,34,44.796909060239415,40.73542539707515,41.16462500354836,39.063470118880495,26886747.140438862,36.93076497235661,33.502205723665966,33.87798147971658,32.32788559250474,21949173.95256876,14.814839193050256,13.232354100241576,13.82458328132001,12.995227636129911,21.396896952701955,9.82955300219234,8.870183529895325,9.220842009800853,8.53996354689291,19.62494828348453
634,TSLA,Transformer,2022-01-01,2024-01-01,35,7.748811539985598,9.444365603591129,8.111110600493674,9.395236558000803,20360624.45031628,6.096150046181615,7.97199127442295,6.811375800355565,8.071009427424608,16630042.544955757,2.5454415557373498,3.2570347465658207,2.88288274416254,3.3453851242549466,15.64499599914854,2.039145317245181,2.115811334517139,1.9133180689599616,2.0168417390450784,15.80326194355179
635,TSLA,Transformer,2022-01-01,2024-01-01,36,14.36647348428347,12.404957963758816,13.283454097047509,12.069299686292135,20486544.684939288,11.706141273295048,10.174323248792811,10.657217882251356,9.877474133910216,16433936.700493626,4.689220524481761,4.021724697386111,4.344789779846088,3.974873172247594,14.77383388074928,3.2320133506773168,2.707636361399875,3.127515728506902,2.685394897655486,14.057607033152305
636,TSLA,Transformer,2022-01-01,2024-01-01,37,27.12906438432248,25.034816561223263,25.442673826876806,24.010596107227222,24612777.32383567,19.10947032801589,17.670187132323115,18.08334834059281,17.56647218171826,20084967.87198404,7.585377784453604,6.923521309598043,7.310243079476117,7.022465053050938,19.55264699892938,7.418869895523891,6.772947350510459,7.035306697673837,6.361283899949935,18.66501769788304
637,TSLA,Transformer,2022-01-01,2024-01-01,38,15.88101868284037,14.223218267832449,14.830489694821647,13.692840211081002,25359342.52462196,11.831528837524662,12.152651662497924,11.802564773790271,11.633383412191968,20800449.269360088,4.732634514152978,4.836915005426556,4.822874199207017,4.707677735769163,20.492094192942048,4.067070080975292,2.780890945616876,3.493445294072436,2.771683941521536,19.75336817089714
638,TSLA,Transformer,2022-01-01,2024-01-01,39,33.227100456882184,30.59420598461787,31.695483964927178,29.92731261061224,21769367.799812507,25.251982014479704,23.43048838841751,24.20184232031507,23.133356675254127,18213872.600623805,10.06156879717249,9.208882078927468,9.819088962240231,9.25947504418352,16.938949771118896,8.361602944690326,7.511544692760946,8.062580690914325,7.385257127886653,14.843992029648604
639,TSLA,Transformer,2022-01-01,2024-01-01,40,34.56395806178152,32.208551671542715,32.86128672897239,31.447245212113515,20983895.488935705,25.15078294922674,23.71500180175175,24.13728562540763,23.219723254830047,17151363.653356906,9.99640473144424,9.305700246613933,9.772545788405631,9.27824370185602,15.7649983813869,9.162008402010652,8.316818050128445,8.778063695236584,8.261899160094993,14.600397755500676
640,TSLA,Transformer,2022-01-01,2024-01-01,41,26.24440246066984,25.130963476099247,26.21148341406233,24.80427417928809,22003156.02579817,19.82080996670244,19.177728257555284,19.951448981563846,18.97627216680139,17909311.893379338,7.895289592542359,7.539358609172448,8.093533164057083,7.594773462680844,17.228709075497132,6.643491439978333,6.191319079301475,6.681472336854982,6.207764803387927,17.035888014864923
641,TSLA,Transformer,2022-01-01,2024-01-01,42,27.18430762091997,25.47354854805257,26.04755199344286,25.160154444379703,21694245.938255817,18.607080130972744,17.413742468095354,17.842660729262477,17.757490053986324,17796769.01063067,7.370777784874508,6.809647126193387,7.195953692831994,7.083778839121288,16.546020095514198,7.643008314845651,7.110117317542941,7.476602675330138,6.943280076383266,15.38814505478818
642,TSLA,Transformer,2022-01-01,2024-01-01,43,25.41058572832202,22.884484617444897,23.934011815588224,21.961960310297894,23480574.41530336,19.297079890571,17.642149374966188,18.3245253260208,17.04256563646826,19241742.20649371,7.685804367965368,6.935944032757415,7.434294948639973,6.823453914690286,18.818874725250648,6.395787871619588,5.55363061368148,6.053231146090558,5.373870133725305,18.649768572095088
643,TSLA,Transformer,2022-01-01,2024-01-01,44,45.735812761623855,42.7150280391664,43.36648391114154,41.91582096619816,25409237.8815426,37.03677766211993,34.55140430681713,35.06495311703468,34.13826735922915,21941919.20802344,14.83447507688772,13.630337027129563,14.289641291649309,13.709156042663375,20.307387484381064,10.39688866596799,9.61306536558634,10.06759929495067,9.483216143291306,15.757661837372677
644,TSLA,Transformer,2022-01-01,2024-01-01,45,41.638842131165326,38.67537284914363,39.33684324150311,37.55855817137471,22320417.07973032,34.26412819483285,31.762990084015964,32.33180340745069,31.0231463469952,18646774.70484327,13.741668980653074,12.543485201176445,13.192210640168414,12.469252890189084,17.791926259590927,9.172566392555831,8.447589792239468,8.839732103343806,8.251371013077225,16.719685830118596
645,TSLA,Transformer,2022-01-01,2024-01-01,46,19.67566036084153,22.030103345729547,20.096086146983577,22.288062258923745,23543848.14448704,13.70579513899347,15.842353240146007,13.6429144942523,15.75191899656935,18532171.64965151,5.472642130703568,6.257308591917162,5.556600785504599,6.3396897524823945,15.588530285044015,5.460913864095719,5.879383626020092,5.86582988490253,6.213149422000699,13.806301046320227
646,TSLA,Transformer,2022-01-01,2024-01-01,47,39.30213222597662,36.25600347901568,37.17592126213339,35.23711592893332,27515219.24380768,32.74932408258107,30.19625921770528,30.979925096778288,29.45283158414798,22428612.94781505,13.144290331306047,11.932966714147238,12.650738848224035,11.84409494174228,21.95648016302353,8.411554085624848,7.664704621706356,8.084628873749587,7.521877297110609,20.28518820905613
647,TSLA,Transformer,2022-01-01,2024-01-01,48,35.42777595291091,32.696421649530365,33.52397570600588,31.565318466301736,24308537.510742813,26.134619585840785,24.194320803407724,24.85963841913571,23.47996972979258,19997695.14194877,10.39544294923708,9.49478263984477,10.069944307892523,9.383856233611208,19.24129225240271,9.249739016140824,8.40254349063649,8.859009442403748,8.22198736671015,17.96894268764446
648,TSLA,Transformer,2022-01-01,2024-01-01,49,39.58346594309455,37.26928726494261,37.1197583936348,35.51745338542378,21357925.683201514,29.61412025020904,27.98478265741701,27.76771658837822,26.81922436356874,17469209.707737472,11.78917733733082,10.987474263697464,11.25252701549964,10.721839375454168,15.704696840703871,10.180263718508266,9.41812141670207,9.72174083311271,9.08048749809132,14.177436772789893
649,TSLA,Transformer,2022-01-01,2024-01-01,50,32.943808190558265,29.536211074632057,30.798838676050178,28.56241396470906,31729752.76886278,25.910617118317912,23.380936757971487,24.22460439881789,22.844519883006587,25582801.808975823,10.349832518182824,9.207859706647676,9.848522707502944,9.161390193850384,25.24403644562221,7.869759662158457,6.882126943544073,7.489045793430779,6.656589701575447,23.29405173941488
650,TSLA,Transformer,2022-09-01,2024-09-01,1,29.07629626754601,31.78535293436165,27.63018050337793,29.667038526195967,36752618.56580483,22.928457574597434,25.63911131961705,22.08411586465685,23.56401025147797,32876357.483229585,10.646901030981862,11.64076813116266,10.482884282819574,10.926152058022426,44.87519660905565,8.21406217219303,8.52165848879021,7.820468558540412,8.330779746280355,27.21663332223182
651,TSLA,Transformer,2022-09-01,2024-09-01,2,19.05429234695159,19.266653049838432,20.2838295923022,23.074697477365675,39543471.21623876,15.715680892718977,16.229749219135783,16.601859584081314,18.60240886862313,35978975.98659775,7.353410052362136,7.389511255310747,7.904780160665087,8.605964336693667,49.261696081551534,5.018390228607909,4.635255824703393,5.490193213970254,6.244700313732218,28.653233914492795
652,TSLA,Transformer,2022-09-01,2024-09-01,3,22.5353556486067,22.49675114711848,23.608180737972365,26.62747717912152,36242908.77879631,18.22170188806269,18.41115659748288,18.97413534737349,21.19835115866045,32775484.84098972,8.514508035692128,8.388773086663583,9.040228411243923,9.833385845297595,44.72525949139652,6.1449539131599344,5.823177420607837,6.632396344898033,7.434106165520792,26.24111193682108
653,TSLA,Transformer,2022-09-01,2024-09-01,4,19.240083223240227,18.82977668078473,20.829927455243805,23.644295313334947,38006861.198835015,15.90817054132192,15.884596510199524,16.95534545450116,19.0011017157528,34357658.40001438,7.447743032611667,7.24606285560589,8.078221810927985,8.799296877598412,46.96202648842935,5.045372399974507,4.513710145880881,5.7020965060568845,6.448243634823989,27.74753537967561
654,TSLA,Transformer,2022-09-01,2024-09-01,5,25.380362781461105,25.801934234079944,26.697466488397414,29.943498676745413,35462379.796111375,20.001502954276468,20.519831641343785,21.138190506380056,23.51730272141211,32089132.46914349,9.337453742972148,9.337112502353223,10.063444183934877,10.91666603862801,43.69367204937421,7.251988166726314,7.113552248672277,7.728180375614086,8.61028807458055,25.368024880616723
655,TSLA,Transformer,2022-09-01,2024-09-01,6,19.529120786602324,19.578099806143378,20.76875804430809,23.514008864590306,35840433.430978686,16.046385746034375,16.358304842654373,16.921593198904038,18.951399121083888,32384130.61825254,7.502566372598754,7.449907772546319,8.059471050210488,8.776079357581835,44.14952368127443,5.175671029100712,4.8080515923199725,5.672545158985944,6.3755297716211565,25.865250564298435
656,TSLA,Transformer,2022-09-01,2024-09-01,7,21.1329707142487,21.360827156056903,22.577386442366493,25.861907563634297,35603444.9112004,17.148844057718787,17.530779436737042,18.38766628364959,20.791633428029265,32166189.586299352,8.001073730699533,7.963504104227224,8.746285771129411,9.63235348826042,43.825674848029614,5.713354645853476,5.49467969022693,6.165782320782662,7.077616506465165,25.63761102332728
657,TSLA,Transformer,2022-09-01,2024-09-01,8,25.02979539710858,25.28204793408032,26.208974353776963,29.549046365123232,35364204.07880468,19.9028232866014,20.241157280921428,20.71249343259368,23.16541773154279,32027153.19167653,9.30183321175062,9.229020265312403,9.873261030166276,10.760793669235822,43.61157862638614,7.048545541592488,6.871941485111231,7.611153443040475,8.51580209025841,25.27027132797493
658,TSLA,Transformer,2022-09-01,2024-09-01,9,19.33769388465004,19.47930844542903,20.721336154555548,24.059182762356887,36729235.54245459,15.979841672171192,16.332908281690433,16.91260100764415,19.38601524148269,33319867.006048787,7.478518340059447,7.44554041278043,8.060971168823707,8.983064449801065,45.44351756600794,5.079048070006061,4.747074494026036,5.646341967892065,6.534558685636053,26.31592953879713
659,TSLA,Transformer,2022-09-01,2024-09-01,10,28.56869498832412,28.75217490693552,29.489133974612777,33.113273313117936,34943469.80907046,22.024927196823462,22.34039822820933,22.71989731044665,25.37170631731893,31623736.28158154,10.29631693144119,10.19362183314704,10.834919147837905,11.80097900092019,43.023721452242064,8.488767309866576,8.275462452883858,8.957750224741666,9.945080138704416,24.909766842660687
660,TSLA,Transformer,2022-09-01,2024-09-01,11,20.681628271430945,21.183801483993552,22.229768146249672,24.862215707682136,37678141.81383058,16.850663814705023,17.491935938656958,18.043681087101124,19.9573231545951,34058501.21537148,7.870654144055944,7.956259758786412,8.586600874513636,9.242353689764558,46.540608327474295,5.556115527367523,5.364009714648995,6.111583051293986,6.807488745128571,27.5357227909846
661,TSLA,Transformer,2022-09-01,2024-09-01,12,20.87698461585924,21.09018265658464,22.27171452604846,25.450471654289867,37093554.538590685,17.06060090817332,17.45867851127075,18.18588309444625,20.524613304058008,33753794.30841115,7.972150128130163,7.947298834303494,8.663619744372157,9.518595671747226,46.0091146376499,5.599329510519961,5.339456115240732,6.076276785932134,6.941866018336293,26.299787650643967
662,TSLA,Transformer,2022-09-01,2024-09-01,13,24.08144073703589,24.01411530778449,24.781504772662213,27.329289565265466,36591108.695311815,19.73487373395725,19.74699002377899,19.93649881009572,21.47970442191062,33476351.34884178,9.281218293242109,9.051520641181073,9.547454049917778,9.998823440699836,45.58968169484331,6.47060045515645,6.213595893986338,7.025104061764445,7.860896451219412,25.61992336424044
663,TSLA,Transformer,2022-09-01,2024-09-01,14,20.19544181605012,20.39396471952276,21.792233928391408,24.65762901435297,35990112.80232438,16.590920940664375,16.950932291995272,17.732154405620644,19.84339395326936,32535982.43074533,7.757269105224005,7.720564583083687,8.447534240597745,9.197152135176529,44.35659827635464,5.3521397397988,5.083402091896728,5.970716060312079,6.723645776539271,25.96750296389576
664,TSLA,Transformer,2022-09-01,2024-09-01,15,20.572619704552945,20.40399161470243,22.161622748688337,25.47697752159293,36535173.29186622,16.81675892380571,16.97373556937076,17.964991186484248,20.41235589175356,32899135.698541004,7.859927000508132,7.731571870359231,8.554219843722487,9.459411909448823,44.95737538987869,5.49787967571269,5.072955009940841,6.111094774275731,7.006179400228333,26.904028273363405
665,TSLA,Transformer,2022-09-01,2024-09-01,16,24.79832246700964,24.941369785976622,25.93417634622001,28.96846748200756,36129735.096815,19.69981745327682,20.0165309242992,20.500129676618048,22.72715809670152,32627938.8251437,9.202493170729204,9.121975877153634,9.766708697033502,10.550527031785638,44.526239619565885,6.976569830745342,6.731600418854155,7.514190480636519,8.322826855613853,26.28823566350964
666,TSLA,Transformer,2022-09-01,2024-09-01,17,18.38870811036171,18.56088421043275,19.97558632570156,22.68808134876694,39557845.07353697,15.148499417304382,15.690013069769126,16.453369496281034,18.403214588107275,35759433.97829665,7.075048506758232,7.1289408381518165,7.821317705202708,8.50660775254414,48.96039029575981,4.846341205924038,4.427182544282015,5.324242148746686,6.065229592610285,29.07488286436377
667,TSLA,Transformer,2022-09-01,2024-09-01,18,21.830140518163542,19.05941582741325,17.705478943452373,14.59355414535229,40531550.947618246,18.97053981709731,16.514021279900494,15.03803433944566,12.31129007758426,36876861.10953596,9.167569427365075,7.775216592328314,7.444815369833764,5.916124893529099,50.53177452071381,5.726252551437929,4.819485458687556,5.059664503667584,4.029855201920472,29.364272006305576
668,TSLA,Transformer,2022-09-01,2024-09-01,19,22.95473082283579,23.21104292073192,24.33921769456068,27.3842063350598,36856124.40110414,18.353003594710472,18.81534275009792,19.56907081374701,21.80081874046753,33391377.07264452,8.560252215824255,8.548939153564865,9.30635945205808,10.101342491037624,45.519785621670415,6.3652720311069295,6.128141359313186,6.815242902129906,7.637272145850499,26.421470547146363
669,TSLA,Transformer,2022-09-01,2024-09-01,20,24.929878282021324,25.13014384233325,26.1690901680938,29.744091837952364,36128972.42635312,19.705330850136267,20.112623916135927,20.76040342193622,23.36888585149485,32814168.13884473,9.202409076694831,9.156928894155469,9.885960017454996,10.848434894065608,44.71726728005069,7.098246701474481,6.852257894267176,7.555593532517402,8.551013960462289,25.71445516599672
670,TSLA,Transformer,2022-09-01,2024-09-01,21,22.81892444527464,22.615604552489867,23.862303655637525,26.64990006779466,34874732.94517381,18.32654778599356,18.43481971221044,19.183839644100896,21.22774966642178,31523273.049040504,8.553325573094016,8.390315749128813,9.133439758229176,9.84273799905124,42.8945540845657,6.286319575009661,5.899409523704225,6.6884420374633615,7.425682180000272,24.946242302349955
671,TSLA,Transformer,2022-09-01,2024-09-01,22,16.537187258582627,16.32876563770213,17.51384141159347,19.74742004613488,38575427.14846995,13.75517356255638,13.962878107988232,14.433480083318951,16.126185917574574,35172877.64506448,6.458418320923137,6.370992266170572,6.88567214525128,7.457180372193731,48.09758840097933,4.358929359932887,3.7701487721238673,4.7054409643021,5.179422861381265,27.790679780821936
672,TSLA,Transformer,2022-09-01,2024-09-01,23,27.670858976696227,27.45483701817729,28.238884359166125,32.06039948434937,35792338.24630808,21.52286246086068,21.564332170724168,22.084930570366016,24.897949341042104,32344563.45113109,10.044537616209622,9.821880796760835,10.520698176112056,11.568751450142328,44.0797217698992,8.062630832393706,7.7292250454012095,8.343161004220697,9.39816537597222,25.80870314459009
673,TSLA,Transformer,2022-09-01,2024-09-01,24,23.13466181741491,23.252334887682714,24.326937352236047,27.49504635688515,35114172.41888636,18.527525691709904,18.862103741656306,19.44989944210917,21.77725667393462,31694269.33848267,8.648134219449378,8.584478278394435,9.25828459333471,10.097557511210214,43.16194770695133,6.403090572473223,6.126146990149605,6.888759970407668,7.743757348166342,25.302643092819103
674,TSLA,Transformer,2022-09-01,2024-09-01,25,26.15912558209351,26.5801749627452,27.577289376925904,30.827525322255283,35170002.106805824,20.523716110295872,20.956034169909746,21.75884343219844,24.15563141615738,31803926.273439515,9.577036482205358,9.530859280610482,10.356864586432671,11.21541398035145,43.29845080518424,7.521337351504161,7.44179474602176,8.027353219928655,8.90179721905568,25.19041656526693
675,TSLA,Transformer,2022-09-01,2024-09-01,26,25.28119547006436,26.054910134216744,26.137691495465425,31.437090851129764,35697496.9577596,19.930380584415506,20.566322000920408,20.85069612868985,24.8897766761723,32216596.96338184,9.291767062241185,9.338736904969878,9.91792512351651,11.554560058318684,43.90616881739305,7.190506794263593,7.268145087784346,7.447965539109309,8.909595770100704,25.76795321441575
676,TSLA,Transformer,2022-09-01,2024-09-01,27,22.412661359342387,22.88612998255244,23.730741346926774,28.079352996183253,35409312.35647413,18.03914537742252,18.54222296414113,19.158414306791247,22.357943731145745,31990987.98797116,8.416138850399005,8.42638780098012,9.11581712711754,10.367015150618291,43.57824813912403,6.148149582842369,6.052554493903205,6.596268335821036,7.84058810122539,25.48285872579713
677,TSLA,Transformer,2022-09-01,2024-09-01,28,19.883036334980297,20.211268110480496,20.989079905820542,24.99779353980644,37237944.15420733,16.218482087462874,16.69348228301459,17.159842869787408,20.13269109554216,33489417.763467208,7.569367509509611,7.585885812144764,8.165901477868733,9.324174802077788,45.80899915408445,5.327405992646865,5.106545167277304,5.682528064526152,6.798855082715958,27.58523123886647
678,TSLA,Transformer,2022-09-01,2024-09-01,29,19.774681698052188,20.1083579461556,21.35678208463054,24.467654306783363,35417655.78706918,16.166822378011442,16.685230795592563,17.505772648707225,19.78298233318484,32067517.099090148,7.545661803658123,7.580525255289315,8.327240180140233,9.15973559785346,43.65971224741739,5.279540774058622,5.037230932977488,5.753311772872698,6.606966158276642,25.29467435880479
679,TSLA,Transformer,2022-09-01,2024-09-01,30,34.982872918312765,26.67500878646309,31.90090014282722,34.73266906819364,32695525.474322192,26.85175545497865,21.020637258483013,24.83952890061636,27.04960891996684,28914590.314859983,12.522780967178967,9.56957851120718,11.83483837699711,12.58131613986605,39.40971530265161,10.337623090796193,7.433320193905929,9.450802304167194,10.106414862281666,24.81719854845483
680,TSLA,Transformer,2022-09-01,2024-09-01,31,16.89327944247813,14.57904196352752,13.844672858554697,11.814396547496818,39254255.5282089,13.8062176510698,11.852143383375005,11.221280644292484,10.11956643353837,35907410.70692821,6.672842018827238,5.572506669499948,5.530985535531075,4.789350354109919,49.06140715146908,5.112969739370823,4.2072723489684005,4.371933622917717,3.065618747747022,27.75657886951006
681,TSLA,Transformer,2022-09-01,2024-09-01,32,21.272673196854715,21.491147978454027,22.450019194110823,26.16267721333828,35914706.24280852,17.21265735105545,17.638378192791958,18.24421618584829,20.970044837605425,32485179.039858263,8.030411089807336,8.014287751787448,8.678173117661613,9.713721127249048,44.26384152982841,5.778330036860921,5.519672147142113,6.154205533020834,7.194886970168833,25.81942295069875
682,TSLA,Transformer,2022-09-01,2024-09-01,33,16.436271736242915,16.419979997600148,17.935158720758157,20.169589848627965,36727588.09035552,13.516353688582374,13.850879891960371,14.865459286696126,16.515844279362174,33138352.304969527,6.314005861701552,6.293369948301765,7.074436700060597,7.633817201764064,45.2409044124552,4.385110436959336,3.9239312101538095,4.718516481316305,5.261821815637465,26.777808758507582
683,TSLA,Transformer,2022-09-01,2024-09-01,34,19.87437847293786,20.401020115616948,21.21314522306632,24.12858495594812,36011990.265905805,16.355774447714136,16.939755624638206,17.25958463528546,19.42678562953714,32556300.88527487,7.650829447400488,7.717787483394225,8.225968966677431,9.004157712166387,44.3964364358025,5.254583250914211,5.094779139794976,5.817239812965549,6.569050034901252,26.014511633982107
684,TSLA,Transformer,2022-09-01,2024-09-01,35,18.276117433590404,18.24807469966979,20.05947986931983,23.165918592893487,40939510.41811696,15.053768618570937,15.412161451499612,16.4888677269737,18.775878443719083,36892543.097101055,7.033569590034607,7.008235284817372,7.84271239086093,8.685553388800935,50.51864136856064,4.826217420954461,4.357297597929302,5.3682755759802205,6.203797435851597,30.33532474613143
685,TSLA,Transformer,2022-09-01,2024-09-01,36,20.486364576120828,20.516820626066306,21.499652149866105,24.47923398723843,36950118.53501599,16.914027571775723,17.152056363119367,17.458347906415604,19.63189486485909,33724193.35588703,7.925727275359037,7.830953934731243,8.33080140705552,9.104243080565846,46.00153821418941,5.387602310999917,5.046610739203503,5.932176710998503,6.719674512170973,26.22036778160477
686,TSLA,Transformer,2022-09-01,2024-09-01,37,19.698781480637788,19.8630413264566,21.12414313861616,24.055311553562845,35074274.7850525,16.134386703374943,16.472505721270906,17.33584868160693,19.491147212696426,31689567.26827713,7.531134753740012,7.48571299551219,8.249960797559178,9.027132440783884,43.135013886183046,5.240026663070329,4.979354089637989,5.676365213754742,6.46573036258886,25.146307910316214
687,TSLA,Transformer,2022-09-01,2024-09-01,38,13.035067707096928,12.870232991446509,13.9018383898165,16.40353765816944,36064300.01156424,11.043673201642385,11.43947641310716,11.760075771503445,13.765759941571613,32701013.39117861,5.184428506300344,5.204472580218323,5.595502863134447,6.345955236395355,44.55171290973583,3.375028885136002,2.61989808379516,3.5541829735609465,4.043356110282816,25.71793630441489
688,TSLA,Transformer,2022-09-01,2024-09-01,39,21.631336902673585,19.23471231296551,17.49641503624405,14.66562910481658,44475405.00550712,19.14829047597908,16.954417808796265,15.095860793830806,12.49782128062404,40885383.64106391,9.19856543393313,7.935232365541962,7.428941194643851,5.973214540409009,56.015420266342375,5.25604795802277,4.485874019169031,4.693744020562464,3.8424768574457815,31.35273613256965
689,TSLA,Transformer,2022-09-01,2024-09-01,40,20.77934151058119,20.861984652597183,22.070584500117647,25.395308797781265,35346312.65168166,16.89570440887726,17.233443319001264,17.960369803373787,20.404775563270952,31920722.81184732,7.887201664043301,7.836665801688874,8.54717618452432,9.453117410225444,43.478202283900735,5.602392757144187,5.280105292469608,6.038704605223058,6.9503540564089565,25.447127449744467
690,TSLA,Transformer,2022-09-01,2024-09-01,41,13.566805598976222,13.182055928066738,14.398902324687842,16.50353765551573,41785058.47290661,10.89473515042954,11.152366113862108,11.814917302279897,13.480742545283944,37836874.52813868,5.106935244732657,5.068745035818131,5.6225888067617005,6.20846962377182,51.84393478868666,3.899332540938295,3.134973162307088,3.922359376191417,4.296312738947332,30.59562572166756
691,TSLA,Transformer,2022-09-01,2024-09-01,42,24.528107473569232,26.47084254221092,24.41013022034982,26.11688251449771,37516106.79988565,20.12012262569852,21.95308970649235,20.206295976432465,21.485550157864743,33733432.73468737,9.3534514248712,9.963371831039025,9.586851047364162,9.95156511802023,46.0539544699292,6.413088522742235,6.681470449461102,6.42191814712729,6.815936188941911,27.524483933020765
692,TSLA,Transformer,2022-09-01,2024-09-01,43,22.311337841166168,22.72971830149771,23.7472202419975,26.73330909329093,35567476.18313246,18.06184440340412,18.53205454720383,19.05293423035232,21.252284899926355,32099711.960121136,8.440481301247162,8.441459006826586,9.076425445923633,9.857549412505868,43.760872695547576,6.067802913380324,5.924388063474647,6.686137243853636,7.4770237776492765,25.75930627436384
693,TSLA,Transformer,2022-09-01,2024-09-01,44,20.124585663298244,20.48440250413361,21.756062912420028,24.5353083025902,35771998.23595633,16.43854593285402,16.91772841787844,17.84547951559333,19.889906593941177,32347164.518188067,7.671018854106245,7.683125326760306,8.48885855579149,9.212841044517186,44.05908658097161,5.386794285304682,5.207242678900681,5.86468916823943,6.609080881750142,25.65929685297117
694,TSLA,Transformer,2022-09-01,2024-09-01,45,18.969122145201503,19.31663018686837,20.110156842555806,23.256966921267367,38547023.308941446,15.61248582859086,16.18838020599132,16.462902671549195,18.77792085558207,34862996.28312071,7.29796956097206,7.367061207907202,7.83768406647231,8.691067690214686,47.67097932710556,5.012184393049865,4.707759986009951,5.436689789286056,6.2807718679493485,28.2418470590547
695,TSLA,Transformer,2022-09-01,2024-09-01,46,23.035058528405944,23.26579077073028,24.169131392408644,27.73065939403352,35355677.19382891,18.46976930082941,18.802073931252504,19.413098491359733,22.03625465493999,31921969.112413354,8.617000887575088,8.549553623224055,9.239644821668945,10.218341819964207,43.48886175296639,6.356362570817073,6.175635981188235,6.77965514744896,7.761226874778473,25.496215180364626
696,TSLA,Transformer,2022-09-01,2024-09-01,47,22.023204814973635,22.352517135407847,23.419532669251662,26.606569829799,36296695.03470202,17.77769093609844,18.26870493322563,18.93855524326437,21.27217367291371,32923458.93172794,8.298635847618833,8.307841067520421,9.013364065818385,9.860644885477194,44.9222267966604,6.019958002772442,5.807395158715931,6.495540845085808,7.368425641926122,26.103688013801257
697,TSLA,Transformer,2022-09-01,2024-09-01,48,23.93015349355002,24.09562881706063,25.21335594809963,28.47267444010268,35214529.794106685,19.032617528116383,19.361990933940856,20.109979181004768,22.509671354962904,31822195.341687247,8.87734696879112,8.804387690081757,9.568971920694151,10.439016950220092,43.3369654685154,6.696166845803752,6.472316415230741,7.167505648143982,8.05157882161946,25.307626697784112
698,TSLA,Transformer,2022-09-01,2024-09-01,49,32.84523476994154,37.613717832315466,29.6525982416665,29.430143298478324,34539808.13029274,27.28729717480478,31.760161978264385,24.526256449285075,24.055818589249203,30604605.999140058,12.752193657379523,14.540942575201054,11.68306351455577,11.172802438989631,41.68093451264824,8.386386479308118,9.148474694137317,7.845291837379618,7.828097563817507,25.761596095651846
699,TSLA,Transformer,2022-09-01,2024-09-01,50,16.813528641348956,17.402227683490086,17.331292363769922,19.78093520142247,34956957.40142782,13.876076196149436,14.316962385634032,14.527078309177629,16.379226377302512,31382619.64752597,6.454206016591075,6.4721427044151545,6.904659395144544,7.570931781447593,42.752827947954295,4.393279596716393,4.432543704519029,4.435329758353139,5.04554644662293,25.479982388380545
700,TSLA,Transformer,2023-05-01,2025-05-01,1,28.88779834474097,36.15861021227721,25.76218444603605,34.867984945444576,59518873.20352479,24.09731269628765,31.745814687197072,21.301116790220235,29.79070921687689,49037601.34835861,9.070835943898793,11.563316278907417,8.299315526531489,11.072128963234936,31.186593881172,5.488046946091915,5.763154960907055,5.196416757729197,6.177286498185237,15.75371214621052
701,TSLA,Transformer,2023-05-01,2025-05-01,2,48.869442228187694,62.22024634723181,46.34556961580356,61.27687235203664,53214403.80213345,44.33870993198821,58.58165801913818,42.08159122758077,56.94716982353653,42677128.1290144,16.946786194007366,21.67348980451832,16.63379918771584,21.579073274105845,26.969278130089613,6.998763149015614,6.772629554934508,6.814233154840367,7.381460164205135,15.180960813206491
702,TSLA,Transformer,2023-05-01,2025-05-01,3,36.71921226266042,45.5480945478839,34.02153526409811,44.41720446666445,49573846.4796105,31.505749387807025,41.722449504078746,29.18812773617876,39.63768782020431,39742941.56219781,11.893257395305618,15.305947080931428,11.391642812239972,14.841826510203267,25.39699583631148,6.545546825755004,5.901251070225249,6.256990865777608,6.670055148587742,13.844558202925944
703,TSLA,Transformer,2023-05-01,2025-05-01,4,40.75298543498808,50.31935887871501,36.76722614074456,49.376239850915006,49566078.51805039,35.70735382430441,46.53762805099498,31.92451464176798,44.679877444055386,39731490.25249331,13.54033741423319,17.11973680125272,12.490529184471374,16.794993545715815,25.3878779946258,6.755114255018192,6.144042496927791,6.512004383481316,6.918287056472485,13.83018120129164
704,TSLA,Transformer,2023-05-01,2025-05-01,5,44.17028941377729,55.63024003136331,40.90142565843819,54.13360728143998,49027604.27209518,39.21432881557146,51.80223042814301,36.15831173600513,49.45302804933775,39288186.48484419,14.919022035988617,19.106734091379224,14.208299575328914,18.64989570970393,25.118451300217696,6.963763459938235,6.524999317018976,6.783933107163584,7.219297650195723,13.684469218618927
705,TSLA,Transformer,2023-05-01,2025-05-01,6,52.46832336013479,63.605353594230046,46.89007263860935,62.26141151077581,52873083.82945298,47.60091191550367,59.72242617072496,42.37450377814253,57.63984100972685,42413508.31427253,18.21955241071409,22.10107459717299,16.743685486775036,21.83926125018308,26.82762268161028,7.551388683444446,7.109665068712463,7.075199844969616,7.725891602868996,15.064631641638051
706,TSLA,Transformer,2023-05-01,2025-05-01,7,49.07126498657474,60.23881529415959,44.19310939160111,59.486790563597886,45696675.44782421,43.83297302002436,56.07379224821203,39.23542939400649,54.403447060842986,36533330.52150026,16.724024905817707,20.712650165830578,15.44909159866762,20.56034508358925,23.829835266395747,7.564742281521012,7.139945343755903,7.211807652517767,7.92996851583904,13.2244264629331
707,TSLA,Transformer,2023-05-01,2025-05-01,8,41.85698819170579,55.87490179533795,41.8216786827014,54.65539168082301,54024272.74415543,37.36333575185619,52.48048047851652,37.71538318511283,50.604545934102894,43450778.35815271,14.20943379802937,19.3712663748668,14.864279678294997,19.11988168036181,27.446952314427524,6.448187297444408,6.129172172689459,6.343444059625022,6.693867998875255,15.305529987260824
708,TSLA,Transformer,2023-05-01,2025-05-01,9,46.69141641143243,58.40864390016085,43.16998940832796,57.57974504819269,49259661.363979846,41.63931775397645,54.42601202094784,38.33773871718186,52.71815972466622,39473494.23842845,15.866792987773662,20.09274457833968,15.088297368165412,19.91111816061272,25.244519105089868,7.231048339754996,6.844710057945398,7.02980708568113,7.603032767285275,13.749433256364728
709,TSLA,Transformer,2023-05-01,2025-05-01,10,49.004298322838864,60.96192032749089,45.19437334626979,59.87739321943439,51922975.70550054,43.95656381139971,56.92455848162545,40.38398832230222,54.99379992391697,41617759.33358257,16.776834601613373,21.035046990602748,15.919810049572956,20.794650466689017,26.37399617756374,7.409097100723059,7.063210323015716,7.172580107371076,7.778468889526839,14.695260700726063
710,TSLA,Transformer,2023-05-01,2025-05-01,11,42.68354797280651,53.49101056343314,38.69932853735413,52.58695971563319,55351850.50856943,38.1529947558236,50.075125221653465,34.42800509319056,48.44416233282675,44767687.271332376,14.518200630771336,18.46616388171129,13.526482072677718,18.27953760317512,28.302140599851445,6.537762260311557,6.011102262367974,6.255801038730182,6.658106413947955,15.417521577661738
711,TSLA,Transformer,2023-05-01,2025-05-01,12,43.6254586059255,54.94928824521843,40.07517987678536,53.795342787871455,54814974.931400806,39.141518304256536,51.57600728596746,35.94875438687799,49.75454090480902,44280207.50113972,14.907678392206824,19.034117568917853,14.149846254127926,18.79385133862908,27.99107107626361,6.570270093086811,6.061726446862411,6.239028814652587,6.639513665481743,15.355387277438307
712,TSLA,Transformer,2023-05-01,2025-05-01,13,46.03804981600685,56.30265729268671,41.07930492134948,55.34396158618691,44577873.94798032,41.3298907337011,52.68322465487877,36.61106073921672,50.95303034357562,35751765.79667375,15.755697028255804,19.44167021639464,14.40001217000694,19.24060779141931,23.557405103677333,6.921044957781461,6.365706155916135,6.584175302782771,7.043468766400464,13.124838019078478
713,TSLA,Transformer,2023-05-01,2025-05-01,14,60.90596494608183,74.23515718400421,55.2427182331782,73.56866298815426,49382717.97199282,55.13846837210484,69.25772094922203,49.89031002865032,67.72308266103077,39568906.65258184,21.15767531524691,25.679382498928888,19.77275751333161,25.722938066278623,25.290805431901543,8.94229104167184,8.889814601310384,8.424400501236079,9.621448990993017,13.794749398088635
714,TSLA,Transformer,2023-05-01,2025-05-01,15,49.31772272531863,60.51552824802489,44.42840414257528,59.71655579121761,47887680.114026144,44.093614677977214,56.349739340475054,39.48645683089051,54.65008965358119,38296090.01912964,16.827327093678324,20.817102756927504,15.552535383048186,20.6575762480467,24.62617231125604,7.574343714684614,7.162698768404059,7.217644588708268,7.9320047105570435,13.526901133269556
715,TSLA,Transformer,2023-05-01,2025-05-01,16,41.18377638015696,50.85965404507324,36.941923910139565,48.61639928141096,43210232.83476717,36.6990561378754,47.48404305894655,32.624095738497104,44.58204018987464,34735622.183320835,13.94725609488829,17.484314810332222,12.792271776742895,16.783010214544504,23.211390839379785,6.390778032564545,5.8226587477445,6.160368720763066,6.335888296959154,13.232105072428755
716,TSLA,Transformer,2023-05-01,2025-05-01,17,50.90807353267362,62.257137636984005,45.91599760069793,61.32055818778128,45234318.84178738,45.979533278012255,58.324231254414265,41.27603010934258,56.59236758410116,36220135.11775696,17.578791170338988,21.56979655985384,16.291256120942897,21.42611175556673,23.73404553745827,7.477685512990931,7.064450594023768,7.100470223024007,7.753294743077512,13.203141427671811
717,TSLA,Transformer,2023-05-01,2025-05-01,18,45.05756388918273,56.59632148164953,41.90282908139475,55.79198764840257,49897495.19618464,40.0953315668008,52.73252163412905,37.14183490150752,51.06191168672697,39986604.93770065,15.263607229169091,19.45580920958804,14.605435111306678,19.27182319389394,25.501476203210103,7.035613443881007,6.615473870834622,6.874526504818651,7.368768398583699,13.945674694553183
718,TSLA,Transformer,2023-05-01,2025-05-01,19,28.829877580907805,36.06928775939953,26.96005483927188,34.94733432986117,50725719.353948966,24.0348677729834,31.723446559000497,22.40872622188017,29.912113612983458,40700019.81470516,9.043414626788008,11.554213931051862,8.719919169639384,11.115990555870315,25.908172424012,5.486095499554413,5.70346131059695,5.370838269746338,6.14720656976314,14.193428630014118
719,TSLA,Transformer,2023-05-01,2025-05-01,20,49.87701433991628,61.44889277717616,44.99590317648257,60.76878809139192,50780163.57462754,44.76790652399783,57.36323750242226,40.1726083001973,55.822050997346544,40704383.56933625,17.093466546620398,21.199078106946548,15.833217944987698,21.11439951616396,25.855506674275247,7.523799620710496,7.140371279433818,7.1654348357402124,7.893735327864173,14.285889677195865
720,TSLA,Transformer,2023-05-01,2025-05-01,21,32.09217369919782,40.37927718349193,30.23749076413945,38.87318415906634,42670755.50300097,26.83138968499088,36.17932929164429,25.472112846715376,33.89045719166269,34343245.63924573,10.089023198079756,13.218931469779177,9.915276279748086,12.631873036237696,23.06482762180381,6.18138061220843,5.96261424052371,5.887209689050649,6.513438872773055,13.323664455759438
721,TSLA,Transformer,2023-05-01,2025-05-01,22,39.90360499685565,49.271997500506686,36.42573656629575,47.92584192901407,48282873.42491894,34.7904624544172,45.457572264175845,31.55162409886103,43.17358214658844,38617222.88723573,13.178700595071302,16.711012286193125,12.338897291169596,16.208486537854316,24.798106998106725,6.732419739070695,6.106576468685277,6.499700416968682,6.868661111040995,13.597570158173822
722,TSLA,Transformer,2023-05-01,2025-05-01,23,52.83976240858844,64.86913392828491,47.618151640792526,63.4162201111263,44660562.60964885,47.86100972295215,60.828490816186175,42.94851212665527,58.6237287895307,35681173.44359972,18.308678041924544,22.502834791961327,16.96221272288091,22.20262919709716,23.418152048955378,7.640931656867643,7.307002398807581,7.235096539545715,7.921012797056298,13.173605253472212
723,TSLA,Transformer,2023-05-01,2025-05-01,24,35.129348091245326,44.82745164501258,33.99360073105924,43.34030008895459,55129272.26754109,30.0436954004256,41.15398354629779,29.38358588077174,38.816151387218206,44468773.78896375,11.330365110928897,15.097962054383665,11.478251117164028,14.537172129259057,28.09400319147431,6.3429178488975975,5.749606734736664,6.118213902521605,6.420274781111232,15.586035134645964
724,TSLA,Transformer,2023-05-01,2025-05-01,25,38.31143191965288,47.09262734715363,34.340500764064934,45.50437894167972,42213596.41916746,33.571129303390215,43.463943184758485,29.713268736585366,41.18204036177347,33899849.330450535,12.714957443975823,15.961079230711702,11.607450862402262,15.454782288631918,22.81981579335388,6.361042662928147,5.852278436962507,6.180957612577902,6.411173814500999,13.39432144725084
725,TSLA,Transformer,2023-05-01,2025-05-01,26,53.04154646876393,65.61067076327937,49.20227265764298,64.43876923383542,50116835.19806751,47.73697458419567,61.23265291843658,44.16565365942663,59.21035586923333,40159762.20195171,18.255220632751875,22.655259239709284,17.449929239057806,22.42369313041817,25.617917368157737,7.928361734977793,7.70187711105604,7.671406320699906,8.399153954989075,14.017545145426308
726,TSLA,Transformer,2023-05-01,2025-05-01,27,36.513588963695625,45.55441198817518,33.6015098633745,44.10018244586028,53132365.17203433,31.33113465360259,41.76854670484369,28.816516188798047,39.37352850654717,42702931.716864094,11.825960826154338,15.324065418734708,11.244235222382612,14.741463139925262,26.993804991710867,6.509585718688432,5.868210078102284,6.187732583683662,6.612456165147003,15.138622478285503
727,TSLA,Transformer,2023-05-01,2025-05-01,28,49.55316205751869,60.47466354869085,45.27285157082661,59.39534982220764,46186831.513657086,44.41613960606272,56.40294326686181,40.3979316776447,54.46061077132368,36892279.49961914,16.954403238033947,20.83651013630029,15.9227571930309,20.584770602345355,23.9715044606094,7.520527796730401,7.06082072500621,7.228758666970824,7.787474119303532,13.332580261064356
728,TSLA,Transformer,2023-05-01,2025-05-01,29,49.16930068112457,59.77518863473226,44.97264058200308,58.66274612135486,47134063.254202165,43.8955710342785,55.60973835228683,39.96182770172653,53.59455927487597,37701942.33490557,16.746341047770528,20.535412595114803,15.741656765062611,20.24428425697156,24.380911386050474,7.594983180843075,7.103663590965806,7.311931823878096,7.852936723041528,13.422582973745657
729,TSLA,Transformer,2023-05-01,2025-05-01,30,35.796883292251934,47.60573065195738,34.849365741230166,45.73971495936503,53486449.58035836,31.01148860262763,44.2081313178971,30.463964552872035,41.60317973758099,42984952.94423105,11.722097826717508,16.259334842009114,11.923289502365051,15.634290380287352,27.168742023139643,6.21047843189882,5.673149380324248,6.052533054447438,6.259392694772488,15.19831995866911
730,TSLA,Transformer,2023-05-01,2025-05-01,31,45.08015474988315,56.11608122063278,41.06942451081331,55.691913178974666,50622612.21172057,40.25689011257687,52.381577842136736,36.453991443774505,51.155904552510975,40583632.57817648,15.332454692291828,19.327359667341028,14.332589015910846,19.31711776478108,25.772459827578903,6.936318191035296,6.467528726808237,6.699043183923699,7.1982521447076895,14.281856437879464
731,TSLA,Transformer,2023-05-01,2025-05-01,32,42.12901336401341,52.386626206460114,39.106264580858856,51.0247027336025,50757064.94751247,37.09557518490942,48.57061284081685,34.24414065098906,46.30688736126071,40683833.13558119,14.083477563185305,17.884288459804402,13.425429068959296,17.423650503625364,25.872785037134825,6.852770968439859,6.297472641636076,6.72634847845508,7.03959914259339,14.237364620812166
732,TSLA,Transformer,2023-05-01,2025-05-01,33,35.59519524780773,45.68485291501306,33.05941661245034,44.4038905300981,53889051.81706077,30.64744581654035,42.14620341721296,28.53494571059872,40.05813288198434,43312670.12394495,11.571772198071576,15.477899965948064,11.143202104403288,15.026251242491568,27.3569305719873,6.295189653634808,5.6863146685518045,5.984868323658224,6.346757650763606,15.26204068782845
733,TSLA,Transformer,2023-05-01,2025-05-01,34,53.82326651558997,66.74033565227134,50.71786818740878,66.34770369116062,46882173.38122968,48.390766209335865,62.208786558058186,45.532780212502495,60.89919379340745,37406006.94348345,18.510794502475363,23.023290834363124,18.00387869711167,23.07732087805957,24.1611366249303,8.097773135133393,7.934431829297048,7.918961493176884,8.737697136620108,13.424982150291816
734,TSLA,Transformer,2023-05-01,2025-05-01,35,58.97092742036144,72.63579131983082,53.00866671407426,72.42256354969413,47938857.40030231,53.26514632799872,67.71850350880176,47.72979141490877,66.590478105261,38337221.93007025,20.42185956690636,25.098963871393487,18.894962630643324,25.282504852559256,24.657336469225186,8.734385190256445,8.718589029427037,8.18113628120736,9.524303093583972,13.553761828939557
735,TSLA,Transformer,2023-05-01,2025-05-01,36,34.056409090838464,42.391154939662144,31.750239810502418,41.217528440674506,50429293.69755637,28.856527016722865,38.416182386142246,26.97491401602272,36.26449752347341,40410426.93602462,10.867646517566582,14.058867525592936,10.510489551562683,13.534306953521902,25.75508070197965,6.281667970777605,5.8417910987419175,5.99415144527237,6.592964677848114,14.118277724787044
736,TSLA,Transformer,2023-05-01,2025-05-01,37,52.0605065979212,62.540897467502816,46.76252658344409,62.47240655372774,46486721.4660023,46.80343130669062,58.34856922502468,41.83682730775191,57.362169694175584,37142049.27651628,17.891823695961453,21.571555687955225,16.508008053794438,21.71131727628368,24.09449996833811,7.823769025038708,7.325865545573369,7.394065860907656,8.167653015269916,13.34740045165828
737,TSLA,Transformer,2023-05-01,2025-05-01,38,41.77875983656399,52.58791158326055,40.04649747157855,51.55550819451337,52696290.79937438,36.98174738823267,48.9770935655936,35.47809187740159,47.12112791615892,42232184.00708007,14.048713000943325,18.04535006047084,13.938252318042723,17.752824767980748,26.730576027623588,6.661417071645468,6.131328470888244,6.583671085759224,6.84256922093507,14.982530944369673
738,TSLA,Transformer,2023-05-01,2025-05-01,39,56.46685187366551,68.1866655477174,50.78440231972284,67.29862242265435,51063411.230905786,51.10151301242675,63.754256552283984,45.80990033093597,62.029740494613335,40980475.13892777,19.579722722082096,23.6095751872718,18.12350198100171,23.523017685257425,26.017466608103096,8.25983247457529,7.943377191233942,7.752598585195412,8.649714706215134,14.38096605022336
739,TSLA,Transformer,2023-05-01,2025-05-01,40,42.72798386713294,53.11032234330942,39.39438732692343,51.98319537456407,44553483.80856583,37.840048142242246,49.400073799055576,34.683794270973856,47.42161025355968,35618460.72892491,14.380659790029194,18.20057449014133,13.609727838495733,17.862869676882838,23.40790088026579,6.798354465622386,6.250040142362984,6.638819726395743,6.9738087568047735,13.160748707022533
740,TSLA,Transformer,2023-05-01,2025-05-01,41,56.11613005160282,68.77411909396353,51.3934727645164,68.03248555341959,45888799.833422616,50.84263993257724,64.36860044309498,46.43182201126437,62.804149163373225,36636197.93617882,19.475811547442767,23.836840192170087,18.372902378767307,23.820244901959185,23.844014333559464,8.146292738925984,7.942712192350809,7.781560730045986,8.652437416183185,13.30189414200405
741,TSLA,Transformer,2023-05-01,2025-05-01,42,36.86110385780832,46.75519021664807,34.89052165339,46.09674928142843,52589778.76816638,31.76450306390864,43.03234016563427,30.146506040582715,41.48506269307629,42172188.847578816,11.998343703009697,15.801218133193256,11.77893781621388,15.561730182635886,26.65299044841444,6.4831323337799605,5.886463479457408,6.279278425225645,6.646763473068806,15.019041930197352
742,TSLA,Transformer,2023-05-01,2025-05-01,43,51.295469853821466,64.60908215712172,48.54282495602619,64.54324063258274,48435375.81628306,46.05558884991965,60.2780237418401,43.519811797152535,59.2917533402986,38791764.7338057,17.59601181506428,22.29585824180613,17.1877616978171,22.455334064740867,24.871144385238704,7.738538966385951,7.589706792499383,7.608007777939043,8.42887437871401,13.555726153326368
743,TSLA,Transformer,2023-05-01,2025-05-01,44,43.9266029793171,54.40601376572024,39.49572893295556,53.16711093368547,53772961.129245296,39.306727116114935,50.92229232277735,35.120403160144846,48.9225555985736,43285707.99818317,14.967589244436793,18.785523440833803,13.802644613581563,18.46221773427716,27.34998927650291,6.6990225895568205,6.1297320036365335,6.399090195753107,6.787078476311148,15.190515418188507
744,TSLA,Transformer,2023-05-01,2025-05-01,45,35.519400500778374,46.12666706836871,34.70547294572332,44.88719903978341,52769912.99521952,30.43323801974521,42.47753784999839,30.068120188328407,40.36910425352695,42314766.18014639,11.481602770569683,15.596515026381832,11.752260608497084,15.1361389646635,26.733570126876373,6.371936920855062,5.791964849031939,6.196363462580314,6.504454037052431,15.031487086907386
745,TSLA,Transformer,2023-05-01,2025-05-01,46,43.93014466201247,54.886587075257104,40.62424272470765,54.227736676312034,52995498.2357096,39.23970930499756,51.30968881472253,36.14049798275505,49.847975899286105,42592472.57460959,14.9393220283293,18.929658451778,14.211617832840926,18.8164808577056,26.919014753157384,6.753728017185878,6.245309783796043,6.57007920794236,6.973159902028868,15.052639633400949
746,TSLA,Transformer,2023-05-01,2025-05-01,47,43.77164755243949,53.69140248300024,39.35983322602064,51.91613264063394,46593750.01226721,38.63807254161802,49.76765880963366,34.409929017631306,47.08236900389178,37235216.23097023,14.685835673089626,18.334636665011807,13.490254030310885,17.72166051865588,24.11274834593509,7.0562261616520985,6.480027771178831,6.811516954497632,7.194841587880782,13.321492027183204
747,TSLA,Transformer,2023-05-01,2025-05-01,48,27.72906171737552,35.17186314967144,26.94244605058191,34.32129329317758,51144076.078249216,23.07570807575519,30.75904480760145,22.39031885955292,29.276216002889385,41053811.95785188,8.69044378666475,11.197055731020306,8.71309325552861,10.877256975692836,26.09704264210758,5.283420347899187,5.682885538485713,5.370987962977688,6.102134639289126,14.336222554675324
748,TSLA,Transformer,2023-05-01,2025-05-01,49,39.14309664913925,49.40051847906975,36.63790591062988,48.195177083119255,49707924.89752401,34.17183541285913,45.71248559121982,31.897555972508204,43.62847404039061,39850257.16057461,12.94350802986291,16.812704501157846,12.48412237000854,16.394454278171214,25.406630580430672,6.58090440398689,6.012710091001671,6.435989414001673,6.742332205811093,13.88513773755352
749,TSLA,Transformer,2023-05-01,2025-05-01,50,48.1203460445218,61.00433714753272,45.9957643435545,60.88476663523488,50939442.05098875,43.128886462286985,56.99806886716024,41.21446410237404,55.995467713192205,40802096.46030534,16.453691998955204,21.064322191554528,16.259120444870064,21.185048203315755,25.921977403315783,7.297658121979116,7.038688595531236,7.214803974387351,7.856266527091337,14.330480308499611
750,TSLA,Transformer,2024-01-01,2026-01-01,1,47.07886496971937,33.094574804123866,41.639692688424745,38.9750687555936,26661698.20499088,40.64210409144983,27.021071950021163,35.67144768220214,33.775879773812854,23199320.87504246,8.763308368557627,5.726253040750168,7.817672821208767,7.314297093469587,38.6062218919086,4.769726540559872,3.790556855397344,4.411378699498088,3.869938181765407,33.97416826490447
751,TSLA,Transformer,2024-01-01,2026-01-01,2,59.090508266336265,40.93656065193758,50.91475099760781,50.37020676926779,29658652.522151943,50.88609126212078,33.74542059004989,43.47491356604215,43.61106498145622,25110090.08077189,10.964559235720689,7.142992869966027,9.516571042397892,9.427992164871116,42.67144139272246,6.046134787563071,4.599152720000252,5.461058598453563,5.050379050206711,38.34195112059498
752,TSLA,Transformer,2024-01-01,2026-01-01,3,51.41172437755344,35.68358839124679,44.78751716959058,43.07488007178307,28773304.205522105,44.26737036200347,29.22421606618452,38.29178847934212,37.31421605496091,24492388.84036132,9.538912334786264,6.18956320452172,8.386772033538744,8.073537961311333,41.45200010960474,5.2555746568897295,4.061040644245604,4.775742975165821,4.290358811540343,37.17183979877933
753,TSLA,Transformer,2024-01-01,2026-01-01,4,46.87144660624621,32.543449429970075,41.0974049905356,38.98337360939537,28608085.73068184,40.230003360712026,26.4770779333511,35.12318529093464,33.66791595987174,24391754.92345033,8.666397378112563,5.611073679941623,7.695875681408086,7.288189200815926,41.23932528059762,4.835418094874699,3.755104342368201,4.378768380368228,3.913630123612624,36.94096960433854
754,TSLA,Transformer,2024-01-01,2026-01-01,5,63.08618370323218,44.28713288786509,55.0201319758383,55.12735672620486,30054406.07950565,54.499149812446994,36.66077112086048,47.02877270204202,47.78371800420441,25404269.547179665,11.749012521569004,7.759222573029885,10.294124444460646,10.328106203979129,43.24043315933804,6.393056016969363,4.935340385545571,5.8942723278641065,5.525595568726013,38.847983913521375
755,TSLA,Transformer,2024-01-01,2026-01-01,6,49.424482692064586,34.57105320026896,43.35946593591732,40.970395075469895,28001310.428636737,42.60765292399246,28.280648615576258,37.10650279732185,35.49849088708027,24025025.602715377,9.18372776308316,5.991025862286218,8.129315714901834,7.683671725011333,40.44370357434568,5.030971718263958,3.943441895924507,4.608790093880519,4.073319629289317,36.04286592868047
756,TSLA,Transformer,2024-01-01,2026-01-01,7,55.61822313619809,38.70403121324424,48.1905843449445,47.84612050765679,27204974.57860548,48.29403697232974,31.999474467921345,41.38066682903275,41.69085167859779,23525223.76666522,10.419234827902718,6.7774110909172585,9.0655693882976,9.02021366680428,39.35765762971163,5.53448755690241,4.313629669098747,5.0823336847007,4.687821339585558,34.85685300673927
757,TSLA,Transformer,2024-01-01,2026-01-01,8,59.5565760819871,41.80144365767408,51.64393573121595,51.87917179593291,28510766.16211945,51.62231631374843,34.625181537283034,44.27312188133996,45.11828975708829,24333564.30678893,11.133952245741147,7.330939407353141,9.695449991927436,9.7566959207741,41.111053504192526,5.965870723378961,4.644610262555336,5.479378342054255,5.130359348371261,36.787878194343335
758,TSLA,Transformer,2024-01-01,2026-01-01,9,42.11545257278218,29.84314376602442,37.98529864125919,34.07121907241297,27161648.664726384,36.048289117369,24.06652472016155,32.45465036715719,29.202656343654542,23497796.506033864,7.765535071443813,5.103491040316264,7.114809772259598,6.326682513775675,39.29991158495956,4.37534595254364,3.510049368779475,4.04429857017257,3.5015463122287724,34.79735892061998
759,TSLA,Transformer,2024-01-01,2026-01-01,10,45.10090706666865,31.315794203054384,41.3135086051468,37.940290766205074,27422442.983757395,38.63996311365624,25.382965967072177,35.29168536207961,32.732550114572724,23680161.08062542,8.322189995611893,5.3801703252991695,7.731645743637529,7.086111526438714,39.6707035111348,4.675119442409511,3.642244484122216,4.407666594791552,3.8195246993096537,35.13619690407957
760,TSLA,Transformer,2024-01-01,2026-01-01,11,33.90879872047734,24.12100945128641,30.14987111346426,25.292612304078936,27775523.183742844,28.675077934979143,18.88736347316581,25.48263248042361,20.81867685989313,23882466.990876976,6.176760266717104,4.016602245213456,5.595074147808206,4.520958585164899,40.13966178580837,3.630385683078536,3.0207107072044423,3.301556286280225,2.9232420617221737,35.721059961132724
761,TSLA,Transformer,2024-01-01,2026-01-01,12,45.50842161444775,32.02057018049517,40.50368655112122,37.42903323531242,26093429.4300069,39.113586309175886,26.03770496903552,34.63942881319695,32.32291986625162,22740212.15450265,8.428413999276838,5.518388444630476,7.590884682764226,6.999446699961953,37.718377251644384,4.672485811195185,3.6989607658732577,4.307312720428395,3.7562379224411178,33.243918121096655
762,TSLA,Transformer,2024-01-01,2026-01-01,13,71.41357528872791,50.66748459217198,61.91825916147976,64.00716778138212,30769121.809361503,61.56806739423137,41.98382921959728,52.79333035357914,55.25018902839504,25945936.78918816,13.271258201559904,8.882412244942445,11.55162032972643,11.934491420893272,44.25451785395601,7.295768725208282,5.655062738460615,6.695584332478874,6.540580980436717,39.71625393994964
763,TSLA,Transformer,2024-01-01,2026-01-01,14,70.84576792060041,49.40582406857696,60.74187611576789,61.88597048861392,26601885.063607577,61.87787973817737,41.2352954857677,52.26207927973281,53.91959061809631,23142430.85819261,13.362466978919429,8.729405720627305,11.447384526447228,11.656769597901622,38.50865410676263,6.92485301091433,5.415599644441339,6.396965487314955,6.127283774657886,33.911040715852955
764,TSLA,Transformer,2024-01-01,2026-01-01,15,64.07020709443096,44.62592575826967,55.773631242731845,56.0609864519897,27828019.960765664,55.740698510229976,37.105227024733885,47.89753785845251,48.81519736530787,23918708.82773103,12.029194060834048,7.855672008822263,10.489901647012646,10.55489846890006,40.21009337897932,6.342121493996197,4.921717483906665,5.896391510616796,5.538548366180785,35.78425124511763
765,TSLA,Transformer,2024-01-01,2026-01-01,16,59.49960687992854,42.019620291662825,51.17659091306824,52.07685460094582,26147447.94910259,51.59009418143229,34.811873421181026,43.85966713250277,45.29325610030625,22764153.86789774,11.127666261893417,7.370055752981942,9.604613242037852,9.794321011527291,37.787171758812825,5.950999013844483,4.667625588734216,5.432906996554327,5.150006525434024,33.34993476829182
766,TSLA,Transformer,2024-01-01,2026-01-01,17,55.335749785202005,38.66579368299405,48.39807640503739,47.51324115954117,26747131.26800021,47.900071119165005,31.89730711223852,41.47607870702286,41.31464037394538,23176177.000005487,10.329294096134548,6.754354533419625,9.083945237100265,8.937026644157344,38.67257931201255,5.561328179751649,4.331484906965374,5.132896768845039,4.686533582270994,34.265413241369544
767,TSLA,Transformer,2024-01-01,2026-01-01,18,57.43824660881664,40.87256632477101,50.13506051051382,49.238259276381925,29994471.93898303,49.22503117454069,33.61795888638715,42.70239523121581,42.51368074485469,25371340.16978891,10.59918015075574,7.114964061358458,9.345191603733197,9.189394836547352,43.15221270973847,5.964777495860509,4.61633531748244,5.413443157250591,4.978428836842612,38.75449007145949
768,TSLA,Transformer,2024-01-01,2026-01-01,19,41.54262771215457,28.918858484933885,37.20305803434397,35.01052905915568,26592637.777105533,35.51692290794985,23.212884064765124,31.763304127688784,30.07184164390372,23147043.259470697,7.650026717266006,4.923602587440299,6.963728352683953,6.513630138861359,38.501962423224064,4.32897858543254,3.435322582380835,3.967005009608727,3.573408741959156,33.875558226984325
769,TSLA,Transformer,2024-01-01,2026-01-01,20,40.65830280501978,28.220581983692885,36.72931435613359,33.10315227459117,26842821.20701228,34.76546418316652,22.571417796051698,31.370834705934914,28.306081046142378,23311910.575331043,7.489676500502688,4.788890117352214,6.879074762370929,6.13398671121579,38.86339695060092,4.235670942097477,3.3785588990601885,3.912682939679717,3.428123753723097,34.26418724112202
770,TSLA,Transformer,2024-01-01,2026-01-01,21,45.72599571104586,30.99290583574696,39.35713410169071,36.80554091487625,26279966.33635996,39.215481140647874,25.09372949794109,33.61152984600712,31.701325344931305,22902328.680376697,8.447182519787583,5.319301870876584,7.365735731415134,6.864056228637601,38.02335417658364,4.725977372910719,3.613269687568984,4.197330026898069,3.7239348856178487,33.470834762567534
771,TSLA,Transformer,2024-01-01,2026-01-01,22,72.26176082948466,49.65926724226489,61.48256136444488,61.6333808909511,28874016.3986488,62.81796323931109,41.32890541790447,52.72053260601797,53.5162218491769,24538410.153704293,13.556391479000457,8.747104257988749,11.543042238752236,11.566079523371368,41.57019319482572,7.183100928767831,5.481378950625202,6.540890560732382,6.169532624052238,37.34382868542001
772,TSLA,Transformer,2024-01-01,2026-01-01,23,50.90890955865302,34.10933848558348,44.661471143846256,42.39070646652645,26614998.9569909,44.05668112998591,27.903454834733903,38.3018455039323,36.84091459592082,23138647.342329152,9.501170215379656,5.911773322403013,8.392135658075283,7.974452706624876,38.51959631989308,5.118273499086227,3.890644315398025,4.720674497119269,4.175104165481484,33.964056910445294
773,TSLA,Transformer,2024-01-01,2026-01-01,24,44.16566581786752,31.361110102392285,38.81443742899456,36.84131211333957,26539597.574299995,37.8786701693735,25.44374235013917,33.1721856377462,31.771074520869373,23081506.02267325,8.160541498461543,5.393400021519977,7.2710279321682,6.880289244438746,38.40663689325917,4.563904442433672,3.640612923208725,4.131193539118551,3.713686373930237,33.86051621078397
774,TSLA,Transformer,2024-01-01,2026-01-01,25,83.00339417071925,58.16613069711371,70.88382736980002,74.885812677474,29100378.42836248,72.27226216883692,48.70368476032685,60.775928159898925,64.84516899917575,24669004.826468725,15.603668545021335,10.311450421732715,13.30638656802531,14.008309065966657,41.85194535727239,8.218137977353242,6.347333430379032,7.565272439633043,7.623369985755908,37.67473066563245
775,TSLA,Transformer,2024-01-01,2026-01-01,26,73.24601768567852,50.86918294595672,62.83600854613714,64.47238308018736,30795189.68403339,63.43809857998611,42.24335178622245,53.72913469297024,55.80236678260556,25966725.60732845,13.683673752771645,8.938578568477933,11.760074240956198,12.056269540186316,44.28981396295983,7.3730248634582205,5.649229125409222,6.742061296444121,6.534106659217118,39.7517960985606
776,TSLA,Transformer,2024-01-01,2026-01-01,27,59.04925664712628,41.2674447499387,51.476962788532354,48.06437637989562,30210004.82275272,50.70086136493164,33.96898291508448,43.86191709964591,41.49626482003887,25534418.46178686,10.920108462208034,7.189174175479196,9.598760660826317,8.970216078674046,43.459738340840175,6.097563107837909,4.653247324250256,5.555234800053381,4.857027004235864,39.02587260328389
777,TSLA,Transformer,2024-01-01,2026-01-01,28,65.2064687847401,44.950513056597536,56.26828379729407,56.94435676309918,28272359.892469265,56.69311768625536,37.363274007457605,48.297139889188834,49.5498683628057,24187044.416074123,12.233614403584122,7.909926616907985,10.576638279531084,10.712641367496865,40.79761662135874,6.470891137906573,4.961987788299259,5.958909310565618,5.641976222262719,36.44866190758013
778,TSLA,Transformer,2024-01-01,2026-01-01,29,55.647865161214135,39.421633962190825,46.26027873150348,45.897236033904754,27429594.53987513,48.10902341762245,32.529688593782296,39.55544124586913,39.82863216621818,23685357.02111413,10.372342127044345,6.887344628697332,8.662122009870837,8.615180579190111,39.67887984227257,5.615315015699098,4.414708668727743,4.932689164657223,4.552673908005013,35.1620331860091
779,TSLA,Transformer,2024-01-01,2026-01-01,30,55.425363963648735,38.71346807923955,47.98338221914127,47.03845866849165,28833436.23251946,47.87798276308219,31.901354199257064,41.0718400270867,40.838434305117936,24531248.86354365,10.321237683420904,6.754830620945872,8.994496716383159,8.833283304525114,41.5288482832595,5.610198233430101,4.348375080607532,5.105562333671461,4.662434496856987,37.24719333770696
780,TSLA,Transformer,2024-01-01,2026-01-01,31,42.95412296245659,30.60349724345405,38.099700407155375,37.31296191293438,27489626.88744961,36.837207080179454,24.772662181818827,32.577854055499856,32.22322858980498,23710358.87114515,7.937485325154933,5.2526584852814855,7.142640586655036,6.978771951592068,39.7535894804136,4.439970038473168,3.5709996924255907,4.049031278158228,3.7456714260598094,35.28302657943412
781,TSLA,Transformer,2024-01-01,2026-01-01,32,59.74995971583308,41.30367092208628,51.70448174624433,51.18042456456104,27495734.439188868,52.00854229420174,34.280805969717115,44.445080156811976,44.62829567643095,23735652.66393852,11.224501470399218,7.259922061006403,9.736442386884631,9.653884972458751,39.77512508986232,5.902028308500844,4.566581662382144,5.444422224934834,5.013944759252467,35.219153362882736
782,TSLA,Transformer,2024-01-01,2026-01-01,33,47.98513196471497,32.595365132471265,40.84328094687438,39.47438529937707,26825368.23154569,41.36160052807004,26.55189308919085,34.93687159627137,34.18281533541496,23262660.385425948,8.915506544052793,5.626866967036963,7.655964894253758,7.400551130886948,38.81168109754022,4.884359832609834,3.751312382652496,4.341923588927022,3.929062332557155,34.3170985892063
783,TSLA,Transformer,2024-01-01,2026-01-01,34,54.43176979744801,37.5784786674226,47.251173844608495,45.97198177849027,28162611.11160653,47.09218059836003,30.94149504260008,40.490645794207545,39.95448692794332,24126746.11465737,10.154382258305354,6.552641057963547,8.868879469121266,8.643989542291905,40.65837865893069,5.480674818058455,4.226796761978859,5.010169392618322,4.537274523424466,36.27401942553682
784,TSLA,Transformer,2024-01-01,2026-01-01,35,68.25372572309195,47.93387127444489,58.73627213855573,60.33372488333297,31417839.848517235,58.83163360821634,39.688898730505024,50.09074558554241,52.13397409214274,26445220.881416824,12.68014958388934,8.397944003520859,10.960871728416755,11.263549083207897,45.17447517158082,6.974393707996645,5.350556133625776,6.341557795164106,6.130452760921672,40.48725867434915
785,TSLA,Transformer,2024-01-01,2026-01-01,36,45.93024278242456,31.36136043306617,39.67051637222613,37.41739762611997,26444334.937775098,39.428423205441305,25.42904695659992,33.887615369134735,32.27360589833301,23024294.141525257,8.494243057574405,5.3899041534353564,7.426029088704437,6.987710915915783,38.27227933916981,4.733103007086749,3.6447929749605534,4.228932017420024,3.7693469106996296,33.702997085414765
786,TSLA,Transformer,2024-01-01,2026-01-01,37,56.54615693204074,38.89039411125983,48.96718096834893,48.31297409457799,27013195.183769297,49.08626463263713,32.14217790130746,42.03081183315026,42.07655173877836,23407018.549074512,10.589562270201696,6.807100445693787,9.207027964481194,9.102705512154795,39.09255949726235,5.632148338856647,4.338217150823269,5.171378953120668,4.742920987065098,34.55136643023948
787,TSLA,Transformer,2024-01-01,2026-01-01,38,44.4806237960397,32.04624737276798,38.74405329932824,38.01455039933078,27685061.62627583,38.19441844068175,26.06696815501236,33.13781496680131,32.850615112841766,23842345.60526742,8.230515420376136,5.5253879185891215,7.264943607250103,7.114041636149381,40.02701602759378,4.583215153497992,3.7003002929050526,4.116002380925565,3.809114058677278,35.5463408881379
788,TSLA,Transformer,2024-01-01,2026-01-01,39,58.65263804917615,41.69869767193547,51.57863034390834,50.82399778955627,27604195.223542925,50.90895740185177,34.57141937270369,44.25693476492192,44.24870176728714,23758785.85518639,10.98243111009127,7.320027389084406,9.69288926805729,9.57027359803959,39.89376405287913,5.846099025736509,4.623126296811739,5.458381967189592,5.004242775263227,35.500448175260416
789,TSLA,Transformer,2024-01-01,2026-01-01,40,35.04931541055216,24.756353591136453,31.29496801092039,27.369738040327995,26908299.112012047,29.669826204453468,19.3512852010769,26.49796185962069,22.69878056413861,23289701.609761707,6.388279593943423,4.111780895267866,5.814787291153858,4.922813772162815,38.90942963466594,3.739764041826932,3.106037463431169,3.407187373410492,3.095006306567085,34.49818739511902
790,TSLA,Transformer,2024-01-01,2026-01-01,41,58.22715865906739,40.70478356399064,50.58706537052957,49.89100606750191,29442720.014965974,50.35895506193512,33.636088632732054,43.311547840550205,43.33416462853207,24926520.6622096,10.857924971143728,7.121174081393559,9.483805126364611,9.371041859904729,42.34996931270304,5.8727668945876825,4.546158349789115,5.384103266270126,4.947921765446503,38.11789639003831
791,TSLA,Transformer,2024-01-01,2026-01-01,42,44.36381711655076,31.850685382932568,40.133654033514816,37.41607014572011,26771625.690758724,38.04695773228975,25.88649198160548,34.31236411225152,32.30250720688631,23256325.158220243,8.196418415906786,5.486589222312434,7.519352491502832,6.994770706979154,38.755150404306754,4.584806019189762,3.683298252148768,4.270060988763689,3.75827438859526,34.18043145517175
792,TSLA,Transformer,2024-01-01,2026-01-01,43,73.48434350872643,52.13330268392743,63.06676795432747,65.10650577535444,32645913.126594964,63.11747676299503,43.10188235610055,53.59865326116539,56.013615013288174,27298894.4053193,13.599992968844706,9.117274411145113,11.724163856839668,12.096826397876123,46.76809709693088,7.600403962125378,5.857174806771977,6.885402248015134,6.730531085438458,42.07563948991741
793,TSLA,Transformer,2024-01-01,2026-01-01,44,62.18516872336534,41.12287495863994,52.67558906383152,51.260336398927954,38559123.38921844,54.82329876242372,34.44013932241966,45.779072680951984,44.96181263627175,32617560.42185464,11.864239568050564,7.308415075649376,10.0509460162929,9.745703600444973,55.45586899917242,5.918380932752703,4.466208455235949,5.396464722679351,4.957214118996329,47.45068292733329
794,TSLA,Transformer,2024-01-01,2026-01-01,45,82.71524070620575,59.91657879256852,72.13405578742183,75.51168835740324,30466713.454000253,71.68938560873949,50.03464536753513,61.66825103346024,65.17384786340864,25718444.63397817,15.468181369121751,10.590643268201072,13.497561553721772,14.075749213747002,43.82086743239117,8.319347135027098,6.589564174354559,7.765500005500657,7.768860698744481,39.358167486222136
795,TSLA,Transformer,2024-01-01,2026-01-01,46,37.956067372824215,27.667183720185545,34.810874955324124,31.551041895337377,27649976.16301078,32.34694622694941,22.03205638120922,29.67996161203576,26.79126962876217,23831137.894915875,6.969036502436916,4.675664784286477,6.511012067189452,5.807552626061406,39.98656497069576,3.987596782177974,3.34335286269975,3.724629179926613,3.3399012868325424,35.46710693326883
796,TSLA,Transformer,2024-01-01,2026-01-01,47,50.32182608261558,35.19181034152636,44.20286049076139,42.20315199028859,27019783.91467586,43.42679150504306,28.823378715994256,37.84050626830707,36.61706822382977,23391263.50985892,9.361295908211911,6.104967461696164,8.289431463859858,7.924658400024211,39.0884033060929,5.1040295527314905,4.004114582449224,4.694857744648891,4.178871344029759,34.61194288500256
797,TSLA,Transformer,2024-01-01,2026-01-01,48,62.73389118945899,44.025923099528,54.52459994824423,55.00697242676388,27024858.941412818,54.75523074300359,36.67818758895231,46.94487095325135,48.02574569927531,23424153.68449677,11.822183902788318,7.767191023022366,10.284963657100272,10.387526588188342,39.11366989579263,6.14055227030174,4.831154670909607,5.719535476983492,5.381477776117005,34.54862060704579
798,TSLA,Transformer,2024-01-01,2026-01-01,49,56.77537287026909,39.39143306463853,49.53249518949469,47.66298499857668,27887725.480924323,49.23232378886424,32.55790992055219,42.49639635534389,41.46817305718867,23972342.453365784,10.619313404334736,6.894693718085019,9.308270614283682,8.970886604434519,40.30156506383643,5.676607099757796,4.39447305524304,5.239261105887891,4.692946339821962,35.82554753045606
799,TSLA,Transformer,2024-01-01,2026-01-01,50,32.14484413327303,22.65793595681009,28.82045024935249,25.193851626352668,26033073.41049584,27.107315670216835,17.68612378013446,24.3024730093637,20.779738888025022,22706783.799139705,5.840266724994979,3.767038745410341,5.338348453168854,4.513142387420983,37.634914857991845,3.4656578304462458,2.861231885833868,3.176221066905764,2.896975942708537,33.13384114511664
800,CNQ_TO,Transformer,2022-01-01,2024-01-01,1,2.147271842267384,2.7974194642742725,2.24709628237219,2.878723563304424,14881473.564234346,1.6703467831223573,2.3179326028791105,1.810160570375696,2.4633216752931104,9996076.373512806,4.283225368513773,5.902939539223754,4.694557395641973,6.345512010872249,53.26347232395975,3.40016859399967,3.902282449828029,3.3711133696620674,3.747518149671937,83.75447337109253
801,CNQ_TO,Transformer,2022-01-01,2024-01-01,2,1.669028356238239,2.7286249920744807,1.9689287072874988,3.22335613502132,14829389.495360369,1.3900778343998148,2.1431781473613425,1.4424023713231646,2.754371575887338,9871714.423850693,3.5665593997204814,5.439211603008472,3.7144009903699,7.090200302067616,52.86118071860994,2.318506450871712,4.195561941341505,3.389520192934363,4.1910564579907685,87.03171828284363
802,CNQ_TO,Transformer,2022-01-01,2024-01-01,3,1.5464690368127751,2.1299360740494344,1.5994874622186894,2.189535994287934,14957592.513785005,1.2302361614973203,1.6834667488972406,1.2227457193822768,1.7698532290859237,9984973.85392836,3.149830720476574,4.277221143317524,3.15584029486174,4.543963749779677,52.56239842464582,2.3470624868988232,3.248226267484977,2.5997293078168187,3.241822226221578,83.5883377470063
803,CNQ_TO,Transformer,2022-01-01,2024-01-01,4,2.11969883847539,2.930288784929226,2.1917491983635227,2.928097961464058,14821475.46918081,1.7048085937872737,2.5553239090669604,1.8211856625228269,2.5902940532843406,9947697.430763,4.375495636967539,6.519711155775224,4.725264333865985,6.679344039054749,52.96397340011034,3.172072729503562,3.570464483940292,3.079393047014773,3.4277726984687584,83.07590011531208
804,CNQ_TO,Transformer,2022-01-01,2024-01-01,5,1.7446472902657932,2.3420432401694846,1.8345023969184373,2.421585230944833,14762274.90231897,1.327400844901164,1.9320271748011348,1.4187387026784355,2.051582183781027,9888464.664780492,3.3931457967223486,4.912084942704174,3.664759757715376,5.2730931322886505,53.36589263595955,2.8456345017050846,3.2859136381748164,2.936979431670661,3.219977622675616,86.55691277482843
805,CNQ_TO,Transformer,2022-01-01,2024-01-01,6,1.8022043785776645,2.3875204597520785,1.8908017002263684,2.415225903146831,14725258.583101865,1.3933831299992585,1.8147416950668336,1.4363773771232573,1.839923076300488,9919938.35404404,3.562963088132632,4.594758311813437,3.7023734575693816,4.706503542336528,53.54991434908454,2.8639765413781566,3.8547615337993535,3.1003525934920573,3.930675451610595,84.24743851927776
806,CNQ_TO,Transformer,2022-01-01,2024-01-01,7,1.769621961542121,2.4713690942689306,1.8226713238802503,2.519742951436436,15097825.89200979,1.3236208229547803,2.0565933799871225,1.3582250034059578,2.14767939684708,10034174.78724996,3.380082065680553,5.2292591944881,3.5010545298014604,5.520271552188447,52.2468773720953,2.952177863426419,3.395130973885865,3.072076862464136,3.291222607514203,83.3978390754882
807,CNQ_TO,Transformer,2022-01-01,2024-01-01,8,2.835695701752311,3.1974367824545182,3.9268748621451786,4.231344954428062,14539856.418790815,2.562297974090839,2.944934595577041,3.626128493016771,3.956327352342341,9663299.724283902,6.617831714493268,7.536394099277096,9.488135324500888,10.257982076584062,52.62882312680912,3.069591618847121,3.113530348671348,3.893120135494462,3.846396857344293,87.95297227449642
808,CNQ_TO,Transformer,2022-01-01,2024-01-01,9,1.8013303032825565,2.339785475777917,1.840521870864669,2.371387729799437,14935416.07222121,1.438554238386307,1.7575242376731308,1.42110127146294,1.7950433879320222,9950882.366409818,3.683310301692981,4.447896691004203,3.6647115377683854,4.590045382982984,51.87325716721784,2.715464157325895,3.83714599915796,2.944332648207684,3.890057970082316,82.21929672415382
809,CNQ_TO,Transformer,2022-01-01,2024-01-01,10,1.9038284433134296,2.650991904063588,3.736701990146476,5.144637582936896,14757203.910522128,1.4429772960054583,2.258015044500421,3.4124883121077376,4.796296075691104,9817097.752108552,3.6910418722474936,5.750140651063418,8.89998352553245,12.42282305795265,53.74240920626687,3.123118512362548,3.4405697592818663,3.850148090224272,4.71885824767945,94.56347988329566
810,CNQ_TO,Transformer,2022-01-01,2024-01-01,11,1.705487791049875,2.209584257814971,1.743427222229568,2.259638069805263,14641338.018530011,1.348741236837982,1.8134319816963496,1.367765748592831,1.840233096021504,9904874.129827576,3.4535112871340217,4.609690745110699,3.533100612813376,4.723704474627815,54.61016243027672,2.619665903505195,3.1350807299704826,2.7266678264227817,3.296200673436372,86.8372923578272
811,CNQ_TO,Transformer,2022-01-01,2024-01-01,12,1.6647563024056815,2.3636328549905548,1.7748468637940251,2.528428527209574,14678957.614992868,1.302168658276364,1.9855239019039923,1.4023615725683496,2.203651003779948,9862878.04047056,3.333584860230914,5.058646939639087,3.629042285202813,5.679503622688807,53.59705487282152,2.6049932879253057,3.1927532749201832,2.7470727837225173,3.114163729235552,86.06621074353045
812,CNQ_TO,Transformer,2022-01-01,2024-01-01,13,2.812207290160875,3.196549646135926,4.525623115532008,4.519784049592816,14488228.71313675,2.510271298112512,2.8960975869865804,4.160596927447759,4.20457764828396,9617658.845072549,6.484007522277632,7.410773440252869,10.89708876103697,10.906348592667667,52.92698877779245,3.2141232099033563,3.3982434824034096,4.6341763786924455,4.268902003547291,89.32006478701459
813,CNQ_TO,Transformer,2022-01-01,2024-01-01,14,2.865140029584337,4.092406844470665,3.004658169025148,4.128038213757085,14585576.93894602,2.6527815263692007,3.8389933457987016,2.8261816659628987,3.907869662302306,9887851.198141797,6.858681460451929,9.849305460324898,7.384076188627634,10.1359470992416,53.48945591394664,2.749682068544408,3.618190176535543,2.6112952964293674,3.433989344317028,80.81299879680525
814,CNQ_TO,Transformer,2022-01-01,2024-01-01,15,1.5959819141965388,1.9335488939709424,1.6091074601132875,1.98365061330948,14954159.886278078,1.3438415421227283,1.4857632215066183,1.317395790582634,1.5449661843483495,10008517.095721288,3.4539016199523376,3.760402093667297,3.407391771200253,3.95022765812749,52.48507633860865,2.167361035330236,3.0646441374164493,2.332238909819997,3.1072813324427955,81.39080187777698
815,CNQ_TO,Transformer,2022-01-01,2024-01-01,16,6.189817876833177,2.20171131700636,1.9918159684569785,6.963440302465811,14685021.339107996,5.691860779516306,1.9761062415719584,1.8020477577992355,6.493680992229364,9817126.98057786,14.766402774499008,5.055478555580371,4.697956594970261,16.87899019949142,54.95921189225741,6.306262347961453,2.449981572675832,2.153320797411292,6.566727876928034,94.05479566101528
816,CNQ_TO,Transformer,2022-01-01,2024-01-01,17,1.356914495655968,1.4317882557768618,1.3748683058049345,1.4904913128293156,14795404.964078749,1.2368340878732944,1.3177138728019395,1.2664451962104253,1.2945241135067254,9943677.288880082,3.2066276541079826,3.366294446738427,3.30722492269463,3.326821888044763,54.74596006995296,1.4588481475496269,1.3875497254548237,1.3797002916734524,1.845680398637032,89.18459467580716
817,CNQ_TO,Transformer,2022-01-01,2024-01-01,18,1.948920634034788,2.595472841690888,2.006889650022869,2.654502106119851,14903572.539687725,1.4821340757195829,2.1457831586730105,1.5383930895151778,2.253409414964727,10006026.45028265,3.792282930571101,5.457755852031189,3.975861292181092,5.794841878045838,53.32997049182101,3.1853654097220545,3.629072852384536,3.262293592149254,3.5179250382299485,83.55020041264166
818,CNQ_TO,Transformer,2022-01-01,2024-01-01,19,2.1294112403009664,2.99235954203972,2.18124021117983,3.021337460777173,15149410.458830329,1.599610048989483,2.514705825482956,1.662842922464456,2.612386007015384,10090436.63429191,4.094046983767216,6.405415727913034,4.300749272626504,6.729509008051951,51.81647093451641,3.5399828408446044,4.029271605372834,3.575718741009051,3.804998460465532,80.61737959007966
819,CNQ_TO,Transformer,2022-01-01,2024-01-01,20,1.9264418036606112,2.566590739748723,1.9676705438366784,2.5941069524064195,14783957.113718778,1.5072295690052395,2.0055043693095973,1.5027617119035377,2.060841333619153,9904490.391954567,3.8593627889227022,5.093387363943813,3.8813149701829706,5.289661862004016,52.571299161347454,3.0114270996714083,3.9927484136823272,3.2112347604477947,3.970730446029533,82.61757958212351
820,CNQ_TO,Transformer,2022-01-01,2024-01-01,21,1.9717143512666533,2.6063664390197334,2.3626527053522417,2.956657275213517,14938427.1990231,1.4867946564097725,2.103862497195974,1.9001970617521025,2.5473730720239938,9899559.898521349,3.802533886159512,5.347992890869593,4.926172971857225,6.561127714156141,52.52313903662801,3.2562429678677938,3.8230712143898766,3.5475485015543247,3.7605036778097767,87.32445163869008
821,CNQ_TO,Transformer,2022-01-01,2024-01-01,22,1.8218632316356256,2.511466722994176,1.8869398676917024,2.553383925780013,14952024.55090208,1.3453439296650358,2.092986850570998,1.3918893978211977,2.149392329115159,9963576.04963264,3.4327851343613465,5.3149413102176375,3.583006780397416,5.515926820254074,52.211397018956,3.0888829952662773,3.4298892660377533,3.222234030752744,3.4381905146480727,82.79350997126535
822,CNQ_TO,Transformer,2022-01-01,2024-01-01,23,2.3616414152725933,3.4063645259266586,2.526426710016076,3.554288525921562,14695805.766014649,2.037283303481161,3.0895458655450048,2.281905107359695,3.2817304628179897,9914295.924352288,5.24727665572463,7.903838248412917,5.945330694690841,8.490465104184237,53.02248657787608,3.0100537671395844,3.593200004680168,2.737461630942866,3.454865243189265,80.68136110129986
823,CNQ_TO,Transformer,2022-01-01,2024-01-01,24,2.331211942981229,2.1261403366036125,2.2950438906047563,1.8917347237163848,15488149.08518621,1.8456859516238115,1.683698831190392,1.847576695268281,1.6419153512113251,10329427.905502908,4.8408004279320345,4.36862680976702,4.895952774351755,4.293067273695437,53.12980203123618,3.780720354139234,3.4040172748396,3.643579688322908,2.5110205298465407,80.61714112951778
824,CNQ_TO,Transformer,2022-01-01,2024-01-01,25,2.647201106602394,2.7325973518714424,2.657269610080398,2.4790478573726817,15116953.694529772,2.090211348051626,2.231148513991403,2.163313556630966,2.176608782621547,10130317.21730322,5.477968035833838,5.782017205900766,5.724223245411637,5.687485077895877,54.768328498985184,4.308666418985715,4.139953071953124,4.130408337601361,3.1701494874581697,87.94526642202804
825,CNQ_TO,Transformer,2022-01-01,2024-01-01,26,1.9178526021646547,2.214798622922628,2.479169614368044,2.737691962766465,14540429.459807403,1.625617328594512,1.9033471030607727,1.954191624451228,2.194664160954072,9672834.97760192,4.177584420788154,4.845245258999179,5.085255518237468,5.653313727870761,52.38357402794611,2.558683678672472,2.805979563869151,3.9019250083773582,4.156193814297002,86.84900009670713
826,CNQ_TO,Transformer,2022-01-01,2024-01-01,27,1.0870072368885515,0.8510680907559969,1.0780777479211348,0.96086817200644,15361303.248350175,0.918591557584908,0.7248054942011192,0.9647807372504792,0.8033971676630794,10310405.971292105,2.398452670109988,1.8521051309713328,2.536628321767189,2.0608883257570723,54.119389591188416,1.5541875470456383,1.1216442543189982,1.294567180700944,1.314316669813592,81.75677261000223
827,CNQ_TO,Transformer,2022-01-01,2024-01-01,28,1.39910332052136,1.1365771609761333,1.4838165469073077,1.0521735536757246,15340650.516353505,1.133548427177246,0.9549101900133972,1.2397958639986872,0.9560385865014036,10265440.08390802,2.9751448014684425,2.472515021599277,3.285484431209191,2.486472309870087,54.018979447603456,2.204258522476509,1.6393602764145525,2.212776039222994,1.1721778022680334,83.76302139978105
828,CNQ_TO,Transformer,2022-01-01,2024-01-01,29,1.7172833180729732,2.211184352237177,1.7876586000589754,2.24575905746372,15052544.89567444,1.3746385179575926,1.6719603775432426,1.406806825312067,1.713567478960255,10079728.167637955,3.522049380039613,4.234233507977878,3.631837138388834,4.384874226720681,53.69791974092636,2.577987109310244,3.593814172067241,2.771630215647656,3.6441717880664486,85.2100738043924
829,CNQ_TO,Transformer,2022-01-01,2024-01-01,30,2.846587285000158,2.7174145489392814,2.8306418865346488,2.41630164219388,15427132.371982552,2.30155621782813,2.1787044782400016,2.281845520612937,1.9745729484040384,10304859.11208862,6.032672968369422,5.655425758077605,6.047186249516325,5.180979957854371,53.99312247500756,4.448770900550543,4.257926341403544,4.480333880887842,3.698970958856816,84.08391792712926
830,CNQ_TO,Transformer,2022-01-01,2024-01-01,31,1.7472264820320154,1.9450019624505936,1.7409689480241437,1.9573892725760644,15113179.74044878,1.5556358471065272,1.606935200230212,1.5471387906193617,1.5853033103260443,10030058.216064382,4.016591896745047,4.077798580825144,4.0216260163325215,4.05618791655048,51.78583177033518,2.032501775286198,2.716780987110673,2.024330937705692,2.867067847874276,82.68069562409464
831,CNQ_TO,Transformer,2022-01-01,2024-01-01,32,1.972990590291393,2.650697491614837,1.998650108212899,2.6667733634002886,14801355.182596115,1.591214179372616,2.0688223366522505,1.6070849580698017,2.0845318271326283,9929954.07787906,4.078413072989178,5.254585749931561,4.1553124315999925,5.349152237699044,52.84960647377724,2.924675222779004,4.127868981366725,2.9917325079295813,4.195961827537428,83.09255210056757
832,CNQ_TO,Transformer,2022-01-01,2024-01-01,33,1.832458450255508,1.613990075326368,1.846895961212034,1.4997311453840123,15285927.463866038,1.4520460940595363,1.366265095785249,1.5605814768415944,1.3922580089413017,10243128.137477608,3.806131383050364,3.5322361890417486,4.123997679181397,3.621857637199061,54.02645421325244,2.9730117569893,2.2633496898638974,2.6583570865869097,1.4965050673552356,83.24129159235905
833,CNQ_TO,Transformer,2022-01-01,2024-01-01,34,2.161010724783278,2.4644347571098937,2.1455708069328896,2.443940707301804,14837503.591059538,1.8393531321296408,2.1214870712766354,1.857645448386132,2.089762080987968,9965934.700442884,4.734082760893355,5.398490857031749,4.8197661018032045,5.365917046408804,53.525964920983135,2.8891350791419104,3.132051908444042,2.730534929202845,3.1653247184990887,85.04779036047717
834,CNQ_TO,Transformer,2022-01-01,2024-01-01,35,2.107390622345356,2.880195915092218,2.1534693522736914,2.875874558101005,14959873.203119935,1.590461731772065,2.3392202471028174,1.6186128425011703,2.3879388903190786,10003570.75312947,4.068114267427374,5.948208483042708,4.180064151626606,6.138710234081033,52.15012906509244,3.47830692039517,4.178355830627647,3.597326560832663,4.023471446131726,80.71408065748376
835,CNQ_TO,Transformer,2022-01-01,2024-01-01,36,1.6447962961081588,1.892179799092486,1.6789518566642003,1.9359948660074928,14893796.00002454,1.4487436183238775,1.5629238897283606,1.4756705836251318,1.5353291314280062,9966768.22471269,3.7323480213509614,3.963247422720367,3.828331584549876,3.924150377070183,53.46488119951886,1.966881410642004,2.63800618324301,2.013745029156375,2.948374782327806,85.82481584788076
836,CNQ_TO,Transformer,2022-01-01,2024-01-01,37,1.604566643059343,1.9161049679356843,1.6392259349771858,1.9693541700786727,14920080.002234872,1.369277071248929,1.4884626111445871,1.3662026248461656,1.5162460631993488,9962209.547591716,3.519667435320176,3.765153816820874,3.5338679006511207,3.8706826136321135,52.89466387003717,2.100910103563613,2.9917251991248643,2.279834424947574,3.142476786423451,84.72996523907345
837,CNQ_TO,Transformer,2022-01-01,2024-01-01,38,2.336546074664807,3.238414717919366,2.3844311920417893,3.1938981948646923,14821227.87186305,1.8870635093291863,2.8472055346035683,1.9801836044891417,2.813011207414839,9914576.68959982,4.843828909567224,7.263963342551731,5.13905290658575,7.254332385178015,51.903063053960544,3.468373641167357,3.8307955476816167,3.3560286505036743,3.799547518187494,80.82469891546037
838,CNQ_TO,Transformer,2022-01-01,2024-01-01,39,2.327256202748552,3.257681672231884,2.359638681601637,3.2509523657192325,14896139.911198337,1.82943456248034,2.771324607299054,1.8875933227613035,2.827147697475056,9952790.309768263,4.695548125135575,7.070043235993541,4.896407230240541,7.292446722824525,52.42250494650238,3.632831243873498,4.282988065184003,3.597563534305993,4.054115167468384,82.51700372154936
839,CNQ_TO,Transformer,2022-01-01,2024-01-01,40,1.9823780690089257,2.8215404034916096,2.0274013837504583,2.81423609750785,14943867.716043292,1.530185591050171,2.360829668418256,1.592556888419416,2.426285797729129,10052582.369729487,3.925377286128086,6.0233852313768175,4.129818007249466,6.258695115404461,52.89246782246582,3.1775316066816988,3.8613865141983608,3.180498749770292,3.595491166508597,80.72061159416191
840,CNQ_TO,Transformer,2022-01-01,2024-01-01,41,1.8651974481694784,2.419841030304124,1.9121927099268845,2.4479492356903645,14942778.871961225,1.4883173595046322,1.8408909439729533,1.506892944884609,1.871356096187122,9970804.8748172,3.8113593908480334,4.6632311665749695,3.88947590905629,4.789549164068766,52.38366709538369,2.815778675652646,3.90299896516329,2.9611951544328283,3.96564029020816,83.21743742972109
841,CNQ_TO,Transformer,2022-01-01,2024-01-01,42,1.991556030245048,2.746464344643512,2.0412840112418293,2.8033402710402697,14990420.884173067,1.521455521619769,2.32282718089376,1.591615910243464,2.438884148538717,9998863.149899658,3.8926485493008887,5.914099317935007,4.115241868463905,6.2791495388955845,52.14425885183378,3.230678314413795,3.630027603362244,3.2260497912888737,3.451085530483733,82.09221408422667
842,CNQ_TO,Transformer,2022-01-01,2024-01-01,43,2.143662209730268,3.0943014525116808,2.1992402985851536,3.028912697752786,15078617.062822018,1.6470937312670464,2.6158810005426045,1.718972745477102,2.613556390951667,10062924.874428911,4.222999488113175,6.673170090919983,4.455882703899941,6.73964265419442,52.007690031434805,3.4585953790859074,4.12453830089283,3.4797085375990133,3.856398804672441,80.68708312367886
843,CNQ_TO,Transformer,2022-01-01,2024-01-01,44,1.986262715135736,2.614396452282917,1.994918620145882,2.623648264471317,14841490.313393291,1.6286156227563393,2.1377794240661965,1.6181504385763703,2.1289186320436126,9946338.631464291,4.178821491900974,5.4407686821847285,4.188316396519468,5.473038337674583,53.330542932491184,2.8524862975299223,3.755300498209545,2.945459614068364,3.874959110361541,85.87327531740556
844,CNQ_TO,Transformer,2022-01-01,2024-01-01,45,1.7955669892767978,2.2817116559980257,1.7968363197295187,2.3148346555531707,14713126.088308197,1.480487472893247,1.8698674893846847,1.4674165972334692,1.886374543556888,9888200.85612086,3.794863733160429,4.748380425256554,3.791366376027288,4.838425082148758,53.72542949395397,2.5450507691077253,3.239551357893867,2.605746687208144,3.363089356080952,86.76559399411417
845,CNQ_TO,Transformer,2022-01-01,2024-01-01,46,1.759259909703445,2.288966424303594,1.808380186707789,2.369286145761396,14681876.819278024,1.3478539652183728,1.6998025933086176,1.347915125352343,1.8090296778034003,9876126.87200402,3.443513327801642,4.295957774431143,3.4697811745763176,4.623303608636837,52.80631715578161,2.834242439816815,3.812940524894494,3.041816974729055,3.83897463124503,81.96308319665127
846,CNQ_TO,Transformer,2022-01-01,2024-01-01,47,1.695426963779436,2.1922801678533954,1.7342602781680216,2.2648574705401656,14740388.99355999,1.3049592505999752,1.678955003240561,1.292476596690735,1.7572808087548035,9914169.202613505,3.33528212833639,4.252767345051722,3.328650324203882,4.498238223596376,53.89171121613363,2.7135749010961643,3.504470911496107,2.919476746446068,3.5907308193411063,86.55362622801641
847,CNQ_TO,Transformer,2022-01-01,2024-01-01,48,1.9043685418698129,2.564360967131784,1.955763735365427,2.618901384378257,15035153.280756837,1.412873069703917,2.0205612116081224,1.403895052057561,2.124154075288309,10017886.07192216,3.6065073815239295,5.124698379422158,3.612696332198731,5.447981905756183,51.86033303219987,3.207189682998701,3.9162697053930793,3.4459412907118923,3.833870934288498,81.22079660484519
848,CNQ_TO,Transformer,2022-01-01,2024-01-01,49,1.7796908558303863,2.2791806756781194,1.8220085275315665,2.332677106255163,14975605.988018977,1.4140658277707945,1.7029511088758151,1.4148857757420896,1.7532782632265742,9933556.66086046,3.618669852007507,4.303389738715167,3.6461638129217966,4.476446584178933,51.72368842996408,2.710484404992032,3.765789368013552,2.8921772366533136,3.8616599559457487,82.72314765129315
849,CNQ_TO,Transformer,2022-01-01,2024-01-01,50,2.142497123327888,3.4112714636082493,1.8897485165676493,3.503198621755876,14717821.444817103,1.822470211433467,3.0754738423439845,1.6212790021708656,3.2198765497983035,9850862.03898516,4.695028579228031,7.876685852449373,4.214150314118501,8.33810155604318,53.80143520148898,2.845971149218116,3.72442336221548,2.45224040370955,3.517958646539833,86.79371732020842
850,CNQ_TO,Transformer,2022-09-01,2024-09-01,1,1.707520905628206,2.096502309413301,2.1482327589577515,2.1410409789438702,8754822.570700172,1.331657783320039,1.8546238668202617,1.8481372351271568,1.8966637840510776,8103291.767911485,3.0859248730269027,4.218791811008046,4.308438038841215,4.361584784529389,154.55330674171984,2.5819380000206507,2.3165749775625657,2.684507489076825,2.3991914592305315,113.57718346566456
851,CNQ_TO,Transformer,2022-09-01,2024-09-01,2,1.5414096377025843,1.820409558363569,1.93813900080368,1.8788345017603016,8285611.306437138,1.1109189228210994,1.4430042039166795,1.473385269981576,1.500199491851485,7700987.932456745,2.585172178935733,3.3048393263148275,3.46302500243554,3.473456899921379,144.45675086482368,2.57733270263092,2.6066305708939144,3.046324289316048,2.706277457832655,106.0776304689395
852,CNQ_TO,Transformer,2022-09-01,2024-09-01,3,2.947511531141992,3.3441460867511745,3.395467715711751,3.35963660945944,7497993.576542233,2.662648821700075,3.1110870898441325,3.155982628690912,3.128567186103777,6788420.640916667,6.079578054178266,7.017492198218012,7.275806624774751,7.132089639820317,115.8754975700462,2.990302579553105,2.8230187356892182,2.994698525546864,2.869915745306138,85.11045331735623
853,CNQ_TO,Transformer,2022-09-01,2024-09-01,4,2.2363510101894217,2.7315047431488915,2.723597660518578,2.7867624077378546,8329474.559789359,1.985304110918584,2.52593385420454,2.513237544486545,2.578643544872876,7691775.11792076,4.546611823046279,5.706522339856841,5.807421181759936,5.886804833759331,147.89291919670907,2.463336520216809,2.403901791729699,2.535576508023293,2.485325791572391,108.6921734394269
854,CNQ_TO,Transformer,2022-09-01,2024-09-01,5,1.8044262395576127,2.2599909053824963,2.258674800566318,2.278712080924129,8033559.186443282,1.5440445803994294,2.0738153559006016,2.048798634460036,2.089640880362305,7454065.574853721,3.5526864103589144,4.697897777552457,4.751584501261331,4.785462817790711,142.4515434456066,2.262685065122316,2.110576102793074,2.3332016287506785,2.178083063537342,104.51700612508496
855,CNQ_TO,Transformer,2022-09-01,2024-09-01,6,1.712870845195215,2.1404168070396703,2.1419170016384648,2.1777475067305656,8170886.771075562,1.403413396489872,1.936261137592522,1.8897543461186888,1.9685800286140105,7589732.205824419,3.241710064006716,4.395957206751875,4.396429120892432,4.518406324407695,144.02930665531707,2.3820442637018373,2.1608351774742367,2.478426847687818,2.248695369308028,105.67172480404628
856,CNQ_TO,Transformer,2022-09-01,2024-09-01,7,1.5226820455729233,1.835596153392628,1.8912650111315743,1.8683893857356435,8734318.041496782,1.0914442510199942,1.4894939548433963,1.4495612092019283,1.520920725626536,8069096.493447335,2.541386516093901,3.407722629620721,3.405907735193402,3.518447704879673,154.9958452784112,2.5591026064486995,2.521970284245228,2.940687808549148,2.599967138024581,114.4321346463626
857,CNQ_TO,Transformer,2022-09-01,2024-09-01,8,1.477258701413166,1.7883727597594767,1.85900846121782,1.809620416697844,8347424.042830739,1.0531937236798528,1.475212260193794,1.4684091422059145,1.4924304604765106,7746730.963302283,2.453129094403033,3.371409528061796,3.443522478988588,3.4494090092278515,147.30398418754118,2.495741342523285,2.3790620942212617,2.767056803827685,2.453011895494722,108.33979250520215
858,CNQ_TO,Transformer,2022-09-01,2024-09-01,9,1.5742189092664085,1.9527583410020617,1.9797687357422693,1.957035814928065,8351169.032502349,1.1742164872561982,1.691812928942983,1.6373138581710447,1.6750758368641112,7743533.185534467,2.7296979507827905,3.855761964485213,3.829232391697985,3.8632195327565886,148.52439752703083,2.5272026977805906,2.306086113437918,2.7130805254662262,2.433053610854461,109.43489942161382
859,CNQ_TO,Transformer,2022-09-01,2024-09-01,10,1.546109289183862,1.9002570450795109,1.9552421895016667,1.916421423975601,8635638.690013006,1.1181294905267856,1.6097960881127678,1.578624771839579,1.6066673206841895,7993444.7024527695,2.6032691051911274,3.6736866986703904,3.697334966561646,3.71001908418002,153.1160652014428,2.572262418780037,2.3835362952861727,2.806357286138061,2.507435943898932,112.78905482692456
860,CNQ_TO,Transformer,2022-09-01,2024-09-01,11,1.1696157749979512,1.2595502545617816,1.3682764334653514,1.2909668874446694,7975143.566131192,0.9373750571869672,0.9756878654323424,1.0693356970844434,0.996345111522284,7434390.11243681,2.1549356571797564,2.231770102877092,2.5021259466388748,2.304887957135274,139.17822633517915,1.6864956156403008,1.8713030332939675,2.08046993276187,1.962629828205596,101.76310949031289
861,CNQ_TO,Transformer,2022-09-01,2024-09-01,12,2.3857734650317144,2.829651585048976,2.874237885780086,2.879670223002121,7412060.498130954,2.134243946796893,2.6265928096923035,2.658978010914738,2.673521656051235,6904186.690603268,4.886418504564729,5.935151080699738,6.144002094735381,6.105400958874701,127.09780258160784,2.5547625589328096,2.444544202160551,2.641127298621447,2.529919135485092,93.41985677621771
862,CNQ_TO,Transformer,2022-09-01,2024-09-01,13,2.523239302897588,2.998493157134093,3.048373924966408,3.0753446405312856,7850804.861922082,2.268685340861869,2.7854410302869934,2.828364388482719,2.8592422399510933,7327478.535201091,5.1882947338585215,6.28928394221133,6.52837271097204,6.523455878650192,134.97275724172343,2.626180494476764,2.559358942798164,2.72676613218754,2.654308945839639,98.63027952345186
863,CNQ_TO,Transformer,2022-09-01,2024-09-01,14,2.5036204972400533,2.890716554761621,2.976120283111172,2.9142733104365104,7308171.198989766,2.231154622241334,2.6816733703484945,2.7475465858325623,2.702956483346844,6615113.83589445,5.110153444423804,6.061519134129098,6.350299772323893,6.175674690768642,112.0063350078745,2.7313517292807266,2.5243041604633616,2.783061297353653,2.598260049473537,81.13487119521993
864,CNQ_TO,Transformer,2022-09-01,2024-09-01,15,2.561653077476476,2.993992124277723,3.0734089335187846,2.9964079936775008,7323561.142101011,2.3008466167543475,2.794668748213592,2.851243241945141,2.7936731341058407,6644523.355201745,5.272778637790331,6.319252169549855,6.593192967084782,6.38637222432782,112.75017074346164,2.722195189922454,2.5261473355342536,2.806396434381269,2.600412846314578,81.43809664807384
865,CNQ_TO,Transformer,2022-09-01,2024-09-01,16,1.245542371755891,1.5942314624208835,1.6763809942584735,1.6051940481423292,8026351.113192543,0.9323890840929228,1.3446377523046555,1.392626820277325,1.3454019934555128,7479265.193541527,2.1641163182691643,3.066093903776438,3.252878787231022,3.103109222029864,140.7474915925632,1.997448232615201,2.0056342191623444,2.268356406003452,2.0877807035814744,103.08755147361832
866,CNQ_TO,Transformer,2022-09-01,2024-09-01,17,1.4084739706349942,1.3618615157864884,1.5021775638970616,1.4095416742382891,8233055.65085037,1.2189330109822687,1.148495029064989,1.3109774021284943,1.192582224845315,7660313.508616407,2.7788873281328264,2.606210655549245,3.038690920288784,2.7342754622171253,143.3128909443727,1.6528796335649698,1.7050744576767494,1.7800468961174754,1.7765358856872329,105.1289202136672
867,CNQ_TO,Transformer,2022-09-01,2024-09-01,18,2.3973742352133827,2.801955441239859,2.8441931736174184,2.807755607732876,7520653.67536711,2.147218886563159,2.602098229122132,2.6330903807875066,2.607712004747431,6807455.132553805,4.914258571369098,5.879453365220104,6.083427402792407,5.956138529129917,115.86623825109535,2.550630243103483,2.4136948110944605,2.60220279864704,2.466262262651581,84.53364839473633
868,CNQ_TO,Transformer,2022-09-01,2024-09-01,19,2.2876588843904617,2.668239100241843,2.762243286642582,2.659361836500074,7308619.73015686,2.033980596719718,2.478755614863556,2.548982206681807,2.4660268147375835,6622394.607506546,4.666744006678566,5.610393538547947,5.900667248635825,5.643714809435056,111.98975467525688,2.538271739407763,2.330575401617342,2.6134963395318183,2.3992365677546763,80.45534461920339
869,CNQ_TO,Transformer,2022-09-01,2024-09-01,20,1.310311205229827,1.333018469658765,1.4693001901032725,1.3687466027947124,8152916.10024842,1.0961140067870003,1.0734080679799705,1.1887526254424872,1.0825018198043113,7596361.827969753,2.511587367230093,2.44779584793267,2.7716875191654844,2.4954239352219028,142.83994776227132,1.7192730338411448,1.8577414928495224,2.0999920863911585,1.9958511114156368,104.36634723956202
870,CNQ_TO,Transformer,2022-09-01,2024-09-01,21,2.819240111305688,3.241605730107338,3.312904197090651,3.2555931268692584,7304562.227885568,2.556586023580551,3.0303132617356874,3.085560099139038,3.0442848151090525,6598355.76945029,5.847306465520799,6.84373459440978,7.124280683728309,6.949476162256736,111.18362681333949,2.8462108132033883,2.680321981214615,2.9205200457835647,2.7401320864827383,80.12945953243097
871,CNQ_TO,Transformer,2022-09-01,2024-09-01,22,3.791182772482432,4.28249352536323,4.305586267548535,4.326264421205358,7710589.618522724,3.4578359636035194,3.981661416399906,4.0102842189880175,4.028086950254804,6995718.674441289,7.87298871786995,8.962788105941986,9.221435400178034,9.16186830393654,120.83555114931536,3.595037999710492,3.560368971478626,3.650167138151015,3.616726645774329,89.3130057260071
872,CNQ_TO,Transformer,2022-09-01,2024-09-01,23,1.7101452587628228,1.6243056850249455,1.7656290212160188,1.7290466788371353,7380072.545126633,1.477590659301988,1.453105183773448,1.599058247599274,1.5609289888567668,6743073.252898953,3.3557638424617022,3.2798313141134563,3.687258787298025,3.555522747344688,115.14900660052822,1.964287391341404,1.6574737533258308,1.7788855963142816,1.7120509382163125,82.09613630420188
873,CNQ_TO,Transformer,2022-09-01,2024-09-01,24,2.962468403276488,3.3794472556791044,3.4029257609575643,3.3730057901536394,7518854.206202059,2.699751594670784,3.159484123755023,3.17778634104256,3.155536687061026,6793933.063905982,6.164323226213505,7.127601635385774,7.327826972720482,7.195473900841185,115.1593794566986,2.885077964647458,2.7589734930063003,2.911558021919383,2.794621540402167,83.88270846069062
874,CNQ_TO,Transformer,2022-09-01,2024-09-01,25,1.6998779516342843,2.170239789814623,2.1842960127379536,2.2123876723894496,9119724.59483574,1.3050503654023864,1.9305558354522911,1.8751480544272616,1.9657207485977723,8376627.03217378,3.0282654470660684,4.390714841231871,4.373106497120107,4.520187507055688,162.6281482043565,2.6294470867986703,2.352183736110646,2.745637990477549,2.453839580031977,120.4782191525431
875,CNQ_TO,Transformer,2022-09-01,2024-09-01,26,2.448163506320098,2.848665329389417,2.905468747145072,2.860610483723492,7357026.334637068,2.211033576809742,2.6607212044797874,2.709381565206398,2.673662106858574,6643690.233553586,5.057800786504867,6.009848670897367,6.256226130420453,6.104155556189946,112.21495776068016,2.51548513491222,2.36423016591088,2.541337273311348,2.4112511266492165,81.48506601732895
876,CNQ_TO,Transformer,2022-09-01,2024-09-01,27,2.8637458297527703,3.288111669559364,3.340065849554429,3.287000033652354,7420765.020688705,2.599909160164023,3.069014052563996,3.115104326097777,3.070931882771816,6702437.412083051,5.9373760762021766,6.923955614019257,7.182908518625975,7.0025765760738805,113.53382795091125,2.8419445358958297,2.715755253636078,2.8814480297518177,2.748696611497325,82.66139269399147
877,CNQ_TO,Transformer,2022-09-01,2024-09-01,28,1.768551977410161,2.192954556264861,2.252517242227889,2.2490165832750244,8509760.326628527,1.4807817359619473,1.9996334259203363,2.0243113690248773,2.053205065236222,7858225.956744796,3.415726984804626,4.537264542767124,4.702272969182329,4.708885955576933,151.40577104735823,2.349132595560268,2.133771422982317,2.4337949601103914,2.218054580609509,111.8438973688116
878,CNQ_TO,Transformer,2022-09-01,2024-09-01,29,1.326799168136939,1.4032324299081012,1.5368484492387913,1.4411158159935813,7698697.862829544,1.0916318366604278,1.1048065070654154,1.2144146455842135,1.1450320284711504,7183165.134108275,2.5073080326123165,2.5244735915557275,2.8386781736715294,2.642235620413348,132.86470200341037,1.8137166312139856,2.032497987517279,2.28912446244502,2.090623336737612,96.81788969866122
879,CNQ_TO,Transformer,2022-09-01,2024-09-01,30,2.3891344064453333,2.7399105162933752,2.858148714741958,2.766167227790389,7242096.153025656,2.076608794346972,2.507127960263744,2.581492136133832,2.521845953978733,6578847.719799875,4.77884417531146,5.687553136058252,5.993264499732688,5.785153479074676,111.00967183598183,2.874830387909911,2.629921733370093,3.023236852049952,2.755767481428472,78.90540151983127
880,CNQ_TO,Transformer,2022-09-01,2024-09-01,31,2.335883701970257,2.781796021044596,2.8088083224221574,2.8240680439193864,7751949.01822188,2.049727292283733,2.530038296623256,2.565736559326913,2.5694791813313262,7227438.351035013,4.680638004920181,5.70700127271179,5.914588675932598,5.856538153486194,134.16721956588685,2.616163004208032,2.624817121589908,2.688957714386209,2.6995130562127474,98.07714472102364
881,CNQ_TO,Transformer,2022-09-01,2024-09-01,32,1.4923133416332066,1.3922943979896496,1.5376199484954216,1.4483150286058717,8305576.657448422,1.2838511396988674,1.209153048403787,1.3657710313516078,1.2604037596968676,7729601.613299565,2.918727884674462,2.73627459678938,3.156610452501893,2.881575779549517,142.56955890094267,1.751183125302331,1.5958360638961662,1.6980058180107152,1.6729280997052816,104.17381191837488
882,CNQ_TO,Transformer,2022-09-01,2024-09-01,33,3.2449185305530843,3.626029109365398,3.702587838292828,3.646693194771443,7216779.469006426,2.899258716455744,3.354966908526139,3.396343871237017,3.368949825585088,6547688.223613291,6.64179223467673,7.585366262016638,7.854696032286306,7.700014873806045,110.68012038626516,3.507009537033174,3.2311360728472835,3.5917053077950185,3.33873965519628,79.53556360489266
883,CNQ_TO,Transformer,2022-09-01,2024-09-01,34,2.0263575545727246,2.470306323708813,2.5193573091297785,2.557521476313511,7594603.679978432,1.786099724423523,2.282941663897224,2.31499580100508,2.365580455407193,6926595.31043933,4.097851509344437,5.165607742161815,5.3578561504390905,5.409185452650333,119.80891664487515,2.3073803237192165,2.205448039151982,2.420831974055113,2.3133282004429283,87.60423642740678
884,CNQ_TO,Transformer,2022-09-01,2024-09-01,35,2.299214063242238,2.73594448456156,2.81112407827599,2.778846815466697,7410093.821052648,2.058574293361632,2.5463173658070746,2.607335755006699,2.587515885489113,6905642.608526764,4.716408512325914,5.756857108199815,6.02749071445712,5.912656343369602,126.26281559260872,2.4638847751524144,2.335451277170294,2.554748561926037,2.4103597847871163,92.52635790416127
885,CNQ_TO,Transformer,2022-09-01,2024-09-01,36,2.7721984461316382,3.249213268980478,3.33950003393399,3.403188535616845,7750324.032199903,2.505761530042066,3.0199616858829588,3.104839809091546,3.1645902068105727,7213739.651405583,5.723032388938646,6.812756805604465,7.157521397609451,7.211648304155317,135.23592686617974,2.8010728046795363,2.7482633289515124,2.923597355756673,2.9087194876366347,99.65356121594516
886,CNQ_TO,Transformer,2022-09-01,2024-09-01,37,3.312391886587152,3.7686593409264058,3.788205060038324,3.823360860990611,7593747.171521682,3.0097180434904924,3.501142714474208,3.524900337653865,3.555436801425986,7050721.15318211,6.8596147343626095,7.8873690400522625,8.113659087988026,8.093283734324434,126.7958616151538,3.2208279067638275,3.1646575767177123,3.258542909355629,3.239348139457935,92.99982357624678
887,CNQ_TO,Transformer,2022-09-01,2024-09-01,38,1.8198455047436413,2.247393561411681,2.2740749825165345,2.2895506743229204,8335252.858608004,1.5068002912405634,2.0379624372985994,2.013569100756184,2.073875509725581,7740366.6665575905,3.478369392938293,4.626197663881051,4.683156857118067,4.75949112489408,147.0379151685155,2.477184500865005,2.247050165814884,2.5998386059967777,2.345487527265553,107.7085059583784
888,CNQ_TO,Transformer,2022-09-01,2024-09-01,39,3.004947757668422,3.373670407381817,3.4586503656780034,3.391565836922984,7105396.242569296,2.6894556141984234,3.130216822133389,3.185132936544331,3.1441603230092228,6420154.333312963,6.160326717697183,7.0765919937206725,7.364667090564205,7.185426942869468,107.57298472394692,3.2269099486806465,2.954884442460774,3.286382986175456,3.042859954672718,76.98678696021373
889,CNQ_TO,Transformer,2022-09-01,2024-09-01,40,1.4616277017556651,1.772198167688509,1.855225767919584,1.841423576733786,8920722.020328166,1.0406823833925145,1.4272244034500794,1.4232307202056025,1.506110437993597,8250360.463268026,2.423067388257792,3.2661155018433057,3.343432828937793,3.482713668042702,158.48810386178516,2.476782512839014,2.469287855114894,2.8826672452356323,2.539302332522022,116.8451949255218
890,CNQ_TO,Transformer,2022-09-01,2024-09-01,41,2.629028175317595,3.101684201742537,3.1269634878489647,3.157917255071156,7800724.571222569,2.359204391139694,2.8689437199022603,2.8932847342137182,2.922028667090937,7270549.394173358,5.390035196623284,6.473679863621364,6.673446172479711,6.662511066286672,136.57450565306334,2.7361733170620592,2.698826249373437,2.82137216609355,2.7851400618294377,100.10728020723664
891,CNQ_TO,Transformer,2022-09-01,2024-09-01,42,2.1693547349492484,2.5819460609565588,2.636046017956585,2.60675722469549,7645739.285673559,1.9224708580478187,2.3873023355591774,2.4277730597493066,2.4096975562833385,6971930.658236493,4.405322829026213,5.398325761527588,5.613978875396942,5.507914731399043,120.28890722048811,2.411958259021269,2.2900419933392504,2.491144055494116,2.360285381472741,87.57656824590487
892,CNQ_TO,Transformer,2022-09-01,2024-09-01,43,2.213690731731224,2.603710129038343,2.6929471828787537,2.6262862293934472,7526515.204311168,1.9702122716071049,2.408827871087109,2.4883894286411765,2.4288771626212684,6811188.116619905,4.509830117055638,5.4435529780889125,5.748249928480279,5.548252125313467,115.7628545882745,2.410634036536942,2.290874268605347,2.483009557029769,2.3602635508210024,84.3969525623733
893,CNQ_TO,Transformer,2022-09-01,2024-09-01,44,1.2987056758043334,1.3395849763126029,1.4680668346959622,1.3689627300165907,8340862.390757736,1.072402805595293,1.0747958984384247,1.1688476215250476,1.0817855565712848,7758124.061229483,2.4603691703049315,2.453241592376212,2.729729036473583,2.497439856330543,146.69345147373974,1.7575701146671234,1.8817433673490591,2.160766833551281,2.006267197746554,107.51889645628272
894,CNQ_TO,Transformer,2022-09-01,2024-09-01,45,2.7128278752086707,3.281776011739454,3.294997721665728,3.3128047280805544,7497385.854464859,2.453254782415421,3.0574854346473623,3.067078590212025,3.0888779630966696,6948435.412454981,5.606280455894144,6.8985396454044725,7.0739163636234,7.043379451356578,123.73106864448984,2.745963413397535,2.73882568592232,2.875742506000727,2.798785601795295,90.56623996900852
895,CNQ_TO,Transformer,2022-09-01,2024-09-01,46,2.370082292121161,2.809155101848016,2.828405285159467,2.837456372965761,7607719.436875736,2.1180188546917766,2.601338908672494,2.614289219594977,2.6289321450482053,7097474.140129123,4.84630213638905,5.876129463787903,6.038437408605611,6.001759593355701,129.45802307423017,2.53336162589456,2.4490554632862382,2.598355775807584,2.510793164718836,94.49889511213128
896,CNQ_TO,Transformer,2022-09-01,2024-09-01,47,2.630087281071793,3.029783404796749,3.1019604104093,3.075151316201067,7431466.429523904,2.36577083373022,2.810452656281789,2.874264344025074,2.854773260634401,6715750.227652767,5.406227593671633,6.343915076830388,6.631538523450383,6.512434273184048,113.61131410991408,2.723057571420032,2.6068556585898266,2.791437158452801,2.6805123692291377,82.23932966845825
897,CNQ_TO,Transformer,2022-09-01,2024-09-01,48,2.7258131929306217,3.151724228985282,3.239291273775026,3.1630353839382,7157114.282119059,2.3679952241695843,2.883969071792337,2.927750637525327,2.8850610783682527,6522958.167768124,5.442477239366152,6.5335762780808455,6.7876427139028,6.608681159161719,110.9327869531964,3.263898197177981,3.005526438302707,3.394645993177175,3.120561447062344,79.60204014174059
898,CNQ_TO,Transformer,2022-09-01,2024-09-01,49,2.667872745087972,3.0831581723151795,3.141543650638021,3.072568577695161,7651555.836163383,2.3997915964769723,2.859656708436489,2.911179835866137,2.850799379527459,6942721.638907063,5.482689559848787,6.453645743389077,6.715118968040159,6.503114947151483,119.21840097517747,2.757290152321332,2.650083899296986,2.8200940443123144,2.685763247631276,87.28297210409055
899,CNQ_TO,Transformer,2022-09-01,2024-09-01,50,1.4824868306704928,1.4023023438820554,1.5453926898096806,1.4583536255580911,8279891.643083272,1.285695294301991,1.218457613306631,1.3741889731043355,1.2742343735129265,7700758.266539537,2.924522795897929,2.758194170826404,3.177218712155493,2.9138323922540987,142.5354782400278,1.7047822366269698,1.607081836197476,1.7029932775677288,1.6663499373579815,104.79555313396035
900,CNQ_TO,Transformer,2023-05-01,2025-05-01,1,4.77788023261728,4.253946023561656,5.042196495546484,4.821034601750298,8191984.351751784,3.899255047556321,3.629451465679758,4.131689405332631,4.02035546477905,6627250.139306198,10.58876333739367,9.566626766553329,11.44694801887985,10.86433057429972,73.97731253334887,7.908021707962204,6.131984810075194,8.48758027683137,7.572526692367893,84.83179419539933
901,CNQ_TO,Transformer,2023-05-01,2025-05-01,2,5.682691130969202,5.019649366917961,5.927082087880716,5.774257637901299,7996742.921560672,4.579847177353533,4.130931715162204,4.759192998129929,4.690474840797089,6449861.95972018,12.465189908707778,10.94295709143338,13.237726177306111,12.72827007649236,67.08172154478724,9.669905045250257,7.864518880405051,10.431230760221592,9.599621958816217,73.00949178670243
902,CNQ_TO,Transformer,2023-05-01,2025-05-01,3,7.703477214656528,7.106693848035696,8.162951919056002,8.171961616522802,8102740.67922399,6.41493351312833,5.866561929667563,6.788772838322239,6.867855223207482,6295949.268887028,17.323534650022612,15.498546823441648,18.70329295747705,18.48483967677952,76.8616822281895,11.961834594636922,10.830527093459564,12.977441664957343,12.33192482586399,96.57461660933458
903,CNQ_TO,Transformer,2023-05-01,2025-05-01,4,7.310546648157392,6.67780448664865,7.618742668015156,7.669309637543923,8137214.19291541,5.992972374254069,5.522789699846325,6.266029318391504,6.335120313919069,6326871.757472837,16.238444370702357,14.603889250077684,17.319456657323748,17.111492640067226,75.65663109456199,11.77388163761834,10.193579220765118,12.482514990014128,12.05461657988561,93.23903980979568
904,CNQ_TO,Transformer,2023-05-01,2025-05-01,5,7.561445377073626,6.875131224481776,7.674358309386765,7.401036021613563,7813373.158045188,6.206704257931242,5.677416797767088,6.320725342619725,6.108391167918912,6229730.315881986,16.791170185391675,14.999336072897648,17.445670868773398,16.488815776621042,68.5192154881785,12.054908903297855,10.474933594193187,12.456180326585775,11.609428679245202,79.73003176455381
905,CNQ_TO,Transformer,2023-05-01,2025-05-01,6,3.5413187380741915,2.891886631183068,3.921010324778476,3.398206029777827,7849029.164507807,2.6919323365592254,2.257300765816258,2.924380338906748,2.5358594149667737,6212533.279495042,7.366216739566705,5.99746318030727,8.202328142488218,6.92902962046489,55.73093401391651,6.698980564530169,4.999905247467472,7.769875769614004,6.517808391941824,53.2978627976827
906,CNQ_TO,Transformer,2023-05-01,2025-05-01,7,4.33969850446908,3.7312827638385295,4.642447421611455,4.241374618604445,7817561.655360832,3.3985563853099583,3.02033170506174,3.5896007696679675,3.304645393267497,6194103.763990388,9.275261001917192,8.003759087708248,10.028866932787771,8.999841465383554,56.30558411824392,7.830150269176693,6.071435353229092,8.770185175822313,7.660250904879577,55.07177125753314
907,CNQ_TO,Transformer,2023-05-01,2025-05-01,8,5.02277438542865,4.335318326555813,5.31018100428441,4.972887856411843,7869425.202472473,4.058976980858755,3.5455401874245216,4.186568795593212,4.006611723747624,6239571.662809462,11.022569939963429,9.377975482051196,11.656230599292424,10.8549632442526,57.80081222116959,8.58596339740966,6.8919655003779,9.700616953723834,8.49810578393813,58.28454776367955
908,CNQ_TO,Transformer,2023-05-01,2025-05-01,9,4.510218338856254,3.873861107469698,4.798349516146739,4.384252270851468,7746999.020005894,3.626277698385028,3.146937395972948,3.747518794796568,3.491027277262764,6144717.417951644,9.845769393964783,8.321418020182564,10.436518251314451,9.45877654011312,56.82992731979167,7.821758936159096,6.24998654904035,8.935290497080478,7.677439746045946,56.831413491999925
909,CNQ_TO,Transformer,2023-05-01,2025-05-01,10,4.272509655795269,3.602972086491362,4.615398658296564,4.157057950393578,7934556.397551342,3.3643584075205144,2.932542268001598,3.594232307920622,3.256733162560345,6287243.973358704,9.177265354254914,7.767177506028862,10.03366911944441,8.865183330049886,56.73023649182716,7.649044889070203,5.807735032777174,8.633214371498674,7.453912845546171,54.98665884604603
910,CNQ_TO,Transformer,2023-05-01,2025-05-01,11,3.2259021804403534,2.50100937836338,3.501889640818288,3.055268094164425,8026628.871467139,2.384835195250408,1.9650671606167067,2.551504807641308,2.2714678598676783,6369201.506160487,6.55959528580113,5.220453286568563,7.1882888469152,6.219789829523654,56.29283562414064,6.298816518039583,4.292309731057184,7.116273222283641,5.8926083497115735,52.57436160314934
911,CNQ_TO,Transformer,2023-05-01,2025-05-01,12,4.270408139978344,3.5993467300861823,4.565513208197964,4.170986941793588,7880560.464402728,3.346419150578504,2.913266297606609,3.5233446668828474,3.251028243425372,6247305.853978924,9.12309649049454,7.712302897432228,9.837000855316246,8.843267307533884,56.66197167975232,7.701536839760567,5.8627043611382215,8.658715728589158,7.535794121320842,55.13899064669027
912,CNQ_TO,Transformer,2023-05-01,2025-05-01,13,6.050998497276923,5.416765583814135,6.368402426598856,6.135302787667264,7646318.267315617,4.87527809819243,4.4562165880429525,5.106700642160906,4.96720931985842,6033561.153343915,13.26651357786258,11.800876091328176,14.205109477949032,13.479732480938006,57.60072375956914,10.320154451857588,8.500152391610989,11.263850109400146,10.306968918755564,61.10326633630009
913,CNQ_TO,Transformer,2023-05-01,2025-05-01,14,5.3460800355026175,4.672094124566089,5.654684429335556,5.363345132626264,7733621.0731134685,4.323648631558687,3.822976873452808,4.481912884619743,4.345383396289022,6121092.120598069,11.748577748380914,10.120021807625257,12.477902033622104,11.778645937068164,56.27092841059152,9.09869763273922,7.4067690156212675,10.220523741825014,9.049083095253897,56.29096528827422
914,CNQ_TO,Transformer,2023-05-01,2025-05-01,15,4.117718703076352,3.5615043176107286,4.468696138658324,4.061960264317529,7859722.545717264,3.207098540726306,2.9209247483447287,3.4738945295564,3.1967603162198523,6177602.966655736,8.759906072443448,7.736016534439474,9.703008130929543,8.703004859473593,55.28623606888241,7.507570984537162,5.649403911707024,8.380788859872034,7.227363605702076,53.852058136882576
915,CNQ_TO,Transformer,2023-05-01,2025-05-01,16,5.287706943589918,4.647235899079587,5.58001150620967,5.186018134683024,7826447.599663908,4.28209302759806,3.826822340310527,4.439115781971778,4.182016190534449,6194623.347199596,11.634445888775405,10.123773800384324,12.353310844277017,11.343159096484356,57.73836562280909,8.973982032107966,7.27856443233313,10.02887016813099,8.817781584226042,59.28497943687943
916,CNQ_TO,Transformer,2023-05-01,2025-05-01,17,3.3573458871269874,2.707424992339168,3.647885575037932,3.159274207702621,7981000.787958295,2.505996111219305,2.09765159322452,2.6614814682869365,2.294083157024737,6334114.400164934,6.872934126372702,5.575879837319446,7.4837005193019905,6.285313443174216,56.63669370729355,6.502714487864959,4.736515317413923,7.429902171877146,6.25678293524758,53.895579326782936
917,CNQ_TO,Transformer,2023-05-01,2025-05-01,18,4.544545824046779,3.920292997824616,4.857075227602741,4.378881623156752,7829953.407985903,3.628725809718519,3.2013585796756234,3.7958327823715297,3.4521660590386487,6192843.015879555,9.868475983579222,8.468297598523916,10.580846384613256,9.37463848864108,57.090672495811525,7.951129481279627,6.265374822212455,9.017332032202765,7.769481071386199,57.12348391718665
918,CNQ_TO,Transformer,2023-05-01,2025-05-01,19,3.718806404551669,3.071812088294257,4.055610146517276,3.58922747199064,7939029.151185964,2.8126522490280745,2.412276099769299,3.025127422822236,2.674315073205912,6281787.825249198,7.700693050030338,6.402853915448382,8.483721174728757,7.30896647253201,56.39669263335482,7.069054772327704,5.268293853043398,8.046305753440793,6.895076458991873,54.07143815302178
919,CNQ_TO,Transformer,2023-05-01,2025-05-01,20,3.03192455112295,2.3902012300212534,3.369795414180336,2.8417872803517747,8098792.534538052,2.1143972210269903,1.7569413364977136,2.304469538699452,1.9184395371237024,6533075.011262095,5.829999530461868,4.667117360321569,6.514944724622648,5.272969044373023,60.49191128163206,6.3217313897657865,4.483194154756558,7.303030301722773,6.033601302467355,59.24364071923368
920,CNQ_TO,Transformer,2023-05-01,2025-05-01,21,3.44322988160388,2.858308384520785,3.755536875987874,3.198649171756161,8032145.473199293,2.62067654011512,2.268275600230743,2.811948105226141,2.380583147488508,6343696.819985239,7.173740351761157,6.019901400209746,7.884930969928085,6.51189322430253,55.0686164647997,6.503215523321863,4.817976134814759,7.422126418010361,6.156835095978113,49.7949963464256
921,CNQ_TO,Transformer,2023-05-01,2025-05-01,22,4.461916844660606,3.792020312697639,4.869402417974479,4.474219906203078,7905223.985347283,3.421729023320203,2.9830677655122555,3.742344706674695,3.4442636325429463,6285461.534966747,9.353186691244405,7.912001140793694,10.460270443406362,9.390785963128438,57.88343950890214,8.32059142509414,6.488123278926439,9.29184899246738,8.22072247157613,57.25027861581857
922,CNQ_TO,Transformer,2023-05-01,2025-05-01,23,3.6152953900210014,2.9589304528069413,3.959267025579956,3.4329561243940367,7987386.87328686,2.752017063856277,2.337714386253528,2.9731851216558938,2.553946902233724,6334928.98286298,7.533284109428977,6.202852659694081,8.333855818682583,6.982515970896309,56.550088225795925,6.832197639381614,5.03323231479956,7.801318058833809,6.616821918358949,53.58187196029765
923,CNQ_TO,Transformer,2023-05-01,2025-05-01,24,5.127127914883433,4.4421462430773095,5.418901550378354,5.044693701322679,7745948.986218692,4.083986787925459,3.627335220057485,4.274945419726636,4.011856533938785,6098488.354318821,11.122641811838651,9.606553582064466,11.91373894740793,10.903662588560852,57.44190029716408,8.954135919432474,7.086751030585517,9.89594617441003,8.78852051904133,60.4053024703536
924,CNQ_TO,Transformer,2023-05-01,2025-05-01,25,7.301933645829674,6.696399052676653,7.532783588673802,7.544713710995145,7936297.651093978,6.018655533396009,5.530674060117031,6.198919949925412,6.242302212381998,6334904.64414253,16.276152762664793,14.611473228903009,17.112180473976426,16.838238361060096,71.10971373844313,11.567789189851467,10.19869429590528,12.251510849139857,11.762161688755237,83.09986756197746
925,CNQ_TO,Transformer,2023-05-01,2025-05-01,26,7.924055537376931,7.2767332341623,8.181500992790083,8.183320579944098,7720444.235299604,6.572533763356201,5.982615170743311,6.7559389462648864,6.828103854677377,5987309.093631345,17.75333776425002,15.810076247291398,18.630266759777527,18.3950620398926,70.51570655478585,12.381391290196383,11.170584624489246,13.180297576539065,12.535283904024624,88.06712361711973
926,CNQ_TO,Transformer,2023-05-01,2025-05-01,27,5.826526950054998,5.156979993762265,6.141846320517425,5.757194155437744,7731293.167865334,4.67779831808093,4.236882565636429,4.903773943891985,4.623739487824171,6108864.452548434,12.735381164506624,11.220785722551472,13.649247829094817,12.560451217889437,57.48071858049867,10.020959071020554,8.127084926010916,10.96437413230597,9.834307187913424,59.52879427080161
927,CNQ_TO,Transformer,2023-05-01,2025-05-01,28,7.284469273677696,6.737802138025021,7.681876739436293,7.819174906825418,7748022.103504544,5.9954294903369725,5.536044473687649,6.303473776697282,6.504196286914389,6021867.107902396,16.22218216587286,14.637440720077748,17.410542719103706,17.53649222842178,71.92284022241986,11.593654581709176,10.371789400344516,12.564331659001551,12.0734422833592,90.12328002043574
928,CNQ_TO,Transformer,2023-05-01,2025-05-01,29,5.7075189339425965,5.074192679851246,6.002494305293279,5.709866860745513,7938901.44966146,4.607044827774094,4.179559749762778,4.825384015081768,4.639094210937913,6338047.491064697,12.53321554631001,11.0679675420533,13.417775321013943,12.586312852533146,68.94454235032786,9.691457528874542,7.933228483632465,10.552796395001378,9.510553258796202,79.8713492865856
929,CNQ_TO,Transformer,2023-05-01,2025-05-01,30,4.581264292428733,3.888921588387542,4.84840831522143,4.420633340402715,7958662.359389443,3.5958801106232428,3.143747501967799,3.760544818825392,3.4236351630284645,6327157.492438352,9.81210606864185,8.330010543409042,10.50362210978844,9.330988589378858,57.53173664939604,8.244640667000157,6.348764247965081,9.128639735060773,8.056340716717873,56.10685829139096
930,CNQ_TO,Transformer,2023-05-01,2025-05-01,31,7.232008343900063,6.676397448624449,7.566300996960843,7.620141282104516,7996345.659115495,5.974303080747394,5.500134605705229,6.217886570505409,6.351050014484389,6265682.736228355,16.166020574876043,14.544170991233717,17.182122121522816,17.13044297530239,74.34638783177479,11.467879878966285,10.24385572610855,12.390971608350384,11.761634940811744,92.60351635657152
931,CNQ_TO,Transformer,2023-05-01,2025-05-01,32,6.213924609294633,5.623615229067613,6.553689013954196,6.464224441778861,7498145.0555727715,5.092370726325376,4.666543220392081,5.325754614842439,5.351020038006742,5855548.106980578,13.820327252419704,12.3442290723279,14.777580858919285,14.473422504719776,57.725422125282144,10.219568067172554,8.627149122999054,11.234533541087902,10.34231656550954,63.35901281581141
932,CNQ_TO,Transformer,2023-05-01,2025-05-01,33,7.074365418772066,6.583003903700753,7.470471382273633,7.438609605033694,7506630.249467121,5.87289802506994,5.48007758259088,6.157606098631434,6.242058653436187,5903524.350877976,15.90288831140797,14.486154531153502,17.036521669257734,16.844937156206218,63.1930382954717,11.255411895516376,9.96949393938819,12.351644151129502,11.478967928653947,73.90186482287777
933,CNQ_TO,Transformer,2023-05-01,2025-05-01,34,3.538848069876093,2.9074316089921406,3.871858718605533,3.3776068671875312,8025810.8401681315,2.6187281287073203,2.225244043310204,2.8117865322131648,2.389234417950852,6413680.858530278,7.178159422071757,5.905315567199806,7.898453058703613,6.55007892787685,58.84454649572061,6.939524148828329,5.17831185565268,7.937924213443384,6.862023715626735,57.55184294433232
934,CNQ_TO,Transformer,2023-05-01,2025-05-01,35,7.6568323010973725,7.014198707712594,7.915961770674011,7.854844043625008,7920431.937797468,6.406915625279292,5.827629403891751,6.586406430263849,6.61754171951126,6256047.675515748,17.298932015725814,15.39008293550964,18.15940510981896,17.81948496657631,71.28977895766731,11.805447508229465,10.570547144184273,12.635716514427385,11.844239340700245,86.39752979178272
935,CNQ_TO,Transformer,2023-05-01,2025-05-01,36,5.845171198608667,4.794001017030594,6.112542473899825,5.923869444032228,7437849.5733434595,4.760868365792043,3.940935374698546,4.8985961899689245,4.848713039571539,5771500.817306752,12.926594337022076,10.42844582804895,13.61780031289278,13.12952172998417,57.764876861806535,9.78511442785101,7.535080106690338,10.818436540058087,9.76747131599205,66.05174812455328
936,CNQ_TO,Transformer,2023-05-01,2025-05-01,37,8.299499462393195,7.716207889075804,8.710087366564185,8.672436228480464,7847374.773276256,6.921023339068862,6.397062775163702,7.240926928619615,7.271357649275649,6166296.573567069,18.67233407189729,16.88220435230164,19.934077823477,19.564475606616057,70.7122363443332,12.79175956578971,11.6350721955943,13.798633927099086,13.113806544318924,85.31997808159718
937,CNQ_TO,Transformer,2023-05-01,2025-05-01,38,3.5310023169946243,2.910927446631564,3.830408676875807,3.3638548678389504,7995781.037541247,2.602540074818392,2.219530339632141,2.760244450063462,2.370037399634704,6370103.982961263,7.1341207652637895,5.889515664732322,7.756707508603331,6.496502388195278,57.94830975307472,6.954996535790174,5.208537217774407,7.913534153682993,6.85847666156407,56.232548193924
938,CNQ_TO,Transformer,2023-05-01,2025-05-01,39,4.687992362230423,4.007321664828187,4.959957153626463,4.601427256180888,7664728.225656251,3.7737112838142735,3.2535621843324054,3.880253357039434,3.680743648597763,6049729.24998939,10.24466647163846,8.60523577570526,10.806116243255085,9.970413670563724,55.93367563885733,8.09939320435175,6.467182794675444,9.197992209251533,7.983869072312554,56.31301652690309
939,CNQ_TO,Transformer,2023-05-01,2025-05-01,40,4.045939725283767,3.400467879433664,4.337405414071743,3.883533190946762,7934652.696821233,3.107452670158226,2.705204195650216,3.2780783999819865,2.9334997841302206,6296193.141133412,8.491211968193953,7.170831084114139,9.175742785105513,8.002921500750666,57.19616049419575,7.5261999408337426,5.712295082570989,8.46545676738272,7.332764234983485,55.775101166529375
940,CNQ_TO,Transformer,2023-05-01,2025-05-01,41,7.020663423599867,6.404114843649765,7.324225862102707,7.1196498295645805,8112063.095549798,5.7715152135695655,5.312943313051376,6.033981844561522,5.886893185683319,6583701.836386012,15.63039139291268,14.041463099018426,16.674518994083805,15.901426380950918,69.51464508438595,11.241265872506432,9.7034096528078,11.970886835230914,11.183903478778785,76.37917996834815
941,CNQ_TO,Transformer,2023-05-01,2025-05-01,42,3.189814330146508,2.533988805348182,3.521691851684269,3.0163871063192795,8015211.487082032,2.264656907134584,1.87528398464544,2.456488620204293,2.07099889893798,6363374.180532914,6.238327173287399,4.992433305648574,6.937836843917284,5.6948267824208445,56.76813653551863,6.524797680415244,4.708805214107041,7.495115931548674,6.301717414903988,53.542087259725605
942,CNQ_TO,Transformer,2023-05-01,2025-05-01,43,4.525342443779474,3.8361158345215256,4.813895813009089,4.429984982095745,7787969.933226497,3.6266765063267297,3.134716940558125,3.7704901121630967,3.5298655629816382,6158809.68763718,9.863381002591526,8.29571135931881,10.511272097097589,9.582432100221764,55.46095842011039,7.861768344305391,6.118798803147704,8.901933074040922,7.719089389519149,53.658572746241006
943,CNQ_TO,Transformer,2023-05-01,2025-05-01,44,7.636465902022981,7.023048888946905,7.943475660922084,7.82526091856777,7790279.382194784,6.389504104984167,5.827712358904198,6.609484556490121,6.581141713754649,6175345.602733735,17.246115207856406,15.387301047221518,18.215539313447422,17.71905544653967,69.23034232956721,11.752433202882193,10.594617808255997,12.650868285970205,11.82179685216629,82.9335340836607
944,CNQ_TO,Transformer,2023-05-01,2025-05-01,45,3.977528476729887,3.3139777805937847,4.309841993295777,3.8626067522458873,7933001.276026439,3.0522335665904268,2.635334780643384,3.263334466154876,2.933523092795153,6285447.73066251,8.34329354201276,6.987332003486349,9.135145766504255,8.002898840793065,56.56721402770179,7.409497564569524,5.571519946953687,8.390551154484855,7.243235289511395,54.30273827297307
945,CNQ_TO,Transformer,2023-05-01,2025-05-01,46,7.153879965104893,6.599000694552126,7.544424494141729,7.520429680120906,7929911.744253103,5.866684146746142,5.446874663328269,6.210874514991561,6.206733320979437,6353563.717438958,15.879533473548044,14.393437519133562,17.14550562881984,16.749792976683775,70.78520231955532,11.451930101937458,10.068735376470046,12.264397590524151,11.783225391782372,82.22642759127233
946,CNQ_TO,Transformer,2023-05-01,2025-05-01,47,3.0721899665577643,2.451831061497264,3.385742533054103,2.890716551463119,8108895.431875988,2.20031386143849,1.874497273095601,2.38213831103522,2.024065745022182,6538112.137818191,6.05601731807398,4.971488334138093,6.717795803508543,5.5510629842193175,60.60430521833392,6.250013471989796,4.388666863058112,7.164457093241119,5.955078472513247,59.19707255119956
947,CNQ_TO,Transformer,2023-05-01,2025-05-01,48,3.4059083236030454,2.7651516011300887,3.740028610099608,3.294622684246112,8193489.942860641,2.4748740967408915,2.081822204388911,2.6702764489008533,2.3213747590782363,6590156.010254955,6.7989324096112815,5.533687502714913,7.518524290110373,6.369918433862834,60.249844020325874,6.810198472191701,5.033397527281956,7.796303617313098,6.721286065514666,58.58400502965946
948,CNQ_TO,Transformer,2023-05-01,2025-05-01,49,8.576406976837466,7.940691735435851,8.820914409817178,8.956961359692306,7970818.438811184,7.239270147840139,6.6558317022721,7.40622706308637,7.600394927639066,6165810.994183365,19.51594327684571,17.55478713659587,20.380309813718007,20.43346326959344,75.39549754708239,12.943376801766233,11.741612506933812,13.773882488147803,13.24584186201796,95.33742890975508
949,CNQ_TO,Transformer,2023-05-01,2025-05-01,50,7.639279706124763,6.938340033209107,7.9914563358663,7.644802407241234,7876693.351362019,6.3189068522015335,5.751383825499132,6.603276134081903,6.343706813063549,6285591.737881584,17.079739056673052,15.189727686389334,18.21518105132401,17.110761731887386,69.57979612344542,12.014278556480525,10.494194013041865,12.88481641965878,11.867140451672284,80.74671274082883
950,CNQ_TO,Transformer,2024-01-01,2026-01-01,1,1.7099644737459168,1.6014370127990107,1.897121786743238,1.8680147089766004,16004668.71666868,1.4471145898978583,1.2819212441233072,1.6022837134926171,1.6428008557075329,12497388.47430602,3.1901386050751865,2.786636928350789,3.567149309411586,3.627025015129033,80.35115957396869,1.9655501291599728,2.0421779220840937,2.2112531293357787,1.921114430581411,150.34578976335118
951,CNQ_TO,Transformer,2024-01-01,2026-01-01,2,1.478594823859723,1.4045954528764018,1.6648103190232195,1.6025933668920689,15996326.856871882,1.1909573343578197,1.092793485397188,1.3286187415876074,1.349395354616522,12505565.330941215,2.6190441683783647,2.374304476168352,2.945588068938525,2.971354861501118,80.41473797585961,1.8869471960522763,1.867958523966248,2.180318067062521,1.8636041366160936,149.8022149048021
952,CNQ_TO,Transformer,2024-01-01,2026-01-01,3,2.1242169932169173,1.97195569139856,2.357016695663534,2.3035393738744667,16014731.25604409,1.79691999526276,1.6074875535375683,2.0211973634760207,2.045425397842768,12510715.38937555,3.967040458210411,3.504410730969746,4.510595254317503,4.526686531108285,80.6631183207704,2.448252528174927,2.4289154689120203,2.638768444240561,2.2884430152278763,149.9838834473981
953,CNQ_TO,Transformer,2024-01-01,2026-01-01,4,1.8690369491311245,1.6807302179512371,1.921218142556129,1.895199418316426,15912226.441003617,1.3854171720127555,1.218923104381201,1.3895843760921105,1.4487211434314875,12401714.95932817,3.0460128290321014,2.647572134507469,3.085729911079744,3.190672449294258,80.54612386187287,2.7315289416828503,2.472707039219921,2.909702855768103,2.6641395982247498,150.9821722336644
954,CNQ_TO,Transformer,2024-01-01,2026-01-01,5,1.7719766589289732,1.6371330646598872,2.054414416696385,1.867264910469568,15974713.87048269,1.4732468572815869,1.3090199491348355,1.7690944652596974,1.610258427738026,12432001.222667905,3.2594310927047925,2.859086434998508,3.961035264055557,3.569664863211239,80.03882732808898,2.138102878085677,2.0953155282350098,2.2883515674149897,2.05696380464202,150.81610391073906
955,CNQ_TO,Transformer,2024-01-01,2026-01-01,6,1.6672041152913946,1.5679732408014142,1.844322673547344,1.930784454095765,16099144.654048204,1.3943056720220326,1.2412137780865338,1.5019256014230529,1.6635201058914528,12621959.945759386,3.076201617972941,2.7009409296717224,3.341632278883513,3.6757017337986064,79.91112777767746,1.9808817780626624,2.0486692401526376,2.346574227752062,2.1309234452177783,147.1784039059675
956,CNQ_TO,Transformer,2024-01-01,2026-01-01,7,1.594395044512539,1.48942982067382,1.6395157686662554,1.626463839155921,16095786.475426735,1.2948352042732525,1.1730071641917377,1.2330997184684809,1.2889942713868192,12570680.667286584,2.8561429374572653,2.5575052798974185,2.73491686036526,2.837436722332017,80.35153806407381,2.003228942884281,1.9433162969739413,2.349901444581421,2.146539050047217,150.4287726495744
957,CNQ_TO,Transformer,2024-01-01,2026-01-01,8,1.5423641086232542,1.4834325456746482,1.713507232926749,1.6761495390774417,16109016.69566839,1.2326710881941343,1.1401180028062048,1.3577836750626622,1.4189301246754584,12623712.481410127,2.709617217400773,2.474168905686312,3.0090798076277814,3.1248771170723635,80.17920607822757,1.9986855578763167,2.01290443284215,2.2744632229739383,1.9224667451133843,148.66604132205066
958,CNQ_TO,Transformer,2024-01-01,2026-01-01,9,1.6056624835301905,1.4970481975896872,1.840369185134001,1.7470539328007844,15906611.075682864,1.3177887244904454,1.1701455606638729,1.502256577771757,1.4799073407489889,12428226.012712125,2.902574117890537,2.543180184663728,3.3398467647722687,3.264779199249933,80.55913223725935,1.981988869662679,1.9851280367671087,2.322104949764108,2.0100250480508763,150.94669403162635
959,CNQ_TO,Transformer,2024-01-01,2026-01-01,10,2.129776339105687,1.9371569528088943,2.408241444354331,2.3047132857953048,16078532.593958007,1.838076928115966,1.6011051393175737,2.068389351770677,2.03260993922862,12598075.399680782,4.063447913985955,3.4932622226144647,4.618564787860284,4.4981467362038,80.39208526653144,2.3328983314361595,2.3300238658548458,2.699855602592424,2.3614086003454364,149.6343085798903
960,CNQ_TO,Transformer,2024-01-01,2026-01-01,11,1.8760511701009528,1.7454045911763325,2.0858782277184527,2.0212957241255216,16082981.757135212,1.580407281449695,1.3944783084655512,1.754272145194214,1.76342877464595,12621683.52114191,3.4823275091517525,3.030770431183666,3.90291594531405,3.891122775282911,80.26539769750748,2.182017173988013,2.2349674999102915,2.456285457693641,2.1355440517635214,149.69891363803566
961,CNQ_TO,Transformer,2024-01-01,2026-01-01,12,1.561700078093545,1.525282500498536,1.867357931685064,1.7086688619088557,16011654.806017132,1.2842480182767178,1.2048571346624095,1.5207882522228178,1.458595941773986,12547218.823308932,2.828491622646289,2.6198903121553263,3.38144507779842,3.217541584241257,80.11160644762347,1.9211016837291048,1.9932115351406965,2.371802292513451,1.9253296801046087,149.8733186514707
962,CNQ_TO,Transformer,2024-01-01,2026-01-01,13,1.933706914271088,1.817634562648244,2.080545518343331,1.945289099396116,15934999.989548126,1.4704606663423094,1.3276230942674778,1.5545920623793883,1.502298766900123,12496309.48138707,3.2335174709971928,2.8811500785127246,3.456700244363611,3.308561505894044,82.91144583974864,2.730342421992685,2.656350542757336,3.028586273379656,2.691110283221151,153.22411872507143
963,CNQ_TO,Transformer,2024-01-01,2026-01-01,14,1.461847845638418,1.323156496641539,1.494348077132576,1.6141618787989336,16001515.073699055,1.13949080869915,0.9846757794872806,1.1308165299635071,1.3738653863362875,12507558.977747884,2.502679578439832,2.136952710326649,2.502377310933274,3.0261675964115646,80.14486584521049,1.9780184247981347,1.872738970820893,2.1253033569789177,1.8249325065865387,150.18490595231611
964,CNQ_TO,Transformer,2024-01-01,2026-01-01,15,1.411138124406398,1.402243565250309,1.4024822895667977,1.385050818551449,16036426.532330094,1.2451167735375792,1.1915026325225122,1.2135584165356683,1.2351327636509115,12587819.43608652,2.763461432860768,2.616763513693744,2.7123775946086286,2.73706067922267,82.57280188369012,1.4483218397188051,1.5966407967772231,1.5264516327400306,1.3516099319051855,151.1428414811426
965,CNQ_TO,Transformer,2024-01-01,2026-01-01,16,1.2586473843743975,1.2305948885255276,1.3136196337318065,1.3271186315353305,16079540.786208415,1.016228173336792,0.9628416182340784,1.0046838857130398,1.0720215653557674,12586185.614258768,2.24276243065312,2.103813376757117,2.229496087931021,2.3628364671892275,80.1371246673951,1.5999822708442124,1.6285959986853136,1.8325036837933444,1.6895223048597547,148.7994491609357
966,CNQ_TO,Transformer,2024-01-01,2026-01-01,17,2.2150324010332603,2.05268866781192,2.5059575571136423,2.3693464240119257,16035390.236963283,1.923791400541305,1.7194239533198028,2.171167613840742,2.1017802684557645,12544156.53471438,4.253747926680149,3.754320621085221,4.849683873585467,4.65183335251393,80.42545720984766,2.376923594547503,2.3916320646003006,2.7357005591813666,2.372670021796759,149.74388488664368
967,CNQ_TO,Transformer,2024-01-01,2026-01-01,18,1.4524042059266002,1.3945963487245403,1.497198510464168,1.461937477832269,15969083.270807182,1.1816755922397555,1.1344406276720025,1.1495743211018974,1.1802169924906027,12484671.239667462,2.6068673112217486,2.4775432081580715,2.5523678851583407,2.6034527188648418,81.57781924872366,1.8167238810757649,1.713887433249761,2.078842491400359,1.8608998549200388,151.73249536917484
968,CNQ_TO,Transformer,2024-01-01,2026-01-01,19,1.774931835542846,1.648447425281926,2.005826346120256,1.9619252762235475,16099444.155241454,1.4890929997250308,1.311933996871491,1.6728694364268384,1.7065926990445246,12640272.499080691,3.2817615100654147,2.851845978399409,3.722310407813175,3.767011734402401,80.17279686927614,2.086598725847264,2.12603935912587,2.414941915689364,2.0950577893402564,148.88659572582057
969,CNQ_TO,Transformer,2024-01-01,2026-01-01,20,1.8358331265596408,1.6401879906877468,1.9327607156727007,2.0358178049979663,15966598.729392428,1.5535723099657646,1.3059620765525184,1.5856417733504118,1.773994987814005,12496272.928764176,3.4266900628281185,2.8394980582624747,3.524750620546597,3.91770270467341,79.97915519763761,2.1156474141892065,2.115791196923368,2.4160833010223657,2.164845834981324,149.90100368922668
970,CNQ_TO,Transformer,2024-01-01,2026-01-01,21,1.5838341474229771,1.5758613015590477,1.5714859822680889,1.5358291559106625,15983743.231383922,1.3924263642940486,1.3424649299161795,1.3654602815351191,1.3698129015022835,12512139.40879942,3.0916046842896447,2.951128076510922,3.0527396859309164,3.03723743302546,81.76455942292034,1.6510795734006187,1.7892796678396865,1.6913976060602405,1.5005015247827964,150.3252704478917
971,CNQ_TO,Transformer,2024-01-01,2026-01-01,22,1.572341699404131,1.519571295877438,1.6351840675497682,1.5381090023466717,15836831.823774798,1.3271251091820773,1.2626907216807166,1.3071782737934918,1.252194758314155,12338779.433164263,2.934409794550769,2.761952266152599,2.9059192742767235,2.7640575407396137,81.12936496048401,1.8167816193694424,1.7931055622743923,2.133608224135249,1.930401097031536,151.88000557929098
972,CNQ_TO,Transformer,2024-01-01,2026-01-01,23,1.474807318117907,1.3975242417550384,1.591172239439524,1.6108743048665677,15925630.14776265,1.1507512540465612,1.0454158880544766,1.2466459509555672,1.338158686760753,12451173.042264968,2.5305510253229184,2.26889211633878,2.7646842072194864,2.9495829006010656,80.37200254137508,1.99401481763739,1.970471009201929,2.1538378649610337,1.93939923812406,151.06998202824238
973,CNQ_TO,Transformer,2024-01-01,2026-01-01,24,1.2314467313621558,1.1879251393147303,1.2483426759416028,1.26975560345338,16052647.351649271,0.9655785472629584,0.925426854339372,0.9518735478347874,1.0163278440445906,12558915.82984442,2.127167248536101,2.020710422105986,2.113902879529641,2.2397160408771035,80.08128649257877,1.6485392438836284,1.5788029929455163,1.7490062184852682,1.6450777948166078,148.6206562058226
974,CNQ_TO,Transformer,2024-01-01,2026-01-01,25,2.0199545851082754,1.8547108348465364,2.091478803334135,2.1394974090157963,15926002.856980588,1.5069126754417692,1.3466229266416474,1.5168114438884723,1.6918922932772025,12455941.523651017,3.312687378725742,2.9243574346867347,3.3659668719408127,3.7306982964686735,81.48668546623277,2.928166555878677,2.727594825455008,3.157441379933437,2.852080950012259,150.27418632860906
975,CNQ_TO,Transformer,2024-01-01,2026-01-01,26,1.5108684670436114,1.414567429126435,1.679204941935975,1.712536909055522,16119462.026770305,1.242521823769276,1.1244275420901,1.354690849570288,1.461388035048445,12635791.60298813,2.7372166236376176,2.446890531184139,3.0102765090640253,3.224329885976639,80.03161922648604,1.8599676629675752,1.825317480853505,2.16683816708934,1.9341355801144715,147.8409084369566
976,CNQ_TO,Transformer,2024-01-01,2026-01-01,27,0.990066550163521,1.0436583531778534,1.0029217990868895,1.0310506090665184,16051821.393218322,0.8021817540635422,0.8220741897814396,0.7947704540359116,0.8486528767548139,12552610.658187771,1.7851317828361415,1.810531606856414,1.776576411201402,1.883581601319516,80.17782325093627,1.2910625538395364,1.4089227920856444,1.345094196264487,1.2961049616165778,149.14066897458667
977,CNQ_TO,Transformer,2024-01-01,2026-01-01,28,1.4034221533601636,1.349678934100595,1.4927741756332666,1.5598729264417792,15987138.440732608,1.1064824134596898,1.0291515689968955,1.0961332736309355,1.2591266299803383,12494626.554101638,2.43676049323382,2.2403201209932178,2.425940112006171,2.7696344430361006,80.88248954709533,1.859793211776068,1.847784782451236,2.204059514147508,1.989198325231576,150.1151049425682
978,CNQ_TO,Transformer,2024-01-01,2026-01-01,29,1.595590841851754,1.486970902409778,1.768733346526068,1.662539985541045,16015624.90381737,1.2735148421326292,1.1276840733317364,1.4151702223451217,1.408290499736417,12517130.904521232,2.7998002650755027,2.4456685761299566,3.140069874873239,3.102400059995005,80.304711906164,2.075428157480306,2.0582944812383763,2.31016825558901,1.9046675386011065,150.46006699964298
979,CNQ_TO,Transformer,2024-01-01,2026-01-01,30,1.2109446152211436,1.192699613604762,1.215593462046622,1.2031787300017125,15794471.973205432,0.9784229612005274,0.9579836599399136,0.9463229992115966,0.9425536046054236,12324159.49231262,2.164495391469277,2.099528315898892,2.1078621628855485,2.084169180790344,80.6698029299428,1.5416256042963845,1.5130067225996244,1.652002149388654,1.6206910329266782,152.00182563821082
980,CNQ_TO,Transformer,2024-01-01,2026-01-01,31,1.6486760323238945,1.5350178845778295,1.7372910024733574,1.7099016740728594,15929198.588597938,1.251193607013516,1.1488992106475109,1.2709795090244278,1.3715929177774342,12464463.588616442,2.747969559902209,2.4950474693997804,2.809862787898056,3.016830996798959,80.08608764407315,2.32493703730421,2.161836089573121,2.588137144921333,2.2106418082641044,150.44880031662308
981,CNQ_TO,Transformer,2024-01-01,2026-01-01,32,2.3971514232748854,2.219230982977284,2.551692908277951,2.377769277905729,15864969.079969997,2.0462399395218527,1.8540419751702648,2.196270815510682,2.0584939252566694,12455263.694102503,4.536409296866325,4.061923083666861,4.918176939341572,4.567206500017565,81.22440885659425,2.7187606612066526,2.611221301239393,2.853913829934842,2.597230826693514,156.65762838362934
982,CNQ_TO,Transformer,2024-01-01,2026-01-01,33,1.968202263630345,1.78247096358247,2.0878566340005715,1.994109024289909,15940958.20325617,1.565780469323431,1.327904221357319,1.6784706199130863,1.663524608598846,12447895.457622182,3.4461366877492647,2.881173303839934,3.7326509475894416,3.66740016505244,80.26345258329664,2.5867067368564265,2.5401537926737228,2.707858145659828,2.385245321088357,150.84071691901727
983,CNQ_TO,Transformer,2024-01-01,2026-01-01,34,1.3777896664483629,1.3356427058549156,1.433777043170307,1.4171410270316327,15985866.773722548,1.1294865643073846,1.064755650456933,1.0998257986863778,1.1482311366954685,12499446.039506862,2.495145016113612,2.32866318093297,2.442173604688104,2.5325962765825056,80.19324115607238,1.7006165973805734,1.71298762263064,1.9937853833929773,1.79308532801693,150.88669212654742
984,CNQ_TO,Transformer,2024-01-01,2026-01-01,35,1.5528242122461469,1.4871296640420677,1.6111916125925527,1.5445528623289573,16078307.838447455,1.285677331961999,1.2061125383167397,1.215621834694734,1.2532593681019657,12645859.09442436,2.834858425750097,2.62927051442321,2.692846612096333,2.7611393283380363,83.56007806923249,1.8726426546218309,1.8376735656838288,2.302492282839753,1.949114495137883,152.2968971772307
985,CNQ_TO,Transformer,2024-01-01,2026-01-01,36,1.853972011319542,1.6124627813667634,1.8716065776041573,1.9522424770148497,15889923.706090348,1.4764407913353554,1.1841255470268206,1.4971690305646062,1.641117675686106,12390443.727910046,3.251896920256847,2.5689229464093013,3.330003039806125,3.623168197317168,80.13624066188468,2.432051054623117,2.337036781183638,2.449196434735584,2.2939454383268174,150.74674102094622
986,CNQ_TO,Transformer,2024-01-01,2026-01-01,37,1.4572369840853776,1.4250309776722956,1.5267100010610832,1.43511652843725,16074161.17071342,1.208877535246941,1.1796940468771902,1.2144026154236345,1.2024613451427169,12573712.75579333,2.670987028982528,2.5799708920344013,2.70109747264929,2.658918044364807,80.17270220405007,1.752447111808443,1.692444920490329,2.00465527776134,1.687931178827251,148.78929536554196
987,CNQ_TO,Transformer,2024-01-01,2026-01-01,38,1.5461403114954524,1.455813349842649,1.5889073909093103,1.510096342756452,16034907.164027054,1.3059497009100882,1.199592492569841,1.2566116974654729,1.2419470938122252,12528075.170376068,2.8851974934750104,2.6205750679051283,2.7909824589263885,2.740878983996465,81.44018138562143,1.7813538928124175,1.7454865298503923,2.1134114214780944,1.8552861025513687,150.99555795873238
988,CNQ_TO,Transformer,2024-01-01,2026-01-01,39,1.4662478616024914,1.365440871568899,1.5085308750293296,1.47130573495801,15915774.815003697,1.1000850257863095,1.019956195204942,1.0779366397585852,1.1230843521507494,12450080.229342183,2.417349782399488,2.2179873048396725,2.384447012961178,2.4701018659517326,81.20652391056936,2.097851737424244,1.9238900070172684,2.302419088788616,2.060874282800864,151.23286890160742
989,CNQ_TO,Transformer,2024-01-01,2026-01-01,40,1.877466190568882,1.739821263448252,2.050053230376076,1.9964572225404225,16113935.833290692,1.550275319888422,1.3700216856744132,1.7287391799472749,1.7534027144788682,12612747.86574219,3.420069612199748,2.9823038467880028,3.856562330086708,3.8774724728241146,81.88174087965218,2.291155687443829,2.280714268620614,2.398170583641551,2.061613896103632,151.21546955085174
990,CNQ_TO,Transformer,2024-01-01,2026-01-01,41,1.9161704002168969,1.8003140448441468,2.004818165480255,1.9839950569992992,15933581.06374598,1.5141158463288444,1.409019969306274,1.47491117261463,1.510321692617366,12498414.262361236,3.332496436450715,3.066194719454031,3.2670353822047056,3.321293232157209,83.21875380792333,2.5438860386840334,2.3821513602416204,2.974232176778737,2.8034634529511284,152.9129286480042
991,CNQ_TO,Transformer,2024-01-01,2026-01-01,42,1.5344187663488764,1.4702179451926012,1.5648400586784503,1.5656634327438388,16046619.443552466,1.2792092489373843,1.2213553208948524,1.241061044416686,1.2753292894727115,12527671.220989602,2.823897794849691,2.66919279119017,2.758074479887763,2.812208050027708,80.83801544420072,1.821465806694876,1.729799353593754,2.0630943118460605,1.958431361937332,150.47374619618253
992,CNQ_TO,Transformer,2024-01-01,2026-01-01,43,1.3467744763540972,1.3166862439412126,1.5337030964179144,1.5114543086400214,16075734.827584583,1.1029140253658196,1.0412424428839226,1.2403467911465325,1.2867422531490682,12616539.510273935,2.427824073761898,2.2638701928181395,2.75300221942261,2.835965430342668,80.05768880857366,1.6636562865156763,1.7061412787296573,1.9606918710733,1.7108859517806996,148.6121920522463
993,CNQ_TO,Transformer,2024-01-01,2026-01-01,44,1.7246400579805732,1.5728619862352533,1.813131615727796,1.814142923662212,15887210.628539387,1.4004208676513232,1.2018992002944844,1.4508841927267406,1.538655982073075,12417668.98821261,3.0818228122619176,2.608243351383977,3.220097041619175,3.3913947774355324,80.04877551084988,2.1750009290761927,2.157615006929123,2.369424197267179,2.077803902164141,150.59056830142808
994,CNQ_TO,Transformer,2024-01-01,2026-01-01,45,1.6972801700231084,1.5597284727024254,1.8642114639634373,1.814743707257276,15972858.06652982,1.406881724476729,1.2231709362869645,1.5177138728379602,1.5549013171846262,12506788.254855376,3.099221028774867,2.6573501481106354,3.3719572670738973,3.429331186314673,80.06332181253326,2.0510865687151933,2.059594144515237,2.3636043640093267,2.023569370696809,150.21303062940234
995,CNQ_TO,Transformer,2024-01-01,2026-01-01,46,1.884443152114362,1.714108709906977,2.069089289522623,1.970850927041188,16025291.70417014,1.567375897860915,1.34804284024188,1.7509289796247225,1.7153920065776116,12567980.139673388,3.455207671309904,2.930177479821565,3.902066984916595,3.787725087157516,80.10920648622564,2.263060576628068,2.254624335539888,2.398659710664699,2.098388460058956,149.67900033283118
996,CNQ_TO,Transformer,2024-01-01,2026-01-01,47,1.3096434990481471,1.2561617304245822,1.3706894760128252,1.375215352423791,16045626.478260228,1.0452364784795316,0.9727432332172165,1.0866748449168817,1.158765446770502,12548585.352439675,2.2981741349996234,2.113807008607796,2.408895271383044,2.5523368870234204,80.07503913076594,1.6992713049805803,1.6800362448163284,1.807396088246544,1.5928710714864496,149.2735715821034
997,CNQ_TO,Transformer,2024-01-01,2026-01-01,48,1.8867489981059904,1.7710817054616137,2.0531333523848656,1.9616786666309087,15997302.31212208,1.439502493106462,1.2991473532129616,1.5920786043449726,1.5975347722579656,12501681.384809466,3.162378223356202,2.817513216339357,3.5326588207974394,3.5169059294099747,80.27897834718529,2.6470398423575188,2.5700013453966903,2.8314495847852323,2.471393812557748,151.2849881327949
998,CNQ_TO,Transformer,2024-01-01,2026-01-01,49,1.612949141724063,1.4852025484683424,1.7369999842173134,1.6484156252032895,15778092.87389005,1.1970347878906284,1.066592153136671,1.3280837621368662,1.2948712290563895,12300007.79295025,2.630174924703817,2.3142316064574526,2.948052983949496,2.850360455859846,79.79788838475405,2.348119101116371,2.2023418713762646,2.4445514893502938,2.21651219915678,150.88442643355685
999,CNQ_TO,Transformer,2024-01-01,2026-01-01,50,1.6434469508711291,1.5576692233790457,1.7631923022405207,1.700395288802875,15996251.647820707,1.2583326055497668,1.1568940643622585,1.2518023585428464,1.3132501882943337,12493618.496658295,2.7662961080486723,2.512874297735576,2.767211520103864,2.887214901344606,80.85639724435175,2.287563719257472,2.2169466054058,2.718416754703984,2.3449607150674225,150.87537372976146
1000,BHP,Transformer,2022-01-01,2024-01-01,1,8.70298989174474,8.906046769159696,8.462629891260724,9.426331428325156,1500202.7215136257,7.187034437347633,7.361725191063744,6.905896317770541,7.835733432617641,1369808.0009806517,12.046348077334931,12.248459079904904,11.614915378696065,13.109024261129914,76.490259461079,7.763245780337578,7.883926438643455,7.765940078468078,8.271142989462652,53.237564400502016
1001,BHP,Transformer,2022-01-01,2024-01-01,2,8.952752756241027,9.172632642702284,8.74714905999162,9.6587988676292,1349967.6249644624,7.563840595344709,7.75058672549618,7.317255109253074,8.201173971327375,1213234.2814034938,12.709386781834894,12.926324573157356,12.340594140052575,13.752655882597905,68.67281483862267,7.58784945260636,7.726761490316355,7.619204711288423,8.063954180129734,50.97456222522262
1002,BHP,Transformer,2022-01-01,2024-01-01,3,6.222618796862281,6.352507449366422,5.835444898015423,6.797531787458345,1688153.2700115193,5.468239008340634,5.57499696154018,5.071778039876142,5.9998061644895015,1565659.146660001,9.22888103741965,9.338329318021184,8.58996178436278,10.106939424076746,86.44803866773518,4.69830041329827,4.792420754379176,4.578932287803927,5.045397877863489,56.12495951716174
1003,BHP,Transformer,2022-01-01,2024-01-01,4,8.714200783603557,8.893030117046823,8.347571988664985,9.584745214570397,1604106.089907481,7.230673195344293,7.383718375339355,6.838856969621292,8.01250339152841,1470591.1669379023,12.12549608599074,12.290703259519438,11.5068609717767,13.412818583877026,81.90350612489988,7.693864837653483,7.797033105838515,7.600668028497641,8.302234953000212,55.44019563452879
1004,BHP,Transformer,2022-01-01,2024-01-01,5,7.914892596744638,8.102874487974917,7.750792176224621,8.534975612520988,1701785.754532855,6.617701851338865,6.778388852335834,6.4047709650443325,7.17903547435527,1575989.5486605829,11.105485019764672,11.290972383538438,10.7854632489787,12.024246317545677,87.1244061847619,6.8680198409800814,6.984115821966533,6.931010456817671,7.2867787823632675,56.83817246511295
1005,BHP,Transformer,2022-01-01,2024-01-01,6,9.215826698566367,9.38827758416275,8.869348441602313,10.15076573513271,1460690.6946889204,7.657709446603436,7.805569828319104,7.285036450947682,8.497383811527053,1333136.8929717524,12.843661973590857,12.995044550306462,12.261179472173604,14.226968706421154,74.52864074849563,8.108205067794186,8.202611642192926,8.029100695085864,8.759636341653481,51.785078672406485
1006,BHP,Transformer,2022-01-01,2024-01-01,7,6.866556624098643,7.035419129248467,6.590652864467976,7.588323848448108,1847061.191294528,5.789122301920547,5.934399080194072,5.473461123040513,6.45002684519443,1735258.721960256,9.72112378916618,9.891379046141498,9.219562150665482,10.812788140838416,94.77280534618464,5.830782378523624,5.935505271259222,5.821870021071218,6.298387883431393,58.31343610650702
1007,BHP,Transformer,2022-01-01,2024-01-01,8,8.420332716494197,8.6081919470787,8.159803403145304,9.114001438943234,1604713.2222202437,7.046608133830064,7.2102844404330195,6.750958325086539,7.673313257805669,1470352.9980346777,11.82745598250534,12.01328360458304,11.371026780809297,12.854781949247796,81.89307553049979,7.295348515160624,7.401236056925037,7.280610050185309,7.766784550568212,55.06329141473941
1008,BHP,Transformer,2022-01-01,2024-01-01,9,8.392011278060673,8.558761263444113,7.990638319501078,9.12785160013087,1401036.360606735,7.055242962141849,7.194468998343464,6.630326689548284,7.719783591799253,1263841.04185587,11.846506204139672,11.990151479050168,11.169977880954225,12.937700733062089,71.28395684090187,7.184948839108565,7.289201721872994,7.077795651381938,7.6841312540386895,51.846897826629466
1009,BHP,Transformer,2022-01-01,2024-01-01,10,7.889074154647817,8.069779269071828,7.674330800154225,8.466027827344226,1768155.22433152,6.469650555337448,6.624249560833857,6.208040298950842,6.988594783299476,1639896.118226177,10.835887580057864,11.0131498339163,10.431309483335903,11.68259505456748,90.25760073832328,7.142296919862955,7.251850730180943,7.166527352332023,7.545117074816826,59.31852172514884
1010,BHP,Transformer,2022-01-01,2024-01-01,11,8.121887449266318,8.349145643332253,7.871072700303829,8.849356124254111,1523048.6174367531,6.83037835602109,7.025465447008892,6.540564647193562,7.488143297521749,1384152.9016627255,11.469858676405016,11.710319989791293,11.0211149084213,12.550718077468312,77.63466427809189,6.95366234422117,7.098733913999478,6.954793153760684,7.446005649430639,54.84745038498296
1011,BHP,Transformer,2022-01-01,2024-01-01,12,8.30306414630144,8.476588606796955,8.090951236247381,8.856906337725633,1410915.3917990965,7.092916963143534,7.2388756079739265,6.840679791718148,7.598252691475258,1286557.6219023776,11.93086400925216,12.085423016628075,11.548724861883944,12.75446403152609,72.06406055284337,6.828413388715925,6.937560518297542,6.859015840736865,7.181905513567094,50.60940515782739
1012,BHP,Transformer,2022-01-01,2024-01-01,13,4.354413301281419,4.491344896354121,4.203966934427211,4.785195713321817,1814446.2912866373,3.788955985007272,3.9068851689688944,3.582252262768817,4.1903578645662485,1701198.8239455144,6.381265285702968,6.5312523205978215,6.048108100578775,7.045177632771633,93.13795466777007,3.361343975442096,3.4580331200561325,3.467908443077826,3.6174419609362816,57.92343836313009
1013,BHP,Transformer,2022-01-01,2024-01-01,14,7.232655525827845,7.396946502127632,7.022812624453129,7.880015584245276,1619720.39009109,6.209878061021664,6.350278880698861,5.959710524750493,6.801258931892066,1482066.9986188686,10.450671369422228,10.607493778028362,10.06483606427726,11.424029339775691,82.67017051650848,5.863599595495921,5.966240013844576,5.896376870796781,6.280769837028352,56.1791462535214
1014,BHP,Transformer,2022-01-01,2024-01-01,15,4.375417195141678,4.50942801446755,4.190541297129081,4.868779586723293,1523487.2487111958,3.9511675809763336,4.054671685940964,3.729047650383468,4.400161865790422,1385235.2012074008,6.693755529179059,6.816425215872799,6.337224611220002,7.438656015501216,77.58471242162514,2.971471614123338,3.1093898543682106,3.0343588083661355,3.2948809369945264,54.558036744807005
1015,BHP,Transformer,2022-01-01,2024-01-01,16,7.604500523076716,7.740573151554825,7.197357815714207,8.125439741220257,1552502.6253894863,6.383403547221195,6.499367819441116,5.951594658047765,6.861886922332842,1412540.5268687154,10.715047727415634,10.82880696748028,10.021206437388258,11.496093881033302,79.14532269907664,6.524579392572127,6.601545587410083,6.415584643036731,6.855218101710074,55.03255079330136
1016,BHP,Transformer,2022-01-01,2024-01-01,17,7.230501506328562,7.361750765753163,6.837470622102755,7.77701751109943,2069766.6133949936,6.037653844451396,6.14729519503814,5.621966624076552,6.534742142312626,1944944.343745404,10.129631688138367,10.23669360675935,9.460926992911649,10.94267011792608,105.16553390220705,6.288416046043039,6.368694806945674,6.176893668529563,6.652800890751147,62.76568730407468
1017,BHP,Transformer,2022-01-01,2024-01-01,18,5.070785711799905,5.243993296383379,4.869006862421072,5.5376678854636525,1762758.355893107,4.449570595362748,4.599845370523147,4.205434500894603,4.889526934780696,1639366.2049004952,7.501177645188322,7.697235395885042,7.111016607300086,8.22886467293807,90.21492459006664,3.805406155921432,3.92450523349503,3.858525217675296,4.061799068578993,57.46069021852463
1018,BHP,Transformer,2022-01-01,2024-01-01,19,7.518585894655485,7.687587866522566,7.253526055709288,8.0685183164322,1563990.532327027,6.3516164727132685,6.494840192963955,6.0487897113465,6.852178547085633,1425168.6788361827,10.669832097686848,10.8292149906968,10.195049493898503,11.487736327475824,79.79736338356166,6.361727481727836,6.468339757796613,6.354861617080722,6.72248908415183,55.55240217402697
1019,BHP,Transformer,2022-01-01,2024-01-01,20,5.4115649001115615,5.559229486747198,5.1948565674939005,5.834124068402469,1775179.521293582,4.721021678579254,4.847266861984204,4.4621549540973975,5.116070901103275,1646410.0153711287,7.954044551354482,8.106124201600744,7.540882836622999,8.603491579091035,90.79616268578668,4.147134249685845,4.249011660573755,4.190297148354196,4.388329787257648,58.521782443047975
1020,BHP,Transformer,2022-01-01,2024-01-01,21,9.520969237635578,9.813687116753684,9.330083550676616,10.378792541047028,1339043.380780202,8.020808351294525,8.272376582188036,7.7876322992054465,8.795605145105167,1207294.5275163825,13.473039779936258,13.793181706772984,13.130790748856876,14.746554381732327,68.25330165043702,8.120275361499408,8.309181554029106,8.161570963184396,8.699022566630084,50.32828893230159
1021,BHP,Transformer,2022-01-01,2024-01-01,22,6.48328743236811,6.6921857361013695,6.262607356160287,7.081860333621342,1788212.695435049,5.676855776839888,5.855397395036156,5.421738575771766,6.233909753167377,1677734.1776274366,9.573878986545427,9.8013693639277,9.176056652905638,10.494334837712152,91.64296140573676,4.942852312845234,5.088643623584564,4.965093416664088,5.293376443941678,56.36827004876632
1022,BHP,Transformer,2022-01-01,2024-01-01,23,7.793555113132195,7.889016642857974,7.8892587590917715,8.592532418623286,1581924.3655199786,6.445038318290416,6.519644119498609,6.482157911090451,7.177926781068123,1443864.449162398,10.802324804160104,10.845140411333182,10.908793369264798,12.01298598702865,80.4540250870692,6.919788163461299,6.976800430077189,7.129949937952894,7.443698442013664,55.53133086136708
1023,BHP,Transformer,2022-01-01,2024-01-01,24,8.636281268519731,8.831216112432761,8.425952841671993,9.269463536485924,1574102.898476978,7.133524702874496,7.299914498766757,6.878551554388377,7.70236506040508,1433736.367381683,11.957118050317131,12.145726069858153,11.56957533092164,12.885350011645276,80.10185070008434,7.704152066061215,7.821747780016048,7.730609305001421,8.144606563291239,56.127620942613056
1024,BHP,Transformer,2022-01-01,2024-01-01,25,6.525234080227103,6.695852781675372,6.28114533658882,7.174398991202039,1486937.673986666,5.641269956674972,5.786330949331455,5.358357759970344,6.236637204021303,1355825.1218901128,9.4990042840853,9.670667786918266,9.052475912087692,10.48199922209112,75.80660856290976,5.1747987143073,5.289452603974889,5.192064509153893,5.585073411907442,52.49631633924425
1025,BHP,Transformer,2022-01-01,2024-01-01,26,8.329190361427514,8.529912798425569,8.19478244235768,8.950673131789438,1546593.4735920872,6.863621356120293,7.036078545232315,6.674371297378044,7.423509917295002,1409597.5342642346,11.50142892665585,11.70373643198398,11.222938066467188,12.415831092926108,78.81979879139259,7.464805515440333,7.586450724084635,7.55070500740717,7.894646040511476,54.757916256602165
1026,BHP,Transformer,2022-01-01,2024-01-01,27,8.526477109678964,8.731814608389918,8.074356774137328,9.33852130537576,1457877.841323136,7.229829810744302,7.403695846648268,6.760989292212544,7.965602228414331,1319260.0936392546,12.15154083762278,12.351011023738325,11.401982681013662,13.36288487271305,74.26291745320476,7.156266633384469,7.286829575856263,7.013474972168378,7.697460606135348,53.35324871219795
1027,BHP,Transformer,2022-01-01,2024-01-01,28,8.661915009797116,8.933337515856403,8.438858280349315,9.570120682138665,1310835.7939466946,7.37062007525823,7.603008655659158,7.109101666807555,8.193679369942158,1178251.8378763036,12.393465437015667,12.689521808785184,11.997933321661352,13.752172781529898,66.74066079397123,7.199911925676959,7.379688425051653,7.21981059349497,7.804936040982503,49.95776053597501
1028,BHP,Transformer,2022-01-01,2024-01-01,29,8.461427689137865,8.680045130030773,8.112748888754847,9.219143587886055,1495075.886137288,7.074744678223804,7.262169052029878,6.697073319112872,7.760016257789862,1358528.8798256086,11.872579793141227,12.097186752054029,11.276452931646748,12.99856813407468,75.96381278826242,7.3389981827742785,7.475500889955551,7.267040048453634,7.85154378996192,53.834298954551805
1029,BHP,Transformer,2022-01-01,2024-01-01,30,7.230796712466488,7.421653926336615,7.044244324793989,7.840181555283969,1436918.7840590668,6.164294146096003,6.328534619517151,5.932182850285285,6.721906807686351,1298387.541532622,10.363592412658251,10.561030313213672,10.007593773971186,11.279649239517733,73.20791168364038,5.9610960405696405,6.082331342695584,6.014684081007405,6.351137932432817,53.15149579967174
1030,BHP,Transformer,2022-01-01,2024-01-01,31,8.174100530570316,8.382572084718937,7.725278205387708,8.952035007883614,1672461.1549330975,6.959613137273243,7.1355060108920645,6.4973213225815885,7.665816275238147,1537865.7662343918,11.70364111616207,11.909751531257063,10.96371116401192,12.866767962205024,85.19547925360703,6.792604261269701,6.929219270106255,6.644512808989243,7.307007103449727,55.987000720832455
1031,BHP,Transformer,2022-01-01,2024-01-01,32,8.621223796999061,8.847825913289064,8.44728519668407,9.320346291269017,1368390.3051252102,7.351556196011624,7.544837460622651,7.1346967138169495,7.9875338618537155,1235273.5841341077,12.364473030853834,12.595179680467025,12.044838999353315,13.407513979166533,69.65154782304049,7.130001941864167,7.275133228494111,7.184815277882118,7.584979946982953,50.91112790210551
1032,BHP,Transformer,2022-01-01,2024-01-01,33,6.270463474899251,6.423645328351571,5.86020295856049,6.879076154802266,1836269.527459408,5.335957556606901,5.4643327429814725,4.892435104975804,5.893534239300849,1714861.151634287,8.969126556976281,9.116266878775091,8.245406028607913,9.888554731432214,94.06283463196964,5.201928122853326,5.307487127390624,5.118896138294732,5.594316352705657,58.90867570771822
1033,BHP,Transformer,2022-01-01,2024-01-01,34,8.524358165036471,8.719468864169693,8.337066801278427,9.18032202747664,1492628.4067786953,7.099780514033705,7.263998369713791,6.863083508930188,7.686983294551244,1345310.5033822686,11.910728966168804,12.095648853298174,11.553686992943131,12.869947762685763,75.70297974890059,7.468903481614962,7.592911586032924,7.521301721843435,7.9284545355943505,54.93928089419912
1034,BHP,Transformer,2022-01-01,2024-01-01,35,6.1005017580505685,6.242418337632806,5.652862355232862,6.72334036174952,1822936.129634404,5.093346949805848,5.215589719403414,4.618739722906737,5.663313792550666,1702157.3810517215,8.543216136235046,8.683665430260039,7.765654108265378,9.483583903283447,93.40879761588428,5.298712257306869,5.386339644444579,5.170138340351393,5.708482545646955,58.70373691849136
1035,BHP,Transformer,2022-01-01,2024-01-01,36,8.808814000444164,9.008201355863248,8.562718074155574,9.576760393994949,1490017.6176498472,7.287263369012559,7.455713567751465,7.0004957868218805,7.97324908077921,1341487.3583593487,12.21699321114438,12.406776555123631,11.776715662503142,13.341552593325815,75.65700860220267,7.835263950776474,7.959533600059704,7.836071949198972,8.380782258082137,55.08540074276495
1036,BHP,Transformer,2022-01-01,2024-01-01,37,5.851740129482308,5.875976957658731,5.5432865458182015,6.223889521227643,2584807.484445712,4.954090274951435,4.973172300572235,4.616323377207691,5.306159706578593,2486604.3244862235,8.32286920015194,8.292420063976715,7.778234942703486,8.898331433553038,131.3268460952119,4.921001414411751,4.921178257703213,4.870745953231639,5.132760466122824,69.01047256431427
1037,BHP,Transformer,2022-01-01,2024-01-01,38,7.449671009405121,7.647824348025273,7.35690603924825,8.01995107306575,1719689.4726455165,6.294560856884948,6.466318436734449,6.200980384534216,6.806055568481603,1576794.682521073,10.574673775544388,10.783052311817714,10.463696474387447,11.410237012787643,87.85226135714368,6.304708907982273,6.425954205265189,6.279046787319375,6.700666398899208,59.82841052256867
1038,BHP,Transformer,2022-01-01,2024-01-01,39,8.513103389961604,8.73355326066853,8.296509668968504,9.231272734295924,1300064.3951673512,7.22480011500021,7.412177665941326,6.967608920043146,7.876580423454288,1169727.3474451448,12.14443711876905,12.366670525233838,11.754720423723215,13.21409077432124,66.21658253009302,7.130271913197303,7.272142591107935,7.157285239634047,7.603947398787085,49.59652051175984
1039,BHP,Transformer,2022-01-01,2024-01-01,40,8.734327792819764,8.926959281725305,8.53881648918966,9.415994080592345,1486955.3820308552,7.238707696697559,7.40294232045428,6.996974614556524,7.852411810000337,1350218.2831165022,12.137433725459584,12.321111952935729,11.773257174915202,13.141224783438467,75.77071903272261,7.734038731995237,7.849612628500554,7.77324652268999,8.204101891577231,53.84640714133712
1040,BHP,Transformer,2022-01-01,2024-01-01,41,8.312463757902098,8.514511589189535,7.888857384844175,9.098662406482308,1492885.9124291395,6.919398255597969,7.090610369596345,6.4737591199431215,7.624934849791047,1342158.949980574,11.60715650917152,11.806189867528484,10.89415553493842,12.766962546101349,75.70527640260053,7.291805034687767,7.420329283705386,7.164043181105972,7.841585480510922,55.66303012923112
1041,BHP,Transformer,2022-01-01,2024-01-01,42,8.12750622812379,8.343805495723988,7.649059721101068,8.873061159141189,1448857.0248172202,6.883742473453349,7.0653388425233095,6.389044348717557,7.555405979699882,1303010.7041136515,11.569649678218138,11.785969552696187,10.772836565127555,12.6734925837386,73.52057476568635,6.850491844197633,6.995804501730713,6.691786044725589,7.358933716073035,53.86586684362017
1042,BHP,Transformer,2022-01-01,2024-01-01,43,8.649132172936138,8.841344824697249,8.39967001087023,9.287261855529495,1565556.5533915025,7.1637042023602815,7.329125966401105,6.8747642754875065,7.741434754938337,1437664.6590833738,12.010663171968131,12.197591696500234,11.565884262563207,12.954634870004265,79.95763910396258,7.663901027737917,7.776234651769534,7.660417490497476,8.095449084393511,54.01651717169135
1043,BHP,Transformer,2022-01-01,2024-01-01,44,6.1929151787879055,6.32616198293248,5.930043106616246,6.67893914814292,1557606.6791190268,5.429405022124433,5.535498908338976,5.133361704898164,5.877532721120438,1426481.2893331756,9.159285553438284,9.267300602987238,8.689212393262453,9.89531963935946,79.54229378617856,4.704686715633041,4.811633373223125,4.706104580250028,4.99942779633832,54.717301421337496
1044,BHP,Transformer,2022-01-01,2024-01-01,45,4.47358390154395,4.622784966246461,4.135261183646771,4.880494775079917,2037589.8498336305,3.824346292599464,3.948936098003842,3.4484215161286027,4.196741647199627,1926890.546767578,6.430193178695168,6.590118460085146,5.810175086483802,7.043266034649958,103.97962834723576,3.6607649640716415,3.7761017165557935,3.6228874174062087,3.928185734259968,60.79220643493905
1045,BHP,Transformer,2022-01-01,2024-01-01,46,7.870761289792201,8.10009933190057,7.563139873793547,8.470690451525762,1398289.4876201183,6.61321839613178,6.808381923161225,6.270390763075539,7.152786718137935,1255010.3467338334,11.103543986811792,11.346520074342475,10.56257701949453,11.985111410310806,70.9879200766255,6.750963932315187,6.903552573875066,6.715211094216654,7.163652815131254,52.61067708287421
1046,BHP,Transformer,2022-01-01,2024-01-01,47,8.814346345436112,9.002396111468162,8.591729348878921,9.46395343729966,1499618.842774864,7.275445033323014,7.435508397937204,7.009006605275933,7.859015601326699,1361054.29724069,12.19398422470007,12.370182838129884,11.78798773024922,13.14639764930334,76.34030471922682,7.874403444760684,7.986230293747114,7.893083837421916,8.326268726899196,54.00783340957048
1047,BHP,Transformer,2022-01-01,2024-01-01,48,8.302185601011358,8.49277539568717,8.058592024119866,9.01642020230349,1686053.6136770824,6.808726519192006,6.972188042022103,6.523167325413898,7.4492851300415,1555349.8826437346,11.403966064288351,11.59189652699366,10.961677997816864,12.454095063158189,86.10261486545727,7.515488167951152,7.629682641980422,7.515397328524657,8.019739460240904,57.49658775221875
1048,BHP,Transformer,2022-01-01,2024-01-01,49,8.244115043752018,8.485000752762415,8.019852175859244,8.899270782325605,1546733.5614767014,6.805904799518088,7.011608855443277,6.537724415140826,7.392722056701129,1396385.3095335504,11.407291319466516,11.665564507394784,10.994575159748257,12.366830113397098,78.5591155641637,7.366470637276006,7.524013596560598,7.383234026630199,7.82882307679358,56.771408889066976
1049,BHP,Transformer,2022-01-01,2024-01-01,50,7.049021311294811,7.216309224669379,6.606051605469939,7.721440161211962,1423386.9769708028,6.143281882194468,6.280783610359952,5.682885178924628,6.759084737558868,1298722.612437735,10.361418675003318,10.513323114154296,9.61681674260819,11.377728010214152,72.69257198572626,5.490113422332942,5.61143013765044,5.366619692153218,5.914877523930807,50.747520306324056
1050,BHP,Transformer,2022-09-01,2024-09-01,1,0.8980103413659725,0.8604081326445354,0.8065530600637097,0.8093004452638204,584604.6971603561,0.735366953661598,0.6820582637830594,0.6533215683641738,0.6604210630120034,495530.83037061646,1.4523626462634598,1.3343319535794955,1.2962512768380623,1.2993972132628042,22.404159589936672,1.0095339119512698,1.0154860128050704,0.927148193605001,0.9112346104709916,17.3183421888486
1051,BHP,Transformer,2022-09-01,2024-09-01,2,0.9280454082651582,0.9910768991125264,0.9777225045725222,0.9533149426619806,580469.22031085,0.747862578102563,0.7918336555442288,0.7855985789471553,0.7599421220313232,495813.771557362,1.4683552824412454,1.541786810583786,1.5511019085653373,1.4871203023796429,22.332414078960685,1.060577308242591,1.1430847264093371,1.130951111243376,1.1085818297360677,16.84766725662158
1052,BHP,Transformer,2022-09-01,2024-09-01,3,0.9113720945261172,0.9782929312885732,0.9166072561756894,0.90952797822159,512999.12670239824,0.7123621870262156,0.768202267349114,0.740806788888968,0.7336293552191262,432023.82457464375,1.4021083598948654,1.503170262576712,1.4696631427482676,1.4439651736348271,18.885649854830444,1.1135463278183386,1.1791190016112427,1.0668967598312358,1.0531148664647292,14.256847987228491
1053,BHP,Transformer,2022-09-01,2024-09-01,4,0.9273257250822596,0.89597756352651,0.7945753199839726,0.8381661688618135,497246.6876696923,0.742648161577203,0.7136035542203849,0.641840915882219,0.660007731067846,410524.7387076609,1.4717877666946833,1.4018402235657088,1.2789706173840296,1.3053324402476645,17.612726189156582,1.1068623650724596,1.0622666193820811,0.9315462413059856,1.0252537122023742,13.49181773550628
1054,BHP,Transformer,2022-09-01,2024-09-01,5,3.090209991892688,3.269250946862992,3.29972519853648,3.289242236326456,523111.4079473474,2.4810227493073853,2.6862368684957527,2.667195888138218,2.663141568426014,439194.1089138113,4.876430579968952,5.248484051182966,5.276495825500497,5.228516683556186,19.35269712781833,3.573293163701061,3.593452555507625,3.792881542545566,3.736142301648383,14.925830120481535
1055,BHP,Transformer,2022-09-01,2024-09-01,6,1.0349490497856002,1.0346324958300237,0.9190889628964244,0.97882352227479,488477.5697085607,0.8639182626798897,0.8901807959233511,0.7930995834894439,0.8430717409498502,400545.1392106472,1.7072098820553316,1.745394554531292,1.5774217668823116,1.663967052142499,16.975374141242444,1.1279867044389835,1.028460914865181,0.918046846882685,0.9811337971365092,12.824266475390386
1056,BHP,Transformer,2022-09-01,2024-09-01,7,0.9465356170142326,0.98369043584651,1.0069360837069945,0.924238070525129,534752.5730040938,0.7916595525457725,0.7983490585698445,0.8270573962172619,0.7437575808689568,457004.6756674829,1.5543179172375556,1.5534328421550758,1.6315312601731924,1.4545031032766251,20.201200716914148,0.9985110582648122,1.0998581199719553,1.1119865884597817,1.0554831319845182,14.891966624133616
1057,BHP,Transformer,2022-09-01,2024-09-01,8,1.028308725936358,1.0582911878946026,0.9558690169194132,0.979923368112291,499936.8177558375,0.8581183088090676,0.896424025633484,0.8041376478410707,0.8476040864154676,414281.58880568057,1.6939802938098567,1.7562487888200131,1.597378878449722,1.6712502955919468,17.942577374608,1.1093388076975093,1.0909396027992089,1.0181018265119537,0.9601823102594124,13.905813623181482
1058,BHP,Transformer,2022-09-01,2024-09-01,9,3.7502440600830953,3.93838743450905,3.940175162630429,3.939237007777076,502396.34076016734,2.8362199454677133,3.0373993311367604,3.002551892396866,2.99945693576317,419234.3162485212,5.568750184016237,5.92806378865605,5.932835588504936,5.881238968518083,18.179144176130947,4.76038614115548,4.83622149338685,4.979626928900757,4.943169397927908,13.795037834416036
1059,BHP,Transformer,2022-09-01,2024-09-01,10,2.6936632595927854,2.851903849636125,2.8602487531817573,2.843738822439982,599155.8688732266,2.1642993442198475,2.343692581017342,2.3175239778719163,2.3026523566870365,502157.80418510624,4.253046580406863,4.5782304781502985,4.58427988049601,4.51966883799151,22.69547951550993,3.108579753439249,3.132948141575364,3.2707790483090484,3.2288232181773493,18.322585343035747
1060,BHP,Transformer,2022-09-01,2024-09-01,11,2.30831656895219,2.45898456598392,2.507959696120532,2.4678099794668737,608401.5209017984,1.8093558526856748,1.947857971525748,1.9756388680818475,1.922931383413164,512349.1166106805,3.5515502274900994,3.7992925944799416,3.9034829706089487,3.767964773522933,23.258545640220284,2.7740878431358227,2.8916014547104947,3.0105214677789167,2.9912905303523143,18.54412549730009
1061,BHP,Transformer,2022-09-01,2024-09-01,12,1.5903314555867245,1.7256467436166592,1.7406637585810991,1.717989970542923,559646.980718806,1.3108834774255962,1.4474728843024087,1.448946034487904,1.4208865105729716,477522.9409213129,2.5734445158686072,2.8248937524395994,2.865079630803073,2.786074640055114,21.35655289854151,1.7396806374721432,1.8065445643568008,1.876346712710352,1.8634556195196563,16.152954527605313
1062,BHP,Transformer,2022-09-01,2024-09-01,13,1.4214429547676324,1.466231713800292,1.5234088090960274,1.4761173827378964,527259.154350364,1.1909334275551895,1.2680017794219578,1.3065716702291756,1.2586208933145748,444021.7115548088,2.3375062444963737,2.47464065192602,2.5839434563158385,2.4683870476616407,19.577045215836847,1.49938348226028,1.4134744013314609,1.521909202481797,1.4864490815174918,14.942531716058989
1063,BHP,Transformer,2022-09-01,2024-09-01,14,1.0451142975372836,1.0911249520664943,1.16981461928,1.1638262619160369,532893.8443330298,0.8450600601507106,0.8270665092620096,0.9068202838429008,0.881823386583103,453937.71913861786,1.660696557874639,1.6072215567889632,1.7870148062234923,1.7223400893733911,20.00892221770799,1.1901286502609087,1.3658407687530212,1.4336158411019662,1.4629114378754604,14.646890427429154
1064,BHP,Transformer,2022-09-01,2024-09-01,15,1.475676330592162,1.5836420941681977,1.607661690864308,1.580332186449915,567755.8659661302,1.2390426833649333,1.360690124593564,1.3712150167981652,1.339884732384688,485369.4993679879,2.4337731861236787,2.6570393401379886,2.7132130315016583,2.629212572675553,21.757957184061123,1.549983509113691,1.5583729730157951,1.6331695594017968,1.617503615670483,16.272363993176587
1065,BHP,Transformer,2022-09-01,2024-09-01,16,1.1634738818667825,1.2250208111053598,1.2386232523473355,1.1978502740105288,622283.1351039812,0.9992609248423168,1.0674932733639158,1.063919987435285,1.025918695338226,522687.4520641475,1.969971201063683,2.091830802280568,2.113822931570856,2.0215108374346613,23.80240209721152,1.1673416655774291,1.171698945682877,1.2531224494256414,1.2108445454789771,19.24864145206133
1066,BHP,Transformer,2022-09-01,2024-09-01,17,1.471414719024807,1.4019355173028525,1.3065660032846211,1.3472712853264233,522244.1525325991,1.1425692019602172,1.042153775925377,0.9795444199002796,1.0013182227412494,435732.0317295061,2.2521696499812967,2.0342571622489696,1.938367890818031,1.9657431679067816,19.250647952010866,1.815072190195279,1.8206381806473708,1.6968899834545952,1.7585181521831048,15.187570865072036
1067,BHP,Transformer,2022-09-01,2024-09-01,18,3.925638256095669,4.078555972494501,4.1001660912090845,4.09323087189818,500994.869565226,2.99787399826051,3.179533939583844,3.15417869929425,3.1520622654046764,413891.237950596,5.887900595232633,6.207215648513809,6.234028395322735,6.182663373527262,17.764864060324108,4.918223743324974,4.927750149425616,5.113736923298909,5.054854030689024,13.548227192706351
1068,BHP,Transformer,2022-09-01,2024-09-01,19,0.7368828824233551,0.7550553384732394,0.726014151150584,0.6984716605622735,543932.863009458,0.6189677748571621,0.6093403542336152,0.6037616989767935,0.5671809076971672,456564.7180509481,1.2190176438780291,1.188914084886202,1.1949384531754288,1.1127560928274822,20.370409838806182,0.7785215890073989,0.8578186058554156,0.7849442320259659,0.7898779320887613,16.20620518105152
1069,BHP,Transformer,2022-09-01,2024-09-01,20,1.5140594808931789,1.6537433547246605,1.6897043646472734,1.645796808308529,494658.7303733994,1.2675373851909382,1.4409391475777786,1.4511043152788785,1.4140947147793423,406660.66314290377,2.486774495315484,2.812376690703868,2.8690774320556405,2.77378287356602,17.28440806776913,1.6000643153644465,1.5565956887312569,1.682412019003109,1.621013662186719,13.087855952415332
1070,BHP,Transformer,2022-09-01,2024-09-01,21,0.971443605651022,1.001702063120359,0.9233906014191888,0.9325599671665176,569088.3234032061,0.7764394395306664,0.7943831185142505,0.7409585424141343,0.7651952951441433,472581.9393147586,1.5301361808848224,1.5536407254397533,1.4696925992841707,1.5056840827004672,21.32044552667391,1.1420530995120928,1.1861607605432212,1.0864019934879712,1.0411321282770387,17.532178325031424
1071,BHP,Transformer,2022-09-01,2024-09-01,22,1.0694296786054474,1.170108674526237,1.1839037068345712,1.1466797651535068,492633.5097387385,0.8653432455915794,0.9941075381933936,1.0097571205078553,0.973230846960931,410262.8092145207,1.7026414938471723,1.9453003504856767,2.00322772590879,1.91527685901295,17.65549874276209,1.226463863709333,1.1974199812554902,1.2153243439721124,1.182091863216585,13.12538062744584
1072,BHP,Transformer,2022-09-01,2024-09-01,23,2.1093000813724814,2.270576958109256,2.2845216637288863,2.248596856794662,606479.8055618217,1.7428542763730557,1.91516259659871,1.9050742777327907,1.870825172325844,514306.4660500942,3.428295833262561,3.744560665453369,3.772943363979656,3.676064429872028,23.27677364442245,2.3052735390052126,2.3558146689651807,2.4647040032439342,2.4186664679410192,18.034061723801063
1073,BHP,Transformer,2022-09-01,2024-09-01,24,1.5990075910995267,1.7593252147341258,1.611437404350343,1.5330801025423644,559444.5807813628,1.3781809072230675,1.5646396165111236,1.3995899813101709,1.3272747225508337,478295.5078514648,2.7109151763416106,3.0606549782230226,2.772215518727018,2.6073661235403787,21.36790728723219,1.5706912680136065,1.5505415440128874,1.5578452076263227,1.4830306267558122,16.02100924253192
1074,BHP,Transformer,2022-09-01,2024-09-01,25,2.504950029945508,2.684674924767101,2.7047929572773226,2.7018453349690823,588539.3008725874,2.005980732127886,2.2008587991131208,2.189440175169441,2.181067747671954,497247.362088201,3.9399742991587945,4.297425552210086,4.329497708971148,4.279343185760077,22.44257771418995,2.9059362063507166,2.9620342632404943,3.096549080811215,3.083743066062789,17.669844500788408
1075,BHP,Transformer,2022-09-01,2024-09-01,26,2.5073687870283847,2.615131478843062,2.6615972034072204,2.625552336244342,548772.4913861812,2.0286823492570063,2.1554869371537952,2.168814940145048,2.1322225724021493,469153.91624592367,3.9870045876892073,4.210499596100261,4.290697532579411,4.185090687192735,20.889356539309244,2.8558587323282514,2.854689467244132,3.0099124420072,2.96395411432098,15.543316706565042
1076,BHP,Transformer,2022-09-01,2024-09-01,27,2.04186205799717,2.1423688368359013,2.204547478030041,2.138173335821179,526363.9289449102,1.7099260363612423,1.8273752437534097,1.8588849056366,1.8018315781134444,446538.6258687588,3.367883436776884,3.5769660627240505,3.685723766297001,3.544789018718133,19.646127832351063,2.173511970748731,2.168693860707553,2.325621404291021,2.240282697979853,14.705007807270832
1077,BHP,Transformer,2022-09-01,2024-09-01,28,1.7104839591306418,1.8046481047388745,1.857758798560852,1.8168988484557256,519751.9557059594,1.4362676327728263,1.5505174830633204,1.578132305933669,1.5394981417408375,439435.81467897096,2.821822707737336,3.028414910492321,3.122686114782686,3.021709921387495,19.319860143205688,1.79601551149653,1.7756839061090102,1.907997183553376,1.8621224128720413,14.483396417901654
1078,BHP,Transformer,2022-09-01,2024-09-01,29,0.9901265416022244,1.0287172050838698,0.971441382086996,0.967604989429212,539085.0907693254,0.7595400449859475,0.8053834835631922,0.7726916942810175,0.7699697834650877,451753.2705767354,1.4952594209273136,1.5753991132265537,1.5334440204918982,1.5158062211835373,20.160365175708623,1.2452923009198402,1.2472765934708558,1.164251816924728,1.149113152774586,16.009030245031283
1079,BHP,Transformer,2022-09-01,2024-09-01,30,0.8265401119630504,0.8322916240462508,0.7522532296361379,0.7618545368098514,492664.0379641865,0.6823231860458023,0.6793358708072629,0.6281058472743417,0.6410964508727655,410144.4934536933,1.34854117640001,1.3319828602685195,1.2485600389693252,1.2653588278940422,17.625307006954483,0.9166672066320224,0.93223559155699,0.8146088603514309,0.8048134783898552,13.138203647064705
1080,BHP,Transformer,2022-09-01,2024-09-01,31,1.9905724408321743,2.1209191619556687,2.13916842961352,2.11256579856776,538686.9580759509,1.6246860330895545,1.774116879932567,1.7668915049289242,1.738363893606237,459473.3705527234,3.1903959956587715,3.463654426339518,3.494014874448699,3.4100176632695907,20.37728895193133,2.224628576602256,2.2359281329727523,2.34757602972157,2.3176002802699536,15.225235045834118
1081,BHP,Transformer,2022-09-01,2024-09-01,32,3.15405846858042,3.2863215137967705,3.3412998513551293,3.27158003168654,501136.974742996,2.524939885066558,2.6932757738887205,2.6959486916872475,2.646447130067472,420947.8213125783,4.962941999789774,5.262310905635606,5.333554616053926,5.195862464025276,18.1600061212056,3.667070285818822,3.632166276284888,3.854253177323204,3.722808430943917,13.332853154073677
1082,BHP,Transformer,2022-09-01,2024-09-01,33,1.26463888566059,1.3907413481298398,1.39811551202665,1.370545482279898,530592.8393894704,1.0496406718542273,1.1937589878361494,1.1939726199290253,1.1710686674242878,450639.5102148883,2.07213505406842,2.342305168979149,2.374335667074906,2.3107582158644133,19.970421335044225,1.3860391019639953,1.3968853990541903,1.4427686366182595,1.399999906581327,15.117369928258404
1083,BHP,Transformer,2022-09-01,2024-09-01,34,1.7800329508401551,1.8999293179558543,1.942939233035884,1.895124773385616,490094.0026944368,1.5254977773731413,1.6693821733255771,1.68071583159938,1.6444023841196305,407039.3885931727,3.0006787698732973,3.2647046312810493,3.329400773821088,3.2320030100322064,17.45671772398066,1.7769181399901424,1.7484427161531615,1.903251206070871,1.8212861469677308,13.012928235294494
1084,BHP,Transformer,2022-09-01,2024-09-01,35,1.3970050296017276,1.5331177519238417,1.5446298571653272,1.4846020588542916,494813.83705971536,1.195051423771463,1.3575781169664038,1.351248680173227,1.2982485624955775,407214.994336138,2.3479839084519667,2.652978547863206,2.675185009777813,2.549488465082578,17.298549457324842,1.4012607158905137,1.370842762909111,1.458851619175841,1.389852930012285,13.053483361072256
1085,BHP,Transformer,2022-09-01,2024-09-01,36,3.06583112386482,3.2504635025869635,3.246649802454224,3.244740441581097,575045.7862361984,2.432066824982432,2.635905473193843,2.5968692575850403,2.5959821069732167,479029.6657411667,4.779480208335999,5.149203890961259,5.13661498971157,5.09564960287094,21.585118823608767,3.6210481715814895,3.6693852907626208,3.804595432554372,3.769063773821868,17.702277532856055
1086,BHP,Transformer,2022-09-01,2024-09-01,37,1.329142487243782,1.3942700981707643,1.430383011930779,1.38243385484264,566474.9478906612,1.0526441902893586,1.112662167467224,1.1366648249748257,1.082713502366068,483683.5280846867,2.0615862644009173,2.164975917691209,2.241263572767908,2.1161602599946794,21.659905307615794,1.5667982419302655,1.6125299425721482,1.6866583191975215,1.6564720916201885,16.318994586212305
1087,BHP,Transformer,2022-09-01,2024-09-01,38,1.7779483779903944,1.884286234590044,1.9134525371373063,1.920609928156786,558769.3612670475,1.4447072687361322,1.5682544429065304,1.5776084391910772,1.5815685985438366,473111.3906136498,2.8351313107233898,3.059800692400072,3.118363079325411,3.101044404588004,21.19964448843784,2.002925474576544,2.007690539945492,2.105782580966192,2.1018726804844814,16.37391736553007
1088,BHP,Transformer,2022-09-01,2024-09-01,39,1.225415884647221,1.3397036525424326,1.3702088646530912,1.3387306868648368,499887.7081176098,1.0403892488486923,1.1818164412245225,1.2068736665012716,1.1816030850603636,422595.943640922,2.0474418867480817,2.312822898843649,2.393592328791456,2.3250462817382784,18.246101347085684,1.261265658392278,1.2227771181657476,1.2737096060912272,1.2237356724724415,13.150321043947605
1089,BHP,Transformer,2022-09-01,2024-09-01,40,2.34464737258186,2.5262578044586426,2.5569625940221026,2.5277739075230525,555066.0659057199,1.897405540978587,2.085752873172985,2.086198169590045,2.055810256091916,472880.5251572113,3.728625393721784,4.074376382604472,4.127367730231338,4.0351570327233,21.11455268066528,2.6690414820776662,2.7482429224405767,2.88453123936262,2.8461802665419578,15.96719064784602
1090,BHP,Transformer,2022-09-01,2024-09-01,41,3.0229110751863555,3.19121103496302,3.222565414233985,3.213425268581281,676374.8640532481,2.352384044060739,2.533654896022352,2.5325979314626608,2.513660568194596,566734.0093986121,4.619053505903788,4.945207069856826,5.005605172278214,4.929360853202914,25.877716820489265,3.6801356869177697,3.740115701031626,3.886623344884519,3.872947152963949,21.23751320707732
1091,BHP,Transformer,2022-09-01,2024-09-01,42,3.3807931840585006,3.5697686749108506,3.590357488802209,3.5858532903521017,520436.7641612062,2.65269140862418,2.872387128591789,2.843180411349765,2.849017437400016,434139.6634918398,5.210720034710603,5.609268447898341,5.621291378857354,5.590466088405548,19.09186860063984,4.064447610655901,4.0858945579432575,4.278053500703212,4.211960287388596,15.00125343011947
1092,BHP,Transformer,2022-09-01,2024-09-01,43,3.0756841495084624,3.2379876804227257,3.27412591546898,3.272915160944374,633880.5182539927,2.326852685432796,2.488313332138113,2.498159338227278,2.4795280995661444,535438.6038613148,4.566173251633066,4.853273683654787,4.934231598184679,4.858479315360844,24.37407404712944,3.899357477700791,3.995117095569704,4.127785588404492,4.134182521408841,19.39873031391385
1093,BHP,Transformer,2022-09-01,2024-09-01,44,2.573177050979629,2.735126423552506,2.778644709935969,2.7628545162031624,538631.6040381909,2.1283577246184096,2.321058834877214,2.3173769426730235,2.315238321684334,455913.386205626,4.185907892934996,4.5381542987928185,4.588204895949946,4.5494598761964085,20.214406920062395,2.805285409069296,2.791532919910085,2.995318436075296,2.91885990584026,15.444242445158997
1094,BHP,Transformer,2022-09-01,2024-09-01,45,0.7636109594394755,0.744360261187046,0.6857791267120259,0.6793410215324449,498134.0737548479,0.6226169102311708,0.5577410908883109,0.5500341227587401,0.5489498506931528,417231.40144581377,1.2293774006365632,1.0899237522202696,1.0900636341669874,1.0791269117496127,17.96660219982849,0.8678739659186271,0.9537250760362626,0.8021263207294356,0.7780938184472505,13.260264236224414
1095,BHP,Transformer,2022-09-01,2024-09-01,46,2.006266099088092,2.149738126509599,2.1761392057498954,2.137077693050984,495874.1055612217,1.6463341856482854,1.810963076183554,1.804609420424711,1.7765318200198237,409618.5942249085,3.232756305890021,3.536032521197662,3.568731688633784,3.485505348916744,17.463489996061682,2.216758248417399,2.2269166305835584,2.367254889927619,2.291072823502231,13.12577066286951
1096,BHP,Transformer,2022-09-01,2024-09-01,47,2.589955313557064,2.754795183413041,2.810615933511175,2.7523601057594886,491986.0659486456,2.1545377135833514,2.345068477071448,2.352045298744564,2.312181812931814,411121.96052375546,4.239872048591622,4.5872070464586665,4.659085303532744,4.545400049276442,17.611594089368126,2.792014487889896,2.793015788803032,3.010613594887538,2.894799960939221,12.835719013253938
1097,BHP,Transformer,2022-09-01,2024-09-01,48,3.710572399124288,3.9078430594683633,3.9219988529183496,3.9247369853459935,496884.72067267966,2.898516573110194,3.123147808618045,3.0865531788484684,3.098744326214671,410055.340498964,5.695861422162725,6.10079759579327,6.104070517592733,6.08227891333614,17.566793872090848,4.496394048966403,4.532065841483995,4.7256638926109,4.663605205465172,13.304798795547848
1098,BHP,Transformer,2022-09-01,2024-09-01,49,2.3303850583608523,2.4765589218318675,2.508989654469762,2.4857316106259657,504304.6158234191,1.929366969479635,2.085700080097612,2.08637611018649,2.069327672615992,421243.18067291897,3.7994841707771534,4.081990826373249,4.135691799796764,4.0702793734442935,18.07079468177601,2.5454315441463824,2.5888692788052534,2.7341123497007587,2.6795116670650163,13.245317907010392
1099,BHP,Transformer,2022-09-01,2024-09-01,50,0.96945519926839,0.903343987590901,0.8381520896346076,0.8470925871359982,542921.4137490586,0.7760114766824903,0.6940880369012667,0.6626395921851961,0.6712614903720968,457645.97188813577,1.5343496690263876,1.3577818544051714,1.315063357098218,1.3213515732242598,20.386090773057493,1.1450026652469592,1.1239234099295194,1.010448634136478,1.0123603532099688,15.884458634895871
1100,BHP,Transformer,2023-05-01,2025-05-01,1,5.431722224210759,5.019428179343757,5.828875340064258,5.678927310498693,2108697.220158393,4.529150900987677,4.2276462448423375,4.722392005070599,4.734237953643669,1264214.2735614427,10.184637064508944,9.305790369828578,10.860199233466792,10.645605153083071,26.717099385848712,7.3633197844790415,6.351462553990099,8.665286682060465,7.7646336985811315,22.400213266970848
1101,BHP,Transformer,2023-05-01,2025-05-01,2,5.760726930021238,5.271619524729017,6.054942196698441,5.869300601823821,2105136.3576021204,4.909273346899029,4.520975299584452,5.010717609053343,4.972475434686629,1264050.8413420108,11.008871766813462,9.931744630194116,11.487625982039413,11.156738871260831,26.736300616128343,7.403481504749738,6.3586965681321965,8.621111509467672,7.7108582227807965,22.25191931703972
1102,BHP,Transformer,2023-05-01,2025-05-01,3,4.592147952520605,4.004756788271363,4.855987444305193,4.608272101966174,2114733.913132524,3.923726565767065,3.4515954305115986,3.998155357360509,3.9017408768087214,1269343.7252314417,8.797335489383844,7.578676526781473,9.174538641194893,8.757001093882248,26.83567511948836,5.90348387469479,4.7836827081318765,7.036230394127566,6.126135220828861,22.432124555338977
1103,BHP,Transformer,2023-05-01,2025-05-01,4,3.8374513179205385,3.165331371415177,4.0043868456578045,3.650488125073316,2129264.025608505,3.0358423740263665,2.483919661128984,2.942805899492844,2.757960533057335,1276498.4428593854,6.8685877012138965,5.503815102137644,6.853835156122344,6.272716102823359,26.830940395779784,5.769679453959482,4.596743291651547,6.870770811325317,5.928524536180943,22.55274757420052
1104,BHP,Transformer,2023-05-01,2025-05-01,5,7.059550229025294,6.590716714209343,7.35650174712119,7.229704722085539,2119251.008915569,6.092732440159906,5.704918071751154,6.195851763524191,6.202343709984618,1273503.8344397373,13.634188956825655,12.516055997364193,14.161884141740828,13.886438352651805,26.83770299840772,8.725777346936825,7.723052193237491,10.028464805766152,9.14112521222109,22.29545445282598
1105,BHP,Transformer,2023-05-01,2025-05-01,6,6.069231640489679,5.538581029207289,6.331083122820772,6.154745886429565,2113541.7441873364,5.176033680998661,4.736752366546054,5.243872682632434,5.20664608082369,1268159.7824528194,11.603142300396788,10.406805912662946,12.017268221274684,11.680943456906087,26.67997323748843,7.761032477332601,6.7152552145610205,8.968308110523427,8.081424920940956,22.29994472092577
1106,BHP,Transformer,2023-05-01,2025-05-01,7,2.4795179355258585,2.0041698473872245,2.784199554702822,2.4666663655008745,2158336.429088325,1.7591350509660653,1.4820687691955827,1.921168249926149,1.7091580063531675,1295668.6126846308,3.990637994901039,3.244920612340733,4.4625443530828885,3.8690348872399207,26.98189365463571,4.259931197591398,3.048186432272313,5.058230444584375,4.3211204823786815,22.64938212831003
1107,BHP,Transformer,2023-05-01,2025-05-01,8,5.685869388185585,5.223752480511528,6.01331226669146,5.900190560393057,2094945.3861713496,4.929952958791409,4.567886405623821,5.0781921699748045,5.10552037500235,1258004.018189629,11.030683440637128,10.01290139718088,11.608099452895996,11.422324069329676,26.841321861322616,6.984103743894194,5.95639309186928,8.1989989874583,7.339952916601884,22.377616118187323
1108,BHP,Transformer,2023-05-01,2025-05-01,9,6.373024912275834,5.992552154467353,6.763882225222594,6.636373538178622,2099172.978903261,5.602702281778645,5.315530839022432,5.8178574676195485,5.822674931604082,1259786.9090580342,12.513025176163664,11.6336401486382,13.26307974163555,13.00304492684708,26.756956318806623,7.510986990198091,6.525917082693892,8.814392387170198,7.926447815638755,22.34362845763344
1109,BHP,Transformer,2023-05-01,2025-05-01,10,6.535952774642428,6.080259337902971,6.8617703609552265,6.623296445976756,2114473.9637541734,5.535786812096906,5.153078335084129,5.668316464065871,5.56267487146404,1270699.157356331,12.410413725101725,11.323403736022192,12.981595161156264,12.479351650974497,26.652267216332508,8.429263033661234,7.487578067825486,9.67870100968176,8.753374082852257,22.08175396884578
1110,BHP,Transformer,2023-05-01,2025-05-01,11,4.47636542164376,3.85015338598584,4.719514743794806,4.448875674924517,2129492.818321706,3.5642366471912377,3.045534788871778,3.5617134221800475,3.4677369638476807,1278298.1595590587,8.056841321134273,6.742313582512606,8.26650534993787,7.858954249418752,26.81708139556681,6.634600151058417,5.508475421955832,7.8202658978437185,6.88428421810976,22.44499637145524
1111,BHP,Transformer,2023-05-01,2025-05-01,12,5.116312651565805,4.546813945758972,5.386916101879805,5.034540858595808,2120037.3267039587,4.3837801392689935,3.921366813605449,4.4679142744620375,4.257995740840495,1271743.8771459633,9.824589123159727,8.60963066096879,10.241024393913191,9.55814053990222,26.7935430789271,6.501847230861063,5.406650536045087,7.656361722303504,6.678484310653274,22.42865159184352
1112,BHP,Transformer,2023-05-01,2025-05-01,13,5.063734132064506,4.501442414870448,5.394144114764169,5.126133043994232,2126001.7764708563,4.193614309800295,3.738663455918677,4.3079464400040655,4.197821240333862,1276400.5460241782,9.437553146633189,8.240047527876177,9.926623276084676,9.460149106779198,26.80527330720496,6.985736726941714,5.893886250135654,8.24901817506434,7.3042669529217426,22.35434938298265
1113,BHP,Transformer,2023-05-01,2025-05-01,14,5.817828145476407,5.377868606761157,6.166664833029084,6.035469773117419,2108935.046800004,4.989488771222977,4.651936495150529,5.14589754281968,5.162088469269977,1267419.8867920006,11.18148433102891,10.211715637008624,11.78589317954619,11.570026141577817,26.84784751984396,7.375243049803871,6.351375157482238,8.651828423112521,7.767312432157773,22.32102985886611
1114,BHP,Transformer,2023-05-01,2025-05-01,15,4.836597206290127,4.278133490142821,5.086768004807063,4.8650044303179945,2118788.90287168,4.127345579045295,3.6777174589663626,4.183711675819954,4.1122628943349415,1272358.0161346374,9.253210340950847,8.075420897286914,9.599659462211978,9.229294326601067,26.78506685484223,6.219804797075866,5.132874116184919,7.367836611694948,6.470136143453821,22.295388052225302
1115,BHP,Transformer,2023-05-01,2025-05-01,16,4.081680578498517,3.4978785266206365,4.38876469750086,4.106847829755614,2109611.9853434586,3.3173034290567385,2.863007084181055,3.4145063916276173,3.3018496927609946,1266424.8677264058,7.484309321105025,6.3212995946684405,7.897767651163353,7.460501569945606,26.87400949239578,5.856664954306392,4.721143376008816,7.004612895349879,6.078958070240336,22.43106698846119
1116,BHP,Transformer,2023-05-01,2025-05-01,17,3.4277604599966445,2.7556545716853127,3.676512382815355,3.31217476009227,2129056.3388013705,2.504551102536032,2.0255591346392348,2.502834386337132,2.31427921699814,1276044.7190327267,5.70866878833323,4.508824835132442,5.878953214444585,5.301902863904123,26.822070342870383,5.701346929592844,4.365886367000133,6.772559282004941,5.841067886783073,22.565910002151007
1117,BHP,Transformer,2023-05-01,2025-05-01,18,3.155197029112107,2.448914373159424,3.3500926734831222,2.984201329382347,2144090.721053018,2.2732720124519896,1.7830804821862156,2.2439459893010203,2.035096865128764,1287724.5369849568,5.1884474930316005,3.970105905828958,5.280297970838625,4.672301454709163,27.025041856306352,5.3387661921566565,3.929248745475421,6.274110989548738,5.394797405140885,22.59047911174164
1118,BHP,Transformer,2023-05-01,2025-05-01,19,7.543901612371354,7.24939582040832,7.873727119244363,7.722947685580536,2122637.108324499,6.5780278652190125,6.300808539894143,6.761639912942362,6.699632912464224,1274189.7073074405,14.624936802878633,13.742357196281151,15.317709222941502,14.890364209084211,26.705425327019107,8.694260916697976,8.067683228380764,9.786420371383084,9.041119051962111,22.235740223451263
1119,BHP,Transformer,2023-05-01,2025-05-01,20,6.018260384406815,5.725229786051613,6.429909570742506,6.330368106365104,2083461.9348474664,5.177307391772522,4.970250401336473,5.407601179755134,5.441966150123686,1252716.2415151407,11.59076664180489,10.897575974256194,12.360762379977714,12.177935888008289,26.7862216971912,7.507869826469506,6.629502631586039,8.785286802963522,7.948607592058692,22.20749305654657
1120,BHP,Transformer,2023-05-01,2025-05-01,21,3.522631607651449,2.821570454968663,3.679955592276837,3.327469038625797,2128976.756036885,2.8017131499283034,2.2254871089835944,2.7012548653974773,2.5190365735736004,1278323.3721935195,6.335128599202868,4.928669313194676,6.292290444451025,5.728326657649109,26.875823724342684,5.267249608129963,4.072908044146346,6.3424499719729965,5.41744602707217,22.453790997978388
1121,BHP,Transformer,2023-05-01,2025-05-01,22,4.818335259699933,4.231631817294566,5.041176029444299,4.802095931115519,2123628.5222245464,4.074719818882874,3.604682156181769,4.089812855499213,4.011099913737383,1274420.265629792,9.149802899168174,7.927238084795868,9.407011027915454,9.020897952119894,26.81384466797281,6.364469612514754,5.231893573302869,7.525727489230494,6.59789763894292,22.413329028626485
1122,BHP,Transformer,2023-05-01,2025-05-01,23,4.309585243156568,3.689776617039717,4.52773922975268,4.256359567924729,2136208.5037494283,3.3642976136596348,2.847060317228889,3.319066906203904,3.2184929754205607,1285347.121791765,7.615931702829132,6.311074394499841,7.724992570450031,7.311703188672842,26.92059626067985,6.579664572065728,5.471448101231995,7.75346179016453,6.854789063489643,22.29423392864697
1123,BHP,Transformer,2023-05-01,2025-05-01,24,7.747652618552313,7.45325498042369,8.153530666438632,8.090586685180604,2114590.2039052164,6.681309592521696,6.421821954028212,6.924309461749284,6.957678400734287,1274041.88562047,14.90512762501205,14.051514016324736,15.745307421369125,15.513646789649911,26.89647365348659,9.339331308272026,8.632809291247721,10.558780886947767,9.830023125376968,22.126472368287864
1124,BHP,Transformer,2023-05-01,2025-05-01,25,3.971530222430295,3.3642050486291475,4.223630603110485,3.9717720725257832,2114331.848400357,3.178632380087251,2.700115430100835,3.2019584625759374,3.132895991126109,1268116.1415882488,7.1833719220509575,5.972147087739776,7.430222386564569,7.093989513466107,26.815319889133427,5.852727444687695,4.706007379801409,6.979621864432128,6.065811178789831,22.46569974166544
1125,BHP,Transformer,2023-05-01,2025-05-01,26,3.304170756427347,2.667932926175543,3.598345614693263,3.3100985786463983,2121619.995904348,2.4378197406751454,1.996216409786451,2.488477130075382,2.41100461361337,1273921.9854129262,5.5516545313892935,4.438335001296654,5.835500494318486,5.503005183362026,26.847331140497875,5.448938712669524,4.147208597453516,6.554778097328441,5.626517070765705,22.32388661784007
1126,BHP,Transformer,2023-05-01,2025-05-01,27,4.411229067869061,3.7854760626058073,4.649097749616761,4.37358022698748,2122528.0552028264,3.6669875503459592,3.1617435039940203,3.690115615636615,3.5797153875048524,1273485.143067007,8.251718814119556,6.967256654738563,8.513046093407292,8.071250295510541,26.849372133583145,6.060867076358574,4.906867602915973,7.208372747240821,6.27431630745089,22.458415904861813
1127,BHP,Transformer,2023-05-01,2025-05-01,28,2.83419345476074,2.149525649981882,3.042168129246164,2.6662523676079872,2156708.0259751924,2.044326019695197,1.5685922373834436,2.022575116883784,1.821359033196056,1296739.805602078,4.660634332017497,3.482718800068392,4.755235463354806,4.172877636899937,27.043316065631235,4.820334356133573,3.44704887441878,5.753546435470956,4.845908799019181,22.53489358634381
1128,BHP,Transformer,2023-05-01,2025-05-01,29,4.545515083333743,4.0075442284494,4.818383799121504,4.6771194396689015,2091098.386220779,3.7942936911352687,3.377366335468889,3.862229248593365,3.891786157676905,1257444.994435973,8.533781640313588,7.435606794763089,8.897954231449104,8.756373694859295,26.8556355068145,6.174455753699683,5.0760672586915305,7.330590911555239,6.459650086314853,22.278568222112725
1129,BHP,Transformer,2023-05-01,2025-05-01,30,6.738759645538437,6.220100448999438,7.007624881015914,6.806114229741928,2133621.183786843,5.773031784028187,5.337704301100504,5.848352870865231,5.783398190198033,1285835.8868054186,12.93051867271312,11.720759535071094,13.3839458754691,12.96383950438204,26.91516443653949,8.492031922067152,7.463712962294602,9.738106999661568,8.811185756991641,22.12781014224592
1130,BHP,Transformer,2023-05-01,2025-05-01,31,6.739371857383472,6.268665663028814,7.006949582508319,6.849931970232787,2111204.491369362,5.854380127606777,5.468563070664438,5.941997693175983,5.916073338880336,1268966.537099101,13.089193853894,11.986264273421494,13.567226722161182,13.233187952429407,26.7473788429515,8.17497987003621,7.170722749020854,9.394558162190684,8.50191217751988,22.12990071897007
1131,BHP,Transformer,2023-05-01,2025-05-01,32,5.443014409153634,4.905139777225445,5.703739657748407,5.484556631339309,2120151.0364927226,4.6083917376640136,4.174919674565765,4.659472838205239,4.592080780659497,1274173.2693101696,10.345017283871837,9.181047398667213,10.704836113035384,10.321803299111256,26.78137181308576,7.138913772261235,6.061179656894165,8.367066751205606,7.446267514081439,22.235588775944105
1132,BHP,Transformer,2023-05-01,2025-05-01,33,4.159932235568307,3.5050662918719064,4.344993183703316,4.05187573545274,2142271.721750154,3.47683317645376,2.942628126924069,3.4427502005383466,3.3099951477252785,1285462.440640267,7.817097843521502,6.479136751207805,7.942413097989373,7.463139776633056,26.859739234794024,5.655324125541503,4.490928167921212,6.767493647900139,5.852567511401139,22.479011500598464
1133,BHP,Transformer,2023-05-01,2025-05-01,34,3.633606532967332,2.979525796560245,3.84506735257856,3.5288845579038,2127984.1889518765,2.881416754634184,2.355787774440924,2.8527673841661967,2.7135801490987017,1274673.1548002062,6.518265936093622,5.2172884946553815,6.637654915569975,6.161787553155178,26.75426734160209,5.444328695280822,4.274182391442236,6.530803704403267,5.608760166456204,22.524060809681973
1134,BHP,Transformer,2023-05-01,2025-05-01,35,10.73012384358156,10.401675354777137,11.028044058241967,10.89775435789308,2161371.706552614,9.476166727002022,9.16961046221709,9.646554242862043,9.601079585677564,1307446.4371597702,21.02084326392573,19.976168456548766,21.781388583344512,21.29312102628705,27.28235812744936,11.778374461263471,11.063685355986294,12.895001391359791,12.092412340923593,22.12011928603309
1135,BHP,Transformer,2023-05-01,2025-05-01,36,5.881323157738721,5.352758417726349,6.172760078213022,5.987084023511645,2120709.2758116466,4.990054549899174,4.560442223649137,5.072409422713581,5.036586343021453,1274791.731834584,11.197038531752918,10.026385740067605,11.642159547445967,11.312214466108893,26.834136776636623,7.663775248464535,6.5937331111132,8.942358157970153,8.028084190333248,22.276810454976506
1136,BHP,Transformer,2023-05-01,2025-05-01,37,4.638909983170255,4.064293954343051,4.858405455910837,4.730097460669435,2113209.2307998845,3.9279661660232006,3.469886379162008,3.944441892782295,3.9812495836243857,1268368.654054559,8.818667099202978,7.628703383377958,9.071398293891168,8.944368770044923,26.813349535991243,6.101794879595616,4.987476275951424,7.234608815175349,6.375345813173114,22.382449995529804
1137,BHP,Transformer,2023-05-01,2025-05-01,38,4.914441605480774,4.319121933938557,5.180166013716643,4.887690155587012,2141629.698109767,4.011325211683442,3.5174713968404974,4.034605117138956,3.894177384797953,1285959.2111676547,9.041081590151654,7.765093064133486,9.325321569627908,8.80126056672911,26.81672765604549,6.980449721517343,5.883287096743098,8.239152982043839,7.3163849674771395,22.37419163618617
1138,BHP,Transformer,2023-05-01,2025-05-01,39,5.900462338404745,5.274277096971663,6.025187407561451,5.77769912462791,2155834.9907987253,5.188659099754871,4.648879254548366,5.152487715257544,5.0302416939963575,1306562.9827467971,11.566734609941411,10.163499891296096,11.7367837120617,11.228044771936013,27.19972727933907,6.846815237576173,5.78211126811159,7.884252184693273,6.991666468045287,21.95729433632789
1139,BHP,Transformer,2023-05-01,2025-05-01,40,3.6258908513629833,2.935060125460129,3.745383288812076,3.421088349005951,2142151.270400786,2.996015843408844,2.4216761985230097,2.897257956176996,2.7312420619510056,1286020.4457659714,6.736619584863221,5.331477429375615,6.6957319905949495,6.165330834998944,26.916075740182755,5.025092580878788,3.86846719276824,6.02159429090114,5.1277063060822,22.49116435686042
1140,BHP,Transformer,2023-05-01,2025-05-01,41,3.8767913358722224,3.1895733116487928,4.008243137603722,3.6539742599585048,2129514.6434902544,3.22147005780186,2.66029661017996,3.125816378739556,2.936042380859161,1276734.510785152,7.247640387702478,5.860643371324489,7.22576134870041,6.632047791377688,26.912955383677943,5.345183100303566,4.149918774613017,6.403896370475892,5.4515203648423824,22.611007512625893
1141,BHP,Transformer,2023-05-01,2025-05-01,42,2.6726919669032294,2.026113313711215,2.9643923914353287,2.57446979063535,2130713.81902087,1.868094646058421,1.4278848802197166,1.92171764391818,1.6676096050346425,1277778.071048894,4.270178379015107,3.1757131260237057,4.5319525673501415,3.8415703539704498,26.904314472928835,4.688452694561823,3.357251331145472,5.707992909225596,4.85855924158974,22.61667595649356
1142,BHP,Transformer,2023-05-01,2025-05-01,43,8.080889169430948,7.793185136982844,8.503028047231723,8.424542736068723,2096956.6262422807,7.257622230223192,7.019855389605581,7.532939091835627,7.549724414243517,1260016.6848632237,16.11873161721936,15.296840559445362,17.04213565845664,16.75980517826986,26.78338704027077,8.59223308379502,7.804289050517811,9.85308038372546,9.05957492463128,22.240036283261745
1143,BHP,Transformer,2023-05-01,2025-05-01,44,5.74649272805363,5.182718886288181,5.925963897774049,5.670586106490823,2128886.749836805,5.003339204443374,4.5307672068549065,5.010674539106121,4.888428626996292,1281619.300356491,11.17828696260334,9.922861260539513,11.441997899259352,10.934743736740614,26.82101268920769,6.915701313967803,5.867145806801288,8.004914461732266,7.0891405600950215,22.08481933582962
1144,BHP,Transformer,2023-05-01,2025-05-01,45,5.009222657018641,4.42150055367274,5.271616202771744,5.017545200054096,2130787.5130570014,4.150727681592771,3.670087541879636,4.193076945405294,4.098026452172776,1278758.3301627722,9.341959708772286,8.09097611487124,9.668348119982635,9.239573187718667,26.8368697899392,6.8974945051520935,5.791641965994214,8.108056491804735,7.179044014263868,22.49396548461345
1145,BHP,Transformer,2023-05-01,2025-05-01,46,6.341921466461803,5.896715123816681,6.637379053145794,6.498776085479687,2114879.449293945,5.532118741412785,5.1527509502140445,5.664625789885519,5.638369929701216,1269850.6368032729,12.339192086053329,11.26819173082105,12.894220185834628,12.577020046762092,26.68325255349244,7.487765270384283,6.595922136996488,8.62760331607379,7.8281039684720914,22.196867520212507
1146,BHP,Transformer,2023-05-01,2025-05-01,47,4.090820272597173,3.427538540131477,4.2884420036692665,3.99559495421685,2133238.392165231,3.281045521374722,2.7338789493967,3.22751048108206,3.111568236133494,1279425.6383673074,7.410964591547392,6.047571448858047,7.4936308190393905,7.052774105546734,26.815053840394874,6.015329810789989,4.852218432437446,7.160586196652242,6.230129405447193,22.467347892856544
1147,BHP,Transformer,2023-05-01,2025-05-01,48,6.430876085846074,5.950666015390341,6.777765944959999,6.5720355375411765,2109479.842668919,5.4880091163205424,5.10362026060206,5.6404938278134376,5.580796387943837,1267024.8628823685,12.30258823671746,11.210734297403825,12.91906485886934,12.515912959228428,26.76065281691281,8.22134659481242,7.173822003020482,9.521229176811104,8.56779600488765,22.269843698439537
1148,BHP,Transformer,2023-05-01,2025-05-01,49,6.395007111512828,5.981623257658426,6.822023187217146,6.6732029739566,2089059.310163868,5.429462712152573,5.100130177432153,5.66685994933087,5.653467366605641,1254366.3053543891,12.17369887771954,11.2042751459765,12.974006271327536,12.67371950428015,26.63541180717021,8.235028596184431,7.279631096177827,9.55354430152365,8.674909658120935,22.15064391529893
1149,BHP,Transformer,2023-05-01,2025-05-01,50,5.864596372944941,5.423172599017559,6.200060031575646,6.067132503579906,2111661.7088622423,4.996228979983897,4.657731951079925,5.130824972123272,5.150419853597373,1269521.253583786,11.205353355593347,10.231841288169877,11.764717851366951,11.55467155668928,26.87173129492072,7.56082184581923,6.534601569402919,8.850374918926263,7.955443917457143,22.29038021981116
1150,BHP,Transformer,2024-01-01,2026-01-01,1,4.535917573680706,4.552863132192366,4.576908437980383,4.779090627152441,960301.2473862702,3.932045380806213,3.965285889596376,3.954185590556888,4.109307892067505,767135.7543935346,6.765249445863754,6.775473908218886,6.846282655136868,7.056652843516691,32.94103634228841,3.680655250231797,3.623691157372144,3.788058726320803,4.007325187898753,40.49286615467761
1151,BHP,Transformer,2024-01-01,2026-01-01,2,4.011576691143917,3.239052072401224,3.834436667066154,4.087454508473916,958800.2921400536,3.51248789637156,2.9162197143067186,3.360257004209107,3.5500887988734413,765479.7002658412,6.048672485477515,5.008128086711441,5.826798235383118,6.101206284909295,33.73955114133928,3.1512827128230647,2.2624798851604555,3.03074179472216,3.326252945947979,42.84934619327866
1152,BHP,Transformer,2024-01-01,2026-01-01,3,4.581777205871511,4.433198668015091,4.607316214383607,4.724907201391274,991382.4469786356,3.9405994244561686,3.83295725860391,3.945209707089668,4.0515537203797765,801775.4256370254,6.768458190383658,6.53985540873208,6.818691510893399,6.950300784840134,37.36432591762045,3.809908962113658,3.617198013411688,3.923110725857037,3.997185253255776,49.88004487756396
1153,BHP,Transformer,2024-01-01,2026-01-01,4,4.180459835197253,4.125905270030421,4.114493542984048,4.336661483154916,967796.0499228132,3.6500555883171657,3.614566235896944,3.5862965928796964,3.756362067059512,777849.8923272464,6.281745350114141,6.176899822254198,6.212500167963965,6.452123379661602,33.64562666954768,3.3144034556761883,3.223721982410225,3.3134097989823847,3.560084575233433,41.81803349182456
1154,BHP,Transformer,2024-01-01,2026-01-01,5,4.094968740402527,4.004291116701393,4.121323790900918,4.245010911877159,963506.3786460168,3.5651192463663204,3.504733549143496,3.573357170232456,3.664108554982978,772514.2052377614,6.135575130185837,5.9905147468378575,6.187090593145203,6.292574883523281,33.60145594492837,3.2768150926779924,3.135122734571817,3.374848917007319,3.520689765508396,42.04213636354709
1155,BHP,Transformer,2024-01-01,2026-01-01,6,4.782874304859027,4.532541923854931,4.730627069916483,4.812784531772209,986746.8646535547,4.084244116386139,3.909439147774453,4.031685144850479,4.095756377357785,794714.5317508425,7.015843102583768,6.676011814506243,6.9713531053421445,7.027612351444179,37.281883961103546,4.057175288090472,3.717103496203605,4.073144455865049,4.15443657857758,50.1073597760924
1156,BHP,Transformer,2024-01-01,2026-01-01,7,4.566500365215061,4.267633983587592,4.407780728377288,4.523916695413029,975864.9385618888,3.9048843878582975,3.6820042763067193,3.76489895487366,3.854795519704052,785692.4716030306,6.706857514263103,6.286458706671473,6.510849747598367,6.613518483881375,36.74260072459957,3.858641658767026,3.4979685048022984,3.771254573731791,3.891912052938856,48.7671190386359
1157,BHP,Transformer,2024-01-01,2026-01-01,8,3.9299078289457214,3.667388966469236,3.784927514738544,3.843310854664439,965534.8258778524,3.420843556282561,3.2350480565567383,3.2882789544735904,3.3348072489136817,773104.7260127536,5.893091763242557,5.541244664840894,5.702286224165762,5.736294443015651,35.933459156861645,3.14075546288144,2.78062664902054,3.071987923050861,3.123291293208296,47.67352721619238
1158,BHP,Transformer,2024-01-01,2026-01-01,9,4.3233509377690496,3.477050373951696,4.221059217977052,4.379939393045351,966638.5526806423,3.755652114034216,3.099630874213192,3.65982387620022,3.786984832943071,774699.3023631683,6.45640842459586,5.312246825982943,6.33333937918423,6.501208120651916,36.106895535265615,3.489368056129753,2.536897928990234,3.463217495666245,3.6181968650263774,47.93544697920221
1159,BHP,Transformer,2024-01-01,2026-01-01,10,3.582234482516178,3.0796761485403605,3.432067633981169,3.641203126262568,965322.3728193254,3.169313254365058,2.7897342268009,3.037103386051427,3.2001444073336365,771887.0582453273,5.4735098829372255,4.801899967383161,5.280877669913083,5.513274037765686,34.04335715952519,2.704294652754596,2.090713348965808,2.610301006641196,2.831123962188703,43.08863124849216
1160,BHP,Transformer,2024-01-01,2026-01-01,11,4.381424827957223,4.27414488969588,4.376575863959487,4.520869902889943,963438.2183262976,3.80937128385258,3.742113822570136,3.795636237084236,3.9029068133013287,771084.0688712802,6.554824854880442,6.3969650640262,6.572797720418086,6.703659195056718,34.08437744375066,3.521541805899912,3.341883665892595,3.57996043873058,3.746745647669792,43.52651759581439
1161,BHP,Transformer,2024-01-01,2026-01-01,12,4.417570353056298,4.108663847821624,4.408496031390943,4.632921884111831,954641.8614834663,3.833935368817024,3.596181653764155,3.8118289395718006,3.9910914043730825,759690.4209215487,6.5915708725189,6.146340751970136,6.59524217016136,6.849658673285883,32.67622514129578,3.574394688099788,3.2189053758638,3.646534732146092,3.869451027427073,40.26211999429052
1162,BHP,Transformer,2024-01-01,2026-01-01,13,4.171931038743854,4.067726088812236,4.130498221024854,4.258776311882896,971499.2644935532,3.6418764262071694,3.5670079623135487,3.597650592239994,3.693062042137443,782548.6437744162,6.267214414178808,6.096213648546754,6.230849662284193,6.344132257619867,35.08492587381435,3.310747255130015,3.168274943810354,3.335947585189679,3.4842903846328745,45.37910362251171
1163,BHP,Transformer,2024-01-01,2026-01-01,14,3.81791707269677,3.567977298905333,3.718989715086152,3.711181426912529,980342.5851712752,3.353744300408761,3.1758629486205976,3.2637534463934514,3.248710267684256,789563.2606700954,5.781607151194853,5.443031639276699,5.663086703684761,5.592227139057044,37.04075455227943,2.961858960214746,2.6166534960474097,2.9209778871503227,2.934248401938248,49.454318114489794
1164,BHP,Transformer,2024-01-01,2026-01-01,15,3.96936386354774,3.798528625677682,3.965039874085716,4.108686616647547,960344.7264359372,3.474551589155942,3.330744866006848,3.456159405677683,3.5639678738101934,767178.2661245767,5.981601412681837,5.69121137130688,5.985761975746005,6.122087154458436,33.324822559393105,3.121216391560175,2.9617681416017545,3.1953195285611256,3.358914312638551,41.56739783292133
1165,BHP,Transformer,2024-01-01,2026-01-01,16,4.667465503532586,4.451234822885544,4.552207483950271,4.651953705281809,960864.4330796824,4.012420619797033,3.849539368161144,3.9057797646707977,3.994095523345361,768980.5147910642,6.889340723404214,6.56737424833182,6.751467393545124,6.8524858140526295,34.80860909907688,3.890593908079043,3.631170038409115,3.8551681405413616,3.921853007500221,45.40546790688291
1166,BHP,Transformer,2024-01-01,2026-01-01,17,4.660942340948347,4.537177858292752,4.650230867286921,4.808625642914625,976813.7970890496,4.008891744871345,3.920838508488661,3.986012838189068,4.120190379738868,789403.029631078,6.885990533908383,6.689741534938125,6.890624450849645,7.068105031662992,36.10014533688993,3.8754010831685344,3.708199897078432,3.946912892525235,4.077832312275234,47.37948312774813
1167,BHP,Transformer,2024-01-01,2026-01-01,18,4.584163767561123,4.228134247233815,4.47614497298051,4.470639622967517,986187.6105779876,3.9131030105059135,3.651151189949025,3.813084753535705,3.8066067847385407,794184.6789913333,6.721737733419516,6.236925846469705,6.593675237491646,6.532693837794852,37.7303749871456,3.89174500126141,3.4521512258933384,3.8572307149541865,3.850806470253808,50.4064493411874
1168,BHP,Transformer,2024-01-01,2026-01-01,19,4.199326584391186,3.823396964687984,4.176985959339012,3.9294231267134543,970274.6186539336,3.6406888841023366,3.3768912011241445,3.6004291715412338,3.426356561746466,779374.3326592904,6.274862630979593,5.793285726180428,6.242937522852877,5.904516434781158,36.408876430786265,3.397536257441253,2.8820033290992546,3.4711028125656083,3.128238111633445,48.42919152379265
1169,BHP,Transformer,2024-01-01,2026-01-01,20,4.566886730064156,4.541963135411979,4.551813056745386,4.743053555645073,954090.1510275668,3.95699843140013,3.9421001417159953,3.9284884065631327,4.101367832895944,761023.4881468938,6.7983638471785,6.724439914087978,6.792614660880814,7.038761221247709,33.61107961026104,3.719605404830786,3.670739103152523,3.794496924367827,3.916892850591757,42.98940027458836
1170,BHP,Transformer,2024-01-01,2026-01-01,21,5.139648051633562,4.969855312296576,5.084920171481426,5.156852532890328,980135.395198878,4.364357491000472,4.242899282043458,4.30442865139921,4.376521154698833,790838.6966092557,7.483318062364147,7.227952682109577,7.429375545080509,7.499743583592557,37.01766879461361,4.4405052271647065,4.218400089682798,4.47549991085512,4.495976099919687,49.230456417102175
1171,BHP,Transformer,2024-01-01,2026-01-01,22,4.518502925085646,4.40563517449026,4.449792832900389,4.583770640222319,993867.90681682,3.8821672901996953,3.801717470650679,3.814953228745521,3.922278830617973,807088.8487661906,6.670404417123692,6.488030362402493,6.5979684389321696,6.730170319899403,37.7553387994148,3.7651447670594287,3.612612511751789,3.7686635400097326,3.898585086328184,50.12007492151137
1172,BHP,Transformer,2024-01-01,2026-01-01,23,4.771196352304323,5.173253544399697,4.771404363602601,4.7756864496059945,1034455.7677017554,3.972395397280357,4.122400739211741,3.908590293387039,3.9609457392964575,827904.06855443,6.825458461830644,7.03012006234497,6.757841586195027,6.798944893424346,40.54031249372495,4.3085795926845645,5.093978735471091,4.507221390216163,4.376446159660867,57.02044272990893
1173,BHP,Transformer,2024-01-01,2026-01-01,24,4.211347269970398,3.9073084992626463,4.096578314857851,4.170124030519012,979386.1092496896,3.64607210349003,3.421289900417338,3.543623285901488,3.5953245876705835,789171.0072501227,6.2712567362379135,5.850388214795407,6.1357562185781225,6.175315655712054,36.90968013634083,3.428702356773424,3.0504447046495504,3.376045123553307,3.467537003768088,49.188077933295226
1174,BHP,Transformer,2024-01-01,2026-01-01,25,5.260226617966275,5.135385259299164,5.306215043397316,5.253379237015096,988369.7744252502,4.456853108578485,4.366941186798956,4.4930355034223,4.478802163165716,797834.9902584899,7.637031849422889,7.433072196729536,7.751288456616294,7.675653341400275,37.57978781457188,4.575779069457118,4.412850391048787,4.668826118597113,4.521319277435159,50.35793523885352
1175,BHP,Transformer,2024-01-01,2026-01-01,26,4.364298242749036,4.048768083721807,4.238526193387905,4.204981651261607,990479.9176322474,3.7344583226765726,3.5142718795591987,3.617623556961408,3.6064051362450646,795743.736801664,6.427595088934286,6.017020350779867,6.268018951741297,6.20309024600317,38.01756794280464,3.672697871345851,3.243822232410337,3.622951549457072,3.530161138399312,51.11474498848128
1176,BHP,Transformer,2024-01-01,2026-01-01,27,4.191970791570142,3.953272911327022,4.117490042039,4.163546259227773,980506.9203617465,3.6104786541038703,3.4517071484733908,3.537545261772528,3.5874296091744897,788914.9715163901,6.220285034412373,5.914052377249272,6.134127246409856,6.172984609559315,35.75964385961602,3.4582994375168945,3.104692479339008,3.4513947229067066,3.446920663917024,46.62522923338388
1177,BHP,Transformer,2024-01-01,2026-01-01,28,4.588994907260068,4.21778198802113,4.521247879051256,4.624495073474868,990732.0143129256,3.947413087612575,3.667886631550509,3.881557699371004,3.963438210276472,803231.000649397,6.7823512018305525,6.266109300290055,6.713128437297243,6.801423792601778,37.5446627267266,3.812339228587796,3.373477102330449,3.815806196170496,3.916712607747348,49.85748905514226
1178,BHP,Transformer,2024-01-01,2026-01-01,29,3.5216583397360552,3.2502032999659147,3.379418893271628,3.4121715403512582,978728.1362539246,3.1136395528829834,2.914571669351829,2.9833842958257084,3.0036370402045303,788580.37944213,5.374155614623246,5.002233315928752,5.182963434666807,5.1750631455981,37.015281788298914,2.667519151282768,2.3092082643125367,2.598490080167696,2.6429521340626447,49.173703071406194
1179,BHP,Transformer,2024-01-01,2026-01-01,30,4.0327202481097775,3.353074222603138,3.879979947379384,4.022884852861515,957502.8737151596,3.529333297230061,3.008883516276401,3.396425832922452,3.497844786734388,763147.0454245739,6.076793007617154,5.163628578489901,5.888039437392989,6.012366716917025,34.98757671369084,3.1715754867870705,2.376335835506482,3.0774871581239256,3.2607796774690403,46.12237134014464
1180,BHP,Transformer,2024-01-01,2026-01-01,31,5.151503028489941,4.964322164810771,5.021277318365757,5.148030228779984,986086.7797674168,4.353125223771444,4.223969175854721,4.226064555993808,4.336550584350193,793681.5743471581,7.466599332805364,7.200762900162237,7.29849764659852,7.431811249295888,37.628737945739566,4.50459387918358,4.244029436986285,4.475156777706772,4.5723030892499255,50.64081726604851
1181,BHP,Transformer,2024-01-01,2026-01-01,32,4.858483163319506,4.878895716424204,4.915681395646122,5.120439155334072,960003.655319184,4.18729654865132,4.210312762166866,4.215444907726331,4.396975553402618,767959.9708343497,7.189450049229514,7.1775815558658325,7.283306560875149,7.540799290331217,33.09214220763181,4.023865515489046,4.0156896378615965,4.177854199401039,4.321532683739533,40.91466760950145
1182,BHP,Transformer,2024-01-01,2026-01-01,33,4.910656640462886,4.81270873543306,4.896429475305712,5.016207938918107,997094.48184632,4.160838993096338,4.098536952503075,4.136759035276645,4.234433787661959,808533.4510573023,7.140926411391928,6.987665624133722,7.145823594283948,7.258747194513285,36.89698576554824,4.255603706153997,4.102350661399412,4.318126759105357,4.42741386958241,48.64177982059781
1183,BHP,Transformer,2024-01-01,2026-01-01,34,3.698035953575824,2.687682454783468,3.431604938659335,3.4486362201642184,972321.4914813624,3.2264838221435275,2.4503133207930774,3.00025066471358,3.023288065899978,777533.7793110791,5.567199733703655,4.236561150099578,5.2153731139544,5.213270533699178,36.83348563632375,2.929035311385428,1.7760907684266958,2.7198981470682857,2.6937831456009143,49.39040265099637
1184,BHP,Transformer,2024-01-01,2026-01-01,35,5.007584405316763,4.92975197885253,4.988879390889989,5.228734572217047,975885.2515577396,4.227563381903439,4.176401883393016,4.196070215475498,4.387312813847561,785441.1851159066,7.252598779953185,7.117152419756747,7.245458728935563,7.5160899078958305,35.070489682362464,4.382882065470304,4.26339834638706,4.451220762091161,4.688610526355747,45.01464982334303
1185,BHP,Transformer,2024-01-01,2026-01-01,36,4.937343169264412,4.841317292968519,4.881901383956448,4.9682279816065344,982702.9008651644,4.20004732291579,4.133378262049243,4.1394824155316,4.2161376395225885,792938.3079187021,7.2052757471779385,7.043173869806091,7.147987923216478,7.22655871347596,37.2864321139272,4.240237446787018,4.104832666456636,4.272322265866914,4.329147186961691,49.73245851606783
1186,BHP,Transformer,2024-01-01,2026-01-01,37,3.941632324773062,3.87064957918431,3.909355282002069,4.065434096150139,964722.9406257574,3.4511912746963573,3.412982658985203,3.4143808441368324,3.529975854920212,773942.1435179027,5.94639093518977,5.840498991495288,5.919827646303896,6.068325154425248,33.390539903258386,3.093744991330257,2.947331729292181,3.1227305931366,3.306219394242805,41.51240896712609
1187,BHP,Transformer,2024-01-01,2026-01-01,38,4.449534163815231,4.228410820559151,4.390177823719218,4.450565642503677,965108.8543559624,3.860827611027849,3.692240263170018,3.798200506428624,3.854121526655564,773028.1257427677,6.635471107245904,6.304868982102178,6.570316469676488,6.6174448487002655,35.8876256166245,3.605479647172288,3.344632323390024,3.629134507079719,3.657359732963384,47.60457560063227
1188,BHP,Transformer,2024-01-01,2026-01-01,39,4.434413803238908,4.201218772088845,4.442636923033133,4.508047456250484,975586.7874258874,3.842732888068776,3.679853942224372,3.8385387821859145,3.8851869021253984,784350.168919169,6.6094386519297705,6.291777090384683,6.644015497950603,6.6722704654743215,35.5054168769896,3.602139805147817,3.2780822624262136,3.677839173602525,3.755673173897742,46.624835592522096
1189,BHP,Transformer,2024-01-01,2026-01-01,40,4.077549314321166,3.945165540390656,4.053843633416552,4.083140058548294,983939.374201618,3.4860749672756213,3.4025898149735574,3.443789667762888,3.48003962755337,798447.8185829229,6.003926576256561,5.823599733943716,5.9667066979260985,5.983463179878687,36.76704601505931,3.437625964826764,3.2239564428386736,3.509065557153114,3.4903110405246114,47.96741976262545
1190,BHP,Transformer,2024-01-01,2026-01-01,41,4.653629955131276,4.604983438080315,4.717693118377939,4.82947513915099,964891.0026382594,4.015087213308125,3.982769801698883,4.048947886086068,4.156499538436536,774693.4112321151,6.894897039357198,6.791826280547805,6.996194338472791,7.130313169218989,33.1978780077575,3.8405886772634337,3.762185828835216,3.999522938179842,4.046326082917199,40.5526667301238
1191,BHP,Transformer,2024-01-01,2026-01-01,42,4.162399214213379,4.096684622761319,4.1696974170482,4.334546317932944,958986.0921248124,3.6347163455875786,3.588959893643779,3.6270415839442953,3.7545807417942414,766393.3477832226,6.2549299809922285,6.13267526560666,6.2804008128987165,6.448371223692553,33.33695897340501,3.299148002894676,3.201355537904443,3.382578693205716,3.558746763664594,41.96596699503391
1192,BHP,Transformer,2024-01-01,2026-01-01,43,4.247704958281712,4.107269339658013,4.205556070379592,4.298853065312215,978670.9773258588,3.640788859437501,3.5507320022115163,3.5886574070040664,3.661296846223998,790788.5700575525,6.263605573113791,6.070319604464087,6.212548496873572,6.287711568926204,36.005607917381525,3.558553086123485,3.33655815113772,3.601826951883101,3.694105642476585,46.94107111309869
1193,BHP,Transformer,2024-01-01,2026-01-01,44,3.9111586919947294,3.7975252649724167,3.866733295701048,3.965012730055703,955694.5342885264,3.4272974329325736,3.348792838592753,3.380558686391061,3.44720336034075,762753.7895272556,5.904130140812076,5.730016480699807,5.860477918904169,5.926360455520461,33.49944807467114,3.061297881342748,2.892843005543208,3.079108885728674,3.212653149120468,42.4115901048529
1194,BHP,Transformer,2024-01-01,2026-01-01,45,5.006889649635375,4.771175076250384,4.835256812463048,4.949932574076434,999002.8400554276,4.265375482823364,4.1061713988307655,4.122546584151265,4.2143144338052885,810700.7105222206,7.324957679778412,7.009557003816361,7.129720734459062,7.23170906343152,38.36577434669514,4.277458157439303,3.941452300983687,4.158432434016302,4.267623309784884,51.28188029609018
1195,BHP,Transformer,2024-01-01,2026-01-01,46,4.068129022632985,3.862424516462351,4.073761320211815,4.264840105957704,972400.4916813672,3.569087772851785,3.4317429308074927,3.556503864132364,3.704152506575431,771793.4855962221,6.153077932649638,5.883128370686886,6.168857156243026,6.370522234856687,31.72011359700369,3.167886001474027,2.849860796931876,3.2566263118291507,3.460606692969334,36.69765944443313
1196,BHP,Transformer,2024-01-01,2026-01-01,47,3.878723994890037,3.8253438495089336,3.850164925775184,4.02899187715347,973329.5949716264,3.3986267911599195,3.3734006000731163,3.3643749869786297,3.4980933998148176,784661.8496477196,5.857665426508341,5.773698562556224,5.834504252705615,6.01397111837209,35.74201938222415,3.0347278083239155,2.9102392609727303,3.068613741548227,3.2760172066473747,46.74914894311184
1197,BHP,Transformer,2024-01-01,2026-01-01,48,4.939161174792877,4.890665060916828,4.935825536358576,5.091046841125959,969280.4556133857,4.226755737042991,4.195869312421774,4.208561120652333,4.357871171046633,779395.9283188514,7.25156222916907,7.1487594754357415,7.267190014421369,7.471361778146964,35.639502752290575,4.176620083003482,4.095935309096569,4.262279816569596,4.333816477757972,46.89373982716943
1198,BHP,Transformer,2024-01-01,2026-01-01,49,4.682171592213245,4.791431018663423,4.8007288665789725,5.054047508311802,968056.4612396016,4.041959385932617,4.13695089767287,4.121128330915273,4.319006068409728,773383.5469887271,6.946535529541062,7.057239352421293,7.125403366458976,7.407397550911561,32.313371092472856,3.851495579107435,3.9300873124235753,4.058017941759427,4.323372131777301,38.6456147085531
1199,BHP,Transformer,2024-01-01,2026-01-01,50,4.545405022263397,4.570853348627465,4.645525541362519,4.807484896133206,960023.0098974477,3.930187118831319,3.95677441896648,3.992392233201258,4.127480824017516,766724.3341044853,6.753854109521917,6.750660410781613,6.901954646648015,7.080928947364626,32.66937333404217,3.721274701304649,3.7189269224125416,3.916487842575509,4.055802233823528,39.83334958236859
1200,BMO,Transformer,2022-01-01,2024-01-01,1,11.51405043658984,11.474973453336386,11.204726296224123,11.614991571485705,270142.7259136545,9.601036892745888,9.56843651122225,9.276589481089689,9.730287762438229,209127.74444664925,11.442682148231402,11.273026607548536,11.087309270542509,11.534170702246165,39.07747761372504,7.0470280485402,6.9710196681396805,7.019205172154627,7.029264725922226,44.95204933728416
1201,BMO,Transformer,2022-01-01,2024-01-01,2,16.247046511292666,16.503722431085297,16.333105984001403,16.973906799152463,249663.9224883524,12.903041507616496,13.133953477328754,12.873372380828409,13.553121443254582,194679.96965955367,15.239991828582186,15.339790263722769,15.244281826836788,15.920748411526572,33.74230525535262,10.85133682454893,10.889841570186528,11.104604513946086,11.198711667015864,35.30499886213676
1202,BMO,Transformer,2022-01-01,2024-01-01,3,15.049267133000356,15.324740746201424,15.07938767878117,15.655961182078384,253621.51392149107,12.012010168225755,12.263432008276828,11.944059667613384,12.572919825938635,196853.9158384149,14.198684351167516,14.335474754636268,14.154751137927692,14.782579864637835,34.77687477263828,9.970400188146677,10.018550428573176,10.176855852206716,10.22861155544971,37.67740839653391
1203,BMO,Transformer,2022-01-01,2024-01-01,4,14.801323458412597,15.095360016959305,14.843741668248551,15.392229022664216,260967.16317199133,11.760367279249648,12.02975597794591,11.699027130531215,12.309751086534307,201578.4513980004,13.890770873710013,14.052750001921574,13.852847054174052,14.463285064367632,36.653498256739375,9.880487182138657,9.937881358778258,10.09764604178728,10.128508881641745,41.43643893224691
1204,BMO,Transformer,2022-01-01,2024-01-01,5,8.275624211649003,8.539918434300713,8.068325634710222,8.444855870279703,258914.70163676303,6.969298255666426,7.203601749458927,6.732693302482508,7.179277148547597,203224.22514292304,8.316492508515852,8.50068487800197,8.053616576544185,8.529216741667161,36.72582477743763,4.861897620091344,4.96859209858801,4.881612812973075,4.84615075430089,40.35875953861966
1205,BMO,Transformer,2022-01-01,2024-01-01,6,15.599544688208647,15.81967391135292,15.685075735150368,16.264869667520255,249131.8968654175,12.41140136040741,12.612552242941744,12.386258462398466,13.017278896332918,194448.37015511995,14.663152687582109,14.734634491136475,14.671554007371483,15.296522053909298,33.20746978222704,10.394307276321411,10.411908363467813,10.639570840557164,10.693176123882818,34.28473765316124
1206,BMO,Transformer,2022-01-01,2024-01-01,7,14.65415509228336,14.82342196213715,14.631870988105916,15.132981920869382,257538.33514976464,11.552582339440512,11.716427124819353,11.432859117244757,12.002574265910534,200863.08932023848,13.627728610885873,13.6681418502646,13.51812309946167,14.083042412252867,36.210477830291765,9.918133963093636,9.901995246187608,10.098048473692222,10.107718725148082,39.77589237377677
1207,BMO,Transformer,2022-01-01,2024-01-01,8,15.74676513517012,16.080267938260064,15.81177192409628,16.494693352759597,247470.1418456565,12.677456294818231,12.969278293504336,12.641770151166334,13.349308801996443,193091.1664383689,15.007456676920713,15.18092919243798,15.005907737438124,15.716243524560738,31.943157002814203,10.28043796145512,10.372940664148992,10.5086841043819,10.63330340499644,31.2593302702512
1208,BMO,Transformer,2022-01-01,2024-01-01,9,13.670818533356403,13.913863753867709,13.537534595762754,14.176175178254647,254461.14727707385,11.09557715225556,11.311202231016065,10.898967511092236,11.572362725938795,198260.37720750284,13.15559417996458,13.26058152231551,12.955534978263827,13.64752898867363,34.836938643386254,8.836152377621898,8.884666507758912,8.93806088597616,9.03406216482466,37.60949105222323
1209,BMO,Transformer,2022-01-01,2024-01-01,10,16.19361506117582,16.570143620691724,16.307697133843394,17.073880740360032,246685.203730909,12.973177711471353,13.312581723080292,12.977136934503884,13.767245882598417,191277.79529310155,15.344905902224465,15.572859375922915,15.391815201037748,16.198582843248932,31.287210488315623,10.650712798539589,10.746678979807118,10.908395045253297,11.061858422152074,30.702321990931093
1210,BMO,Transformer,2022-01-01,2024-01-01,11,14.38291871151187,14.53513547220703,14.378726935568594,14.763893209224747,251709.5849934608,11.32109058580824,11.471005102066943,11.21849417647241,11.685115707408988,195271.3217121348,13.35117762336811,13.37838491087714,13.261329481827044,13.705646922053791,34.36177104532546,9.76197314089254,9.736760339087695,9.94882849336974,9.900667652601678,37.2535907762684
1211,BMO,Transformer,2022-01-01,2024-01-01,12,14.38740969021026,14.706349993105064,14.426830602643196,15.07602132001868,249229.047180898,11.734502151038496,12.014358859818762,11.690628919065231,12.36520789040148,194775.07630792056,13.925416721353496,14.097276262056097,13.912874320246804,14.59474810385101,32.83471121158985,9.203454437131622,9.293359166816078,9.399651249803425,9.508129712030302,33.49065352884282
1212,BMO,Transformer,2022-01-01,2024-01-01,13,12.721370854679575,13.00556798442172,12.64699227391644,13.234043437223637,255641.24311582764,10.494571314093742,10.739577151425392,10.362727412905585,10.984041377811206,199020.17277884184,12.48204660903224,12.628743090087427,12.360405175944091,12.996082918131608,35.32467064096045,7.959427826205262,8.050736724012904,8.076692815773155,8.153076398137738,38.34759990611891
1213,BMO,Transformer,2022-01-01,2024-01-01,14,13.602322234354826,13.8437973650776,13.58832694267154,13.98131143706244,264423.1032232519,10.998338631523252,11.211618815100962,10.904203302624015,11.358904500736172,207891.95508418485,13.031348029353792,13.13472938986004,12.953854495484224,13.384011867790752,37.8578244358738,8.847880242582308,8.897644634399903,9.015117922608022,8.986596817054934,41.81434335502045
1214,BMO,Transformer,2022-01-01,2024-01-01,15,15.081600770973555,15.389727539048232,15.11198663439502,15.765659836632494,244080.32058712933,12.083582703890803,12.355601639754529,12.01734004682777,12.700442256746827,190482.5633936053,14.29221358370462,14.451076379501597,14.2509643702274,14.940338113549956,31.670772927536667,9.909743648870627,9.988973061002335,10.114521235637296,10.22745080369792,31.068009105712903
1215,BMO,Transformer,2022-01-01,2024-01-01,16,7.697703702871048,7.973602808415932,7.442999266407348,7.756623493814618,270128.3197327429,6.3311841682481065,6.578887210374456,6.044170272573068,6.448529415269131,213675.39832004817,7.522396589234849,7.731748233373045,7.194165937879228,7.628535570885231,39.56584081499221,4.75406564523509,4.860776916697536,4.7528621041037,4.674212181614557,43.97933164849297
1216,BMO,Transformer,2022-01-01,2024-01-01,17,13.428307474067918,13.716131435105108,13.417187170859188,14.01142880328216,247439.69087598304,10.769160653296572,11.030784309677284,10.676077714944824,11.31559480761658,193341.4934979703,12.741344623928248,12.906782648084874,12.663519643687444,13.31865128089104,32.93040392991743,8.873693255210174,8.933739319343571,9.039834325391787,9.109184311691092,34.23793821289651
1217,BMO,Transformer,2022-01-01,2024-01-01,18,15.12610263422295,15.372441984165288,15.161520864381144,15.759504464416414,249638.4829496129,12.207466501962273,12.4223158143072,12.149976877261404,12.784493955785107,195480.7971399332,14.457003479620944,14.5454436187518,14.42784001027388,15.057377643994602,33.34635155922173,9.834984485843972,9.885820992375894,10.040386978916755,10.118326958172196,34.01462303760462
1218,BMO,Transformer,2022-01-01,2024-01-01,19,15.907679405085178,16.155956430674458,16.000625633497414,16.57384304666941,249449.29149971,12.72673972593686,12.946737826097758,12.71132835025423,13.325031913257252,194700.3252449433,15.049938125889984,15.138273118538756,15.072178655201665,15.670343467061846,33.23461429199141,10.497384370664816,10.53947574428152,10.744810739102704,10.811051844679676,34.41021561013194
1219,BMO,Transformer,2022-01-01,2024-01-01,20,16.41160416044717,16.751526217491353,16.506403900911405,17.242438252104574,246222.7735046664,13.218148927516667,13.51412817310398,13.209450621124375,13.957760771033588,191400.49383152145,15.648950355307864,15.819612111843062,15.682648575290369,16.433498394212624,31.251954217858835,10.713268091025729,10.80685406139674,10.95794229607575,11.116064588663528,29.75079741702934
1220,BMO,Transformer,2022-01-01,2024-01-01,21,15.596884451926991,15.9358832903154,15.667734219465618,16.382728906161663,244488.09848204025,12.533212972527968,12.82932198980924,12.500560664648146,13.236035091960314,189835.1151730563,14.831995838315892,15.012432994790274,14.83305256402999,15.578354734470905,30.67703440737241,10.23211393066464,10.327142948499189,10.466380360503566,10.607541011157616,28.18371706521589
1221,BMO,Transformer,2022-01-01,2024-01-01,22,14.617558964748298,14.902885262164208,14.617795786378718,15.229058647862436,253707.26822000573,11.837797655462325,12.087286175419882,11.750427827164897,12.396827356349032,199070.84006710284,14.028836800754863,14.163341409848654,13.962299771701804,14.61086048632361,34.60170736362825,9.470175088111134,9.542206525782776,9.657155446715054,9.740184352702665,36.476422204280745
1222,BMO,Transformer,2022-01-01,2024-01-01,23,13.831450597840204,14.174493092715355,13.809254618994956,14.421986741621971,252708.9432898092,11.259137401113607,11.561792601299883,11.162643665385682,11.816612944418768,195154.6371356157,13.355628988945869,13.561641840280997,13.277577654767622,13.943850887055383,34.43386305032654,8.868016054262183,8.972845140800386,9.02624245118166,9.101789155544814,37.97268136519383
1223,BMO,Transformer,2022-01-01,2024-01-01,24,14.081095215558074,14.272882500293136,14.032378738383814,14.528739987022382,267049.15420057904,11.089536575367624,11.271602495460138,10.945325624279802,11.514071362908073,210209.260787802,13.079221108903376,13.147332632324234,12.93784665018432,13.508053881056622,38.683837663628026,9.541062676901166,9.543740593496189,9.70735862797012,9.712776806854752,42.92335750986069
1224,BMO,Transformer,2022-01-01,2024-01-01,25,13.800545144729575,14.093735849333042,13.781423394240711,14.368129668235689,251039.79230897164,11.317983011130291,11.571384965842034,11.22562297640784,11.846122911435376,196187.0507759189,13.444882481931684,13.590284781719271,13.372657849983494,13.996089927813244,33.36387536096505,8.738761708882233,8.82615786714553,8.900794642283111,8.975909068331106,34.2559221036903
1225,BMO,Transformer,2022-01-01,2024-01-01,26,15.902172201100967,16.165358305185286,15.966385864506504,16.60696991104916,246256.1094862453,12.707553350589624,12.943765658396025,12.66571491294994,13.344166627148336,192268.0109889244,15.023952154703332,15.132347741785374,15.01399698995432,15.69094331974276,32.07071172790064,10.527380835619732,10.571546659549949,10.761571516522933,10.854226831147171,31.821899195722285
1226,BMO,Transformer,2022-01-01,2024-01-01,27,15.290667937028688,15.602072666338948,15.36511175504461,16.029051292670868,245894.3901522719,12.384577018806096,12.650464536563067,12.362486755287987,13.040419986628995,191458.522921544,14.675970264378629,14.821343530368685,14.690586696482278,15.366565489350748,31.146041034541422,9.870364415826131,9.964985838518386,10.096444481227474,10.230413326321866,29.713977404188874
1227,BMO,Transformer,2022-01-01,2024-01-01,28,15.199432471095086,15.36200953775535,15.296437762949877,15.832568803421504,252483.98518377304,12.046081679584494,12.19828825348771,12.032606286392014,12.623550448543602,196950.45164329355,14.222139992717178,14.240837817638818,14.243121568100154,14.824239792846258,34.71623878494246,10.210836026746064,10.196570621957472,10.457640347634726,10.494095999492169,36.95343061721109
1228,BMO,Transformer,2022-01-01,2024-01-01,29,15.421067745902812,15.657435716964605,15.46056099697126,16.088375383617006,246336.7526971546,12.404171600253388,12.61188857577576,12.34733161111242,13.00958255985898,191914.59531111096,14.681448608283851,14.759124916062497,14.65336850815723,15.313898978149124,31.82047867705328,10.08814322445144,10.12861989821997,10.299891461506803,10.390950471668427,31.381991474736697
1229,BMO,Transformer,2022-01-01,2024-01-01,30,16.048203594393126,16.312238008783176,16.05101423539232,16.740380924156955,247030.3606586033,12.826425500555334,13.059890519168931,12.72789552752258,13.449033309170318,192842.91591471664,15.165224025329138,15.268294460814772,15.08700101466358,15.814353840846149,32.69903502585993,10.596666772637306,10.647102298097243,10.800567421611918,10.920397355357686,33.39993774104334
1230,BMO,Transformer,2022-01-01,2024-01-01,31,15.543179166184066,15.84405464119892,15.619541306586424,16.24343839032424,248888.60189279343,12.401088111495438,12.671441766863069,12.369741129218433,13.03551761558623,193941.1869902845,14.6579496234299,14.81139647603566,14.659183285282015,15.325204550338354,33.2618386394549,10.28742560434849,10.352760481130863,10.5247831707861,10.608990616251749,34.81316967947768
1231,BMO,Transformer,2022-01-01,2024-01-01,32,8.928656933537711,9.191440042199382,8.698500731733398,8.855914133565783,266030.45617804944,7.490872973869631,7.720736721908106,7.23174993427707,7.495727834257875,208086.04313897487,8.932009348024298,9.10308535580663,8.644001669096536,8.896721801318995,38.4337207862668,5.285691290537739,5.3938791381967945,5.29612275682312,5.127987884990834,43.22618801383751
1232,BMO,Transformer,2022-01-01,2024-01-01,33,14.593803355522848,14.834277148393912,14.645407869431498,15.211292753541318,260128.83470471937,11.496476865350994,11.71936032697624,11.43825002388444,12.064494115307989,206426.6952550682,13.55999006515516,13.670657847944614,13.5236634845821,14.155907210182953,37.25110580354845,9.886098637367786,9.914245506219556,10.111817616645268,10.155878405892931,39.73141370274738
1233,BMO,Transformer,2022-01-01,2024-01-01,34,15.10015095631103,15.306797384563335,15.199024354080404,15.603789014784573,251333.27836482305,11.83810312243293,12.03442646987371,11.822612944914916,12.298807353513178,197193.0336794713,13.9519427266416,14.026973437010378,13.96872687325943,14.41584040523303,34.84551083684654,10.327110188413544,10.327856804850953,10.575437030819666,10.54690825374843,36.68693417966711
1234,BMO,Transformer,2022-01-01,2024-01-01,35,15.615563687780266,15.841481244485143,15.659471392255764,16.238193514527293,244793.49833131736,12.37910528115267,12.587115751874142,12.313052840344536,12.94238972602812,191111.65450804777,14.616843525151266,14.697348271460534,14.575008303617146,15.198888697112771,32.3539183090958,10.457546202534084,10.47534316200134,10.684410026165212,10.741266711078474,32.21735022155844
1235,BMO,Transformer,2022-01-01,2024-01-01,36,14.843350357283292,15.135535810601665,14.902305181842582,15.576360030316472,252000.4265882671,12.038833613132631,12.29318035072359,12.00476724452358,12.703920282935268,197899.00624886423,14.270873304672929,14.408148279450756,14.269909134673922,14.977870862625508,33.074769459922685,9.581631830504156,9.657814852609611,9.797438025270964,9.915488849783426,33.05630450054725
1236,BMO,Transformer,2022-01-01,2024-01-01,37,15.002568676293624,15.253562797822193,15.00839697744685,15.657757618431736,247275.26493543093,11.872524286368998,12.103002003642825,11.775493849906043,12.472137770448407,192818.9817223115,14.01371993520439,14.127951757209145,13.932644954584184,14.644268835802007,32.86235307395805,10.088730464595844,10.1216314884124,10.28991761217375,10.378162076770495,33.74169170181267
1237,BMO,Transformer,2022-01-01,2024-01-01,38,15.30938110282549,15.625561449637146,15.387646951237178,16.083785124865283,252388.7867353561,12.29883016367708,12.581579631629122,12.275115041208068,13.003984504859528,196161.8021674701,14.553630694282344,14.722732985643978,14.564800608387843,15.306939670708712,34.4554885287546,10.040374156768276,10.115992046977915,10.273830145419186,10.392186437096647,37.16504444134234
1238,BMO,Transformer,2022-01-01,2024-01-01,39,16.698964697443817,17.02981560466149,16.80618378487683,17.646067927429467,246344.37825412856,13.375304633086389,13.665986447090468,13.368174371935144,14.215178334896418,189726.312597986,15.820034300091509,15.983084933023564,15.854473135526106,16.72289760472295,30.288208005451484,10.995792643828649,11.079479355845974,11.259365332477785,11.46395861030318,28.42771462253818
1239,BMO,Transformer,2022-01-01,2024-01-01,40,12.370910198765715,12.691898322340249,12.300308857711492,12.948114603095863,243366.23666025064,10.333840223572038,10.615200692847749,10.211303702917135,10.88380548878362,185623.14607546697,12.325749844535933,12.51863894247702,12.216608992004602,12.91580872885008,32.49971732336011,7.573837019258709,7.681300794995774,7.689753067612062,7.7983108134252435,35.31875334875392
1240,BMO,Transformer,2022-01-01,2024-01-01,41,16.620979402453653,16.997620409974065,16.753821532134545,17.529046601592736,244556.83734241844,13.141738226033125,13.481216166871455,13.149240573315286,13.946177625987527,189229.3440046169,15.510856254735431,15.736887557456075,15.560289799691992,16.373137078913853,30.455476114697184,11.1891857747798,11.281545652254898,11.472688986609402,11.637863169500903,28.609327864659527
1241,BMO,Transformer,2022-01-01,2024-01-01,42,15.692267198975992,15.947254074789887,15.747372932327982,16.27381450496542,251527.181514024,12.484555962574229,12.71280202382682,12.430832499506948,13.01063581512135,196750.23354428168,14.749535905243066,14.851594928890965,14.723494422948232,15.286079437833328,34.582973671015154,10.45713487975972,10.499328414211352,10.689236963659813,10.722464991588248,36.59472125054838
1242,BMO,Transformer,2022-01-01,2024-01-01,43,13.415354684196858,13.637932534317532,13.383108631392036,13.973847040426648,252805.1138146136,10.807840154628632,11.005949212287405,10.695671845057047,11.329683427563369,197412.99756666724,12.797575158196269,12.88593071237659,12.697033227401388,13.344892469536868,34.226183917054826,8.787903455124509,8.824758149304063,8.94612084811821,9.015103611970405,36.37468898668407
1243,BMO,Transformer,2022-01-01,2024-01-01,44,16.217999656941117,16.565715294147125,16.334850467175354,17.079227148907293,246954.7902562144,13.019194447299284,13.325192053993,13.026697527001504,13.787770896594308,191790.00120131703,15.404385368508525,15.590508483997509,15.455991232721608,16.225607600578325,31.244004367120464,10.634908149565597,10.729865327691645,10.893715064422713,11.051563047312436,29.952290877621827
1244,BMO,Transformer,2022-01-01,2024-01-01,45,8.458869380119788,8.670665131413632,8.201589399189514,8.544474070034012,252380.4046172897,7.190251251097525,7.373636632901036,6.9110911084527045,7.314521414466394,197525.7386777384,8.597112211683125,8.716789921237922,8.284566284020736,8.704200867763417,35.40619297779767,4.879632026337106,4.969141400141853,4.878733247373244,4.846496734303216,38.06077170437785
1245,BMO,Transformer,2022-01-01,2024-01-01,46,13.9412493414473,14.148671615090512,13.915750086507508,14.401168986670427,256018.9170528564,11.134552050950138,11.323663555026837,11.019258428291527,11.567925049630867,198671.6480266876,13.162758577052672,13.23707547053474,13.058053741377382,13.60140053509804,35.653495440138414,9.255516457137835,9.27628300481678,9.42901927753823,9.434737387950324,39.64307254193925
1246,BMO,Transformer,2022-01-01,2024-01-01,47,8.542188940964763,8.750130491837943,8.277038223729484,8.612176082937362,275295.6321459288,7.26956806019938,7.458642622493383,6.991124600536756,7.40274935043228,216926.190825888,8.69434907261825,8.82157285710315,8.384561394499828,8.816967519920794,40.57691718220757,4.926918840154428,4.994419556710008,4.9070870309997225,4.841017655233458,45.711109776470906
1247,BMO,Transformer,2022-01-01,2024-01-01,48,15.91134600469305,16.21667428449521,16.029544186922813,16.79410017000312,247870.27577347087,12.988559784722431,13.23456524147946,13.011580825712707,13.775918109889902,191503.0970024971,15.413790917110202,15.524094733672907,15.4871923967329,16.257706364513545,30.397601420319976,10.125072179231069,10.236966562018097,10.368631153014734,10.552539731901136,28.16488560360059
1248,BMO,Transformer,2022-01-01,2024-01-01,49,11.699067164841066,11.879498449132564,11.567804102358645,11.949375353398125,282357.72480151715,9.134888773963366,9.323656339361408,8.936631873739938,9.4143561191525,223906.63761868657,10.757833855554544,10.863250821662202,10.54551546876876,11.032958347923858,42.05745710760565,8.063330848837916,8.046370718598519,8.147345796736811,8.090779004556119,47.73229816246389
1249,BMO,Transformer,2022-01-01,2024-01-01,50,13.16867693059713,13.35387545828797,13.090843335992538,13.602409180508886,250674.06287413047,10.738944464075129,10.90334587803225,10.5941612817884,11.150101257564344,195877.7081089813,12.74397231913778,12.79288748975413,12.605403217619976,13.159844215608654,33.70136302207285,8.434850365567739,8.458347038060278,8.562281771241922,8.600764849890979,35.305501148895985
1250,BMO,Transformer,2022-09-01,2024-09-01,1,10.785833465868269,10.555408467618108,11.28158787080448,11.35879231724313,1181931.587683492,9.591650811424854,9.443651558884936,10.143521033042685,10.26393663206754,691154.436699003,12.133135695242654,11.841879125291047,12.94360893406755,12.967180978961023,40.22441403887876,6.327784350150465,5.986147417114259,6.392952105339762,6.220778796408087,24.353208329215576
1251,BMO,Transformer,2022-09-01,2024-09-01,2,9.02900595484254,9.004216726969009,9.537381942975845,9.80064978918254,1176719.4793688385,7.75768676827829,7.77942476582323,8.300033064925104,8.565381926994315,686421.0990775006,9.813773320251435,9.752910903496105,10.594149475539837,10.82160337191008,40.27434284478543,5.903227166854983,5.726990492342772,6.06569949131026,6.071015536353995,24.849385877482312
1252,BMO,Transformer,2022-09-01,2024-09-01,3,11.23472198344886,11.139923060497782,11.664747833229208,12.065771249460829,1171669.2765556264,9.90551585146246,9.87688418570852,10.390942505483546,10.801102279880109,681045.3417067234,12.522203527317702,12.376931787520087,13.25245632885174,13.63732518182196,39.936275751194025,6.766289188317678,6.507553438991674,6.831691896423648,6.843829279853401,25.23401205000776
1253,BMO,Transformer,2022-09-01,2024-09-01,4,12.320581950025293,12.142423411608863,12.873434036084026,13.037996122765618,1192767.75965072,10.974842717410583,10.874490043699932,11.579303463619947,11.777165898552289,699193.5207943151,13.875956456253885,13.630012836488472,14.769484483204089,14.874062208714175,40.31278641643045,7.171527408358089,6.846420003361711,7.272810323675497,7.143770275860338,24.714218710382468
1254,BMO,Transformer,2022-09-01,2024-09-01,5,2.5765322367439483,2.459471962489409,2.849154373540248,2.761610178467764,1163946.1633953897,2.0271855940472414,1.895506089101033,2.24419035394734,2.2121225521291668,678405.5732215879,2.581306139345612,2.39589722919319,2.8898144385872864,2.820312048136165,40.70370201439504,2.1129379015057768,2.034751161021393,2.3473490997392843,2.1674177795589533,25.41097513138369
1255,BMO,Transformer,2022-09-01,2024-09-01,6,7.613282359238965,7.554510736301415,8.130911563755719,8.249852319828635,1168698.7715377563,6.478925786191222,6.473626275910751,7.019045547506527,7.163146183182321,680318.3555113487,8.208706887448457,8.127021397697034,8.973500908213005,9.063552446337464,40.28896552814684,5.138503921293013,4.943794035621277,5.329554481667255,5.245319971133984,25.257657431718577
1256,BMO,Transformer,2022-09-01,2024-09-01,7,9.606979156889832,9.523499575353537,10.074082278628724,10.232921073257542,1174179.9371002228,8.223938910110666,8.183938020227606,8.735778846610714,8.901839119062014,683570.8747884019,10.388207332772485,10.24720659757966,11.132434869517432,11.231909472675222,40.019611815609146,6.297206380325969,6.112145848310653,6.426860137796927,6.389680963948674,24.946005020189048
1257,BMO,Transformer,2022-09-01,2024-09-01,8,9.069014371412466,9.138864817778252,9.666122843204398,9.831089998747409,1186745.6687568063,7.868769472137105,7.98644686529433,8.491501470479578,8.689403811796648,692211.2735783175,9.954342945140208,10.011564082714475,10.837363210639438,10.978165362231469,39.79101646225347,5.768121198421882,5.616321796474724,5.966920264287813,5.867838292414608,24.686088950421787
1258,BMO,Transformer,2022-09-01,2024-09-01,9,9.489989594880738,9.37764576063092,9.963565293483226,10.11176248776651,1172611.4592972137,8.406331163606266,8.363742800570698,8.92056368720694,9.109246549056603,683315.5978810088,10.645276152193754,10.496862454255798,11.397753911390048,11.520561773398432,40.27059768864967,5.681560822893138,5.409532804624464,5.7846693758594645,5.645891244326356,25.06108848903475
1259,BMO,Transformer,2022-09-01,2024-09-01,10,10.289595893487247,10.227907062298218,10.711841203746667,11.0007933008045,1175228.7698890392,8.559378971151268,8.556991216443471,9.038973270497287,9.313451007873075,685251.7326541116,10.797444080051228,10.69980837080294,11.50648516257917,11.738696593470328,40.22382443580452,7.21446449440336,7.005338256406112,7.340587647474013,7.394489150039442,25.060081183243017
1260,BMO,Transformer,2022-09-01,2024-09-01,11,5.398872912568337,5.377479735177687,5.842770123089281,5.981995612414991,1167756.1647224908,4.597946222783849,4.642099525509426,5.068724028665889,5.275428414852146,679705.2510698834,5.869431638986298,5.866729427092188,6.5266328039239445,6.71521095845767,40.28865087394178,3.75014560535196,3.5461511875875456,3.886453805045157,3.7135563286150974,25.161005904146432
1261,BMO,Transformer,2022-09-01,2024-09-01,12,8.554806224621844,8.41986578782705,9.046172146281789,9.10899817878037,1175496.3152250892,7.366615587977649,7.292284202893621,7.894060715414644,7.9875336350215775,685023.2095147244,9.32179248653062,9.14542841884408,10.078691139846567,10.095520159603444,40.12083043435836,5.565452306961973,5.325282825147965,5.711758411992737,5.591193915366532,24.92801541443845
1262,BMO,Transformer,2022-09-01,2024-09-01,13,10.247371863341955,10.12397630010939,10.780706085070111,10.969299497546068,1173653.4857443452,8.848718401851567,8.790771575014904,9.425348927753609,9.630237452317498,682174.0304134989,11.182669950413956,11.012058252855704,12.01667507621321,12.15603760831454,39.87961205896888,6.57408570973588,6.321582964901674,6.72334438543431,6.668504167162633,25.153508159738568
1263,BMO,Transformer,2022-09-01,2024-09-01,14,8.29237106992809,8.261009238944458,8.777714995487022,9.04206096284552,1164985.04738765,7.099149757474354,7.121255109347095,7.618938006031368,7.892763963727955,678200.5023837499,8.98740989592253,8.9335085092513,9.732633049676028,9.978461123393524,40.49821391135072,5.493287248132183,5.303749515158247,5.646407944786,5.639823156539069,25.509404444142987
1264,BMO,Transformer,2022-09-01,2024-09-01,15,8.518054771673572,8.399282311585377,8.939880656621995,9.094829849370722,1183052.071628509,7.390786160728487,7.334192881055836,7.857638625503762,8.039369745042292,691254.9475503006,9.356399044016625,9.201609506565667,10.037146392200754,10.164649636802276,40.12478412803472,5.433489267814888,5.192328922500038,5.52962386774518,5.443151949966877,24.493892146896545
1265,BMO,Transformer,2022-09-01,2024-09-01,16,3.1429515587974888,3.072554199320183,3.507022584636872,3.489913294023632,1164813.590225676,2.3920845943967968,2.3316159988747693,2.744082217614116,2.75498883481835,678794.386981544,3.07212907720832,2.9661786161139703,3.5547877925072786,3.531205631495762,40.58641132634467,2.726497825743276,2.621662429981206,2.938958820992179,2.825245234050956,25.291593727863983
1266,BMO,Transformer,2022-09-01,2024-09-01,17,7.93059406521625,7.874757599960664,8.394246100727663,8.544548154521996,1176976.439258918,6.629181295116663,6.628420256461855,7.1233720649792565,7.287418462901853,687099.0477488427,8.385858412207476,8.3089762168111,9.094029539485188,9.208678964257103,40.36311038998939,5.555025791199382,5.362855422260769,5.728911713169004,5.684389075685227,24.82304585063077
1267,BMO,Transformer,2022-09-01,2024-09-01,18,8.573232049450969,8.474329476370507,8.981484349411234,9.18946762944225,1177136.6567394466,7.413592180943592,7.37157029665984,7.869368601513273,8.095937177890253,684646.2442588852,9.382664645157584,9.246084948463658,10.04938347016382,10.233305499281164,39.91160163360467,5.514590493618682,5.293000563095474,5.6041273503257845,5.554850734370284,25.103068563960857
1268,BMO,Transformer,2022-09-01,2024-09-01,19,10.36749620023557,10.297987415229091,10.928691700219511,11.165439976671475,1167945.4216480914,9.100616081023286,9.097356266391754,9.696277264769938,9.956627100941038,679440.8804749826,11.505740751799095,11.400049933907477,12.368401821227277,12.573279590405296,40.27445890893063,6.3444832569069725,6.097212890889341,6.506187433388639,6.439636417269077,25.450924591173703
1269,BMO,Transformer,2022-09-01,2024-09-01,20,11.013765845048438,10.661526652066438,11.390628620278353,11.468243925328352,1186223.8003519904,9.65399367349936,9.404652412349227,10.08994602997812,10.214531621601704,692724.2844141203,12.201442244594642,11.783771085750365,12.866846390406105,12.897510565416797,40.040398515832045,6.759913189963447,6.340606203958639,6.809484422018112,6.639742940858337,25.03848256744457
1270,BMO,Transformer,2022-09-01,2024-09-01,21,9.787181457788824,9.701168454184854,10.245351013382086,10.511156845170696,1174069.9991256932,8.29197402874563,8.262355028410886,8.802265330514365,9.06217485398822,683159.0389682546,10.46891055408167,10.340162405617775,11.212371925446622,11.428821476661206,39.95862757461464,6.584020499106194,6.372173638959013,6.708183632818404,6.736075817911437,25.045251516135163
1271,BMO,Transformer,2022-09-01,2024-09-01,22,9.471624103311234,9.298108305378417,9.853844759033391,9.93889988324092,1188321.8960178571,8.379582587572031,8.273141253325662,8.81373169411756,8.93992096491421,695090.3110426395,10.60507644846144,10.378147181670764,11.2545791196034,11.300791997755958,39.970228181794006,5.672520909652659,5.392459907500195,5.720549334897441,5.564457311150313,24.486758192218968
1272,BMO,Transformer,2022-09-01,2024-09-01,23,7.051509427679638,6.892870482166059,7.488819768627882,7.618634789505232,1172468.42369358,5.954041066037903,5.8610682497011215,6.415376302277491,6.574871791861358,681860.7392195256,7.554998383262655,7.368933218241329,8.215144864840479,8.331105146547243,40.01987512835476,4.879397567157119,4.627581712046422,5.040646215862181,4.95465518058619,25.05057000701292
1273,BMO,Transformer,2022-09-01,2024-09-01,24,9.847809494339964,9.67896621775562,10.246329558069476,10.422906504102157,1180176.5903585749,8.777044213855367,8.680073402863453,9.227403991593754,9.447380717288878,690345.0459749209,11.12118712801738,10.900929651585852,11.795842651274596,11.95371444610934,40.23930842318271,5.787279763433523,5.487707309614551,5.829075223991354,5.6827957443551655,24.53908622828771
1274,BMO,Transformer,2022-09-01,2024-09-01,25,2.617453659504889,2.46437400928209,2.811942765413752,2.6982884001133582,1163720.560828905,1.99781088671666,1.886235313778029,2.1730348319888693,2.1308647685061914,677612.4973825003,2.528723763408385,2.371069182869941,2.7835971800963524,2.7025618877339967,40.54479117345464,2.1961804962627536,2.02575199238575,2.3460861872055,2.1356048571193216,25.32488645624732
1275,BMO,Transformer,2022-09-01,2024-09-01,26,10.98372609462317,10.83658805398378,11.45565719704446,11.57025923053452,1173070.6849640757,9.526033108275298,9.451858203120493,10.047075732521725,10.19479460576714,682166.0468924757,12.032140746777108,11.83465332167189,12.803461276970662,12.864076338370406,39.993028856199,6.941643018955687,6.6609729785272895,7.057967110836014,6.937905808835742,25.325526413455584
1276,BMO,Transformer,2022-09-01,2024-09-01,27,11.910149516367238,11.791928589779731,12.43187410447949,12.66252697241811,1172434.27903489,10.3513256881315,10.30137129350691,10.921537301374329,11.169603249122426,682170.1701309857,13.07001343251685,12.894528990209686,13.911473095396284,14.087969150493349,39.9860188046003,7.464868405510564,7.200158750052276,7.598173137582593,7.5458501420566595,25.134386095654893
1277,BMO,Transformer,2022-09-01,2024-09-01,28,9.471204065083976,9.433653052301027,9.991739207646878,10.386240577341525,1185457.3378707927,8.435267136146798,8.460786882138617,8.99725713312658,9.416434615177316,692815.7129146041,10.688115604977089,10.624163457597623,11.50077167656388,11.911572552969195,39.95746107476149,5.581480489707407,5.3443135727380175,5.686051637691159,5.650554558824574,24.64769539145394
1278,BMO,Transformer,2022-09-01,2024-09-01,29,10.35567054130696,10.241190140902296,10.841740742855434,11.047559379043278,1180522.453921001,9.271024149856377,9.2262237301133,9.80926086142758,10.05592983338841,691191.8652085536,11.760708244745636,11.599615198804017,12.552862733362588,12.736760834203434,40.52841801821862,6.03450376446026,5.747185524970291,6.09573898329943,5.954739584448381,24.4415200992254
1279,BMO,Transformer,2022-09-01,2024-09-01,30,9.516913369614084,9.399512217917158,9.963380801180373,10.09886904982674,1176068.532121163,8.128007542320104,8.082038338829465,8.619014120802095,8.779018202473644,685450.0885746204,10.277178049616644,10.128390279565377,10.997314420728738,11.089437878416105,40.20411363239647,6.313492801147961,6.0536805265748646,6.442857170335111,6.35821987168117,24.977627596520666
1280,BMO,Transformer,2022-09-01,2024-09-01,31,10.332258967062671,10.256741865964797,10.84049990487465,10.994198502505007,1181071.7519203916,8.955413198270925,8.940233717769194,9.507734277407769,9.68478332689639,689888.6483762393,11.317569507753191,11.19898388203195,12.122526275339284,12.225789692898005,40.25498581688824,6.558659936631536,6.330299527132414,6.695059504714173,6.611201918317939,24.70034385162333
1281,BMO,Transformer,2022-09-01,2024-09-01,32,8.531009078467184,8.41015671254338,9.019278751604276,9.145445519542577,1183164.2468142756,7.376749916690707,7.329209179606422,7.900060589529518,8.064024904798243,690183.5166131686,9.342732162071592,9.198977724123578,10.095708354474056,10.200244187864543,39.95689873313504,5.509205333074211,5.242702437984288,5.653180795118099,5.533497921514048,24.680030414637937
1282,BMO,Transformer,2022-09-01,2024-09-01,33,10.39050183094582,10.3243259559346,10.877446186489482,11.103421556568914,1170010.3658818635,9.194917412153108,9.188222730475124,9.732524783534588,9.98869414679131,681045.5267249264,11.63726271082106,11.525848743188318,12.425367018825954,12.623714750766077,40.15859885700927,6.215642731214432,5.980962350568321,6.296235318494099,6.203425742091519,25.11619789849857
1283,BMO,Transformer,2022-09-01,2024-09-01,34,6.410845248379234,6.328366045395092,6.829441637709985,6.975628743589343,1179502.0177123474,5.481165203341241,5.458037225775775,5.925992319602477,6.110533278638657,687181.2033867548,6.964012154793988,6.869604545583062,7.597795788524331,7.750382169925289,39.87341469834823,4.324765963328692,4.111277477287409,4.460591483573601,4.3574773493592405,24.754315250839127
1284,BMO,Transformer,2022-09-01,2024-09-01,35,8.61240863183301,8.572791721783974,9.062748054356032,9.322282898095706,1182829.4178023688,7.403806326402823,7.412606177438054,7.890244702560282,8.158852585583425,690678.5164839727,9.366894886009645,9.293983929017164,10.07271182927484,10.309509953524028,40.043834507611045,5.623939123100953,5.44169815010624,5.760309317719696,5.751636106340418,24.56520874595465
1285,BMO,Transformer,2022-09-01,2024-09-01,36,7.070235171545877,7.040893883260872,7.547000386127056,7.6725849027877135,1178440.39606102,6.24041606598121,6.279459333017891,6.749571236900252,6.936746754779873,686647.2362575864,7.93351333297283,7.907866198520128,8.656669224467302,8.801222007100424,40.115703261388006,4.37808318657109,4.141181954855236,4.491531771433369,4.297443875977373,25.36746975691586
1286,BMO,Transformer,2022-09-01,2024-09-01,37,4.0883509606277535,4.160528663024579,4.53257945100616,4.641036337388649,1164229.010296233,3.174406121507483,3.347915615805296,3.652182524418396,3.83929901256354,678499.4122902942,4.0820591882995405,4.2561265336855545,4.733619620864974,4.916700737730514,40.68215744374099,3.4262763419117803,3.237384820980396,3.598894934488638,3.4377404792548423,25.379173872607048
1287,BMO,Transformer,2022-09-01,2024-09-01,38,3.6614151235366297,3.6366526767772425,4.072847870004111,4.0824153487373644,1170853.4024946587,2.86944617276678,2.862500167854201,3.2551734413414577,3.313811185057501,683182.6845831481,3.686966044327928,3.641558847601877,4.219629201186927,4.246739876450167,40.55292300560585,3.02055530564871,2.922522820151636,3.265829969361815,3.1237052504001928,24.966699472933072
1288,BMO,Transformer,2022-09-01,2024-09-01,39,10.533778343518607,10.411149740038963,10.985530193305197,11.15314189772675,1185271.4302222023,9.373008896597211,9.31898158280381,9.878839073064569,10.085147999638984,693513.8584590751,11.864850869509832,11.69249484922452,12.61510731503392,12.748930351373492,40.11814760502698,6.190532559109836,5.912947236072879,6.245833173858136,6.109660979243748,24.351958049090133
1289,BMO,Transformer,2022-09-01,2024-09-01,40,7.940215271455852,7.881421727501848,8.409416308042179,8.548410448396345,1181442.61263735,6.704302506882442,6.705078412793093,7.199609672478672,7.363102824467303,688703.9633143918,8.492183215134045,8.415702735512397,9.203686921887554,9.31613955723242,39.85794878243391,5.46051162030665,5.253094808806236,5.63707177419208,5.562297257916619,24.68362543775132
1290,BMO,Transformer,2022-09-01,2024-09-01,41,2.599223780335072,2.4651502898287334,2.82490248904426,2.715104289501668,1165074.3050904644,2.008880374742944,1.8893064587228627,2.184328196438405,2.1409693140259867,679169.1410290699,2.5493381997024747,2.379309064664826,2.8028867425923454,2.7190749189104984,40.64096519431993,2.1628927372102016,2.033976855026816,2.3668211825243723,2.162498322900809,25.27629753718956
1291,BMO,Transformer,2022-09-01,2024-09-01,42,6.185213033665503,6.167652317682598,6.640355223059777,6.71505920291637,1171886.1724233574,5.328603336949524,5.383341191019491,5.818153974783266,5.96281205303807,681858.5728049785,6.794746107079533,6.797366591230694,7.483590517801453,7.585026982508487,40.2021151478451,4.158201795602907,3.932553105962138,4.277355411394074,4.066996150425705,25.38280847871776
1292,BMO,Transformer,2022-09-01,2024-09-01,43,9.084879098433262,8.97617582703074,9.56220366216374,9.714663909699322,1180860.4055803982,7.715608694863052,7.667190827270163,8.231982130495982,8.400914882020725,689656.4632082292,9.752966267143028,9.605711099363331,10.499617706973464,10.607820031152864,40.17732899295847,6.1054253856184815,5.876841103508381,6.258783484077661,6.201640936569676,24.57919147244715
1293,BMO,Transformer,2022-09-01,2024-09-01,44,7.725468857015443,7.620383861657907,8.160204111574929,8.31936145348207,1180278.621423423,6.644599824491372,6.605731042174409,7.114954021008923,7.30796459283487,687900.2578040302,8.42384546296295,8.29796538401371,9.102203395517751,9.252010385236291,39.97561606674198,5.085334703677519,4.843120042990677,5.210826341182679,5.115344824263734,24.765284324844988
1294,BMO,Transformer,2022-09-01,2024-09-01,45,2.89130197785086,2.730223510348348,2.9441212587058447,2.806435944459147,1158985.2167399982,2.278663674342912,2.1343813451639138,2.318868993822019,2.2356509741510666,674736.6789542251,2.856795849643481,2.6534107507843694,2.9380646362304206,2.803599749664325,40.733131079901256,2.2246902264178874,2.0875143508425484,2.2909702633534894,2.0996871009608533,25.63220621540379
1295,BMO,Transformer,2022-09-01,2024-09-01,46,9.86624190578472,9.775537529860014,10.257064257895808,10.42441665720151,1183445.0166294698,8.820386393691225,8.800324815839115,9.267362402947498,9.479786155020273,691764.9718585318,11.185179136205816,11.05961309002765,11.856300198982424,12.00358543416582,40.10128705597149,5.764183922460036,5.485297428264332,5.787591335550852,5.629271118135736,24.39925321379556
1296,BMO,Transformer,2022-09-01,2024-09-01,47,2.827819987213705,2.750301780531012,3.137034630442252,3.089050032573491,1159285.3524269992,2.197654486943,2.104550116302359,2.454390060859132,2.45496329793935,675605.4850143463,2.80876629737476,2.6689132244838163,3.1689475451585367,3.137814313202873,40.85017923451108,2.37535404542924,2.313158533458989,2.620076838005491,2.468219258296958,25.610314059062496
1297,BMO,Transformer,2022-09-01,2024-09-01,48,8.394435498672504,8.326693485354262,8.858039126721415,9.088702414769427,1172526.573666387,7.41984381382289,7.4144560627281955,7.922991567527536,8.187662148507382,682957.0647068697,9.399815533477472,9.308040463112526,10.12689308917416,10.356590676610242,40.16599933463973,5.072216069928125,4.837874260958431,5.171176617899927,5.077263160563387,25.1189239059114
1298,BMO,Transformer,2022-09-01,2024-09-01,49,3.274388504835004,3.1917878262884627,3.673792673428841,3.5839197910390865,1189279.2153015493,2.482256140903777,2.4329056922437213,2.8614755213769696,2.854406471536692,696518.0604892884,3.195074226874321,3.0996648891749805,3.714935337796154,3.661806135964393,40.29832767410063,2.836837026318743,2.695680216173068,3.07470685062058,2.845558972843828,24.258580802737505
1299,BMO,Transformer,2022-09-01,2024-09-01,50,9.889319555578709,9.7444058731462,10.347483752095028,10.55790439254993,1179604.9729506625,8.580142210087333,8.509847492011014,9.079524467340352,9.3149262999195,688559.2177896536,10.850584507157368,10.666519033967692,11.586029424239706,11.766770247034332,40.18471972326808,6.283738169878907,5.999991002955384,6.408318061111686,6.338631617068509,24.71648829073006
1300,BMO,Transformer,2023-05-01,2025-05-01,1,7.657166612577267,7.288956984120233,8.124621541920238,7.522515081656113,607861.1433813433,6.3640181701081024,6.054806736430635,6.755308254081748,6.204899546094663,398270.0807514479,7.102105398582591,6.649957317586812,7.64425803852934,6.908309180907062,45.12132661460085,4.897116643411869,4.506965485639388,5.264100602288405,4.82182159039404,32.484672821324004
1301,BMO,Transformer,2023-05-01,2025-05-01,2,7.458992819116647,7.051280173913801,7.744149202780661,7.194292907084854,608554.7458745142,6.212290306448098,5.901847338083832,6.424343303988979,5.947206132450044,400115.40341056784,6.9382573907860605,6.485047278771503,7.281370281960061,6.630871695069057,45.881767104090095,4.775146129180046,4.306271865707211,5.0833918195417525,4.627226475269168,33.5234577572453
1302,BMO,Transformer,2023-05-01,2025-05-01,3,5.950146676384513,5.427425834550108,5.922813727790536,5.086605939562954,573222.9528992302,4.819903028063144,4.356784608332164,4.821541534392367,4.119304806526688,401876.3389860365,5.370709673116709,4.77424469870785,5.441813013823746,4.564747326589245,50.20383747609469,3.9681525336360055,3.5400619203245483,3.953197529154387,3.32375582047389,34.65028595767441
1303,BMO,Transformer,2023-05-01,2025-05-01,4,7.753309186330891,7.460632262348586,8.355773266695419,7.987743220034767,587024.644324931,6.451113661231384,6.198590205176343,6.954136424709443,6.5910702999114905,400635.0525866504,7.193417866744777,6.802592403536542,7.859698765360725,7.327514504823809,49.16718547205971,4.92601760929727,4.595088811679108,5.3677873386437485,5.079548052631411,35.3102696265637
1304,BMO,Transformer,2023-05-01,2025-05-01,5,5.098016816629008,4.458979106638444,4.958152176454443,3.959607922724122,563825.6666484072,4.122528752247823,3.6391083100254704,4.035094346317591,3.3094468058949524,414835.5550208167,4.613678892980142,4.001307436407235,4.579891295461427,3.686351805322587,55.02175917871883,3.496764569688537,2.8677303374442324,3.4214027438104906,2.52003814720084,37.10738318880573
1305,BMO,Transformer,2023-05-01,2025-05-01,6,5.002860861244247,4.365577153476782,4.7421748346879005,3.6959236572672816,573994.226538798,4.0375562137488,3.56426341139381,3.858345372518002,3.09143898939867,401706.5446392942,4.512274017228464,3.911765708055037,4.37117653371577,3.4329009925294653,50.73036722461127,3.421049954609213,2.7837616476625096,3.25020065660554,2.321338618429225,35.62033623894977
1306,BMO,Transformer,2023-05-01,2025-05-01,7,3.0660401311392547,2.435214216821355,3.4923134061951004,3.737561342437398,552719.1518730752,2.159667780011398,1.929110858288758,2.666157002765184,2.966445043587073,432931.0933529661,2.429614374332973,2.1084989401690843,3.0053562450065447,3.245951440256535,62.275950847873794,2.579014863992026,1.6437161325864456,2.629049195714879,2.46862417333864,42.61935509924587
1307,BMO,Transformer,2023-05-01,2025-05-01,8,6.422442322915216,5.980564901989971,6.663554718242063,5.922888858659348,575575.2747287727,5.274354139630458,4.895817329078121,5.497577165191809,4.866446865206608,407510.1581025023,5.8867383252078405,5.375042962524633,6.218011214479635,5.4105173615081785,52.27294034788862,4.210075539412398,3.795822278624396,4.379028886384728,3.810445544968259,36.848750402799645
1308,BMO,Transformer,2023-05-01,2025-05-01,9,6.57384736022529,6.463303417287912,7.068355585672322,6.5741928989957445,568995.1213328701,5.46752059126097,5.405319299768522,5.865194652631596,5.409585863595536,410808.1544206489,6.101836097625539,5.931078810772368,6.636348080429559,6.019139089837486,54.257328729955326,4.210221710885707,3.9256249322395993,4.595960496376465,4.220171144937444,38.17876030472501
1309,BMO,Transformer,2023-05-01,2025-05-01,10,8.116250056488425,7.924197848907814,8.685641943191088,8.355868898402772,594200.0613266781,6.796353307539814,6.65164162647821,7.241313375955652,6.898889540119106,394099.4985993024,7.5630463444707665,7.284582796053709,8.166244983785374,7.651843732911781,45.33574309434039,5.037393623566151,4.737672916083812,5.49428515604054,5.251880590984153,32.275102217456684
1310,BMO,Transformer,2023-05-01,2025-05-01,11,3.220061482747689,2.578427451143793,3.687306892788527,3.7651629791039993,546992.2015340101,2.230039597385634,1.964454611465044,2.762842462316092,2.8903815594017863,428956.5831018628,2.507172415778205,2.151052636416078,3.12134090983749,3.175651441590135,61.536990275993695,2.731696766532348,1.8473893815802704,2.843515832860745,2.6408042463662604,41.62791529924557
1311,BMO,Transformer,2023-05-01,2025-05-01,12,6.36362881608636,5.889933875283324,6.63190753422945,5.976749189819048,600345.7844890906,5.223559692884284,4.863899676871087,5.429722604979697,4.860669405825962,398034.9304610316,5.842656594563276,5.349624577384512,6.1629212035317815,5.426619676778569,46.17613879116104,4.225202574260462,3.710591122396615,4.494817681303133,3.9842467463306814,33.11434752534376
1312,BMO,Transformer,2023-05-01,2025-05-01,13,8.498805579761067,8.15491111059155,8.99282579944124,8.53860105149058,594269.9353199758,7.099902220358214,6.799263753136326,7.5072893781562415,7.077212627871747,400186.9885125222,7.913538759444671,7.461299253399374,8.483953217785643,7.869068864346512,48.14423585346944,5.340010582728021,4.985822544182125,5.7370961347402885,5.387042782745851,34.76534017484855
1313,BMO,Transformer,2023-05-01,2025-05-01,14,6.193846761333194,5.617613481801021,6.209276749784358,5.447414230364623,580607.9106892073,5.110839965289587,4.626837231563237,5.100404151074615,4.44087568163645,398494.5907841452,5.701301710440514,5.076356261870926,5.769865519448559,4.936752892899523,49.070589455625374,4.02055385317622,3.5149707798598704,4.11704287762386,3.552728103119461,35.30807645029982
1314,BMO,Transformer,2023-05-01,2025-05-01,15,3.5192156624374618,2.6844718522951085,3.4495284982840966,2.573518369581332,545078.3092528402,2.368774647360877,1.9322302755179304,2.2606899236918148,1.7913496926216257,429816.8796593152,2.687841639700473,2.142080620840756,2.609347387259011,2.012667135706336,61.75867950414947,3.088792848011225,2.110301094898522,3.1326991758021348,2.1672615018474874,41.73603532555098
1315,BMO,Transformer,2023-05-01,2025-05-01,16,7.390860954459724,7.104148408960061,8.081744068009305,7.820057152287625,568050.1325464939,6.044648987977892,5.802236226094491,6.640091389939962,6.363284065493449,410721.57795640646,6.75647790765965,6.381707879057254,7.522878039754959,7.091522408475245,53.375071648684525,4.904385057430554,4.5667604961027415,5.382556546596222,5.156388454600196,36.335213524483294
1316,BMO,Transformer,2023-05-01,2025-05-01,17,5.2904404271577405,4.680672879270066,5.129057282044244,4.033034818937103,584158.6869561913,4.298308813314298,3.815698658000725,4.171014209923814,3.3127363290081653,396999.8220097938,4.80051543177299,4.187311622342438,4.723912649973237,3.681437208241046,48.2106438175234,3.562334326152536,2.9891148417889783,3.4999220550430548,2.618596708896854,34.774985239804664
1317,BMO,Transformer,2023-05-01,2025-05-01,18,6.186054734620995,5.710252200126516,6.241315216799583,5.650471657741268,579076.2713360443,5.116689666596748,4.738994336536325,5.132795081234118,4.624571943142599,402194.1512261461,5.713367524356213,5.203309840014407,5.814672131952615,5.148536517038227,49.90479536902383,4.018447634702888,3.532782552588946,4.156753760760993,3.6786959207953127,34.85516726294437
1318,BMO,Transformer,2023-05-01,2025-05-01,19,5.863379054800284,5.009453918307483,5.360801088364574,3.8908590219139487,606712.8438746317,4.791914199970175,4.101085986154499,4.352493468742676,3.208323490825225,395387.95083724585,5.356869561634269,4.508788809483969,4.94195976909144,3.579817586576937,43.89548585770238,3.918359614824151,3.200708645353282,3.7125423331467338,2.5668405313028577,31.132512050505845
1319,BMO,Transformer,2023-05-01,2025-05-01,20,4.449577378441157,3.818154604159699,4.450798004512068,3.609297063872676,553796.7540320915,3.416643971191647,2.997734149795656,3.396463813198231,2.83691482251121,420800.8192103332,3.8436202578514633,3.3091806006682294,3.8796204732054793,3.1775962712834978,57.65792787155046,3.35813513232099,2.658749557565737,3.438356514883671,2.6003848202060533,38.68713191567432
1320,BMO,Transformer,2023-05-01,2025-05-01,21,4.743950111932419,4.007334857043431,4.47627996546505,3.3052394173658635,562972.8532905513,3.802477885741587,3.2808226501229494,3.58181412546885,2.7159326062305857,414760.7695791352,4.2590339165436735,3.607229904197864,4.071876375898484,3.0283147056333743,55.414347315478665,3.3200575436037743,2.564963489382524,3.204886096724355,2.2021776344727604,37.77628126842541
1321,BMO,Transformer,2023-05-01,2025-05-01,22,8.57012592102398,8.404156023673329,9.346411880912026,9.10668671396306,592636.1594894492,7.211225141876203,7.095013958820718,7.841624017492908,7.586243627183153,400931.9495016455,8.02967031383836,7.775737919796686,8.849197376739264,8.421176976484194,48.735089999977326,5.280703169146738,4.977447993311252,5.857214974399152,5.643645689871154,35.8664494957559
1322,BMO,Transformer,2023-05-01,2025-05-01,23,6.635621600481084,6.2311048398004285,7.019862920207317,6.503185414002995,557073.8262563997,5.449134444383579,5.227336926917133,5.691620443644397,5.282008158658671,424591.5821183196,6.101479760803549,5.750885875763319,6.473099856203953,5.906292317099257,57.86053928325361,4.427648368810086,3.821663673056317,4.869943031720698,4.372072498586633,38.35306826332037
1323,BMO,Transformer,2023-05-01,2025-05-01,24,4.923571454782946,4.104130182656767,4.330733724423474,3.08605821834244,563973.471758532,3.9684779698630144,3.363380208746647,3.5256609148712457,2.599214573350562,408842.8598598593,4.4347555389790205,3.689743118606318,3.993479826417196,2.88132436828716,53.4718008004412,3.37206269513018,2.595977787866908,2.9729809925859016,1.914021677487245,36.28822881811056
1324,BMO,Transformer,2023-05-01,2025-05-01,25,3.2022073259671537,2.70980152887307,3.8870280762412937,4.404773803257085,554755.2084444843,2.2520740205248417,2.070442884909653,3.0115961090179835,3.397400987029369,425727.6798549317,2.5293965974915134,2.257297324324013,3.3794204858592423,3.71103694174252,59.396184703864,2.67718931165342,1.9097811159043168,2.8053477808234133,3.02342200618106,39.89223381534556
1325,BMO,Transformer,2023-05-01,2025-05-01,26,7.9060151253371,7.435573100874506,8.263813018017677,7.453452003453586,608898.3063426724,6.596926534197784,6.260924589814312,6.862767866092375,6.145438135353637,394582.911725509,7.370020468709325,6.881254225410927,7.7824861723695875,6.860270341352663,42.9967664187991,5.049485385834921,4.494443681840572,5.42994458974915,4.848137686294242,30.619453296640657
1326,BMO,Transformer,2023-05-01,2025-05-01,27,4.71433891249789,4.095976941329006,4.643590355853422,3.786522446059276,558240.3145430427,3.598448950420817,3.203055705424842,3.549934364697487,2.9622506556229373,423332.25605341565,4.048136121635803,3.535797565376352,4.053646804691957,3.317557697112085,58.44977919631855,3.5662981230591697,2.868199905494861,3.564031688247598,2.7322702883082024,39.83540101449636
1327,BMO,Transformer,2023-05-01,2025-05-01,28,4.843813255257654,4.356038609698309,4.821112609344426,4.043831117584693,569195.772695177,3.884796681787049,3.580801457322654,4.021255732513975,3.5660488754587742,410170.4752294923,4.341873419558467,3.927784221133418,4.544903874731078,3.945980587438589,53.78817589815331,3.3484415599958663,2.7437024983535707,3.13097245000373,2.18117094217934,37.54793765617283
1328,BMO,Transformer,2023-05-01,2025-05-01,29,4.328921242482041,3.5379174826164226,4.114031030937278,3.012957802806452,580088.3165884175,3.426342560162131,2.9025152535654675,3.25880410436168,2.4656451621345656,400445.8520174887,3.842841632841033,3.1930277704373093,3.709220368617135,2.751299266126693,49.55528268673708,3.114713602090254,2.2667166673253525,3.015866581137273,2.0412959393090016,34.86358552778333
1329,BMO,Transformer,2023-05-01,2025-05-01,30,6.2066638019586735,5.821535232435069,6.401652739145513,5.595210351717961,559040.1040705056,5.019891934774222,4.683899682405604,5.18409687469415,4.530884119296871,424686.9699260079,5.614736321292544,5.153460200408825,5.880033360831675,5.052070837185984,59.5574118956914,4.2153836588363065,3.8424635736251234,4.395456853407791,3.738965449510129,41.81055166368158
1330,BMO,Transformer,2023-05-01,2025-05-01,31,7.407197610309588,7.052335021594736,7.875174740787965,7.484344875086252,584119.8285077431,6.117453898212091,5.7823412705525845,6.506783369063129,6.082396371790738,403002.145987328,6.817350441400335,6.342673025918747,7.346662207835583,6.753588606933492,49.8605139937729,4.758923735348445,4.446327046081748,5.103457384442007,4.867272095244917,35.44488027414885
1331,BMO,Transformer,2023-05-01,2025-05-01,32,3.8965476668646906,3.110335875217029,3.5621843644861007,2.368910339947534,583658.0885395944,2.9962006289651075,2.545182981456495,2.7380156392010164,1.8114153764041168,400435.8610145772,3.3688286588269105,2.8020464514744923,3.1238134765761894,2.0215752177907995,48.682314734400265,2.950337233634985,2.0164784465572696,2.757648787778437,1.7898988720258329,33.943585905494864
1332,BMO,Transformer,2023-05-01,2025-05-01,33,6.836878166970794,6.590967494078311,7.326009354331454,6.963809406131244,577961.9176782882,5.576480663604515,5.287502970265191,5.967841620289636,5.543827625490564,407507.487674796,6.206808122871442,5.791738685354624,6.722513190186484,6.136704446993638,51.53218857804407,4.4699205601306975,4.298379597764837,4.821429235807457,4.644592811885052,35.63894836542559
1333,BMO,Transformer,2023-05-01,2025-05-01,34,4.90587447532222,4.360719547854477,4.666865792392805,3.698970867456664,575602.5061042721,3.864485574246797,3.455255366038245,3.8088023815894254,3.0250987491967423,404805.34126796375,4.302735334815364,3.774028392289148,4.279522021020534,3.319805188445287,50.517368238156266,3.4224505278730826,2.888455536288288,3.07253208555848,2.333518309678071,34.2660846938384
1334,BMO,Transformer,2023-05-01,2025-05-01,35,7.0794472454536495,6.6256876054420655,7.3857750804617295,6.673369340568014,576047.747634266,5.852212134631642,5.484154069023233,6.091147777925037,5.449062572511252,404693.0500382975,6.5384761006610965,6.028379911931951,6.903916832011974,6.077184491932388,51.19410411685465,4.606260276819853,4.143734023011298,4.90141022501013,4.392625546620031,35.46460257987976
1335,BMO,Transformer,2023-05-01,2025-05-01,36,7.2423382958329,6.7259511847677365,7.366219224093458,6.671462316844485,606792.377050274,6.058828468148097,5.69194348864591,6.099964435759332,5.509377593653311,395795.97997860325,6.768316584426601,6.253774070711068,6.920398019904156,6.1491846085699,44.04041658099424,4.608891219247788,4.015799676577466,4.878867371505408,4.324840017328215,31.42456565303009
1336,BMO,Transformer,2023-05-01,2025-05-01,37,7.497368066947561,7.308623706276265,8.223741318886992,8.296001413900827,588741.6174617984,6.2215510912617855,6.056565505504896,6.836436695802547,6.840563868679707,398297.3833431082,6.938196538008487,6.646179040860124,7.725373283036633,7.599768720232608,48.38791162862873,4.79231144124475,4.522650385569045,5.290784031172458,5.265436816636244,35.069927559240945
1337,BMO,Transformer,2023-05-01,2025-05-01,38,3.7928763572703152,2.950527604943705,3.643451599454657,2.749115240031885,561520.7823456359,2.630509558713084,2.1422733417311712,2.4579512376451875,2.031186574039644,412333.7482703048,2.980450989877893,2.3750846195774065,2.8322726203535176,2.2723910551047988,54.993366550305645,3.236575302020276,2.2960265715331585,3.23355135209088,2.1672698097735226,37.531703779480246
1338,BMO,Transformer,2023-05-01,2025-05-01,39,6.468445892721771,5.991240205136525,6.674642816962582,6.095466167327158,571773.8503553671,5.334606373827927,4.9646035519735126,5.473845823543219,4.9610012443549545,406877.62520768895,5.96407645657058,5.458687768216362,6.211056968738883,5.536577769839044,52.24252857384675,4.2470062592737206,3.7436360670042497,4.498799543082479,4.046325168436032,36.09071778513121
1339,BMO,Transformer,2023-05-01,2025-05-01,40,3.267957978276888,2.4025781003828754,3.278608253721575,2.853349179292557,548534.2178407273,2.210592306130531,1.8609545264295235,2.414241657321548,2.2373275526841443,441008.97603833553,2.5057622277795075,2.051680408385788,2.752506758758724,2.4680126497571697,64.88396160738351,2.8619698382015617,1.72061412488041,2.665701101285906,1.992669215993538,44.75155527873881
1340,BMO,Transformer,2023-05-01,2025-05-01,41,3.436856975460366,2.635778157641098,3.484551550136294,3.1074392593948787,558881.8464062165,2.370755067247321,2.0013342001438312,2.585561768549677,2.38387233210867,416888.0895897874,2.684709595672104,2.209396677461244,2.94811765634346,2.63041725601863,55.87695969430352,2.9545740341493234,1.937367296307405,2.803502251712421,2.230508099308445,37.434190335122686
1341,BMO,Transformer,2023-05-01,2025-05-01,42,5.0378239445715405,4.1659313770112965,4.782048910938754,3.795945880678728,606110.6233320386,3.947745218147702,3.22296365578143,3.598898204051124,2.862749071663876,392732.4788725938,4.4357559037659335,3.563027293514153,4.117762302735346,3.216849386439987,42.94033425155824,3.6768797962124142,2.9744576046830584,3.763412531399683,2.9033786054940984,30.28417062327231
1342,BMO,Transformer,2023-05-01,2025-05-01,43,6.259150987494337,5.812413113493717,6.436831019105116,5.709493254010201,576004.3891963968,5.1193024575540695,4.727571469222294,5.290221875060369,4.682813620063759,405257.6105414247,5.7132087645409815,5.189527812588337,5.981626538688426,5.201749679864927,51.17403677100262,4.131892894756053,3.729616956596608,4.254501885526066,3.674017232590861,35.37513497310287
1343,BMO,Transformer,2023-05-01,2025-05-01,44,8.708886667981565,8.546398209626553,9.526806124191896,9.317123478978964,584124.9479462325,7.325308247205943,7.203405062935099,7.994520367155871,7.750792695287032,402607.97465234686,8.154133702628313,7.892708878662409,9.017183120268076,8.599627574047725,49.61804482404269,5.360384975060761,5.074122733790809,5.952721176112612,5.777520690888949,35.18193798433757
1344,BMO,Transformer,2023-05-01,2025-05-01,45,5.516392183359701,4.98970587782691,5.520720384981573,4.746442122040432,590177.1457604559,4.444159259694353,4.062514829602774,4.56895289835447,4.145306638767502,401975.1361118039,4.969595599794312,4.464074592332575,5.172213476803611,4.599725468865826,49.1182388106828,3.785527881629347,3.2205614479961184,3.656141017623512,2.666973424283163,35.57058547334357
1345,BMO,Transformer,2023-05-01,2025-05-01,46,8.606552876030346,8.37160051487208,8.863767872993051,8.17375056359122,604325.8321026956,7.188268628355879,6.984800733125141,7.371330971671615,6.7017664187025945,397479.53954078257,7.993610960870747,7.646886959709956,8.308743831471997,7.432948211201254,45.20990847473193,5.347850152740401,5.063189517468077,5.621852000036907,5.205334398351927,32.72656246954553
1346,BMO,Transformer,2023-05-01,2025-05-01,47,5.564291761765379,4.994387951334373,5.456749116701323,4.516926691980337,571394.0826809111,4.5372093244099725,4.071826197745355,4.456174583714076,3.7164045299656,409621.497337647,5.06612657015914,4.469188436728968,5.04471036869322,4.129896139686644,53.44465921444733,3.712237689078752,3.190015302435296,3.679441334815222,2.9084748998032874,37.19587300257244
1347,BMO,Transformer,2023-05-01,2025-05-01,48,3.584011822711288,2.701818164218974,3.3545619237093045,2.435806853218879,605132.0422494153,2.552543627779787,2.0261334720782544,2.247440369901717,1.8230212221380253,398782.9338153665,2.887115000201316,2.2427093923034027,2.5882905112375445,2.034492103166995,45.72008380228076,2.990078803884903,2.0251442603398027,2.9940337893276627,1.894922338085073,32.91844854229051
1348,BMO,Transformer,2023-05-01,2025-05-01,49,3.6629873442489465,2.798335799918342,3.5621812958914703,2.803712965212637,554276.2951235252,2.487306964269907,2.032831538718531,2.4873506440836004,2.128384752322139,414792.2760755245,2.820937787261434,2.252474399386765,2.8564852731518,2.370035809149763,56.617031920272055,3.183985467690181,2.1773218942650487,3.072201975319116,2.11498049617526,38.46134058996354
1349,BMO,Transformer,2023-05-01,2025-05-01,50,3.264242395987644,2.4993986360668914,3.4865235536387025,3.037990599338983,548725.4611372215,2.277909749092061,1.9278676574067304,2.555616607714073,2.3110012640601285,439039.5725200125,2.5718626451233884,2.1226638283477444,2.908695944568832,2.5583527533533363,65.30031307691578,2.7834736891323826,1.795456489933774,2.829992284863022,2.2338485486004345,45.69330608569845
1350,BMO,Transformer,2024-01-01,2026-01-01,1,2.695611873162441,2.676862768883185,3.120229727271449,3.219468463103802,342036.06628646184,2.2541257640365795,2.249989365462564,2.5817005556898227,2.6076162578053523,286387.8474163089,1.7832148346382213,1.7578071385508314,2.039023742507094,2.0389266210894164,70.8848574096304,1.1708609667889116,1.1176759124567297,1.3522910356451123,1.4475665528002193,82.3224658109268
1351,BMO,Transformer,2024-01-01,2026-01-01,2,1.7230086685147743,1.6848714438796342,2.05032359227456,2.222981516214228,325882.5754782076,1.3978597668614687,1.4103929075060193,1.7397758228451807,1.8516438034371403,267001.57679611555,1.1134123218250211,1.1060806561140957,1.3788539925332983,1.4520022937239672,65.84021337523349,0.8175677868762964,0.7193916337244673,0.8400087531749572,0.945361702230564,79.89651426977294
1352,BMO,Transformer,2024-01-01,2026-01-01,3,1.7407300159958643,1.6654859493250596,1.986522335453306,2.1519257287779823,328044.5957429015,1.3715158640455505,1.3461565920355658,1.6830293784230856,1.782646383980863,271526.5703942105,1.0951777293418326,1.0578207019149792,1.3364476988020992,1.3989248721753456,67.01485733965316,0.8751667716432802,0.7721871295208422,0.8239747053383591,0.9286349259303106,79.95728396874718
1353,BMO,Transformer,2024-01-01,2026-01-01,4,1.9387039528387024,1.7011059518622256,1.636818221035287,1.6496943936103992,320862.1952599818,1.5981081792116545,1.4469559033282176,1.262143171388063,1.2504928524060834,264700.0774849042,1.2744649808207946,1.1389323104064903,1.0130479002256172,0.9884331842870308,64.8982221458031,0.902991544500614,0.715617329623773,0.8363990770805128,0.8407653893752106,77.39348234311235
1354,BMO,Transformer,2024-01-01,2026-01-01,5,6.333764745984624,6.635149829025037,7.000828784693134,7.447807104726805,375036.4292236994,5.371272648998628,5.582609647771212,5.825914069501622,6.213894639288727,327049.2753834432,4.1938262975689256,4.320480490928414,4.564141203060217,4.8372774427243765,84.1115435550567,2.5537879556888683,2.7167528512788155,2.972372333645492,3.1375044152872125,97.44563837730853
1355,BMO,Transformer,2024-01-01,2026-01-01,6,1.7989665662359609,1.6067364361194272,1.7493480532459993,1.7820563738222042,321121.5435810421,1.3573981309837564,1.2285316847589072,1.3657645981492563,1.3691501919866786,263848.0381454102,1.0877878237582768,0.9704490984655408,1.0929985502225796,1.0785605794829698,64.68566056221943,0.9698587187054084,0.8231437280294875,0.8711663967484131,0.8854707010427408,77.58414679678933
1356,BMO,Transformer,2024-01-01,2026-01-01,7,7.796373868924324,8.240315135631597,8.561424250854989,9.3428160150377,331383.91367798066,6.702845337418056,7.038473388945501,7.268984763812313,7.964211766816752,281583.789083897,5.227050190644063,5.444440718561095,5.694068366554235,6.202044003420935,70.69356050406157,3.022357781764503,3.244989015845464,3.459265441826704,3.732277872553873,83.0138043829565
1357,BMO,Transformer,2024-01-01,2026-01-01,8,2.4820569737126834,2.539501270752423,3.058344122766955,3.21142509007836,323627.4339680573,2.0862062465222504,2.162302114610624,2.647961934860912,2.728274553455989,265979.49839520984,1.6474385120171535,1.685616834905199,2.0877715357533684,2.131120732506692,66.0688002072331,1.0607980120636409,1.0195590840710136,1.1669692022029343,1.2889263738776433,80.07032412210661
1358,BMO,Transformer,2024-01-01,2026-01-01,9,2.5524353064938827,2.192939844546108,1.87813786630514,1.6831648463898183,321406.6233875323,2.27049122568483,1.903869607386084,1.647120764424883,1.4608645943245155,263720.9330634801,1.807003317680455,1.500929778003438,1.3215581541570205,1.1567541121316522,64.99241373861103,0.9497887691176198,0.8611830802272211,0.7461868940085989,0.6697129833869293,78.46105391590478
1359,BMO,Transformer,2024-01-01,2026-01-01,10,3.549367635425924,3.7912342023298766,4.142561793262047,4.5506602119363375,319296.94952485303,3.005619954741049,3.226542611623876,3.534462038521215,3.8278581142843016,262708.6774499297,2.359073304733012,2.5048567957172714,2.7787206564006723,2.983965986123982,65.17474772285482,1.4540990567376646,1.5075672975270011,1.6463008486893156,1.873612149496657,78.85064335042547
1360,BMO,Transformer,2024-01-01,2026-01-01,11,2.317518912518396,2.5262193410999507,2.7934313971747886,3.1745309876464325,325025.65084182686,1.9244213163172768,2.1441555586730883,2.462010515352925,2.77139990126186,270611.9718660853,1.5220895398727083,1.6742520828766914,1.945288713182091,2.171089003252701,66.30493706802305,1.0117899436944324,1.0177530035589757,1.005263577643987,1.1770560955279958,77.91402323970244
1361,BMO,Transformer,2024-01-01,2026-01-01,12,1.843826238194625,1.7474770977245866,2.103370459386418,2.1401368703605934,321143.5397356236,1.4022308070572769,1.4078271414040555,1.7892881916261842,1.7777125955735893,263164.76837607776,1.1207292566842009,1.106559982472337,1.4205399898543172,1.3944315550870563,64.84546275586975,0.9770999657170928,0.815573784436491,0.8641517298222431,0.9158804122759792,78.45575425173709
1362,BMO,Transformer,2024-01-01,2026-01-01,13,1.993976661016319,2.109346046991811,2.2606792860002565,2.5481709129836205,320303.8244711275,1.5035991583819597,1.689825305726582,1.9228490824696327,2.1296242673588006,263523.7157462505,1.1968128614204545,1.323253900536989,1.5253768040796127,1.6710866994381228,64.79886428586784,1.0437416371928905,0.9742504446087948,0.918407270636616,1.0709895592408858,77.80609893021209
1363,BMO,Transformer,2024-01-01,2026-01-01,14,1.921318285309216,1.651805372485158,2.092558313021785,2.018741331778469,326892.9619715003,1.519111193031913,1.3728172189433314,1.7851640313343002,1.6821361924836558,267067.5958520324,1.216160101042176,1.0841036272793927,1.4203223623385406,1.321868153323218,66.00290490696568,0.968303895438308,0.7378738143803255,0.8608622737732173,0.8633009215487932,80.397742798872
1364,BMO,Transformer,2024-01-01,2026-01-01,15,1.9556205961454547,1.8615507496897457,2.2852670547882306,2.368121534213976,328873.9752060764,1.5584071505465422,1.5437604609718647,1.931940692674406,1.957800394926108,271512.6321342566,1.2416561165045292,1.2122661321053063,1.5315736315715085,1.5351054646533575,67.12637532251053,0.961468043496993,0.8188695060988075,0.9491882941043744,1.02380990379725,80.63411803618486
1365,BMO,Transformer,2024-01-01,2026-01-01,16,3.21058598719586,3.4617889127417265,3.8005453525980695,4.244336134350209,326817.08251093613,2.800801988808949,3.015630361154775,3.304664212350007,3.674852181625949,269804.0264651514,2.199915723380972,2.342673801399501,2.5991664633215965,2.8677780586654027,66.90549727521092,1.2045353542128574,1.2834136733920656,1.425152770029647,1.6113692398315456,80.44220422426334
1366,BMO,Transformer,2024-01-01,2026-01-01,17,7.057813523136075,7.460791922548961,7.697001529501966,8.397167775815753,345627.64115490246,5.899885759116958,6.199592687565913,6.343923411096696,6.941767328134676,295472.7819344196,4.60110058869319,4.793896315498492,4.966374954810327,5.401395610217849,74.20245204237516,2.9502599201755806,3.150289927163489,3.3399405605292447,3.615427704213432,87.25790308127928
1367,BMO,Transformer,2024-01-01,2026-01-01,18,7.114523204675054,7.453069469671925,7.824703976826575,8.307676275895322,366686.4036132773,6.093848291109504,6.35020946988065,6.619040700942999,7.053125028009602,322090.64676152595,4.754239854213789,4.913439468597876,5.185839844871431,5.4927176464337455,82.4974015930373,2.7874772715433505,2.9526728901182606,3.189087520810887,3.351264851520827,94.18711324756698
1368,BMO,Transformer,2024-01-01,2026-01-01,19,1.7669677096271532,1.4141591000048066,1.6182309547457518,1.5898843968231378,325145.50919460016,1.3485361822497477,1.1214154969032346,1.393107408368129,1.350694282377026,266672.9071421459,1.0831579623256675,0.8883620297860846,1.115599382008121,1.065246799726758,65.96845352863795,0.9449453473585276,0.6984009081708537,0.6693016700537335,0.6570019093636758,80.0133816532883
1369,BMO,Transformer,2024-01-01,2026-01-01,20,5.797458538509106,6.111177502759495,6.433785808023755,7.009907798227499,322731.7948748086,4.842307124882988,5.099633922304255,5.311909906997116,5.833877854998518,267006.43716909044,3.779000872800547,3.9457618095059,4.159929791042679,4.541256089073606,66.45557030668442,2.4283493714677635,2.5526367233020144,2.778396399183401,2.9692330905209943,80.13931830045584
1370,BMO,Transformer,2024-01-01,2026-01-01,21,1.6903117519059032,1.48735982216092,1.59646989606192,1.6314924811682696,323620.3758443405,1.344943655870856,1.2248475254828728,1.2286767690813505,1.2253052386057368,266156.6504343268,1.0761357774620566,0.966033893329426,0.98415656374465,0.9676792447399356,65.64416508074478,0.8448451139216434,0.6770031654067937,0.8120482749846182,0.8406184163042193,78.92362380361101
1371,BMO,Transformer,2024-01-01,2026-01-01,22,5.712925354490655,6.077819318232845,6.467669084136246,6.978833346572231,319946.21413724235,4.885322888288109,5.171345501269803,5.457426967062302,5.921535524928073,264710.6674507044,3.8141548896793873,4.002411199626115,4.276240425911851,4.611622287359197,65.8365989937204,2.248054479004563,2.4137766963587577,2.6512754376798475,2.8164358770006643,79.09820752149508
1372,BMO,Transformer,2024-01-01,2026-01-01,23,6.699336106293416,7.053597827023735,7.312166784708068,8.043242618834796,346505.2119532919,5.754484941566085,6.0235077863734,6.204045997182409,6.859608946238506,299558.1593279129,4.488731682859894,4.660001557076689,4.860069021516365,5.342084275505554,76.06731662664792,2.601327282881896,2.7762795522220647,2.9568865836902662,3.205584819616774,88.37258091586602
1373,BMO,Transformer,2024-01-01,2026-01-01,24,5.674228743153129,5.962290922213719,6.41436540809578,6.9291050474561136,322957.5971967333,4.779578024828528,5.008289188841784,5.332860398251423,5.803246673080996,267317.7262304623,3.73076431743399,3.8757543382421913,4.176919212648221,4.518121267279208,66.56818716405685,2.326627668109784,2.449805612146609,2.7263523815558464,2.890666232938793,80.04663416678459
1374,BMO,Transformer,2024-01-01,2026-01-01,25,3.2786289881650545,2.925464675682972,2.4717740979322445,2.3156536063012414,326480.0649443858,2.959743138222284,2.5764197405513607,2.196461549053487,1.995639994116308,271742.2522675526,2.351119169235913,2.028438161639297,1.7582580868695346,1.5788363407128905,66.21968940365224,1.1289699172769383,1.082619653281075,0.9229881989116482,0.9288475923772922,77.30062680132413
1375,BMO,Transformer,2024-01-01,2026-01-01,26,1.909177012820756,1.7492834150464491,2.274751361634572,2.264679135198947,326121.289822194,1.5240891259848506,1.452667944438084,1.9234083421211283,1.8649629864394464,266588.5205600001,1.215632705838818,1.1411433100994608,1.5238521766405646,1.461209380170252,65.89347081628755,0.9382529767945004,0.7685803178381331,0.9422667095875312,0.9873224185959648,80.24173432590106
1376,BMO,Transformer,2024-01-01,2026-01-01,27,1.888652727246228,1.8342618295126112,2.1417199410611487,2.188360917428586,328182.58981729194,1.364706714715249,1.3708566116028589,1.800160767168722,1.7482368702836013,274115.3149808761,1.0922020905268637,1.079506747942618,1.4307918673143931,1.3745709482804205,67.14412266012665,1.0577622156384865,0.9574176975128432,0.9055758962277052,1.0158350198968131,78.29863921681682
1377,BMO,Transformer,2024-01-01,2026-01-01,28,8.127873162790724,8.496169599872244,8.841247463727843,9.61273822857985,347565.71790715674,6.9090573681960175,7.193792604634257,7.435098197886174,8.113356324872615,296814.8257217687,5.386397778446094,5.56376467279982,5.822620877354046,6.316603230713942,74.83189867505924,3.254801037507947,3.4265062914839883,3.661062002836064,3.94169693397129,88.04272891018574
1378,BMO,Transformer,2024-01-01,2026-01-01,29,2.382617814107179,2.139130922805501,1.8065031371277744,1.730813016547566,319810.81759279483,2.032133809228508,1.813505716098785,1.607345107799128,1.5035591281877243,263340.1626744188,1.6161457397478525,1.4263977978960358,1.2858478459765903,1.1866643495014615,64.23241961061649,1.0065495145955792,0.8941149860042427,0.6752656234154328,0.6765547272171297,76.4833917836124
1379,BMO,Transformer,2024-01-01,2026-01-01,30,1.9230633924039129,1.580301549041326,1.557094531952503,1.3995026594131177,321961.0887475377,1.5764319868563963,1.3416455210057057,1.229674210739134,1.1021488123546528,264180.60532645707,1.2629148530971357,1.0623972896613396,0.9915660156918362,0.8745171546241665,65.07484194909911,0.916703812491656,0.6822790687852296,0.783059393385839,0.6852297328105963,78.5379693592904
1380,BMO,Transformer,2024-01-01,2026-01-01,31,1.7309637146727006,1.6138028698203988,1.7103639026494053,1.803706219224273,319985.0842232684,1.4069508912357307,1.3240446755480824,1.2968521837666591,1.3418969680596158,262948.9359136941,1.1219430634463083,1.0407200344390637,1.0361463921981906,1.0573132167102564,64.57485503393295,0.8248506287322578,0.7281166506067867,0.8790169951650316,0.934999104025786,77.58596121736697
1381,BMO,Transformer,2024-01-01,2026-01-01,32,8.620859591770687,9.077509459929823,9.34228417085578,10.05272950345887,384936.8534584887,7.479872594929223,7.855862789431687,7.991889952020733,8.70163873755751,336910.25577297824,5.831610639753609,6.078519765028842,6.260730007465098,6.780467870695146,87.59732764782623,3.2529209626809226,3.44275393050806,3.704866552538965,3.8446947534678886,102.16986565667156
1382,BMO,Transformer,2024-01-01,2026-01-01,33,1.8727712840093669,1.7303998162494871,2.105315055266648,2.137121413993546,321400.224100728,1.442237278176394,1.412736432876207,1.7873852528746308,1.7776888123923091,262698.2533402626,1.152530682920386,1.1111870781813629,1.419703156470355,1.394290365983778,64.77593536207361,0.976479713263375,0.7903400781202351,0.8716360782928965,0.9120469163779562,78.67056072978505
1383,BMO,Transformer,2024-01-01,2026-01-01,34,1.978427018362415,1.646121169475749,2.0686815072074487,1.9541474501917744,332041.04682185745,1.5978919933229287,1.3608907737710738,1.7770975504904276,1.6068252573448705,274875.19163339713,1.2796832655227122,1.0769437029395594,1.416723390321148,1.2649809020745266,67.52749870359071,0.962690816675624,0.7475726765612821,0.8407597896216001,0.8654675564963185,80.20401208515801
1384,BMO,Transformer,2024-01-01,2026-01-01,35,6.417636972266377,6.802694435682915,7.1638100004089535,7.821442788855808,323520.9460050149,5.380596318522806,5.689270637658319,5.942680249741352,6.536109756406639,267739.8278092971,4.195611613117074,4.3995734887424245,4.652006605426006,5.086880019716988,66.87563144865378,2.661582248831966,2.8267066275734534,3.062573459353128,3.283104650171784,80.77711913709848
1385,BMO,Transformer,2024-01-01,2026-01-01,36,7.705305513429843,8.19525492576598,8.467997716265712,9.21586882868088,324725.8749942842,6.565315830645386,6.942307980957788,7.127643196137664,7.799840130179083,270145.77653222746,5.11825646888421,5.368545925005675,5.581211181384258,6.0724522015769296,67.53693055333513,3.064668777802794,3.3011477821167654,3.499029424551476,3.7523477382788495,80.9919884414629
1386,BMO,Transformer,2024-01-01,2026-01-01,37,9.035584454347202,9.515092979138712,9.767371045924618,10.606589889384413,326551.5771129249,7.707655649642114,8.077288228347795,8.232357932659951,9.001035866020663,271947.55785715743,6.005953022599336,6.245251705396055,6.44521608424186,7.007803261841626,67.99933704809085,3.58653235832526,3.816244657815506,4.028200690728425,4.293793599565832,81.63790046057703
1387,BMO,Transformer,2024-01-01,2026-01-01,38,7.464108361239272,7.898675835225667,8.18700019705789,8.870106100965339,321534.77499990445,6.336298330464657,6.673786338768319,6.869336817334528,7.489657937879679,266142.8254857803,4.939508008297075,5.160509829815982,5.378418947567968,5.830307865221739,66.41695115090901,2.998567736036976,3.2020230408424792,3.409149023769868,3.6325427379038793,80.0203782778104
1388,BMO,Transformer,2024-01-01,2026-01-01,39,2.035997032777513,1.7389840394506495,1.7697655917304482,1.6223418787681925,319240.54766650865,1.6344738123034674,1.4576885136957785,1.343136317611227,1.2291956625541474,261530.63726589968,1.3124092721313927,1.156160161982876,1.0830708157872784,0.9748213422576972,64.40968742082535,1.0139433147039458,0.7767401271108144,0.9404446231074812,0.8389555125529509,77.92144146033534
1389,BMO,Transformer,2024-01-01,2026-01-01,40,2.7311914727433604,2.849034824360331,3.3177943632439,3.588981774976431,327669.70590786164,2.321250486113453,2.431507947999237,2.8253465692123267,3.0517941823497456,271881.83982723946,1.826683929813216,1.891591571410079,2.2237527224574265,2.3830098124094743,67.45462556992989,1.1155429191737092,1.1285829410825785,1.3251578132084745,1.4378796011466854,80.60359761975091
1390,BMO,Transformer,2024-01-01,2026-01-01,41,4.6357852028277975,4.940260655516062,5.311077121237515,5.840251185452761,322036.1513547377,4.0264996531054384,4.281160164463204,4.548890281839506,5.037309435028464,265857.67731321946,3.148044174828922,3.3171489536376573,3.567889925776349,3.926166141881237,66.0282453392393,1.740314445357762,1.8566609121052688,2.087263580372964,2.247066636848874,79.50135671020881
1391,BMO,Transformer,2024-01-01,2026-01-01,42,7.056716224650559,7.415128525042556,7.750023834167113,8.429438617348385,324172.1776607983,5.835020835907413,6.094070826647142,6.319911802457955,6.903302764485248,268670.7744185868,4.5495267234365855,4.711535635594196,4.945836950550692,5.370247358843067,67.28348071202105,3.026045281332527,3.209388474492473,3.440398131680934,3.7036045465489407,81.33224082721622
1392,BMO,Transformer,2024-01-01,2026-01-01,43,3.0715976916648784,2.7679914897451003,2.3086619252014504,2.1398578289461003,317205.2377659646,2.7526460370517034,2.408434688220366,2.0456778035437555,1.8363595055400688,258585.7483074533,2.1864909052550625,1.8953902983538304,1.637071111404808,1.4516874172702128,63.179351713290266,1.091728562466988,1.0647558358059817,0.8706746579656808,0.8680835170941108,76.53489109981963
1393,BMO,Transformer,2024-01-01,2026-01-01,44,2.0084727320910902,1.5726927941808788,1.723065105365302,1.510924761353532,326132.3534974814,1.631185390570785,1.305602877968954,1.471415709146944,1.2908110654408025,266199.4231746278,1.3098735458957644,1.0374252766542118,1.1812329200054852,1.0214016953824872,65.92715506684438,0.9718078110642012,0.7171581235070436,0.738211061214226,0.6256240518348848,80.60923426521347
1394,BMO,Transformer,2024-01-01,2026-01-01,45,6.758205262114026,7.200070221826244,7.486369387141757,8.133472622118385,321415.21647323814,5.760356520966654,6.096887638705971,6.299633376368485,6.872604731523196,266799.5368602182,4.493771031031437,4.716161558056993,4.934457677055645,5.350702458416064,66.52467490578675,2.6847228221084785,2.899762356510958,3.0934392001997946,3.322248644924933,79.743140056228
1395,BMO,Transformer,2024-01-01,2026-01-01,46,2.2612804822941937,2.178329547523542,2.674096920358002,2.768182465431349,327338.82985645114,1.8708608826511584,1.813138024366732,2.2215236075259868,2.2693771696326497,269635.5101348373,1.4804307616306214,1.4161579260590442,1.7540419433202885,1.7743391488548452,66.86473887550714,1.0072742948754665,0.9327819071972056,1.1462635059846256,1.2145042541987097,80.77392230860025
1396,BMO,Transformer,2024-01-01,2026-01-01,47,8.283149532173224,8.733327850526464,9.09822657038104,9.810096257105112,344537.88487442594,7.0702522865297,7.409539124405339,7.670059109680378,8.318167494271103,293762.900372646,5.511011162901691,5.729604835503456,6.005788077542974,6.476255593903963,74.48717077711912,3.279859181895508,3.5054885174684887,3.747095223373774,3.9770672323625975,88.45633995583489
1397,BMO,Transformer,2024-01-01,2026-01-01,48,3.461473987255233,3.688285302445992,4.1312324927720345,4.512952170350916,324336.80430869095,3.0857422642980312,3.282171023361653,3.639619443583423,3.9822139750380754,267706.9959998597,2.4215003288423187,2.550192336326591,2.8618662473519465,3.1097052649044064,66.54400113982467,1.1910450556795862,1.2621247111422842,1.4800713686286378,1.6074479520155571,80.13836255100219
1398,BMO,Transformer,2024-01-01,2026-01-01,49,7.525302127987358,8.009927802345455,8.292360932417507,9.01647669533332,321598.772071602,6.408996961118285,6.779968909731779,6.970997083483111,7.636999550295106,266661.7177370671,4.9954308237029394,5.242084580932589,5.457385469401272,5.945253764947856,66.52999297475388,2.996192798970253,3.233154811367468,3.438398632845573,3.664331243944413,79.95914897168691
1399,BMO,Transformer,2024-01-01,2026-01-01,50,2.4188241229314733,1.938104225418821,2.06553664708426,1.7378138671264294,323313.5740481104,2.007212619687899,1.6093915691478553,1.7346815636150477,1.4620367480109329,265789.16781254386,1.6123848625027866,1.281854226971474,1.3973330401516526,1.163140475570016,65.95319961533505,1.1166281953713078,0.8798905438088235,0.9265671983704212,0.7614239646165593,80.15078497015737
1400,V,Transformer,2022-01-01,2024-01-01,1,4.423243322293861,4.629634252371442,4.508382990748522,3.914059582655627,2468824.766495418,3.730785571377048,4.058037796662179,3.78815511186405,3.1364308515209367,1936729.5838892856,1.4874490035243482,1.6078348423806084,1.5185480484859075,1.2488315974821151,49.3612097892959,0.9494829031849642,0.8868367153872638,0.9851600241221968,0.935034137485612,63.81361780646419
1401,V,Transformer,2022-01-01,2024-01-01,2,4.836997712662097,5.127319342756556,4.655771507932313,4.531442987079077,2442222.9373169867,4.2562420895445605,4.6257293992363,4.071585247003191,3.8799983269489178,1902946.803490484,1.6872390463871507,1.8236082757807308,1.623363185805422,1.5348962818732823,48.64512049743557,0.8952270911827025,0.8570269064846795,0.8892029947764141,0.9142137193879356,63.964107559280905
1402,V,Transformer,2022-01-01,2024-01-01,3,3.5261242060132627,3.7359711077860656,2.790613539569866,2.9913889531004982,2792888.039651303,2.833259668134539,3.0166197606788283,2.2514791816999584,2.2595850822313546,2270533.0065862746,1.1220516467870203,1.1878512417171634,0.8997843396439791,0.8936426796910554,58.969330768847925,0.8192740392336436,0.8574790665142754,0.6515222085632371,0.767567658246965,72.06865895358813
1403,V,Transformer,2022-01-01,2024-01-01,4,3.9486575597675886,4.144787561052939,2.900391759882484,3.184685307165425,2728992.40534527,3.3637253357885584,3.687918940011556,2.039682811102969,2.4981212340273857,2201733.083344515,1.338798417287319,1.459105338100717,0.8204516272116146,0.9936993492264758,57.36897814559805,0.8191000356402371,0.7463057098992051,0.8317904642189997,0.7855209915758504,70.68241502879306
1404,V,Transformer,2022-01-01,2024-01-01,5,5.761092437770402,5.858594373535722,5.148249063826119,4.794258426682478,2762114.253753951,5.182450472118957,5.307364437680402,4.648390915146351,4.150118525072904,2207656.7311420464,2.0524686999306607,2.090173923892205,1.852033357425863,1.6400825019735752,56.67238907892078,0.9733432217847728,0.9575123233513788,0.865879863124729,0.9357194195895157,70.51109972279926
1405,V,Transformer,2022-01-01,2024-01-01,6,12.295947822416478,12.335726193142229,13.40617507183602,11.623479287477602,3286762.105959437,10.073161674384313,10.12855565074594,9.648618054900222,9.23600015839085,2761097.429995612,3.9817548335038784,3.981271670778016,3.8267666944253,3.644726655821146,72.30821968625851,2.750541558406784,2.7356479453113063,3.6551014893458,2.757505616994421,83.39598638725245
1406,V,Transformer,2022-01-01,2024-01-01,7,8.163051125146758,8.28088869100303,8.046387096313818,7.691216914537738,2603630.0308725773,7.148902688414109,7.295236478818968,7.009832076998623,6.517112151307709,2044232.089923348,2.829840891882176,2.8717184553668047,2.789524309246626,2.5749213673005733,52.76361021130469,1.5305216317864592,1.5165792347990807,1.5444200730873308,1.592159955454095,68.12546990799719
1407,V,Transformer,2022-01-01,2024-01-01,8,4.279333479835271,3.743203130817464,3.627264139120696,4.785063919469319,2471111.4685938647,3.857273304453423,3.274167616995878,3.261396380149053,4.209884300627566,1929994.8671772,1.53390555043752,1.2951715106088688,1.3043088388158313,1.6699630269825634,48.93123071539451,0.7331784945846249,0.7155150732240302,0.6358821575283161,0.8980755469697038,63.43707329877289
1408,V,Transformer,2022-01-01,2024-01-01,9,5.321403024389482,5.598055850857873,5.122130202577678,4.591797032559032,2479459.552125655,4.954649373335848,5.238384198771681,4.823763934394824,4.188623189324495,1930895.6220219955,1.96548707338695,2.0659595480688058,1.9244397482637188,1.6584247000779997,49.268695710323655,0.7462148376042135,0.7574912574603493,0.6749834079373853,0.7299048188701448,64.12180203324742
1409,V,Transformer,2022-01-01,2024-01-01,10,3.777294255945533,4.051285118415773,3.618277870966,3.2547869603667587,2477066.704763229,3.2218456644926885,3.6237039808339166,3.0726201891379428,2.6436743380838257,1932478.326524056,1.2827853563647993,1.4338077749009963,1.231299916724162,1.0509676136094286,49.22957482803423,0.7812129744349868,0.7143347045759582,0.7700747109757601,0.7538706577945362,63.76756423527342
1410,V,Transformer,2022-01-01,2024-01-01,11,4.605278604744525,4.78951667500646,4.566528300989759,4.175838038628586,2473218.5244845166,3.67827884033264,3.964098680233173,3.663207722395425,3.35282418988782,1929547.8101269803,1.455443526132285,1.5604987644615185,1.457916728706401,1.3251161477183138,49.30798982028049,1.0818709648747815,1.0445700941196825,1.0717050510197428,0.9720271840931746,64.04520305177084
1411,V,Transformer,2022-01-01,2024-01-01,12,22.83707442484412,23.100221925565005,24.382724378205904,23.488246554938844,2742485.4567293217,20.93962700230633,21.148395123519364,22.40691260202232,21.38585487546364,2222642.224028235,8.295911643836734,8.32909713782061,8.926388776286412,8.459909881129654,58.1562880190226,3.5506574055967466,3.6022237060675346,3.779558151732213,3.790148398949432,71.76083206047595
1412,V,Transformer,2022-01-01,2024-01-01,13,3.4585387238645766,3.470591897591202,2.1289307216274547,2.0451718645442565,2672537.7029933245,3.071810306917824,3.146486241326328,1.645803757328368,1.5087290470254289,2142124.699170582,1.2192791212901737,1.2420511786518182,0.6610239236018939,0.5984806176756156,55.99421551973099,0.6186743923559467,0.56844639502138,0.5432613526472668,0.5440407828314758,70.40639086785689
1413,V,Transformer,2022-01-01,2024-01-01,14,5.3022772948909545,5.436007693024737,5.120174858197778,4.525588878253008,2751590.2944341125,4.935527235699504,5.0952377277345855,4.853424691529638,4.13522937736482,2222482.7110576783,1.9599313691798663,2.011725652476304,1.93906469968338,1.639507162284825,58.13237228303127,0.7515548629429981,0.7326962462419537,0.6470189356474004,0.7182785437702651,72.174716709152
1414,V,Transformer,2022-01-01,2024-01-01,15,2.7638168252760726,2.355054157910674,2.727128786243713,3.2447647784351927,2545099.262186514,2.313397530071997,2.0302216701354867,2.385235884324848,2.743349351222648,2021224.129582605,0.9192466817499428,0.8021360506437348,0.9530542367589458,1.0866875420788769,52.103623996732495,0.5969294236077524,0.4687117174130459,0.5248363453726381,0.6813712604884508,66.89947627986783
1415,V,Transformer,2022-01-01,2024-01-01,16,2.0105290960197144,1.8695583920636727,2.5750419246038345,2.128353796241298,2776062.494593152,1.5929977709182197,1.497603012724274,2.300978053078806,1.8089448699847743,2248085.4809710155,0.6347304470021718,0.5936011624385448,0.920769186007844,0.7187261676356289,58.90634588988421,0.4844274811493576,0.4417618781338496,0.4622224445228519,0.4458831791112492,72.94756847576082
1416,V,Transformer,2022-01-01,2024-01-01,17,8.625265782066304,8.838018923309308,8.468009872258824,8.260710661027787,2541670.648838578,7.747199661644894,8.004996473169287,7.552415462810901,7.287274382350154,1996995.7055829416,3.069990276327237,3.1545564027101416,3.008379891050585,2.8831024100598723,51.18611725403937,1.4724017859645309,1.4487914682504135,1.4974414528562128,1.515061001017708,65.55283115566883
1417,V,Transformer,2022-01-01,2024-01-01,18,2.338805368078128,2.064850696554042,2.7348260473749466,2.5514744322979115,2594524.177890293,1.953042268359288,1.766910609036277,2.437713101928798,2.195741509182524,2050126.8426011496,0.7772733827121688,0.6994129000298255,0.974858729823251,0.8709896358018951,52.870885795770974,0.5089067550807782,0.4216828785489508,0.4940809813659679,0.5137486843976533,67.75032952765626
1418,V,Transformer,2022-01-01,2024-01-01,19,3.6976051968000543,3.640716442089532,3.576487097115636,3.350721941007204,2624248.191658871,3.0061165801683285,2.86978727703827,2.734439912369037,2.706161688784764,2100064.233580971,1.199792221283738,1.1391490959394142,1.0976823115260832,1.0766174526526644,54.21611781459179,0.8609153320489801,0.8924024069905598,0.9303031787002932,0.7882764288335022,68.0486631263228
1419,V,Transformer,2022-01-01,2024-01-01,20,7.113343527601871,7.386980042815621,6.689577061352007,6.71696721787037,2517178.6168852868,6.625187790068054,6.911176544353381,6.230791146595182,6.174775690607822,1969743.490706688,2.626553564281356,2.724396133676453,2.483859724905447,2.4436721831742507,50.59033280978924,0.9969822357162864,1.0017572024434702,0.9500647768767538,1.0245172080411709,65.28546241590755
1420,V,Transformer,2022-01-01,2024-01-01,21,3.427690672263441,3.4578046873091,3.192066092430933,3.061089744080397,2523742.2975862822,2.7836606965094783,2.67021511222855,2.3231882230942102,2.414716548212253,1984867.719599407,1.111251664468617,1.0603159103655506,0.9338045286044588,0.961488506998859,50.85477069690435,0.7999492422274036,0.8747812262066615,0.883798564118668,0.7517771370258192,65.48870916193992
1421,V,Transformer,2022-01-01,2024-01-01,22,4.086014025830803,4.228889493460431,3.87697731817484,3.4041428335845008,2536063.62417598,3.4278847359181386,3.684353563679004,3.239296753405182,2.709379702986844,1984627.814959018,1.3656928905839565,1.459037252186879,1.2992735310248211,1.0782896558075123,50.91767979140536,0.882402582384862,0.8201670438626274,0.8582362641574411,0.8187746542328613,65.98473528535872
1422,V,Transformer,2022-01-01,2024-01-01,23,2.663673329150347,2.5271293590749964,2.662878909090442,2.359258192059217,2678680.073069264,2.2584184854732863,2.195723687056932,2.2022406088385056,1.985165395361317,2159593.547911152,0.900943844867654,0.8709396820706993,0.8838650989251521,0.7908779885008219,55.81150729617836,0.563218304318832,0.4983938199670882,0.60279099861431,0.5098475089119048,69.38721652265994
1423,V,Transformer,2022-01-01,2024-01-01,24,2.735609172151849,2.72308691412275,2.213776776492208,2.0588772999961336,2791890.953615528,2.189961503759456,2.2261875858689724,1.748375735111325,1.675252560926944,2264336.940707392,0.8715222615951002,0.8812310391172534,0.7026054323265198,0.6665182776929861,59.17867966729763,0.646632584594063,0.6175285148923457,0.5482549742859933,0.4753997158252408,72.77496961377523
1424,V,Transformer,2022-01-01,2024-01-01,25,4.369706493929893,4.662734902732492,4.328183833399213,4.04717222535653,2484836.2365631512,3.984967421489429,4.358377165280417,4.003299175667269,3.676155851095349,1932009.879956476,1.583125128383215,1.7213672274587577,1.5997362961252577,1.457447249611871,49.47620778449386,0.7015110250793387,0.6442143668817757,0.6557489398299495,0.6631664521166546,64.82216275171689
1425,V,Transformer,2022-01-01,2024-01-01,26,3.383698427177151,3.1092723460707843,3.2409124149122635,3.802263386810211,2382772.77485158,2.8450232247255363,2.5133143248417054,2.683213851392414,2.945696205774809,1859921.701978019,1.13417412108315,0.9967587311983734,1.0744541924684987,1.1728049145242023,46.88528879552664,0.7319017451384459,0.7279191138469263,0.726868150471103,0.9598651395799154,60.805407035493474
1426,V,Transformer,2022-01-01,2024-01-01,27,7.195441550517468,7.378588164841111,6.601565977248892,6.783589761873046,2649095.738906135,6.013754856546884,6.267155499613838,5.365854486747791,5.422914418491649,2103135.523385033,2.379731924162996,2.466634315004192,2.134344568950264,2.141911011071948,54.1525639216726,1.5399247453759963,1.5117321030083222,1.5099199825020009,1.593019462318856,68.05673056322125
1427,V,Transformer,2022-01-01,2024-01-01,28,2.6698190439842686,2.404396400632207,2.8747299220953035,2.971265072940651,2578891.9046003125,2.263059177004204,2.120912903951624,2.537447539605545,2.4625672336380355,2045737.161973194,0.8994275188466615,0.8380341214914276,1.013353913234196,0.9743824682880864,52.98442457869312,0.5584027751254248,0.4442304069982125,0.5333542347817587,0.6527504441103023,67.90706284163804
1428,V,Transformer,2022-01-01,2024-01-01,29,8.180725180608022,8.426887539894215,7.342854207973773,7.602441709643141,2604953.297657904,7.745854361188528,8.003770095041041,6.957876584436137,7.1596192644908285,2055621.503000847,3.0729745055638915,3.157161935218304,2.7759509198580496,2.8360279449062307,52.64484861619273,1.0136437383772077,1.0131305683395886,0.9177639655203588,0.9911403423935446,67.07345570626735
1429,V,Transformer,2022-01-01,2024-01-01,30,2.170693579563077,2.1477111285481727,2.0951649325474966,1.911011617303633,2438501.8405310195,1.7112246394699004,1.6982610360366124,1.6594871581759654,1.4873176252394358,1904356.1459293813,0.68187684779648,0.6728848129484484,0.6659060276474139,0.5925800675440464,48.44723284425646,0.5275476061706686,0.5184451811290001,0.5159308272241955,0.4776746681131819,63.292133396695306
1430,V,Transformer,2022-01-01,2024-01-01,31,2.9367424148942898,2.89946125969678,2.8373337329525508,2.549096070132166,2450362.7657458684,2.5552511695132987,2.5683668551461767,2.337593012746798,2.1399507391234303,1921304.7656066704,1.0177732346299206,1.0172254274896768,0.9370489507852248,0.8521794756803934,48.772813047503305,0.5744813570633595,0.5334398975490092,0.6471110292536134,0.5534052051996275,62.96108549068116
1431,V,Transformer,2022-01-01,2024-01-01,32,5.168861261682048,5.476080754107447,3.371772728520121,4.49204507206546,2825481.026358197,4.797609732557821,5.147762526456252,2.8654430993821864,4.108876042346791,2302438.1328244903,1.9055962141982945,2.0327136820637413,1.1481940299994486,1.6293799786324803,59.91203004278917,0.74869568467917,0.7236478596523594,0.7150680400370759,0.7111309260665225,72.99396970826213
1432,V,Transformer,2022-01-01,2024-01-01,33,3.0208297849164114,3.174532495990048,2.406874289361289,2.4711208081070297,2652226.920550171,2.348529483564403,2.584177992786888,1.867305016268233,1.943613409108039,2110395.538494578,0.9351490951551694,1.0228985711138512,0.750565124357185,0.7728981749931354,54.37590007872844,0.7512985031456522,0.7264923896602765,0.6130910695447952,0.6055089844724049,68.06893368101196
1433,V,Transformer,2022-01-01,2024-01-01,34,2.506867410118181,2.620815369891517,2.52090258057316,2.083020233036825,2465452.7781855143,1.9657623731103315,2.1095172572554515,2.063269512810135,1.6230130938992735,1911519.436566706,0.783149464246501,0.8352763962724934,0.8261951945173112,0.6456879289465234,48.79200354776034,0.6149205152139845,0.612505954716208,0.5820697275537139,0.517320857819206,64.3055728208535
1434,V,Transformer,2022-01-01,2024-01-01,35,3.688848009424077,3.081866129497586,3.7931312026677735,4.13952048159753,2443914.2562611555,3.1866270312766214,2.6385327745617246,3.388527296321332,3.5157183590808803,1912739.7165630013,1.2657363178742993,1.0423778061237736,1.3522856418379845,1.3927897085646486,48.87587337087666,0.7342469078273411,0.6250813245193715,0.6739717035957605,0.8604161894751383,64.24710477053522
1435,V,Transformer,2022-01-01,2024-01-01,36,5.943402750636246,6.239098432496578,5.968082396429776,5.27356671332725,2593575.592467325,5.321917418991429,5.691092375501951,5.309114506782738,4.593056156594543,2049260.2285957527,2.1101253500462547,2.244061344088589,2.116372185291952,1.8179739703483024,52.67987669246829,1.0302245179397511,0.9902292075864204,1.070532000474104,1.0119595445041298,67.06435276529069
1436,V,Transformer,2022-01-01,2024-01-01,37,3.513397108603744,3.158178462530756,3.5611954800422194,3.5840521123162623,2449731.556397836,3.139479037570956,2.815006885904796,3.133962172394763,3.292985991104595,1909026.4373275216,1.2524435523468067,1.117466371226489,1.2558991056220512,1.308981434433794,48.638184157574216,0.632906165235978,0.5752208350179914,0.6817389569584923,0.5630726842803744,63.38081624733915
1437,V,Transformer,2022-01-01,2024-01-01,38,2.389117791437407,2.4740439537564654,2.100471861109575,1.8943347298132165,2549874.2586239465,1.877523044759775,1.9849050662224377,1.5965816804891129,1.4529502587919885,2013940.976462058,0.7475417945164501,0.7856076537800162,0.6414143491776028,0.5778172496079512,52.07082181584583,0.5823269893537286,0.5804091888787275,0.55003484979888,0.4806569965155961,67.00686712537353
1438,V,Transformer,2022-01-01,2024-01-01,39,12.264716253291908,12.603179942542496,12.461592393402666,12.508237963730837,2428699.567750562,11.44889448784068,11.745427115686663,11.642292400140729,11.553333347535956,1896443.9576644644,4.537623005328646,4.627972762111829,4.639191664417314,4.57143610513445,48.24516618251991,1.6986387162618632,1.7599577979624728,1.7335455849035375,1.860521112983096,62.8812826915992
1439,V,Transformer,2022-01-01,2024-01-01,40,3.8952489853646974,3.954146227572328,4.210971796940276,3.3326529863653787,2397218.5323377727,3.157811759659768,3.254962509076769,3.5341050584016123,2.480122242308653,1864898.016363632,1.2594283946021998,1.290425416371663,1.414982135752234,0.9886449577229957,47.2572049721343,0.911879221171678,0.8949177061901468,0.9213069437201964,0.8906417779002083,62.09305436977581
1440,V,Transformer,2022-01-01,2024-01-01,41,2.5385803185899256,2.5396154052424778,2.3272934544184465,1.9807756000314527,2600857.748859388,2.096330939144131,2.1604890449060243,1.9206736014108303,1.6036316398330532,2071541.8104429925,0.8335455763669312,0.8543137412205853,0.7695435948287966,0.637534043201595,53.50627373944212,0.5628081714375652,0.524085660306947,0.5289456532033157,0.4608556648941917,68.07489872513531
1441,V,Transformer,2022-01-01,2024-01-01,42,4.30568729830655,4.515956281749508,4.854782287144315,3.8134885818638486,2407998.697708644,3.734476547770925,4.070337713805492,4.501448738067468,3.239630030262312,1883554.841127965,1.4873085416030811,1.611248298997326,1.8010922097228592,1.288250000687638,47.70624591253929,0.8511463926223447,0.7734689674402896,0.7308187508056951,0.799587568497552,62.033751236104905
1442,V,Transformer,2022-01-01,2024-01-01,43,3.693781618137866,3.951679117862445,2.868699686299649,3.034000241335533,2642886.730832603,3.2567735485649885,3.559098316226461,2.53786532191092,2.530869631785896,2110144.850290263,1.2918840271263403,1.4036679842485265,1.0143270300344325,1.0015754822795506,54.90812405330777,0.6753761437294787,0.6632146871621063,0.5329896189867481,0.6537386415957009,69.56571779697835
1443,V,Transformer,2022-01-01,2024-01-01,44,4.179930805211319,4.042916442519327,4.019823005412171,3.914422338879631,2481882.8806856843,3.3136999920667773,3.0953532611725487,3.00076846734558,3.1662044931706066,1928706.2417994835,1.3253552053471982,1.2311503227761402,1.2062148536536632,1.262060278343459,49.1182341571344,1.0229106285011436,1.0395291757606764,1.0789774319713146,0.9221111819620428,63.55227851068245
1444,V,Transformer,2022-01-01,2024-01-01,45,3.943501191530458,4.282771058794184,3.6288492892466673,3.42439431505526,2625695.0838943054,3.531548992605503,3.950805621491056,3.301903716637247,3.0156831344067485,2086244.9585547496,1.4018049941110338,1.5591356206505924,1.319164939018337,1.1945732349607956,54.19124282112434,0.6840587462938459,0.6405733252054409,0.5997631021522302,0.6353833143613513,69.05945567839517
1445,V,Transformer,2022-01-01,2024-01-01,46,2.262556627819384,2.0402573340799965,2.1253428349955663,2.5357935834543066,2464346.414142329,1.8473476106822904,1.6097754242430644,1.6680271832027576,2.15046304220714,1925674.3793171176,0.7371802128103785,0.6391467150752924,0.6709769031155651,0.8553517417007526,49.01127214584163,0.519816750931107,0.4985559084055007,0.5321473399812532,0.5366018374886624,63.63159052847983
1446,V,Transformer,2022-01-01,2024-01-01,47,4.991476447500584,5.178583184939553,5.059998513784153,4.679090701992887,2415874.79805926,4.145721166739539,4.42198777037318,4.156787266456645,3.9303486818807065,1890806.562417244,1.6435365653663814,1.7437123152305964,1.656836793272099,1.5562156340052926,48.09751770060248,1.0884755136215918,1.0503796054691938,1.1378270891940034,0.9933782529623572,62.88254843644112
1447,V,Transformer,2022-01-01,2024-01-01,48,4.13777478337449,3.957933261816096,3.98880128132354,3.952844682389086,2535086.2860201728,3.530079791543409,3.316845131693547,3.311344654825759,3.3397757121872105,1993799.01180993,1.407426019469599,1.3152080993445774,1.3260539945620118,1.3272906738231438,51.021435101433255,0.8627296139815385,0.8615477133965384,0.8939851869445901,0.841403674372863,65.47062118052965
1448,V,Transformer,2022-01-01,2024-01-01,49,4.394054722090539,4.600704958099441,3.1667398637219977,3.5759678129591546,2715706.22433938,3.686232058374558,3.956287487844851,2.649837498477356,2.928356610018404,2182149.071962746,1.4610352611932282,1.5595045037567588,1.0589639187563382,1.1591274092613872,56.71535519083695,0.9356561589748408,0.915026652267806,0.6877572365021389,0.8044643410673418,70.90941090351893
1449,V,Transformer,2022-01-01,2024-01-01,50,4.9067873252502245,4.90045592053676,4.861562068415074,4.567213310661674,2469701.956039165,4.101009782601852,4.00558511571592,3.9726079305219097,3.85010051140767,1921579.4205184,1.637578851862388,1.5908373129774742,1.5951349520807,1.5332571489287894,48.98860822014438,1.079221262706241,1.1253880802222085,1.130895635912567,0.9826106134468314,63.8546744499164
1450,V,Transformer,2022-09-01,2024-09-01,1,18.38966360844303,18.44508014921015,15.534395354888035,15.61803735085692,4800399.459911905,17.73919462127053,17.718992873231187,14.713337616921036,14.72710071616721,2426167.356417868,6.82777525164409,6.763259383046242,5.699790842484725,5.665567238095817,22.36498390941876,1.901144632932284,1.9742678520391983,1.9509999755565703,2.0259290432773107,20.971322743637323
1451,V,Transformer,2022-09-01,2024-09-01,2,19.36622803646162,19.29761334711357,16.561413155435677,16.53297041353712,4855678.090240603,18.72271097148247,18.61805219937362,15.768011182740391,15.681569412504182,2606356.7071234,7.208034105475924,7.108219556553018,6.11018431769634,6.034761402007271,26.252350563979327,1.9529078349809343,1.9669984743756848,1.995110066022952,2.0542979678550246,23.85833756609948
1452,V,Transformer,2022-09-01,2024-09-01,3,25.681246451443883,26.62169274407327,23.81526757472848,23.87960820666051,4885183.249321192,24.606838459151724,25.38071287579703,22.48724882063041,22.466967210135035,2574529.4552020007,9.462913520643552,9.680820066684332,8.70054801292918,8.632560677529504,25.380109342739253,2.850715680231568,3.0769223936758032,3.046109217872472,3.130361617259648,23.374275412964764
1453,V,Transformer,2022-09-01,2024-09-01,4,17.526121703110302,17.056460700923036,14.045630039148875,14.051058416171331,4836370.820175426,16.90746754303993,16.389672981607628,13.276867297009504,13.215291020096268,2458156.756305975,6.504502918578354,6.253228412950676,5.141585742765602,5.08253418170868,23.12269254530309,1.7974794913915335,1.809220680040129,1.787442966082475,1.8544016598769248,22.22179530192557
1454,V,Transformer,2022-09-01,2024-09-01,5,15.111128730266849,14.71401819272963,11.847000470767702,11.815419244429098,4878381.92736791,14.55176576257565,14.10605899676768,11.093662013176417,10.99601234502406,2584536.9042926845,5.598454411176753,5.380374591313959,4.295194946769279,4.227932455775911,25.53807130061978,1.5859533521141589,1.5959284363818136,1.6149055468159688,1.6723889975590909,23.540185970606924
1455,V,Transformer,2022-09-01,2024-09-01,6,23.563357243552947,23.57698401514186,20.729217660334825,20.52352749747284,5064502.338840195,22.54838603105864,22.45309466976368,19.504667652851307,19.233332297977974,2647716.365784548,8.67640616255287,8.570733474250781,7.554129310006896,7.398691202159775,25.032150324341146,2.6690315740709765,2.774194390171892,2.745799441107728,2.791935213772059,22.777037696871822
1456,V,Transformer,2022-09-01,2024-09-01,7,20.399216415080005,20.20998659653038,17.6900987719856,17.40633249294685,5043081.295655073,19.347571370348216,19.06204566046055,16.34957341321777,15.977733884430895,2607252.282980191,7.463412232307992,7.295461951804525,6.353601358294289,6.168864221205404,23.809367582719226,2.5683377304391986,2.6317809380869104,2.682747502464737,2.7293767798689124,21.00190955310154
1457,V,Transformer,2022-09-01,2024-09-01,8,15.128837301516578,14.705371709172454,12.0903767232102,11.89834311342076,4837353.257688182,14.291046592545309,13.816641971914455,10.99050185714901,10.73366610427374,2445385.4097523973,5.519852933429989,5.293740222187159,4.279597254785926,4.152370997484147,22.580938751293512,1.9819223004016528,1.975692756594422,2.002545488463394,2.029418317019328,21.36306221066858
1458,V,Transformer,2022-09-01,2024-09-01,9,24.61265140838249,24.99215595310173,22.04521032806513,22.07202544098112,4967351.581534038,23.622670693619284,23.89159786018694,20.84995249895095,20.799547877047395,2527389.5136087965,9.091320922816774,9.120915005848326,8.076740839071496,8.001994380429492,23.34517957477444,2.7032720500917486,2.833632862045853,2.8082792976131747,2.884712363938485,22.35254669413048
1459,V,Transformer,2022-09-01,2024-09-01,10,15.46485537725657,15.141708214120472,12.570471120833544,12.195808469382818,4873697.123479334,14.786888604457488,14.408934040584352,11.686021262966062,11.2304293328851,2495650.907696656,5.700323663707726,5.508904642871559,4.536890586934398,4.33222731613926,23.74102107337596,1.7973941330749958,1.814895615087721,1.830362878608031,1.87112070657996,22.786558047382645
1460,V,Transformer,2022-09-01,2024-09-01,11,12.50409006154443,11.755164190743471,9.37817619146982,9.046779092653225,4868291.770176818,11.54108217305385,10.74857128446362,8.24141248160965,7.926233789871172,2455453.1031493577,4.466647070574939,4.127249384610628,3.2166987240741864,3.0725653153859622,22.53184207387968,1.9204085047651471,1.8669577166496043,1.788028943635901,1.7378899306566835,21.55314418925889
1461,V,Transformer,2022-09-01,2024-09-01,12,14.234648320385975,13.29475786936674,10.57705420541298,10.314641025370998,4888117.140219071,13.663271722421973,12.723206846256954,9.831499251743177,9.491362309305398,2488778.9408114566,5.2677185284566965,4.865629926016526,3.820336949720705,3.664705930690777,22.434560772221666,1.596072327481702,1.51719440142623,1.5563719570737249,1.60383323605411,20.2023424875414
1462,V,Transformer,2022-09-01,2024-09-01,13,24.15476151705619,24.24902008809982,21.480570968884937,21.50466481455433,4850147.001158909,23.157640954221183,23.13351761126741,20.271133986472453,20.2219800011744,2433470.3407699843,8.904301129201727,8.823786512587057,7.843252915223826,7.770586216913343,22.107620088847625,2.657717793797916,2.7831848888837247,2.758309085478341,2.830156324049588,20.803830288558466
1463,V,Transformer,2022-09-01,2024-09-01,14,24.30239940712255,24.22909689968456,21.63473436628748,21.409318287853782,4963490.189116304,23.226078392972056,23.04530979361983,20.32529066024477,20.02703664254407,2529977.942940234,8.943908837222356,8.804649029708973,7.879833219834518,7.71228009194182,22.91387627137018,2.810508143436945,2.9065623756722645,2.9197972866969706,2.9696407262208555,20.63695171759553
1464,V,Transformer,2022-09-01,2024-09-01,15,14.299180414412904,13.99127685565341,11.322487830859815,11.180657463276017,4817434.282977357,13.538884723922916,13.20797260557796,10.31105576606626,10.076337183349922,2474021.1313352627,5.228235553241465,5.058074449619717,4.013760621355024,3.897241027222551,23.558589758090783,1.841420817044649,1.815868005595327,1.8623860271252468,1.91731788107744,22.282138441915365
1465,V,Transformer,2022-09-01,2024-09-01,16,18.36120326720944,19.492868429167164,16.21511701634048,15.9645411928755,4824795.676818521,17.59296626711328,18.670714914596285,15.26053553804636,14.935683615184171,2451988.034828848,6.784466917077739,7.137146365363131,5.924498847206121,5.760107339694347,23.123086337367383,2.0971754976905004,2.191313456362184,2.1790298565682296,2.230903708747569,22.133107810763992
1466,V,Transformer,2022-09-01,2024-09-01,17,22.02392831268968,21.556271364613075,19.82030356649944,19.06412387708972,5302954.877152608,21.26879787794616,20.773327641778973,18.89290423103061,18.12140219913405,2833226.4819536605,8.183287466799753,7.929498559072656,7.315652505000606,6.971008655659906,25.11795728358853,2.2340744755753783,2.2243469635594537,2.3446887874988818,2.316801042611299,19.5654173160642
1467,V,Transformer,2022-09-01,2024-09-01,18,16.24441948831885,15.563717007296129,12.7795253121414,12.683545879372623,4820649.018938217,15.572533719051489,14.840829845184327,11.910523193484837,11.729212447939638,2455638.8221757053,6.001540397425297,5.673680649664978,4.62429257875695,4.523648888387319,23.227136066799154,1.832574384513835,1.8282108082154005,1.831734580367841,1.898176385771486,22.29606017625317
1468,V,Transformer,2022-09-01,2024-09-01,19,19.23063289827148,19.18479040181605,16.59150571782787,16.407072810873846,5029755.003293274,18.42217667737356,18.27731533604731,15.565423139338606,15.296354501415216,2566059.896630133,7.095022296427969,6.982613595756342,6.034937386401064,5.89151130143952,23.430649018398988,2.169201209563384,2.259370036657286,2.2554716793384952,2.3209525865117446,21.27317897392049
1469,V,Transformer,2022-09-01,2024-09-01,20,11.864098183511771,11.271768431146372,8.98655869735292,8.857402743328368,4829136.430345866,10.742554577956218,10.230925567630248,7.7177134122336835,7.614289755342188,2440498.8369633257,4.163939225491199,3.932090775046684,3.0164155045017926,2.9545276827321545,22.697417941263343,2.009217938075901,1.8633849119266104,1.8412087762934588,1.803150595028124,21.58166890825276
1470,V,Transformer,2022-09-01,2024-09-01,21,24.165865788467578,24.004196982853863,21.30072598734217,21.06691955339716,5148214.31810512,23.17560609594196,22.922223311164966,20.12360467499314,19.856601233623,2694684.9438632955,8.909407533544982,8.741923178070232,7.784854351271869,7.629270461841715,24.11447151461429,2.641813914260536,2.722626918947254,2.705531033992988,2.719842760169307,19.916453150927985
1471,V,Transformer,2022-09-01,2024-09-01,22,17.975709944683004,17.91843598756693,15.24292312487071,15.14366081169499,4744436.343018386,17.166990661468223,17.030170157443646,14.209270806216184,14.03391704525245,2457584.423937406,6.616171899456962,6.509553548059621,5.513920608849942,5.4094090913488895,23.92051394292682,2.110474108055397,2.171380769076748,2.179315608652886,2.2373981239424383,22.25077758483171
1472,V,Transformer,2022-09-01,2024-09-01,23,16.271895835598468,15.727942028335804,12.9553974068546,12.765002852843162,4921213.405275502,15.643947607966313,15.030696988304872,12.144884203777956,11.884076027237514,2544985.443724734,6.021139295113707,5.7372249930345465,4.705331734449258,4.573193124933471,24.256021828112868,1.7501440412800922,1.7796798767669892,1.7606392084307405,1.811477779577389,23.083409656731607
1473,V,Transformer,2022-09-01,2024-09-01,24,17.50197234751755,17.33297766653711,14.413211097455,14.240532364413584,4864386.916039544,16.80777361147081,16.539447053696183,13.51757925869114,13.268837142529115,2474193.1662709285,6.467957797822511,6.311778329405775,5.235379922310679,5.104413049964276,23.28549070267562,1.9040924688734864,1.989781515313308,1.9490718511570804,2.007387147242959,22.42547839696656
1474,V,Transformer,2022-09-01,2024-09-01,25,12.558411328054929,12.033138986851608,9.17066596299365,9.243999684142592,4789020.778932381,11.993302507300566,11.492398790032505,8.40528057351742,8.402700787658326,2434263.609043556,4.627903617831287,4.396681673136307,3.2699940216069785,3.2468706175134985,22.867499452793545,1.498704434621798,1.4090067534888455,1.4682341018719296,1.532808140257584,21.908698942628853
1475,V,Transformer,2022-09-01,2024-09-01,26,18.873103509716422,18.05067658367893,15.35127801572717,15.310600757955466,5071138.958880141,18.19170855185536,17.354338145874785,14.512481212949115,14.420969819950177,2626969.995982941,7.003907658727729,6.628995141306246,5.628013722342082,5.554157396911848,23.38453587037836,1.9810602758232865,1.935297469911152,1.9826402623148365,2.029271721599753,19.694024132173745
1476,V,Transformer,2022-09-01,2024-09-01,27,20.129103298526363,19.858935850967168,17.107795434100527,16.965148029313408,4838967.162770168,19.260047438329032,18.92867924173435,16.02175260518249,15.805002508970125,2430791.380221912,7.424365587469432,7.238330755809574,6.220657873577381,6.095621513575253,22.54548014754246,2.3225210051475043,2.350489812377601,2.381031401264832,2.4358335284356296,22.05021324582708
1477,V,Transformer,2022-09-01,2024-09-01,28,15.670381969181935,15.283485963670556,12.700937109463393,12.530099651111136,4827211.775491329,15.00221069816419,14.582365687717648,11.840060194823128,11.598552495150187,2563106.326708385,5.784893175488293,5.576492651393407,4.598304027629788,4.474635263447282,25.50472235677168,1.804170389666216,1.791312352825243,1.823096854037299,1.8706770601321687,23.267910984028514
1478,V,Transformer,2022-09-01,2024-09-01,29,23.32432989512121,23.35499035467357,21.33006633496065,20.32561404296666,5046948.8134674495,22.46577100951466,22.41471408727893,20.252869281313608,19.24087632047637,2595291.768047194,8.637893146488912,8.548320961877124,7.833862786062953,7.393379493782545,24.024846255132708,2.424762687998947,2.5050742091593072,2.58894003266707,2.5334993852916425,22.41365370886673
1479,V,Transformer,2022-09-01,2024-09-01,30,19.086284934720247,18.986600033105653,16.229082606780885,16.083440237681895,4798527.597686024,18.373363179256216,18.22041494031268,15.347744926459988,15.126526701251567,2461587.7107207524,7.074060128123749,6.9580131372726575,5.948655214676513,5.823389921375548,23.665213797827825,2.0343195402648173,2.070467113393124,2.076602701159694,2.142825078107837,22.53040013432945
1480,V,Transformer,2022-09-01,2024-09-01,31,14.085086936449631,13.358320079122633,10.421977644249097,10.19108343043646,4850838.086424874,13.348565895154724,12.55890890009254,9.40938208423132,9.090844655734909,2468092.5308611584,5.151128913775213,4.80759734074779,3.662114142176423,3.5155131635231087,23.10697580546384,1.7881723585193785,1.7795210806212876,1.774668102260904,1.8141986141556896,22.24432050066405
1481,V,Transformer,2022-09-01,2024-09-01,32,24.37821630255851,24.001798681817643,21.47772311756015,21.10303891407894,4946586.89543596,23.25600590639896,22.76425274853133,20.12216446042303,19.66992432753972,2526393.670538552,8.949583999061774,8.69224970637974,7.794845892757378,7.569090873700618,23.1506622551729,2.852483433064433,2.9394516169927405,2.938899281913727,2.981461731733452,20.884495757178684
1482,V,Transformer,2022-09-01,2024-09-01,33,10.23717227549636,8.80241845571111,6.4999496680544135,6.175819349732166,4887842.092447689,9.50623722084877,8.042604943305362,5.437958220609105,5.026754414980407,2484680.226421656,3.67777857433059,3.0886593266398985,2.1273164058364533,1.954408873267755,22.577755629710857,1.52758063164117,1.413796605527755,1.4258494271768454,1.4288264363139136,20.964260896248444
1483,V,Transformer,2022-09-01,2024-09-01,34,16.409170163403317,15.812081571618425,12.986594671555764,12.763750756258077,4825972.579888248,15.80517375300771,15.191784105702602,12.222812342274445,11.934744936491184,2490519.632822888,6.088620217280591,5.80433719903823,4.742347008215082,4.599979503969719,24.01070668364601,1.7510544303042492,1.7126194650374804,1.7404420018204656,1.7882778654181353,22.71848047150757
1484,V,Transformer,2022-09-01,2024-09-01,35,26.655239776839107,26.739615451404926,24.0584812843274,23.78454860596594,5075773.310380613,25.537343770161367,25.51464330546575,22.73789339210424,22.427394456108864,2620451.6646279586,9.811867282609803,9.724959806498564,8.789963613971148,8.610582583675688,23.648184410729392,2.9281124004866035,3.038694776023126,3.028082268924679,3.0423470942429454,20.58384892448053
1485,V,Transformer,2022-09-01,2024-09-01,36,23.934572959317,23.63755378813913,21.23393617585046,20.968483890078183,4905594.415299854,22.9288880941904,22.539183769847305,20.031944951177657,19.70436105291369,2491004.354343029,8.823166026190112,8.604418324307703,7.7584995065642675,7.579840900254776,23.30868959009216,2.6802472948341376,2.749750751589416,2.7569262104627774,2.7968398224228768,22.745661039337243
1486,V,Transformer,2022-09-01,2024-09-01,37,26.11777549187704,26.43149524694647,23.623109817559307,23.646638584786704,5011515.691371368,25.02357114820197,25.207319309725417,22.31011898516071,22.25333476416137,2556713.061531797,9.625220549775529,9.619145261255223,8.636517527331037,8.555764948147933,23.127569263582146,2.9064643278698186,3.05731074523848,3.027673887452816,3.1064613598675312,20.75283885039769
1487,V,Transformer,2022-09-01,2024-09-01,38,18.511524239039147,18.30097171090713,15.478142406397676,15.39291387478242,4981027.91432333,17.50918157156891,17.18866147997063,14.176076482465914,13.990705940465372,2550002.8420117297,6.752987206608174,6.576707104095189,5.508474020604125,5.400920150991354,23.13262791335933,2.379665019342544,2.454360804220622,2.458258366284345,2.526758783074944,20.79747437931575
1488,V,Transformer,2022-09-01,2024-09-01,39,14.071292585972676,15.736247448044752,10.05319451639474,13.867523364817034,4878287.889954497,13.448220066295226,15.005600235974422,9.196338142725738,12.89651411936781,2510576.215129353,5.1865834633651104,5.735050833322173,3.576453240833452,4.968863604466456,23.915767446120693,1.650949432834236,1.8450597861562208,1.6126015996111136,1.9983658590446567,22.73878589447644
1489,V,Transformer,2022-09-01,2024-09-01,40,20.8456685784314,20.731394129552985,17.879859941798525,17.87742956925236,5100201.726983368,19.793132996958768,19.557338736992588,16.5451751537145,16.458612583835922,2619219.928463329,7.629883519494,7.479822815542912,6.424304915380473,6.348040070172657,23.466136286643472,2.5822720184291112,2.680579446643041,2.677597004923201,2.7434870144982875,20.532113947113466
1490,V,Transformer,2022-09-01,2024-09-01,41,15.027284166719474,14.56296627082916,11.890030097062953,11.665358566486075,4862923.260135147,14.36381328128845,13.835313127874922,11.02640069907486,10.71166220573308,2553324.498207363,5.534898776780004,5.286948526292667,4.278487806209116,4.129153306739338,24.98395362484983,1.7456407926638848,1.765356917954296,1.7521261496799292,1.811013102904235,23.233638065217164
1491,V,Transformer,2022-09-01,2024-09-01,42,23.49230572967731,23.15770915494389,20.45606314387328,20.19430067059967,5166264.530680911,22.55987611832423,22.14058294273405,19.33695312314343,19.032292311520266,2712894.782676942,8.67921927681338,8.451200320572458,7.48847680812109,7.321165809312421,24.152751502318235,2.5485069251011105,2.612428205331065,2.604524404792353,2.6277256425446884,19.546364267484154
1492,V,Transformer,2022-09-01,2024-09-01,43,15.07690247619488,14.667729974984177,11.973643775626398,11.907467239653371,4839387.961254053,14.440111638362934,13.98931029281844,11.135948818285549,10.990175357904665,2463333.2208442497,5.567073720679678,5.348627866569728,4.32449305802624,4.23938012618785,23.26354467145771,1.725059841313954,1.72225007421388,1.7425873338322253,1.8051176460296747,22.50079661930947
1493,V,Transformer,2022-09-01,2024-09-01,44,24.398435006378616,24.335698089154445,21.796722699084512,21.57057195441506,4866006.082704645,23.48102510198694,23.34610635439053,20.693914244001643,20.40972978889777,2435500.792953724,9.031347735295508,8.907411719024577,8.010125042538574,7.84630008219208,22.29420236092132,2.57812332979783,2.641163432698969,2.67155616824608,2.716765522199477,21.580829197285446
1494,V,Transformer,2022-09-01,2024-09-01,45,17.80589176896278,17.68237833139188,15.070320093995589,14.918651569491486,4846076.589273337,17.146168087192805,16.977292286972542,14.226031108769885,14.01063686685253,2452818.4632292967,6.60771419245652,6.489255894770761,5.520724323269951,5.400976850596879,22.661246248078733,1.909394520058152,1.9319595917236985,1.9724713501842048,2.0238505905691486,21.251605881430468
1495,V,Transformer,2022-09-01,2024-09-01,46,23.526652225741305,23.14513044042539,20.63375292290685,20.386640863576325,5071642.72917185,22.5167491624783,22.044399171315256,19.40966838584343,19.09234534376996,2631057.6579774213,8.66986057611507,8.422374241714808,7.524845970418971,7.352688728004004,23.43271726995533,2.6753543168718785,2.7376361567990832,2.75418821272294,2.801551891375732,19.52365961142376
1496,V,Transformer,2022-09-01,2024-09-01,47,12.967917876169512,12.185548498435564,9.443104319084986,9.420366150400197,4835258.494818821,12.28006849431962,11.496073415753491,8.480472398999302,8.36529905334378,2459720.167124995,4.743207404187551,4.4044360705211965,3.305553903731039,3.239637099458101,22.95913660512106,1.6754282404250258,1.5980541059843374,1.6604873928326658,1.720561286378636,21.797480655228043
1497,V,Transformer,2022-09-01,2024-09-01,48,17.243891814719362,16.805067659616142,13.9907824553632,13.865419290260515,4910243.394275602,16.48409562359053,15.963803652036017,13.009082724222242,12.800019433156631,2490961.0722298417,6.352793009328797,6.103223783503144,5.05028006072596,4.93642701332396,22.750822615386973,2.001749357377264,2.0448447580220006,2.0327491495943426,2.094276003758297,21.02826397266725
1498,V,Transformer,2022-09-01,2024-09-01,49,26.09130858032644,26.34344135854244,23.765658313697465,23.503337561697084,5139871.309667173,24.922519740277647,25.03292633261133,22.347224503163424,22.01604052272108,2678681.591226235,9.589092065715516,9.556301473712573,8.654184713862863,8.468885041985471,23.782326490924003,3.0062371325306514,3.163435337432292,3.1593459929454704,3.203589655217714,19.561354401836446
1499,V,Transformer,2022-09-01,2024-09-01,50,10.5687995493007,9.542278659813665,7.098847909057823,6.918770602931578,4860371.937438784,9.563676237353947,8.599232590590413,5.867065666557009,5.6819414138598745,2488051.662471111,3.70709667432921,3.3062590790498843,2.2965328862367564,2.2079608664145924,23.615150934432467,1.796886775480193,1.6300137916529909,1.5978679379542666,1.570870626195965,22.72547065296127
1500,V,Transformer,2023-05-01,2025-05-01,1,11.939877329649104,8.475973164898537,14.118388807562129,11.747395407030728,3021244.767549777,8.847695800430776,7.196199784692789,10.547197958377208,9.292394246352604,2222292.362926615,2.739486164435133,2.1387273208660007,3.3347471961444377,2.852171179515006,28.62517278626278,2.657855775631953,1.3376696925817069,3.1473926784324937,2.3387456148611334,17.55961972302629
1501,V,Transformer,2023-05-01,2025-05-01,2,10.58906399994315,8.68501314197172,12.181705694772608,10.549527341279326,3112725.876734309,7.216366693975215,7.15249557251207,8.78225194502831,8.193471877000498,2174295.5291624065,2.231438629047126,2.107151764143785,2.770280457656998,2.491736004186677,25.911308866800496,2.536218640028887,1.4270967340436864,2.811902045009919,2.10306646937541,16.552886675926704
1502,V,Transformer,2023-05-01,2025-05-01,3,13.145574756586894,9.051749345404623,15.339673225024631,12.707384647718712,3264091.3528648885,10.13429633585378,8.01944042919874,11.793280389532036,10.10743551038554,2173689.4174006293,3.1367842035133595,2.391320673076861,3.7257344329100257,3.1082058455109425,24.134819085197947,2.7827410909970074,1.2803958275314422,3.295743485127726,2.512704745798556,17.923270333954928
1503,V,Transformer,2023-05-01,2025-05-01,4,11.948684874103437,8.499872819655279,14.06787626209491,11.738578814163745,3054235.7418928226,8.874319057005328,7.204707665352544,10.510867956641928,9.290707292842878,2186955.893105903,2.7471741707991693,2.1408745414325643,3.322800931820851,2.851117911462883,26.9987131921608,2.652413048532382,1.3456600607797973,3.1354256671127185,2.3339172640681616,16.619668974704307
1504,V,Transformer,2023-05-01,2025-05-01,5,11.520500453557885,8.256777206403012,13.436776619971058,11.25439878415976,3014987.423592238,8.309344280657404,6.826288081303144,9.743498286093056,8.812363267174902,2243107.8287361874,2.573570790026924,2.023367327732846,3.083265964188863,2.701352016591103,29.339530046235584,2.6367674630474904,1.3728418316229276,3.092571614075265,2.2694804709579794,18.033418896105164
1505,V,Transformer,2023-05-01,2025-05-01,6,10.292395961985129,9.491748860156994,11.83202043820171,10.805164663310636,3036731.47460036,7.444989142914206,8.056661522680837,9.068852061404964,8.774689241399926,2300921.150078798,2.2910140784838164,2.371239518563728,2.845417644947616,2.6574027501689432,31.5444729390334,2.3284122759008943,1.4460504486500592,2.540871228424906,1.9754288017632289,20.927091956061226
1506,V,Transformer,2023-05-01,2025-05-01,7,10.871244612984404,8.313100816766585,12.620617936412536,10.598220118034968,3068515.8181989184,7.401313962049735,6.744082556900096,8.908049832164563,7.981644063575322,2179112.8809753144,2.292773106331137,1.990633472810196,2.81808509685428,2.437479729237196,26.651868469409973,2.6115335534057325,1.4187924108573322,2.9775672954991497,2.2249224498614946,16.554379392027695
1507,V,Transformer,2023-05-01,2025-05-01,8,11.450811130455556,8.219611221399385,13.471621023195572,11.167579739132185,3036793.090289884,8.207926704985608,6.796115798720742,9.77141778790764,8.703532901103324,2202269.583852812,2.5426161273125074,2.0145981762779765,3.0924836910229003,2.66799816891276,27.67597044319581,2.636901169066621,1.3671415693609743,3.1004568065965863,2.2675046402347663,16.870114607850777
1508,V,Transformer,2023-05-01,2025-05-01,9,12.079375510912014,8.51411416933071,14.324085163293978,12.137500938719176,3023261.28234081,8.947701483924776,7.294877974139926,10.700170712672348,9.638634092243793,2282639.237168526,2.771704941332259,2.1697676742719207,3.384145776875897,2.961066818228003,30.82699308968114,2.691604654108714,1.3175151910959544,3.1939236218824183,2.4055628745649003,19.814738057725727
1509,V,Transformer,2023-05-01,2025-05-01,10,10.989063361488473,8.218636535791143,12.777626000702424,10.727935436975418,3034442.6956487345,7.542106771541548,6.70280863324889,9.029485987918212,8.154455026647712,2212414.411203597,2.337047959288076,1.980977213994512,2.857818678572175,2.4942068605051984,27.95431140824038,2.625122350412581,1.3932349157820716,3.013015022121456,2.237411018496915,16.93507255011701
1510,V,Transformer,2023-05-01,2025-05-01,11,11.416040596860617,8.263868056896968,13.288763354227148,10.99197152154508,3095112.460528705,8.169428413403617,6.803821593419102,9.554757798396317,8.509244505348104,2176647.7922777096,2.530063381992898,2.014958376945748,3.0239249091443265,2.605264613839896,26.1964106181274,2.631403088504209,1.3821079259218774,3.08314275941878,2.245248134726148,16.502387934674168
1511,V,Transformer,2023-05-01,2025-05-01,12,10.639797917051832,8.521079664333467,12.336998765903624,10.580884658527788,3025159.84909072,7.174748917801823,7.085210787483076,8.804782221347251,8.161261321383446,2252052.919365367,2.221724897163046,2.089472184506149,2.7817526151124303,2.486165450002685,29.550900199436697,2.576576027396157,1.375683945507567,2.882728242304009,2.1430331515352607,18.30527424734581
1512,V,Transformer,2023-05-01,2025-05-01,13,12.078146789898213,8.432169979838955,14.16845157840446,11.759728603662484,3079225.990706565,9.014955930256612,7.165889105933159,10.588704538982284,9.278146552117452,2187309.9537902568,2.791239172775973,2.130131416582485,3.348248003500029,2.84896010155685,26.63139889989799,2.667042417671547,1.3288886125438848,3.157382235503356,2.3524813269440705,16.50006161406648
1513,V,Transformer,2023-05-01,2025-05-01,14,11.38937546055446,8.250326958368174,13.379168357905549,11.072272145349755,3054777.3485228354,8.136171683002226,6.805466401932969,9.67914123819595,8.611565051455125,2188821.85293884,2.519913736427286,2.016193204372594,3.0628937342848017,2.63792832270836,27.04783033926922,2.6297225442714884,1.3760277684171147,3.086088240826142,2.250356404737162,16.64046134511971
1514,V,Transformer,2023-05-01,2025-05-01,15,10.262697749074851,9.601944309429191,11.765533175368727,10.863270017888366,3045723.292313523,7.443285502059402,8.153433500630248,9.092626190604394,8.918182823395654,2205241.217617342,2.288651915867414,2.398943830627743,2.850369302647021,2.698199216080852,27.80174663023483,2.3094833145924256,1.4585968149024984,2.4948385198172214,1.9358837257920047,17.090339107851076
1515,V,Transformer,2023-05-01,2025-05-01,16,10.28058780363246,9.08276348197869,11.904800090269791,10.63188761467678,2984344.054281997,7.297762605038907,7.615617862431693,8.923689765096798,8.434721956096299,2255622.6559262043,2.2488472751637443,2.241972179250018,2.806628086069268,2.5594440477354894,30.33613020720072,2.372659300008854,1.4297550068927822,2.6350432996717363,2.0389188150002227,19.091975758700137
1516,V,Transformer,2023-05-01,2025-05-01,17,10.653764486864365,8.330531962753916,12.39097957604668,10.526708122660304,3022044.841729561,7.219998199614721,6.780764792019708,8.731709527615918,7.913063601036916,2207749.521406648,2.235322607229056,2.0004109638853307,2.761050388207613,2.4155514052957066,28.025849988089103,2.5681246886523503,1.4103682491792429,2.927435807234783,2.2130710179586304,16.996308177075
1517,V,Transformer,2023-05-01,2025-05-01,18,11.8038640909688,8.317468691589308,13.768679652104876,11.37236682147518,3095076.5646224674,8.688962383293603,6.917329989711919,10.143024509487049,8.91533777058575,2175711.467154719,2.6904232178961056,2.052889568013352,3.208397961453929,2.7343660595628028,26.13448502574951,2.646468294817578,1.371155999107545,3.118162453231344,2.2921136450014643,16.504640776171385
1518,V,Transformer,2023-05-01,2025-05-01,19,10.575986286538072,8.396546035119798,12.339630673618252,10.509796051370994,3007854.433467722,7.162647580138432,6.884326070902554,8.722873392242816,7.938003985445321,2222229.3897283548,2.2167379571004906,2.030268197524286,2.7574073600217632,2.4218767823835625,28.747312624904964,2.5499908376436538,1.39842370173383,2.9072064852361126,2.1942680558661145,17.521630383748587
1519,V,Transformer,2023-05-01,2025-05-01,20,10.808873538073636,8.352074423576163,12.54670683595534,10.588797663721142,3032755.8820898263,7.340868170463504,6.773309660186557,8.845064760200922,7.978568846900726,2202311.34791051,2.273492113604292,1.9986185223334136,2.797558560732865,2.4358496029864254,27.72554992531871,2.6004637095472853,1.4250147611182395,2.9624202268811306,2.2197787012927788,16.87403409931017
1520,V,Transformer,2023-05-01,2025-05-01,21,11.502381734054811,8.246517889111006,13.386979279352014,11.18014351282712,3103702.642948051,8.289016509513903,6.81806859683051,9.668192122382868,8.7191602835149,2173449.218472516,2.567238703620555,2.0210651992458617,3.059945665091934,2.672533260182872,25.97804339099107,2.6347450746559407,1.3714927118210434,3.0936157657636665,2.267433521418323,16.53404991116138
1521,V,Transformer,2023-05-01,2025-05-01,22,11.325171901481394,8.176167307629738,13.320047668291627,11.113867822260849,3028558.157436361,8.023248448071671,6.750094473066334,9.56537978863986,8.635689240388627,2204442.9364325525,2.48602651274044,2.0003222735513524,3.0284456008891247,2.647282414561524,27.84725998171708,2.6365051272860254,1.3630117017555676,3.095834302662776,2.26642251578331,16.928719277145294
1522,V,Transformer,2023-05-01,2025-05-01,23,11.919194407808408,8.328922563542056,13.680762606102585,11.369437440736023,3166600.731507558,8.811345728361898,6.953991688667734,9.982199637705584,8.89250002827283,2153562.4634909285,2.728465352546204,2.06437381886711,3.1589812607340706,2.7276301111134544,24.6917748747649,2.66057219139132,1.362925002253755,3.1302435844512986,2.3005174583472088,17.05980413131751
1523,V,Transformer,2023-05-01,2025-05-01,24,12.70491171401414,8.841349675112394,14.937011449208704,12.48902889733339,3054360.821551075,9.710415965614107,7.77655316040549,11.43537068649527,9.971711600304372,2191722.1120461887,3.0055643645438628,2.316525098742145,3.612642014856708,3.0645493180458474,27.140781620935307,2.7228540081386186,1.2740804603359313,3.228438731225377,2.452759685908388,16.66976710917951
1524,V,Transformer,2023-05-01,2025-05-01,25,11.54494136633704,8.282059820850854,13.545316348341156,11.283647306752744,3044114.345256254,8.350742171074348,6.850505125544862,9.887025596894745,8.841689254659391,2201084.469304305,2.586054319956661,2.030961127929786,3.1279213763965608,2.7104309285746053,27.54143223763512,2.6345975714785737,1.376490657240656,3.0968343862688026,2.273141512365999,16.817868933299216
1525,V,Transformer,2023-05-01,2025-05-01,26,11.393628067894028,8.14021575178827,13.417530470303896,11.266353486401089,2987141.50447747,8.065417776562981,6.729621619429914,9.612167925956728,8.76708368152624,2268993.0983170257,2.500191039845564,1.9948973367385603,3.0445634162490345,2.68972157725004,30.87888369566899,2.6565553819669185,1.3554618420158215,3.127165308852076,2.297497908304061,19.798737212219688
1526,V,Transformer,2023-05-01,2025-05-01,27,10.295417183506954,9.029587056840548,11.964103667421693,10.603948490671876,2994044.246052214,7.256032889618551,7.563027407790444,8.867388697195269,8.393218325412855,2258842.587050769,2.2371533000270687,2.226622813987368,2.7916684468974013,2.547538052120931,30.3995036128636,2.393213444726382,1.425188486627709,2.684158529461945,2.043027786410644,19.27287490776565
1527,V,Transformer,2023-05-01,2025-05-01,28,10.29250225190445,9.447531984047792,11.859499596581497,10.86465982991483,3007299.5851439107,7.503402496014104,8.002861395524741,9.104280429288291,8.814459503778544,2274557.917166332,2.308301613183442,2.355750084758325,2.856858555107812,2.669837460094808,30.750324566126185,2.309831555125605,1.448555114510638,2.5428072436846803,1.9903789371047904,19.644009210054588
1528,V,Transformer,2023-05-01,2025-05-01,29,13.034735825242867,9.120249543316133,15.472370120343768,13.151730019712511,3027201.357545444,10.010348154580663,8.099149936925679,11.943527153277454,10.590828971334028,2235901.3536301274,3.098913314094074,2.415575868149248,3.7723624739746047,3.2563049718489028,28.92574163854096,2.7744854331795943,1.2806616389341368,3.3044305421422204,2.546612293910888,17.718662483686394
1529,V,Transformer,2023-05-01,2025-05-01,30,10.431275657541804,8.72127428758904,12.115916424386173,10.521038499509004,3017925.894401176,7.132267101213707,7.218314890818984,8.76912503285175,8.173100206764852,2261153.438382525,2.203364934960911,2.1262438215534027,2.765424672523535,2.4854192908139545,30.049136328225483,2.490362695650558,1.4168918046435903,2.7868619501020326,2.096809505166408,18.85847999169697
1530,V,Transformer,2023-05-01,2025-05-01,31,11.242237566875112,8.16127191531568,13.061268803852055,10.796700379238072,3106912.8269069945,7.91924988450863,6.686541558628913,9.294451859719288,8.243585229609819,2178831.374786967,2.453644974610308,1.9789085453022173,2.9427141790425373,2.5234875590202392,26.076584273575023,2.629521260316883,1.3764719677008743,3.0613549577044568,2.2441987326061783,16.52036340794171
1531,V,Transformer,2023-05-01,2025-05-01,32,10.926750734858604,8.308920360730312,12.658657218917016,10.633013663935165,3087906.616392376,7.468492977856735,6.736890668292475,8.949544311308529,8.026177535030547,2185301.868112287,2.313551502150102,1.989062911899772,2.831086331116186,2.4515282185726703,26.478898666335343,2.616699549824938,1.4207963156599157,2.98195779191419,2.227208840984804,16.4942501232915
1532,V,Transformer,2023-05-01,2025-05-01,33,11.082973912192632,8.21408127394704,12.979695287021272,10.831366462759943,3043431.0976020503,7.647779638861747,6.744042427685347,9.189688567726868,8.277661543943251,2215762.142357713,2.3701467025262253,1.9950269436473,2.909441492194629,2.532889076122118,28.15337468412504,2.637446328213159,1.377638251523572,3.0559645197057765,2.2464232792873595,17.31036038031084
1533,V,Transformer,2023-05-01,2025-05-01,34,10.33990967215388,9.00123575223855,12.006615926239231,10.662066153774408,3071582.070046089,7.388198948505764,7.5090347126364785,8.949547601021795,8.450867270861549,2302606.2534808614,2.275689144092174,2.210888806282281,2.815959661140622,2.5645903230801657,30.920351681025803,2.36975698480151,1.4345633947016705,2.674589462944873,2.0480810087542984,20.161428800438603
1534,V,Transformer,2023-05-01,2025-05-01,35,11.25041151899388,8.156541793182024,13.322499204817843,11.038151291910482,3006455.8458000026,7.915362257435699,6.7292286342371295,9.56265691322514,8.54805099700585,2208380.472369638,2.452827317605501,1.993922381261911,3.027811008788477,2.6198772871389875,28.206210980384206,2.635015197346372,1.3613456394311745,3.098126346421164,2.260274579063419,17.051837398759574
1535,V,Transformer,2023-05-01,2025-05-01,36,11.819276356499373,8.373466627509677,14.037239092081906,11.544298896651908,3086095.799836761,8.708431652503995,7.022823846192739,10.453341483588556,9.064499419943662,2166095.132109641,2.696554574247004,2.0861723160163974,3.305620924351434,2.7819350671664567,26.006593367831137,2.6474824473197924,1.3587921130272071,3.141054491411289,2.323544064419614,16.534323014102334
1536,V,Transformer,2023-05-01,2025-05-01,37,10.85028279145844,8.254771193827173,12.658474485003232,10.644861639557243,3108199.4338362697,7.375119972285925,6.6978221174324615,8.930278660776024,8.036508730733685,2172513.902642926,2.28473820207317,1.978105800222017,2.82571123522873,2.456206143785815,25.91448015786903,2.6099813533665746,1.4110301363276738,2.9886646443668967,2.23356789754596,16.537615119733747
1537,V,Transformer,2023-05-01,2025-05-01,38,11.97314275655166,8.387793562851947,14.113418611261013,11.686557470211875,3038670.306404514,8.881813694590253,7.091149530548695,10.520233289842878,9.19927614287182,2200147.0006882367,2.7504338146145875,2.1074797169319988,3.327018379815849,2.8245607235209103,27.557916266471626,2.662720567941016,1.3382078089569156,3.1547658310982776,2.345593452589736,16.80625559015343
1538,V,Transformer,2023-05-01,2025-05-01,39,12.206329252448738,8.496457787139853,14.258749774316463,11.878158762601998,3020731.9048185856,9.174458107798973,7.247700761511906,10.708317013878569,9.422604850829218,2209110.638831057,2.840015129538624,2.1545634149152395,3.3850929414786006,2.892980522891768,28.007918971906847,2.672789508078424,1.3260710103719966,3.158806234857603,2.355802343687558,16.945070122491117
1539,V,Transformer,2023-05-01,2025-05-01,40,11.828234453445424,8.405139885950803,13.98688416279488,11.719601371528796,3005011.241750868,8.721679507901106,7.034646391660091,10.420646135478355,9.274424473102776,2258563.216873941,2.7003404625970164,2.089068330088456,3.2946814670554674,2.846212069927335,29.960056006204468,2.646783476067554,1.3687157217450767,3.1276844367970846,2.330748715077159,18.52334534554377
1540,V,Transformer,2023-05-01,2025-05-01,41,11.145148736494876,8.281482413977557,13.015503373775475,10.848633036354006,3045502.82369639,7.776115331601519,6.772871307830597,9.291388447944405,8.320990277084515,2190623.947704833,2.4085447546783696,2.00300121111584,2.9399623675151325,2.545204537447214,27.249617670630062,2.6253723986935205,1.398001477335968,3.039371837577641,2.236344647970833,16.74988092969515
1541,V,Transformer,2023-05-01,2025-05-01,42,10.4111673417365,8.932293080878766,11.975337971324638,10.568728062219744,3035547.4845875464,7.143230556230378,7.415868791785122,8.845202659225874,8.32700295124956,2206526.7722363267,2.205955421843562,2.1831256284185323,2.784555787767342,2.528262351252909,27.85115640522199,2.477410635009263,1.4387897803360816,2.6941433053915955,2.052451304823557,16.959576331881234
1542,V,Transformer,2023-05-01,2025-05-01,43,11.332638832952664,8.11504244624327,13.48346792728371,11.215235608661096,3008928.9302368546,7.888461394148717,6.7065864456116495,9.582564653962311,8.665212238995544,2278001.4137688573,2.4471577888190814,1.988319897988604,3.037211145936692,2.658670193354108,31.006812022609697,2.6834340258926,1.3542656724381243,3.167973998842314,2.3111445883972204,20.127739300864373
1543,V,Transformer,2023-05-01,2025-05-01,44,11.660748804489623,8.273290097408006,13.689478776997989,11.309080295921191,3084943.1625387915,8.498157191509007,6.87080092797338,10.038505931945076,8.842185856347866,2184735.2127735373,2.631904551993686,2.0387429982867737,3.176042047583419,2.7119383753430126,26.48764575353237,2.6421558022986886,1.3675833242577184,3.1157496062228582,2.2883602928661584,16.490135391718987
1544,V,Transformer,2023-05-01,2025-05-01,45,11.685703960179108,8.291701439373227,13.787581942158756,11.60713540740879,2964172.092082134,8.487633967486936,6.961597051244894,10.086919880341856,9.07096518823752,2312803.7635882213,2.629968129938066,2.0687799507752835,3.1928687513233323,2.786127646515556,32.30527698761801,2.659119806420265,1.345275133244333,3.1472277158550583,2.3561938093047288,20.699661152745257
1545,V,Transformer,2023-05-01,2025-05-01,46,10.69551300334055,8.355674709905113,12.547973219261586,10.61962740549391,3038108.930675959,7.183627656844205,6.912480986232056,8.800948082905482,8.055952559641176,2274780.593571436,2.225821213619408,2.040416056790172,2.7852051797501987,2.458734056354241,30.287666972263448,2.600451173645458,1.3700523959746291,2.981480733588091,2.209767787332013,19.219691120874767
1546,V,Transformer,2023-05-01,2025-05-01,47,11.414521291618687,8.183755471889222,13.315908736256564,10.99587942337793,3038514.052190194,8.165516386268363,6.746223428311754,9.574749834877723,8.507242199772225,2177200.015559568,2.529534754174756,1.9985742307619736,3.0310697207190263,2.606361371255016,26.937176444685,2.633487186481642,1.3670502801193514,3.0907659350069125,2.2521116397627137,16.619616602297917
1547,V,Transformer,2023-05-01,2025-05-01,48,11.974452060633393,8.309142608335218,13.680506482968964,11.305463124564543,3051412.029432503,8.900450002712,6.9027770889194455,10.04273778800984,8.853715630179614,2191382.212223547,2.755547792703616,2.0481855357423933,3.1769053473785656,2.714744130119109,27.25178909857084,2.656271128193556,1.3721851906205742,3.109697069039002,2.280753529213117,16.793549192518444
1548,V,Transformer,2023-05-01,2025-05-01,49,11.60854116268345,8.238243361778888,13.676688890010276,11.343790040941288,3015136.3565896736,8.395672081422129,6.836156302698137,9.993871092532482,8.873489980757533,2263048.986448332,2.601019645373618,2.0279851317885726,3.162638428449457,2.721951596130654,30.074686441814457,2.651497640423846,1.3635247460977258,3.1246272339746737,2.294778118528612,18.7866732405682
1549,V,Transformer,2023-05-01,2025-05-01,50,11.29934436837158,8.15429623064076,13.348371439961047,11.058221064003222,3026394.626596412,7.892619956978621,6.722878072149198,9.507491000073136,8.53142276696607,2262671.67007835,2.4472298257373786,1.9917561484904305,3.011893717589865,2.6150539768457994,29.877921557226934,2.665238483406412,1.363373252162504,3.128122095789653,2.277239030077892,18.578328601742903
1550,V,Transformer,2024-01-01,2026-01-01,1,21.629531340982865,20.52699504181987,17.89028118447162,16.97953760161972,3240741.3114210493,20.28460200640448,19.239865880405382,16.08457170812818,15.073108118088223,2171866.08901849,6.042808400750404,5.681230066167963,4.832192779012223,4.488874603962965,43.35797102022648,2.3233378992142195,2.195271463516872,2.4389910875686995,2.4131925046234,56.14960841805113
1551,V,Transformer,2024-01-01,2026-01-01,2,19.868307290960413,18.94265384670816,16.402913512101854,15.429255730164495,3212119.2114989595,18.524369964420664,17.627142660472714,14.50460924449978,13.427915634278625,2130138.3081569364,5.533075836954775,5.219200370311248,4.373718499358927,4.01502092543865,41.73342553673528,2.2447973500158223,2.150784680447212,2.395948212369972,2.360499379296602,53.26499808307047
1552,V,Transformer,2024-01-01,2026-01-01,3,16.60792779520642,17.41424507236021,21.061813168398544,22.8077184063202,3200451.9175121738,12.484850477661372,12.960461556709197,15.988943161955913,17.763481227191544,2136569.184571355,3.616103766390496,3.721021118172072,4.646940243685966,5.136540226400313,42.58024450710905,3.101378124490536,3.282490295095025,3.8882404684787457,4.041565505954536,54.77522433722696
1553,V,Transformer,2024-01-01,2026-01-01,4,12.642979077297296,13.302363781421212,16.50412205972631,17.890566006209426,3202091.0315045603,10.011289071564512,10.42109409645715,12.217987262158353,13.667366597659422,2130442.279712636,2.914131567927146,3.004936557973241,3.5458426662799325,3.9466619855842535,41.67381778697114,2.1785491758888296,2.3226812203138807,3.1531099790894745,3.2671798069493154,52.59388878049703
1554,V,Transformer,2024-01-01,2026-01-01,5,17.260805834527666,16.021550776232072,13.496496865597551,12.440145558146831,3282663.079295172,15.698259312739753,14.492959298152122,11.17624291354603,10.006251114132066,2212752.683750756,4.687185347496174,4.290432901479832,3.3732263647966825,2.994060995105868,44.48947250500142,2.223953852845505,2.10151618817781,2.3493810870420995,2.2810825028023065,57.963134191330354
1555,V,Transformer,2024-01-01,2026-01-01,6,16.897201277619466,17.7268965952732,21.67902157717953,23.498656609107208,3200516.446528336,12.727981505610527,13.448093612937871,16.875420419405494,18.8978552171637,2132005.576185061,3.683350239934116,3.862642639891608,4.91111760957305,5.4748571530017935,41.93852071060866,3.142403244493029,3.2508917548895107,3.8511293501246735,3.932970823209089,53.08547971751276
1556,V,Transformer,2024-01-01,2026-01-01,7,13.790224935403046,12.583526953512916,10.47662196346183,9.46487572269164,3219070.730739954,11.955576169467902,10.765878352890176,7.894028842581304,6.798952026654856,2133554.8898743093,3.591865325261216,3.208228943973012,2.4020719938016426,2.052710768821299,41.29895299242873,2.1286573072167023,2.003483589897265,2.132905016912139,2.029832878538833,52.14408599592414
1557,V,Transformer,2024-01-01,2026-01-01,8,16.704648871070535,15.475549422598062,12.959056105568235,11.7697985573048,3255317.839905134,15.25888032476538,14.065697409183972,10.742430877859444,9.40895547281149,2172669.3003023174,4.560165208302546,4.167970001499564,3.247492342179868,2.820852140372811,43.124233917437145,2.113220004830012,1.99228227978844,2.251548030945432,2.1828848840571817,55.653050101629866
1558,V,Transformer,2024-01-01,2026-01-01,9,17.45965645921104,18.155319385512417,21.97473406377189,23.69330244869533,3250322.4851553063,13.492408527816233,14.141324170272378,17.488447629547114,19.31848919486832,2198135.020074374,3.911273003224755,4.068907109847806,5.098488950739962,5.603435182739338,45.39588171363819,3.1266419846656643,3.197358195761244,3.7554656253689553,3.857082065484612,60.083688862405126
1559,V,Transformer,2024-01-01,2026-01-01,10,17.281345621905174,16.383786614876286,13.676640609600796,13.245771723414888,3205190.4672254645,16.110954716500075,15.250291000305795,11.93405290065041,11.474320084382262,2136751.7279276224,4.816898249800813,4.519620111903587,3.605902349577858,3.433545788306901,41.79150510977233,1.9621535612842675,1.865643829116607,2.091175853591272,2.058103477297084,52.7307652404302
1560,V,Transformer,2024-01-01,2026-01-01,11,21.91201635073604,22.87657103916196,27.001238318277707,29.107410540615227,3240214.681710242,16.892512080314088,17.897983115655347,21.622661006981883,23.85616138834313,2176367.3046833808,4.892324447567731,5.148255474381166,6.305107460243447,6.921532883700301,44.42696064831209,3.937736140547189,3.9977901055497527,4.565091085128324,4.689098937276594,58.41946740553664
1561,V,Transformer,2024-01-01,2026-01-01,12,18.572251781172444,17.666737617949718,14.993557293952076,14.128906271619703,3211689.336693388,17.11540705288531,16.250370238149106,12.921839646119553,11.912438181173464,2128681.140121809,5.105094370384681,4.8038568682530896,3.8905526204680414,3.5545707862588323,41.65463929143146,2.2346274349921607,2.1303149960765,2.365563379223428,2.344890137744541,53.053874115163325
1562,V,Transformer,2024-01-01,2026-01-01,13,19.34439529379797,18.39456386931264,16.190749162668684,15.143243029437931,3276336.36529613,17.538309631502173,16.6516280539086,13.674022205526828,12.53557692770038,2221186.8242129525,5.248229622545215,4.938688546253443,4.133009886613208,3.756954908357156,45.200828295778415,2.5295961282109927,2.4053410847043093,2.6884645338733923,2.62023701656763,59.68777734056477
1563,V,Transformer,2024-01-01,2026-01-01,14,20.91201070596415,19.856142634143723,17.13326218020289,16.013279976746162,3214903.7961402265,19.476364832676616,18.4386552227808,15.256863134262227,13.899895023519388,2131693.934052479,5.784576165800992,5.428260350918506,4.564912970300768,4.1232393556303375,41.48818613429957,2.31618585594574,2.2205386033923262,2.400221670279701,2.4247738152685114,52.67205887780252
1564,V,Transformer,2024-01-01,2026-01-01,15,20.124951256420967,18.981311753393364,16.429818150359427,15.472589613526983,3276098.789783461,18.603895320078603,17.50248789372306,14.389424354542484,13.234096315734847,2193510.7073875726,5.534848890796722,5.161447423926303,4.315567790244006,3.934004006172048,43.90874550966095,2.354092432310788,2.23389790981118,2.452973269586561,2.4573109742249133,57.27934865639684
1565,V,Transformer,2024-01-01,2026-01-01,16,10.760048539791692,11.287575144020828,14.461197212725637,15.910809527513042,3204247.527852636,9.007583054326544,9.253267175315198,10.84448634583527,12.163419243087512,2128527.5013675885,2.6340844754243413,2.6782172085800533,3.150707864225473,3.512565542779182,41.340966984233454,1.6548742336227262,1.8105179205446884,2.714957790850274,2.9036839709415463,51.87551140359202
1566,V,Transformer,2024-01-01,2026-01-01,17,15.129968295065774,16.105652271403763,19.42572034688904,21.226052737720146,3204276.590012398,11.52220388685646,12.205994154672458,14.86081980092558,16.83933121216464,2123579.038431663,3.3394425046799903,3.5076679153525485,4.320348617082561,4.874087630271264,40.88295229979914,2.770375230625264,2.9580328005424184,3.545331731230706,3.6433562487081295,50.969581457925
1567,V,Transformer,2024-01-01,2026-01-01,18,11.765654563035891,12.227420176563454,15.35460445682976,16.59558179448725,3202349.9219973856,9.739449848800596,10.01547586378828,11.364731358919716,12.432352317812404,2130451.291709668,2.8440619798774835,2.8969353664712627,3.299145155778274,3.5857667909223387,41.60906472853537,1.8548189333867715,1.9618867957144568,2.934006485012122,3.117946828202068,52.40432395738102
1568,V,Transformer,2024-01-01,2026-01-01,19,13.043911779030797,13.604675696100294,16.656040777481927,18.05523993354097,3200263.9331288184,10.764667624802865,11.139697863173708,12.119992752303492,13.190530116837202,2130513.0479609664,3.1410066781791377,3.2202535153360268,3.514971129545714,3.7988219345384335,41.68133833631815,2.063713851663179,2.177896588624657,3.2475791206518103,3.4999617014597875,52.58170189251776
1569,V,Transformer,2024-01-01,2026-01-01,20,17.21764471294118,17.873871791397153,21.92819673505309,23.66317260981176,3205663.8789244792,12.921901751844104,13.404218310278008,16.864689674851796,18.73778289887156,2131872.8406944266,3.740361942678652,3.848914775878603,4.905002471624047,5.4238004953535,41.87606247166888,3.217981842508073,3.3307878768701413,3.968008248236856,4.073845265835173,53.32213378087485
1570,V,Transformer,2024-01-01,2026-01-01,21,19.618265231920446,18.655846749124706,15.88228731223473,15.061888432531056,3214363.2911674147,18.16396323309646,17.219847425441138,13.93626884063284,12.934573905331003,2133149.380612082,5.396587510758512,5.070646967298371,4.172027645211769,3.8372467909364105,41.47788056312885,2.255306662118637,2.1638375718665577,2.3432570461844304,2.351817683369175,52.58822979741553
1571,V,Transformer,2024-01-01,2026-01-01,22,19.53781963992091,18.42928864518502,15.757559665265047,14.66390249963376,3262053.212435195,18.219722978391875,17.159404126565683,13.922641019317496,12.707181782659676,2195783.487086169,5.433758514656032,5.072842648971801,4.190417422948892,3.7920412754190433,44.05817679551237,2.1891266905798576,2.0701002955329924,2.2987225444333776,2.2623873059921698,57.4640034929887
1572,V,Transformer,2024-01-01,2026-01-01,23,16.37417259112386,17.13899310335774,20.45973372640548,22.30976642277621,3208980.205004781,12.314534512123688,12.847283173966172,15.682123166315158,17.469511013515156,2141071.051860401,3.567345100285038,3.690362870568208,4.561530456454889,5.054134185366166,42.61818124373168,3.0585803162494685,3.202454744319569,3.724842652943154,3.920752842891893,54.83989661688259
1573,V,Transformer,2024-01-01,2026-01-01,24,18.46891001151213,17.30203657842305,14.70511525448857,13.713598438421393,3210642.786383618,17.00474508798578,15.86973449295361,12.653448759033235,11.524332618005229,2130151.8943457115,5.062444871081879,4.683529890233926,3.800300274593901,3.4307799715859044,41.40619656965524,2.217561286312598,2.104194297212218,2.322566438221034,2.285945922782596,52.2872448659112
1574,V,Transformer,2024-01-01,2026-01-01,25,20.979330049803504,19.578156446816376,16.938619408095473,16.028971431823955,3222008.0856801006,19.7316672183718,18.36940208678288,15.258613500522015,14.202909274145622,2147796.4554370623,5.874023388436684,5.422179125162339,4.581374078812548,4.227555741748993,42.18850433641287,2.199283243963848,2.0751269593649075,2.288672756015094,2.291019945870345,53.69488829320937
1575,V,Transformer,2024-01-01,2026-01-01,26,15.826417121325024,14.63220763393129,12.92974161216876,11.785693166903974,3266766.6554627856,13.425350383435282,12.192974786072297,10.860313366175255,9.594788609430692,2210174.402806961,4.051910073929109,3.65116947748865,3.295086541675309,2.88843079854429,45.03962858959865,2.583207892021285,2.4732314142104106,2.192913455376716,2.125490623571609,59.5874474719795
1576,V,Transformer,2024-01-01,2026-01-01,27,20.245852398274707,19.159710423633044,16.42794092447904,15.333196550535336,3259366.976839748,18.967326925179314,17.947976172274405,14.70419279843842,13.520853750704289,2198634.423454391,5.654548169031764,5.3034617527226136,4.422036120372277,4.031136899613575,44.55281639929265,2.191909979126332,2.060227814422804,2.2792360548206227,2.2331733353803047,58.59093406272186
1577,V,Transformer,2024-01-01,2026-01-01,28,11.760887748047928,12.115564153443,15.262434176310396,16.38687232896052,3224236.0589096304,9.82909895577404,10.023876300250302,11.33065944552003,12.283906509907178,2160472.90811506,2.872737646103162,2.9020301383936653,3.290320201615153,3.543431039809237,43.2186696284086,1.810307329128256,1.898968556331492,2.901404894838977,3.072543310132501,55.8369302895478
1578,V,Transformer,2024-01-01,2026-01-01,29,17.769350456394566,18.449196371568664,22.18942073656008,23.782146991891835,3341182.8652786044,13.28859228298928,13.842429074503336,17.00378295089798,18.80012118511637,2281080.630602594,3.8455392566676334,3.974717672627619,4.944172539941382,5.441170315506166,48.57013979920659,3.3336301705279667,3.4321968051832283,4.035141585632496,4.104434466528215,66.27669316202213
1579,V,Transformer,2024-01-01,2026-01-01,30,17.77571552874083,18.38027306161099,22.139408003275182,23.889435524445737,3229294.3380351025,13.2366818577901,13.621646869190776,16.716026441426035,18.5659500936768,2166512.8497086624,3.8307577857006248,3.9097038267007904,4.856294514734581,5.367897363303152,43.34758141123504,3.35422036840299,3.475968071824188,4.112383256777143,4.241764677169222,55.88692960740287
1580,V,Transformer,2024-01-01,2026-01-01,31,17.117017082792977,17.784852131025456,21.24714220330498,22.666700634986665,3269535.517331589,13.83860371538652,14.212922397220357,15.548853739908424,16.652441317264277,2206327.4184663864,4.025939459711427,4.0977510336462375,4.510897630143498,4.799048647925657,45.93297414019148,2.830899856015975,2.995668401384425,4.1217298079042815,4.368160068978543,61.35139875434417
1581,V,Transformer,2024-01-01,2026-01-01,32,17.423850383656692,16.196097368137945,14.017016629467788,12.714312125395177,3266283.871129157,15.420889629714846,14.16938493187443,11.718231860620694,10.309554079870024,2199847.611244275,4.640771297836737,4.229730140255554,3.5624932551395627,3.1113048678148947,44.067372668635855,2.511065656501653,2.410281881361321,2.3930316983962245,2.3033180135994824,57.2620431713655
1582,V,Transformer,2024-01-01,2026-01-01,33,17.53695833672069,16.235065241967167,13.70748251919236,12.638085290781136,3261472.259644879,15.946704705923404,14.705980892014828,11.343587403944554,10.167222764670704,2186544.8615303743,4.765867614018162,4.358043286442472,3.428958059628054,3.0471778516039367,43.62265595168248,2.2672755731400174,2.12275157616575,2.391403384866684,2.3187664644583936,56.48729525225462
1583,V,Transformer,2024-01-01,2026-01-01,34,17.852823419945892,18.649856413701706,22.382629752558667,24.07015801526021,3229716.2803737065,13.284375376647342,13.821175315866496,16.876239402882824,18.522752980034287,2171785.192036203,3.84516161930212,3.966792741515212,4.903154555369419,5.352665054564499,43.27653681339444,3.377793477967625,3.532376188294063,4.169839764180605,4.345617184295231,55.59949017480628
1584,V,Transformer,2024-01-01,2026-01-01,35,16.558941438246062,17.171978198949567,20.8620769646369,22.52425650884655,3251022.819337048,12.39865753174388,12.80039871367439,15.876701136065838,17.68893536316859,2189483.9685288034,3.5898372283761124,3.675424787205724,4.6148658876079285,5.117601317443317,44.70661860465343,3.102037563934881,3.224195055295621,3.832190398230066,3.9316188501854814,58.72957436933927
1585,V,Transformer,2024-01-01,2026-01-01,36,16.2445071307179,16.897847686701297,20.58997376182267,22.03716471782629,3216286.824758643,12.23191031045625,12.671628840906198,15.693032395222035,17.352504832299697,2143783.1080958075,3.5418686100638683,3.6390205840459946,4.561160009936917,5.020335641481973,41.86662155812655,3.021170382299166,3.1486348494223075,3.777258700071171,3.831587131124057,52.847654008600855
1586,V,Transformer,2024-01-01,2026-01-01,37,24.06472156446933,22.9492897955666,20.56611474322067,19.73866222855517,3273988.762274219,22.82555134988154,21.75015753513053,19.027640749858104,18.03133976710756,2224593.708542376,6.780939037632631,6.40478806227532,5.691311586775642,5.346985297391755,44.827789021711226,2.321399136190615,2.2082371797610945,2.4037506069766423,2.445948722339642,58.39503362893967
1587,V,Transformer,2024-01-01,2026-01-01,38,23.573901360784763,22.619386979153035,20.339087356674337,19.39836944854944,3211517.123231595,22.059748416117632,21.16362651603284,18.36408180888269,17.337593446863018,2146415.0961588984,6.574724282149427,6.251745032865792,5.516865162958526,5.164003564069544,42.81835150677848,2.567323690016925,2.444926885572704,2.71520697067432,2.680880777259266,55.10992014161352
1588,V,Transformer,2024-01-01,2026-01-01,39,21.65869865445729,22.35264379446241,26.65076500043825,28.261442874315858,3214064.554780494,16.11635066532255,16.632799852274367,20.373328878688184,22.00784215535095,2150627.335745099,4.661298911035673,4.773119237146344,5.924261189382027,6.365152251036053,42.61643051339446,4.095022261083045,4.2078312814229415,4.8676867250998646,5.006746288904525,54.499871039571154
1589,V,Transformer,2024-01-01,2026-01-01,40,13.840541864300596,14.152823259298458,16.907522130208047,17.891364613806402,3245656.760527141,11.701584792315554,11.813707853356927,12.418205266400651,13.0907605404717,2178789.077601848,3.424136788116247,3.42470371530365,3.608158516605782,3.774674740415073,44.61010721696432,2.054632606228621,2.159259757403825,3.246156399763937,3.4468650019180043,59.06020734559191
1590,V,Transformer,2024-01-01,2026-01-01,41,17.353994985654154,16.142254943917266,13.514471069568772,12.905893565184304,3209130.3796091154,15.978634804900176,14.797026310038952,11.386463867343744,10.774441243776844,2134402.8023665887,4.783974740891161,4.392970748128942,3.450787308041937,3.2348351021088546,41.75476340500503,2.117253317004901,2.002855006709896,2.264178667685917,2.200221724635155,52.88796452372804
1591,V,Transformer,2024-01-01,2026-01-01,42,17.66452327908916,16.502323748203402,14.063090928585458,13.050141376661657,3215489.6763184783,15.988814606150743,14.840877031967151,11.560524575830296,10.384136139979566,2144122.329176191,4.780300031066783,4.399459722998446,3.495564118931739,3.1133645810338093,42.55464323734677,2.3360531931874906,2.227892397485359,2.491107794219009,2.4432030180781954,54.61422229402601
1592,V,Transformer,2024-01-01,2026-01-01,43,8.455548433231554,8.0763907180021,9.32380543462725,9.70193601395174,3202279.474102292,7.57985599896258,7.224519631455119,8.06296846835471,8.183386168301743,2127155.924611621,2.266668819067524,2.1371256851332463,2.378704617463936,2.3881704489422955,41.26435282664361,1.1494552284123856,1.0886263492783776,1.322393020267293,1.4641918514726258,51.70093517608203
1593,V,Transformer,2024-01-01,2026-01-01,44,18.815810663083163,17.70768631890693,14.887705246038344,14.080657850038682,3202546.06415674,17.630384830357823,16.572657934602812,13.15282919585321,12.301054457914736,2133285.877765806,5.263671295676628,4.905088277309433,3.9669953892476864,3.676573149580328,41.88372389162839,2.054569735950293,1.9356962615489688,2.180698225630496,2.127381442148209,52.961399755741525
1594,V,Transformer,2024-01-01,2026-01-01,45,17.59932947321938,18.3587555554152,22.10630469837632,23.768147327618586,3244628.283830842,13.228761424006189,13.820161149603106,16.97355038871009,18.79903037382041,2179742.389079198,3.829287241990773,3.969012465179335,4.935938028532751,5.440927341608964,44.49279444035768,3.281534533376324,3.402139273243481,4.010162888034934,4.099851029970496,58.53085708078625
1595,V,Transformer,2024-01-01,2026-01-01,46,10.597884209897828,11.111397058403917,14.12976073645091,15.448458738497443,3202086.4093798925,8.945700745825148,9.177893648345629,10.579614447963571,11.7397386834518,2131052.326982459,2.617877818942458,2.657977070204552,3.073932056783105,3.3891890907247646,41.64044885508652,1.596405884785677,1.7527062355110634,2.657660443507352,2.843612760919196,52.43397107709122
1596,V,Transformer,2024-01-01,2026-01-01,47,21.169771061880432,19.85357361685777,17.018303113831994,16.014643823227594,3214668.444338653,19.817378253622586,18.540687284642097,15.159778705735496,14.027719502540524,2133805.690569373,5.906593924171819,5.478829272042336,4.560277959456512,4.183932612695941,41.079745845678026,2.310052017509555,2.1865272998635508,2.413474791088684,2.3920900217662853,51.39797637241546
1597,V,Transformer,2024-01-01,2026-01-01,48,7.751913384495698,7.484475187723111,9.126919894345647,9.759490363660266,3203502.857026074,7.1040092701922735,6.851537668706395,7.745590618002995,8.033610438468205,2124599.742935676,2.1192499459182166,2.0215519892733647,2.277582502515856,2.337056993100811,41.20301466720125,0.9492599909799432,0.9018251248114147,1.3584014319015782,1.5587672028769817,51.7300922994886
1598,V,Transformer,2024-01-01,2026-01-01,49,9.34465936167837,9.593717840564889,12.473883550464755,13.436865438920686,3205551.1877538725,8.219552024508037,8.264088005388286,9.616292685680651,10.504863955719864,2123678.7392203216,2.415755835288403,2.403373189327184,2.800585360502056,3.0389759112565127,41.101060777201,1.252344839166524,1.3645109417881796,2.248298138222483,2.3647648611504475,51.60427431110348
1599,V,Transformer,2024-01-01,2026-01-01,50,20.32954995216349,19.29966484275033,16.93817173967095,15.81067550582113,3244943.71184865,19.034993504876216,18.05576170308377,15.157291171303015,13.94506338742548,2184561.737215196,5.682321296505832,5.342919657363333,4.5651786670186105,4.165049648115352,43.46576146472936,2.228356291989213,2.1115935462049094,2.364111438203756,2.312882070987996,56.01047779710468
1600,L_TO,Transformer,2022-01-01,2024-01-01,1,0.955018113196364,1.0021898123746682,1.4233732595728046,1.521326906606956,1850188.2903090315,0.792144700497569,0.7919302495506534,1.066480446074854,1.1944944093839505,1007980.1835304836,2.6507925031093724,2.609450415729298,3.554779058490267,3.948757914692856,50.09627134730427,1.7351050203709293,1.967571034007551,3.06475308670776,3.0332793917320635,58.18887591495964
1601,L_TO,Transformer,2022-01-01,2024-01-01,2,1.0057768016459163,0.8684603105991221,0.9168898914489926,0.9910069759829916,1849148.407685893,0.8824920768136402,0.7491354893212573,0.6866257344360703,0.7339842931042265,1008521.1562593871,2.9999789825454584,2.510420450543564,2.300404333958943,2.4303142108663502,50.2314571662951,1.6773629637694334,1.4897006528541463,1.9740490636294488,2.15020905782602,58.44657424727493
1602,L_TO,Transformer,2022-01-01,2024-01-01,3,0.9376742508411748,0.9622861236625708,1.3466858074195789,1.450379251006509,1849188.3496618944,0.793428248941198,0.7806027102240329,0.9988915962076004,1.1218657010182256,1008326.1933299762,2.6611283636181726,2.577147512630145,3.3286536578460875,3.70684545323291,50.157192883391566,1.63567038537312,1.803887126140116,2.93352582135031,2.96025292518271,58.30784043622226
1603,L_TO,Transformer,2022-01-01,2024-01-01,4,0.953077480160035,0.8976961880340603,1.1368614444532283,1.2233005266180224,1849718.905434244,0.8373579394441066,0.7742271873097099,0.8205930951483527,0.9111440417105224,1008639.6486324328,2.828090460949233,2.5743101224507696,2.735565966806737,3.009611312563948,50.17359164567821,1.5368038439830272,1.4821499226972403,2.55418821771415,2.630296865260817,58.32393798607639
1604,L_TO,Transformer,2022-01-01,2024-01-01,5,0.9133170075168934,0.9205232983634212,1.280884961223808,1.3818855108817203,1849303.1992240832,0.7867675302682546,0.7638414931329793,0.9453988986301028,1.0631934133142176,1008248.7104342688,2.643070052483063,2.5253981720143552,3.1499165084884706,3.512380800484437,50.165232020072025,1.5256652287441823,1.6468595767132346,2.806192196256007,2.842797962474584,58.3492944556829
1605,L_TO,Transformer,2022-01-01,2024-01-01,6,0.932344364792568,0.9469829020539976,1.3132753806173911,1.4147634210318465,1850227.2271271683,0.7968479038956526,0.7792605791058107,0.970133649311648,1.087955047971,1008856.8917879728,2.6745221994270616,2.574715680548658,3.232499964544413,3.5941447811469978,50.11002255107704,1.5873472170996932,1.7244062039122436,2.8747344105134145,2.913212015913588,58.17024849831674
1606,L_TO,Transformer,2022-01-01,2024-01-01,7,0.9328175061628836,0.9354373935048286,1.2875235397499043,1.3799912015293965,1849241.4524369545,0.8080269132731274,0.784490869752163,0.9470741221624172,1.053724111310826,1008190.3821669756,2.715576874522143,2.595320000311618,3.1558527858119807,3.480784889215579,50.20123724415099,1.5363038288550217,1.6348569630737555,2.832984654278515,2.8713899778581635,58.44586121770309
1607,L_TO,Transformer,2022-01-01,2024-01-01,8,0.943844480910788,0.9493472453381948,1.3036179626628948,1.4026672035355323,1849336.093661929,0.8134551962513519,0.7910439063911361,0.956628577791662,1.0696450929506331,1008463.15700238,2.732666613382108,2.616108543872311,3.1873034133065774,3.533075733341514,50.19062548110333,1.574381517697116,1.6832328110571697,2.876085074946247,2.9234954261853137,58.358213209522006
1608,L_TO,Transformer,2022-01-01,2024-01-01,9,0.9661883736554356,0.888645648637876,1.0823326524078214,1.1637822963004605,1841785.687626352,0.8510550628906669,0.7743371163340331,0.7811997396210617,0.8620467580405381,998407.7820897044,2.8793470876504426,2.579339448942576,2.60574639625781,2.8481345733598262,49.91564046641564,1.5587165299474837,1.434581503359312,2.4323770095053434,2.5203067355314177,58.64721224011159
1609,L_TO,Transformer,2022-01-01,2024-01-01,10,1.11865211123442,0.866486033392109,0.5375522478527898,0.5266593570105258,1844494.4496622847,1.0082060873489818,0.7447200029810239,0.4481155095037626,0.4516762373457939,1003588.4929113456,3.429166058434659,2.5094262704891124,1.5328080890875038,1.5208635885925337,50.3756710506489,1.7038026623231797,1.533363206994428,1.0357387136416971,0.9241851932107013,59.316124553362
1610,L_TO,Transformer,2022-01-01,2024-01-01,11,0.9344154911137056,0.95629682454655,1.3417501476759968,1.438434897631036,1851532.467602885,0.7918443119842269,0.7788131576966943,0.9954830953764778,1.1119709884727764,1010004.5731115196,2.655712898882384,2.571383364547274,3.317266426593382,3.674054455041341,50.035701657036256,1.6236764761635143,1.778195283513014,2.922217072000884,2.938831778478951,57.88308338114151
1611,L_TO,Transformer,2022-01-01,2024-01-01,12,0.9563716043378864,0.9032954151714988,1.142371467267486,1.2356413005119509,1850878.890669315,0.8402278137380538,0.7785213453697996,0.8245996511905527,0.9202197165293068,1009775.805835348,2.837489943741923,2.588301840167852,2.7489440786426944,3.039522242395709,50.133572474581534,1.5413981150892793,1.4936224075247015,2.566433328090872,2.6572523815863667,58.09936376047056
1612,L_TO,Transformer,2022-01-01,2024-01-01,13,0.926628700679224,0.8703996262372072,1.1177880888080332,1.206766327557703,1850156.1592334749,0.8158827106590196,0.7545288838449574,0.8097459403980953,0.9061480365909336,1009809.8730009756,2.7563004286283643,2.5089838250357133,2.6991768605142057,2.9935172773611725,50.27054043320626,1.4867990088398155,1.416338838829858,2.502183177414965,2.567982394903236,58.34940794581185
1613,L_TO,Transformer,2022-01-01,2024-01-01,14,0.9315977492816074,0.9353596310381264,1.2984607984583063,1.3907152957709312,1849992.8442188816,0.8017861965889748,0.7780156302772975,0.95532967010753,1.0644729524250005,1008660.6809556432,2.693228489188796,2.572851068612664,3.182967247592641,3.516235989124159,50.12741928875407,1.5595222980294523,1.6649760939583826,2.855704154951596,2.8827591172461005,58.22979821743301
1614,L_TO,Transformer,2022-01-01,2024-01-01,15,0.9298304388259466,0.9211613660082084,1.2469247849807663,1.3484786574380594,1850412.327043264,0.8076177795216545,0.7765568505130667,0.906875516649808,1.020339166851403,1009082.5870036058,2.7174465520178246,2.571372137015448,3.020831216797633,3.369475876009251,50.10828743595531,1.5250569751613037,1.5910102005152114,2.778377117859566,2.8400635360626376,58.11455045667543
1615,L_TO,Transformer,2022-01-01,2024-01-01,16,0.9227428645413992,0.9384376852440705,1.3163693902395084,1.4093548493197343,1845100.1344447064,0.790002218912825,0.77320058754058,0.9774114505930424,1.0884809396206765,1002219.115112562,2.6516358285394013,2.554668337020588,3.2573745995467203,3.596461932067033,50.0087992742262,1.5645982494598598,1.704981591227991,2.8640646827704943,2.883946916998228,58.55492571000992
1616,L_TO,Transformer,2022-01-01,2024-01-01,17,0.93964798289367,0.8828482263389351,1.1333195971952144,1.2154304094588906,1849174.1336479888,0.8248273726385879,0.7597465578719446,0.8149213432303688,0.90606297879064,1006402.1051627524,2.785462512728168,2.5257618058898568,2.7157142147232003,2.992430931828168,50.10943946909007,1.5182604240343065,1.4655601573232335,2.5570162726820977,2.610091561186088,58.32065270803649
1617,L_TO,Transformer,2022-01-01,2024-01-01,18,0.9345955907927496,0.9529952909762944,1.3315508630135362,1.432201442638163,1849926.7178372208,0.7939662806905461,0.7786779065384791,0.9864873225619138,1.1053851825057488,1008912.1314468732,2.663373069463949,2.5715182882171965,3.287181588935638,3.652111595704228,50.14031876224837,1.6144210862983317,1.7605458929691131,2.904902201006948,2.933191494983162,58.20983254725801
1618,L_TO,Transformer,2022-01-01,2024-01-01,19,0.9320261617449772,0.9684540489540344,1.3698887636361117,1.4697056659433438,1850907.8701675544,0.7814968187425876,0.7753481306590709,1.021566217869844,1.147405114577383,1009328.6808569584,2.6185106624436894,2.557238773005268,3.404464241715431,3.792278606428006,50.06169891264097,1.6579525638370447,1.8596262910514565,2.965862384956498,2.9568708616122232,58.02227531420318
1619,L_TO,Transformer,2022-01-01,2024-01-01,20,0.9378404826164256,0.9044870121124596,1.1835058777159293,1.278325260491942,1847227.672759042,0.8216159655786514,0.7765621124191779,0.8551650154455629,0.962293739907638,1001398.4583322528,2.7697222694199386,2.576950723031344,2.849277764273049,3.1783351196510505,49.917019280387805,1.5116517148645925,1.4990366240948476,2.65666423548555,2.7104492532745903,58.51133065732166
1620,L_TO,Transformer,2022-01-01,2024-01-01,21,0.9401589395829288,0.9547431780377617,1.3230424012081206,1.4106124989833864,1850783.631265388,0.8062822767306341,0.788356998013543,0.9747128727236134,1.0801510201813511,1009308.1644374504,2.707252482929672,2.605498224687696,3.247716860511604,3.568040153787684,50.0834458670669,1.5877153403447846,1.7262418009686846,2.905508070364549,2.9226194441539004,58.060498685845765
1621,L_TO,Transformer,2022-01-01,2024-01-01,22,0.9134497412536784,0.8948321757888703,1.218894223771135,1.325540366880234,1849732.2397405785,0.7922021377719175,0.7531389467550665,0.887284285650036,1.0080246543344642,1008971.676468182,2.666465053760562,2.4951035265179784,2.9554426662748936,3.3293239846815683,50.14245743058364,1.5076856715519389,1.5552152431468176,2.712778463620011,2.771219785362563,58.16357381566783
1622,L_TO,Transformer,2022-01-01,2024-01-01,23,0.956685666781632,1.0046040509938252,1.4278838133010676,1.5226915658381517,1849118.915560199,0.7941084819720479,0.7944309833143883,1.069458934550373,1.1949097589855204,1007976.7892734824,2.657371072796641,2.6177559247818487,3.564708947666927,3.950074813405799,50.17153475939662,1.7350764941125485,1.969721531628416,3.076060791581934,3.0387779121571743,58.40749298090498
1623,L_TO,Transformer,2022-01-01,2024-01-01,24,0.9536675213327808,0.9961586346270924,1.4171861586373131,1.5096963085208377,1851176.225529155,0.7923059928503672,0.7892713575721697,1.0606866774107766,1.183357509746125,1010186.2481136784,2.6517730465193767,2.601196723370901,3.535327764517333,3.911706918046969,50.46431798417168,1.727160883717485,1.9471548466118525,3.0555541918814844,3.0182447781843025,59.046911816480495
1624,L_TO,Transformer,2022-01-01,2024-01-01,25,1.1803340816941896,0.974548330869548,0.7979512505412265,0.8179982002758077,1848593.564843304,1.0361276241341837,0.8353678848057924,0.647557445539939,0.6476781959147836,1008772.7887770184,3.532052736160607,2.814064980473383,2.1931186790167296,2.163266407072092,50.31223430576629,1.98030943449176,1.734998838788012,1.5476748737943442,1.6334918469314297,58.55675459929122
1625,L_TO,Transformer,2022-01-01,2024-01-01,26,0.9109950027255777,0.6904409689175548,0.5468330610369536,0.6419844418372768,1848771.370262551,0.8082902649616881,0.6083434936616311,0.4343833484386197,0.5083105139408021,1008115.2748334116,2.750308911319908,2.0475564342351245,1.4694856271387975,1.6954764356980407,50.94861930609411,1.4721296182612738,1.1360076412799984,1.1065099787386143,1.2901336891327164,60.40104521537402
1626,L_TO,Transformer,2022-01-01,2024-01-01,27,0.981565439275446,0.8812078183407539,1.0168586720137276,1.088650375538153,1850189.27800703,0.8642014707577244,0.7702445893999468,0.7378781162214304,0.8043272477964938,1009913.5959270792,2.929896707677396,2.571861048913615,2.4641200008577613,2.659463958099166,50.26017179333716,1.601862694358463,1.4274819886560273,2.273470386012638,2.36667379007516,58.30093308859314
1627,L_TO,Transformer,2022-01-01,2024-01-01,28,0.9564772870827112,0.995586111322796,1.406219945707675,1.504914393332101,1851748.6361442031,0.798677234188784,0.7937679080571499,1.0493227022921503,1.1749701343759034,1009707.7960997042,2.674110540009496,2.61691416469086,3.497198931831718,3.8835345127824574,49.999192036342045,1.7138217375001117,1.925070081548795,3.0430071416964912,3.027952561214514,57.83811791874152
1628,L_TO,Transformer,2022-01-01,2024-01-01,29,0.9548219119734824,0.990032063496826,1.4177196419607236,1.4974442154438532,1822429.90374322,0.7967526453689341,0.7893002769369912,1.059090193199738,1.1685007251622646,991819.3219146468,2.6676988762075537,2.6024161009587776,3.529897596271877,3.862040756279509,50.992294389038,1.7137912952545225,1.9147804105283588,3.063939531342827,3.015249626343453,61.90173310933966
1629,L_TO,Transformer,2022-01-01,2024-01-01,30,0.955681215912256,0.961255488472937,1.3052144883396235,1.39970159164562,1849409.2793376893,0.8245339309436271,0.8034302794486707,0.9545771603938212,1.0632392728535245,1008758.9002599836,2.7701569939492554,2.657584091081461,3.180403202190848,3.511716860880558,50.20729409189351,1.5899754143842677,1.6926796122680503,2.891176531826214,2.933196184069168,58.338901273045984
1630,L_TO,Transformer,2022-01-01,2024-01-01,31,0.9033289429863788,0.8899922687087685,1.2136127887075734,1.3136314457880416,1850250.711301356,0.7892015369437486,0.7550365661441963,0.8862585232015027,1.0001267176260016,1008921.1899371676,2.657160167094512,2.5013888748462056,2.9523547327824686,3.303368518648484,50.112950315084106,1.4597346842848486,1.5152393961498989,2.691883164336304,2.743095120174264,58.15923286553132
1631,L_TO,Transformer,2022-01-01,2024-01-01,32,0.9457398434654776,0.955378066911774,1.3195298472107089,1.4101236200508658,1849680.489261006,0.8102997098548415,0.7907193429980672,0.9713492338302342,1.078302159714917,1008806.7177193896,2.7202428343692424,2.613577790696377,3.236497144865793,3.5618370558896024,50.174322209508645,1.6004391715911763,1.7186816675145833,2.900647151041549,2.9276325252408064,58.2783513580488
1632,L_TO,Transformer,2022-01-01,2024-01-01,33,1.03733558030181,0.8995087920789808,0.937328808322832,1.0163876420241071,1849453.6187567664,0.9093140771110334,0.7758308056190207,0.7062823742093051,0.753462440310991,1010458.0456522574,3.090954960675509,2.5996292997429404,2.367952880709088,2.495660328862729,50.41243778736547,1.735285114095923,1.5436134936474597,2.004305444437233,2.204179715776075,58.60426817602649
1633,L_TO,Transformer,2022-01-01,2024-01-01,34,0.9398744874177334,0.9638503133957228,1.3476164752711957,1.4397018895388491,1848987.4733458809,0.7954803918931393,0.7837576244836929,0.999359490453856,1.1118510552487346,1007989.5359885488,2.667520774079896,2.587430451650126,3.330185873233369,3.6735626801544665,50.18588266971966,1.637636407942228,1.79770334874017,2.9368261458596434,2.9458928761677914,58.42241216829835
1634,L_TO,Transformer,2022-01-01,2024-01-01,35,0.9507031834018288,0.9672521131210484,1.3429149325914227,1.438658250111826,1851121.7339245423,0.8091663755554331,0.7936107312246787,0.9915794492451442,1.1037897902539835,1009727.011079117,2.7147002301184826,2.621522585174456,3.304111868153058,3.646290617883018,50.07430493304231,1.6347849570055726,1.7720344720094725,2.9416875537205223,2.972947108879526,57.98381156288204
1635,L_TO,Transformer,2022-01-01,2024-01-01,36,0.943689871085404,0.7687716317538074,0.7113412590487367,0.7985540812436004,1851064.7562042973,0.7756598217234586,0.6474067284634998,0.5829804657993367,0.6393635938551299,1009209.8877023202,2.6525393811077924,2.1832645138929845,1.962625346797372,2.1257783710291736,50.84198494493422,1.8693922785439747,1.4357660948647295,1.3417328278028169,1.5601974687042055,60.103837891104384
1636,L_TO,Transformer,2022-01-01,2024-01-01,37,0.9221026895811424,0.9305259457058525,1.287594952359002,1.3867679292793065,1850248.47768254,0.79755042825037,0.7771258705211219,0.9520525156294094,1.065788885227455,1009018.2684129436,2.6795363853123217,2.569879570382861,3.172807580099772,3.521228254889032,50.16611868845637,1.5240246270489328,1.6417868567650848,2.8158171514870487,2.858842829762259,58.28843279618076
1637,L_TO,Transformer,2022-01-01,2024-01-01,38,0.9338749586745316,0.962962703679455,1.353342495198605,1.458196254656491,1849508.4253286445,0.7879189256670884,0.7778734148650781,1.0060240015664068,1.132546041939618,1008637.5713899776,2.6414611145296267,2.567015872803126,3.3524792872190186,3.742586067458367,50.16559914200543,1.6387790294436686,1.819127298747163,2.940936350108484,2.957793989533263,58.29175691775679
1638,L_TO,Transformer,2022-01-01,2024-01-01,39,0.9459754729995228,0.9713822329890336,1.361696569495464,1.4550166717220518,1850196.7846832443,0.7987906153522087,0.7878627871240749,1.010817967557771,1.1255018277104114,1008835.8730924072,2.677823008051705,2.600437826585752,3.368490693012232,3.718888520141083,50.107429709334895,1.656385884511696,1.8205885300355669,2.9641667111127865,2.970023398690921,58.171985656320615
1639,L_TO,Transformer,2022-01-01,2024-01-01,40,0.9025055876370466,0.8998845659098464,1.2595593265453928,1.349567075581413,1850922.327937811,0.777680906491222,0.7478744337526205,0.9267077518961636,1.0369299492867026,1009504.7110938884,2.614082187116144,2.4740553106807965,3.0871694672291805,3.425419997611982,50.05743008499953,1.509458652661121,1.6060605352144126,2.7691255633858045,2.780332083736179,57.9678620607502
1640,L_TO,Transformer,2022-01-01,2024-01-01,41,0.9340555265584024,0.9129116206176636,1.2161398303684348,1.3160693596361617,1849737.7112696767,0.8168422756926653,0.7791439523033507,0.8832611650713117,0.9929963274770252,1009167.0345992978,2.751527379832132,2.583273447708647,2.942811855129034,3.279521837514638,50.20111071882479,1.5082809200210348,1.5333936271319388,2.714115310947221,2.782507463692917,58.26823378351922
1641,L_TO,Transformer,2022-01-01,2024-01-01,42,0.941578721269086,0.9567021557306996,1.3353654631267862,1.43306527072702,1835224.736585748,0.8013998237822783,0.7845413136736491,0.987536966897025,1.1026269306830576,994062.3728997026,2.6887023373953856,2.5915306100827245,3.2906430801770283,3.642693517390852,50.022854663225104,1.6191896645616772,1.7545558061154445,2.919578644354826,2.948766641200752,59.31598096468813
1642,L_TO,Transformer,2022-01-01,2024-01-01,43,1.0705864212021252,0.9295447322758116,0.9410608153607216,1.0082953325261783,1850347.91608346,0.9373356116935856,0.802115886877355,0.720964299723308,0.7593759747279191,1009585.7449645142,3.187131804587937,2.689137816595608,2.42011932496363,2.518255212075744,50.20403125077997,1.7983166127775896,1.5962256704003668,1.9681996580749312,2.143755748740193,58.29427441748677
1643,L_TO,Transformer,2022-01-01,2024-01-01,44,0.968788659760772,1.0156863498951725,1.4464873702021062,1.5325156224399248,1836018.7877006284,0.8016081807803651,0.8015229337490414,1.0849645975763538,1.2027092262903225,1000930.5589825042,2.68152575069471,2.640735471788355,3.616673721813864,3.9758929843854873,50.699817972202965,1.767630443403766,1.9980376368405284,3.1105190360721395,3.05803609243878,60.20067221318263
1644,L_TO,Transformer,2022-01-01,2024-01-01,45,0.9358774464153222,0.901067322953558,1.181964949085386,1.268534957469182,1849419.3647851264,0.8198401622024996,0.7738921566832502,0.8543894471219153,0.9536996013720136,1009399.742211673,2.764815097047152,2.5685970884798714,2.846754538457096,3.149948351875844,50.261338872598905,1.5119131197130111,1.4931974951704,2.651961006651151,2.694328229579504,58.32501517806862
1645,L_TO,Transformer,2022-01-01,2024-01-01,46,0.9399070302545997,0.967499032908236,1.361032415301101,1.4593479903144286,1839126.1637766303,0.7935854279366074,0.7829111747661909,1.0108543174235165,1.1306455901894534,1001602.535235942,2.6606062968767827,2.583910837480713,3.3685947142118247,3.7360487083274,50.1227753763263,1.6466526136642103,1.821549684712704,2.960837403460108,2.971520726613536,58.75300617259857
1646,L_TO,Transformer,2022-01-01,2024-01-01,47,1.188308493913223,1.009257788049606,0.8169796942050322,0.8349175192972645,1847722.21783773,1.0422647409222092,0.8681621956903075,0.6558169040809,0.6541986995220553,1007988.6589522542,3.552300962581282,2.9245008083129345,2.220723479609649,2.184680998634664,50.354872733143374,1.999049859217373,1.7817309755389068,1.618096689271166,1.696927120164451,58.763658950842526
1647,L_TO,Transformer,2022-01-01,2024-01-01,48,1.1694800942949906,1.0039193963270845,0.9170810970159432,0.9532095110352528,1849875.5166899604,1.0161020641802765,0.85932141009007,0.7344182013038564,0.7442664457339724,1010154.1433289272,3.460212249440431,2.888418072438147,2.4766265137517545,2.47843608766075,50.35767590637548,2.018521783205698,1.7815704861110635,1.801042595412923,1.935468853011306,58.5685307419378
1648,L_TO,Transformer,2022-01-01,2024-01-01,49,2.33672085232759,2.066728407079778,1.5360723060113106,1.3296214892190037,1842089.5678329167,2.2233801773040875,1.948664119726368,1.354915900036127,1.159833056406926,1002686.0585803564,7.508121556887644,6.507806091728176,4.622252509398751,3.918614455769181,50.67182206356456,2.482074006015268,2.34354347465515,2.5186433308346983,2.249776672276957,60.06107179098545
1649,L_TO,Transformer,2022-01-01,2024-01-01,50,1.0040313984465872,0.9001843039013533,1.0213781365859411,1.093073988430743,1850116.5799478143,0.883282547047716,0.7827359504028155,0.7434637181046113,0.8071402300532207,1009290.2810736324,2.9953868453455423,2.6147781894748494,2.4844470790177464,2.6699938080285257,50.18242013882284,1.645291497882559,1.486408465673238,2.276789443050745,2.378934014178093,58.27115444322335
1650,L_TO,Transformer,2022-09-01,2024-09-01,1,1.6534111085442196,1.608831321918018,1.4797875907377054,1.4856473567218071,839247.1526438004,1.3883237852222987,1.3640991655467594,1.1990933089302191,1.2347203966176428,794764.1766675587,3.309384047526672,3.2245432048731213,2.8673055231759914,2.9345915472147728,92.24756482839624,2.1076311949890134,1.9820266111131275,2.0404676150099528,1.926697137014288,50.06642213257238
1651,L_TO,Transformer,2022-09-01,2024-09-01,2,1.850711163372624,1.807481546060248,1.6858114698569735,1.708206715002531,749755.8384373019,1.551668675500301,1.5309411202736407,1.357934425589636,1.4015375526050908,711723.6621291636,3.6992210002599335,3.619507252296368,3.2465172004732894,3.3294444279416218,82.03469284087893,2.3659776494481792,2.2306516968204715,2.3509538406530863,2.280351347967191,44.68073568046244
1652,L_TO,Transformer,2022-09-01,2024-09-01,3,1.412955675617225,1.380269734042878,1.284427582025205,1.2908707283440377,746807.9290834275,1.1851744330380758,1.1785572005233995,1.0747262166432234,1.1081682227895184,709128.8468782756,2.8250977269122632,2.786630316840301,2.5742746021236087,2.63822678157696,81.7579067494538,1.809117519492876,1.6721854994365415,1.6509252190801678,1.5413745759617945,44.50040045106279
1653,L_TO,Transformer,2022-09-01,2024-09-01,4,1.6048059465314437,1.62864792026952,1.5206712598289347,1.5264531146598903,802274.9585581941,1.3588571087622143,1.4017008737259935,1.247622728612743,1.2751204569378585,759566.7703593853,3.2408844068396627,3.3162106502851154,2.9853925411431894,3.0316246646017824,88.1650970722203,2.0064814265495583,1.92934851464178,2.048100838777166,1.9644377186903177,48.29137745924383
1654,L_TO,Transformer,2022-09-01,2024-09-01,5,1.920585542556152,1.8749925863233563,1.7459819710823197,1.771667612820505,783285.6755356671,1.632294288877722,1.6156394887552707,1.4222510991622352,1.4792428168402805,738403.7841060238,3.893574821474457,3.822256813525784,3.401382425541836,3.5160203655831626,86.1308167226001,2.3715934398769964,2.205293058945168,2.383160594678907,2.2742448219993503,48.99170763724786
1655,L_TO,Transformer,2022-09-01,2024-09-01,6,1.3191075182200438,1.2577764459519507,1.1608852103486946,1.1474528663705366,777871.9742691546,1.125471717365628,1.0931140566166015,0.9931048047444948,1.008701183770332,738448.813187202,2.684434086180077,2.5861747338918506,2.380674513987313,2.4036556465499648,85.12195978452694,1.617853958330908,1.448161830736504,1.410394917887218,1.271384444063922,45.898689847934136
1656,L_TO,Transformer,2022-09-01,2024-09-01,7,0.7596807009448403,0.7064021378154944,0.6018107035281212,0.616017004934425,735061.9013356173,0.6471266982505852,0.6161971024726308,0.5345625229095591,0.5401141408448102,697125.406360603,1.5517871249695725,1.467008798699184,1.293449054005436,1.298735234087686,80.43832577991193,0.9455572669359048,0.8134823037785341,0.6615540879372176,0.7058979521453002,44.821807567520686
1657,L_TO,Transformer,2022-09-01,2024-09-01,8,1.8330591005292665,1.8705685821194435,1.7474693610536076,1.7495768553440447,826996.4412394562,1.5475885546232493,1.6058628643435855,1.4202558096272286,1.453654434532009,778690.9586497479,3.6903768772651,3.798701365920994,3.3964714273212606,3.454679588643782,91.15523745183133,2.3037430215481787,2.224202615595508,2.3957882173099363,2.271957737426039,51.87645638211779
1658,L_TO,Transformer,2022-09-01,2024-09-01,9,1.216116907210348,1.159496047563311,1.0239554827409647,1.0434791199147035,821697.1250685429,1.0673395452034675,1.032324581778498,0.8857217223007882,0.9243469342565328,772941.150062486,2.5488768810140816,2.444904740292441,2.123695765754209,2.2025499756542333,90.27741881724889,1.370475377760131,1.229640798618102,1.2088963870842575,1.1285506193405226,51.12353500092988
1659,L_TO,Transformer,2022-09-01,2024-09-01,10,1.8182408535168264,1.7788532355897506,1.656576070355574,1.6739813802825607,826002.5536523565,1.5275239995888958,1.510206564557177,1.3378199950755048,1.376993274329941,781644.644311132,3.6418588208621,3.570724865447129,3.198717606501907,3.2714075997853413,90.88672018535884,2.313412123830129,2.182308844757744,2.2991465606371126,2.2228753627777773,49.97924148359476
1660,L_TO,Transformer,2022-09-01,2024-09-01,11,2.0053187150666187,1.9769049241248733,1.826660279892062,1.8523466476641608,822568.8646466605,1.7006714235032938,1.6984651949414418,1.4803536224881717,1.5384153555507347,778231.0708033397,4.056887669655636,4.018373096041543,3.5399846811101097,3.656286982279115,90.22296650216668,2.489182451121527,2.3443419794136378,2.5186974838084257,2.407002053440157,49.0562715891453
1661,L_TO,Transformer,2022-09-01,2024-09-01,12,1.8447843678937208,1.8049667226001933,1.691028459691587,1.7071484847125855,782289.2768551781,1.5860328010805564,1.5765342546462224,1.3943488789688632,1.4464385607305352,741986.4191632108,3.78486946140397,3.7316456525882016,3.336199680545416,3.43994281934716,85.6749821406739,2.208542886447428,2.0378648096266434,2.252666547185703,2.116587038591545,46.560050280260754
1662,L_TO,Transformer,2022-09-01,2024-09-01,13,0.5854036117080069,0.5718619717615683,0.5338840548627647,0.5747223745595161,713889.665338276,0.4838196224156786,0.5240099783610972,0.4740368029352112,0.5105821099999404,677038.8193605178,1.167990059046426,1.2538474620281492,1.155098562696647,1.2325526169263883,78.05228281501986,0.7938925879682319,0.5495909671149912,0.6114866878787153,0.6534865204474356,43.6198068106652
1663,L_TO,Transformer,2022-09-01,2024-09-01,14,0.7508250413757042,0.728886490286135,0.5720102954962022,0.6203797773727839,841824.5767416998,0.5702593698695729,0.5783027170315499,0.4505177116101985,0.5177044456277758,793078.6366014093,1.3716678574763423,1.3794637244309933,1.0903118059647403,1.2440243194540932,92.4740734250587,1.1741098319883188,1.0585802502089785,0.8527971252499642,0.8196771516037591,51.10629186593181
1664,L_TO,Transformer,2022-09-01,2024-09-01,15,1.6832027957482154,1.6434885463223172,1.5107848732663425,1.5234789387564591,765456.8261048754,1.4536302619194224,1.4418952481751155,1.2584220319474535,1.2965635169424594,728559.3182474594,3.4692719451408576,3.413234135982961,3.012193817684256,3.083980652454288,83.77147392798594,1.990732321178128,1.830364777126025,1.968384378502664,1.8690081758464008,44.85040564774482
1665,L_TO,Transformer,2022-09-01,2024-09-01,16,1.7352568423066868,1.7067085943238571,1.584871817470411,1.5903139087970586,737718.3718961519,1.513022213439425,1.5160102000392528,1.3285128355256155,1.371683641185065,700949.1702039945,3.612888819776724,3.5909792311866204,3.1809735765631024,3.264632973208128,80.6210516316994,1.991800956231952,1.817311119037154,2.035882382137311,1.8791829347280853,43.51077038963062
1666,L_TO,Transformer,2022-09-01,2024-09-01,17,1.575266524097522,1.4931365382773134,1.4182235161667107,1.4401972087862367,837453.5225651775,1.3460246141987908,1.2900522858060302,1.1738648999211907,1.214550531544473,789681.9414682537,3.2109610714732324,3.0517730381131325,2.809397100735255,2.8881571674248785,92.0061491288459,1.921449092150312,1.748489224333939,1.873889045694499,1.808934881767568,51.00215827483995
1667,L_TO,Transformer,2022-09-01,2024-09-01,18,1.89141808394377,1.870153677725212,1.7250468342950294,1.754422192230458,831340.2527381264,1.5992563141781448,1.6013040542057138,1.3989366695308911,1.454014611105503,780599.2257850934,3.814055920776077,3.787587116427275,3.345252902834924,3.4552646188697045,91.48504032694838,2.3671984211566044,2.2403964245910752,2.375204862325728,2.291251210691934,52.33341184298317
1668,L_TO,Transformer,2022-09-01,2024-09-01,19,1.758726298180614,1.7722953295803128,1.6619484514849976,1.6605985523021451,820700.7938633582,1.4589255198067097,1.4941886121512746,1.335207762955253,1.3561799266447552,778343.4173727176,3.476689644933008,3.5320933129784247,3.1920457265660547,3.2213519471463994,89.69619743512402,2.305923197141563,2.2141865034467823,2.3292831463662447,2.238959367738404,47.816006088615936
1669,L_TO,Transformer,2022-09-01,2024-09-01,20,1.2318621077030043,1.1643388821319622,1.0348135218069558,1.018627786748163,789458.2020014613,1.0929947176474808,1.0517872377776347,0.8976972272331445,0.8995386880232511,748864.6955466428,2.614003358509938,2.4953441258408926,2.154832650554672,2.145968521779251,86.56059417425845,1.3378443624757552,1.1647374001515711,1.2161148106945483,1.1221357296249157,46.77320364012142
1670,L_TO,Transformer,2022-09-01,2024-09-01,21,1.2468159671742856,1.207633683716174,1.0655568388693932,1.0922032278205505,842646.6565187254,1.0921047599592764,1.0710929920006589,0.9181331029572124,0.9616470829580832,789904.4882444023,2.607864049039219,2.536393640631338,2.201159928092818,2.290984714863867,92.79867119192338,1.4139949581234168,1.2986527868401625,1.2725112899519544,1.2075354751919678,53.42275932105526
1671,L_TO,Transformer,2022-09-01,2024-09-01,22,0.6355503778021131,0.6121260749356738,0.5589137368788326,0.5786922109374428,696738.8732921825,0.5494307301219339,0.5394643666739992,0.490737124842699,0.470647599281119,656976.2365500143,1.3254112549567996,1.291252186025703,1.1969702221540328,1.1390706542876088,76.0461753415161,0.7704415780136065,0.6926226451388947,0.6662586963917452,0.8255892741992522,43.96183640348632
1672,L_TO,Transformer,2022-09-01,2024-09-01,23,1.930544248002676,1.883630324342447,1.757812823458872,1.78003188674568,838050.8549728439,1.6512629098378524,1.633071509797852,1.4388929419526455,1.4951415872777658,787456.0310070085,3.940154653712022,3.864751510261922,3.442061164670219,3.554847607177416,92.1884425644734,2.3436539817772024,2.17646040610479,2.377136588914839,2.254874429879723,52.00005859482077
1673,L_TO,Transformer,2022-09-01,2024-09-01,24,1.954567033616066,1.883059171408336,1.755248097671463,1.7825330767612948,826557.4208124729,1.664108930985914,1.6226289490710712,1.4292118648837462,1.4874107660108615,777891.3322074405,3.9699020832385967,3.838857524232615,3.41799067608873,3.535404866592714,90.94803273269908,2.401631012803472,2.214466583539067,2.397841150072118,2.291426233307954,51.52444523130252
1674,L_TO,Transformer,2022-09-01,2024-09-01,25,1.6916376467717498,1.7695205103282394,1.651834647959655,1.657260132606718,836974.8441333543,1.4190011545880696,1.5175648948966298,1.34408930844769,1.3758608508103491,789663.7622168006,3.382582721418036,3.5894326282695204,3.214403172499778,3.269658853690358,92.00170267175004,2.16232724703827,2.1119066032706684,2.259890028766025,2.157549195788961,51.02114293165727
1675,L_TO,Transformer,2022-09-01,2024-09-01,26,1.2287218268579336,1.1729601447855638,1.037742777934408,1.0066171663826795,786504.0931873107,1.0947552914377172,1.0655532357353974,0.9026658692377728,0.899948883044183,743052.3783779835,2.6172776283746435,2.526915193103135,2.1654910488452432,2.146465909863342,86.36400917686865,1.3129191301245977,1.1415717789701776,1.2087646548647588,1.0560754388196556,48.3568605142795
1676,L_TO,Transformer,2022-09-01,2024-09-01,27,1.720326371884714,1.6696761689916308,1.540922073258532,1.5515286603868454,809313.3702423933,1.5033421894178691,1.4851711510390606,1.2953433292360637,1.3408345632243666,755513.695180401,3.590143654580625,3.5180396264340734,3.1019130584247394,3.1914031952387005,89.072275087782,1.9606061369698824,1.768676517839785,1.9659834099240965,1.8228279540820216,52.94498415614565
1677,L_TO,Transformer,2022-09-01,2024-09-01,28,1.730654370655861,1.6904144454088106,1.578518631158064,1.592903915026422,790462.3678566178,1.4640224998780065,1.447770021181807,1.286609929193223,1.324901588006698,748876.842344455,3.4911608345609086,3.4240033665561698,3.0772552066577403,3.1488603498653136,86.47259424092002,2.166206601461861,2.027489803450073,2.153012938242883,2.0664573865938656,46.96410332818267
1678,L_TO,Transformer,2022-09-01,2024-09-01,29,1.1810239330476202,1.1428021573354066,1.025311958267919,1.0291266038857858,860851.523696314,1.0314672581959343,1.0138601028141982,0.8804352966564485,0.9081730472471098,809417.0273130283,2.4649907041019503,2.4030131864688458,2.1125944554624523,2.1659767760970383,94.82262029416589,1.3560203308392011,1.232949092139856,1.2407165654247037,1.134768850801524,53.60489725146264
1679,L_TO,Transformer,2022-09-01,2024-09-01,30,1.5915905983881744,1.5819409686171806,1.4729672511405492,1.4722011056801512,777223.5733816124,1.3550875191793057,1.3683198663979113,1.2141709620290748,1.2414225274997075,737371.2888874576,3.2322061482334843,3.237339101516452,2.905434340472808,2.9521882283419654,85.0458088565583,1.961725112667872,1.846875720981315,1.964729864345213,1.8511584987989635,45.99424208672937
1680,L_TO,Transformer,2022-09-01,2024-09-01,31,1.6021022118559682,1.5473064798593292,1.4373235417094667,1.4483702207274294,744995.6256598725,1.343918371627139,1.310109497700018,1.1788319153613664,1.220961189731316,706894.7228191566,3.203310291171684,3.096603202004515,2.8205345065012466,2.903836895812069,81.52809702121215,2.049292946616351,1.9169741300876668,1.9344037053824483,1.8171641000809784,44.58050069300612
1681,L_TO,Transformer,2022-09-01,2024-09-01,32,0.9994687169590952,0.9216246464993892,0.812335727888532,0.7812050884540994,845923.8273968473,0.8823920379515445,0.8234382255215164,0.7277668770069231,0.7187454874545643,793360.4551632266,2.1092825118173573,1.952410450412184,1.748927532648722,1.7178745552443202,93.17324986982014,1.1089344954093654,0.97112889321617,0.8493965185475776,0.713215088706185,53.66459190862649
1682,L_TO,Transformer,2022-09-01,2024-09-01,33,1.6832307260378838,1.839808660075141,1.4368625612898538,1.3970917679502564,823944.8328653877,1.4295819321050018,1.631247045529615,1.1895011902764263,1.194963751450422,771977.9433810734,3.409970660751258,3.864376240852776,2.846933365325059,2.8433675759005754,90.73625520441924,2.088054089246194,1.971124541823084,1.8983250245473,1.6905803500780798,52.7833546169278
1683,L_TO,Transformer,2022-09-01,2024-09-01,34,1.7600566922919207,1.7261910655173431,1.5979423122974945,1.6256385033947212,794206.7138122632,1.4726555732447375,1.4602757182208044,1.2891152081042925,1.3374745123089904,750943.260622196,3.510268523264563,3.452009624546968,3.0821729534599567,3.1775858522835967,87.31059618124856,2.2623195810379766,2.13834954691233,2.2222457982104475,2.157653402730617,48.75431640270872
1684,L_TO,Transformer,2022-09-01,2024-09-01,35,1.6254128537458834,1.5479372038432946,1.3952660284044467,1.4809972162498783,855396.0785966738,1.364413602540706,1.311366533684134,1.1414250915380764,1.2346929708857708,802936.1045340872,3.25225341699978,3.099618309214028,2.730600393795912,2.934800580701019,94.18956539599888,2.0738418990189302,1.9121197241580148,1.88658398006148,1.907049668996396,53.64412827863231
1685,L_TO,Transformer,2022-09-01,2024-09-01,36,1.5403970059398846,1.5043266804260722,1.4007759603787762,1.415158761022152,826643.8979457155,1.268789937760726,1.247720828203507,1.138355217712946,1.1696042594054472,779891.2239125608,3.022623078469417,2.9473215880089465,2.723857822895667,2.7807198740210914,90.84794795646872,2.0512393606321404,1.9544248614038369,1.9169090257306725,1.855851692966176,50.338854853264
1686,L_TO,Transformer,2022-09-01,2024-09-01,37,1.8824482696867872,1.8370508322872137,1.719334885387028,1.7187276269049443,822986.488717829,1.589640465421979,1.5687862137862882,1.392335645218006,1.419550481379958,780851.0108275779,3.790898339421556,3.710184915069791,3.329311678805896,3.37293144593702,90.19230912928847,2.363766888067148,2.217435869610128,2.3737220303900384,2.2619896805468467,48.11365712869576
1687,L_TO,Transformer,2022-09-01,2024-09-01,38,0.6220796051335912,0.6007282410149717,0.520061175036195,0.5561827202877244,711047.7512126726,0.5101516671562898,0.510077149982025,0.4418047292910444,0.4755206740422139,672816.8725199894,1.2279629378633945,1.218488961862855,1.0740994101086945,1.147000472537992,77.75986355186471,0.8515553146581369,0.7522616997175651,0.66877226312453,0.6981555439463143,44.107773663277214
1688,L_TO,Transformer,2022-09-01,2024-09-01,39,0.8260084909262037,0.7781820055660209,0.6870595421152287,0.7004717838633866,726027.5421269772,0.7280876411954829,0.7123525633527713,0.6278402245845439,0.6507048387557,687712.1570680443,1.7441798919099325,1.693790094685687,1.5156126043450742,1.5607406790919116,79.44275174844856,0.9229254352732372,0.7319735347343661,0.6622365581293922,0.6120841589280603,44.49862140982792
1689,L_TO,Transformer,2022-09-01,2024-09-01,40,1.7527716017493749,1.7035986926135835,1.5944898618727856,1.5965833542747212,779687.4092340141,1.4926150352500935,1.4693179992095744,1.3066657372391834,1.334872248718067,738180.6317415939,3.560437537635076,3.4760261797474787,3.125868391212265,3.1731517682253365,85.42516131674294,2.1558261168515034,2.0025504419452145,2.151369232148584,2.047297202719274,46.84981318646365
1690,L_TO,Transformer,2022-09-01,2024-09-01,41,1.8489853582071067,1.8296919270544707,1.7005103876869994,1.7304317725794882,819596.8502497975,1.5604245076135188,1.564878605586036,1.3785648137622708,1.4337325993026362,775316.1909891024,3.7209283537404505,3.701051004215505,3.296405752133838,3.406954321709724,90.02951615494774,2.3258742441857776,2.199306238269476,2.3429373629738253,2.261319255499516,49.38670531728313
1691,L_TO,Transformer,2022-09-01,2024-09-01,42,0.7671512929675023,0.7178760838195606,0.6240505784115098,0.6417587113197831,711704.6165801524,0.678352342171843,0.6566390224089368,0.5793090845630705,0.592880027425119,673564.1066505772,1.6258660488400178,1.5625906846241704,1.4004739703348157,1.4239715856838708,77.83028138477604,0.8504113369957067,0.6809167214134452,0.5560718816021023,0.5852308212940165,43.95153712322061
1692,L_TO,Transformer,2022-09-01,2024-09-01,43,1.6270911885003143,1.5742892662037369,1.4506729918277206,1.4702607757995496,761366.6188823582,1.408335509855288,1.3827755333172196,1.211864190381335,1.253764737342006,723496.234944898,3.3620376676058763,3.2739741617583875,2.901727156222243,2.9830318707469106,83.2328040489969,1.9125586730686883,1.7487225827814663,1.87880567141167,1.7965706381116096,44.63103099989841
1693,L_TO,Transformer,2022-09-01,2024-09-01,44,1.7650651823023311,1.7020081885395903,1.569136023275202,1.578305869957951,844797.1850477742,1.5274911188388365,1.4962212879196068,1.3054996704728523,1.3463260230837522,794430.8326733403,3.646257202959017,3.542475442969722,3.12490912651426,3.202821112961981,93.09582956275491,2.07384426984533,1.882381303163504,2.050303309724508,1.924502016357936,52.7632525705336
1694,L_TO,Transformer,2022-09-01,2024-09-01,45,1.5920994875144023,1.5526833597075926,1.4583039628956278,1.4692218755273756,768646.6448240116,1.3520014363674309,1.3355979513595608,1.2017264927061064,1.236334786099908,729026.668173197,3.2247675356263703,3.1594658592512204,2.876062406302237,2.9401996839954383,84.09211129416789,1.976087464089091,1.8437358936929844,1.946332831748557,1.8572838885955265,45.369014053826575
1695,L_TO,Transformer,2022-09-01,2024-09-01,46,1.9195020808990648,1.919866360616976,1.7927830132802132,1.8222467393646609,761799.754328612,1.6196228757566031,1.6500498390026646,1.455766024612287,1.5170290737905086,720239.3028483619,3.8622859733682047,3.903535919892397,3.4812787875576805,3.6056271376980433,83.60029518539433,2.4153265929114083,2.2748578948037643,2.462399398482276,2.3550490701595166,46.89865187959569
1696,L_TO,Transformer,2022-09-01,2024-09-01,47,1.7460700746786717,1.6790228569876549,1.5838709305175405,1.5847363877559169,806624.4222801897,1.4393662357717092,1.3864445148433104,1.2595646591022358,1.2786758069838884,757530.7383773493,3.429580618775354,3.275000295065545,3.010804358392529,3.0365478054357653,88.70588701654606,2.3205865640564176,2.203421070639589,2.2603599934553893,2.187317087977468,50.68086763194805
1697,L_TO,Transformer,2022-09-01,2024-09-01,48,1.5565988220896758,1.7061743548448565,1.6119850476015856,1.5969317042819224,809339.34939056,1.297401063858377,1.444300316357568,1.3023582498575843,1.3143212686491812,762993.8944070229,3.091870867115721,3.4143393158883524,3.1139800299946176,3.12264056811312,89.06392791218927,2.019217408185932,2.1098014625845365,2.235415309497637,2.117843789362917,50.25760880444916
1698,L_TO,Transformer,2022-09-01,2024-09-01,49,1.6755949799196426,1.6146802418829116,1.5069431324461229,1.4887700089470142,757057.8068602716,1.459877606067414,1.4316965676183682,1.2659614391758245,1.2821510264633982,720467.8722602131,3.4859527472977097,3.391001689481981,3.0316572041704246,3.051565305451927,82.84206194052256,1.92945418607872,1.7331777799288808,1.9259793075575729,1.76917992636114,44.1979410319194
1699,L_TO,Transformer,2022-09-01,2024-09-01,50,1.820877288849336,1.80237437548784,1.6844624605046756,1.6865570700655943,792201.5268115134,1.5533159040219902,1.5618417638565767,1.3816340378365175,1.416231320168268,750304.3837288914,3.705492035865374,3.695664400185807,3.30512693127654,3.366945233285953,86.87288264267556,2.228188768772441,2.0866029535239967,2.268255295634076,2.138359256697023,47.4842458270881
1700,L_TO,Transformer,2023-05-01,2025-05-01,1,4.491848807803948,5.184093400547596,5.220056545103814,4.998384764661075,912747.297082257,3.954406866891069,4.71300135565862,4.718436660132965,4.475562478187326,686106.7219744747,7.668492281162773,9.040055893113584,9.24845441769163,8.639245622314943,37.32300202921684,3.876720828545373,3.822059652572293,4.020094650079197,3.981693278787984,29.53358599010348
1701,L_TO,Transformer,2023-05-01,2025-05-01,2,4.384456908534743,5.061862406102163,5.011187356742355,4.768793066163086,910251.6331207458,3.859607868491781,4.604329829026339,4.531901597338872,4.271039198917308,686106.5531401132,7.484678601770129,8.832297333183963,8.883558525795053,8.244845740602623,37.49209000896002,3.785027615660267,3.721569532800289,3.850610868619059,3.7952850783896297,29.68271016281813
1702,L_TO,Transformer,2023-05-01,2025-05-01,3,4.3883310736057,4.964563031215111,4.837428090042075,4.6016810571954645,908229.7207038836,3.863028745190264,4.517753511417584,4.376437565911444,4.12190985990186,686106.5327635523,7.491311566724304,8.666780461503661,8.57944314637483,7.957266746491001,37.63143004975266,3.7883309913527135,3.64190207064671,3.711082388678692,3.660859625675882,29.810754656721773
1703,L_TO,Transformer,2023-05-01,2025-05-01,4,4.325701106071313,4.992313233975549,4.896300132562199,4.648651806184951,911884.190437182,3.8077108714446735,4.542452062229184,4.429141822976138,4.163850212965094,686106.6061191713,7.384051182217751,8.71399921777227,8.682542047935025,8.038143911971682,37.38112795218958,3.7349943635871257,3.664593026763809,3.758196897346144,3.6985284067793103,29.584072364011284
1704,L_TO,Transformer,2023-05-01,2025-05-01,5,4.472364397885632,5.147367777065541,5.024302996784471,4.774023441663718,910745.9906517388,3.937212180781472,4.680359493249376,4.5436253800390345,4.275702785611299,686106.5263594904,7.635152002389373,8.977650990637008,8.906492325069625,8.253838873836337,37.45835386328423,3.860063237432577,3.7918221103349614,3.861199327626659,3.7995114809792376,29.65243051655742
1705,L_TO,Transformer,2023-05-01,2025-05-01,6,4.3431590408951415,5.01677286549372,5.009351983287495,4.750978573086978,911472.3677073696,3.8231331907666735,4.564217562907502,4.530260979318002,4.255152863390828,686106.4960857425,7.41395478781845,8.755610583633251,8.880349193584793,8.214210735468038,37.40898321914497,3.749850662702719,3.684613482461179,3.8491294767846496,3.780902044041969,29.608553176980863
1706,L_TO,Transformer,2023-05-01,2025-05-01,7,4.505387688318861,5.1947316775125145,5.227159424734483,4.993126153989296,911694.5828951624,3.966354568708218,4.722456423194192,4.724776218738673,4.47088519508358,686106.3680045025,7.69165898695653,9.058132466922045,9.260856284028824,8.630226670624246,37.39392565477555,3.8882971264637054,3.8308204604626654,4.025880223163552,3.977392423278002,29.595317869590648
1707,L_TO,Transformer,2023-05-01,2025-05-01,8,4.206542815698431,4.870030987009366,4.736166546764148,4.454364982358964,908601.2291732098,3.7023902769544335,4.433575317797948,4.285705523514478,3.990238117405412,686106.6981047891,7.179836243768391,8.505848271871654,8.401954985171315,7.703352646134719,37.60569070054156,3.633836078401653,3.564798919088892,3.630454773567629,3.5433495685662986,29.78676151811377
1708,L_TO,Transformer,2023-05-01,2025-05-01,9,4.522676836376662,5.210317266538942,5.240906931280484,5.01755784224375,910723.7684618172,3.981606936227229,4.736303756680119,4.737038578887714,4.492624683569965,686106.7033444765,7.721232735381041,9.0846054659134,9.284843066593854,8.672148122894647,37.45988702620003,3.903098488326347,3.843675706314441,4.037110455808466,3.99734281521559,29.653786303385026
1709,L_TO,Transformer,2023-05-01,2025-05-01,10,4.161611972216117,4.818600995142328,4.614202512722636,4.336829693163362,907600.5530083982,3.662652517740337,4.387752320464753,4.176286043351403,3.8850342726520655,686106.5845782358,7.102785774461401,8.418244195929034,8.187911733983674,7.500479900360777,37.67524773214517,3.5957996155681724,3.522973079658715,3.5340613787545583,3.450313864116618,29.851970987587524
1710,L_TO,Transformer,2023-05-01,2025-05-01,11,4.612756139742252,5.315439034124354,5.4193930998462685,5.211513669013732,913025.2251085278,4.061053520318626,4.829672649878384,4.896147020684781,4.665088498732048,686106.7732069705,7.875278140979947,9.263108167705957,9.596087142351823,9.00472448003448,37.30436364526894,3.980310797408653,3.930516108385037,4.183433216847219,4.156307747606316,29.51757125431605
1711,L_TO,Transformer,2023-05-01,2025-05-01,12,4.343651341063339,4.998421224556184,4.906862882920117,4.644748810252904,909251.3603408464,3.823569131093141,4.547888702871475,4.438596662679308,4.160368526946934,686106.6759816658,7.414800313815628,8.724393267949267,8.701037939085515,8.03143048199745,37.56078091789652,3.75026584122487,3.669586373634632,3.766659092971632,3.695384929232332,29.74526356491162
1712,L_TO,Transformer,2023-05-01,2025-05-01,13,4.292660555965241,4.9620551316216925,4.880790892321085,4.640235120598577,909478.5494374108,3.778517279067548,4.515521393450507,4.41526093792502,4.156336783181074,686106.6753994783,7.327445309783598,8.662513158688355,8.655388662270553,8.02365523119013,37.5451317874959,3.706901836309517,3.639851389405292,3.745766945473767,3.691769759292253,29.73089940301337
1713,L_TO,Transformer,2023-05-01,2025-05-01,14,4.1905883930031305,4.843742930883602,4.688504311666576,4.401560364223249,907804.9981803524,3.688281706592366,4.410155637687814,4.242964524741262,3.9429911596228657,686106.6951938521,7.15248013194388,8.461074669565829,8.31834628435068,7.612242633029026,37.66099418458109,3.6203218125134256,3.543408445534578,3.592686399957046,3.5014676340276827,29.838501716183305
1714,L_TO,Transformer,2023-05-01,2025-05-01,15,4.36475540203799,5.043741479336991,4.987360278467191,4.750580302251067,910018.3017717784,3.842208991613991,4.588211034475809,4.51059971674289,4.254798064886809,686106.4960857424,7.450942525323646,8.801481415094528,8.841888326771578,8.213526635912459,37.50806834751978,3.768239222213839,3.706709243276346,3.8313937129094366,3.780579393680081,29.6971849383444
1715,L_TO,Transformer,2023-05-01,2025-05-01,16,4.3802534819037655,5.069685580520073,5.023484664637637,4.791819983726468,911291.7072602772,3.8558951145235287,4.611287296508204,4.542892864874461,4.29156851903122,686106.6649201042,7.4774794550545,8.845598442554525,8.905059122302182,8.28443383104753,37.42125683555159,3.781447843615456,3.7279912902303214,3.860542732693721,3.813900800888238,29.61940764302011
1716,L_TO,Transformer,2023-05-01,2025-05-01,17,4.483299239047781,5.119187119847567,5.219508833056871,4.96757085917562,911652.867290406,3.946862778483625,4.655307727003919,4.717948538790052,4.448136308361103,686106.6457079183,7.65386450061956,8.9297571495424,9.247499706993018,8.586357546735274,37.39677854855629,3.869408642298618,3.768641539862769,4.019645661429395,3.956565460982802,29.59781357663684
1717,L_TO,Transformer,2023-05-01,2025-05-01,18,4.353884890254261,4.985184999124876,4.8814245863212,4.693999980468943,909822.9794667978,3.832609627811928,4.536110491925538,4.415831752501114,4.204328458039257,686106.6352285441,7.432329942990727,8.701875957532332,8.656506185779588,8.116202735664576,37.52147243686859,3.7589743062767424,3.6587524810177823,3.746259969676688,3.734963674350645,29.70933226808557
1718,L_TO,Transformer,2023-05-01,2025-05-01,19,4.298157794984168,4.9520557333509645,4.831711915919594,4.570521546296139,908020.8279122008,3.783375738288321,4.506620790890219,4.371320004099652,4.09407823201978,686106.6730707285,7.336865945521559,8.645497129154553,8.56943266216815,7.903597038034636,37.64597166573354,3.711570993779842,3.6316793703448127,3.706510652749137,3.63591614076965,29.824383227543272
1719,L_TO,Transformer,2023-05-01,2025-05-01,20,4.369547209325171,5.046781187720142,4.979986498881201,4.736125775676123,908589.9940239224,3.846440610147307,4.590914645840271,4.504005699672518,4.24190516894976,686106.5083116792,7.459147466443134,8.806650082088826,8.828989111240274,8.18866394865961,37.60644891757357,3.772322812977866,3.709202871401966,3.825454353635066,3.768921563868071,29.78747367434092
1720,L_TO,Transformer,2023-05-01,2025-05-01,21,4.226179656398209,4.878900249853356,4.692280779266656,4.428990178941603,908121.766030614,3.719754111135441,4.441476509006759,4.2463517837589935,3.9675379721708186,686106.6049547964,7.213504557368648,8.520953949275793,8.324972296664784,7.659578283323023,37.63894711052304,3.650475066402011,3.5720174066535755,3.5956751770327604,3.523204980853176,29.817797031272264
1721,L_TO,Transformer,2023-05-01,2025-05-01,22,4.248147464564648,4.899848298607649,4.803014648967095,4.529775058351934,909425.722714666,3.7391749926017535,4.46013420184896,4.345613693236272,4.057665704273427,686106.5694413618,7.25116128562979,8.556623748251026,8.519146082088886,7.833379190237124,37.5487405429114,3.669106105929207,3.589084072215897,3.683622904393645,3.603379026340124,29.734183268953245
1722,L_TO,Transformer,2023-05-01,2025-05-01,23,4.265712491311214,4.912747976561158,4.802280095263161,4.55171924427737,909475.8382825598,3.754701419090936,4.471622200521761,4.344956523543317,4.077277434923921,686106.6253313575,7.281266795484997,8.57858658268905,8.517860745831191,7.871198336055994,37.545311527776,3.684012867818928,3.599600222908032,3.683033915918928,3.620894127627376,29.73106708233224
1723,L_TO,Transformer,2023-05-01,2025-05-01,24,4.579783911680512,5.266610896381087,5.38506991398596,5.175772747329862,912219.1102190206,4.031977271524753,4.7863102998159714,4.8655656961237685,4.633323898212296,686106.5874891728,7.818899569155521,9.180207658207818,9.536264231185392,8.943469659126672,37.35851070744905,3.9520299720925167,3.890148618200759,4.155214467548022,4.126937485669406,29.564320582418063
1724,L_TO,Transformer,2023-05-01,2025-05-01,25,4.476396458580597,5.152852738675019,5.158614645727771,4.92559831058866,910488.915278996,3.9407699961617766,4.685234602051145,4.66360020115722,4.410764743639053,686106.7318716613,7.642050423831524,8.986971130196517,9.141184314120457,8.514290336741356,37.475912697046105,3.863511695405017,3.7963376094853993,3.970055723664482,3.922400016213937,29.668158355446185
1725,L_TO,Transformer,2023-05-01,2025-05-01,26,4.3680873863861045,5.023283970994008,4.926826124115817,4.660365451396885,907663.9911219706,3.845151603849254,4.570010941589303,4.45645767752889,4.174307076028293,686106.701597914,7.456648163063195,8.766686419731101,8.735976883114366,8.058308937987505,37.67083282631998,3.771078165159041,3.689945520856132,3.78268946772057,3.707933993902933,29.84779596304563
1726,L_TO,Transformer,2023-05-01,2025-05-01,27,4.2524610784204215,4.895310165773172,4.795998236547432,4.519053344229852,908838.9192149192,3.7429891431371054,4.45609348747232,4.339329996813801,4.048084781523015,686106.6002972968,7.258557082398923,8.548898947581925,8.506854597183365,7.814904036709809,37.58923346369662,3.67276268354194,3.585381632206536,3.678022641205867,3.594818736527904,29.77149733803496
1727,L_TO,Transformer,2023-05-01,2025-05-01,28,4.458211572924233,5.132399716403624,5.152126595433274,4.908690870978877,910734.175253588,3.924722744247896,4.667054931615858,4.657810877488964,4.39571124281262,686106.5880713605,7.61093551269711,8.95221563608146,9.129860078339137,8.48526218338889,37.459169379180494,3.84796395948321,3.779503043133466,3.9647687390772814,3.9086385514786826,29.653162829834645
1728,L_TO,Transformer,2023-05-01,2025-05-01,29,4.233348636032324,4.889263944845712,4.732603896175199,4.4604499240116855,907364.961278948,3.726092145706063,4.450707375929328,4.28251201579599,3.995681697887304,686106.6847144776,7.225793849540025,8.538601496355998,8.39570807635945,7.713850161001296,37.69171261309007,3.6565540804962353,3.580459501329973,3.627625155650297,3.548180505151161,29.86756495635237
1729,L_TO,Transformer,2023-05-01,2025-05-01,30,4.179255390267591,4.827424006296919,4.598631873040612,4.300136580963955,906226.5485871452,3.678261180081226,4.395616704880046,4.162307597893183,3.8521626109457263,686106.2469095121,7.133051165350388,8.433279738549864,8.160568104963104,7.437091349547027,37.77162890292517,3.610718546086035,3.53013412614625,3.5218065883395364,3.4214059387707616,29.94423521368992
1730,L_TO,Transformer,2023-05-01,2025-05-01,31,4.3577444236777145,5.013726531373624,4.931965940596067,4.67207053665324,910604.4624857804,3.836017118391662,4.5615077382618,4.461056804097768,4.184755466948023,686106.610776671,7.438936678107891,8.750430121176402,8.74497380014021,8.078457730675701,37.46800159996055,3.762266249281384,3.682115747399696,3.78681488519322,3.717336622177226,29.661045777119416
1731,L_TO,Transformer,2023-05-01,2025-05-01,32,4.313987251112884,4.96001336032643,4.856296832879647,4.576732730638593,907635.1390977436,3.797361202741196,4.513703221113739,4.393332402718204,4.09962447308361,686106.5758454239,7.363983238724645,8.659037000460291,8.612492284887207,7.914291721841509,37.67282209752556,3.7250329337099015,3.6381860224661513,3.726167074478597,3.640893741153653,29.849666004118685
1732,L_TO,Transformer,2023-05-01,2025-05-01,33,4.410362588444301,5.093337503764232,5.08322964247176,4.851041859368817,911688.0314064226,3.88248323368016,4.632323226648477,4.596281709617043,4.34435440223837,686106.4227301235,7.529033748952328,8.885815382620757,9.009497812044058,8.386226075190269,37.39437256843063,3.8071149890141633,3.747400982271875,3.908858144445438,3.8618420658780863,29.59569729736157
1733,L_TO,Transformer,2023-05-01,2025-05-01,34,4.2476708133614105,4.867770518629916,4.772829578901574,4.458143019452085,907374.7730367,3.7387540924858937,4.431562520625689,4.31856920013748,3.993619227548847,686106.7027622889,7.250345260682718,8.502000434526993,8.466242544847788,7.709873154315557,37.69103171698045,3.668700263558701,3.5629549461218817,3.659580730311272,3.5463439139156185,29.866923882570767
1734,L_TO,Transformer,2023-05-01,2025-05-01,35,4.258480432451045,4.9133937159813765,4.797649532358535,4.5280066157644505,907103.5217675504,3.7483094940112696,4.47219761672329,4.340808903171941,4.05608688100965,686106.7743713456,7.268873056543919,8.579686756195624,8.509747455549018,7.830334996324689,37.71002733316249,3.6778724378210033,3.6001253111381546,3.679340377634032,3.6019617085093354,29.884999956275145
1735,L_TO,Transformer,2023-05-01,2025-05-01,36,4.260823777140065,4.904288247827315,4.79636936273935,4.515252551244435,908399.35266143,3.7503803127156505,4.464088460460315,4.339661113048114,4.044685458937409,686106.7545769722,7.272888230396942,8.564183532437367,8.507501953562167,7.808348391486421,37.61969001178908,3.679863113978165,3.592702938803652,3.67832391814309,3.5917955856135526,29.79978381898431
1736,L_TO,Transformer,2023-05-01,2025-05-01,37,4.437676015508851,5.113088800990559,5.112308779509981,4.864118938685486,911884.4943039042,3.90659584117178,4.649885684603856,4.622255408126133,4.356006032503711,686106.9635822681,7.575787596222231,8.919391265331049,9.060306972861126,8.408694875478778,37.38116557779534,3.830427171705977,3.7636292065483454,3.932433917671084,3.872448595900461,29.584120495499416
1737,L_TO,Transformer,2023-05-01,2025-05-01,38,4.326617635553009,5.004038922564967,4.9257809256601135,4.684015950483435,909367.4738852996,3.80851838730956,4.552884607080912,4.455518452352711,4.195409975586427,686106.4599901206,7.385616452960006,8.733943669943129,8.734138570872862,8.099002313750647,37.552737180695885,3.735781798410581,3.674196847261401,3.781866647154661,3.726966028523289,29.7378600040129
1738,L_TO,Transformer,2023-05-01,2025-05-01,39,4.3235047668288855,4.977335702549638,4.891293918401717,4.612455069658281,909660.1334998428,3.8057721886657903,4.529124109460327,4.424664631227624,4.131535791331074,686106.68878979,7.380292493653871,8.688519267329678,8.67378470076287,7.975830202916458,37.53266391262607,3.7331198365728726,3.6523351720139874,3.754170293156674,3.6694759193555497,29.71953564178912
1739,L_TO,Transformer,2023-05-01,2025-05-01,40,4.313152509784142,4.962271706483311,4.851623639231475,4.5748773837431,909343.304904475,3.796624292548029,4.515714153952371,4.38914916942059,4.097968212362127,686106.5770097986,7.36255452248321,8.662881675873173,8.604309380933167,7.911098103526784,37.55442650394657,3.724320818136078,3.640028451028136,3.722426036357852,3.639404797446794,29.739416321764896
1740,L_TO,Transformer,2023-05-01,2025-05-01,41,4.575116715074423,5.256218175975962,5.31545719284944,5.106525748934146,912472.8705485142,4.027863741406856,4.777081886772772,4.803524623122073,4.571766843530044,686106.662009167,7.810924070002899,9.162565376525585,9.414901925130534,8.824765102691611,37.34144793204158,3.948019416036292,3.881553516257466,4.09807860529643,4.070107838553271,29.549533167121755
1741,L_TO,Transformer,2023-05-01,2025-05-01,42,4.383117576685792,5.039268603720839,4.972216950989872,4.718763318895478,909865.3708438922,3.858422657684848,4.584229458382421,4.49705457142338,4.226413656306117,686106.4547504333,7.48237994605383,8.793868805779686,8.815390641711144,8.158789481688888,37.51851962894106,3.783894773926756,3.703052971809464,3.8192098306754434,3.754939228446213,29.706619358765867
1742,L_TO,Transformer,2023-05-01,2025-05-01,43,4.311495536754022,4.96355391403139,4.847758643434815,4.584633336199975,908781.5863653875,3.795160363581915,4.51685563884227,4.38568889975123,4.10668374831757,686106.7394400984,7.359716002556722,8.665063998659202,8.597540573347013,7.927905101456549,37.59321391704168,3.722911647469572,3.641075759794199,3.719334423507344,3.6472081795726647,29.775170747485635
1743,L_TO,Transformer,2023-05-01,2025-05-01,44,4.454955491001901,5.15635918110092,5.217439930401309,5.036711238442863,913692.6298610744,3.921848824680489,4.688352959542863,4.716103755988223,4.509669068122096,686106.224786389,7.605363033289445,8.992933230344164,9.24389129271476,8.705016783561852,37.2596760511556,3.845182147329086,3.799216681668988,4.017953232778371,4.012979457986046,29.47953088554668
1744,L_TO,Transformer,2023-05-01,2025-05-01,45,4.296998440255919,4.95819811921015,4.876891605463635,4.585021697916969,909161.5539241692,3.782350357174785,4.512087740749622,4.41177017716774,4.107029709729372,686106.62474917,7.334877544309877,8.655948615129795,8.648559997788121,7.9285720283473085,37.56695757666788,3.7105889096859976,3.63670126094492,3.742646075112023,3.6475227682974696,29.750931211555336
1745,L_TO,Transformer,2023-05-01,2025-05-01,46,4.213576683964941,4.857422901761695,4.684267152941143,4.396178453167006,907388.6065151534,3.708611491901165,4.42234465584106,4.239164674422986,3.938175330977008,686106.4006070002,7.191899403088812,8.484377837679576,8.310913378910652,7.602956189633289,37.6900250829743,3.639790345806136,3.5545322279454736,3.589331119072204,3.4972020896123626,29.865983306612552
1746,L_TO,Transformer,2023-05-01,2025-05-01,47,4.419019689191049,5.073957539220324,5.057565114618231,4.8049343991542885,910639.4329421796,3.890126166346791,4.615088228522026,4.573352328443407,4.303262398362933,686106.6963582268,7.543853196806855,8.852865443378466,8.964643868425243,8.306984837463352,37.4656395361978,3.8145023551329897,3.731490765786425,3.888080001747882,3.824496883907059,29.65894662152794
1747,L_TO,Transformer,2023-05-01,2025-05-01,48,4.256348274497597,4.917890750532333,4.790590285414593,4.513499289582023,909435.058024933,3.746424164284283,4.476201508939107,4.334483091395701,4.043117842433041,686106.568276987,7.265217287015864,8.587341251069768,8.497372745267842,7.805325340999376,37.54811557283438,3.676065239663725,3.603795714545494,3.6737215260930607,3.5903994152455274,29.73365394046573
1748,L_TO,Transformer,2023-05-01,2025-05-01,49,4.299617720910919,4.9474565930356365,4.845532706628948,4.572929356391001,908914.5321750038,3.784665938526567,4.502526633214246,4.383696849793582,4.096229646533229,686106.7662207212,7.339367657877202,8.637669948392205,8.593644055071021,7.907745873424493,37.58402899280628,3.712811290596036,3.627922338431876,3.717550730871473,3.637840274867676,29.76667397578833
1749,L_TO,Transformer,2023-05-01,2025-05-01,50,4.316154729754827,4.986971055647426,4.862434908851938,4.600128210346763,908924.0621164596,3.7992776988473262,4.537698832928667,4.398830390685917,4.120525186037636,686106.6462901059,7.367699615756138,8.704912244305783,8.623247963068584,7.954597070744604,37.58335318348565,3.7268710296740566,3.66021844044541,3.731066563500484,3.659607352343304,29.766059346828257
1750,L_TO,Transformer,2024-01-01,2026-01-01,1,0.5984128298453313,0.733512920215425,0.5943978266509017,0.9304909328937104,798244.5092025141,0.4881946331913028,0.6236391882341837,0.4931775544340046,0.7973129445935965,527164.3029885244,0.7930829653237502,1.0088208757136972,0.8078992739493646,1.3016267014979188,52.16419069898281,0.558097724615365,0.6297543546985844,0.5410927145816947,0.7917365659579673,107.37193605301496
1751,L_TO,Transformer,2024-01-01,2026-01-01,2,1.0984498396928586,1.6024140526479516,0.9600499477827932,1.7567546548373263,797137.0426820943,0.9485837472963043,1.4231635974716794,0.8273496880123303,1.6025806944657537,527727.0625264841,1.5483662625927732,2.302246790120396,1.3611221121370922,2.612304929760454,52.27131119922379,0.9116029682218356,1.1985952331301304,0.8094815055745587,1.1848051054820314,107.21136799642235
1752,L_TO,Transformer,2024-01-01,2026-01-01,3,0.522600107169631,0.7364799802211984,0.5282640837411212,0.9618879028754296,797935.3267052358,0.4183137865652914,0.6353533356216535,0.4400210591932705,0.8412024283638648,527416.1432591715,0.6803214213683693,1.0281347438188733,0.7217126477458421,1.3729593711612138,51.97852901172308,0.5073074215957516,0.6085431347195863,0.4791219320706504,0.7706420734155518,106.63908318566956
1753,L_TO,Transformer,2024-01-01,2026-01-01,4,0.5838748904335659,0.6542112842721926,0.6586304606595255,0.8360096963210614,797008.9274844582,0.4920948932152666,0.52765399430811,0.5558022806566155,0.6810282323464115,525944.063364543,0.7997516597304586,0.8538773104696726,0.9097898286709925,1.1121656063698793,51.694376320569525,0.5077546222601025,0.6310963154309086,0.5749822652180371,0.7998957729247312,106.01698169691733
1754,L_TO,Transformer,2024-01-01,2026-01-01,5,0.5321654549221584,0.7859787167969914,0.5064542823806314,0.9748931093397688,798597.1640895702,0.4387498097445897,0.6769165336678834,0.4122238061991813,0.8584793743526933,528698.7493576304,0.7141467000937474,1.0954539340449103,0.6767722434785353,1.400854044223914,52.344715335575486,0.4894174737673485,0.6514705567277475,0.4836971398062905,0.7626097482003045,107.60421505063448
1755,L_TO,Transformer,2024-01-01,2026-01-01,6,0.8229488304553395,1.226614108027016,0.6919898012199931,1.428111758248812,798605.4408843118,0.7025503411083184,1.0801745772618458,0.5715912021186987,1.277790975649041,528888.6387688766,1.1465936076043328,1.7479581325981968,0.940211100232492,2.0842203785521085,52.28797541765176,0.7055466980276822,0.9483955734294012,0.6462103640265223,1.05125852715063,107.2212880807294
1756,L_TO,Transformer,2024-01-01,2026-01-01,7,0.5494771108858011,0.7888393614873883,0.5438715057491795,0.959826921775411,797951.8411852508,0.4466887653101625,0.6789320563251674,0.4478964086894462,0.8344896690864566,528383.0404073829,0.7270722208246897,1.098631873363816,0.7344932585173676,1.3619382916207836,52.44717909150194,0.5199390700982616,0.6558403575697228,0.5055261108224525,0.7834795491568356,107.82750115881186
1757,L_TO,Transformer,2024-01-01,2026-01-01,8,0.6045497751594942,0.815929318782553,0.6178843749492552,0.9835029775207166,794882.4564561017,0.4983528950671096,0.6797868437639345,0.5263882009437763,0.8150522218155529,522581.5916187876,0.8110860834658666,1.1002210738097364,0.8635267938374485,1.3311351694440396,51.74011507513181,0.5565393285869741,0.7370358725898014,0.5315632119194,0.907749582769882,106.26768051813838
1758,L_TO,Transformer,2024-01-01,2026-01-01,9,0.7748399289740685,1.1062374520279092,0.7316222361661466,1.2746789467270232,793126.4791752613,0.6281813277937867,0.95812517484911,0.5968745305874312,1.1087937264416925,519160.1706780722,1.0249848247509028,1.550629543304614,0.9818082419756308,1.809521690683264,52.890452644981,0.7441838596132009,0.9040746981146716,0.7008653609213723,1.0371363382302785,110.44758817899812
1759,L_TO,Transformer,2024-01-01,2026-01-01,10,0.7527832776542109,1.1681041575020137,0.6919263008757222,1.3646866391259396,795875.8644698453,0.6315339407899948,1.0215172942158524,0.5645536791899016,1.2180688625401996,523572.5155619348,1.030779468401653,1.6533575181314788,0.9293151936290918,1.9871362080219857,52.08427574356213,0.674239066779105,0.924310799706092,0.6647277253767478,1.0149415828030952,107.1971021937266
1760,L_TO,Transformer,2024-01-01,2026-01-01,11,0.5511975608588159,0.7526157052781399,0.54074402643108,0.8950297334201452,798831.1795167297,0.4551948621731029,0.6464339465182779,0.4464684589853464,0.7837261292984986,528890.9365086834,0.7400936009428174,1.0456962281570508,0.7309595574777722,1.2787852428530404,52.35353205743299,0.5030490133426243,0.6274822963183756,0.4958977586908979,0.7129932198795064,107.73423357873754
1761,L_TO,Transformer,2024-01-01,2026-01-01,12,0.5829728666171684,0.6888987164252777,0.6522710042755996,0.8940731291539451,801192.6652466475,0.490655372514478,0.5537436921489006,0.5495090209885052,0.7297413180116654,531384.5253725684,0.7977248387374406,0.8962023049903373,0.8997027674883733,1.1917628557462014,52.57387081604885,0.5096703970672064,0.6686390598983067,0.5723215508462004,0.8517613284658946,107.5631089408054
1762,L_TO,Transformer,2024-01-01,2026-01-01,13,1.294064053751669,1.793804594335638,1.1481360406601622,1.933693380879376,787638.8356748304,1.1098806680832165,1.556874322032226,0.9878656863128364,1.7190843127150224,518173.75269034144,1.8118750604896383,2.520024352979449,1.6249534869306177,2.803667036331253,54.53662311981765,1.0954714568902877,1.4527556234797152,0.9725613923338396,1.4555636203776203,115.4987268247394
1763,L_TO,Transformer,2024-01-01,2026-01-01,14,0.7566410403317142,1.1663933729988132,0.6162740905821882,1.321709425741496,798349.994582837,0.6415852530143892,1.023124918791233,0.525288047684956,1.1843067740425488,529112.6537973693,1.0464909993965028,1.65539720903423,0.8631343197001087,1.9313769276037136,52.64021990595714,0.6575489636439293,0.9121784127837416,0.5323781416651985,0.9652796683853146,108.41424886153584
1764,L_TO,Transformer,2024-01-01,2026-01-01,15,0.5921113933097941,0.8704998012765747,0.5540484635101026,1.035486713453908,799350.9884674753,0.495713113169234,0.7489297535907241,0.4532912504785625,0.9063554340017826,529421.766324788,0.806653133157388,1.2118091448380472,0.7438163549270737,1.4789538141015013,52.57622801783855,0.5259711166770958,0.7231615648157602,0.5226336198306961,0.8255424289689297,108.2970502191826
1765,L_TO,Transformer,2024-01-01,2026-01-01,16,0.5986258789834098,0.5577677699596019,0.6881664663361305,0.7395975507181607,797568.5380734974,0.5095875468262141,0.4471838574709778,0.5946456184374014,0.5942190773843748,526369.686402107,0.8269109609430366,0.723212125109142,0.9722285590476798,0.9704658093508464,51.681751303177016,0.50449288812502,0.5430169983947356,0.5609986581179291,0.726407698921164,105.98341571455953
1766,L_TO,Transformer,2024-01-01,2026-01-01,17,1.0259993712068385,0.5884132025962658,1.1075822267461934,0.5601844029278298,797323.7405929315,0.9108735497033404,0.489852576454394,0.9991894705372648,0.4797879385223763,526365.4174237062,1.4765440735145448,0.7875089171257809,1.63204778029417,0.7797624009867935,51.93928895794282,0.7578892946080922,0.5200354102533022,0.7723732530328287,0.4695978452301991,106.8158915023854
1767,L_TO,Transformer,2024-01-01,2026-01-01,18,0.6599122322367751,0.5606318148848244,0.6977144835990933,0.7235165529234148,797288.3486728027,0.5582277336666119,0.4450737997731055,0.6047035666631189,0.5764449806294183,526119.4848779927,0.9049523431323888,0.7192599698028751,0.988414868607566,0.9414140924110308,51.90089008260382,0.5637351995184401,0.5537037527429172,0.5627877924609102,0.7208358164134123,106.67344043390752
1768,L_TO,Transformer,2024-01-01,2026-01-01,19,0.7907739934685222,1.2277833304287311,0.74204666864758,1.393150010065748,796733.4800810401,0.6869319858671038,1.0876712055400963,0.6394216013446121,1.2540369090946066,526854.7955643785,1.120627384562914,1.7599267233884326,1.0515681899652214,2.0451469716082253,52.23737852606749,0.6435667366191073,0.9293463185906944,0.6245761610943348,0.999226209955058,107.505229043041
1769,L_TO,Transformer,2024-01-01,2026-01-01,20,0.6639254754502159,1.0191831051852274,0.6303507971329,1.223002981206235,798887.841421679,0.5469295397310929,0.8899122767269908,0.5192050277378103,1.084834054913447,528183.066901327,0.8921088220071791,1.4401657995208106,0.8541787369484161,1.7698791605951203,52.14320210183156,0.6169462067599585,0.8106689587409224,0.5929904225723114,0.9312280568081288,107.12629616245708
1770,L_TO,Transformer,2024-01-01,2026-01-01,21,0.72201816059479,1.051328111899429,0.6687527708439779,1.2098414065359422,796512.8812876807,0.6022381867010639,0.9155542064257202,0.5470625426683464,1.0578603121212504,524753.4270164631,0.9818368025433232,1.4816647792638475,0.8993230638303996,1.7263942498543086,51.97189588453457,0.6523075352287289,0.8452227955555675,0.6352716003351833,0.9685556653013954,106.9394005406578
1771,L_TO,Transformer,2024-01-01,2026-01-01,22,0.5697723715106753,0.803153090935468,0.5645893005821142,0.9877026568161976,798178.3074466244,0.4580495852685021,0.6906283303829944,0.4628819605737455,0.8541940102266833,528127.5574515642,0.7453281590565976,1.117468253387416,0.760017674801145,1.3942390796702862,52.20770223437563,0.5498918488273526,0.6695784701836135,0.5320043073967513,0.8190358595045192,107.19339207695865
1772,L_TO,Transformer,2024-01-01,2026-01-01,23,0.6159453659561266,0.7459050558954877,0.6238548532704566,0.918531315403221,797415.1067061082,0.5236947585326616,0.6123964206678042,0.5281761617164648,0.7606859957072364,525526.5030098434,0.8509276392353611,0.9909889222480848,0.8654913100198669,1.2423745066548015,51.886453376143685,0.5231666927821277,0.6946709968128211,0.5423344578281776,0.8491311225972072,106.57826134470842
1773,L_TO,Transformer,2024-01-01,2026-01-01,24,0.8890994771280983,1.3608694645950998,0.8440517759423133,1.501613857854078,798318.8640674986,0.7562255332227171,1.1925001220286773,0.7192261271004339,1.3422082260871595,528745.3254546269,1.234290194903346,1.9299246919008013,1.1832483556923648,2.189304739942817,52.303054448168126,0.7694303623944577,1.0690362107913618,0.7346375122148047,1.1091333436521789,107.08227970139777
1774,L_TO,Transformer,2024-01-01,2026-01-01,25,0.574738567302472,0.8056504456796723,0.5868008149971274,0.9812119719964604,797822.8099158729,0.4673526563648939,0.6897810508916851,0.4908849214732261,0.8422181907287879,527190.1849493752,0.7601117087999452,1.1161360147842945,0.8043875968666662,1.3748552112915506,52.10049314773002,0.5418516416054072,0.6799972135751152,0.5253559521497378,0.8312670135776795,106.9453226325899
1775,L_TO,Transformer,2024-01-01,2026-01-01,26,0.5861783707535013,0.7213003355599398,0.5929109101440091,0.9179024709419118,797360.4890497109,0.4745682498977871,0.6171418653529195,0.4956152899622405,0.7906296929672114,527022.8568218857,0.7708041338432734,0.9982524753229324,0.8115559038475187,1.2905908501455106,52.25135671277857,0.5545033086369451,0.6089665795324442,0.5297605432253825,0.76976531953884,107.58962297264787
1776,L_TO,Transformer,2024-01-01,2026-01-01,27,0.5724379636938164,0.914105448486531,0.5604854024027286,1.068064664627946,797490.2920781572,0.4461165914811081,0.7753070208504506,0.4704631745604232,0.9195181615597586,527066.9734261805,0.727648726390535,1.255239073075336,0.7723079961530506,1.5010365779664625,51.87299651353917,0.5873290628832082,0.7903731442993269,0.5022313775923503,0.8965923111944577,106.12909628257026
1777,L_TO,Transformer,2024-01-01,2026-01-01,28,0.5976233010394928,0.8818475531041149,0.6004661258721695,1.0773774604592323,796728.7356778651,0.483591230559563,0.7488860477343969,0.5070434765038165,0.9199298380112992,525540.8039127531,0.7876943461867789,1.212161558605663,0.8319752826570902,1.5018874327892744,51.84791839053341,0.5728067956651723,0.7608750721988355,0.5290358887053902,0.925374920528962,106.4294373294786
1778,L_TO,Transformer,2024-01-01,2026-01-01,29,0.5862028415028081,0.9161000235425746,0.5312552698359595,1.0889483618205693,799383.260620908,0.4812584337271107,0.7932679924427418,0.4336065621912681,0.9603116378621784,528873.1766399392,0.7841412003031508,1.2838438479661567,0.7122913485945529,1.5669946270097237,52.23245641734796,0.5465391132563856,0.7469676105665428,0.5060300073619902,0.846252963596008,107.37185933144676
1779,L_TO,Transformer,2024-01-01,2026-01-01,30,0.66982665532359,0.7086535613418412,0.7241064883389026,0.8878334927759004,797668.5681755315,0.5733254761582903,0.5601085810644392,0.6188751599870613,0.7122083687730715,525666.1496755296,0.930857523538099,0.9060334197182396,1.012452056520261,1.1633222405469736,51.64487382704325,0.5575201729191092,0.706806569322516,0.609990249565999,0.8732930052089675,106.068051116765
1780,L_TO,Transformer,2024-01-01,2026-01-01,31,0.6966515719517254,1.0131903154050983,0.6707049235807369,1.2082712383578562,803777.2497198504,0.6009015682694799,0.8870768813347448,0.548652106976683,1.0615416059931029,533215.8886499999,0.9780453518773488,1.4352847850066663,0.9012309467819694,1.7322307909833023,55.144242321468674,0.573142364377379,0.8001557771262786,0.6339314164296033,0.95097465107249,115.70725723215875
1781,L_TO,Transformer,2024-01-01,2026-01-01,32,0.5244794502006275,0.6303252571235028,0.561359896829288,0.8423249494399625,796858.6317893894,0.439424868278882,0.5318123410204078,0.4777916487220743,0.7142569454425914,526753.8013504206,0.7140160879245374,0.8605236341377939,0.7823931714814754,1.1661384325421609,52.09344207553921,0.4615804889692569,0.5528477730654867,0.4805173072693762,0.7378825531894075,106.99169278518504
1782,L_TO,Transformer,2024-01-01,2026-01-01,33,0.5466906909607714,0.6664192688295592,0.6160820906904394,0.8575223801243569,796862.0242391109,0.4602151515011013,0.5410446130038774,0.5253920900382811,0.706144190140103,526081.9664438575,0.7481553290781455,0.8756489296571938,0.8600005312175674,1.1531512490074896,51.73150482585237,0.477079411858586,0.6349162353298882,0.5236001111496786,0.8026515275498427,106.07655355909938
1783,L_TO,Transformer,2024-01-01,2026-01-01,34,0.8113672806770463,0.5008412016614285,0.9096959260380648,0.6046776369146694,797510.0296901356,0.6827735714277473,0.4412047627745778,0.7937492282973262,0.4766603155798035,525956.1753613834,1.1067619562211914,0.7118596021243105,1.2966905980955,0.7777470400486596,51.61037716727101,0.705821038414008,0.3828596321160517,0.7192505691503862,0.6120185108153037,105.825245194995
1784,L_TO,Transformer,2024-01-01,2026-01-01,35,0.6229886956038698,0.5033197736926824,0.6916640363219021,0.6220373647867543,798347.992245644,0.5040239606301855,0.4301953223733787,0.5990916656881659,0.5111113210401766,528531.3972667492,0.816306201894914,0.6943009614263675,0.9786730514610326,0.8340441755698322,52.3855883466385,0.5867265688152846,0.4222866720020516,0.5582326311419257,0.5836792735800034,107.89609945807382
1785,L_TO,Transformer,2024-01-01,2026-01-01,36,1.624341714645276,2.124065980222664,1.4697923013038705,2.19616391626232,809220.9405177959,1.3588413678460154,1.826229026415452,1.2640480577702315,1.951958099327073,543181.9937094393,2.2168827618834146,2.954242838387753,2.076063716830153,3.180895706479228,57.94462566629676,1.456798988234093,1.7596099952035025,1.2341589515570672,1.6454183861027931,123.2422513969794
1786,L_TO,Transformer,2024-01-01,2026-01-01,37,0.7154498117849964,1.088790616196005,0.5800733527182577,1.2441014007163884,798900.522937338,0.6049593942981154,0.9516658219923052,0.4861985081062322,1.1055477994710317,528541.3293437923,0.9862859527701878,1.539755670012439,0.798261240563637,1.803233283710299,52.22762525046189,0.625531960897729,0.8616810118101712,0.5204325413651466,0.9387920284139236,107.41621310872809
1787,L_TO,Transformer,2024-01-01,2026-01-01,38,0.759786729534399,1.1647003848594517,0.5873758231296576,1.302764593610762,798993.0411442464,0.6354548634017535,1.0145104595302177,0.4954697911454523,1.1654400272178511,529096.4470559559,1.0367211314511886,1.6415850388231588,0.8141788914639734,1.900654036912146,52.41977607057196,0.6831007799283905,0.9308537538647168,0.5213008698783349,0.9575183173748264,107.87389333845827
1788,L_TO,Transformer,2024-01-01,2026-01-01,39,0.5798194954428232,0.5645839099099144,0.5861038283847575,0.7322725230601311,798333.0424865218,0.4744488727406437,0.4886102196168735,0.4950798293243873,0.6196441667444541,528361.6765443601,0.7692185920806601,0.7896748380274092,0.8096732694361145,1.0114655498007488,52.26925896872992,0.5339738683697004,0.4603027457752061,0.5085889442437935,0.6443235459468193,107.51135646200744
1789,L_TO,Transformer,2024-01-01,2026-01-01,40,0.6195377208129295,0.7489819740890132,0.6029812443378569,0.8769733731841037,798871.3402267701,0.5118257561321554,0.6400521864226569,0.4916933193010304,0.7580246648679335,527724.3648975765,0.8314190684446107,1.0350941664510327,0.8058578665815935,1.2370838034172105,52.13563166579303,0.5626992988724062,0.6336797884806687,0.5691169237888508,0.7281113942390443,107.2320039875429
1790,L_TO,Transformer,2024-01-01,2026-01-01,41,0.5996995211216338,0.8941100640147877,0.537494415161057,1.055219096298769,798945.0976932431,0.4932418981134013,0.7795527109017776,0.4405053180807738,0.9280671070220774,528379.4833414131,0.8032588572619045,1.2612396949103422,0.7227197809659773,1.514241174595338,52.15813847918962,0.5558081545272203,0.7138509601392143,0.5046934364508392,0.8274408996566409,107.2180986614943
1791,L_TO,Transformer,2024-01-01,2026-01-01,42,0.5826645367361518,0.8682155723311507,0.600925412071997,1.0654628817671958,797151.344158528,0.4813708424354677,0.7315473746735213,0.5060476810567458,0.9034822998257916,526125.1542171015,0.7838326677922685,1.1841781347839675,0.8303333180073381,1.4751411351498132,51.76020764667823,0.5350173032075921,0.7637431223314044,0.5329458482906428,0.9315864260216268,106.11283647877572
1792,L_TO,Transformer,2024-01-01,2026-01-01,43,0.5696599332544451,0.8865178928795434,0.5520858743981358,1.0800542403796731,798563.6039290959,0.456633060967296,0.7697813742587563,0.4535818797242655,0.9436357785509412,528771.3454545991,0.7439253631332992,1.245828924283851,0.7447688247437527,1.540084227321856,52.132594750776406,0.5554929104179854,0.718582242584737,0.518309183676696,0.8673626895857091,106.66205562192916
1793,L_TO,Transformer,2024-01-01,2026-01-01,44,1.0375146376182336,1.5606098734153264,1.0111925708076712,1.7535099760164636,797057.179524542,0.8897497818106501,1.3816513955427374,0.8823971807181017,1.6010909541186664,527849.5963350045,1.4524417284584643,2.235297813387896,1.4511495658182512,2.6098270904565024,52.44140379085888,0.8776400432315158,1.1806371709228765,0.8198279966540305,1.1761679047148597,107.83789682271605
1794,L_TO,Transformer,2024-01-01,2026-01-01,45,0.6091779298394764,0.7575914508934352,0.6395036136101774,0.9280384209295358,797414.3446375222,0.5107899751629328,0.6288905481427993,0.5444904509332019,0.7732282417872895,525853.9375472389,0.8304517085046228,1.0176222168021598,0.8915223094115912,1.2627137677755018,52.04326956914503,0.5371549073087358,0.6892910955519747,0.5462046407811939,0.8467693046742198,106.98432063136951
1795,L_TO,Transformer,2024-01-01,2026-01-01,46,0.5552362562290623,0.5970353167964971,0.6064169130235312,0.7845553981971617,798341.5032554027,0.4577932289617271,0.5156667131599941,0.5196728674102523,0.6685710352077792,528169.9993642387,0.7429328493563178,0.8338536110374053,0.8498827150865251,1.0914640156379642,52.05564191569481,0.504161605694868,0.4908692759894228,0.5064429350767706,0.678472107369106,106.8445690827698
1796,L_TO,Transformer,2024-01-01,2026-01-01,47,0.5834183313594359,0.803975214771618,0.5731175425299865,1.0212202365572205,798306.8714031911,0.4778445631376707,0.6923691867084221,0.4654921348010802,0.8878411012925386,528110.6050991998,0.7769384427957376,1.1201836518884294,0.7640404209392322,1.4490941322235722,52.50515355677194,0.5415439945176901,0.6670155699551117,0.5486559249261901,0.8327627376513571,108.18442359711636
1797,L_TO,Transformer,2024-01-01,2026-01-01,48,0.6005744178557917,0.8509857068216453,0.6292239603965792,1.0467469093084114,796598.1267156292,0.4968744539490527,0.6902341258473056,0.5296760647738467,0.864149575224882,525348.1627053495,0.809279136481216,1.1174902028446687,0.8688543273001436,1.4112320070956823,51.629471281133135,0.5505579474266,0.8119617482867686,0.5575835686472216,0.9731908617753968,105.73367047740088
1798,L_TO,Transformer,2024-01-01,2026-01-01,49,0.6078641384275647,0.8847526698971829,0.6165384902159359,1.0755498155359042,796633.9549417441,0.495588109012763,0.740050646950031,0.5213237500695029,0.9006452260815639,527219.2742604465,0.8074321236997578,1.19788757159145,0.8558617575863148,1.470551268798686,51.91643963562523,0.574898867559921,0.7916663923646637,0.542601904336101,0.9691511322815544,105.9779464744637
1799,L_TO,Transformer,2024-01-01,2026-01-01,50,0.5775827588259754,0.8642934241398923,0.570708216471383,1.0464906784709076,797849.1214036244,0.455582052653064,0.7431909975658051,0.477145681181625,0.9019219813979494,527050.1918129828,0.7423901834689357,1.20281691013084,0.7825228806565708,1.4722602854335596,51.90380600862812,0.5795459642657247,0.7209712964011035,0.5135628026947342,0.8760265561557411,106.40140084257422
1800,USO,Transformer,2022-01-01,2024-01-01,1,4.954965968321609,4.933676423099385,5.096801692173775,4.883450994419511,1964430.3283900167,4.205298471759155,4.23339054599405,4.341065304284584,4.215413133935336,1391364.8954815608,6.210985822137811,6.195586351204688,6.49417578529187,6.2463642820327445,30.34033312677285,4.017899999039706,3.870874724615757,4.1339270599618265,3.790291380335368,33.26356880338686
1801,USO,Transformer,2022-01-01,2024-01-01,2,6.405007059024961,6.372190216212826,6.695487726008516,6.055961100200356,1945304.3143093225,5.267598524079896,5.1393999579930245,5.6064579547679365,4.999082231177383,1368638.2809416684,7.808667002029688,7.561382550965188,8.404975138770615,7.441074086502023,30.262172524366367,5.610863695950349,5.753654486717443,5.709145835804492,5.271944809264468,34.77794066032857
1802,USO,Transformer,2022-01-01,2024-01-01,3,4.490229208447317,4.469392616596355,4.534557028958094,4.180935181085042,1954975.352207756,3.4489037940170464,3.329666972393035,3.5800018287632525,3.213911751017693,1377920.0052898668,5.129752261870927,4.917756052931897,5.376172296396877,4.798156298443116,30.681652988701448,4.41081621963657,4.541644209575297,4.335367648471735,4.116644701744927,35.8775220181192
1803,USO,Transformer,2022-01-01,2024-01-01,4,4.536442611543109,4.456548476759166,4.753635300413038,4.19465875413035,1973691.9633149856,3.4657918938841905,3.278431590348025,3.742073295332505,3.25588549838927,1397668.9321435697,5.157643123212472,4.846324442149803,5.625915550172645,4.858134608588829,30.637517067791265,4.491402128239286,4.591744375371136,4.560277711320537,4.073553722672337,34.67354734945597
1804,USO,Transformer,2022-01-01,2024-01-01,5,5.359664355875958,5.385180849478137,5.827867239002334,5.013692678872055,1865216.7050423927,4.4806741710617874,4.40833809589619,5.034840169709319,4.202879104612997,1310651.264934285,6.64121852581942,6.485724198105903,7.5392365267676915,6.25469428840007,30.4056746110416,4.527472119808288,4.71962775884202,4.592893542554396,4.217167074124029,36.47939191258997
1805,USO,Transformer,2022-01-01,2024-01-01,6,2.3351770803611496,2.2904632266284426,2.3916385186092426,2.232600014456689,1914278.661002959,1.8403442201592195,1.708863395101657,1.7972996101379592,1.7032548304215838,1346596.8665963232,2.720618712654514,2.509006071690296,2.704559357486888,2.533626360334372,29.96797713607341,2.2082972984624822,2.3184327508560787,2.4525473820912382,2.229181358354013,33.08053427137757
1806,USO,Transformer,2022-01-01,2024-01-01,7,2.1781902015675545,2.1669510782285406,2.14768581576917,2.0821827499099124,1813378.170899445,1.8499654464601,1.823368128768052,1.7118966210265436,1.6366930259861134,1282696.9754078062,2.707773442479636,2.6481936798080388,2.558492963203146,2.423916056528137,31.245046931188952,1.7210213213069134,1.750466603043566,2.0086679581122704,1.9834765813867945,38.71547055511065
1807,USO,Transformer,2022-01-01,2024-01-01,8,4.856863832651583,4.842983628297479,5.212721429919423,4.7433206333018525,1916089.7523933635,3.618006418861013,3.5851860070348613,3.975864774245971,3.729733177645524,1343650.9943220404,5.389644848159604,5.296177292516064,5.989204398348566,5.560400894542216,29.655245908950285,4.968568471079067,4.960391084789713,5.228543562410586,4.519288124860659,34.057814133857754
1808,USO,Transformer,2022-01-01,2024-01-01,9,4.951706612949564,4.899095188830311,5.151883734598038,4.77992112078241,1949064.119395597,4.010550790659908,3.873759027986431,4.264993593118826,3.945975254131158,1378055.9388209626,5.954697937818222,5.710325432324873,6.403067278579136,5.8753933329422665,30.29457660117284,4.466613226232729,4.570411158780801,4.504403082753514,4.160940223323614,33.29130196059784
1809,USO,Transformer,2022-01-01,2024-01-01,10,5.955268711768243,5.806766274362029,6.278556031951408,5.539643541343609,1924549.064229932,4.903576850642679,4.665551374456753,5.278112078136775,4.573538258259203,1360785.5401508552,7.268829067709133,6.865625918714513,7.910870659747822,6.807656613718116,30.49445258038585,5.204081239395266,5.280993979381904,5.30374245745764,4.823271829585894,35.07762157341673
1810,USO,Transformer,2022-01-01,2024-01-01,11,4.093029379476997,4.322576710895873,4.366258386039079,4.268185070006984,1949408.976071665,3.234193978655776,3.504106486550335,3.4914043367443286,3.549237006190683,1388173.514995322,4.7921439417193294,5.141314907210803,5.241805132598199,5.269332397966762,29.76094011824016,3.859717201269396,3.8816615211169134,4.082285627854927,3.669516780376779,30.52242228542232
1811,USO,Transformer,2022-01-01,2024-01-01,12,5.5496205522647895,5.529686604222745,5.975542377710427,5.291382655897119,1955359.927863581,4.488448790832474,4.377811991256737,4.9976836829708935,4.337591340431609,1388743.5909793964,6.66143558140204,6.449102543022038,7.493330219646841,6.459345732411078,30.82186125006545,5.013234186601224,5.147323176937182,5.105853083756968,4.667920888405862,35.0282894785996
1812,USO,Transformer,2022-01-01,2024-01-01,13,2.468298819050213,2.4346872125851617,2.5287754595126946,2.290319701120701,1963599.2096060377,1.9466133497034472,1.8007205949504268,1.913083500430335,1.7317098872559125,1392080.125064572,2.883770200812331,2.6516705187096266,2.8814182079475583,2.578553182991766,30.136666902591987,2.338615034475881,2.4968868681974685,2.573047865713606,2.3138111922849167,31.18751068948512
1813,USO,Transformer,2022-01-01,2024-01-01,14,3.939830624931017,3.892940426086496,4.290076159205208,3.7430934759935015,1905207.082751343,3.1693318410876703,3.031257031587024,3.584301766640634,3.028815471130577,1337508.9407560176,4.708781749744108,4.473387260345284,5.38061621418658,4.516581591324041,30.232983140448933,3.609580980931761,3.736000546617664,3.6938451713505898,3.4050217325928127,35.35473605983006
1814,USO,Transformer,2022-01-01,2024-01-01,15,4.6829939754309375,4.7386553304759005,5.034055276319854,4.615925593947177,1914401.976925144,3.907338496920656,3.864127469210288,4.332541924381798,3.877215928537836,1348409.4885062934,5.794600097298114,5.689241554329005,6.492797013757008,5.771692156579414,30.480036370280843,3.984474492510021,4.193765179761714,4.022760286198481,3.872179098109449,35.465703533399285
1815,USO,Transformer,2022-01-01,2024-01-01,16,6.079107290771175,6.0656070837845455,6.499549371222814,5.583739463942616,1932253.197970408,5.056925715849538,4.930154107774528,5.544780151741097,4.674163946064474,1359012.524185125,7.497806696667375,7.258353259061397,8.310466948448385,6.957224092435959,29.922620395161825,5.183115172766933,5.375169737326977,5.287994106501196,4.708355814416121,33.563043516729664
1816,USO,Transformer,2022-01-01,2024-01-01,17,2.4003692363804188,2.3943900486388445,2.439376182464566,2.329167346509507,1942219.14454297,1.894326156834045,1.7768391640340786,1.8352691302788224,1.7600539041434686,1371009.7469354528,2.80335322201832,2.6143406457389307,2.7627319386745555,2.6218021011275314,30.001495521982825,2.26945988974653,2.445156747633693,2.498840959381988,2.3552990998326764,31.976575408441526
1817,USO,Transformer,2022-01-01,2024-01-01,18,6.399806716472929,6.270500260061937,6.549852533113041,5.8243181005500215,1786419.7546133513,5.415885621373466,5.186549808000831,5.631361302927614,4.905608579466369,1315251.3814652332,8.018508494648295,7.624044644707999,8.43377342232222,7.29781580117853,34.64237521605622,5.257575633650488,5.383728488031739,5.23128311699623,4.842289133633128,45.13942923528091
1818,USO,Transformer,2022-01-01,2024-01-01,19,5.159800246335172,5.1487749872290784,5.301499018611179,4.90609016017392,1900900.657688924,4.115709828867909,4.006795121064833,4.324571413269628,3.9522638951226807,1337318.239953148,6.11441915108398,5.909890148851644,6.493163803778529,5.892118156583932,30.533071771035125,4.782195588834913,4.929152467642782,4.779008295868715,4.479591443113132,36.9370136490102
1819,USO,Transformer,2022-01-01,2024-01-01,20,2.304748475741236,2.400016363398438,2.12134795416704,2.263150944214292,1884476.8375133444,1.9958421397800408,2.074234633021084,1.826326121774685,1.9406487727303336,1328761.0268180198,2.898438660178422,2.978454824070847,2.688933543612725,2.8383778259270844,30.11399377126723,1.6553954332321028,1.7081410649697224,1.5984043192372284,1.7231157711398726,34.20933025559256
1820,USO,Transformer,2022-01-01,2024-01-01,21,4.683772907616605,4.594740824125605,4.887664401578325,4.456898616174673,1930411.195937672,3.622247518271621,3.450736028251903,3.9095862888889465,3.5112052984997364,1370859.124122844,5.38781814460259,5.096542178454463,5.873652145172065,5.237472721530769,30.39174212712905,4.553637483112444,4.61698758406336,4.56460710573972,4.225220593348706,34.14114451220141
1821,USO,Transformer,2022-01-01,2024-01-01,22,5.527805069271837,5.506187799053475,5.733840685243273,5.301893471582734,1867795.320722065,4.46287196729614,4.350145551551168,4.76025772159502,4.334180096423555,1310719.8429079242,6.625839762780133,6.411284275458288,7.141591717746073,6.45604614249842,30.33143269237271,5.009409609182615,5.139698578643136,4.982176062417913,4.699719457802532,37.77704535533862
1822,USO,Transformer,2022-01-01,2024-01-01,23,5.42844556418676,5.31264064917234,5.636704332108893,5.099361540644034,1899958.117180901,4.552179803816335,4.348607058658127,4.852279225767396,4.290200300220344,1336407.240763869,6.745377194826975,6.397545302971038,7.26721405267712,6.382581126536762,30.471818748206235,4.547704718130684,4.651338747339826,4.482886493545427,4.244422946824294,36.181218874387824
1823,USO,Transformer,2022-01-01,2024-01-01,24,5.594416270351519,5.702411733776768,5.68014248418105,5.486062679560394,1748092.1382037725,4.748603738535402,4.853160384394358,4.815753853989755,4.662003108017312,1278515.6145128794,7.000421499268192,7.093714185930401,7.191857117827658,6.905155828730843,32.84853540954144,4.478043086112654,4.507334511836322,4.606105066296829,4.396556045330627,43.17223660442417
1824,USO,Transformer,2022-01-01,2024-01-01,25,6.893314821008394,6.9287309541522015,7.201396896573951,6.642117987282629,1941957.3378299864,5.964091654720659,5.883802010157952,6.366919812100409,5.732862368261108,1366988.9909029887,8.812908670960143,8.630362991573692,9.514899369625557,8.511562571890716,30.30981778925368,5.285690336029722,5.541660794739204,5.228214010902535,5.135712550266549,34.21459228505078
1825,USO,Transformer,2022-01-01,2024-01-01,26,3.880385586241842,3.856284767859105,4.121710428147073,3.787026427629451,2049249.6117100315,3.095540397294299,2.990415249374629,3.3976979823607723,3.076659503490013,1469766.0645522354,4.60076578640553,4.413570473759518,5.104279815816897,4.586647766485317,31.21432721722396,3.607184752447243,3.7234671914010775,3.6509872837965474,3.419327961213876,31.82436287129482
1826,USO,Transformer,2022-01-01,2024-01-01,27,4.157713717864229,4.106634034153751,4.370936771753367,3.969578236244296,1881230.0225773563,3.104988618528356,3.0276173591547884,3.2903786837680475,3.07088461229144,1322970.1233521958,4.622951277490498,4.469808283946279,4.958681589641232,4.578873594933554,30.077769939944808,4.2490577198739565,4.236021689282056,4.4691857245648166,3.883901937418585,35.696157063876456
1827,USO,Transformer,2022-01-01,2024-01-01,28,5.31444896894836,5.452928421574892,5.722893749866413,4.921476360337293,1971381.896775983,4.237064800825038,4.305117269408356,4.719592759475228,3.9493890973786017,1402640.1297780569,6.291503297472007,6.341083009641717,7.079405261728132,5.886140421285722,31.0035678831659,4.92661127673864,5.10572653165593,5.041568801113334,4.524233941194848,35.26442001811351
1828,USO,Transformer,2022-01-01,2024-01-01,29,5.3802197612972735,5.392210029068955,5.762449034928282,5.143333806270941,1875341.7515338608,4.460802565012513,4.373879873122636,4.921388028501724,4.285888470595639,1313011.824659973,6.615918450896004,6.439654526441857,7.375751648651356,6.381397810897761,30.36257365651338,4.634880208430693,4.817707507035158,4.69402759610614,4.390605847722751,37.253751091599874
1829,USO,Transformer,2022-01-01,2024-01-01,30,4.392194679336445,4.417770333005999,4.401925008293181,4.170777112827987,1933675.9747959208,3.7723570416361545,3.821680938327674,3.781980704852336,3.6094958210379016,1371197.011905352,5.564495877007358,5.585515778354734,5.65379133461077,5.345100527112842,30.17230832504236,3.4645634345637712,3.395606523555696,3.5053574679675235,3.225149535436585,33.499034255326535
1830,USO,Transformer,2022-01-01,2024-01-01,31,4.5465371771413805,4.659163609735,4.802214306163569,4.416311389224809,1919384.70501215,3.799745691741602,3.920332368950534,4.038844258136969,3.7714810198491495,1357577.7277349234,5.625238262442157,5.752601541024086,6.055269581278014,5.600174494462061,29.86329462885245,3.843427050493621,3.857365437907343,4.037753810772888,3.5565947861949616,32.77859822923921
1831,USO,Transformer,2022-01-01,2024-01-01,32,4.4468022867182615,4.207584617225538,4.637936234701154,3.607016174285589,1869110.3444218235,3.770905534325576,3.449440944895793,4.032144762110881,2.9728137119710127,1316287.2594753678,5.587499093349556,5.077841458364655,6.041112531232887,4.430216575917818,30.44748085551304,3.640142086549445,3.6894049588435465,3.599799606844693,3.1683956031351497,36.12085979561338
1832,USO,Transformer,2022-01-01,2024-01-01,33,2.327261694217592,2.282414533983945,2.3821524251813733,2.1948325226385497,1925979.488212595,1.837788386500496,1.699916421048011,1.7915512173305828,1.6845254521899424,1357490.7875533758,2.717005416195468,2.496153500830052,2.69596554373086,2.5042693288753823,30.02520576437084,2.1943590270923696,2.3151154113319405,2.440585776949612,2.173355822095043,32.5493030693344
1833,USO,Transformer,2022-01-01,2024-01-01,34,2.528842613670671,2.5246094155671406,2.594552227788612,2.4519903694861656,1891828.413053511,1.9872357081484684,1.8547983769749496,1.9798406817266845,1.8623459219554577,1332362.8843031523,2.9459891288596496,2.7345029491492605,2.982056189053908,2.776805387282574,30.091230412845054,2.409864021978753,2.6092775001421447,2.6114522815981323,2.4639332447436737,33.92297549466756
1834,USO,Transformer,2022-01-01,2024-01-01,35,6.477165403254749,5.976158881756616,6.694874332801671,5.822512825998887,1899609.55097786,5.53998162013136,4.940057864714637,5.849748216686317,4.951795318482172,1327016.3130548452,8.197373269176895,7.264796688596085,8.753421761400922,7.363055047569575,31.96707444190696,5.158284097512808,5.11805979899543,5.084613486977512,4.713151977811161,44.6408898873494
1835,USO,Transformer,2022-01-01,2024-01-01,36,8.668263806845538,8.542903656842112,9.166904406028657,8.364156659913286,1916944.123667663,7.493018400834938,7.261544566568832,8.070307209952913,7.223551416266721,1341635.939244514,11.045153308916332,10.625646614342754,12.0347476721752,10.70248268562915,30.486402843795425,6.562556230816645,6.721069949909435,6.636408432704977,6.37503061036029,35.6727959288882
1836,USO,Transformer,2022-01-01,2024-01-01,37,5.211293930642454,5.249873798556438,5.473137242836981,4.958074380035811,1933202.540536648,4.3218296993968695,4.26389196773457,4.6660372848152365,4.151045837927317,1366328.0987431712,6.407912579704071,6.275362255075684,6.991761007469166,6.176554229532725,30.57355755572721,4.478853920965837,4.665871214148979,4.467427597507455,4.178168383772347,35.244125567477106
1837,USO,Transformer,2022-01-01,2024-01-01,38,2.3481600410736454,2.299372338098252,2.400632198205675,2.2253524509079674,1928163.0871526385,1.852145988114649,1.7133775734821426,1.805090967936681,1.701005452279656,1358026.4864621388,2.738830365552176,2.516178916902844,2.716522232398636,2.5297551832333065,29.954268935304373,2.219055234167344,2.33180414842405,2.4604488577921755,2.216084944878665,32.50108654551904
1838,USO,Transformer,2022-01-01,2024-01-01,39,5.738750351392621,5.591673864060971,5.90387499256243,5.305044506852771,1882242.751899089,4.540250743362716,4.268932703998936,4.729852755186444,4.220188585659864,1312158.9194608207,6.746657922063429,6.301860944185732,7.1070530215181655,6.294335590587035,30.476028276351368,5.394431882968138,5.499865439475953,5.499492167865089,4.952470686495284,39.08870307829957
1839,USO,Transformer,2022-01-01,2024-01-01,40,5.111575295517171,5.036322366705637,5.261160745656436,4.902318253909073,1865917.727296936,4.0175653795060295,3.870499778817276,4.239869379303524,3.9127347522009175,1286295.1052348784,5.967711874019085,5.706750377985151,6.364018761663683,5.8320712981373335,31.056684323015755,4.847599448396337,4.911462226895883,4.845679382652298,4.551073093113435,41.4187597453646
1840,USO,Transformer,2022-01-01,2024-01-01,41,5.185921246558934,5.116650230953165,5.434133228465852,4.858623376246277,1944524.8060868413,3.97843891123009,3.806385769906556,4.3131566027818815,3.7794734280804696,1372422.0116852955,5.919234434677556,5.623662714806698,6.480681221611408,5.640835318179038,30.34587139380925,5.097284600463975,5.199210989768373,5.140180016619453,4.694818613815298,34.92860832005228
1841,USO,Transformer,2022-01-01,2024-01-01,42,4.532205780936358,4.465323795470697,4.720671604990826,4.4270044608254375,1911227.580821957,3.451460752063099,3.345442348879872,3.658316225790986,3.521485783450216,1332424.388285887,5.138275552680131,4.941422321845949,5.509089835482929,5.249961226865851,29.631906313475493,4.514116470712436,4.5134041449563,4.639626242006955,4.145366979094687,35.154856533671406
1842,USO,Transformer,2022-01-01,2024-01-01,43,5.153220780886119,5.087266274668766,5.523806200556899,4.902263566398352,1914241.8210792453,4.175929832973808,4.025862193312059,4.630760561965116,4.01679614534932,1351239.996663981,6.198781871966828,5.932410488309976,6.9438050826253175,5.983182586885635,30.509536691862827,4.63799512776308,4.738669863766775,4.696524336125895,4.326221555856689,35.800290879970895
1843,USO,Transformer,2022-01-01,2024-01-01,44,6.924807647695243,8.126146687536378,5.589395957857895,5.555698776488595,1952729.056329856,5.766690212603839,6.706248701070469,4.753371897686885,4.760691025454326,1364262.5912127418,8.517411659620864,9.821292058932055,7.1108703789576815,7.060948512973631,30.34854407390156,5.793760389561211,6.8559773478857,4.527824176936644,4.384330282993497,35.488998040744164
1844,USO,Transformer,2022-01-01,2024-01-01,45,6.079918439441233,6.072974975150291,6.3218889070748086,5.778372784883296,1902969.8933365564,5.246624294389589,5.137081712883876,5.593209805587751,4.96578250634412,1341601.4731015265,7.7547972955664815,7.537291023963075,8.358359522599384,7.375245861595807,30.252894256710817,4.690109354785787,4.900163494787322,4.576843452071076,4.521467628954222,33.05898201941834
1845,USO,Transformer,2022-01-01,2024-01-01,46,4.569603487435492,4.534252741444965,4.471225152156163,4.509339024004904,1829535.5422206533,3.74643922580588,3.7516823025463655,3.677960359258352,3.800439576744617,1282213.942049496,5.548725509793831,5.5053073528449366,5.51798850384408,5.643047371105808,29.20373769375681,4.028911389706625,3.905608744090684,3.964057593977672,3.751065898637928,33.97938619972327
1846,USO,Transformer,2022-01-01,2024-01-01,47,5.608510337970305,5.586069483887864,5.863803406326137,5.17512637242194,1917166.735392924,4.655633411793102,4.539497559108076,5.005676096132965,4.314240508502638,1352379.0200442718,6.901822897745044,6.680233080484404,7.499127462000442,6.420299881675592,30.4200675525008,4.804285252624065,4.954725634047527,4.765989678807077,4.399421697760393,35.53222189104122
1847,USO,Transformer,2022-01-01,2024-01-01,48,3.6020854821912844,3.575661537236865,3.3879468429290043,3.3432894408891687,1858166.2208928016,3.066648846537709,3.088818312323823,2.9008586440050155,2.9168347273345137,1323070.5048089966,4.511865516575319,4.497352104183053,4.326094218335709,4.305449550118158,30.13558766400829,2.8961830423736177,2.7407928111466333,2.7256921802218246,2.5198961738844377,34.20124092567353
1848,USO,Transformer,2022-01-01,2024-01-01,49,5.910690240450644,5.887870554468329,5.884293560033127,5.70001116677349,1864974.51795441,4.877360266622258,4.7569861239132045,4.92845476581373,4.746069608888072,1305602.9728724996,7.232535401211913,7.002304267263066,7.391195147198489,7.063594527045562,30.785013887181083,5.136672399424994,5.289803391187483,5.0168542991445815,4.861827390904743,39.73528888474156
1849,USO,Transformer,2022-01-01,2024-01-01,50,6.124247771931237,5.890829208595488,6.086917392473965,5.637658840818691,1793669.911697883,5.078768032729268,4.745175626673658,5.135495961182767,4.69361718358809,1264562.222826819,7.529818678320205,6.987714493059337,7.70007680946123,6.9862594341388125,31.60799643801247,5.257301874826323,5.310657065546708,5.0955035829876,4.804615591816079,42.97771050918719
1850,USO,Transformer,2022-09-01,2024-09-01,1,5.863003119359701,5.755456511845518,5.060210565935764,4.014132487688435,1078387.0205643424,5.5010064240700585,5.435688973809585,4.670182828605864,3.5389117701494963,905059.0178356968,7.31718146032939,7.15860541897332,6.282111725365263,4.729220959397115,36.27155326611344,2.857893470656468,2.62169690078304,2.7415624815073816,2.6169171758539087,33.38392200101961
1851,USO,Transformer,2022-09-01,2024-09-01,2,8.615894469711229,8.597572424859132,7.9415545970532015,7.393822847814203,1113015.8941885366,7.757872788365366,7.747417868570145,7.000021917934775,6.218642126522285,945858.3307547964,10.291560628303282,10.182357240220512,9.386298494634008,8.275958834304967,38.62203086535873,5.052246316915373,4.9672391621275205,5.099592858047989,5.380953155883249,35.57431665517095
1852,USO,Transformer,2022-09-01,2024-09-01,3,3.3728680387548367,3.2427470948444728,2.6304772989812792,1.749789265932557,1079171.4599600565,2.926929249983867,2.862850230841642,2.198777199902072,1.4328166135374014,904887.7962013162,3.914462536870716,3.786928238116556,2.9757735072237264,1.910807685761812,36.321029406531245,2.334243848525074,2.08681138330374,2.0162465877106075,1.3693731497567494,33.583047862583115
1853,USO,Transformer,2022-09-01,2024-09-01,4,8.779914303051022,8.774927108187837,8.064660019774836,7.625949133527542,1080471.8516287138,8.07790075506032,8.090964240883544,7.3048055183983,6.698678374870779,899222.6273792138,10.721139221933065,10.637106668999992,9.799536498133484,8.915106545892963,35.576060046710964,4.681424446771105,4.5611002956352165,4.679720093785108,4.932381516538919,32.86445751691464
1854,USO,Transformer,2022-09-01,2024-09-01,5,5.982778773064605,5.903084029250962,5.257400119481883,4.370765756772852,1093369.5532251454,5.500763275891935,5.4488469191281546,4.71876933466958,3.6772751697636408,918619.7599769458,7.313314645843073,7.174067061084541,6.34395584640548,4.912452372723297,36.95184087968927,3.244760259906934,3.083282745337653,3.20813908975922,3.216897671440107,34.08343912331695
1855,USO,Transformer,2022-09-01,2024-09-01,6,3.2675878815372164,3.129860805436905,2.516772121428228,1.718164954089489,1093112.3125716313,2.8121092298126698,2.74310847427724,2.095454270777405,1.4025695815733674,923656.1438866092,3.7625818971536,3.6296979539371854,2.8361516724126465,1.86839177123614,37.45044958892675,2.3160345289766333,2.0634000588974195,1.9485611408508576,1.3483970038983586,34.4786898305423
1856,USO,Transformer,2022-09-01,2024-09-01,7,2.0260245489840627,1.9443536602421445,1.862235950437812,2.50277173666226,1126401.9974671516,1.7029000353306798,1.6199877692701898,1.6071228496022414,2.007533791006471,952413.1608261794,2.262540784701034,2.1291730282463104,2.141406727405321,2.629473023187068,39.35946787871014,1.5047776757590547,1.437679784652501,1.2441910393378015,1.9188330956047248,36.70190501228575
1857,USO,Transformer,2022-09-01,2024-09-01,8,6.147424008246786,6.080032931585494,5.4117594764036765,4.762748434067972,1079526.869308563,5.409108181691097,5.349058393493617,4.576558624365243,3.679166889330929,899169.9509552933,7.189511743705696,7.042680431539333,6.151959321619736,4.910839189441086,35.97650325397394,3.9492934607529175,3.85880008640828,3.929325941025033,4.062963846427399,33.36532180709908
1858,USO,Transformer,2022-09-01,2024-09-01,9,8.748839545984131,8.698991237918474,8.057645135410915,7.549714408426406,1077963.707914383,8.033310523434526,8.004374774198665,7.27861291134854,6.605317410249224,904223.3474292766,10.661664429394293,10.523349070764862,9.764073973145114,8.791312486444783,36.307325786601375,4.710994409584026,4.5713053855854096,4.729465807224759,4.945868174942994,33.697620331140065
1859,USO,Transformer,2022-09-01,2024-09-01,10,5.924704440091436,5.856575239419774,5.180500266398035,4.348145590879518,1080343.911581837,5.436600838200034,5.401896798503583,4.642621877315796,3.655928583936863,900482.0826371026,7.2302871872379795,7.11375087293434,6.243330977021335,4.884774873662749,35.63653936502718,3.250686045913088,3.074894532564791,3.1806501515244343,3.202512733083508,32.82519153978049
1860,USO,Transformer,2022-09-01,2024-09-01,11,3.035607517682505,2.983619487237648,3.442218448906184,4.36697814152364,1209458.5408223765,2.5957674796317667,2.61034360935771,2.823923613458521,3.485307272598931,1043627.6988060164,3.403288347722648,3.3944260777249697,3.734518693180111,4.571152412290936,44.15537796354748,2.0222512617444908,1.8314750886074684,2.550932873201997,3.407041348801427,39.58668901652265
1861,USO,Transformer,2022-09-01,2024-09-01,12,8.022622220038418,7.920258818482644,7.187788513523692,6.621911553320031,1089572.6942776206,7.314713318811815,7.239509908254308,6.429082144727444,5.668742638706127,910950.671450017,9.708483322218976,9.51836801283802,8.626151427703006,7.548767295457595,36.27680897704534,4.472700855517959,4.305586548719015,4.398946965486847,4.627336998952944,33.40076059538505
1862,USO,Transformer,2022-09-01,2024-09-01,13,3.451144120843617,3.346498834436272,2.715119273917096,1.821162367999764,1075284.7954724582,3.0118578529000826,2.9715140577276467,2.278165849294923,1.4702531437848885,900401.1431299885,4.026759243484985,3.929535673060327,3.0827172374119582,1.9647820449405884,36.04101404415152,2.347300472757322,2.109803089659656,2.06059769207636,1.4703728579998687,33.28732293485795
1863,USO,Transformer,2022-09-01,2024-09-01,14,7.317565008317702,7.2267009199699475,6.56409584085803,5.782325021067864,1072685.0299596305,6.774215353485668,6.715284130134586,5.975699739402826,5.069455424378187,894057.0935321678,8.998707537778662,8.834795122061763,8.024618718052395,6.757090371148728,35.61552960635528,3.805032990181381,3.618147118440084,3.751137003234369,3.78829929799352,33.01569123256934
1864,USO,Transformer,2022-09-01,2024-09-01,15,5.7532445940434,5.697581212857172,4.941545557333637,4.017596228809835,1077117.5106146282,5.3496106901709926,5.331261380297694,4.504090892952551,3.4678299612503074,901212.1448117052,7.116262922794793,7.021423706283585,6.059369937309237,4.635431637509809,35.93308637821091,2.958195596362514,2.7616436859240587,2.8426333042012626,2.784901026035219,33.06538758559218
1865,USO,Transformer,2022-09-01,2024-09-01,16,6.742453626044782,6.633833583586461,5.968399405839423,5.152990937174183,1078587.4156148697,6.156207660529486,6.075956691037948,5.325697408312169,4.347200775957211,897636.3323797187,8.177159086481753,7.993995835073614,7.152397652459428,5.798284109313203,35.45239232442272,3.7539002115502,3.586161411686606,3.702318306444904,3.751502809151853,32.59391232535134
1866,USO,Transformer,2022-09-01,2024-09-01,17,7.834878044741332,7.826068229765708,7.357319694259206,6.516093751028769,1078609.7462670964,7.263002848694282,7.275106948101301,6.709997438762931,5.758578888916815,905821.2037714558,9.644247590183626,9.568034490910616,9.005120738327612,7.669544609128794,36.47925705774108,4.030069890392922,3.8985494484537657,4.152624906157324,4.147191494035728,33.784189910274506
1867,USO,Transformer,2022-09-01,2024-09-01,18,7.778405391888736,7.660869249724068,6.9803715545748775,6.269754822555752,1060905.6541334526,7.247554634147312,7.1663762399299005,6.4152467791696575,5.599347069694248,884347.5508872806,9.625119227477931,9.42602130940424,8.612218461936125,7.458185560330163,34.82660794345327,3.890628529404741,3.675931473765844,3.804786640789007,3.848389661818137,31.98513041285896
1868,USO,Transformer,2022-09-01,2024-09-01,19,6.876472351527821,6.740123048586928,6.089915453937653,5.344659377990071,1101190.3211153392,6.308442287297767,6.210113602923567,5.474129106092001,4.577199657075899,931641.9235488812,8.38002671487331,8.169791196195622,7.3514202609226755,6.102269657584488,37.80754835580353,3.749460503905735,3.53676103067636,3.67959927556478,3.751494018348099,34.81515396869162
1869,USO,Transformer,2022-09-01,2024-09-01,20,8.6348400082847,8.546270022180478,7.876767508651737,7.381544880369791,1073996.9975647817,7.888006188795154,7.825040095751537,7.07310235342799,6.393750260616638,906304.2208672318,10.468350650788617,10.287250468623784,9.488027086305664,8.510012537270264,36.43480455515044,4.765192598035087,4.603135063701378,4.736039219188589,4.9820112976072615,33.51712911321666
1870,USO,Transformer,2022-09-01,2024-09-01,21,5.653628189569846,5.560173541568984,6.186735399345315,6.693417665828142,1414359.969501991,4.638934194894259,4.630600028470253,4.899393922017921,5.320959144701657,1232262.4392872606,6.092708426164437,6.034805919023771,6.498001747810665,7.003411211249238,51.95992066562457,4.197934046038576,3.9751158561152273,4.968840691275101,5.310606670120876,44.27196601310868
1871,USO,Transformer,2022-09-01,2024-09-01,22,9.2462897549476,9.179588296120636,8.42898210145442,8.055990201407747,1065837.344367559,8.437879263250558,8.391933599517793,7.567643899239081,7.001601137030777,890795.9666572666,11.196253581755824,11.03133723142276,10.150218451357098,9.316878764880416,35.48638239177713,5.121177062715809,4.977923276355512,5.067369131252407,5.379597098517061,32.877301218887304
1872,USO,Transformer,2022-09-01,2024-09-01,23,6.890644397960547,6.8479849047700245,6.172710407640361,5.458658109214925,1081089.3148135904,6.276076104078689,6.25484276704315,5.494673144743458,4.591992521911554,902047.7563600284,8.336737780638256,8.229256803684864,7.3788233517570205,6.123307180685562,35.696566712269025,3.8790137846844255,3.749506878450288,3.858270509170972,3.993385906777511,32.78740089832797
1873,USO,Transformer,2022-09-01,2024-09-01,24,6.6787349110213095,6.664799160286682,5.998806727156096,5.352162667811508,1127460.6025807897,5.871693102200153,5.866558975833329,5.086265436883883,4.250479803601327,959681.2188007009,7.79631368024105,7.71665372088607,6.828720019898468,5.665131699940265,38.73040400284432,4.296442980538321,4.218075745243575,4.336292810267143,4.391607978508399,35.194004262594994
1874,USO,Transformer,2022-09-01,2024-09-01,25,8.277442506123235,8.308564308887926,7.670695365266384,7.249248186765604,1069765.9319078578,7.698136496153495,7.74685305649817,7.032297668084218,6.471487445077643,897236.002927585,10.219930897795551,10.186389974314864,9.43619663087856,8.61363005689226,36.02286196268153,4.1723306792329256,4.0582182810757015,4.218679394566157,4.440702106014785,33.349333948050166
1875,USO,Transformer,2022-09-01,2024-09-01,26,6.193417306602767,6.050883381942618,5.387445747162642,4.542624093037912,1075861.763679517,5.719653933002148,5.618239341595587,4.874562061811352,3.8980956504116056,896886.2554083248,7.604874894528326,7.397407478637525,6.553632173358959,5.205488109477632,35.43765824389421,3.287019195535695,3.062211899768469,3.1828307984480046,3.182701443525225,32.52050192825324
1876,USO,Transformer,2022-09-01,2024-09-01,27,7.394784798852892,7.325707417317639,6.641293724769005,5.901006778564335,1074710.89807771,6.832821551751826,6.793055983202383,6.03131341993013,5.161547970976587,894946.129245114,9.076655193428287,8.937226497045467,8.099375947561228,6.879586387268959,35.24209409205997,3.883301629384619,3.711577405510581,3.834299789791826,3.8910711087167695,32.33562549853584
1877,USO,Transformer,2022-09-01,2024-09-01,28,7.465143243241003,7.39616616137541,6.698681806614547,5.951074229532032,1108970.495249397,6.961368046473516,6.924089927847862,6.157288371172934,5.307747625150217,937215.8126825024,9.247285652575997,9.10914821547108,8.268348488714382,7.072786666530625,38.40803356194003,3.724302530887544,3.537509050367128,3.655909599663485,3.678079362149776,35.87378408604452
1878,USO,Transformer,2022-09-01,2024-09-01,29,4.523381779060253,4.404369325485265,3.748314599871167,2.780660537783423,1070345.176243309,4.081680705205747,3.995770708781611,3.2377058258973066,2.222190492542567,889578.2868279683,5.4374135242260095,5.270270371348992,4.365577545471083,2.9764654731488025,35.2739280554576,2.6975968029331243,2.5211283102863744,2.616355213866503,2.2861407846708968,32.63775856759935
1879,USO,Transformer,2022-09-01,2024-09-01,30,4.141801945661803,4.017936434620276,4.676908810246927,5.248507869350952,1374552.962922111,3.5280395732019305,3.4969393543835703,3.808637447235626,4.206379526742408,1181658.641736208,4.631103972320053,4.554330251305235,5.046812119373954,5.52813448555701,50.49831899034013,2.795194392930298,2.529061396561393,3.545941588635319,4.087596756438959,43.97301319467672
1880,USO,Transformer,2022-09-01,2024-09-01,31,8.170761718857353,8.092401693986542,7.458667084946338,6.858226285907878,1098324.7555602707,7.368763446529211,7.308003193580765,6.578194954499069,5.757274277571218,929433.399075574,9.777729438010136,9.60668662507942,8.823283765785298,7.665268944112356,37.07187843132266,4.76947028128696,4.639419368053428,4.791402115152512,5.023182671503529,33.578410361159314
1881,USO,Transformer,2022-09-01,2024-09-01,32,4.7759015027044445,4.629341597268454,3.936619456520978,2.865238728305551,1088006.4499870872,4.403425907052313,4.305462333918655,3.528015015546054,2.351477454168169,918435.9214106,5.865345533154849,5.676900819661544,4.754990498867605,3.1539380694995205,37.11935403443709,2.597701103626662,2.349978284461835,2.4499519334704765,2.251190914466477,34.145623332725165
1882,USO,Transformer,2022-09-01,2024-09-01,33,7.4905157214476334,7.393099458641197,6.699518991204453,6.058054960362461,1070387.4819709177,6.879670727038958,6.810148128337361,6.039933367500018,5.235679224174775,893355.2852338398,9.13539463868654,8.957255114437897,8.10790042449753,6.975648387307038,35.1412024434062,4.044124770738811,3.8749318971716815,3.980298538179568,4.129582621789586,32.177549555442795
1883,USO,Transformer,2022-09-01,2024-09-01,34,5.133647406389382,5.047095998698641,4.462189238664843,3.560831514421916,1114688.0393985433,4.457520942327581,4.376738327336128,3.660853526510765,2.699830068135668,943362.9417993088,5.931054022341297,5.768344780274199,4.928784219179585,3.605661797454189,38.340475011669454,3.455909448335821,3.362893288589499,3.484627635533836,3.141791060899621,35.1227250630782
1884,USO,Transformer,2022-09-01,2024-09-01,35,4.1789865254075655,4.142617369962042,3.5024360573264386,2.7353739024166868,1090591.6935641605,3.5270429068599087,3.529604971605505,2.79509134642548,2.1468681397390266,921817.6946083058,4.702114995323227,4.657513790935735,3.769201298694458,2.860556617547401,37.10988956595946,3.042808325257401,2.903743399888148,2.8838863533831915,2.29217601218558,33.758124193339306
1885,USO,Transformer,2022-09-01,2024-09-01,36,7.192154952159123,7.113264822379349,6.342852419105257,5.645255423798592,1079344.9995980524,6.682271616199031,6.634456396654074,5.798293646584588,4.980556515176871,902881.8315744116,8.877501624689632,8.729205130028044,7.788196648258334,6.63941167329976,36.08794284375895,3.668405518835776,3.4859152064190435,3.5607061185336013,3.626903504272411,33.36162222638372
1886,USO,Transformer,2022-09-01,2024-09-01,37,7.776381385315404,7.748123520347391,7.074217451174225,6.585066231982394,1112137.7045368722,7.037778460214812,7.024099628896853,6.26336748934592,5.578603488172661,934913.3879294698,9.341885958122582,9.235820303983154,8.40381285711847,7.428866124384694,37.44167556865067,4.480608994190577,4.373911162936111,4.488465444427138,4.7205749679927695,34.435390606645925
1887,USO,Transformer,2022-09-01,2024-09-01,38,5.706633448422192,5.646951848770818,5.035144600798247,4.231825006230297,1094388.8547474465,4.991832756612388,4.938040318050422,4.20624501929108,3.251469058358396,922790.47727199,6.637128501633224,6.503601794900982,5.656767240794884,4.341461338764615,36.773555284079926,3.7450119719253743,3.660859555072508,3.7738131471699936,3.653794600469927,33.429469420342365
1888,USO,Transformer,2022-09-01,2024-09-01,39,8.810044119783386,8.685867140192995,8.098576395560505,7.844756765190132,1071998.720846489,8.02504404162226,7.928950061279867,7.248041835066115,6.766992479546057,892843.9563185431,10.649214608373049,10.423251032065204,9.7214481208217,9.004480547242538,35.34265851997853,4.92364031279057,4.744762954478156,4.92998896267304,5.35138234805635,32.748167219982975
1889,USO,Transformer,2022-09-01,2024-09-01,40,6.078417715982781,5.970901180150287,5.267640871698521,4.374908754996719,1081105.304537275,5.553789255856655,5.476865546046986,4.688956736186836,3.64441339096643,899925.9415218562,7.382067414050962,7.210009746552465,6.30313449362771,4.867957013888273,35.8222794195275,3.3901441563164094,3.216703192017444,3.312286318340697,3.290998967176699,33.25254871818232
1890,USO,Transformer,2022-09-01,2024-09-01,41,3.732377450502681,3.5467720316718334,4.137905234940294,4.880577315263304,1369377.1798820086,3.21638501785528,3.122001230199965,3.4285955928744536,3.895014262507415,1179064.7672726808,4.226283149930259,4.069328961256559,4.546429729916075,5.11694806944635,49.77032694895171,2.4402735406922726,2.1488985918236456,3.0146345708982194,3.826763412432265,43.37635933903936
1891,USO,Transformer,2022-09-01,2024-09-01,42,8.043695280296488,7.996719000430354,7.283268186922987,6.73690175314657,1080396.492458196,7.401327451355757,7.37629777550712,6.590220027993007,5.875550065409738,906850.1750454026,9.82486029992581,9.69867666911103,8.84277773423985,7.82279727263095,35.97464367216027,4.2934886617088,4.152229548200656,4.253987993435636,4.4644178105538,32.70108243143056
1892,USO,Transformer,2022-09-01,2024-09-01,43,2.626725834100744,2.4887121136046626,2.012665756866766,1.9012187962838507,1103781.747452629,2.125323143467175,2.0525117836988183,1.6729449215462937,1.5656446936100026,937879.0503953232,2.848647715629117,2.7190343752220856,2.257179024399995,2.061984074862533,38.281706340176406,2.1376123760180743,1.9140191491093383,1.5630858383425508,1.4015235449470782,35.024651865409986
1893,USO,Transformer,2022-09-01,2024-09-01,44,6.693008311257823,6.587726491013791,5.823424054899968,5.140730439465116,1069581.0737986474,6.172423733385435,6.096766084637725,5.26242174811104,4.426973972469384,889979.7654148376,8.20104429332216,8.02302602700516,7.070279994760637,5.905249726558708,35.09118650827728,3.5568067301173123,3.3802966064120823,3.4455215281685034,3.5559842655473406,32.23159276707783
1894,USO,Transformer,2022-09-01,2024-09-01,45,6.0609376999527935,6.032412917539164,5.4338603035996895,4.492227340865735,1120957.983362691,5.458032500407482,5.441818496601552,4.733234017996451,3.6337818719933694,941679.4499389692,7.252303265796718,7.161973184431478,6.35982688670633,4.851101337365152,38.44527469640637,3.592182194948662,3.498763188601127,3.664729338138244,3.584883718402529,36.06230661799462
1895,USO,Transformer,2022-09-01,2024-09-01,46,2.924505817057623,2.8008378421927755,2.341857935403284,2.1472841612834976,1098067.745550889,2.342486583166017,2.289311202133775,1.9128940335076807,1.7646160906931745,930428.4108424108,3.136673230231904,3.030365082042783,2.578754767054692,2.3341663306731064,37.760151609492624,2.424697955686511,2.1962103404325344,1.87971617044382,1.622607318388851,34.54865362691977
1896,USO,Transformer,2022-09-01,2024-09-01,47,8.563882594863108,8.529986181756191,7.839450745560533,7.348005622413479,1095926.9599395744,7.765954566048974,7.747158892583379,6.972291496079318,6.26742230811716,916172.5205306376,10.304467616305294,10.18341640307756,9.351254781960131,8.34176990188293,36.43127368703754,4.880945463253716,4.768291293263329,4.886250269987499,5.171398865294722,33.58598830536271
1897,USO,Transformer,2022-09-01,2024-09-01,48,3.057063963938884,3.0158306257325425,3.50729871058216,4.369973248228653,1257841.341974146,2.5641048059085505,2.565600415252887,2.759825989648033,3.523626663069743,1082555.0185296617,3.357011491742212,3.330646411928808,3.64398388902711,4.622430634298498,46.03923594115943,2.137218706197713,2.015617964934383,2.821906895177747,3.3461422281168267,41.267595385632646
1898,USO,Transformer,2022-09-01,2024-09-01,49,7.873778181752237,7.823905977038055,7.071187032618854,6.598821623589728,1100303.089387736,7.213612576783783,7.181979584937773,6.357444769481164,5.686895381540477,924052.0437136798,9.57453244549949,9.442613645306158,8.530390587466274,7.572427253118453,37.25046508764373,4.29289672648541,4.165878988721398,4.2447191437606095,4.530957252947391,34.60411938423943
1899,USO,Transformer,2022-09-01,2024-09-01,50,5.673724554693481,5.541487310979835,4.881446807320134,3.898865093893555,1082427.2997353182,5.273243564658689,5.183372930196453,4.446481116953553,3.35035180110892,912203.6215198088,7.014546615942227,6.82690296697759,5.98147709249853,4.4789890574918205,36.8251958138144,2.924433220971346,2.692983770398865,2.815478260560885,2.7359647027944027,34.014945155210555
1900,USO,Transformer,2023-05-01,2025-05-01,1,9.044938654181848,8.1394584820591,8.756070850352867,8.196684651872609,3200892.296622102,7.311134963857413,6.651850091023667,7.158164713746641,6.847893354321615,2210247.4370269803,10.92827665889399,9.734665824291696,10.854998536786152,10.141671494491131,49.58305201037928,8.166213912945878,7.0286340058680175,7.944526130454005,6.937479453027063,34.19309923066104
1901,USO,Transformer,2023-05-01,2025-05-01,2,9.518480875078644,8.649473154916718,9.228683355870528,8.674837615128856,3312248.929607934,7.688130377643223,7.004667575627959,7.462334588501104,7.136485648462457,2258436.1630090643,11.492361276893638,10.262378287068389,11.33183033147286,10.589371233269972,48.54315942703612,8.590464097281416,7.577186296754252,8.506593576898789,7.544578820238261,31.88065115343036
1902,USO,Transformer,2023-05-01,2025-05-01,3,9.596149491031351,8.687371156481406,9.271111487015508,8.849146233539395,3145872.1138353846,7.804879618864329,7.01448499049248,7.401910616826376,7.193166149152706,2195600.0676008123,11.661820078413324,10.28523495929037,11.264002798140332,10.69457057124776,51.27131477768295,8.5813804566104,7.653591785876228,8.739650364022639,7.871757516174288,36.68074821173209
1903,USO,Transformer,2023-05-01,2025-05-01,4,10.26735882186726,9.473746892432956,9.982662545317517,9.611012461732948,3319860.659097771,8.297903509454668,7.61392953956416,8.019823552423516,7.814361915877844,2273138.7353377086,12.397620542371286,11.163896963840031,12.184299456048166,11.611811136377042,48.85895364929835,9.229357213662672,8.41048633249084,9.272458452927172,8.551954967913039,32.60294490721609
1904,USO,Transformer,2023-05-01,2025-05-01,5,10.937418908084837,10.206731270002432,10.59846394777598,10.261029612760256,3296756.027362016,8.757783502230872,8.141537461391005,8.535159420017433,8.318565497745704,2218863.575110629,13.074992700299267,11.928301754222966,12.938147001531451,12.340965093431372,45.98337334884087,9.93643121118237,9.175802009965622,9.762401061564,9.182456715528645,30.094631105631706
1905,USO,Transformer,2023-05-01,2025-05-01,6,10.173882867540812,9.34508751953177,9.890630158363306,9.536418618899573,3302076.604151041,8.211542890583901,7.5287815437990675,7.972854528114903,7.793515392040152,2279544.211772952,12.27270410293883,11.03683148930178,12.109860511659845,11.574562601577444,49.969972589683984,9.172251707305756,8.257371341282967,9.140161658230491,8.39392199571429,32.94467099825736
1906,USO,Transformer,2023-05-01,2025-05-01,7,8.497518556671075,7.659482797724112,8.245030427462732,7.532831076476238,3282058.5527347154,6.7957383433253975,6.161729476890502,6.553853798192802,6.137234310693441,2251186.15813777,10.173783064444171,9.032872639063694,9.976157547871042,9.11308047433334,48.89290245546999,7.880205987536357,6.819313650088023,7.90226704923262,6.715996077055837,32.60746056802453
1907,USO,Transformer,2023-05-01,2025-05-01,8,10.53425130052311,9.761005127500717,10.214408475186088,9.770825622124413,3225308.7988869543,8.466382606284109,7.840866801341845,8.264058116862776,7.983290461616522,2196428.977414053,12.645543125747826,11.487094005591723,12.53121182771116,11.842760529537484,47.14448847843759,9.532830104402723,8.677995747160686,9.359948818866345,8.62864014060642,31.224219762975693
1908,USO,Transformer,2023-05-01,2025-05-01,9,10.865312966634097,9.123250554699542,9.46832699738407,9.801888853946435,3292259.2905470203,8.768959488816956,7.359390023852028,7.687219971858804,7.9729187338324925,2215150.6565029,13.096527135482644,10.778668153563697,11.654784634218748,11.839907860399116,46.78381838171637,9.765526441703033,8.054494439529064,8.643840752538004,8.709631015367538,31.48255597371422
1909,USO,Transformer,2023-05-01,2025-05-01,10,9.299255778939676,8.476267123462808,9.081656250130573,8.352211107552934,3228823.85615375,7.513226944012914,6.907110920605057,7.41266212310774,6.981855595513486,2189207.2143279323,11.23021104135234,10.11191744955438,11.242676406021566,10.339394350950764,46.96556586819689,8.395772641780043,7.357019429608812,8.251294852825758,7.0646970349676055,31.30605515148524
1910,USO,Transformer,2023-05-01,2025-05-01,11,8.06445852736291,7.189051544095432,7.887237207161766,6.925094684133869,3314623.8794789845,6.571711351041628,5.957132683199978,6.511428455505567,5.918140322866007,2218426.9997020527,9.816073667567297,8.703730866714414,9.862845297456794,8.737427072194611,44.73616344825959,7.223212541563033,6.064157951011006,7.077481270539583,5.609310894102036,28.96679613457418
1911,USO,Transformer,2023-05-01,2025-05-01,12,9.535983751332068,8.707158894070366,9.262171185647617,8.846016013658387,3180319.911862391,7.699199782345423,7.06334447033575,7.510516094247161,7.287450081482374,2238102.908440992,11.509332022114798,10.34660441075273,11.401060506644964,10.811940734641404,51.06687103258783,8.610534947443838,7.605403337639204,8.4977149786282,7.6733591894568995,34.892108246687265
1912,USO,Transformer,2023-05-01,2025-05-01,13,9.424259862269732,8.587507373734006,9.141205238638324,8.706442140067667,3225576.3589129355,7.612859944714548,6.941582098064055,7.378056539900938,7.120490542303278,2276102.8598726965,11.381530194734792,10.174578533736383,11.208851235421102,10.57747522875894,52.14065251113203,8.511988425727356,7.564219774828768,8.470142125804893,7.688776908549909,35.55308224012102
1913,USO,Transformer,2023-05-01,2025-05-01,14,10.352109028316509,9.515490750230818,9.975919359901576,9.61413370464087,3212405.5895844176,8.588746353580268,7.75138365498106,7.953394873554989,7.666928465865277,2246064.9153165133,12.800729443619474,11.355900822026916,12.10644896735035,11.424244773427652,51.47010698877491,8.936228493960728,8.244968349241638,9.414873764558546,8.79735086541198,35.64833621857281
1914,USO,Transformer,2023-05-01,2025-05-01,15,10.484284559561877,9.607357543994263,10.11199837570222,9.780315554873209,3222977.593506289,8.527101390782986,7.715440942306497,8.073406535188502,7.901356582046104,2218234.7652124064,12.734893351393858,11.318307936871156,12.28094621725248,11.754948739454033,48.6596782753232,9.335416515659563,8.533259984385197,9.489478338723815,8.783671672360338,32.45964226362047
1915,USO,Transformer,2023-05-01,2025-05-01,16,9.46694547776827,8.600601633650795,9.266151669921925,8.554257561059861,3353939.568444176,7.636660090791649,6.973415362579753,7.50383797059197,7.077712471541533,2236650.2232031235,11.418433826291656,10.217174997346165,11.394674804828162,10.498360851753215,44.879420152268,8.568495636273907,7.533018522791902,8.532551656599411,7.39098220038924,29.41399627251973
1916,USO,Transformer,2023-05-01,2025-05-01,17,9.959569507041328,9.139441224282177,9.629089096170157,9.256639481001258,3204524.648657478,8.101996115143475,7.353229394095739,7.680170325927884,7.48958901688616,2210209.662258005,12.10331144258463,10.78634483378999,11.68739475896032,11.142255965442814,48.43527796045327,8.887003064102379,8.10376072915456,9.076825930230424,8.311340605202941,32.15481883999184
1917,USO,Transformer,2023-05-01,2025-05-01,18,10.455100776953904,9.611912012133583,10.088428234557211,9.784297151898905,3157129.926703656,8.435311535160105,7.72594794833694,8.115880595547468,7.973239863347435,2202028.18955916,12.607438509070295,11.329641795564484,12.330968991516762,11.84657375917547,50.38317443916487,9.432999530129168,8.530616121609357,9.357913002570111,8.66538392173913,34.87484948494103
1918,USO,Transformer,2023-05-01,2025-05-01,19,9.472622856664762,8.6755004229851,9.226084407850047,8.64566990765206,3261605.605689899,7.677672593370734,7.087568083134397,7.5734687846420226,7.233327113024943,2240874.441445017,11.46650549751802,10.36949904178996,11.47302674806962,10.707081798182148,49.19944163983973,8.490690160383537,7.496380836798361,8.283929783157557,7.300562167812939,33.27474894255485
1919,USO,Transformer,2023-05-01,2025-05-01,20,10.642239863214336,9.899988971180182,10.22039436585041,10.081613580099308,3288685.751589652,8.62050463342054,7.932361496986334,8.17814733094528,8.11197191702621,2336955.181014982,12.871924528369863,11.632692589792551,12.427258870828666,12.06553938189734,54.04606183426242,9.516791484005337,8.829836873342634,9.53997121536611,9.12265112434875,37.54589158052596
1920,USO,Transformer,2023-05-01,2025-05-01,21,9.7230582209301,8.878119544170081,9.49188162582704,8.75106824965941,3244149.310299636,7.8813698185084355,7.178213720199527,7.620390628172851,7.16759263266358,2272361.9974472034,11.77727271348094,10.520490239532212,11.583615832127515,10.642501700754934,51.70138686467135,8.722446080256974,7.794904478370045,8.844019255490913,7.671731858176106,35.487870072737266
1921,USO,Transformer,2023-05-01,2025-05-01,22,11.06274923141244,10.148095992254309,10.55790897921798,10.308116086847328,3323220.3269022102,9.053594798121477,8.143982364575164,8.40302287877802,8.275278740887476,2307609.9190520463,13.507083403154768,11.946726020810836,12.78388462031216,12.31840040708709,49.54946327621424,9.724192217998892,9.01187253407136,9.930095832488735,9.332921231228251,32.14337689537254
1922,USO,Transformer,2023-05-01,2025-05-01,23,9.76079054224297,8.97299496448146,9.486008551904527,9.074042511301778,3213202.440257587,7.876637718757622,7.26589573106476,7.694976357673593,7.47972759412024,2216383.466072616,11.772215898511543,10.643219327718638,11.677235536270384,11.093522001951255,48.72004935209623,8.807836473923464,7.85566761355566,8.679604405650714,7.851207053105037,32.34433846567848
1923,USO,Transformer,2023-05-01,2025-05-01,24,8.993010023486363,8.129965355980847,8.669604433279149,8.16953249762064,3201062.279218245,7.268555380167942,6.594664034351379,7.0187351443592565,6.725364826910327,2225660.142650338,10.868240855237884,9.662119860699368,10.66002998972406,9.981029025438806,49.688460683917945,8.133781508272895,7.123025169401479,8.01480854654851,7.132944693044574,33.36453402591714
1924,USO,Transformer,2023-05-01,2025-05-01,25,9.662474380778916,8.86784293874865,9.407362060010309,8.906507618503767,3128801.276777468,7.822604668810839,7.152649703236423,7.54135081744671,7.274848381738603,2149899.087304913,11.69203114841762,10.486361958052546,11.4669823388557,10.806867074907265,48.14700251685646,8.696991438318586,7.821426330218278,8.797483515398868,7.8475672253395325,32.90390257697272
1925,USO,Transformer,2023-05-01,2025-05-01,26,9.089663481931568,8.197235874241013,8.77511867491989,8.194779809958309,3273035.330709916,7.333544860917906,6.644566632330785,7.078076277227692,6.739999313766441,2254967.55794398,10.967369576316592,9.735089936013845,10.754881119984365,10.002100254334536,49.08559212792192,8.250719760812341,7.1803322957432165,8.158906038105087,7.146656084020822,32.813451107912826
1926,USO,Transformer,2023-05-01,2025-05-01,27,8.309637478085884,7.481017454967927,8.1369026527185,7.385328585349341,3198697.755977327,6.703711949141026,6.124751947038074,6.631982102870823,6.199045406900191,2214742.289208582,10.025367261899332,8.961206681563425,10.062666352127671,9.173593671105388,49.58587526731107,7.573637996234277,6.45275136207679,7.46894622945392,6.211507450708381,33.62800776713168
1927,USO,Transformer,2023-05-01,2025-05-01,28,9.755519739031705,8.961377179055855,9.417070294342508,8.97385661932391,3364322.6282600053,7.934281218521074,7.326677749673871,7.774823054842138,7.509525935038376,2271562.719729746,11.83182299826563,10.707895233128086,11.755792903401248,11.10348267756003,45.87279096654608,8.6698944116805,7.73906001692035,8.345499443198655,7.580878742649487,29.124486109820698
1928,USO,Transformer,2023-05-01,2025-05-01,29,10.597540898885816,9.780961315208929,10.304325600678244,9.92637939460092,3292384.778922649,8.54412945799701,7.847918805491477,8.278832277080133,8.062735669932087,2267099.216159964,12.76639083031181,11.507266731445128,12.574941671209604,11.979892529744886,48.62851363358517,9.557873343946069,8.707420351894376,9.56213577273974,8.84617070808348,31.88766626432177
1929,USO,Transformer,2023-05-01,2025-05-01,30,9.227361882854575,8.360105606855575,8.97931001185122,8.284070016949046,3288349.8709381046,7.472687362698635,6.855499503523499,7.380969096413837,6.989399294380456,2214564.5980213755,11.164969427321424,10.027446202365338,11.18291915202973,10.33743190456461,45.52782368679016,8.301439968683587,7.173728141554935,8.059119149267108,6.865427597549098,29.27252077404342
1930,USO,Transformer,2023-05-01,2025-05-01,31,8.723218708762682,7.907312336672497,8.476430179423339,7.9898530217553665,3043054.049366811,7.058437957437805,6.457859260982562,6.93796554207425,6.662890714467507,2086155.7423076103,10.548524235845996,9.450587397375628,10.518766318110613,9.869340829734323,46.82656619835087,7.869830622145876,6.851985999607796,7.691038447533705,6.821114830721749,32.65283092539192
1931,USO,Transformer,2023-05-01,2025-05-01,32,9.052378534084964,8.196029963194498,8.777016645160622,8.26769372591887,3187217.311669963,7.295140334059369,6.670040553284711,7.145971819618658,6.880011609938454,2206832.6180392066,10.910940657293088,9.76899148302128,10.845814574755588,10.19853711438348,48.9290306770773,8.225267686912048,7.141906181954308,8.03810423652796,7.077536471393597,32.680856551242286
1932,USO,Transformer,2023-05-01,2025-05-01,33,9.06020365748078,8.271600944116745,8.7903781102042,8.1609393002214,3272515.704779795,7.404873385983057,6.8237941089042335,7.294259867948996,6.918965624476692,2242020.11429382,11.045767603664377,9.96882981179208,11.031111020773029,10.21989917566254,48.71592283108997,8.006191884451896,7.014260404540871,7.733333693024018,6.6853506742529,32.186778829128
1933,USO,Transformer,2023-05-01,2025-05-01,34,8.884836684772907,8.094956916720706,8.658793100485825,8.303908298647913,3141795.879295793,7.250443279101983,6.658919506086617,7.138565234839756,6.948291454035611,2223356.288241425,10.821508127070766,9.734164713804118,10.80763552573499,10.283048163512523,53.19712295552622,7.882982478382224,6.907536087306768,7.723252420694668,7.004027819869455,38.62652939518078
1934,USO,Transformer,2023-05-01,2025-05-01,35,9.61223196479513,8.788453366955858,9.304145510363654,8.939386560553595,3122171.3044311265,7.745711223341798,7.098757762831886,7.531904372021902,7.34166659904213,2164571.0045096977,11.57943464020708,10.402860167068914,11.434832667727989,10.896310460444356,49.209342963793134,8.704331564507207,7.75005667656198,8.568144805875978,7.834378672949861,34.06511886734749
1935,USO,Transformer,2023-05-01,2025-05-01,36,9.722151127919709,8.940923202288314,9.450227657055922,8.957369862933016,3291565.980238055,7.889991449932433,7.2842009031081,7.764836072536041,7.455315359636048,2219985.819038572,11.769323223998676,10.650283178664193,11.748039010056736,11.029230061622313,45.93065257140829,8.668072971415077,7.7658330326796445,8.441495398052759,7.644831014061692,29.240992301819844
1936,USO,Transformer,2023-05-01,2025-05-01,37,10.8925156661177,10.005594714852409,10.43566839304014,10.31009416682561,3243449.94233118,8.892367336296703,8.025817323659625,8.312235959672432,8.251682034050196,2283660.0651963395,13.268563021526536,11.772413352307517,12.642492757991436,12.284626788558352,53.14626376263018,9.613825167594667,8.902661728064672,9.807247491944937,9.399336931243054,37.97506134717766
1937,USO,Transformer,2023-05-01,2025-05-01,38,10.102837053103398,9.315505843331374,9.737890180004108,9.645251865268724,3163842.032712247,8.2738199789544,7.506090180680908,7.74841374742539,7.723489431873562,2234608.3821845967,12.349355853930629,11.009786476255776,11.794685608704595,11.504280545225669,52.56976168037464,8.900720941299209,8.234557503987556,9.20228067653836,8.797473731846164,37.15089740874342
1938,USO,Transformer,2023-05-01,2025-05-01,39,8.049572199759245,7.15012449287417,7.785748969192167,7.168182528343236,3060205.434858576,6.591999038513071,5.965267693420175,6.474891209812672,6.144494858709498,2114689.691432367,9.839608922133207,8.707431804655236,9.79626356804504,9.067543563967066,48.844900472888746,7.155755747556371,5.9553485691024655,6.901825429652115,5.762721033611492,35.056305885576684
1939,USO,Transformer,2023-05-01,2025-05-01,40,10.224056566455856,9.320624874197955,9.982805444427234,9.307245341029972,3264153.4617794445,8.358625681825314,7.499594425153528,7.924991823114177,7.487670653422068,2215853.3524521478,12.47945499333172,11.000699311247866,12.06757200861277,11.14453663677556,48.60490275360513,9.060500910079806,8.251094622088246,9.472925304156952,8.408095085122639,33.938077507975194
1940,USO,Transformer,2023-05-01,2025-05-01,41,9.70164969791653,8.913247870178273,9.33562010717091,8.963593996399812,3199420.5911145746,7.836529483743894,7.205390079319328,7.557370645031953,7.353819753895565,2227192.8317512874,11.714186249331124,10.560037599337562,11.475305029230864,10.91757444999484,50.932185247996905,8.7504099367669,7.8398714324411,8.593399490379749,7.853211457426175,35.81822448306824
1941,USO,Transformer,2023-05-01,2025-05-01,42,7.670697183594026,6.801865519801736,7.465710060039122,6.742709827276638,3099687.727619876,6.2286845882400526,5.635878156070183,6.145153017550143,5.725201586163872,2168859.3751431587,9.306578870505184,8.231261901429919,9.308693164262266,8.455490212362205,50.47867751982344,6.951995215002071,5.7523839210169205,6.776979529534772,5.553198926093375,35.30567273254434
1942,USO,Transformer,2023-05-01,2025-05-01,43,10.015068955755384,9.144164330252162,9.762674067801006,9.189834223357018,3247879.8738276004,8.121631555025953,7.355642836659827,7.788935723463168,7.467858108979349,2221748.38900911,12.136448223028802,10.787662251266251,11.85117742951036,11.10046588582128,47.24589715585914,8.992699986908653,8.099152877114706,9.19446805524247,8.164989236549088,30.428200564875468
1943,USO,Transformer,2023-05-01,2025-05-01,44,10.35936298512248,9.498307208060934,10.031332080503049,9.441306528357176,3366893.0082337186,8.42365052308858,7.618916223257982,8.00250581056743,7.641621419321586,2286618.648721492,12.58041003615586,11.178090243708668,12.17422381379836,11.36697635715505,47.8951273405407,9.229155238956736,8.457343734909394,9.429321820873216,8.46905532158231,31.40980893467936
1944,USO,Transformer,2023-05-01,2025-05-01,45,7.785398823627639,6.939701578714039,7.604821250662283,6.807494789316001,3218812.284251294,6.415094000446641,5.813460792418851,6.347692087483362,5.865664974772557,2202426.4496410927,9.567737494938411,8.48040020978682,9.597436641762885,8.64666379359625,47.01813008508456,6.846514203606397,5.736005523117634,6.69261542655339,5.412716559702218,30.74664000010151
1945,USO,Transformer,2023-05-01,2025-05-01,46,10.201971427791944,9.373747412449688,9.911667684422564,9.285900938208847,3272015.896646152,8.272882001055411,7.551456280475624,7.944479152017332,7.550972786526525,2242458.8861036478,12.35730883957484,11.070480448040556,12.074548926193891,11.220160004744551,48.44496964275143,9.123171713754736,8.28520225387988,9.238445237146852,8.25340106859346,31.86380182578495
1946,USO,Transformer,2023-05-01,2025-05-01,47,10.821484656263827,9.930545628248282,10.55338299733741,9.865298881427472,3346248.3530594567,8.775050666165498,7.956521516343131,8.427620240162291,8.012561893036851,2256684.1088477056,13.10578122060149,11.672436691565812,12.815116112246857,11.911174305035544,45.75179030547438,9.67027772226476,8.85006684334702,9.8790402317136,8.77916032710208,29.475735718891755
1947,USO,Transformer,2023-05-01,2025-05-01,48,8.356428019199011,7.56382233357294,8.13709835087555,7.55163968041613,3142257.3203308326,6.826427507120463,6.262007987072354,6.738289796369576,6.408777353365472,2178633.081092452,10.192286332217687,9.150305182539991,10.2013068913753,9.47193149161579,49.16071570047018,7.439645723288363,6.395231422620808,7.249164809653506,6.215786702872517,33.545626853433824
1948,USO,Transformer,2023-05-01,2025-05-01,49,8.711991794479346,7.909462990579087,8.472502980960487,7.908375804241689,3229544.3576506963,7.109325937270721,6.51947838269996,7.012214438518316,6.681415039902922,2201455.0324744666,10.610637421735824,9.52804576670767,10.612119081231068,9.877260421675516,47.43511144566609,7.742312429056949,6.740632912530353,7.527480011843711,6.573876715020492,31.263979996678927
1949,USO,Transformer,2023-05-01,2025-05-01,50,9.544004124339908,8.744896970295002,9.295556254968004,8.725496483942274,3321510.287983118,7.699813853007582,7.086489619932127,7.552677321374523,7.200538343337147,2276446.76162203,11.509023018538592,10.380814767200835,11.460188805964089,10.680849831097827,48.8836898878351,8.624221430538984,7.668555684256471,8.504490039194316,7.580465279786651,32.48096369805437
1950,USO,Transformer,2024-01-01,2026-01-01,1,8.295169793717868,7.832034654032797,8.32516465325859,7.968560221873502,2331466.7506723925,7.406290564348135,6.8793147927785006,7.440972997901198,6.984031275033545,1945849.47915096,10.688448093921995,9.87348539952921,10.826485464651697,10.092941624918668,59.21094731651399,5.46227056793589,5.460972827307881,5.525716127273364,5.649576270902765,67.31132416548093
1951,USO,Transformer,2024-01-01,2026-01-01,2,3.906511708852108,3.6850707176492516,3.761182248672606,3.294991236216852,1645155.8393896094,3.20599840254041,2.908666935955488,3.0576910104877544,2.57414371911365,1365488.9098624773,4.647278724557482,4.196180830601808,4.47137738056929,3.7385654392462704,33.951051184826156,3.279139038169629,3.307475833519316,3.249101682354401,3.037780918116663,29.839563924125518
1952,USO,Transformer,2024-01-01,2026-01-01,3,6.587219499668783,6.243187408160359,6.828672700741497,6.452962519540979,1943720.590222028,5.779157095210045,5.348740764100503,5.983609318211374,5.484978019793791,1564968.6275464627,8.347019841783206,7.68538309550301,8.713951794900963,7.936451833277474,41.543252903204255,4.6238738793933765,4.695137253872841,4.866923486670059,4.999824462205352,47.17202032636108
1953,USO,Transformer,2024-01-01,2026-01-01,4,11.137970291683706,10.928577393348057,11.077702211060833,10.885624655399155,4220732.100662816,9.767905867855257,9.43388069430966,9.718302709129896,9.363830905815588,3749314.3651364916,14.095627375859637,13.539815824804771,14.140554674524756,13.53430510173084,112.21764909190406,7.796588854652049,8.01449217733973,7.836556984143931,8.139568123341203,99.04779872360889
1954,USO,Transformer,2024-01-01,2026-01-01,5,12.231644530850115,11.735148156302209,12.421598391726024,12.450977541646559,4141457.816418007,10.623226171733382,10.045779024084359,10.794988238869614,10.624306106562118,3598954.937412778,15.32709868000069,14.416042340401553,15.703939166209983,15.352787326609166,109.51023678519434,8.81048253971427,8.794666388801781,9.03377287540798,9.497899182581754,103.6587320718242
1955,USO,Transformer,2024-01-01,2026-01-01,6,11.482871649970795,11.307711495433384,11.87542935840274,12.12314562979058,4019987.8566087065,10.120410474040451,9.819580386405287,10.462848315265884,10.495498406448124,3570470.3042095373,14.601185152614784,14.089356892174806,15.219287387131711,15.163663736464208,107.28194200036971,7.900216971352922,8.1436888469481,8.273574336048497,8.890633527830355,96.58015900348963
1956,USO,Transformer,2024-01-01,2026-01-01,7,12.016601485127074,11.631619505001192,11.89378580543785,11.749736561485717,4125777.071712187,10.476055948354576,10.00845015503291,10.385446245499887,10.096585164113998,3621374.364547363,15.113916722789266,14.360447654886451,15.107085914828156,14.58771940515896,109.54131339105031,8.555383545037033,8.594368466926417,8.524730672832288,8.796085319131022,100.59576357307165
1957,USO,Transformer,2024-01-01,2026-01-01,8,7.154224344977835,7.075920131445401,7.1807104129705275,6.904753973059636,3829737.403736819,5.749146301190592,5.5202488581590545,5.728996699603141,5.288317178318364,3162567.8844025796,8.313605995090345,7.9455308895824555,8.358580140576088,7.669159892145075,98.96675521908449,6.1842415530202395,6.404519975452727,6.35405653864879,6.479789557261522,105.60330879957806
1958,USO,Transformer,2024-01-01,2026-01-01,9,12.5162981725452,11.983704219480737,12.774716286096435,12.698322308203123,3882422.38545201,10.98313019003641,10.371708538985613,11.221478428128398,10.958680180902464,3304082.4664344233,15.836592989319081,14.873290244566798,16.31360186155698,15.825060638940824,101.83373671325604,8.703736873444639,8.689592330208756,8.959716614572226,9.375072546114367,104.29485484077061
1959,USO,Transformer,2024-01-01,2026-01-01,10,3.582211169140278,3.3636932476798407,3.7529252367796544,3.3456417338445985,2069227.924745155,2.8780263772910586,2.635296217222889,3.02046650138616,2.6142335586366743,1556165.085700651,4.173822634698101,3.8014588547616115,4.417116128203428,3.7952360797036353,30.735024335558396,3.127906933671614,3.0547302274173975,3.2982815257729947,3.0797331677925417,20.9368410913439
1960,USO,Transformer,2024-01-01,2026-01-01,11,2.6263377755960584,2.546007014219407,2.53738498063774,2.2579613585816682,1890776.3041589272,2.141699414477554,2.0980429315533935,2.118280364134699,1.9091871671308127,1621576.5006798196,3.1000982057516944,3.015177660123021,3.08797522727805,2.7551065632878005,46.366543437425165,2.224898508032388,2.1054082737617636,2.0695222600397756,1.7745015546420218,50.01779371654839
1961,USO,Transformer,2024-01-01,2026-01-01,12,10.419967113262611,10.103013992961445,10.488727730793444,10.489661385694381,4366438.492996146,8.857866159130449,8.434734181273983,8.905250842462006,8.689166343052792,3759271.0978043224,12.779163976040229,12.105732788636981,12.95636722447408,12.560445982773057,114.46102236380051,7.948538010955754,8.037641269229665,8.12164496124317,8.57280834641552,111.90203106563253
1962,USO,Transformer,2024-01-01,2026-01-01,13,7.584279712909973,7.4399385754879805,9.290993117202367,8.152244008234803,2000109.183829572,6.801153027794399,6.549797069967166,8.30669698720443,7.159463329837439,1703078.8403105559,9.817701568225035,9.402749907480118,12.085010648275682,10.347428543077339,49.775141712183554,4.918159812838181,5.15423109720083,6.153070044278662,5.743073767913355,54.7576273873996
1963,USO,Transformer,2024-01-01,2026-01-01,14,1.9442083231548304,2.0413392008930877,2.1924571129034285,2.748158208367217,1845571.4279030545,1.5531789753933025,1.6681355626073728,1.807351692169219,2.296036845488973,1410498.544311132,2.221965540519357,2.367445114951041,2.6043049019854667,3.284264937330275,30.3323327665795,1.662918399169634,1.6651173715206122,1.7786542123952724,2.152211865083632,21.620941515723267
1964,USO,Transformer,2024-01-01,2026-01-01,15,7.914668388826029,7.646312968807869,8.448115093894847,8.17223733386972,1949818.6788926404,6.995554796975741,6.628803262918101,7.448619419577145,7.041388672302664,1469603.1989333571,10.100998975055901,9.519934961055993,10.843305535470348,10.182432207739266,31.16369248942556,5.414905974569882,5.557747858813373,5.8926777599541,6.099313794253527,24.671093216925815
1965,USO,Transformer,2024-01-01,2026-01-01,16,4.542776920153067,4.07405021271379,4.417758148830463,3.939772767551119,1731313.5239126289,4.269843532517822,3.7917249929137875,4.157347185127496,3.66692631889799,1390042.047258277,6.161218011004901,5.436949686161655,6.043799433372202,5.289486156802845,33.83340351647727,2.315898630205831,2.2250312180509684,2.2546980830937944,2.1634616299018217,29.16981421351087
1966,USO,Transformer,2024-01-01,2026-01-01,17,4.72446442380372,4.569562231377034,6.535918812050503,5.719710305382699,1761835.9716326513,4.178942287926042,3.9204027132268844,5.8086648482169725,4.934253143255801,1485350.109258801,6.045149431747386,5.641976807236386,8.46254518874138,7.143534993332339,41.48569037106032,3.2634420313065675,3.455091444523697,4.460846313732341,4.283230995714026,44.04975786702861
1967,USO,Transformer,2024-01-01,2026-01-01,18,10.530524882298058,10.08014440713373,10.715555276748468,10.488103533713266,3547738.692525136,9.395113803095894,8.872520103745325,9.570150267498567,9.205864478599853,2987607.7181684584,13.541462681589806,12.716621449747182,13.906241547505482,13.286092906891684,92.90899220042861,6.897090256771501,6.9283959619301285,7.077676713760122,7.349976438308612,99.3667531184326
1968,USO,Transformer,2024-01-01,2026-01-01,19,7.610722022121756,7.330698235098727,7.813895925343666,7.4815835735811955,1798239.7093886118,6.63216984256616,6.253293586526867,6.79474394883199,6.324769496211542,1548304.774548652,9.578280597660164,8.983963159544738,9.894978695828698,9.151152469379253,43.92832433217894,5.453924900780567,5.571193404340008,5.699080455637087,5.8696586265672215,44.6467369218018
1969,USO,Transformer,2024-01-01,2026-01-01,20,5.44141633441419,5.115674529246224,5.362032110358524,4.764461915356444,1694352.461195303,4.947939959834609,4.55060292120631,4.882490874771595,4.225572280110871,1415464.310875817,7.145484054226356,6.5360077571143425,7.108532480085844,6.111706080343702,38.387593363587214,3.3420099181002763,3.4365691130303166,3.3127798237763906,3.2712758256387127,37.60776693344684
1970,USO,Transformer,2024-01-01,2026-01-01,21,6.879480912546932,6.595165481207325,7.176085158436821,6.8240914996498185,1829293.4236997624,6.304681234324676,5.950392912051001,6.587117784824289,6.164923522178198,1473228.0446414014,9.103373918381717,8.542489554880765,9.586599938936875,8.909287441145578,36.633666948625155,4.074667231555883,4.19378526268792,4.262250092482288,4.35479959797722,35.321051710273395
1971,USO,Transformer,2024-01-01,2026-01-01,22,8.37617502570609,7.968901738893739,8.793504960877842,8.516638166005402,1814603.6695074502,7.680370502852858,7.216819245735408,8.071568695286269,7.713302686274689,1451367.2711329176,11.084406689928784,10.354707682308598,11.740769876886405,11.140217706747451,33.957557441809406,4.928970557580619,4.969602294624812,5.202260192061859,5.353747428469806,26.634231460884035
1972,USO,Transformer,2024-01-01,2026-01-01,23,12.576254163054301,12.140766029440828,13.109241133004579,12.928693332258716,4748298.026353419,11.137950650542837,10.622833643753877,11.616463354686816,11.28570387317742,4294830.0282051135,16.06309065139388,15.234535462701206,16.889314572511413,16.297167102559655,126.57813215898229,8.49424527845731,8.53235044677325,8.938591808370466,9.23867818876252,108.56790640276712
1973,USO,Transformer,2024-01-01,2026-01-01,24,5.967023648465985,5.512773468497289,6.023523801717283,5.549317930137022,1970841.773892102,5.321082450702179,4.791163423511204,5.369376207655564,4.798577346723525,1691332.4066939226,7.687216081061968,6.886239185862713,7.821322619266667,6.944993141733183,50.408669213686196,3.9712781153570313,3.9952166614571225,4.061452518325046,4.120764540076069,53.84078467998328
1974,USO,Transformer,2024-01-01,2026-01-01,25,9.06969019253875,8.69207291682618,9.045640528633134,8.823377844181858,3377326.643899325,7.465704043802953,6.980931550623352,7.414054183158289,6.974373774084272,2784144.1420471626,10.786952419192328,10.038416901683085,10.80615241994391,10.103478166387545,87.39885045942809,7.478838956067865,7.496160254999161,7.608114235571096,7.88980894714799,94.61593828037549
1975,USO,Transformer,2024-01-01,2026-01-01,26,10.663571660129561,10.465919811717908,10.945449533055669,10.747960316455918,3511589.868154571,9.280267464185737,8.966901083571392,9.521193647996146,9.167151868927075,3017994.6625163704,13.391122941922736,12.869034961757292,13.852609496833376,13.249198981841436,93.03208701562747,7.639763231799694,7.83046333771016,7.943102329735247,8.215048171178054,91.14985207024137
1976,USO,Transformer,2024-01-01,2026-01-01,27,8.888440393807363,8.713076771143855,8.922754310694897,8.804511993028195,3904284.3828458716,7.566447466604666,7.263147577583842,7.583560481352837,7.278309302606061,3309942.5466240044,10.927315032939925,10.435300814609976,11.044845397968219,10.532081455526066,101.93783289855219,6.7919731437968185,6.985095736665172,6.9224944446722265,7.252535999770945,99.7435385868345
1977,USO,Transformer,2024-01-01,2026-01-01,28,9.160117158041734,8.838256574507096,9.204115163157491,8.854887641065437,3478079.6929156557,7.977436243305588,7.554854367405578,8.012016191549666,7.522508096733331,2914552.6664307946,11.502141415744426,10.834948880196855,11.64853158644609,10.865349097644081,90.24745158812183,6.518117123258015,6.629996716053964,6.640494616459369,6.819829474609933,98.17505169353568
1978,USO,Transformer,2024-01-01,2026-01-01,29,5.558638973406744,5.21957150914028,5.793784269018328,5.292667895656997,1959703.327160674,5.154716582850688,4.780074628005599,5.3943800632691215,4.86234331773243,1508179.3267676872,7.443692764486729,6.860928583637695,7.848970350416408,7.0233744247749,31.825662690759792,3.103780966214784,3.117994889333681,3.190522084695698,3.138538489349471,23.454020311150146
1979,USO,Transformer,2024-01-01,2026-01-01,30,9.388246251929845,9.047006152286432,9.399928948124535,8.985822993130647,3354886.11162516,8.182243687387903,7.748318781493095,8.193817206160785,7.6519483392771575,2857346.567426813,11.806163503185727,11.120316304520706,11.921164338279636,11.060070626232527,88.44930581073854,6.696317982597144,6.776921874961397,6.779923583710788,6.899785771752569,90.44572284915998
1980,USO,Transformer,2024-01-01,2026-01-01,31,7.642166010837349,7.369265804454015,7.882623493840716,7.374507660673069,1825690.305134595,6.970043680389257,6.63199620435575,7.203897414619136,6.634820862965455,1501973.7636224765,10.058423708423572,9.514848545214624,10.478165540161783,9.583118067094812,39.54871940955532,4.610582889370678,4.713198733540811,4.76285573526037,4.7668655466586936,36.80859078812446
1981,USO,Transformer,2024-01-01,2026-01-01,32,6.700224342291468,6.409587990920542,6.9451169846130965,6.601045346935565,1797192.7027237522,6.122058930274273,5.764304212772808,6.353699524678566,5.936669891599596,1351328.6694411396,8.841419371156896,8.277053602838166,9.248746734532233,8.581434109560911,30.36302597088717,4.032594664778965,4.135185670619967,4.200185506850965,4.296672469461258,27.793576597710196
1982,USO,Transformer,2024-01-01,2026-01-01,33,11.816014025007837,11.590793656298075,11.651190665373425,11.322929813969486,4249619.027256777,10.279710672578439,9.933855246061619,10.150661445625161,9.681720679968112,3701942.185755906,14.83247541228627,14.255775071737029,14.768113452804638,13.992654825204234,112.16070683321426,8.472370439487879,8.661936428668044,8.416396540015656,8.598667429156864,104.98690912911614
1983,USO,Transformer,2024-01-01,2026-01-01,34,10.388247037023392,10.040233486665315,10.467558320051229,10.34497860517573,3492092.6573600434,8.972999202463894,8.520995617627777,9.037844843008967,8.726673003676815,2934555.916506563,12.948580112234625,12.2313850757039,13.151430645984451,12.615593364876126,91.15346943191007,7.606176568297049,7.697057036355309,7.763088970549005,8.126299107675193,96.84125185935085
1984,USO,Transformer,2024-01-01,2026-01-01,35,3.944010031496075,3.677044040050861,4.186635320086079,3.683702643189147,1846741.3938141856,3.421207462191497,3.0477820670947375,3.60524182703362,2.9799056305658222,1416441.2649925041,4.944234391182413,4.384094351410805,5.254374239560847,4.317146459351548,33.24172147769758,2.8656302111158976,2.990273919571582,3.1405970711961246,3.174197364767955,30.64715546696807
1985,USO,Transformer,2024-01-01,2026-01-01,36,6.604699759937284,6.287318485897775,6.844498783378505,6.477950113298436,1828354.2504671705,5.855618326485171,5.452375430417718,6.0602942537022955,5.584639137816012,1402845.653987646,8.459347805164613,7.834914212632069,8.826715608779974,8.080485253995349,30.972378844841124,4.4894888737003,4.583296015989467,4.724613990519576,4.845632370564989,24.780197365928654
1986,USO,Transformer,2024-01-01,2026-01-01,37,6.614770399696866,6.255198251405686,6.757765632545522,6.365755403475378,1727104.9409508554,5.972421277902595,5.549754262216998,6.111930084579469,5.642214629337713,1350488.8561123624,8.627640080135183,7.9721578601916905,8.899611266525675,8.159321219337018,32.38263976952193,4.203462078699408,4.2504490464158895,4.310039432859624,4.379777596901764,30.74377103786275
1987,USO,Transformer,2024-01-01,2026-01-01,38,1.544321890982368,1.4077231298788622,1.4985005781960932,1.3055766857023892,1721732.9603012933,1.1968466213786768,1.051450894371348,1.201239112375777,1.1054582837155782,1348520.341857361,1.7401225614750369,1.51917181189697,1.756404386378831,1.5924348699070878,30.88821579638858,1.4462688720933075,1.3842511921494085,1.3375822109642321,1.0204992764229723,25.168603142831262
1988,USO,Transformer,2024-01-01,2026-01-01,39,3.7841411357445085,3.5902346395783002,3.700660386729269,3.229929029519784,2188161.753983735,3.222892307348693,2.9192287410588715,3.115871035534428,2.5598560247723565,1838293.0551103493,4.662985292292157,4.204396400562092,4.548534204905776,3.7143228561753263,55.172607629098,2.903842944405765,3.0447633684140327,2.9542084377159954,2.8971331853150364,63.3578263971638
1989,USO,Transformer,2024-01-01,2026-01-01,40,10.185968689697255,9.891866053978783,10.393059847907857,10.200107608011361,3593685.012834374,8.673282612584309,8.263546682667293,8.835418576083756,8.451661904676836,3023625.8996808263,12.517012779896003,11.864300043169854,12.859031762100711,12.22169802937021,93.81007641037203,7.7478602952599385,7.86785746309411,8.030566784474704,8.339742423866701,98.9978827749713
1990,USO,Transformer,2024-01-01,2026-01-01,41,10.736292613999543,10.3331585683364,10.637591501474205,10.433379207881343,3930483.663693406,9.024750154101858,8.523142046388745,8.925861180963683,8.530132179903825,3317444.82277633,13.031574432365714,12.244980327499722,12.999236203436936,12.343982202049538,102.5032652673818,8.448700179591992,8.462089972178441,8.501218645856648,8.77897207014556,102.36607766761226
1991,USO,Transformer,2024-01-01,2026-01-01,42,10.673136340564167,10.253312109921259,10.836010533988464,10.540684232270895,3384431.005511473,9.323727528318345,8.813685380002486,9.469660164579743,9.020591531583902,2761815.4297815287,13.446151611157688,12.64215494847392,13.770021906487957,13.030456366667185,87.00916016262386,7.534322501869514,7.584162019488584,7.732650522642688,7.970090512541068,98.98714781986418
1992,USO,Transformer,2024-01-01,2026-01-01,43,1.8396311292644918,1.8945198538979755,2.016030112655532,2.491937037065893,2045601.483000747,1.448751385105678,1.5453847653008548,1.6516567524245402,2.0774877574405965,1555895.3249549714,2.0742984626763348,2.194464950257026,2.381981821785715,2.972323926591205,31.07883295863152,1.616735693022176,1.5539165779115225,1.6608608263697182,1.9617214512689514,21.05729131608846
1993,USO,Transformer,2024-01-01,2026-01-01,44,7.5034896728877865,7.1080729075593245,7.5602637028752815,7.35711780174659,2160709.1272745053,6.5883921099133715,6.108896830500274,6.629732210725865,6.278522776936839,1789073.2737828663,9.51228812952927,8.773924485110458,9.652232107465828,9.080941557371954,52.597393159678255,5.243412994494504,5.291353745517765,5.368430624937743,5.633500203394825,62.11421275050959
1994,USO,Transformer,2024-01-01,2026-01-01,45,9.757036833542914,9.506868219691679,9.834122937858412,9.79555084406397,3553688.9122547754,8.380935880582335,8.015954089169814,8.435914123980575,8.200337458385098,3056852.082085229,12.094407070302655,11.507329771702555,12.27639649548157,11.855996591254875,94.06085101317899,7.252116173969306,7.402066029362247,7.4225245486460505,7.831150717760525,92.96538753688459
1995,USO,Transformer,2024-01-01,2026-01-01,46,2.002086416830831,1.8876489577658457,2.0784912054608697,1.6414018037733695,2156357.3940861,1.5687375408108328,1.467135311786701,1.6511536544722867,1.2619073450058853,1661103.984555081,2.2829293371852892,2.1203729856085967,2.4206322776549163,1.832842899932902,32.53025802655661,1.8481254668349132,1.7615223809056366,1.892777884116597,1.5696416852778408,20.998219685638798
1996,USO,Transformer,2024-01-01,2026-01-01,47,11.046361212929574,10.86430995918966,11.151120457872638,10.821761717683954,3489672.070201364,9.530610120765,9.224812059577854,9.61981139386873,9.142749943538089,2958012.7132013566,13.754181437849244,13.24183433825753,13.99872402768731,13.217514991875804,91.64464626034417,8.120873326619936,8.321950529722564,8.294034789395987,8.472135171219946,90.29956873809829
1997,USO,Transformer,2024-01-01,2026-01-01,48,7.4938135460732545,7.12948286346577,7.730950198219842,7.321882643214873,1724791.1288424912,6.765185761999698,6.335694915786783,6.988335617666689,6.499190772023511,1433976.6413144548,9.770097416884367,9.098153100683888,10.172783099506546,9.395670568695234,34.50817122052387,4.755161496234671,4.806365492673448,4.931129646011668,4.999709941778739,27.702179198862815
1998,USO,Transformer,2024-01-01,2026-01-01,49,9.856784613693776,9.610177888486772,9.912068525561775,9.843264435346422,3761419.383711661,8.636719145260281,8.282664095910954,8.68656983871995,8.446871832592565,3229089.9516321914,12.462223999025083,11.886554316646166,12.637960340914079,12.20734362063038,99.44791844145537,6.9141710895911075,7.076449809977106,7.031208183161665,7.405715624367433,97.7751012542385
1999,USO,Transformer,2024-01-01,2026-01-01,50,3.156628936535943,2.8693394862405217,2.9505923588357286,2.475529870887552,1711109.9053396739,2.7561245417902414,2.3919567373192034,2.53960023755846,2.0126591020383118,1330355.9480666763,3.992996511541539,3.4494553509957964,3.712274741910398,2.9241384220204685,30.97237665090617,2.290001179963706,2.3420052795186406,2.255461684442616,2.150612620123673,26.65841038813952
