,Stock,Type,Start Date,End Date,Seed,Open (RMSE),High (RMSE),Low (RMSE),Close (RMSE),Volume (RMSE),Open (MAE),High (MAE),Low (MAE),Close (MAE),Volume (MAE),Open (MAPE),High (MAPE),Low (MAPE),Close (MAPE),Volume (MAPE),Open (SDAPE),High (SDAPE),Low (SDAPE),Close (SDAPE),Volume (SDAPE)
0,^GSPTSE,Transformer,2022-01-01,2024-01-01,1,1048.391437,1098.456466,1000.100843,1198.951713,90321533.07,866.4272704,908.9520456,821.292587,1003.007251,52075036.5,4.21066244,4.393742138,4.002891783,4.868087004,30.45496232,2.828171411,2.938757562,2.741127879,3.141114993,62.92002637
1,^GSPTSE,Transformer,2022-01-01,2024-01-01,2,1121.317753,1162.648688,1033.312264,1290.73814,90002054.38,928.5117228,963.6049324,847.8665715,1081.957323,52049099.79,4.512159352,4.65769807,4.13175762,5.251031372,30.75317156,3.006867915,3.094607143,2.832493689,3.359563318,63.30975646
2,^GSPTSE,Transformer,2022-01-01,2024-01-01,3,733.9373366,788.1274671,653.3873842,862.9842464,90213251.59,572.9513445,618.1042302,499.188824,689.5644805,52193930.85,2.778720067,2.981856941,2.42693519,3.340919054,30.51024983,2.197075197,2.330337286,2.024111654,2.480078882,62.47978279
3,^GSPTSE,Transformer,2022-01-01,2024-01-01,4,842.2701187,894.0255194,757.8454112,985.5295716,89891623.73,668.3596524,710.6906389,593.8728447,796.1334032,51473195.29,3.243720624,3.430652704,2.89000064,3.859387614,30.25414095,2.458144477,2.587779466,2.263411798,2.780647703,62.83547092
4,^GSPTSE,Transformer,2022-01-01,2024-01-01,5,1163.486319,1209.153944,1096.780955,1322.206059,89760399.63,931.6896884,970.9669219,866.6958538,1073.09446,51640831.41,4.522841788,4.688405589,4.218703583,5.202522783,30.38256086,3.336232445,3.431053606,3.226547503,3.690533056,62.63836089
5,^GSPTSE,Transformer,2022-01-01,2024-01-01,6,992.7150656,1054.025272,912.7097796,1163.973037,90233014.69,801.7448039,854.0305426,728.1456572,955.6368832,51600513.77,3.893501547,4.125387435,3.545814895,4.63531194,29.92586015,2.807646107,2.946243148,2.646808383,3.180315929,61.893108
6,^GSPTSE,Transformer,2022-01-01,2024-01-01,7,1224.691675,1270.130711,1149.877506,1392.845718,89825687.62,1012.523132,1051.164511,943.3568579,1163.768068,52074295.92,4.920492851,5.080981071,4.597448497,5.647798675,30.95643774,3.2976316,3.393543855,3.155410316,3.655614685,63.94312526
7,^GSPTSE,Transformer,2022-01-01,2024-01-01,8,1099.477761,1172.576945,1027.472205,1319.992673,89916833.75,906.5728723,969.1091456,841.1012683,1103.687725,51551621.54,4.406175766,4.685013296,4.09985396,5.357433952,30.32956103,2.985545784,3.149791474,2.840068162,3.467285538,63.2077943
8,^GSPTSE,Transformer,2022-01-01,2024-01-01,9,1520.852984,1580.273282,1433.613177,1752.997216,89558457.21,1273.260001,1324.060318,1195.128258,1482.016588,53219245.98,6.190259584,6.402889714,5.827515629,7.195285243,32.48304885,3.977692309,4.102143628,3.79625815,4.468424127,65.37859635
9,^GSPTSE,Transformer,2022-01-01,2024-01-01,10,998.209708,1052.384643,907.4803633,1195.949128,90259299.15,817.1203197,863.0581192,734.4952064,994.7021656,52237931.88,3.969753128,4.17056883,3.578132072,4.826763174,30.67233811,2.747601937,2.869866221,2.560795432,3.175019979,62.99657643
10,^GSPTSE,Transformer,2022-01-01,2024-01-01,11,599.7453069,661.3571018,535.2862064,738.6191201,90610915.68,484.8794357,533.1138341,432.1311578,608.5867448,54358922.6,2.357665463,2.577522078,2.107917513,2.955468517,33.54439176,1.703608545,1.878519113,1.529309759,2.016707472,65.79651976
11,^GSPTSE,Transformer,2022-01-01,2024-01-01,12,534.3883236,591.4890159,467.809509,652.1740789,90044576.36,435.8168586,480.7138292,382.6415321,541.5816403,55462759.3,2.119947327,2.325076606,1.867288863,2.631090399,34.3583272,1.493404372,1.654922747,1.302845938,1.75153601,66.13920828
12,^GSPTSE,Transformer,2022-01-01,2024-01-01,13,703.5117183,757.9396967,604.0692711,803.2327778,90990573.99,550.9666649,594.9103028,473.9995483,638.3949934,52674740.01,2.673115006,2.870734316,2.306958144,3.093343512,30.68915709,2.100533384,2.243831746,1.800773184,2.337968664,62.66944419
13,^GSPTSE,Transformer,2022-01-01,2024-01-01,14,1074.422452,1113.096878,990.2876276,1211.44051,89897813.3,872.900783,905.1664975,796.364405,996.1536731,51599661.52,4.239913065,4.372953703,3.878964865,4.832155458,30.36042141,3.003705374,3.089017728,2.829847765,3.299321491,62.85496576
14,^GSPTSE,Transformer,2022-01-01,2024-01-01,15,886.2234381,938.6863087,810.5309394,1016.764538,89932574.15,708.763808,751.3654348,638.465429,825.9156456,51799597.14,3.440821198,3.627985301,3.107864941,4.004680062,30.52688569,2.552039297,2.684787261,2.402344557,2.83950563,63.38613032
15,^GSPTSE,Transformer,2022-01-01,2024-01-01,16,1256.235169,1313.707012,1173.746355,1450.82147,90341543.84,1060.195433,1108.766398,985.2934256,1235.078608,52366716.46,5.156166756,5.363483621,4.805891003,5.998277434,31.34836088,3.226692298,3.354487432,3.062398437,3.6377938,65.12026583
16,^GSPTSE,Transformer,2022-01-01,2024-01-01,17,809.6928499,875.7991395,774.9389937,978.4433298,89754583.16,638.9342216,694.4356316,606.832363,789.3439797,51531958.24,3.100599837,3.3520998,2.953328144,3.826523334,30.2508657,2.388102115,2.548417337,2.319275035,2.769997106,62.22489567
17,^GSPTSE,Transformer,2022-01-01,2024-01-01,18,948.4147607,1006.476301,852.6307475,1120.065366,91152594.99,789.578129,839.1959661,702.6568835,945.7342361,52784407.85,3.837806389,4.057343762,3.424731186,4.591246088,30.35581702,2.514960473,2.645049849,2.317895143,2.866615067,61.87852325
18,^GSPTSE,Transformer,2022-01-01,2024-01-01,19,401.0701139,461.9458013,343.7491711,509.7600373,89394567.33,324.6084531,374.6967369,281.8455025,414.8585784,51319056.76,1.576786695,1.810190484,1.373909228,2.011538746,30.98873213,1.126547164,1.28555271,0.941663921,1.415192667,64.5792661
19,^GSPTSE,Transformer,2022-01-01,2024-01-01,20,141.6812306,180.3065599,131.8451258,172.5131461,91094801.81,112.6799175,149.6628857,107.6804055,140.0640584,59341758.06,0.551486122,0.726414283,0.531896947,0.682095774,37.44860504,0.417704723,0.481332763,0.378492043,0.483381252,69.63008386
20,^GSPTSE,Transformer,2022-01-01,2024-01-01,21,832.4427841,891.0295391,754.4081084,975.5820045,90354899.1,678.9227505,729.4167433,613.3715681,807.8130379,54644769.59,3.302898216,3.529164247,2.993496933,3.924686622,33.45976167,2.330016518,2.459566748,2.131657059,2.640362487,65.3116033
21,^GSPTSE,Transformer,2022-01-01,2024-01-01,22,1091.901934,1134.464892,1009.387266,1233.301167,89661721.3,861.8223769,898.4239581,787.7377006,987.4237985,54485934.44,4.181667754,4.336067056,3.832680837,4.784937245,33.76289853,3.209784399,3.298842098,3.029195711,3.530740614,65.30330928
22,^GSPTSE,Transformer,2022-01-01,2024-01-01,23,1267.864016,1311.622108,1188.146499,1442.411166,90029690.25,1059.229949,1096.327937,986.2515834,1216.908515,52362877.74,5.149150501,5.301032797,4.808149032,5.907573935,31.07184541,3.332721215,3.424844448,3.177108513,3.69665898,63.93349011
23,^GSPTSE,Transformer,2022-01-01,2024-01-01,24,863.2961195,918.6276608,804.24427,1029.794605,89823336.95,706.1595787,751.3419867,651.6510417,855.3355792,50978951.39,3.431639696,3.631427663,3.175717584,4.151440559,30.23971173,2.387103875,2.526582273,2.271687281,2.750853607,62.68033164
24,^GSPTSE,Transformer,2022-01-01,2024-01-01,25,1038.740607,1100.735878,964.0492317,1218.09388,89649448.04,832.2412397,885.4860817,762.055628,991.2257629,51974684.48,4.040559877,4.276291905,3.709908952,4.806551438,30.9544428,2.981199805,3.118679785,2.840280304,3.388945174,63.63275122
25,^GSPTSE,Transformer,2022-01-01,2024-01-01,26,1264.647216,1320.871609,1189.323279,1478.180971,89356866.96,1018.227848,1066.630652,948.8140493,1206.577837,51392008.48,4.944040633,5.151515482,4.619998362,5.851104476,30.48330351,3.592449101,3.711122141,3.443642388,4.081760913,63.03935205
26,^GSPTSE,Transformer,2022-01-01,2024-01-01,27,795.8929062,856.3295715,707.4850357,931.8488284,90516669.81,635.945759,688.2850395,552.8070131,760.8358201,52488339,3.086487458,3.323129561,2.689417899,3.688851355,30.36073011,2.290337142,2.425209418,2.119033541,2.568923091,61.66397169
27,^GSPTSE,Transformer,2022-01-01,2024-01-01,28,1097.512357,1160.456318,1010.386999,1293.253954,90917481.38,931.3065348,984.6416444,853.332986,1107.987158,52885683.23,4.531673666,4.765385843,4.164639553,5.383911777,31.04801375,2.789076611,2.93210553,2.606187348,3.197030211,63.38852113
28,^GSPTSE,Transformer,2022-01-01,2024-01-01,29,967.4026407,1017.839763,885.9623514,1095.830915,90831835,807.0338295,849.7578809,732.8905169,925.1653327,52385726.87,3.923083914,4.108731038,3.572718523,4.491552977,30.32829414,2.554430245,2.66807467,2.390040731,2.807044121,62.31810252
29,^GSPTSE,Transformer,2022-01-01,2024-01-01,30,890.8003435,991.6949888,883.5897876,1081.459756,90524429.91,745.7547006,832.1189548,740.4446681,916.9854951,52805367.49,3.627525511,4.025805632,3.61336658,4.454367466,31.37883079,2.343311841,2.578147086,2.326017262,2.750596823,64.23826936
30,^GSPTSE,Transformer,2022-01-01,2024-01-01,31,1083.087491,1126.361144,1003.410753,1224.863886,90267100.01,844.3498551,881.0827941,773.5778879,970.4453678,56539775.93,4.095631947,4.250949166,3.762699015,4.701398039,35.41022478,3.252470191,3.346622728,3.071463634,3.57603696,68.34339122
31,^GSPTSE,Transformer,2022-01-01,2024-01-01,32,1013.635783,1067.984778,929.5661763,1178.865413,90231716.61,835.517089,881.5459896,759.4306715,985.2353827,52150012.79,4.060096565,4.260862152,3.700809428,4.781639338,30.70130514,2.749941679,2.872524895,2.575687832,3.095344058,63.17682117
32,^GSPTSE,Transformer,2022-01-01,2024-01-01,33,987.4330013,1047.246698,917.7289147,1195.944938,89878762.42,801.0673933,852.6327474,736.0178719,988.204813,51819175.99,3.890261847,4.118858546,3.584119633,4.793756432,30.51469493,2.764010822,2.895332111,2.631095639,3.217663028,62.8365408
33,^GSPTSE,Transformer,2022-01-01,2024-01-01,34,1406.409888,1462.785642,1332.193255,1611.027761,89313582.76,1139.4214,1188.116981,1071.739345,1320.209982,51692597.18,5.533779189,5.739527861,5.220101353,6.403131637,31.04490441,3.948228685,4.063628076,3.799137621,4.412745038,64.25866189
34,^GSPTSE,Transformer,2022-01-01,2024-01-01,35,854.6762241,906.9013264,770.8536888,1000.753357,90078283.97,684.3782805,727.5071709,611.0538033,815.3788146,51983318.38,3.323259573,3.513654438,2.975623914,3.95469564,30.54102132,2.460812807,2.588364327,2.264818617,2.783319231,62.63819003
35,^GSPTSE,Transformer,2022-01-01,2024-01-01,36,1126.794095,1188.770861,1050.000267,1324.145447,89806513.05,912.790972,965.6077703,842.7759169,1088.892404,51575290.17,4.433463086,4.664940028,4.105059858,5.282224027,30.34892652,3.169303481,3.307300891,3.012692071,3.606618654,62.71995089
36,^GSPTSE,Transformer,2022-01-01,2024-01-01,37,1002.516281,1061.717354,935.8076254,1185.676839,90471246.15,834.9925234,885.2497122,773.8736769,1000.686085,52427910.15,4.058917519,4.280248946,3.772593534,4.858237447,30.75267522,2.657659145,2.791870435,2.526902024,3.039823535,63.11659991
37,^GSPTSE,Transformer,2022-01-01,2024-01-01,38,1024.423274,1071.431056,943.357735,1180.516932,89967667.19,841.1542052,880.7811727,767.0086229,982.1203336,51572227.42,4.087404199,4.257006832,3.737728213,4.76626558,30.34912275,2.805420277,2.910673381,2.643012009,3.136372573,63.18313466
38,^GSPTSE,Transformer,2022-01-01,2024-01-01,39,762.0082547,817.7791996,690.8662515,885.8501315,90777498.03,639.5300442,685.9767377,575.3553534,753.5597763,55992012.77,3.111203152,3.319004083,2.807233693,3.661449736,34.90889896,1.991630708,2.127325146,1.84460714,2.23488606,67.70291573
39,^GSPTSE,Transformer,2022-01-01,2024-01-01,40,1014.604301,1062.341613,926.572178,1158.250995,90460055.57,835.1879746,875.8788297,754.2511464,965.7936701,52367231.72,4.057715947,4.232788788,3.674447978,4.686274797,30.2792116,2.756033929,2.860475815,2.581253325,3.052615915,61.60621115
40,^GSPTSE,Transformer,2022-01-01,2024-01-01,41,373.7283923,437.2888849,308.6571699,483.6534272,89731590.35,292.1202937,344.0765655,242.5033786,382.8030055,52252235.74,1.417228464,1.660371083,1.180749763,1.854116772,31.37521669,1.114248835,1.284009146,0.91437175,1.411921562,64.57205427
41,^GSPTSE,Transformer,2022-01-01,2024-01-01,42,878.7132577,941.2241482,811.7526629,1038.577037,89713553.68,700.0007346,752.1471707,637.9902161,842.7601663,51250865.84,3.397933795,3.631596028,3.105332703,4.08626596,30.15780925,2.549292458,2.7008708,2.415276515,2.906965226,62.95504121
42,^GSPTSE,Transformer,2022-01-01,2024-01-01,43,733.4799371,802.7386195,641.6001359,889.8610703,90656508.96,587.8653088,647.6562771,505.1179143,730.8561595,52319220.62,2.85366051,3.127599427,2.458249449,3.544502213,30.06418237,2.102648843,2.26085708,1.90116983,2.427420166,61.0439606
43,^GSPTSE,Transformer,2022-01-01,2024-01-01,44,807.655915,873.7572566,741.6870722,969.1055709,90169418.33,641.2348553,697.4609012,581.1806028,786.6433022,51843356.45,3.112101781,3.367226057,2.828368462,3.813945644,30.16250303,2.355871913,2.511309792,2.216391371,2.709377984,62.01841266
44,^GSPTSE,Transformer,2022-01-01,2024-01-01,45,1105.842309,1168.403777,1016.111393,1303.588835,89965542.1,907.6609454,961.3426062,825.9259605,1085.027994,51752992.77,4.409787001,4.645821838,4.023838734,5.264933116,30.41454192,3.02448884,3.161774658,2.841144136,3.451987748,62.81873781
45,^GSPTSE,Transformer,2022-01-01,2024-01-01,46,983.5889715,1044.773702,914.1655182,1145.281739,89845364.7,775.1370418,826.3301784,711.5178477,918.15711,51379714.2,3.761399241,3.988429889,3.462216894,4.450105174,29.98533831,2.90588728,3.051595558,2.761985757,3.279000827,61.90477561
46,^GSPTSE,Transformer,2022-01-01,2024-01-01,47,939.0351098,977.4759272,859.4338472,1107.06229,90579313.92,776.122951,807.7364865,704.0413535,928.01358,53187467.58,3.773395175,3.905818743,3.432871411,4.506136489,32.45930673,2.54210827,2.632260133,2.377887694,2.896873206,65.3606028
47,^GSPTSE,Transformer,2022-01-01,2024-01-01,48,790.8424516,842.2789671,722.5813731,934.7516923,90124818.47,621.742759,664.1313074,562.1625568,750.5139386,51684283.35,3.016593068,3.205043158,2.735130791,3.637494246,30.21947986,2.345152247,2.472748292,2.183022137,2.668209548,62.44212708
48,^GSPTSE,Transformer,2022-01-01,2024-01-01,49,759.0147823,809.5334603,687.9001115,892.0881263,90779288.39,596.8039363,638.7846428,534.9269397,717.0979118,52339651.52,2.895542228,3.08274074,2.602532016,3.475607339,30.14101798,2.249900066,2.37344577,2.079467342,2.540788527,61.45625379
49,^GSPTSE,Transformer,2022-01-01,2024-01-01,50,1051.063205,1082.75468,939.1080671,1166.675445,90177623.14,863.4572257,889.8671762,761.9213154,969.0221238,52010377,4.195261343,4.300374522,3.711988347,4.701853583,30.48029764,2.87095103,2.939084582,2.637584734,3.106876696,62.78179445
50,^GSPTSE,Transformer,2022-09-01,2024-09-01,1,379.3723243,315.4491084,342.829004,291.9749217,42654103.52,309.422588,247.0737344,259.0497331,228.1804848,30770005.74,1.365160562,1.084371451,1.153549466,1.00756735,13.46668934,0.98692498,0.872901336,1.025069101,0.821794099,11.25532749
51,^GSPTSE,Transformer,2022-09-01,2024-09-01,2,436.9687026,387.3332748,440.6474988,397.6821721,42984240.21,305.2020364,274.2455262,307.1240894,296.9341431,34059142.08,1.359085199,1.211648608,1.373969205,1.314167031,15.84520363,1.41839051,1.230776367,1.44757502,1.197943968,11.96651625
52,^GSPTSE,Transformer,2022-09-01,2024-09-01,3,647.8574952,720.060184,800.5387248,830.1499322,42362716.65,506.8650073,555.9871088,640.3418683,659.9210349,30862643.04,2.204032224,2.404001459,2.795069332,2.864914095,13.62172762,1.735405191,1.961709486,2.069076001,2.161613535,11.44158665
53,^GSPTSE,Transformer,2022-09-01,2024-09-01,4,408.7903935,409.7100835,477.5809417,467.3390129,42073829.75,335.2403677,336.6661913,390.1904744,387.2518576,30536716.21,1.477074055,1.470819729,1.723019191,1.695256876,13.46459045,1.049347786,1.026080334,1.229949985,1.145248417,11.27346811
54,^GSPTSE,Transformer,2022-09-01,2024-09-01,5,358.6979952,343.1690659,406.2322327,387.1575592,42359217.85,275.0048391,278.7647646,327.5684857,323.7773752,30996636.57,1.218145676,1.222310937,1.451973272,1.421525764,13.72520251,1.045870838,0.89424746,1.091664404,0.944264194,11.42322507
55,^GSPTSE,Transformer,2022-09-01,2024-09-01,6,373.3881271,375.8523946,441.6856282,433.5291397,42401141.93,307.054284,313.0075021,361.9318103,363.5753879,31730691.59,1.354555481,1.367576946,1.598566576,1.591456005,14.29156343,0.959103128,0.916049061,1.13309375,1.033953901,11.76758189
56,^GSPTSE,Transformer,2022-09-01,2024-09-01,7,379.7595946,313.0413763,344.2628357,292.0616802,41745810.57,289.6503322,219.0330151,223.6980929,198.9278127,30296304.54,1.284962503,0.968436661,1.005083822,0.88553417,13.31729474,1.116408524,1.006048156,1.200630052,0.971406357,11.00178911
57,^GSPTSE,Transformer,2022-09-01,2024-09-01,8,359.6708505,296.3961642,320.3780599,273.6824398,41763994.46,290.6341027,228.830906,232.8477206,199.4391885,30194569.08,1.28509456,1.007427353,1.041474855,0.88481392,13.24644662,0.961882991,0.845898009,1.011616509,0.848856512,10.99867532
58,^GSPTSE,Transformer,2022-09-01,2024-09-01,9,996.0232961,1078.766238,1126.212113,1121.304676,42743222.68,776.0169844,853.5199186,883.7310744,882.7974597,31562362.15,3.371565124,3.693714089,3.852330923,3.830369054,14.05510093,2.687377084,2.826733377,3.011552617,2.971572619,11.6380027
59,^GSPTSE,Transformer,2022-09-01,2024-09-01,10,407.4937552,363.6241228,415.5135753,374.4115945,41794563.58,272.8514323,249.8494036,291.4342628,282.1961189,30462805.23,1.216371468,1.104646069,1.303522565,1.249187746,13.47722474,1.371878361,1.188808134,1.358425853,1.117349461,11.21741682
60,^GSPTSE,Transformer,2022-09-01,2024-09-01,11,1215.282881,1296.446521,1372.084278,1350.376345,43007777.86,1025.357444,1112.587627,1165.040056,1154.054818,32504541,4.465489025,4.825579714,5.091429684,5.020912993,14.63128622,2.797844957,2.839774254,3.113797714,2.999059066,11.4505696
61,^GSPTSE,Transformer,2022-09-01,2024-09-01,12,363.0717006,395.7452095,466.5713439,480.8918832,42306180.41,308.648817,331.7978407,395.9736948,404.9490839,30384970.34,1.354412619,1.443054086,1.74036493,1.765291958,13.28190831,0.845542978,0.931806931,1.08030776,1.117884842,11.18597363
62,^GSPTSE,Transformer,2022-09-01,2024-09-01,13,308.6609827,263.9692523,305.1156287,271.8665541,43421108.27,211.2752086,180.6387103,216.2837016,207.815158,31195998.77,0.9408531,0.798700032,0.968022391,0.919011818,13.46187121,1.020432542,0.863790681,0.988979996,0.793585349,11.0882671
63,^GSPTSE,Transformer,2022-09-01,2024-09-01,14,1227.016218,1331.8953,1357.893482,1291.201379,44421269.16,1030.8164,1140.054559,1144.728263,1090.597282,33052182.44,4.489415715,4.945502804,5.002056743,4.742821512,14.61624696,2.855623341,2.940075219,3.139854832,2.958851814,11.66936936
64,^GSPTSE,Transformer,2022-09-01,2024-09-01,15,349.8845423,289.2603888,327.8591692,281.0987378,42430455.58,258.6089416,201.3351873,222.1847306,198.0761559,30834824.16,1.148030158,0.890033638,0.996639168,0.880023291,13.58000364,1.070579776,0.934086682,1.108215415,0.905844138,11.34700699
65,^GSPTSE,Transformer,2022-09-01,2024-09-01,16,479.9541884,407.2113639,452.0854444,387.470384,46078925.16,362.6710227,283.4543511,286.2407374,246.0658592,40419831.34,1.611444971,1.255801966,1.288245723,1.098972216,19.78140559,1.428965291,1.317688134,1.602727076,1.358959101,12.78457212
66,^GSPTSE,Transformer,2022-09-01,2024-09-01,17,1240.257365,1329.679346,1368.435402,1332.517323,42562158.41,1021.610563,1113.907444,1127.86349,1106.128073,31862197.7,4.447557267,4.829627336,4.925149179,4.808556461,14.47017248,3.02069577,3.104030714,3.33617892,3.184224699,12.042864
67,^GSPTSE,Transformer,2022-09-01,2024-09-01,18,364.6087545,354.8905679,417.0556237,400.6369206,41919839.67,287.6193981,291.4761492,340.4101181,336.5711575,30551714.86,1.271838968,1.276344218,1.507088883,1.476348934,13.51021273,1.015754017,0.900030703,1.090255733,0.962052687,11.27301226
68,^GSPTSE,Transformer,2022-09-01,2024-09-01,19,318.2074649,264.2716943,302.545524,261.9688504,42230196.5,231.7195033,188.097545,209.5103911,192.6720419,30492507.8,1.028911407,0.830406128,0.938413874,0.853982715,13.38100321,0.989208184,0.834583174,1.003572897,0.804955522,11.18266326
69,^GSPTSE,Transformer,2022-09-01,2024-09-01,20,999.9860003,1074.019363,1147.467433,1163.074572,40866028.38,794.4137014,871.3430982,924.4302884,946.813948,30264326.9,3.452447762,3.772106159,4.032005655,4.111818312,13.57261941,2.612765402,2.687801343,2.929490899,2.899100448,11.09853444
70,^GSPTSE,Transformer,2022-09-01,2024-09-01,21,874.5897516,942.6284831,1023.03434,1045.839421,41670621.67,701.3277806,774.7020354,835.6333964,863.470415,30744409.77,3.047848552,3.354060092,3.645453772,3.750661874,13.68160718,2.247551658,2.297194886,2.542251077,2.531889028,11.08837814
71,^GSPTSE,Transformer,2022-09-01,2024-09-01,22,387.3295098,320.977827,351.8326332,300.1418634,42745174.19,292.589115,222.3797347,227.0986583,203.228793,30738598.87,1.298487765,0.98366184,1.020844306,0.904850132,13.38034009,1.153630109,1.041270891,1.232631864,1.003308595,11.20846931
72,^GSPTSE,Transformer,2022-09-01,2024-09-01,23,407.8943171,359.5618686,411.5698564,368.3481448,43685060.06,271.1794444,245.3373291,280.9164269,274.4521312,33030506.59,1.209602356,1.085399764,1.258148657,1.215680826,14.96586112,1.380861925,1.183453994,1.379764927,1.116480672,12.25469534
73,^GSPTSE,Transformer,2022-09-01,2024-09-01,24,506.3087793,514.2471198,586.1142005,577.9449975,42272187.15,410.9502431,413.6733559,464.0040661,458.4208725,32052234.64,1.808131978,1.805391278,2.046175916,2.005089334,14.58831845,1.311772314,1.330836221,1.582075689,1.530877044,11.92602597
74,^GSPTSE,Transformer,2022-09-01,2024-09-01,25,398.4748714,366.1980539,426.8463102,395.2048532,41785715.32,287.9951995,280.1859189,327.9416257,318.1718022,31424413.14,1.279601183,1.233038683,1.458946711,1.401887612,14.17236626,1.250306783,1.059805323,1.249386346,1.055545557,11.38407524
75,^GSPTSE,Transformer,2022-09-01,2024-09-01,26,350.2676943,347.8259487,411.8709168,403.4323512,42579535.32,281.5285807,289.2719708,338.545739,341.8592067,30903194.57,1.244159453,1.265463766,1.497306384,1.497691109,13.58856487,0.945331862,0.856120644,1.05769979,0.942958715,11.3883797
76,^GSPTSE,Transformer,2022-09-01,2024-09-01,27,792.8769666,700.5650913,736.4012639,665.7879896,46783197.98,691.9071905,596.0413675,612.728629,559.8460907,41590202.65,3.049272953,2.614877359,2.719704447,2.46894753,20.44845923,1.743109857,1.644999792,1.859018662,1.626504258,12.59597936
77,^GSPTSE,Transformer,2022-09-01,2024-09-01,28,447.4705204,495.6113785,570.6904223,590.606023,43242497.48,373.2460501,401.3352163,470.2655062,479.7615196,31522554.29,1.633024687,1.741665005,2.061643828,2.087539152,13.93139783,1.073948665,1.24793127,1.401263547,1.478999288,11.80124756
78,^GSPTSE,Transformer,2022-09-01,2024-09-01,29,535.4988317,462.6112398,485.008162,424.0164709,42998474.26,448.3352321,380.0176879,377.0764825,337.2653739,32029947.54,1.979754138,1.669986484,1.679889363,1.491735075,14.30711042,1.324485785,1.185326086,1.396882447,1.167469205,11.67678919
79,^GSPTSE,Transformer,2022-09-01,2024-09-01,30,411.6515261,357.5330737,404.8838968,356.2061512,41208130.16,273.6565429,232.9819253,255.7748059,244.0982489,30940241,1.221066505,1.033191247,1.149954392,1.085500256,13.93699661,1.39369119,1.22104801,1.438267285,1.179186614,11.1586999
80,^GSPTSE,Transformer,2022-09-01,2024-09-01,31,378.0110821,334.3097889,380.6201756,337.060812,41489132.89,245.4437728,217.7017153,254.3170345,242.2294529,31125694.02,1.095603728,0.964675412,1.140557728,1.075001879,14.02356339,1.302505724,1.141474469,1.299643452,1.066017168,11.31941588
81,^GSPTSE,Transformer,2022-09-01,2024-09-01,32,690.0580058,748.257259,823.4746823,840.8577124,45857373.8,562.5093902,617.8617029,674.2090858,692.8028337,40528479.77,2.449925047,2.679845671,2.946449851,3.013578247,19.48284377,1.727459101,1.815357745,2.047783165,2.05760276,11.39971419
82,^GSPTSE,Transformer,2022-09-01,2024-09-01,33,327.0912324,287.3185194,332.3003665,296.0105637,43869206.3,214.6099518,194.9014136,229.8294478,232.9657154,31461634.92,0.957321491,0.861927564,1.02940677,1.02945801,13.41909392,1.11850156,0.948773264,1.102712814,0.829173703,10.78319649
83,^GSPTSE,Transformer,2022-09-01,2024-09-01,34,298.3863318,266.4829447,317.9972453,289.9673595,41749493.88,207.1903763,195.5933241,238.2283681,231.024385,31463147.06,0.921837052,0.862210359,1.06240206,1.019212073,14.22401995,0.974886304,0.81258721,0.966240099,0.7899276,11.53365878
84,^GSPTSE,Transformer,2022-09-01,2024-09-01,35,299.0502595,258.3287187,295.2076194,264.8702637,42023483.59,208.3385412,182.003571,214.4686859,204.3602303,30296544.99,0.927047778,0.803776004,0.959122428,0.902926985,13.2449731,0.972004187,0.820965659,0.931673406,0.760067101,11.02140493
85,^GSPTSE,Transformer,2022-09-01,2024-09-01,36,343.5335687,315.8929865,370.0242822,342.1485282,42119848.19,245.9690352,243.8881879,292.1931893,283.4976318,30538809.87,1.092889438,1.072687867,1.299532593,1.248219455,13.43037514,1.088802123,0.901851439,1.041773344,0.863293649,11.2237837
86,^GSPTSE,Transformer,2022-09-01,2024-09-01,37,355.0579685,326.5383828,384.4644965,360.8289145,42637431.34,254.9130631,253.8242239,302.4173158,297.8274856,30652051.99,1.132667881,1.115973817,1.34423131,1.310075826,13.37797145,1.122587808,0.92293757,1.087071901,0.913997427,11.25462908
87,^GSPTSE,Transformer,2022-09-01,2024-09-01,38,431.1780557,361.6297439,389.8938321,332.460678,43361111.52,342.8497062,273.2296857,269.1396641,228.7716308,32350718.3,1.518398248,1.205105154,1.206292785,1.018130804,14.51970868,1.188334539,1.067581419,1.294582406,1.095315774,12.012133
88,^GSPTSE,Transformer,2022-09-01,2024-09-01,39,1111.374987,1192.203204,1260.584542,1235.56761,43173122.03,926.056359,1010.331584,1054.698513,1042.609545,33659837.1,4.031616292,4.380797452,4.607092055,4.534286365,15.41698251,2.637347021,2.703139271,2.96998806,2.838734247,11.37318138
89,^GSPTSE,Transformer,2022-09-01,2024-09-01,40,1082.922333,1170.754164,1212.031021,1196.711793,42451934.77,903.9799883,994.4724573,1012.013598,1009.669693,31513938.94,3.935702057,4.312392301,4.419866539,4.390728025,14.09119816,2.560294475,2.639613664,2.870955798,2.751926033,11.41955603
90,^GSPTSE,Transformer,2022-09-01,2024-09-01,41,486.7493457,410.688155,431.5696123,373.7004553,42417519.4,394.7437627,321.0934782,314.8742924,277.4602529,30522387.9,1.746044801,1.414087507,1.407836571,1.231381353,13.33133667,1.291571547,1.152983504,1.354705803,1.138680563,11.18176571
91,^GSPTSE,Transformer,2022-09-01,2024-09-01,42,1025.289686,1097.588165,1178.480964,1191.131631,40810975.96,792.2521302,860.4858596,919.3083899,932.8014133,30352564.85,3.441047444,3.722425059,4.006414397,4.046549021,13.73500099,2.800896435,2.919147339,3.180799814,3.183880227,11.28433618
92,^GSPTSE,Transformer,2022-09-01,2024-09-01,43,328.2252697,277.7002697,316.5738311,274.4872779,42018146.36,245.7933803,206.1433899,233.2386553,211.6194582,30629602.47,1.088997063,0.907953441,1.041486595,0.935978714,13.54679581,0.983974891,0.833919566,0.983846617,0.792674892,11.25613072
93,^GSPTSE,Transformer,2022-09-01,2024-09-01,44,497.1189072,421.3407934,447.1373257,385.610916,42833814.65,390.953954,314.6967197,306.8591502,265.3037806,30862504.41,1.732668882,1.389367522,1.375988939,1.181324685,13.46132061,1.394043849,1.262002028,1.490484788,1.270459293,11.25251131
94,^GSPTSE,Transformer,2022-09-01,2024-09-01,45,358.695037,338.7517727,399.5672728,375.0552602,41279993.6,269.2632122,269.5274263,321.8263244,311.3309377,30474572.46,1.193729481,1.183325014,1.428191267,1.368634986,13.56046104,1.076216883,0.919369436,1.080805603,0.935776398,10.99586597
95,^GSPTSE,Transformer,2022-09-01,2024-09-01,46,323.7788929,306.1484777,364.8406693,347.7781654,42010947.06,241.5793596,248.5235098,296.6561075,296.1142753,31110150.24,1.071586509,1.090388106,1.316155867,1.300435922,13.92469158,0.980051857,0.801168975,0.970673511,0.814516833,11.56912507
96,^GSPTSE,Transformer,2022-09-01,2024-09-01,47,346.8943893,290.9392956,316.4164353,270.2053258,42342865.73,269.0880971,210.823058,216.5236812,192.7512444,30628501.9,1.192874037,0.930700978,0.971139797,0.85647047,13.4448155,0.995334056,0.900407962,1.059458495,0.85921626,11.27628078
97,^GSPTSE,Transformer,2022-09-01,2024-09-01,48,584.5952435,515.8361431,530.3583288,471.5477945,42499065.24,494.8517435,431.0193408,426.9063666,389.1305141,30505220.74,2.18184272,1.890536409,1.896899109,1.716550193,13.28926587,1.399876777,1.2654701,1.434536644,1.203856575,11.1505556
98,^GSPTSE,Transformer,2022-09-01,2024-09-01,49,453.1536466,462.6923546,538.7947483,531.4908047,42361917.58,373.9129963,377.2155503,431.3726457,429.2505045,32390993.12,1.645907585,1.646159623,1.901538679,1.87674218,14.88061394,1.141429821,1.169341042,1.427263257,1.363020516,12.17224997
99,^GSPTSE,Transformer,2022-09-01,2024-09-01,50,302.2806666,288.8080358,352.2385594,338.7493785,42715390.39,228.3204822,228.6971423,283.4469429,286.280682,30486682.58,1.012466336,1.003469837,1.257203147,1.256771238,13.16444971,0.901144167,0.786673409,0.95076583,0.80462202,10.96461887
100,^GSPTSE,Transformer,2023-05-01,2025-05-01,1,1099.459302,863.2121238,1203.943041,1041.799243,91701961.79,829.2556026,686.805066,866.987547,787.6810976,58571850.44,3.495425313,2.843044568,3.722823122,3.316986382,16.82662349,3.168829613,2.231817578,3.749927792,2.998496281,14.82873255
101,^GSPTSE,Transformer,2023-05-01,2025-05-01,2,1182.363901,946.7565886,1273.160257,1114.135632,89776327.5,916.0863687,772.1538489,955.9611632,871.9430173,58041218.9,3.854906023,3.193643234,4.093338927,3.665062439,16.78257211,3.273768378,2.335983521,3.777124072,3.049510453,14.17012791
102,^GSPTSE,Transformer,2023-05-01,2025-05-01,3,1445.175937,1193.190875,1541.384596,1359.436537,89819693.14,1163.549873,991.3299708,1231.693391,1103.662056,58174713.31,4.880802664,4.095355147,5.247142367,4.626269628,16.98092373,3.725150891,2.811817965,4.146987744,3.464595976,14.26172102
103,^GSPTSE,Transformer,2023-05-01,2025-05-01,4,1294.36975,1050.120401,1401.628425,1235.521113,89737825.38,1021.512593,862.7209768,1090.230722,986.2380414,58174049.4,4.293037882,3.567428595,4.656513403,4.140638586,16.97113676,3.472471391,2.547005618,3.956550439,3.264379347,14.20797043
104,^GSPTSE,Transformer,2023-05-01,2025-05-01,5,1083.267363,853.0743986,1191.673399,1035.679307,89601821.13,829.9426889,699.3719174,878.7114021,808.1371492,57755988.25,3.494543654,2.890949916,3.766597506,3.396736999,16.78539178,3.055457501,2.088218011,3.616291178,2.855112156,14.26590225
105,^GSPTSE,Transformer,2023-05-01,2025-05-01,6,1331.164249,1078.792644,1431.214719,1254.364613,92519147.69,1057.589103,888.8736073,1117.929365,999.7022194,59755784.66,4.442906076,3.675475981,4.773831137,4.198024465,17.269111,3.532666949,2.601825439,4.017606216,3.324578754,14.76581001
106,^GSPTSE,Transformer,2023-05-01,2025-05-01,7,1035.885754,809.1792685,1140.390644,982.1897699,91633154.78,790.3735889,674.224076,840.7002815,770.2523907,58936318.72,3.327896489,2.783842396,3.602759874,3.2352995,16.95193931,2.94078195,1.917800917,3.466569585,2.692989303,14.65961255
107,^GSPTSE,Transformer,2023-05-01,2025-05-01,8,1277.48306,1036.112622,1369.882948,1204.079474,91545349.49,1015.136784,861.4404373,1070.638629,970.1899261,58895703.3,4.263265122,3.558895897,4.569808087,4.069669086,16.99754474,3.385837379,2.448219028,3.836837025,3.129531974,14.64584504
108,^GSPTSE,Transformer,2023-05-01,2025-05-01,9,1309.597954,1060.922046,1404.465251,1225.582372,91545937.72,1041.611592,876.7717477,1097.926143,980.7100648,58957555.07,4.375163837,3.624359484,4.687706462,4.11686076,17.04535856,3.469531631,2.542069967,3.939225146,3.228829122,14.63568139
109,^GSPTSE,Transformer,2023-05-01,2025-05-01,10,1085.762221,848.5102802,1207.552618,1039.890478,91146429.55,828.1997307,687.5707373,889.3867897,802.8359885,58968110.38,3.488420223,2.843737018,3.813096305,3.376799167,17.03402058,3.08271494,2.124534927,3.670460764,2.911182012,14.4089666
110,^GSPTSE,Transformer,2023-05-01,2025-05-01,11,1259.680296,1007.186185,1371.071522,1189.897242,94544440.97,985.8858982,818.7092811,1048.489782,930.5641033,60547062.01,4.146695128,3.387926526,4.485158774,3.912949417,17.27819973,3.436535298,2.502468759,3.977171846,3.260798709,15.33821984
111,^GSPTSE,Transformer,2023-05-01,2025-05-01,12,869.3295371,667.5341697,990.7779096,840.1322718,92555146.75,637.7215184,542.9562543,693.9723336,629.9427221,59222595.59,2.688441473,2.238368956,2.979672726,2.646872066,17.02338348,2.602234212,1.656013973,3.17780208,2.449248485,15.0476168
112,^GSPTSE,Transformer,2023-05-01,2025-05-01,13,1272.837089,1032.1752,1361.292423,1199.765317,89760089.28,1014.100933,860.0267208,1065.594326,968.2479902,58313375.88,4.258297525,3.552703624,4.547988806,4.061274648,17.02983987,3.360516001,2.428009877,3.807667669,3.111985297,14.17059456
113,^GSPTSE,Transformer,2023-05-01,2025-05-01,14,1412.728807,1166.094015,1509.742267,1338.26636,87795946.16,1131.961757,965.2325253,1199.672363,1082.991942,57556032.36,4.750380931,3.988664701,5.113570827,4.541038236,17.0353401,3.676221649,2.77190937,4.103744585,3.433540147,13.79723687
114,^GSPTSE,Transformer,2023-05-01,2025-05-01,15,1274.169848,1029.525644,1373.37143,1201.577682,88940353.14,1003.002195,844.5964291,1060.965279,953.6171278,57579152,4.216289674,3.492784044,4.534117299,4.005392188,16.82963713,3.437161096,2.507213476,3.921042653,3.211515494,14.106207
115,^GSPTSE,Transformer,2023-05-01,2025-05-01,16,1286.091873,1045.257056,1385.540844,1221.064564,90785278.62,1007.007361,851.9215816,1064.156569,963.8548258,58045224.97,4.234789259,3.524433149,4.549878503,4.049908419,16.69019599,3.498232243,2.578486663,3.986533844,3.289752552,14.59422917
116,^GSPTSE,Transformer,2023-05-01,2025-05-01,17,1224.213621,989.9641818,1315.982013,1156.321731,89639323.93,973.668978,827.1561917,1027.033559,933.5609757,58656356.38,4.088707486,3.416038773,4.384107142,3.91538217,17.35730257,3.242332414,2.313889539,3.698780486,2.999101011,14.25046444
117,^GSPTSE,Transformer,2023-05-01,2025-05-01,18,1191.880542,948.0768694,1304.849704,1134.151428,91828884.27,892.6891526,737.6635474,944.6278517,845.5391861,58879011.38,3.76477109,3.057904464,4.055844423,3.564791205,16.79895401,3.459458042,2.537175532,4.038189634,3.314201044,14.76407845
118,^GSPTSE,Transformer,2023-05-01,2025-05-01,19,1396.316278,1148.17591,1486.699069,1316.510949,89355462.76,1114.084822,948.0652203,1170.052885,1056.375027,58141108.21,4.678182177,3.919353399,4.992738406,4.433319408,17.02328913,3.670989608,2.751543061,4.116719156,3.439880908,14.0836521
119,^GSPTSE,Transformer,2023-05-01,2025-05-01,20,1142.34763,900.3425379,1249.431427,1076.633674,91851903.62,873.1269643,723.112903,921.5321342,822.8859947,59214544.14,3.677730605,2.992980493,3.951366963,3.463892482,17.05074476,3.232304855,2.290121001,3.79295042,3.054030496,14.62496375
120,^GSPTSE,Transformer,2023-05-01,2025-05-01,21,1202.982906,969.3869199,1294.065547,1144.285748,89287575.31,951.053901,807.2713279,999.6652174,919.9208464,58052259.32,3.995840952,3.334756192,4.270849747,3.859522944,17.0584438,3.222570358,2.286087547,3.694550737,2.993095316,14.20423358
121,^GSPTSE,Transformer,2023-05-01,2025-05-01,22,1318.253475,1075.414518,1418.351573,1255.332965,89093176.69,1049.489606,890.3793981,1114.810035,1011.395654,57972123.86,4.407379625,3.679901787,4.757197109,4.243132226,17.06187579,3.480941961,2.562738219,3.938150211,3.259754478,14.15677642
122,^GSPTSE,Transformer,2023-05-01,2025-05-01,23,1277.532053,1025.198563,1364.876711,1195.677916,91590218.7,1011.228052,845.6897001,1059.778228,955.0951135,58983558.92,4.248728382,3.495962755,4.526914648,4.009603369,17.06879005,3.411808382,2.466586317,3.867212985,3.160572017,14.67721706
123,^GSPTSE,Transformer,2023-05-01,2025-05-01,24,1156.001356,909.0981131,1237.915354,1076.574583,90162468.33,906.0973169,753.8391717,938.1813402,854.9918236,58541212.08,3.809446609,3.114722793,4.013820457,3.590039017,17.10474136,3.145029644,2.168866885,3.631477481,2.883579944,14.29715438
124,^GSPTSE,Transformer,2023-05-01,2025-05-01,25,1395.024753,1149.289197,1484.071415,1320.821321,88927901.95,1119.241436,954.0009526,1178.290957,1070.912961,57902346.17,4.697113092,3.941825225,5.023369111,4.490233464,17.00071873,3.627775984,2.718856068,4.047752154,3.383017717,14.05461029
125,^GSPTSE,Transformer,2023-05-01,2025-05-01,26,1353.084458,1102.734366,1447.390232,1275.017828,90336060.65,1081.006923,911.2859302,1135.112156,1018.894986,59098283.54,4.539220354,3.767417419,4.845369413,4.277505629,17.317536,3.552912521,2.639802079,4.033122646,3.358204373,14.158582
126,^GSPTSE,Transformer,2023-05-01,2025-05-01,27,1264.766541,1025.640433,1372.634,1204.839644,89994461.11,1002.894124,849.5414891,1074.150751,968.7699563,58734222.76,4.212884444,3.510878055,4.585159785,4.064900567,17.21726,3.365716702,2.443820849,3.840353675,3.144850321,14.1835439
127,^GSPTSE,Transformer,2023-05-01,2025-05-01,28,1363.609178,1116.778825,1445.724478,1286.420846,88794185.08,1087.800034,923.1774611,1137.938441,1036.683457,58169111.33,4.567119124,3.815541926,4.854968703,4.348830265,17.19193321,3.582412193,2.666683911,4.00041668,3.334187948,13.99859799
128,^GSPTSE,Transformer,2023-05-01,2025-05-01,29,1087.351315,851.0009044,1203.178369,1030.315357,93472425.1,840.6079004,697.0670046,897.0794839,801.0927356,60026240.08,3.537785281,2.88159237,3.842861815,3.367970537,17.27423792,3.033639917,2.088311683,3.613026244,2.860397461,15.16971416
129,^GSPTSE,Transformer,2023-05-01,2025-05-01,30,1306.697673,1057.503305,1389.047464,1220.604819,88925740.81,1045.150953,881.8135155,1095.88438,989.4276731,57989792.71,4.386766026,3.642194784,4.674027792,4.148550605,17.10521709,3.41899311,2.478816647,3.83235074,3.135591349,14.11474714
130,^GSPTSE,Transformer,2023-05-01,2025-05-01,31,1379.469005,1128.806691,1481.262834,1303.281952,93385961.02,1097.146452,930.2357652,1159.228885,1037.992298,59827954.89,4.608889466,3.846705113,4.949538608,4.35902555,17.12989961,3.653098667,2.721604274,4.143468672,3.454266083,15.06410309
131,^GSPTSE,Transformer,2023-05-01,2025-05-01,32,1575.099012,1308.478547,1642.175479,1474.32624,87284576.72,1280.342371,1090.230611,1318.922166,1202.222269,56971828.01,5.365935673,4.502689443,5.615664576,5.036492182,16.82049548,3.976207167,3.057495509,4.3682512,3.711042425,13.74491821
132,^GSPTSE,Transformer,2023-05-01,2025-05-01,33,1245.009962,1003.650296,1327.317199,1168.156908,90360724.98,988.7132548,835.6413361,1033.171564,940.2740871,58538701.4,4.152464936,3.451979609,4.411402985,3.944531268,17.05510376,3.304665899,2.364745173,3.744295153,3.045282029,14.34399203
133,^GSPTSE,Transformer,2023-05-01,2025-05-01,34,1203.379183,963.8109759,1304.823059,1134.98542,92792718.99,953.5901486,803.4732443,1011.417532,910.3297377,59708418.99,4.005899885,3.318884361,4.319965522,3.819859329,17.25767673,3.213315021,2.268903246,3.709040276,2.983893682,14.95246532
134,^GSPTSE,Transformer,2023-05-01,2025-05-01,35,1036.395837,807.4742389,1156.149397,991.4232217,93592479.47,759.2825242,627.7979955,804.6822804,726.1328755,59870841.6,3.204974238,2.599553015,3.461905515,3.061568934,16.99727524,3.096043198,2.164552302,3.719665834,2.962956604,15.23229974
135,^GSPTSE,Transformer,2023-05-01,2025-05-01,36,1303.263276,1051.894806,1385.222797,1215.852722,90806868.08,1031.093615,866.6044153,1076.013255,970.8590804,58733876.2,4.33218859,3.582658327,4.595958938,4.075770496,17.0390101,3.480367972,2.535932832,3.919222182,3.212844658,14.41203747
136,^GSPTSE,Transformer,2023-05-01,2025-05-01,37,1265.869329,1025.024734,1355.521833,1193.764276,89263655.53,1001.388066,848.4067474,1050.670196,955.4085694,57825114.02,4.207485704,3.506349825,4.488153477,4.010007734,16.93458321,3.385272817,2.448955643,3.849100593,3.143865272,14.20453556
137,^GSPTSE,Transformer,2023-05-01,2025-05-01,38,1302.439991,1068.385039,1402.584213,1241.418579,89986943.62,1033.787355,882.233355,1095.132323,994.5693874,58288233.41,4.342853666,3.647007557,4.676081445,4.174543774,17.02500127,3.461967478,2.562974871,3.939661911,3.260726215,14.33314046
138,^GSPTSE,Transformer,2023-05-01,2025-05-01,39,1127.288273,892.6944173,1240.787566,1068.67447,91767907.53,860.5937888,718.6122654,914.0691051,819.5533421,58757896.47,3.624977832,2.973672128,3.919309018,3.448834329,16.86539787,3.195013022,2.260780307,3.770075325,3.017299126,14.7455534
139,^GSPTSE,Transformer,2023-05-01,2025-05-01,40,1525.340189,1279.55557,1629.167939,1453.256648,88425499.7,1235.428228,1065.54007,1317.134517,1190.008802,57625317.4,5.177458615,4.399245578,5.602337911,4.982137842,16.91095578,3.871723892,2.987694403,4.270629887,3.62171019,13.90471396
140,^GSPTSE,Transformer,2023-05-01,2025-05-01,41,1303.260499,1067.312195,1401.586245,1233.06939,87895468.15,1034.586402,883.6716512,1099.439902,993.7118593,57629835.16,4.345066131,3.651595729,4.691541297,4.16839447,17.07224695,3.455464102,2.54151149,3.900086012,3.19997737,13.83708693
141,^GSPTSE,Transformer,2023-05-01,2025-05-01,42,1533.879018,1272.212371,1628.626557,1446.538454,90644305.14,1245.940545,1062.24825,1305.49827,1174.637701,58630043.96,5.224067896,4.388281716,5.560854455,4.924154951,17.02121482,3.889901332,2.967643232,4.354519925,3.681445518,14.38794576
142,^GSPTSE,Transformer,2023-05-01,2025-05-01,43,1296.250486,1045.879318,1412.168947,1231.317706,97316570.55,980.4022023,816.1395765,1039.258793,922.1295431,63194367.63,4.132566296,3.384220597,4.458002826,3.88783693,17.95746314,3.708179719,2.784369196,4.284951155,3.569980506,15.77871573
143,^GSPTSE,Transformer,2023-05-01,2025-05-01,44,1499.606107,1237.79256,1594.975491,1410.377328,94129903.72,1212.920713,1029.346306,1273.145816,1141.66928,60399360.23,5.08713202,4.253096046,5.424903613,4.787102029,17.33798229,3.83606746,2.914046031,4.299224197,3.614084359,15.21142114
144,^GSPTSE,Transformer,2023-05-01,2025-05-01,45,1066.712335,840.9780894,1168.484375,1007.823901,92462910.84,832.6339048,717.7602391,890.8110709,814.6301251,59052559.92,3.500245334,2.960244173,3.808184256,3.415464255,16.97699273,2.925065947,1.879609723,3.405969106,2.62672886,15.01489109
145,^GSPTSE,Transformer,2023-05-01,2025-05-01,46,1506.040259,1247.338898,1605.30938,1428.725897,89081599.22,1215.173009,1036.421566,1271.903546,1149.954727,58272093.41,5.099075162,4.284032007,5.424662946,4.825157477,17.17577378,3.878631705,2.949730068,4.389392046,3.706128418,14.03035694
146,^GSPTSE,Transformer,2023-05-01,2025-05-01,47,1113.677413,885.1238299,1240.746744,1060.961039,91251431.12,825.4386916,689.235795,887.1852086,783.0683773,58614707.5,3.483100324,2.856368533,3.812070077,3.302503932,16.78329252,3.277679854,2.366986377,3.890061535,3.140127383,14.58007877
147,^GSPTSE,Transformer,2023-05-01,2025-05-01,48,1172.930305,935.2766295,1287.885583,1112.381722,94752230.53,911.8997703,764.9118179,977.3206071,872.1208704,60600904.28,3.836696389,3.163476501,4.182154443,3.665773685,17.33468772,3.235268715,2.297428114,3.77535305,3.040699156,15.43586782
148,^GSPTSE,Transformer,2023-05-01,2025-05-01,49,1366.50749,1121.115993,1441.142241,1280.631697,87717595.5,1097.469437,933.7717028,1143.785218,1041.045478,57654548.79,4.604731704,3.856936086,4.875946988,4.36386648,17.17444875,3.544290151,2.630443835,3.933081473,3.265118547,13.87012454
149,^GSPTSE,Transformer,2023-05-01,2025-05-01,50,1401.89524,1149.704805,1488.02211,1316.819013,90877979.21,1128.76005,958.1805732,1189.19746,1074.681755,58403061.13,4.7342281,3.956986989,5.065518502,4.50272123,16.95171147,3.612978749,2.689907245,4.004854944,3.325155012,14.60766642
150,^GSPTSE,Transformer,2024-01-01,2026-01-01,1,519.2652461,574.9566488,651.5257794,647.2107413,106632735.8,477.9111983,530.9906152,594.0228775,591.8546231,56221446.93,1.521864513,1.682294183,1.896095121,1.882896157,45.09143419,0.630814787,0.686806621,0.843086728,0.822547727,133.7758563
151,^GSPTSE,Transformer,2024-01-01,2026-01-01,2,615.0129395,667.545892,783.4891097,794.4314529,106016054.2,551.93444,614.0353907,711.1647331,716.8892813,56466710.25,1.761183794,1.951418198,2.278084939,2.286630877,45.72825823,0.864258544,0.832301753,1.052409231,1.092294995,138.2428976
152,^GSPTSE,Transformer,2024-01-01,2026-01-01,3,326.7857167,387.1044665,282.9966394,462.4851942,107471462.1,281.6851541,349.1882746,223.8767324,400.7756094,57474348.02,0.899712253,1.107680584,0.717901637,1.275690791,43.60202622,0.523565489,0.523450814,0.554273727,0.73023698,129.1484941
153,^GSPTSE,Transformer,2024-01-01,2026-01-01,4,449.3646339,518.7587967,558.3695369,577.337364,107396374.3,408.8843442,479.0149562,504.2151879,521.3387362,57224616.99,1.303021575,1.518798256,1.611100162,1.660069661,44.89992617,0.583853691,0.623552414,0.760527082,0.784086052,133.7709055
154,^GSPTSE,Transformer,2024-01-01,2026-01-01,5,972.984619,1004.130609,1165.601753,1145.430808,106220781.4,898.229731,942.3774469,1086.556526,1072.368205,59198141.61,2.856992108,2.986064227,3.470125771,3.411656873,48.18682409,1.16779568,1.078293196,1.323423934,1.260034941,140.3831511
155,^GSPTSE,Transformer,2024-01-01,2026-01-01,6,627.8511939,721.4169363,785.8157884,787.6573273,107322682.6,581.94903,669.8807485,722.9585853,730.6756254,57211284.36,1.852131182,2.121403783,2.307194479,2.323864247,46.07572372,0.731400201,0.833070287,0.969346487,0.921154563,137.2981987
156,^GSPTSE,Transformer,2024-01-01,2026-01-01,7,681.0763232,674.2922905,798.4697649,834.6018177,106675643.3,624.5628475,621.2684193,725.8421725,765.8564155,56598594.6,1.986374242,1.966399354,2.313950056,2.432779854,44.33054429,0.838031484,0.810327158,1.040261399,1.032664022,130.6301131
157,^GSPTSE,Transformer,2024-01-01,2026-01-01,8,636.4727989,608.6182607,767.0253029,755.0869406,107670875.3,585.5075314,562.6270815,697.6900991,696.6396892,59480385.48,1.862456402,1.781727036,2.224657188,2.214514623,47.85584168,0.771945309,0.720578936,0.99872402,0.909647118,138.8886141
158,^GSPTSE,Transformer,2024-01-01,2026-01-01,9,842.2293116,861.6728428,1008.25178,965.8299114,106266199.1,777.6936204,802.467885,933.6935948,900.5584824,55399548.89,2.473170854,2.541263415,2.979759186,2.863824777,44.4506556,1.006459595,0.976957467,1.194640165,1.092243972,133.4435939
159,^GSPTSE,Transformer,2024-01-01,2026-01-01,10,900.6021947,1047.476865,1127.54305,1052.681946,107319223.6,836.0629213,983.284415,1052.697779,984.0566872,59474228.72,2.659979859,3.115350272,3.361947813,3.130469039,47.50836448,1.045759036,1.124560478,1.271434094,1.173995604,137.7909818
160,^GSPTSE,Transformer,2024-01-01,2026-01-01,11,820.9598247,811.6719751,807.9924084,937.7170283,106842877.9,759.6573056,755.9755671,745.3475389,874.2040166,56936465.79,2.416396713,2.394647501,2.380364264,2.780680013,46.1210433,0.969977044,0.921575232,0.986030018,1.063431996,136.5900989
161,^GSPTSE,Transformer,2024-01-01,2026-01-01,12,309.2212727,325.6178459,409.7138577,439.4817368,107323906.2,256.6783228,274.1716471,340.7570796,362.4315708,56829170.27,0.82113111,0.872312488,1.0911712,1.156562978,45.43299301,0.549596669,0.559301653,0.728359225,0.793286647,135.7195201
162,^GSPTSE,Transformer,2024-01-01,2026-01-01,13,386.3977008,450.14198,476.2886699,511.9940223,106963319.5,351.5750878,415.6600151,429.3525166,460.7270337,56730329.79,1.121956667,1.317699822,1.371436847,1.465977273,45.50869749,0.501702641,0.536601933,0.649658173,0.702038364,134.6840667
163,^GSPTSE,Transformer,2024-01-01,2026-01-01,14,894.7354883,875.2823427,1029.401081,1106.203757,109243644.4,829.7679474,819.9588843,958.6067246,1035.324284,63651454.23,2.639625816,2.598105765,3.061295789,3.292958718,50.93987809,1.043935537,0.955018428,1.180265616,1.220158454,145.4617561
164,^GSPTSE,Transformer,2024-01-01,2026-01-01,15,849.5139369,880.2013466,995.092434,998.9809304,105814321.5,781.4406911,821.6168523,919.9425379,927.8383078,56769472.19,2.485593533,2.603143436,2.937521876,2.951452849,46.13902045,1.038861578,0.983048132,1.191874955,1.161165747,136.2913354
165,^GSPTSE,Transformer,2024-01-01,2026-01-01,16,1168.785163,1201.407828,1361.670646,1324.810856,106208854.3,1071.225697,1117.118332,1261.760334,1236.784669,57650373.62,3.404279361,3.536322623,4.025719891,3.931417812,46.98305823,1.456620715,1.371137723,1.600952462,1.479664692,137.5286541
166,^GSPTSE,Transformer,2024-01-01,2026-01-01,17,698.3857419,707.4276455,526.9333138,803.4397389,107822737.6,642.8153578,655.3032081,474.7384413,744.0689367,60417971.34,2.044345116,2.07482299,1.516642794,2.365631049,48.52651627,0.846050607,0.82798876,0.723875303,0.947154687,140.4312782
167,^GSPTSE,Transformer,2024-01-01,2026-01-01,18,1500.385549,1805.258996,1706.377797,1599.42053,107682646.1,1345.528339,1635.191946,1549.078632,1466.765147,61709823.13,4.271511657,5.170021877,4.936640218,4.657489945,49.063926,2.069591721,2.373648018,2.237320034,1.986747285,138.1988258
168,^GSPTSE,Transformer,2024-01-01,2026-01-01,19,1188.684405,1116.009032,1231.815891,1172.385722,107508221.6,1086.867204,1038.523717,1144.640684,1096.395845,61206495.92,3.453571839,3.287906794,3.653356114,3.486754685,49.14852991,1.500418619,1.270759842,1.42950998,1.301139812,140.1156241
169,^GSPTSE,Transformer,2024-01-01,2026-01-01,20,436.7336467,470.2232879,365.5335715,519.9561112,107156748.1,395.759431,429.8385673,289.6700967,455.894331,58136011.42,1.261822642,1.363945377,0.9292229,1.453042304,46.63136691,0.580571716,0.600430948,0.716325558,0.794685276,136.9738051
170,^GSPTSE,Transformer,2024-01-01,2026-01-01,21,841.9790799,843.7842822,953.9782194,992.1672034,105801896.9,781.1546828,793.8432732,888.3509003,927.2853667,57172689.94,2.48683006,2.517795702,2.840387358,2.952702439,46.39908616,0.986160972,0.896413089,1.101300587,1.113409984,137.6630451
171,^GSPTSE,Transformer,2024-01-01,2026-01-01,22,662.740393,691.6598816,808.348346,777.0531128,106760277.1,611.9086519,640.0018529,738.4099957,716.9706654,56864798.5,1.946635452,2.02612412,2.354719437,2.278811863,43.77508891,0.786536521,0.813054262,1.031636546,0.935239197,128.7574763
172,^GSPTSE,Transformer,2024-01-01,2026-01-01,23,251.5421174,299.3903856,396.548156,455.2893259,106608243.4,211.9345006,254.332958,337.6892085,391.4283931,56104316.21,0.680259108,0.80875184,1.079953721,1.246472339,44.75264952,0.436352524,0.500114536,0.661058785,0.736654122,132.7333475
173,^GSPTSE,Transformer,2024-01-01,2026-01-01,24,628.5124847,698.8756092,783.0971905,793.5883739,105178320.1,573.4438492,650.483688,715.7333,723.0876502,54956605.52,1.827533426,2.064132488,2.28959876,2.303819422,44.42994447,0.812105798,0.80512798,1.011183357,1.038877913,133.8896619
174,^GSPTSE,Transformer,2024-01-01,2026-01-01,25,389.767835,467.6038414,460.3019821,519.3920968,107213229.7,354.3618376,431.7252229,409.1224627,463.7575524,56951910.86,1.130935715,1.368964696,1.307699007,1.476245753,44.64918452,0.50896037,0.560301535,0.668859556,0.738554889,132.86904
175,^GSPTSE,Transformer,2024-01-01,2026-01-01,26,822.2869565,825.4214449,937.5785072,913.734553,107186929.4,758.39173,766.4913384,864.4691138,850.5296361,58801530.56,2.411719583,2.427028568,2.758407664,2.704664806,47.35070456,0.989139941,0.953662445,1.142321151,1.045298132,138.3340303
176,^GSPTSE,Transformer,2024-01-01,2026-01-01,27,1654.33685,1606.784934,2016.303299,1833.888906,108186390.6,1491.485574,1475.045788,1853.144681,1692.058179,62439972.36,4.736268918,4.66663186,5.911261714,5.375204105,49.98431839,2.231468028,1.976445229,2.476159581,2.201297069,139.4481343
177,^GSPTSE,Transformer,2024-01-01,2026-01-01,28,638.5447597,686.9807057,771.728272,776.5801255,107123177.4,591.7065764,637.4601393,708.6601801,719.147033,57716568.8,1.882960371,2.018740505,2.261175775,2.286782488,46.35074901,0.743815066,0.796197621,0.961059754,0.917131773,137.0036394
178,^GSPTSE,Transformer,2024-01-01,2026-01-01,29,1009.205944,1029.209836,1186.772412,1147.028058,106653353.9,929.5008026,958.2792695,1100.015822,1069.674378,58897956.72,2.954978969,3.034091649,3.510234206,3.400744599,47.58487106,1.224027839,1.166850687,1.396099561,1.294514143,137.5596775
179,^GSPTSE,Transformer,2024-01-01,2026-01-01,30,257.364357,229.8868437,265.3850898,336.9689882,106634655,218.3607846,193.3896214,210.1141022,276.1409886,56531064.99,0.699547717,0.615961621,0.67398581,0.880823736,44.03582066,0.435874275,0.395922797,0.519412548,0.614847146,130.0553195
180,^GSPTSE,Transformer,2024-01-01,2026-01-01,31,1539.801064,1549.875982,1744.789484,1689.759044,106769460.4,1417.989873,1446.57532,1624.733039,1582.99337,60625448.96,4.508327109,4.581050876,5.186785128,5.034205233,48.89561336,1.882958196,1.735017778,2.001806236,1.853067455,139.7380503
181,^GSPTSE,Transformer,2024-01-01,2026-01-01,32,932.4134759,948.8824753,1111.32184,1110.699976,106322877.2,816.7211499,857.8000642,990.4902207,1001.763639,56448479.28,2.594624481,2.715791388,3.15960865,3.184075994,45.5861385,1.401992619,1.260260291,1.576401075,1.498568597,133.9473018
182,^GSPTSE,Transformer,2024-01-01,2026-01-01,33,276.5643172,383.7042842,722.6908965,611.6229783,108219500.7,217.6331248,329.0014238,667.6894966,554.7571541,59450936.08,0.697786008,1.046095379,2.133096335,1.767371188,47.19915112,0.548766685,0.628534788,0.874395455,0.816081905,139.219521
183,^GSPTSE,Transformer,2024-01-01,2026-01-01,34,526.4685883,602.3500718,630.8228287,669.0899627,106831769,482.6307981,558.0126988,569.3746087,608.8594913,57285522.58,1.537984228,1.769119881,1.819457895,1.938544351,45.93870374,0.659600548,0.711122195,0.863124519,0.877411721,135.9535122
184,^GSPTSE,Transformer,2024-01-01,2026-01-01,35,243.9974038,247.2400138,297.5443197,345.4683218,107022221.4,204.962478,200.1666902,221.2671236,267.2640305,56516806.1,0.658710627,0.63876558,0.710795581,0.854685306,44.67190319,0.427230352,0.46464591,0.639868896,0.701533654,133.9254047
185,^GSPTSE,Transformer,2024-01-01,2026-01-01,36,660.2382413,735.0503021,739.122253,831.9672055,106397256.5,593.6429648,682.3003562,658.204884,755.8396403,57311109.1,1.893561813,2.169086441,2.110243454,2.411190056,45.44686039,0.920727577,0.869895587,1.079562722,1.109338055,134.7763841
186,^GSPTSE,Transformer,2024-01-01,2026-01-01,37,2235.930509,2563.804041,2666.829548,2375.163408,113398122,2026.915182,2350.385852,2442.618103,2191.394812,74205234,6.437800049,7.435142259,7.788162284,6.961073324,57.15204819,2.952182744,3.185693416,3.354306103,2.861182569,150.9271616
187,^GSPTSE,Transformer,2024-01-01,2026-01-01,38,1193.061135,1256.565154,1408.933352,1355.422765,105608559.6,1098.3104,1182.521578,1313.79856,1269.537802,58066632.41,3.491719064,3.746538617,4.194235696,4.037091551,46.64678674,1.455011591,1.319148212,1.592827766,1.481663611,135.3326289
188,^GSPTSE,Transformer,2024-01-01,2026-01-01,39,555.3028652,611.6413937,535.6420372,678.2457012,107082886,512.0814539,567.9677011,473.1893703,620.948508,58385312.8,1.631097762,1.800403572,1.513899968,1.976764082,46.86146434,0.671310053,0.710389523,0.801934154,0.861379698,136.893244
189,^GSPTSE,Transformer,2024-01-01,2026-01-01,40,327.3519392,357.4861643,396.7514438,418.0480442,107111822.1,280.4919551,309.1750237,327.3027512,344.5934659,57249926.9,0.897050851,0.982954032,1.048613497,1.100118514,46.24337361,0.536697951,0.56962602,0.718510535,0.756089467,137.1931414
190,^GSPTSE,Transformer,2024-01-01,2026-01-01,41,353.8581388,410.5553528,435.6484889,453.8734411,107436584.1,314.6391625,373.947269,380.5433278,391.2945428,57699833.43,1.004731031,1.186432825,1.216534396,1.246462686,45.0902653,0.510488039,0.531600311,0.674210484,0.729739159,133.500582
191,^GSPTSE,Transformer,2024-01-01,2026-01-01,42,747.4844394,793.0655166,909.0161256,919.053236,105829594.1,689.4244484,744.3531735,842.8581771,851.7590411,58138838.58,2.196528251,2.362202018,2.696528875,2.71388096,46.86970408,0.911712427,0.861408491,1.081878955,1.094359922,139.9964848
192,^GSPTSE,Transformer,2024-01-01,2026-01-01,43,519.9124368,561.6037484,635.8196384,631.6250206,106835075.4,476.2302866,517.0477746,576.15253,575.5041615,57098389.6,1.515899588,1.637356025,1.837766974,1.829675827,45.99535189,0.644869902,0.679611365,0.843427677,0.814303224,135.5872635
193,^GSPTSE,Transformer,2024-01-01,2026-01-01,44,868.900024,918.7097183,1028.371611,1010.127087,106267512.8,794.6239073,844.4037722,939.6368201,934.7035045,56148931.59,2.525519154,2.671652046,2.995690698,2.969934357,45.14234883,1.091561054,1.124287835,1.310778568,1.194001483,133.3450948
194,^GSPTSE,Transformer,2024-01-01,2026-01-01,45,340.420773,376.5743777,402.6650986,426.2912252,107159289,302.9058098,341.2133218,350.7272082,365.4542816,57353837.22,0.967596287,1.082912668,1.121536479,1.164228799,44.84977271,0.490116961,0.499863554,0.628585903,0.696289136,132.4344412
195,^GSPTSE,Transformer,2024-01-01,2026-01-01,46,628.1932682,680.2712688,755.0732188,742.8562628,106472167.1,575.5115136,630.7640811,693.0836613,684.6515674,56246732.42,1.830942352,1.998026729,2.212643404,2.178102602,45.38357489,0.784134268,0.793565508,0.942299259,0.904759711,134.9567113
196,^GSPTSE,Transformer,2024-01-01,2026-01-01,47,270.4224008,306.0904395,345.0312598,402.5385074,106877675,217.8549059,240.650204,247.7677923,306.1818643,55914472.91,0.699557709,0.767306987,0.796661096,0.979518991,43.94825398,0.51564243,0.605844171,0.773643094,0.838311263,131.9759717
197,^GSPTSE,Transformer,2024-01-01,2026-01-01,48,594.5296735,642.5061583,590.332762,704.5846816,106885916,544.1317859,595.6047221,532.1898038,647.8107269,57067144.76,1.731358074,1.886895929,1.699902821,2.06116573,46.18615062,0.746098026,0.751040147,0.80893058,0.870721154,136.4241054
198,^GSPTSE,Transformer,2024-01-01,2026-01-01,49,508.9226903,565.3086309,639.0395311,655.8072688,106927093.7,407.2158308,461.6218674,508.2335422,524.10239,60309179.46,1.302906072,1.472837923,1.633774857,1.676302538,47.74584648,0.978878588,1.045272011,1.248268775,1.264629871,138.0255732
199,^GSPTSE,Transformer,2024-01-01,2026-01-01,50,1012.500713,1024.98138,1200.131016,1184.314706,106022996.7,938.6702131,962.6532402,1120.876637,1110.917887,57492609.42,2.986101707,3.05040459,3.579917014,3.53442836,46.8377642,1.186957591,1.097071114,1.348573369,1.286848606,137.804075
200,SLV,Transformer,2022-01-01,2024-01-01,1,2.060553135,1.460540449,2.253757971,1.64453346,6528944.978,1.64646026,1.17975347,1.767441443,1.277602688,5559037.333,7.425615503,5.27301561,8.03330739,5.7532201,35.88674349,5.591011082,3.846131648,6.357284945,4.680841125,22.3824502
201,SLV,Transformer,2022-01-01,2024-01-01,2,0.593369808,0.564444649,0.603293362,0.544281007,6649589.198,0.482227638,0.420944265,0.507528746,0.397578997,5706290.995,2.175805617,1.881048994,2.307312456,1.792564807,37.40304467,1.537945838,1.658289825,1.449950768,1.654280197,23.92356788
202,SLV,Transformer,2022-01-01,2024-01-01,3,1.603567891,1.431999888,1.81549345,1.570771849,6612315.238,1.364104433,1.232557282,1.522980325,1.333561422,5635201.64,6.155241747,5.515496975,6.93327562,6.01857387,36.46064089,3.778093441,3.241436869,4.472329111,3.730077741,22.9259818
203,SLV,Transformer,2022-01-01,2024-01-01,4,2.440413274,2.106903275,2.939846673,2.36774073,6784543.043,2.181139669,1.889755848,2.606186697,2.097640753,5857772.186,9.864007728,8.476684635,11.89143161,9.487834836,38.34145971,4.914702141,4.14603528,6.180302659,4.945790715,23.93076745
204,SLV,Transformer,2022-01-01,2024-01-01,5,1.880671635,1.672167484,2.062988718,1.802134239,6488321.177,1.585038708,1.410903767,1.704642011,1.496754049,5456697.151,7.152682219,6.315355902,7.756781087,6.755950734,34.93049306,4.551256793,4.005700032,5.270464262,4.525667882,22.11776854
205,SLV,Transformer,2022-01-01,2024-01-01,6,2.312704803,1.823527851,2.507756259,2.001562961,6583751.23,2.077554089,1.64087216,2.237033585,1.781579748,5584446.682,9.391933674,7.352521409,10.1982793,8.049369765,35.93056808,4.553585429,3.522258402,5.132837336,4.089107749,22.47848186
206,SLV,Transformer,2022-01-01,2024-01-01,7,1.285775792,1.183541632,1.369215426,1.251487121,6656311.107,1.101566659,1.020450237,1.158757363,1.065233676,5719991.865,4.957539386,4.556020573,5.259462159,4.795479548,37.34464332,2.958113752,2.651743249,3.285576329,2.936618135,23.46146916
207,SLV,Transformer,2022-01-01,2024-01-01,8,0.978532267,0.796830145,0.861345914,0.789171837,6502777.153,0.819130494,0.673321135,0.71829009,0.657934905,5504664.621,3.692843725,3.010869895,3.269109158,2.970478085,35.40908726,2.39403708,1.878102361,2.144734551,1.945851548,22.27692346
208,SLV,Transformer,2022-01-01,2024-01-01,9,1.085062132,0.826756332,1.209429897,0.940083083,6555429.785,0.838839189,0.659878602,0.95702032,0.753099602,5550390.258,3.816989467,2.990495551,4.402196294,3.444361332,35.77552768,3.11168685,2.269283014,3.379583454,2.585568004,22.69635685
209,SLV,Transformer,2022-01-01,2024-01-01,10,2.418189869,2.188357183,2.63663067,2.495263018,6715274.35,1.895881906,1.728076253,2.081191575,1.967383021,5834700.286,8.691994298,7.854161287,9.612769556,9.013836366,38.67771332,6.916962964,6.127990626,7.503959507,7.046114548,24.44366931
210,SLV,Transformer,2022-01-01,2024-01-01,11,2.160805344,1.666623095,2.255158637,1.819752379,6675482.54,1.853011698,1.439681052,1.902696138,1.547127213,5676332.76,8.374320825,6.446473067,8.667492919,6.985925145,36.72499906,4.998040102,3.738584208,5.489170089,4.312149454,23.31048001
211,SLV,Transformer,2022-01-01,2024-01-01,12,1.938369094,1.650196116,2.096633117,1.765890217,6635409.035,1.748101414,1.492302926,1.880546655,1.579885062,5644778.734,7.895539757,6.681865096,8.565457102,7.131474873,36.36722786,3.736236563,3.103316455,4.181016182,3.518190854,22.6254172
212,SLV,Transformer,2022-01-01,2024-01-01,13,1.405699312,1.292931857,1.443283631,1.482176216,6638224.722,1.142187553,1.076558817,1.183665308,1.22637272,5730299.937,5.238274592,4.88776776,5.469482936,5.61418757,37.61138879,3.833332465,3.315307481,3.895649906,3.872635199,23.60685947
213,SLV,Transformer,2022-01-01,2024-01-01,14,1.101616121,1.127558875,1.295342116,1.335255685,6535359.362,0.902142221,0.933504918,1.06196473,1.10593196,5572434.485,4.146664604,4.249662157,4.920581731,5.074971202,36.04682837,3.007637915,2.961654349,3.541168802,3.514827807,22.53269829
214,SLV,Transformer,2022-01-01,2024-01-01,15,0.62436692,0.627966074,0.583487835,0.628299751,6653623.497,0.508173039,0.513296855,0.434268016,0.509557874,5735624.295,2.288502548,2.311406743,1.988220146,2.314271546,37.71678626,1.594022519,1.639013032,1.788015576,1.682078026,23.94606512
215,SLV,Transformer,2022-01-01,2024-01-01,16,0.561763112,0.564312555,0.573723678,0.584932035,6668719.501,0.418231708,0.422495533,0.416000621,0.440512282,5733440.989,1.909620925,1.910399337,1.920644081,2.012880918,37.6244944,1.749651762,1.721247674,1.871797637,1.800471181,23.98456007
216,SLV,Transformer,2022-01-01,2024-01-01,17,0.512567129,0.504022946,0.542066955,0.502367143,6662689.555,0.375189309,0.386256317,0.457038126,0.386131839,5719797.266,1.718093958,1.736913473,2.090781783,1.751441586,37.40088778,1.641139598,1.464955991,1.34284451,1.46700755,23.70296688
217,SLV,Transformer,2022-01-01,2024-01-01,18,1.519164461,1.314214998,1.738982518,1.415879365,6556690.566,1.201758783,1.074128858,1.337137919,1.117353756,5540280.821,5.407543351,4.8010343,6.06812209,5.033530637,35.73799401,4.19044959,3.377485022,5.054234854,3.92420986,22.90417456
218,SLV,Transformer,2022-01-01,2024-01-01,19,1.176997616,0.925442322,1.132191363,0.980539641,6550307.592,0.918132104,0.739231573,0.871742377,0.770774857,5556576.972,4.150740257,3.317826097,3.981647101,3.494691801,36.00878093,3.320101991,2.493511692,3.289106947,2.746495213,23.11346334
219,SLV,Transformer,2022-01-01,2024-01-01,20,0.895430574,0.637450612,0.883527592,0.654573111,6531961.587,0.769697526,0.540459832,0.746133902,0.556290116,5525432.973,3.465403483,2.419367807,3.387692615,2.513441806,35.56819434,2.031158809,1.491327678,2.122731114,1.536205983,22.53011037
220,SLV,Transformer,2022-01-01,2024-01-01,21,2.689172744,2.294512911,3.316154928,2.577359938,6520810.194,2.366261231,2.026212698,2.889381533,2.248294101,5505495.139,10.70294442,9.08923,13.18553725,10.16977973,35.23308422,5.747721839,4.802590982,7.400789284,5.683327517,21.96146338
221,SLV,Transformer,2022-01-01,2024-01-01,22,2.029084396,1.503298852,2.102584981,1.693051891,7231489.436,1.593738933,1.174646008,1.622413649,1.297125234,6336860.712,7.207296804,5.262152125,7.392768111,5.862491934,43.33351139,5.669164703,4.207760677,6.079929884,4.925085002,28.52235263
222,SLV,Transformer,2022-01-01,2024-01-01,23,1.962554545,1.492122367,2.054124223,1.598289266,6560469.915,1.75287903,1.333565742,1.822186491,1.412660044,5581484.538,7.912010877,5.961490062,8.291156231,6.366857072,36.00654897,3.940094382,2.942561626,4.271725902,3.32739162,22.47180282
223,SLV,Transformer,2022-01-01,2024-01-01,24,0.810836695,0.775069268,0.998174967,0.885869729,6640772.809,0.619298853,0.575665384,0.770730567,0.655260169,5658006.205,2.854100752,2.635966385,3.582272742,3.025668518,36.88867943,2.480773175,2.453188777,3.035331003,2.828569697,23.80725154
224,SLV,Transformer,2022-01-01,2024-01-01,25,0.580428107,0.635199637,0.562003031,0.704074968,6599568.522,0.443936559,0.529913005,0.425282932,0.588835583,5647040.131,2.030716151,2.40038606,1.963750424,2.693827002,36.72978148,1.751576176,1.6362402,1.742022715,1.825392357,23.13085581
225,SLV,Transformer,2022-01-01,2024-01-01,26,0.603128126,0.550744104,0.629669548,0.57277589,6523460.016,0.452430485,0.41094056,0.464310984,0.429862705,5545422.652,2.079736059,1.858817806,2.15630632,1.966003289,35.7127505,1.899441249,1.689623577,2.047764085,1.77669255,22.20461927
226,SLV,Transformer,2022-01-01,2024-01-01,27,1.485642952,1.33183939,1.68690643,1.407296403,6653809.459,1.330192568,1.188710527,1.50949982,1.244863403,5684145.495,5.992597692,5.309782065,6.861605788,5.606082085,36.9958229,2.924608612,2.62629324,3.370253321,2.904233921,23.49374186
227,SLV,Transformer,2022-01-01,2024-01-01,28,0.628143174,0.681967018,0.636717866,0.636183879,6541252.336,0.511030298,0.560228965,0.525374579,0.507974717,5575384.595,2.307387357,2.498377095,2.391009584,2.285636177,36.10936954,1.630734142,1.690833689,1.614691027,1.683545581,22.69862385
228,SLV,Transformer,2022-01-01,2024-01-01,29,0.525932211,0.514848465,0.53699461,0.497093126,6489008.645,0.451094965,0.399373468,0.465576521,0.383099561,5481255.571,2.041166238,1.78740959,2.120080582,1.730781046,35.0749571,1.209494905,1.437203012,1.194381093,1.414741407,21.80622019
229,SLV,Transformer,2022-01-01,2024-01-01,30,2.769935861,2.271133548,2.982951012,2.480175706,6577796.04,2.485388636,2.044167022,2.664449802,2.205976276,5613942.198,11.24127904,9.167910332,12.14958719,9.973620896,36.2735578,5.490772535,4.400030945,6.075709004,5.097322094,22.49120706
230,SLV,Transformer,2022-01-01,2024-01-01,31,0.765687911,0.609621931,0.629610925,0.589300821,6650099.504,0.652207548,0.440295711,0.504490639,0.406772802,5713028.35,2.924466615,1.964093698,2.287829489,1.830435218,37.35414055,1.733609856,1.848666676,1.66114587,1.888041076,23.5862773
231,SLV,Transformer,2022-01-01,2024-01-01,32,2.065924059,1.642225014,2.152161154,1.812633847,6613852.782,1.638313434,1.313405176,1.666538621,1.417736661,5630542.573,7.405615802,5.883384096,7.59062464,6.405890257,36.5335518,5.679740005,4.418761393,6.190312079,5.11004936,23.26037798
232,SLV,Transformer,2022-01-01,2024-01-01,33,2.93070222,2.248711485,3.185588583,2.525055886,6532374.308,2.507763552,1.936537235,2.685506388,2.138121868,5500921.008,11.34915792,8.686327328,12.25211113,9.671298613,35.26097873,6.844333557,5.110589281,7.794236506,6.069307012,22.33695442
233,SLV,Transformer,2022-01-01,2024-01-01,34,2.510007795,2.056865438,2.861138506,2.301917644,6582584.658,2.216931926,1.828090311,2.501881698,2.018810103,5679185.95,10.02781601,8.197825632,11.4141439,9.129017131,36.84357134,5.293380908,4.197219219,6.30666522,4.981444677,22.30124064
234,SLV,Transformer,2022-01-01,2024-01-01,35,2.176557835,1.958735705,2.428816177,2.132417032,6581144.578,1.944989856,1.761273798,2.15224043,1.892889767,5626720.591,8.791306732,7.896254845,9.811219244,8.556331412,36.43753608,4.379154362,3.806086902,5.099783832,4.412535284,22.61960688
235,SLV,Transformer,2022-01-01,2024-01-01,36,1.614146325,1.335466936,1.834904926,1.486145459,6563230.134,1.229424616,1.066572955,1.355190643,1.149001365,5550370.821,5.53727601,4.770989645,6.153260571,5.181329253,35.84544142,4.724721787,3.591819196,5.630493206,4.259359794,23.00112687
236,SLV,Transformer,2022-01-01,2024-01-01,37,2.34238853,1.991210673,2.902115952,2.2424473,6765547.78,2.074598619,1.769637933,2.534710918,1.964228607,5791840.746,9.381490425,7.936115491,11.56775837,8.883542525,37.7814912,4.886903374,4.064765318,6.428616578,4.875263075,24.05826061
237,SLV,Transformer,2022-01-01,2024-01-01,38,0.869079336,0.764422868,0.927207561,0.897116745,6642778.296,0.705742862,0.637770594,0.754105546,0.748566177,5705094.665,3.247028097,2.899960777,3.498222606,3.434496845,37.28195055,2.430830589,1.997432768,2.606440264,2.356845578,23.52939519
238,SLV,Transformer,2022-01-01,2024-01-01,39,0.656652646,0.616297311,0.603371121,0.590726046,6585233.497,0.551052334,0.460560961,0.497805146,0.443867776,5638499.289,2.475308221,2.0493927,2.256136765,1.991341664,36.67891134,1.547029759,1.777935692,1.490613623,1.695445094,23.02305122
239,SLV,Transformer,2022-01-01,2024-01-01,40,2.751225509,2.258334991,2.977444209,2.505896542,6776578.298,2.445164056,2.016516125,2.623376882,2.212038885,5824821.474,11.06290843,9.046912526,11.96800204,10.00569252,38.06905821,5.673684702,4.53115198,6.395877884,5.305302319,24.06413565
240,SLV,Transformer,2022-01-01,2024-01-01,41,0.858960338,0.856349564,1.098917091,0.916857011,6610948.031,0.702475643,0.696366853,0.860708279,0.731837876,5628037.985,3.182930527,3.119077389,3.917305524,3.307936839,36.8157316,2.234650998,2.220122114,3.099355152,2.486376864,24.08108156
241,SLV,Transformer,2022-01-01,2024-01-01,42,1.854489178,1.67520052,2.064954128,1.800216144,6517324.05,1.639063898,1.480199429,1.812422554,1.572089853,5514037.474,7.38960555,6.62041342,8.240500947,7.08872505,35.43975078,3.870388519,3.470078986,4.45921587,3.924412693,22.25387598
242,SLV,Transformer,2022-01-01,2024-01-01,43,2.075277478,1.501093311,2.143556524,1.669781624,6569701.14,1.69689785,1.227838205,1.706011756,1.335809249,5570150.792,7.661919657,5.489264487,7.761228551,6.023131022,35.90690518,5.385918439,3.861031446,5.895875574,4.525058122,22.663408
243,SLV,Transformer,2022-01-01,2024-01-01,44,1.147632972,1.053622246,1.278558447,1.11631577,6582929.643,0.898857392,0.84247235,0.953034967,0.869974827,5569402.072,4.054710872,3.775146273,4.331513076,3.934189513,35.89605398,3.209747182,2.824084858,3.869346926,3.154002735,22.84439007
244,SLV,Transformer,2022-01-01,2024-01-01,45,0.630288108,0.604307258,0.573122255,0.608060375,6561858.614,0.504871364,0.483038654,0.418455729,0.486616826,5601938.075,2.300700273,2.174189107,1.910826138,2.210102198,36.31481737,1.750562947,1.63962753,1.78083328,1.66681617,22.77318439
245,SLV,Transformer,2022-01-01,2024-01-01,46,2.334852827,1.875607811,2.377964771,2.019794734,6564818.722,2.047457612,1.653988402,2.063466095,1.755107834,5549715.971,9.251857468,7.408107637,9.396767527,7.925230314,35.63131497,5.037181902,3.928844399,5.347809575,4.490128846,22.38239445
246,SLV,Transformer,2022-01-01,2024-01-01,47,0.923628202,0.625751293,0.775779859,0.597878994,6629828.994,0.79985897,0.510585629,0.681623918,0.485107028,5688334.58,3.591826195,2.27794671,3.090460552,2.18409788,37.15315394,2.031347194,1.575802572,1.629191606,1.535435542,23.49419516
247,SLV,Transformer,2022-01-01,2024-01-01,48,1.896704507,1.5789576,2.132395039,1.723475002,6529064.071,1.59860215,1.337059469,1.776843119,1.431025715,5534087.236,7.208316605,5.976232174,8.078108389,6.449041226,35.60690552,4.585930021,3.74080251,5.341281792,4.323941546,22.29532686
248,SLV,Transformer,2022-01-01,2024-01-01,49,0.700445616,0.677218432,0.831694991,0.729838953,6704098.987,0.569846884,0.565492724,0.687977178,0.61069712,5768355.188,2.603150345,2.554178135,3.173275991,2.784458871,37.77937017,1.911327187,1.715679308,2.220533599,1.862678517,23.89354685
249,SLV,Transformer,2022-01-01,2024-01-01,50,1.080903513,1.063163163,1.182182839,1.217551637,6476387.174,0.866402307,0.873030207,0.949852695,1.000776568,5472861.925,3.992551227,3.980142034,4.411552521,4.599283111,35.02822777,3.084292578,2.856226846,3.379186708,3.277216825,21.75046421
250,SLV,Transformer,2022-09-01,2024-09-01,1,0.918682215,0.975566901,1.006090339,1.071996547,6187856.24,0.777659296,0.74602275,0.807477275,0.827393793,4690637.444,3.028968215,2.912290596,3.203228333,3.258245887,28.65110136,1.978783877,2.522397776,2.455827715,2.768504137,21.89406493
251,SLV,Transformer,2022-09-01,2024-09-01,2,1.056158087,1.002745123,1.351898062,1.13354218,6183821.215,0.799567294,0.757956603,1.129127201,0.87981854,4699334.697,3.156966682,2.963132534,4.478010247,3.466232249,28.89836506,2.797911527,2.632812654,3.046922902,2.902026986,22.29317116
252,SLV,Transformer,2022-09-01,2024-09-01,3,1.099211855,1.011399901,1.286425692,1.144736105,6183173.49,0.844434022,0.764234002,1.048412048,0.891585945,4703500.085,3.332080775,2.988328182,4.166059149,3.512138919,28.97484031,2.855487507,2.65690271,3.048028396,2.915738285,22.38874759
253,SLV,Transformer,2022-09-01,2024-09-01,4,1.838892574,1.169459864,2.529653363,1.484825215,6172649.072,1.636722374,0.906553549,2.341736131,1.280406095,4722147.517,6.365868407,3.542206182,9.158762737,5.005455504,29.44957761,3.395190052,2.959329827,3.856656699,3.076818583,23.0922776
254,SLV,Transformer,2022-09-01,2024-09-01,5,0.92839809,0.97520181,0.99362385,1.06365668,6187617.001,0.801776497,0.746220725,0.813377142,0.823257996,4691053.451,3.108693616,2.912851406,3.220345443,3.240814777,28.65776161,1.868163599,2.519213597,2.337204459,2.736701228,21.8997318
255,SLV,Transformer,2022-09-01,2024-09-01,6,0.926594466,0.972630728,0.994243751,1.05906439,6195627.032,0.801720087,0.744854862,0.804171194,0.819849517,4679820.379,3.106323798,2.907249974,3.187246357,3.227192386,28.33353388,1.849178037,2.509833561,2.392791321,2.724354546,21.39472553
256,SLV,Transformer,2022-09-01,2024-09-01,7,1.095237627,1.019021063,1.40952907,1.154073722,6184262.002,0.840207297,0.769800484,1.199505329,0.901683614,4697204.698,3.315634145,3.010588663,4.749546285,3.551434196,28.85060971,2.850740498,2.677782952,3.040438506,2.925729031,22.22321401
257,SLV,Transformer,2022-09-01,2024-09-01,8,0.929775682,0.958974499,0.970680026,1.034652454,6195773.547,0.803617083,0.746885204,0.829538892,0.80974202,4681069.866,3.11470873,2.910674951,3.267430442,3.183053154,28.34746956,1.863666157,2.416003001,2.058794262,2.619935746,21.40423
258,SLV,Transformer,2022-09-01,2024-09-01,9,0.921342645,0.945841934,0.969706296,1.010647315,6195489.347,0.785446195,0.751969207,0.841678207,0.800771882,4681304.631,3.055538154,2.925092048,3.302813372,3.142298416,28.35520909,1.943310755,2.307052006,1.945461286,2.508704455,21.41615553
259,SLV,Transformer,2022-09-01,2024-09-01,10,1.041768731,0.940955243,0.973770881,1.007744636,6195388.098,0.890713156,0.754174735,0.847059702,0.799573742,4681369.136,3.412067177,2.931325962,3.318425252,3.136822403,28.35769331,2.031629993,2.263160423,1.926133648,2.495358932,21.42010922
260,SLV,Transformer,2022-09-01,2024-09-01,11,1.086669904,0.994898741,1.056699054,1.105870561,6184631.924,0.831197468,0.753005715,0.82828757,0.852953396,4696508.439,3.280538981,2.942959132,3.295855028,3.360723914,28.82881836,2.839847905,2.607657381,2.682737775,2.857295648,22.18662115
261,SLV,Transformer,2022-09-01,2024-09-01,12,1.440347155,1.013080809,1.389995218,1.135667316,6181993.514,1.225294174,0.765325709,1.176714324,0.881868053,4714257.791,4.793675055,2.992765619,4.66133045,3.474279664,29.17766893,3.0812495,2.662117113,3.037031642,2.905440239,22.65205512
262,SLV,Transformer,2022-09-01,2024-09-01,13,0.931458995,0.969331364,1.045201344,1.063256629,6188976.486,0.756459818,0.745976959,0.823279935,0.823091797,4689111.78,2.961244627,2.910335652,3.273960864,3.240089324,28.59600372,2.207345217,2.484499848,2.633783149,2.735014809,21.797905
263,SLV,Transformer,2022-09-01,2024-09-01,14,1.500191443,1.017157203,1.279519102,1.161075052,6186492.829,1.291756186,0.768177567,1.041768854,0.909484094,4693146.341,5.047164671,3.004224103,4.139910807,3.581737725,28.72729708,3.104792137,2.673797178,3.037311446,2.931888106,22.01984944
264,SLV,Transformer,2022-09-01,2024-09-01,15,1.285328932,0.974378963,4.751448605,1.174371561,6166885.908,1.122544883,0.803339586,3.511510483,0.982466313,4677718.247,4.359168141,3.115370891,13.39477564,3.848408677,28.27980668,2.490574084,2.221033513,11.92977262,2.61364712,21.10553011
265,SLV,Transformer,2022-09-01,2024-09-01,16,0.924968996,0.975231647,0.976706023,1.103010879,6188687.012,0.760040232,0.745904645,0.818060233,0.850527895,4689282.492,2.971655503,2.911756602,3.231011574,3.351137731,28.61009777,2.140870597,2.520877049,2.185559068,2.851026915,21.82680964
266,SLV,Transformer,2022-09-01,2024-09-01,17,0.920888049,0.984125275,0.986049387,1.075350695,6193447.676,0.789986313,0.749107244,0.813311849,0.829176252,4683359.791,3.069248982,2.925942875,3.217615131,3.26563866,28.42486241,1.902910434,2.560512757,2.2836991,2.780682258,21.52955187
267,SLV,Transformer,2022-09-01,2024-09-01,18,1.270785947,1.017424664,1.654100225,1.169993421,6182272.329,1.026370959,0.768339847,1.476280006,0.918624856,4705421.912,4.034575749,3.004866678,5.816889275,3.617333685,29.02050564,3.039862564,2.674683496,3.075624268,2.943510686,22.45346305
268,SLV,Transformer,2022-09-01,2024-09-01,19,0.912681847,0.952426393,0.955385294,1.019928842,6194141.258,0.781222085,0.745516046,0.825650087,0.801694375,4680474.585,3.036995876,2.903963215,3.243286567,3.149435046,28.37286194,1.901329928,2.381472403,1.948955263,2.565469189,21.4667765
269,SLV,Transformer,2022-09-01,2024-09-01,20,0.99336754,0.949467913,0.970564972,1.013381539,6195910.608,0.853489987,0.75103137,0.840263322,0.802213592,4681064.307,3.281212252,2.922855851,3.300583238,3.148467538,28.34326991,1.944587123,2.335416107,1.969845238,2.519462935,21.39503933
270,SLV,Transformer,2022-09-01,2024-09-01,21,1.213531678,1.052733769,1.160879392,1.170552406,6189227.918,0.96294289,0.799504483,0.912710082,0.919403866,4687987.591,3.791040404,3.127280156,3.63530053,3.620333367,28.57704182,2.995000942,2.747342827,2.930161012,2.943159234,21.77623042
271,SLV,Transformer,2022-09-01,2024-09-01,22,1.081474055,0.945904967,1.076142477,1.003621117,6194255.29,0.918921515,0.750901544,0.910423499,0.79725454,4682628.412,3.511735981,2.921320598,3.526260551,3.126967719,28.40020536,2.12313793,2.312900782,2.175712276,2.47966578,21.49042696
272,SLV,Transformer,2022-09-01,2024-09-01,23,0.933679812,0.983471698,0.970984707,1.016849471,6191878.617,0.752045148,0.749106628,0.844146473,0.80301644,4685469.256,2.946343843,2.925733956,3.309037891,3.152773059,28.48388035,2.247082965,2.556551297,1.92960319,2.538446872,21.61920892
273,SLV,Transformer,2022-09-01,2024-09-01,24,0.929638699,0.954895849,0.967384598,1.033567363,6188607.384,0.804235789,0.747672411,0.828546563,0.808866686,4689529.17,3.115823249,2.912395639,3.262156824,3.179591866,28.61438899,1.85513089,2.386634174,2.037788043,2.61732468,21.83182258
274,SLV,Transformer,2022-09-01,2024-09-01,25,1.417004048,1.050972984,1.609336988,1.210456409,6182971.18,1.199885342,0.798019193,1.428755438,0.959410635,4703056.538,4.696196334,3.121468187,5.632878652,3.775967643,28.97690558,3.066595225,2.743469123,3.052567096,2.99712638,22.40129033
275,SLV,Transformer,2022-09-01,2024-09-01,26,2.935453093,1.794000817,3.821272583,2.343542331,6069724.774,2.541987743,1.580388546,3.325198526,2.088780978,4700589.591,9.800607421,6.082500928,12.92349539,8.076249682,29.47064707,5.69655776,3.379002988,7.294391309,4.206954582,22.57795268
276,SLV,Transformer,2022-09-01,2024-09-01,27,0.923162829,0.956875381,0.974895057,1.024124642,6190440.951,0.79065241,0.7479198,0.826728523,0.806171049,4687131.161,3.072860992,2.913826739,3.260227713,3.166676211,28.5335659,1.917959595,2.397915215,2.113873489,2.57007453,21.69612276
277,SLV,Transformer,2022-09-01,2024-09-01,28,1.104990816,0.976332341,1.175399915,1.095770843,6188284.741,0.850364471,0.746631986,0.927453716,0.844361904,4690109.392,3.355184721,2.914675966,3.693344324,3.326612964,28.62728138,2.863341134,2.52426609,2.950061087,2.835283467,21.84911502
278,SLV,Transformer,2022-09-01,2024-09-01,29,1.075425336,1.001391513,1.262760302,1.138948497,6185449.535,0.818381144,0.756964331,1.023313836,0.885013065,4694504.655,3.230731324,2.959120902,4.06813438,3.486584764,28.76673285,2.829724602,2.629048309,3.025729486,2.910921076,22.08107074
279,SLV,Transformer,2022-09-01,2024-09-01,30,0.605255814,0.949703989,0.650810156,1.021386468,6231526.675,0.428261069,0.778381511,0.488293054,0.868541355,4577780.302,1.629704187,3.020072393,1.878306483,3.375434799,27.95815684,1.608364468,2.173811226,1.645426803,2.144588477,22.83276301
280,SLV,Transformer,2022-09-01,2024-09-01,31,1.073649733,0.993146413,1.214845869,1.118556656,6185647.142,0.817003292,0.752430494,0.972429731,0.865160194,4694255.389,3.225274986,2.940412458,3.869127999,3.408737787,28.75919352,2.825180432,2.599778922,2.977594571,2.878470652,22.06883883
281,SLV,Transformer,2022-09-01,2024-09-01,32,1.515416832,1.055365394,1.641028283,1.265265653,6183524.769,1.307754497,0.801670475,1.462088922,1.015975224,4701341.359,5.108591677,3.135770156,5.762443466,3.994983319,28.93477331,3.116646131,2.753358783,3.072307477,3.061261272,22.33830796
282,SLV,Transformer,2022-09-01,2024-09-01,33,1.827712922,1.036750167,1.324971476,1.223141353,6184974.152,1.63112794,0.785876149,1.094669934,0.971435556,4695840.566,6.342588473,3.073731392,4.34519631,3.82283841,28.80630802,3.33808627,2.712782611,3.055600337,3.017589702,22.14749481
283,SLV,Transformer,2022-09-01,2024-09-01,34,1.250775417,1.038800287,1.570095545,1.190144713,6182319.999,1.005190113,0.787619177,1.385534106,0.939322071,4693755.526,3.952660859,3.080664271,5.46557122,3.697794053,28.82609094,3.018559027,2.7173116,3.042130663,2.968531451,22.2180811
284,SLV,Transformer,2022-09-01,2024-09-01,35,1.503242518,1.09220808,2.034839824,1.333396879,6177903.818,1.28620153,0.832213908,1.866384123,1.094027462,4716081.436,5.03081206,3.255288853,7.327772264,4.295206685,29.23776326,3.17126258,2.836214986,3.334727518,3.101100767,22.73735242
285,SLV,Transformer,2022-09-01,2024-09-01,36,2.276898009,1.093399587,1.759010047,1.432423077,6210890.34,1.704985214,0.834587697,1.308091161,1.22401656,4668423.154,6.409026863,3.2642842,4.982102657,4.789134705,27.95863213,5.560164086,2.831937544,4.366799075,3.041531745,20.83084884
286,SLV,Transformer,2022-09-01,2024-09-01,37,1.042495989,1.022511372,1.251961483,1.159678708,6185855.875,0.788385285,0.773074694,1.012422023,0.907721151,4694046.709,3.112527956,3.023449093,4.025450146,3.574919597,28.75171852,2.766009199,2.684277992,3.012023755,2.93171446,22.05638077
287,SLV,Transformer,2022-09-01,2024-09-01,38,1.077787322,1.02296299,1.347426677,1.175325149,6185522.921,0.821495573,0.773486877,1.123341834,0.92407265,4694861.118,3.242781665,3.025065768,4.455751991,3.638546765,28.77470628,2.829977866,2.685160683,3.048938859,2.950460744,22.09384361
288,SLV,Transformer,2022-09-01,2024-09-01,39,0.994915514,1.022517872,1.23907399,1.154342438,6186808.888,0.750630222,0.773079121,0.998777249,0.902022611,4692242.157,2.960972306,3.023467653,3.972108067,3.552746134,28.69610412,2.646568101,2.684298324,2.99910192,2.925774031,21.96349727
289,SLV,Transformer,2022-09-01,2024-09-01,40,0.93575358,0.977181948,0.970907612,1.06399747,6193459.341,0.81038461,0.7469388,0.843688776,0.823464184,4683494.723,3.136769619,2.916042414,3.3086827,3.241660791,28.42268042,1.853464474,2.528076548,1.936035753,2.737833964,21.52125349
290,SLV,Transformer,2022-09-01,2024-09-01,41,4.121483958,1.102261566,2.199321306,1.958518058,6288977.908,3.708283232,0.902869916,1.707642189,1.608838788,4680062.577,14.10718166,3.391602895,6.509619817,6.068202406,27.63393975,6.515377712,2.300410772,5.150704339,4.098421382,20.33311677
291,SLV,Transformer,2022-09-01,2024-09-01,42,1.127796779,1.032025722,1.088883613,1.083880009,6230417.179,0.948630143,0.781771071,0.917952416,0.835494581,4658386.519,3.61746331,3.057623666,3.552774963,3.29109518,27.60129052,2.255948191,2.702782061,2.214803295,2.803721594,20.3201192
292,SLV,Transformer,2022-09-01,2024-09-01,43,2.381327627,0.80290545,2.80593053,0.968837532,6169616.214,1.951525625,0.718735175,2.367774623,0.803835444,4575234.14,7.363537726,2.74978151,9.067560686,3.059187206,26.99685112,4.996717575,1.389234845,5.549225118,1.993905089,19.89921842
293,SLV,Transformer,2022-09-01,2024-09-01,44,0.930304875,0.965257859,0.981841647,1.057934295,6190906.593,0.804269572,0.745702849,0.819844747,0.820093858,4686465.351,3.116861372,2.908158969,3.239304918,3.227640204,28.51513107,1.862424126,2.460602469,2.213114908,2.716197451,21.66794863
294,SLV,Transformer,2022-09-01,2024-09-01,45,1.44945121,1.052212925,1.638223939,1.24450991,6181727.783,1.235851104,0.798971891,1.459466554,0.994201406,4702827.498,4.833423498,3.125220289,5.751402821,3.910764869,28.98734104,3.081603761,2.746611001,3.066576937,3.038873807,22.4211859
295,SLV,Transformer,2022-09-01,2024-09-01,46,1.457913879,0.98095712,3.213097535,1.071754434,6354363.485,1.173101566,0.808724288,2.378318389,0.886153433,4927959.043,4.477621346,3.136598336,9.080165446,3.462040635,29.00882957,3.218977831,2.23619291,8.039240425,2.449031538,19.4355108
296,SLV,Transformer,2022-09-01,2024-09-01,47,1.240936689,0.927121124,1.188890019,0.976913641,6199719.553,1.013029135,0.762914162,0.972538767,0.801372472,4677293.555,3.847200993,2.956061476,3.746602493,3.129233089,28.23128774,2.634049529,2.115981852,2.554426138,2.265485523,21.22736067
297,SLV,Transformer,2022-09-01,2024-09-01,48,0.924221897,0.979017987,0.971724322,1.058767993,6188365.72,0.765527725,0.747538734,0.82678243,0.82047753,4689885.034,2.990384969,2.918767323,3.258807897,3.229294503,28.62265608,2.102055869,2.536579558,2.087582792,2.719558465,21.84297612
298,SLV,Transformer,2022-09-01,2024-09-01,49,0.928176834,0.954534142,0.981941556,1.031250216,6190605.003,0.802625023,0.747645279,0.815069309,0.807851637,4685748.402,3.110472041,2.912190121,3.222427291,3.17518396,28.50909732,1.857005237,2.384484454,2.243349742,2.607578475,21.6654955
299,SLV,Transformer,2022-09-01,2024-09-01,50,0.918853354,0.964995329,0.986110685,1.041749578,6185524.961,0.75746945,0.743780504,0.802050607,0.809696191,4692753.768,2.960615326,2.901241278,3.177131899,3.18514853,28.74748984,2.112347843,2.468028123,2.348686659,2.66460685,22.07005606
300,SLV,Transformer,2023-05-01,2025-05-01,1,0.810601433,0.824303043,0.840478281,0.837743869,13353173.55,0.666453714,0.67782226,0.655081433,0.673375521,8182129.488,2.229136171,2.293160124,2.266005828,2.300436747,27.13071937,1.503695353,1.659662379,1.911442927,1.7860344,20.40837075
301,SLV,Transformer,2023-05-01,2025-05-01,2,2.458264569,0.839229744,1.284117643,1.263437144,15405260.06,2.171892975,0.710571973,1.160336014,1.11691477,10190547.88,7.279715745,2.385598206,3.932904006,3.745986732,32.09130115,3.795370442,1.541353061,1.836539688,1.94259279,19.40286836
302,SLV,Transformer,2023-05-01,2025-05-01,3,1.258013881,0.901052951,0.892506784,0.885961937,15777381.66,1.037868308,0.735797724,0.727469786,0.705883533,10613266.04,3.458627097,2.497876536,2.485725489,2.389833583,33.44450624,2.309831411,1.856318644,1.778026323,1.835574452,19.32279626
303,SLV,Transformer,2023-05-01,2025-05-01,4,1.441369773,0.814974165,0.84446783,0.848516417,13856788.15,1.262912261,0.654317899,0.677170673,0.681888556,8560630.299,4.216038294,2.220762604,2.33578577,2.316791053,27.06678923,2.284336655,1.73119294,1.824380325,1.770035075,19.44845078
304,SLV,Transformer,2023-05-01,2025-05-01,5,1.136565664,1.397015458,1.416112508,1.300767294,12558164.36,0.960951476,1.113603397,1.085759608,0.979021657,8239964.951,3.246964972,3.778056819,3.768223549,3.368763763,31.95936463,2.060574083,2.91734379,3.255197671,3.039774058,25.27964901
305,SLV,Transformer,2023-05-01,2025-05-01,6,1.376510012,0.800879307,0.869952715,0.870805744,14427987.3,1.208649988,0.642567359,0.716649537,0.697004171,9104582.02,4.033003956,2.171587398,2.448389398,2.354035758,28.54594796,2.139642243,1.671932122,1.701852915,1.775478837,19.58672778
306,SLV,Transformer,2023-05-01,2025-05-01,7,0.7726988,1.418048082,1.426108074,1.184119659,12743014.91,0.608671364,1.22561429,1.189869199,0.973806762,7695699.446,2.058295766,4.171558183,4.158424314,3.366040495,25.6745025,1.627948223,2.568235128,2.962779831,2.515222214,19.56580922
307,SLV,Transformer,2023-05-01,2025-05-01,8,1.60868759,0.777800844,0.938723703,0.99597974,15787234.55,1.435888779,0.592847211,0.835866193,0.862635613,10605685.2,4.801216073,2.005585714,2.851409037,2.903359796,33.50998072,2.367936831,1.766575498,1.483830656,1.673496838,19.28297429
308,SLV,Transformer,2023-05-01,2025-05-01,9,2.59385038,0.771784739,1.202530277,1.044433112,15351196.35,2.335824928,0.58322783,1.092007129,0.916758622,10078478.97,7.858813412,1.977813447,3.702136313,3.085129513,31.61710221,3.752766656,1.78590359,1.682228119,1.678705309,19.4853184
309,SLV,Transformer,2023-05-01,2025-05-01,10,1.601416339,1.688433871,1.876832213,1.609328131,12877138.28,1.397845799,1.433310024,1.580072893,1.326419442,7827750.277,4.789670063,4.880244282,5.507337401,4.583763936,26.64855217,2.803166753,3.163886847,3.73184044,3.330345255,20.25260893
310,SLV,Transformer,2023-05-01,2025-05-01,11,0.869502101,0.986499211,0.874029316,0.869183626,13335838.29,0.688970714,0.868873978,0.678823938,0.676826962,8125489.756,2.291183278,2.944214253,2.348132556,2.315107245,26.09733293,1.709934194,1.696009736,2.000031981,1.946945292,19.52392174
311,SLV,Transformer,2023-05-01,2025-05-01,12,4.165346502,3.104455196,3.559477605,3.285433999,13011321.66,3.693347189,2.711262776,3.12613565,2.836637258,10576188.37,12.59423519,9.183308766,10.816318,9.723436286,48.61897648,6.695757321,5.243195942,6.091943972,5.840172277,34.4533269
312,SLV,Transformer,2023-05-01,2025-05-01,13,1.469330391,0.884187975,1.018434276,1.042940056,15143406.37,1.264204043,0.671897094,0.87909747,0.906834253,9881470.831,4.21784019,2.291293436,3.027819737,3.079015955,30.90970212,2.456857684,2.063692993,1.889067914,1.821027428,19.62204139
313,SLV,Transformer,2023-05-01,2025-05-01,14,1.44747249,0.803452556,0.903589785,0.919966164,15123550.35,1.251404616,0.614876955,0.746303556,0.782362738,9908909.68,4.184702364,2.088518748,2.582521388,2.663142193,31.38995691,2.422943811,1.844388374,1.880876866,1.732931848,20.25256344
314,SLV,Transformer,2023-05-01,2025-05-01,15,1.722146832,0.751518692,1.036804949,0.952348066,13732062.89,1.514669829,0.594049245,0.933327584,0.819698667,8541816.67,5.070904928,2.009948774,3.182302469,2.771031607,27.30408467,2.723766773,1.628186526,1.563709387,1.675286006,19.50279316
315,SLV,Transformer,2023-05-01,2025-05-01,16,1.474692185,0.7297212,0.918937571,0.918476401,13719848.87,1.29740335,0.602389973,0.79106779,0.779352821,8546147.495,4.345807966,2.033639457,2.706277718,2.636471821,27.9872209,2.335980165,1.451245453,1.642135629,1.679816133,20.168614
316,SLV,Transformer,2023-05-01,2025-05-01,17,2.137782459,0.860244207,1.094890683,0.855290017,14295026.45,1.900088388,0.678373125,0.972423411,0.724831071,8889373.054,6.401313909,2.307801218,3.32357637,2.47095327,29.49183735,3.29468382,1.889621978,1.757801009,1.642738205,20.55292843
317,SLV,Transformer,2023-05-01,2025-05-01,18,1.157486318,0.973884784,0.907394047,0.895676046,14032358.78,1.031563673,0.76628966,0.679870575,0.650895697,8787637.873,3.449591646,2.621224584,2.370629299,2.244985108,27.80306123,1.714711127,2.176562549,2.234071916,2.24729582,19.36642676
318,SLV,Transformer,2023-05-01,2025-05-01,19,1.805669992,0.770582078,0.969120486,0.92842772,14640095.15,1.602266916,0.598169928,0.85456706,0.776169833,9335070.329,5.368972029,2.025534245,2.914077895,2.620949009,29.68442075,2.761533461,1.712472343,1.580513627,1.741393465,19.92376056
319,SLV,Transformer,2023-05-01,2025-05-01,20,1.410661579,0.88644257,0.838840656,0.869757353,14109837.32,1.227907455,0.710849177,0.681906453,0.730487312,8718302.486,4.115098494,2.417167642,2.351904673,2.477423789,29.05291758,2.314687449,1.895371472,1.76757696,1.653848133,20.86416221
320,SLV,Transformer,2023-05-01,2025-05-01,21,1.496151741,0.861150363,0.844539347,0.842920951,14189961.28,1.325778637,0.704419577,0.676915845,0.679006158,8834364.203,4.440197558,2.388363398,2.328873577,2.313850893,27.93355975,2.284966629,1.764839166,1.795980223,1.772040479,19.96324021
321,SLV,Transformer,2023-05-01,2025-05-01,22,1.488911864,0.866480605,0.871933401,0.88329082,14228648.48,1.298550985,0.726849951,0.71356948,0.718106752,8933921.547,4.355989384,2.452885019,2.435384371,2.422779031,28.29905498,2.405273772,1.657129966,1.720101341,1.737475961,19.37548428
322,SLV,Transformer,2023-05-01,2025-05-01,23,1.146742062,0.836869972,0.921460178,0.921002458,14529775.17,1.032559075,0.633525298,0.697407841,0.765817228,9384941.115,3.453269894,2.15833743,2.429388522,2.613586401,29.74235406,1.626707559,1.957754057,2.237560421,1.850171725,19.7790887
323,SLV,Transformer,2023-05-01,2025-05-01,24,1.052066225,1.507059077,1.433220047,1.306752067,12802745.68,0.928911761,1.305105588,1.209260412,1.101443246,7978249.319,3.164338513,4.431367508,4.211606168,3.792257623,28.27793972,1.76739309,2.669753473,2.864401835,2.590041221,21.17114768
324,SLV,Transformer,2023-05-01,2025-05-01,25,0.75631694,0.903531195,0.949130121,0.882918669,13853996.57,0.629725696,0.755120224,0.707202911,0.658990558,8529440.264,2.120094099,2.566960471,2.475742628,2.26938252,26.85774434,1.404531088,1.79488458,2.364133752,2.138223464,19.38986824
325,SLV,Transformer,2023-05-01,2025-05-01,26,1.94539029,2.474123972,2.300491737,2.271778403,12643571.86,1.656550462,2.087884174,1.916977576,1.886009149,8413364.245,5.635844061,7.068356852,6.641797338,6.463723968,32.43877844,3.485721913,4.532502743,4.486762737,4.412993779,24.6385625
326,SLV,Transformer,2023-05-01,2025-05-01,27,0.98517698,1.001672953,0.96287941,0.958278516,12842273.23,0.834434213,0.759839377,0.772149733,0.795970859,8264869.205,2.815313911,2.584364244,2.686363064,2.734036604,30.86781987,1.769769683,2.294146721,2.13843646,1.969821766,23.91951878
327,SLV,Transformer,2023-05-01,2025-05-01,28,0.818081807,1.146123966,0.977029763,0.955267481,13288616.91,0.703436046,1.008152925,0.761314189,0.746240057,7961299.426,2.356695097,3.424140727,2.657917212,2.570884716,25.544733,1.36067426,1.986011184,2.290236025,2.18138446,19.56728186
328,SLV,Transformer,2023-05-01,2025-05-01,29,0.938107658,1.060867085,1.070633402,0.988515799,13619250.31,0.797830301,0.931016844,0.886753871,0.798904069,8402295.675,2.677816026,3.146637778,3.054641589,2.729847158,26.63691908,1.642195629,1.80788077,2.158059217,2.077423343,19.3883393
329,SLV,Transformer,2023-05-01,2025-05-01,30,0.903492913,1.638538308,1.493108394,1.465770244,13165965.42,0.751371858,1.391468579,1.230995474,1.209436149,7999241.484,2.560182026,4.725674128,4.289846636,4.16644416,26.6153138,1.781979068,3.028226526,3.114899893,3.003256294,20.11951866
330,SLV,Transformer,2023-05-01,2025-05-01,31,1.831479695,1.528435098,1.841483563,1.576936679,12957878.69,1.591562721,1.327684543,1.558667315,1.342155733,7794181.438,5.414920594,4.498789962,5.405559575,4.605180427,26.091661,3.114025026,2.653203587,3.524144117,2.97247224,20.27570738
331,SLV,Transformer,2023-05-01,2025-05-01,32,0.748309286,1.083733378,1.02031816,0.984394899,13286610.72,0.612775167,0.932155174,0.797267084,0.760177062,8043791.569,2.073340144,3.165453655,2.784146082,2.619793512,26.6993731,1.467736702,1.993078608,2.385244868,2.283860707,20.46550263
332,SLV,Transformer,2023-05-01,2025-05-01,33,0.792675801,1.378181932,1.159411991,1.120420554,13385663.14,0.679574434,1.194824984,0.946201832,0.912246412,8127542.529,2.298064378,4.052321715,3.292273842,3.138654012,26.41056152,1.40267952,2.427601184,2.487950704,2.380445129,19.54806419
333,SLV,Transformer,2023-05-01,2025-05-01,34,2.481595415,0.787417054,1.680368745,1.274328602,15333068.22,2.262372014,0.667863914,1.493200782,1.142664691,10082121.16,7.606859802,2.237670756,5.03609341,3.825552571,31.66065614,3.367930839,1.41924991,2.557741924,1.824468754,19.24032566
334,SLV,Transformer,2023-05-01,2025-05-01,35,2.204491712,0.802010308,1.218964208,1.21500477,14951500.7,1.929479008,0.696958984,1.10492275,1.077449411,9764905.903,6.471881099,2.342193464,3.758265193,3.622733851,30.88996263,3.550551145,1.380331492,1.751269242,1.871236267,20.34025667
335,SLV,Transformer,2023-05-01,2025-05-01,36,1.99340742,0.75409811,1.07961067,1.029618968,14357172.21,1.76386441,0.638887674,0.949908869,0.884823554,9048650.975,5.928298508,2.156172305,3.235839263,2.983646994,28.93692395,3.10701926,1.418789681,1.755853017,1.785073717,19.95140189
336,SLV,Transformer,2023-05-01,2025-05-01,37,0.869562327,0.951380184,0.916425891,0.845663156,14593959.75,0.688283878,0.834052676,0.732179987,0.664959659,9272000.982,2.29277913,2.822808122,2.53428072,2.268796857,28.92680415,1.718964491,1.649641919,2.020814911,1.851661596,19.67306811
337,SLV,Transformer,2023-05-01,2025-05-01,38,0.943141323,1.843597134,1.51606614,1.501630432,12702261.03,0.784732132,1.559117167,1.242360147,1.231681476,8105492.799,2.672750123,5.289732326,4.327015503,4.241696446,30.08694057,1.849235761,3.411905041,3.180054159,3.099200664,23.15378481
338,SLV,Transformer,2023-05-01,2025-05-01,39,1.067039356,1.38723807,1.302145294,1.199155784,13210169.44,0.878188704,1.194617121,1.059410658,0.972068261,8068800.376,2.940605495,4.029888208,3.647501122,3.311931891,27.31482407,2.011794304,2.428232596,2.672762053,2.45989138,20.84802617
339,SLV,Transformer,2023-05-01,2025-05-01,40,2.276603315,0.725934866,1.187363551,1.081299675,14449516.98,2.042845329,0.596845592,1.070320948,0.953569597,9167401.839,6.871881245,2.00691738,3.62998601,3.20563241,29.11261696,3.349661556,1.424366389,1.719150215,1.690397664,19.94292621
340,SLV,Transformer,2023-05-01,2025-05-01,41,0.961282617,1.188211773,1.22100437,1.113639716,12687255.58,0.82165762,1.005932875,0.981570459,0.902447237,8107376.723,2.748931819,3.396390297,3.381832973,3.077365254,30.17794172,1.644191782,2.194576274,2.577372218,2.298035478,23.35054252
341,SLV,Transformer,2023-05-01,2025-05-01,42,1.181762771,1.408368393,1.497323417,1.355473821,12784075.83,0.99335044,1.224849316,1.267306982,1.138145755,8422166.322,3.353638643,4.138769188,4.383010583,3.890090697,32.20901337,2.166048131,2.415133569,2.862693187,2.610711712,24.48063158
342,SLV,Transformer,2023-05-01,2025-05-01,43,1.731857418,0.757297295,0.971115519,1.023832839,14962362.44,1.560105467,0.620449034,0.843157594,0.878250981,9638014.717,5.227200912,2.081305112,2.86630297,2.94856775,30.18466352,2.464853315,1.476209849,1.631409661,1.74143903,20.09816165
343,SLV,Transformer,2023-05-01,2025-05-01,44,0.898794967,0.899348654,0.922183099,0.873595392,14464477.94,0.7459433,0.746910385,0.724997821,0.711806469,9073753.733,2.493202055,2.528475881,2.510890435,2.42954138,28.58499686,1.631538832,1.778538666,2.084104161,1.813611934,19.93702246
344,SLV,Transformer,2023-05-01,2025-05-01,45,3.646350875,3.240528714,2.927901905,3.373379667,12811106.37,3.055266998,2.758616364,2.467999108,2.814390017,9646575.456,10.41884428,9.336254273,8.557054967,9.635835433,41.90702618,6.78263653,5.806464622,5.571691705,6.419775058,31.69717576
345,SLV,Transformer,2023-05-01,2025-05-01,46,1.097908285,0.942146157,0.924984829,0.911062157,13372141.13,0.979647392,0.76951776,0.678271973,0.657236853,8240495.531,3.274338536,2.621834376,2.366194057,2.266495948,26.40925782,1.604476073,1.966351324,2.325392905,2.291407701,19.36115935
346,SLV,Transformer,2023-05-01,2025-05-01,47,1.756929291,0.785775994,0.996722616,1.029658931,15241648.66,1.565911672,0.618455037,0.890733145,0.896884011,9998424.981,5.240570169,2.088702814,3.035578238,3.019429377,31.31444922,2.626560346,1.700526491,1.543323073,1.703938394,19.96310082
347,SLV,Transformer,2023-05-01,2025-05-01,48,0.806809975,1.062900592,0.941851464,0.892909265,13441777.53,0.684000272,0.919064508,0.72547038,0.691102482,8182848.297,2.291623524,3.118509675,2.526385029,2.374282767,26.65017541,1.399918335,1.925331313,2.227652421,2.053465483,19.63012614
348,SLV,Transformer,2023-05-01,2025-05-01,49,1.523728206,0.73520844,0.940268319,0.982714508,13884634.76,1.34106942,0.604310158,0.813273357,0.836051317,8593449.348,4.488721882,2.031241325,2.772834774,2.813773969,27.84257304,2.396968346,1.437586264,1.621469225,1.730223547,20.35147218
349,SLV,Transformer,2023-05-01,2025-05-01,50,3.396894352,2.869774155,3.047300949,2.991423155,12709035.43,2.94369993,2.473795382,2.630810986,2.537966814,10127426.13,10.05099795,8.383171932,9.117902643,8.706703099,46.03195981,5.866114986,5.024029021,5.501875619,5.554489214,32.95102102
350,SLV,Transformer,2024-01-01,2026-01-01,1,10.60119725,11.26736794,10.62354546,11.35110963,41628134.91,8.737275063,9.160701303,8.816575541,9.394926009,27731072.18,14.5985726,14.99277709,14.99070128,15.61386362,39.54641428,8.970909453,9.567183783,9.048492484,9.353502622,21.29251336
351,SLV,Transformer,2024-01-01,2026-01-01,2,11.30761462,11.70369896,11.39075559,11.88194108,45110911.62,9.185065242,9.455056616,9.346426006,9.74402707,30721480.93,15.28660671,15.44890865,15.84414264,16.1539809,43.55969902,9.816393821,10.03099338,9.871499243,9.947134378,22.20994613
352,SLV,Transformer,2024-01-01,2026-01-01,3,11.10074731,11.66255286,11.2956448,11.86049993,46931960.83,9.186627524,9.52370821,9.43216292,9.86088721,32377270.78,15.36556593,15.60425135,16.0640915,16.40727022,45.74797784,9.357782418,9.841346713,9.531597525,9.715124188,23.51724211
353,SLV,Transformer,2024-01-01,2026-01-01,4,10.07606841,11.17834745,10.14846663,11.07732852,42850065.07,8.11251527,8.990736782,8.247359803,9.027915163,28899667.97,13.47497605,14.67370996,13.94779434,14.94332982,41.36443839,8.879304272,9.657010228,8.957183705,9.383936152,21.19702644
354,SLV,Transformer,2024-01-01,2026-01-01,5,13.00088068,12.90462708,13.04157023,13.38102879,47658522.18,10.83698737,10.66855136,10.98866537,11.23806304,33016444.49,18.15917706,17.54044387,18.76333415,18.7525058,46.17883407,10.80654472,10.6106391,10.75429367,10.7118067,24.71681582
355,SLV,Transformer,2024-01-01,2026-01-01,6,10.87640025,11.45430754,10.6642802,11.59348227,47025636.55,8.802542251,9.230115962,8.689030139,9.478767607,32283302.56,14.6387588,15.07108356,14.70295319,15.7012857,45.69028191,9.505660149,9.872231369,9.387594621,9.777031005,23.30311268
356,SLV,Transformer,2024-01-01,2026-01-01,7,11.03083691,11.6717738,10.93953413,11.76895655,43209900.94,9.084820394,9.518181945,9.092692045,9.758363279,29074843.4,15.17450316,15.59054575,15.46652671,16.22556927,40.89136519,9.347102332,9.84303319,9.269072324,9.651827456,21.81681989
357,SLV,Transformer,2024-01-01,2026-01-01,8,11.92477705,12.20136964,11.92409082,12.44799561,45929871.62,10.07137776,10.16030649,10.22117571,10.57606448,31459130.62,16.9434588,16.74075612,17.54598792,17.7110493,43.71821729,9.639759662,9.868142479,9.417721469,9.680515667,23.6641416
358,SLV,Transformer,2024-01-01,2026-01-01,9,10.90555396,11.29044567,10.86093246,11.23822557,43109810.19,8.911331635,9.138659009,8.951486518,9.238905924,29013645.33,14.85453526,14.93940321,15.19212207,15.32698736,41.1522192,9.36493568,9.652007513,9.344691239,9.370468977,21.5995312
359,SLV,Transformer,2024-01-01,2026-01-01,10,12.02246387,12.05805328,12.01750809,12.3927515,47438846.1,9.964861292,9.869125429,10.06178984,10.32054384,32580725.47,16.67144905,16.18074421,17.1490518,17.18000348,45.75866561,10.09575998,10.10817626,10.03808815,10.09138243,24.04314382
360,SLV,Transformer,2024-01-01,2026-01-01,11,11.57004288,11.63146256,10.9117222,11.7352615,43384950.17,9.493562935,9.446627075,9.01894918,9.687854565,29244032.04,15.84042833,15.45696752,15.31849912,16.08973504,40.71431563,9.862722628,9.871228114,9.326340771,9.692892737,22.1783634
361,SLV,Transformer,2024-01-01,2026-01-01,12,11.12145687,11.47296285,10.99771132,11.59076264,43065472.67,9.054989486,9.266753444,9.012653549,9.503093876,29051422.31,15.07979124,15.13980555,15.27218191,15.75289965,41.08972091,9.62390869,9.851762347,9.586236301,9.72680008,21.67588496
362,SLV,Transformer,2024-01-01,2026-01-01,13,9.579950087,10.88555425,10.09532843,10.95159232,40460532.48,7.789114462,8.796558548,8.290292357,8.994091506,26734285.96,12.97140284,14.37518463,14.05828292,14.91840654,38.9043347,8.281305772,9.321643885,8.73112155,9.129204375,21.25317616
363,SLV,Transformer,2024-01-01,2026-01-01,14,9.302387146,10.38072522,9.455779804,10.19309777,41041602.44,7.494399895,8.33779397,7.670771234,8.279236369,27278638.31,12.45620819,13.60685601,12.96883686,13.69477013,39.90798325,8.151691271,8.955396984,8.36637229,8.678181871,21.59628183
364,SLV,Transformer,2024-01-01,2026-01-01,15,9.403537757,10.95156501,9.534842216,10.67214506,41187824.48,7.805489772,8.960608288,7.978846155,8.894936659,27193424.46,13.07105235,14.69119847,13.60047163,14.81386547,38.70411449,7.843190881,9.19578812,7.989094203,8.666537989,21.36780932
365,SLV,Transformer,2024-01-01,2026-01-01,16,9.828106619,11.05693466,9.854846418,10.85457152,42412215.76,7.945269832,8.910108023,8.035946073,8.86900139,28469256.89,13.21185903,14.54965856,13.60258977,14.69080724,40.72376294,8.59185471,9.518430953,8.64062617,9.146044843,21.26484326
366,SLV,Transformer,2024-01-01,2026-01-01,17,9.84275163,10.69493022,9.964303525,10.33702086,41851697.56,8.323852296,8.816835851,8.520263909,8.711767641,27572802.27,14.01322582,14.48750578,14.61881454,14.55778388,38.6023401,7.902103112,8.823800161,7.94218101,8.167587452,21.84716909
367,SLV,Transformer,2024-01-01,2026-01-01,18,9.351205404,11.07982479,9.478786049,10.61586673,39767907.91,7.628298961,8.984998339,7.799870641,8.733519576,26222863.72,12.71577786,14.69589959,13.23442667,14.49300071,38.91339958,8.037705309,9.439769434,8.176330665,8.831130944,21.4132067
368,SLV,Transformer,2024-01-01,2026-01-01,19,11.36648396,11.81214883,11.07615011,11.9455746,43906922.88,9.312655365,9.597179829,9.139248846,9.857849789,29711693.37,15.533202,15.7049592,15.51574015,16.37025973,41.77108584,9.711839108,10.01510692,9.497638304,9.873804337,22.06136427
369,SLV,Transformer,2024-01-01,2026-01-01,20,11.01129776,11.70779972,10.9552245,11.82396017,44001998.33,9.032195907,9.5209746,9.059928793,9.773503684,29710515.83,15.07117412,15.58401939,15.39036896,16.23746349,42.07404106,9.384970562,9.912910152,9.357233961,9.743921359,21.92296754
370,SLV,Transformer,2024-01-01,2026-01-01,21,10.40594047,11.53952033,10.77143204,11.60770182,41948093.89,8.721596759,9.531393761,9.121872097,9.769458345,27813945.12,14.64236894,15.66764352,15.60213111,16.31446762,39.09678691,8.545610335,9.523399037,8.815918637,9.257554795,21.60630983
371,SLV,Transformer,2024-01-01,2026-01-01,22,10.2909482,11.33754342,10.55373324,11.32156946,42403875.12,8.434192416,9.205104682,8.731600637,9.345652677,28355362.3,14.07225787,15.0613555,14.83569271,15.52247778,40.0504944,8.766905142,9.620558724,8.985739168,9.339521065,21.55445815
372,SLV,Transformer,2024-01-01,2026-01-01,23,9.767324351,11.32537292,10.22773106,11.16424632,41500839.63,8.151954902,9.308010396,8.623004526,9.35191887,27437355.51,13.66949868,15.27991307,14.72868787,15.59650733,38.66202753,8.056375671,9.399419297,8.394336686,8.945371143,21.52661261
373,SLV,Transformer,2024-01-01,2026-01-01,24,10.50551433,11.3329105,10.66423533,11.22735212,43756878.62,8.479393232,9.121968497,8.687507753,9.15638993,29627177.47,14.09170876,14.8905666,14.70022682,15.15843583,41.89816452,9.218079343,9.779098211,9.375440763,9.499508329,21.74768428
374,SLV,Transformer,2024-01-01,2026-01-01,25,9.201532583,10.69000629,9.402909881,10.40103802,43586816.5,7.498090306,8.63699049,7.70787089,8.52226581,29431590.92,12.49777553,14.11421038,13.06525282,14.12749339,41.78351623,7.905411525,9.155034469,8.176731717,8.724148096,21.64509376
375,SLV,Transformer,2024-01-01,2026-01-01,26,12.79322148,12.62556791,12.85421685,13.02042628,45211250.04,10.73013338,10.4441317,10.88964573,10.96622191,30609942.47,18.01497272,17.17382074,18.6269245,18.31483371,42.39726721,10.5576386,10.40952583,10.54532604,10.4113611,23.31127763
376,SLV,Transformer,2024-01-01,2026-01-01,27,10.7573888,11.42358456,10.7613219,11.43923186,44098405.95,8.772265732,9.240852458,8.846945474,9.397783779,29852702.7,14.61538974,15.10405321,15.00476402,15.58760414,42.13629349,9.271572147,9.773470089,9.304749696,9.547491709,21.96956251
377,SLV,Transformer,2024-01-01,2026-01-01,28,9.666311896,11.19102699,9.602829958,10.87304719,40901372.77,7.927522846,9.105693905,7.945989479,8.990397075,27040147.89,13.23170282,14.90674126,13.5022916,14.93944812,39.00234412,8.231201403,9.476671071,8.201089843,8.956281394,21.36045497
378,SLV,Transformer,2024-01-01,2026-01-01,29,10.35943124,11.47879676,10.51337932,11.4175208,43591355.31,8.69924854,9.482479467,8.930197687,9.617556993,29296459.93,14.61271506,15.58871649,15.28824717,16.06550406,41.04286243,8.450414261,9.439127993,8.5084836,9.053374268,22.12665829
379,SLV,Transformer,2024-01-01,2026-01-01,30,7.217336755,10.12301692,7.340816317,9.349095551,43474524.88,5.77879067,8.115038887,5.892279603,7.534195653,29382677.84,9.612849071,13.23788819,9.948806476,12.43965778,41.46538574,6.292310016,8.752666063,6.550118782,8.075255973,21.68560137
380,SLV,Transformer,2024-01-01,2026-01-01,31,11.86211821,11.99005605,11.90803413,12.19626455,44439772.59,9.709025439,9.734668924,9.837932864,10.05297346,30133395.04,16.18894399,15.92623977,16.70655494,16.68804551,42.34515384,10.16948056,10.18824558,10.19207397,10.1187244,22.26778082
381,SLV,Transformer,2024-01-01,2026-01-01,32,9.552812647,10.84886258,9.811078089,10.75983994,40673513.92,7.722492746,8.738453117,8.011779808,8.790268651,27153768.07,12.84399998,14.26798048,13.56605515,14.55926212,39.99869782,8.33926281,9.34480804,8.587864628,9.078593695,21.01228791
382,SLV,Transformer,2024-01-01,2026-01-01,33,10.60984968,11.60244702,10.61264089,11.50534391,44285890.86,9.010329626,9.675458807,9.112160402,9.790260079,29723782.59,15.18869504,15.94949119,15.65538949,16.40546377,41.36402532,8.491149555,9.37078334,8.407663363,8.937679446,22.63475846
383,SLV,Transformer,2024-01-01,2026-01-01,34,9.478077004,10.87969241,9.485837617,10.65539081,40947275.2,7.792031849,8.86068608,7.87349361,8.826483116,27148570.7,13.01348204,14.5098431,13.39031165,14.67483802,39.04731089,8.035089008,9.192036986,8.046109741,8.739176169,21.03667226
384,SLV,Transformer,2024-01-01,2026-01-01,35,12.78831395,12.40254977,12.50443288,12.8336624,45916372.16,10.83982432,10.31080383,10.71383084,10.88759078,31192729.36,18.25744447,16.98045347,18.38985092,18.22412188,43.02683399,10.26887035,10.07257546,9.915063233,10.03523152,23.84296223
385,SLV,Transformer,2024-01-01,2026-01-01,36,10.2438118,11.17428084,10.37967418,11.18381546,44445037.9,8.240112031,8.978261453,8.431364399,9.10819059,30195501.07,13.68347778,14.6496302,14.25702113,15.07328408,42.49264548,9.041193789,9.668683635,9.170058204,9.487114919,22.1507645
386,SLV,Transformer,2024-01-01,2026-01-01,37,12.73076308,12.35492335,12.20428687,12.81715467,48590335.92,10.48222695,10.0657499,10.0921447,10.60522686,33898248.48,17.50422357,16.48141665,17.14055269,17.62087258,47.55344038,10.85268073,10.46455117,10.49857525,10.60251682,25.61933611
387,SLV,Transformer,2024-01-01,2026-01-01,38,10.73255571,11.54173534,10.90828267,11.53377783,41562684.84,8.84552296,9.42117356,9.091802801,9.577277865,27511156.83,14.77894019,15.43746093,15.47894852,15.93321401,38.93594766,9.047922324,9.685299582,9.129075239,9.388710362,21.59759581
388,SLV,Transformer,2024-01-01,2026-01-01,39,9.989691979,11.01488244,10.29157153,10.9736214,41274808.06,8.286597935,8.985482091,8.604661029,9.124479967,27434417.43,13.87124125,14.71976674,14.66145778,15.18479578,39.21411463,8.348996691,9.293289274,8.62690974,8.953877749,20.99171707
389,SLV,Transformer,2024-01-01,2026-01-01,40,9.209460784,10.9127334,9.534701454,10.48211746,42767771.69,7.410411845,8.777219022,7.737547876,8.526067,28724644.84,12.31205923,14.32607545,13.08215814,14.10671853,40.58541666,8.097280435,9.419838218,8.434151997,8.908747886,21.53204863
390,SLV,Transformer,2024-01-01,2026-01-01,41,9.373193179,10.7035086,9.571388841,10.4274889,43187344.62,7.551017172,8.605206604,7.780526313,8.484930372,29126975.56,12.54765495,14.0445737,13.16042456,14.04032772,41.31485856,8.23374638,9.238251951,8.4383423,8.853731985,21.54603565
391,SLV,Transformer,2024-01-01,2026-01-01,42,10.31324445,10.81054062,10.27025314,10.86086644,41462653.63,8.484299144,8.775572058,8.525099825,8.980806982,27426715.11,14.16897714,14.35782009,14.49739651,14.92380535,38.51563777,8.735580465,9.189073039,8.699906499,8.936872922,21.57496602
392,SLV,Transformer,2024-01-01,2026-01-01,43,10.29152051,11.35115774,10.34659495,11.24221962,43141266.37,8.335065863,9.160561996,8.448909353,9.199618133,29076038.89,13.86444144,14.96388102,14.30561302,15.24365511,41.05138554,8.972161863,9.74770745,9.054297254,9.448226514,21.64119985
393,SLV,Transformer,2024-01-01,2026-01-01,44,10.79431502,11.54885625,10.16838569,11.60579335,45942642.61,8.771613132,9.336079581,8.289221578,9.520747311,31277712.84,14.60173822,15.2566217,14.02889054,15.78462809,44.1391757,9.368228311,9.898816684,8.940481516,9.725815628,22.75961171
394,SLV,Transformer,2024-01-01,2026-01-01,45,10.84365507,11.6376283,10.95254295,11.65543831,43543687.5,9.16010526,9.650680614,9.359547822,9.866597894,29107229.36,15.41355888,15.88214642,16.05347369,16.50568091,40.31865036,8.765369335,9.506522019,8.757832192,9.156222466,22.57240849
395,SLV,Transformer,2024-01-01,2026-01-01,46,10.69377911,11.79417763,10.68056615,11.63416702,41984237.31,8.99497164,9.774483601,9.053922764,9.810420952,27912055.37,15.11902007,16.08199252,15.49384108,16.39295355,39.60214432,8.772365141,9.701844087,8.784896049,9.284335473,21.18470941
396,SLV,Transformer,2024-01-01,2026-01-01,47,10.25033784,11.1453538,10.05984992,11.09657904,42241124.41,8.288646126,8.976440145,8.195493812,9.065103653,28308949.23,13.78178376,14.6556683,13.86889954,15.01438576,40.4510874,8.960625222,9.604696268,8.837011286,9.354508964,21.28502366
397,SLV,Transformer,2024-01-01,2026-01-01,48,9.953314184,11.13008256,10.08839315,10.97482968,42953328.55,8.101573553,9.000602968,8.282739014,9.008782256,28911542.64,13.49416087,14.71053925,14.04398594,14.93993394,41.27001693,8.599698289,9.527342957,8.742500467,9.172237152,21.32262249
398,SLV,Transformer,2024-01-01,2026-01-01,49,10.92570417,11.57619615,11.00793675,11.5994363,42900156.45,9.091482536,9.47963318,9.21366271,9.670287085,28639329.53,15.23440489,15.5432269,15.7076699,16.10423776,39.70189625,9.187538163,9.767524068,9.34154705,9.514039158,22.06414537
399,SLV,Transformer,2024-01-01,2026-01-01,50,10.48584103,11.81865366,10.63753266,11.660758,41393518.07,8.833296936,9.80998575,9.055193037,9.858600654,27379215.62,14.85237406,16.14810439,15.51398613,16.48600531,38.80375851,8.538537841,9.655269516,8.616879125,9.211512907,21.30440403
400,MSFT,Transformer,2022-01-01,2024-01-01,1,28.92501213,21.74231454,22.58349558,28.48188661,13191844.33,26.28109241,20.10684479,20.72919397,26.36182989,8796976.746,7.173524693,5.454452582,5.696750857,7.187708296,36.15397668,3.297494895,2.24912093,2.458040716,2.947423983,35.46632901
401,MSFT,Transformer,2022-01-01,2024-01-01,2,40.34723356,29.5559314,30.70772862,37.83150309,13145656.72,35.657244,26.62021983,27.45026174,34.09850553,8678798.356,9.732748787,7.222143051,7.542163614,9.297175515,35.3278575,5.146942087,3.488325278,3.766078907,4.470230877,34.57048902
402,MSFT,Transformer,2022-01-01,2024-01-01,3,34.21072601,25.34199337,26.51510691,32.59703896,13272418.54,30.86919416,23.33980288,24.21699046,30.00755423,8938530.646,8.424210821,6.33040849,6.652884899,8.180026201,36.79101593,4.018428084,2.680099046,2.951852598,3.472758083,35.65559715
403,MSFT,Transformer,2022-01-01,2024-01-01,4,33.25015505,23.68634359,24.38920138,31.43190511,13147209.36,29.98723596,21.78552058,22.35323369,28.89007207,8712211.985,8.18780906,5.911281541,6.145071382,7.878932373,35.58020969,3.924828998,2.529542333,2.679634949,3.387153653,34.80404128
404,MSFT,Transformer,2022-01-01,2024-01-01,5,39.51936192,29.92381556,30.91488297,38.2501297,13144072.02,35.54856064,27.3364073,28.05263986,34.94750636,8612435.555,9.703988528,7.416863534,7.709540283,9.529469566,34.77321516,4.710826949,3.308905,3.55944606,4.246133821,34.15422853
405,MSFT,Transformer,2022-01-01,2024-01-01,6,31.15247051,23.8252446,24.96683836,30.83413255,13226299.85,27.88851177,21.79203418,22.6455426,28.20589782,8772979.297,7.611336439,5.91142942,6.221971166,7.689986914,35.80292828,3.785349943,2.616743648,2.878599538,3.400865531,34.98739076
406,MSFT,Transformer,2022-01-01,2024-01-01,7,40.5330189,29.21231552,30.3330029,37.47907162,13116177.1,35.95337609,26.4070254,27.21453266,33.8937277,8597309.632,9.81412856,7.164379395,7.477805666,9.241598593,34.687856,5.104123199,3.393884565,3.667050706,4.365536537,33.94713068
407,MSFT,Transformer,2022-01-01,2024-01-01,8,27.19214667,17.7879223,18.26552388,24.56491032,13136192.74,24.37165592,16.39235213,16.75974474,22.61306015,8717835.35,6.653344876,4.44654641,4.605467927,6.16575854,35.67855371,3.292271108,1.87699345,1.991656139,2.623135358,34.95618039
408,MSFT,Transformer,2022-01-01,2024-01-01,9,37.43421087,28.80336946,29.8070066,36.1437897,13233698.34,33.58849535,26.16151489,26.84281723,32.93802954,8934574.525,9.167047231,7.096934922,7.374716292,8.979907615,37.04481881,4.505445012,3.273214004,3.5450486,4.060260849,36.10581457
409,MSFT,Transformer,2022-01-01,2024-01-01,10,29.98264128,21.06553121,21.68363838,28.4285974,13241614.61,27.37418703,19.70378478,20.1448069,26.52462009,9017767.067,7.470635692,5.343351839,5.534279833,7.230360964,37.62340047,3.334899538,2.021154792,2.194124234,2.792042715,36.33987034
410,MSFT,Transformer,2022-01-01,2024-01-01,11,48.10646567,35.13748164,36.38229855,44.668446,13126227.47,42.66008175,31.5731109,32.4650708,40.19890127,8579468.952,11.64604585,8.567298754,8.921901994,10.96213099,34.56456915,6.065282733,4.191167103,4.497339107,5.316074342,33.92704035
411,MSFT,Transformer,2022-01-01,2024-01-01,12,40.41072216,27.97084722,28.75754818,36.45843585,13238988.66,36.4632242,25.62912198,26.15945317,33.43605502,8940929.271,9.953611272,6.952984357,7.188591824,9.116693397,37.12001935,4.753296301,3.044418494,3.27160058,3.968742557,36.2063944
412,MSFT,Transformer,2022-01-01,2024-01-01,13,50.78552549,37.01725741,38.00977745,47.06057548,13312732.7,44.8096568,33.21026662,33.9108172,42.23743186,9077527.905,12.23359486,9.011923928,9.319497478,11.51858492,37.82911926,6.520110353,4.444406697,4.701713553,5.664604563,36.54169185
413,MSFT,Transformer,2022-01-01,2024-01-01,14,41.33490803,30.5015175,31.30222819,39.25615294,13235163.27,36.65197842,27.58719372,28.12355142,35.50075173,8842386.771,10.00432342,7.484504922,7.727469581,9.679755902,36.23287914,5.210724091,3.535143008,3.761615263,4.572326924,35.21119762
414,MSFT,Transformer,2022-01-01,2024-01-01,15,29.2128091,22.22030931,22.97608677,28.63890551,13309932.88,26.42956203,20.57041535,21.10002213,26.50138753,8984783.924,7.212151621,5.578976077,5.796575324,7.224157174,37.16015965,3.391818212,2.281428589,2.487941862,2.963146375,36.14222976
415,MSFT,Transformer,2022-01-01,2024-01-01,16,37.00177994,25.45308102,26.43063136,33.64513883,13335129.46,32.23484415,22.62136708,23.27266204,29.98879579,9039930.165,8.799023474,6.137070454,6.393196429,8.176828166,37.52154625,4.95339365,3.168939651,3.428025944,4.161386141,36.3984863
416,MSFT,Transformer,2022-01-01,2024-01-01,17,40.15624184,28.7702323,29.62379048,37.06409308,13264413.94,35.85441638,26.16835515,26.75313793,33.72348829,9002076.184,9.78722878,7.099457798,7.351206816,9.195154884,37.36532086,4.932366361,3.248873193,3.482766048,4.197606741,36.28315187
417,MSFT,Transformer,2022-01-01,2024-01-01,18,26.52713301,18.18887224,18.79973603,24.87506777,13150780.96,24.45653814,17.12852858,17.65520607,23.41566738,8965650.379,6.675946646,4.6452596,4.852260055,6.383676042,37.42129111,2.8065733,1.661082901,1.773010532,2.296046162,36.18605738
418,MSFT,Transformer,2022-01-01,2024-01-01,19,34.28659717,22.55396244,23.41141548,30.70445928,13396110.81,30.53776142,20.52547659,21.09327777,27.96537055,9136539.865,8.33396294,5.566653207,5.793312585,7.623264519,38.07555082,4.248563119,2.536689529,2.775926074,3.457205912,36.93450938
419,MSFT,Transformer,2022-01-01,2024-01-01,20,36.32012356,27.44641213,28.77881612,34.59803499,13132939.38,32.69051659,25.16198916,26.17251765,31.73085079,8611661.285,8.9218119,6.825456936,7.191026775,8.650535055,34.69153167,4.314547506,2.977902952,3.27480571,3.763122568,33.89269753
420,MSFT,Transformer,2022-01-01,2024-01-01,21,45.55314238,34.26171668,35.21610803,43.24291604,13165003.94,40.7321995,31.07814696,31.72777745,39.25223618,8641793.81,11.1184082,8.431962135,8.718455096,10.70282898,34.89925411,5.561888814,3.919430162,4.182470962,4.951611645,34.1448263
421,MSFT,Transformer,2022-01-01,2024-01-01,22,35.64328089,25.33805877,26.41524245,33.20252473,13179856.27,30.15656997,21.79967569,22.54322568,28.7943569,8677735.194,8.231200014,5.914867556,6.192280636,7.851390854,35.42015495,5.176903236,3.506294189,3.765961773,4.506763144,35.03152772
422,MSFT,Transformer,2022-01-01,2024-01-01,23,29.5526396,20.16496042,21.00178634,27.34125082,13093585.02,26.742477,18.61151866,19.30070131,25.23725052,8665445.18,7.30044052,5.048747889,5.304381915,6.881135393,35.38659824,3.433220803,2.108533885,2.270103266,2.873717538,34.62778485
423,MSFT,Transformer,2022-01-01,2024-01-01,24,33.89163089,25.43806486,26.468028,32.73944372,13122416.03,30.35186191,23.22212694,23.95001023,29.90372338,8601566.492,8.282934845,6.298939806,6.579508931,8.152148114,34.7144023,4.109528141,2.82000308,3.081973845,3.635975759,34.01165951
424,MSFT,Transformer,2022-01-01,2024-01-01,25,34.74451048,25.25127462,26.14348335,33.00986644,13168671.91,32.06733811,23.70141078,24.41656155,30.93549795,8743317.202,8.753402196,6.429126673,6.710936015,8.434353557,35.70328181,3.652113953,2.367563013,2.563286759,3.14847418,34.83576826
425,MSFT,Transformer,2022-01-01,2024-01-01,26,32.5530679,23.43620778,24.39219741,30.87737052,13264605.06,30.19524959,22.14216568,22.9085722,29.11378172,8780691.969,8.240272217,6.004625636,6.294665141,7.936012493,35.69014952,3.316760776,2.084035773,2.292713878,2.808731507,34.91246144
426,MSFT,Transformer,2022-01-01,2024-01-01,27,44.88562217,32.5557721,33.59404139,41.62302417,13232023.94,40.27816295,29.6060151,30.34141835,37.89154134,8832560.787,10.99601743,8.033086956,8.338668979,10.3327058,36.20667593,5.405986779,3.681350797,3.950591671,4.703859862,35.29238068
427,MSFT,Transformer,2022-01-01,2024-01-01,28,31.03190567,22.00322972,22.74029868,28.97466577,13442557.89,27.71492652,20.13802353,20.6573004,26.50985623,9229257.274,7.565097271,5.462769741,5.675756603,7.227816719,38.8564786,3.807414759,2.408258343,2.603108393,3.192746075,37.92552858
428,MSFT,Transformer,2022-01-01,2024-01-01,29,44.74544185,33.00156051,34.09699801,42.21013596,13228882.08,40.14859426,30.037317,30.82104026,38.4456119,8845854.825,10.95908491,8.149183735,8.469126605,10.4827107,36.21190199,5.387743868,3.714804918,3.991359084,4.755961518,35.20888512
429,MSFT,Transformer,2022-01-01,2024-01-01,30,31.71751507,22.54839723,23.54292532,29.75744241,13283583.84,29.16586458,21.1902788,21.97610751,27.90077819,8937089.885,7.959298862,5.746552045,6.038020229,7.605159595,36.92741042,3.397221983,2.090736573,2.309886416,2.823317128,36.04048032
430,MSFT,Transformer,2022-01-01,2024-01-01,31,39.95159862,30.13740888,31.2969807,38.30083133,13161479.82,35.58589697,27.26664994,28.08924195,34.69684712,8633349.243,9.712809815,7.397325448,7.717804967,9.460082252,34.89152747,4.950603141,3.487265715,3.776712682,4.425287289,34.2067743
431,MSFT,Transformer,2022-01-01,2024-01-01,32,31.83337641,23.58789017,24.36611282,30.37124171,13156886.82,29.09595536,22.01550995,22.60112601,28.31108001,8702570.657,7.941419698,5.971532491,6.210669313,7.718327264,35.40348547,3.52363716,2.300833835,2.494309353,3.00373638,34.57108993
432,MSFT,Transformer,2022-01-01,2024-01-01,33,32.74892521,21.49762829,21.65356073,29.71895175,13182873.05,30.18921387,20.20722474,20.31678698,27.90212525,8783623.108,8.242172913,5.481142795,5.584859471,7.608044349,35.97614942,3.471187512,1.99421276,2.05926421,2.801262554,35.03796369
433,MSFT,Transformer,2022-01-01,2024-01-01,34,18.39565301,13.95732179,14.70796183,19.00371343,13104523.61,16.71597703,12.66628116,13.60106075,17.6244362,8810431.418,4.563815074,3.434993193,3.740270701,4.805376728,36.436557,2.098947822,1.589919683,1.542502009,1.944714226,35.52836166
434,MSFT,Transformer,2022-01-01,2024-01-01,35,38.88352293,28.76006465,29.6556417,36.70505897,13247985.27,35.02391762,26.35862673,27.00683695,33.64224273,8882852.096,9.561467243,7.151515579,7.422300894,9.173661119,36.52070335,4.610098021,3.127971333,3.357202909,4.009723755,35.59241781
435,MSFT,Transformer,2022-01-01,2024-01-01,36,8.243042411,11.26415955,10.86434786,9.338470733,13114745.27,6.603956525,8.712341439,8.782925321,7.666181272,8954663.14,1.796049846,2.362873415,2.411456505,2.085311466,37.7835292,1.338779465,1.938514709,1.752341481,1.450395386,36.92933772
436,MSFT,Transformer,2022-01-01,2024-01-01,37,44.98455666,33.50338325,34.33963328,42.59924996,13117871.65,40.11311478,30.29758499,30.84683336,38.56218928,8587763.534,10.95045926,8.220834313,8.477091585,10.51550782,34.63118001,5.554280675,3.887234314,4.132046356,4.94126338,33.96693805
437,MSFT,Transformer,2022-01-01,2024-01-01,38,44.17807614,32.95529263,33.91168544,41.78526781,13321946.62,39.33268938,29.76218722,30.42011535,37.79313222,9068026.409,10.73744595,8.075565026,8.359780853,10.3058477,37.78397798,5.487503688,3.846277271,4.1040975,4.86562007,36.6833531
438,MSFT,Transformer,2022-01-01,2024-01-01,39,41.01605129,30.41918933,31.6090332,38.84387203,13230660.34,36.22561062,27.32362266,28.1751299,34.94351055,8723429.933,9.888467848,7.413420506,7.741765541,9.528196876,35.30131679,5.245358355,3.63252069,3.921777048,4.6292128,34.45735339
439,MSFT,Transformer,2022-01-01,2024-01-01,40,37.13887399,27.00075644,28.09002311,35.08788465,13144228.8,34.73617149,25.64615072,26.56688836,33.25471034,8729350.613,9.481128214,6.955889802,7.302234442,9.065901365,35.53793625,3.588484752,2.295167773,2.503421293,3.060461466,34.52134298
440,MSFT,Transformer,2022-01-01,2024-01-01,41,27.76229864,20.77102953,21.78545443,27.04531506,13082279.92,25.7071248,19.59196663,20.39842906,25.49156272,8709205.579,7.014023618,5.312374485,5.603979814,6.947447293,35.6519726,2.854361093,1.869380892,2.090963489,2.463747228,34.67589783
441,MSFT,Transformer,2022-01-01,2024-01-01,42,34.38464931,25.22163676,26.061931,32.45587722,13196490.5,30.49697518,22.80170701,23.33915224,29.40075925,8851812.95,8.322657622,6.184908557,6.410922359,8.014971414,36.52079327,4.327866842,2.926872798,3.171179172,3.7491409,35.64462168
442,MSFT,Transformer,2022-01-01,2024-01-01,43,38.06560854,27.84737224,28.95690525,35.88545165,13217842.25,34.27865716,25.49240171,26.30986767,32.86538137,8782811.667,9.356800544,6.916006936,7.230097777,8.961091953,35.88623584,4.515095421,3.045717913,3.312861983,3.934263874,35.06976095
443,MSFT,Transformer,2022-01-01,2024-01-01,44,37.66723149,27.2989892,28.0486174,35.35519614,13248996.55,34.11535457,25.19672956,25.78104109,32.5987538,8786974.65,9.315342985,6.837179862,7.087918858,8.890747493,35.86253823,4.365286059,2.860320617,3.036852498,3.745841698,35.11196263
444,MSFT,Transformer,2022-01-01,2024-01-01,45,38.2620933,28.3580561,29.40406152,36.21276627,13249075.43,34.52325697,26.03912386,26.82576765,33.24776155,8832535.944,9.424444099,7.064753182,7.372705808,9.065990002,36.30688094,4.502755334,3.053991748,3.300652143,3.920823793,35.67251417
445,MSFT,Transformer,2022-01-01,2024-01-01,46,37.30101846,29.30558231,30.53355574,36.73196172,13165328.76,33.43699857,26.71759316,27.6136555,33.51511857,8729490.496,9.124668189,7.247391132,7.586268022,9.136719725,35.46811791,4.504803034,3.270525354,3.56345987,4.100293255,34.48007682
446,MSFT,Transformer,2022-01-01,2024-01-01,47,44.85872346,33.52220504,34.62915983,42.55065433,13087827.47,38.69209113,29.37764351,30.14651427,37.39489961,8574584.159,10.56395949,7.972951166,8.284717014,10.19894578,34.74334354,6.190474568,4.387441727,4.666497379,5.539848493,34.21518466
447,MSFT,Transformer,2022-01-01,2024-01-01,48,31.486509,23.37195103,24.16021825,30.30074035,13208872.06,28.17402582,21.36015287,21.89671543,27.699828,8850633.756,7.689603403,5.79410567,6.015811004,7.551760447,36.28512698,3.832638165,2.576236557,2.793914306,3.351744108,35.20674157
448,MSFT,Transformer,2022-01-01,2024-01-01,49,47.01069505,34.74041413,35.89656337,44.10841929,13256624.32,41.43993996,31.06561203,31.87617468,39.51698605,8831211.781,11.31196024,8.429150369,8.758972249,10.77554719,36.20575309,6.052390029,4.225100659,4.517664359,5.346080914,35.43053257
449,MSFT,Transformer,2022-01-01,2024-01-01,50,42.73750222,33.64620142,34.72961043,41.53146345,13353705.35,38.62591855,30.78716462,31.58150716,38.06514704,9064218.544,10.54438579,8.353607919,8.680048015,10.37997051,37.55695344,4.992244839,3.69151375,3.95979065,4.537973078,36.2140938
450,MSFT,Transformer,2022-09-01,2024-09-01,1,19.43877529,29.21145751,23.42808171,26.90279716,7432378.666,16.3203731,26.45544003,20.78772046,24.47150456,6146881.144,4.020115856,6.448510716,5.169267767,6.026648143,30.39584811,2.714610056,3.11522039,2.81189717,2.873979353,19.24499979
451,MSFT,Transformer,2022-09-01,2024-09-01,2,37.28932167,43.64803853,39.89519739,42.59114278,7829406.557,33.19515997,39.21577349,36.20209265,38.77651814,6631055.532,8.145092115,9.54449977,8.971279585,9.526534189,33.75355117,4.239411926,4.72255609,4.231103378,4.400468369,21.85638638
452,MSFT,Transformer,2022-09-01,2024-09-01,3,11.81112819,25.13155451,16.05579891,20.37485778,7584125.175,8.796231988,22.68571441,13.65899509,18.18953182,6322322.702,2.162449988,5.530034512,3.400772977,4.483958416,31.2474078,2.001310561,2.721575504,2.200532448,2.364406446,19.31223914
453,MSFT,Transformer,2022-09-01,2024-09-01,4,40.05290068,44.83507799,42.87797804,44.71608963,8728602.037,35.8012879,40.49559195,39.02131551,40.85091331,7625687.403,8.789380459,9.859457078,9.673642101,10.03997564,40.41049419,4.501037681,4.759716371,4.499628458,4.559320027,27.43647027
454,MSFT,Transformer,2022-09-01,2024-09-01,5,21.47339673,33.3069006,26.25799649,29.85890339,7885555.427,19.2539833,29.97313992,23.55568511,27.05023027,6650831.454,4.727503289,7.300122242,5.848409984,6.655648963,33.90468366,2.442070105,3.610343939,2.977726821,3.201345473,22.46728656
455,MSFT,Transformer,2022-09-01,2024-09-01,6,18.73636523,32.08484966,24.83907637,28.06117236,7566329.76,16.35139467,29.1903397,22.56221385,25.78586311,6243658.138,4.024085759,7.110513014,5.6048852,6.346299847,30.81794163,2.36768752,3.329991505,2.703550058,2.839081956,19.56575346
456,MSFT,Transformer,2022-09-01,2024-09-01,7,36.58478203,42.48244044,39.26769037,41.56421129,8113185.503,32.6268822,38.28398649,35.64732256,37.90550064,7010347.502,8.009904623,9.321160381,8.837444906,9.316231895,36.63419109,4.154108407,4.553743871,4.171694927,4.275612665,24.24115884
457,MSFT,Transformer,2022-09-01,2024-09-01,8,30.86039645,39.48059372,35.00213955,37.99670707,7977343.088,27.61146451,35.53965428,31.64422805,34.55568362,6805977.107,6.776963457,8.652520844,7.847164304,8.494235859,34.94863105,3.472775212,4.253913635,3.795961155,3.966171495,22.89237398
458,MSFT,Transformer,2022-09-01,2024-09-01,9,15.5095048,27.5996665,20.02977807,24.20124082,7879846.874,13.03491332,24.57667298,17.36374339,21.53227035,6564027.135,3.198717476,5.986937887,4.313704409,5.299891786,32.97083253,2.124190727,3.121370922,2.551764823,2.790706789,21.77861667
459,MSFT,Transformer,2022-09-01,2024-09-01,10,25.98795526,36.42757455,31.29685219,33.6914216,7570892.964,23.29609052,32.82597198,28.3120981,30.7145625,6410436.964,5.717110165,7.992342382,7.020307538,7.550406108,32.10756787,2.922206422,3.910905442,3.390125135,3.485337744,19.62324731
460,MSFT,Transformer,2022-09-01,2024-09-01,11,16.14875293,27.44757839,20.23066235,24.08269135,7679849.495,14.59216648,24.43175311,18.05207936,21.45575132,6424093.909,3.573034131,5.951830367,4.478777999,5.28044206,31.74649962,1.780301233,3.107314349,2.349561694,2.761435373,19.48998937
461,MSFT,Transformer,2022-09-01,2024-09-01,12,13.92559925,24.82093219,17.62212613,21.36601804,7723773.05,11.18122169,22.26761676,15.24097875,19.01030338,6542102.671,2.747293319,5.428809681,3.790468918,4.684890115,33.07658063,2.118536348,2.75563721,2.301730507,2.499676423,20.80939869
462,MSFT,Transformer,2022-09-01,2024-09-01,13,16.21585622,28.31564837,20.45084387,24.57656327,7761839.094,14.33400734,25.31880432,18.24556127,21.97340742,6604221.081,3.512081285,6.168003395,4.527818335,5.408152637,33.56394838,1.945277016,3.154919319,2.383927599,2.78625573,21.32570823
463,MSFT,Transformer,2022-09-01,2024-09-01,14,19.51566507,31.54834368,24.29181549,28.20932095,7569323.646,17.10445408,28.7996565,22.19794903,26.08687044,6317616.083,4.211654002,7.015869035,5.515358478,6.420073882,31.59086773,2.435014638,3.225618375,2.585896898,2.764290881,20.20946481
464,MSFT,Transformer,2022-09-01,2024-09-01,15,19.57292986,30.87587667,24.27958607,27.78498391,8315556.369,16.38599503,26.95045771,20.61964852,24.14711426,7107960.324,4.008637709,6.559517725,5.110620258,5.935115029,36.20291879,2.658216453,3.70710427,3.219040423,3.420303571,23.5160877
465,MSFT,Transformer,2022-09-01,2024-09-01,16,16.92527193,27.92713112,21.40368114,25.27174021,8421533.884,14.58646963,25.18705903,19.01751041,22.94500204,7221501.762,3.588149143,6.137027528,4.727443939,5.648679791,37.63591981,2.202821828,3.015453882,2.538940478,2.70323626,25.6597574
466,MSFT,Transformer,2022-09-01,2024-09-01,17,11.52187433,21.60038061,12.9313351,16.98562123,7507479.969,9.678081838,19.4055434,9.563007169,14.53604046,6163094.088,2.370076497,4.734276119,2.389495352,3.590182799,30.18855445,1.597725428,2.407343449,2.251254888,2.267638135,19.00713674
467,MSFT,Transformer,2022-09-01,2024-09-01,18,10.54907715,22.19358734,14.31711655,18.44255083,8257394.169,7.862212953,20.08065898,11.87652665,16.54574595,7108532.077,1.936210682,4.896370152,2.96192699,4.079734616,37.01245752,1.799309083,2.38892006,2.07988866,2.109550743,24.5411413
468,MSFT,Transformer,2022-09-01,2024-09-01,19,23.7183624,34.96437403,28.36083674,32.04674686,8027852.507,21.34606775,31.27206267,25.42456282,28.94906105,6786266.792,5.23110911,7.612041449,6.301927607,7.114217533,34.28314489,2.608796724,3.859692392,3.179656748,3.440918987,22.02642402
469,MSFT,Transformer,2022-09-01,2024-09-01,20,19.00234288,32.52588993,24.148028,28.63929042,7672032.258,16.9157045,29.35503103,21.67724094,26.03590239,6311221.3,4.155456422,7.149762108,5.384277977,6.406771133,31.21412958,2.235336799,3.487335391,2.745941976,3.031360236,20.32121912
470,MSFT,Transformer,2022-09-01,2024-09-01,21,27.65982113,38.27034148,32.05764343,35.54062785,7872156.189,24.9015328,34.18284134,28.75361624,32.00101816,6742957.561,6.104944562,8.322341996,7.127812343,7.866040937,34.45046826,3.040387829,4.248015202,3.5861419,3.86794405,21.70833266
471,MSFT,Transformer,2022-09-01,2024-09-01,22,31.6020262,40.0828376,35.2442206,38.22899995,7874762.973,28.36647443,36.15693572,31.95239466,34.83885701,6684747.196,6.96465205,8.804079431,7.925446117,8.565605805,34.21682013,3.524106094,4.286997099,3.786105853,3.960506946,22.42732091
472,MSFT,Transformer,2022-09-01,2024-09-01,23,27.29681661,40.21309861,32.42396226,36.80165649,7779186.231,24.49034679,36.18637848,29.36379565,33.51804991,6500499.316,6.013075574,8.809522172,7.283514703,8.239770549,32.41538841,3.060208005,4.336062738,3.502743838,3.819874434,20.66618956
473,MSFT,Transformer,2022-09-01,2024-09-01,24,15.0890989,28.53278374,20.04146968,24.63009825,7655986.968,13.1347249,25.69685816,17.8184837,22.33242612,6421082.585,3.226697461,6.259761632,4.428100862,5.496891217,32.1249258,1.914382806,3.09157339,2.373411844,2.646169116,20.27908744
474,MSFT,Transformer,2022-09-01,2024-09-01,25,15.89438959,27.15311852,20.33587688,24.33905883,7738837.881,13.86926105,24.59754733,18.21862026,22.25288135,6511018.132,3.410181284,5.993571667,4.528184991,5.477826423,32.79172784,2.012662547,2.881362648,2.351474905,2.529233691,20.99268269
475,MSFT,Transformer,2022-09-01,2024-09-01,26,25.80116962,34.80845459,29.82162313,33.03424011,7573995.674,23.1401372,31.64806738,27.31739529,30.43434912,6377006.313,5.68751938,7.707766569,6.77958299,7.485189321,32.12404017,2.919977636,3.611820971,3.087169083,3.267342379,20.40911603
476,MSFT,Transformer,2022-09-01,2024-09-01,27,43.34057408,44.31315906,45.75803333,45.61176903,8792863.939,38.81487471,39.99789121,41.70251656,41.71199034,7839068.407,9.521216066,9.735102053,10.33031275,10.24605502,42.32341294,4.800977585,4.705199136,4.739057076,4.60730519,27.57976761
477,MSFT,Transformer,2022-09-01,2024-09-01,28,22.04727959,32.42544287,26.37752122,29.90045832,7920636.821,19.87118382,28.89956776,23.59597249,26.81759624,6762657.434,4.870219292,7.036983923,5.851283253,6.594367374,34.84927516,2.425913359,3.637899712,2.998500206,3.318233196,22.81561811
478,MSFT,Transformer,2022-09-01,2024-09-01,29,32.57519702,39.46970218,36.28204847,38.41338757,8000321.598,28.95398837,35.35156861,32.62295589,34.75689795,6835095.278,7.102154702,8.604704494,8.085241862,8.540496546,35.32888581,3.731529968,4.329543617,4.003719474,4.08677032,23.36945722
479,MSFT,Transformer,2022-09-01,2024-09-01,30,16.42474649,26.3134357,20.80546123,24.16894158,7785688.168,13.90851796,23.89008953,18.63288007,22.11639848,6525221.297,3.428282694,5.823379614,4.634592692,5.447242716,33.19751732,2.254817912,2.776825555,2.421039839,2.515222927,22.10545167
480,MSFT,Transformer,2022-09-01,2024-09-01,31,16.93854558,29.90380996,21.94918697,26.34284227,7849554.384,15.29949496,26.60144675,19.54271293,23.4478767,6549602.71,3.744754541,6.478039331,4.846716372,5.7679968,32.50850315,1.856716101,3.38354993,2.553950637,3.01707019,20.54484151
481,MSFT,Transformer,2022-09-01,2024-09-01,32,13.22929152,25.18859815,16.87706799,21.34355884,7663209.152,10.11647214,22.77687953,14.18113717,19.08809325,6411794.599,2.491274345,5.552624293,3.532431016,4.705257615,32.24082695,2.177974582,2.713691875,2.382057422,2.463058383,20.75839464
482,MSFT,Transformer,2022-09-01,2024-09-01,33,27.26778652,35.37590584,31.08673396,33.63308112,7927833.812,24.35737357,31.71567713,27.91968132,30.46402291,6800894.782,5.973774041,7.72124749,6.921765748,7.487616814,34.84393575,3.081351552,3.874020144,3.459041129,3.573087184,22.09541252
483,MSFT,Transformer,2022-09-01,2024-09-01,34,24.02724262,33.65526353,28.24934747,31.24806146,8008760.383,21.06838061,30.13765462,25.10611183,28.15457489,6809474.532,5.171511928,7.338330669,6.22987804,6.924016223,34.91943885,2.913512551,3.711905046,3.292187127,3.411176239,23.09841486
484,MSFT,Transformer,2022-09-01,2024-09-01,35,35.60103827,42.30747045,39.06609052,41.57170627,8018398.914,32.04479912,38.27888398,35.77134207,38.14663225,6833009.608,7.86569457,9.317487752,8.867270755,9.37383671,35.19579265,3.899230754,4.454230061,3.989124531,4.14864696,23.26547115
485,MSFT,Transformer,2022-09-01,2024-09-01,36,29.38425977,38.32609789,33.42404336,36.42922151,8253682.275,26.41372224,34.53300086,30.2291497,33.12734062,7028055.91,6.48143159,8.408080742,7.495903232,8.143738323,35.83420624,3.25623221,4.117270172,3.623334965,3.808129593,23.60353435
486,MSFT,Transformer,2022-09-01,2024-09-01,37,29.63854601,37.22797482,33.45265283,35.94783748,8393156.133,25.70621025,32.77231809,29.14777646,31.71083339,7266461.083,6.298779333,7.976598028,7.223999643,7.792718003,37.89984142,3.668845261,4.345221867,4.118417748,4.210821784,25.16843683
487,MSFT,Transformer,2022-09-01,2024-09-01,38,26.40549917,36.96392566,30.41830356,34.17618905,7648233.901,23.68846825,33.5163889,27.6637113,31.27900395,6422893.28,5.818583207,8.161832655,6.864883858,7.692791475,32.08792208,2.984342388,3.878086191,3.252042968,3.489861175,20.08145845
488,MSFT,Transformer,2022-09-01,2024-09-01,39,36.59265495,44.39022361,40.65908044,42.76033316,8056265.144,32.82307293,40.06107757,37.07894057,39.10855067,6806863.775,8.055123336,9.750063385,9.189578954,9.609169751,34.81996852,4.054914475,4.718379551,4.222123137,4.330672622,23.25229912
489,MSFT,Transformer,2022-09-01,2024-09-01,40,30.3756997,38.38242475,34.88330676,36.61470587,7806238.16,27.28573303,34.67668815,31.66059657,33.43108565,6680267.165,6.70048752,8.444120882,7.853484098,8.220500983,34.55109821,3.384450127,4.082620976,3.731030092,3.766533266,22.66030983
490,MSFT,Transformer,2022-09-01,2024-09-01,41,16.12311656,27.36402608,20.63271068,24.38584932,7654238.638,14.20040449,24.7402631,18.52071619,22.22545237,6421565.054,3.488221514,6.027549328,4.601014883,5.470331254,32.20422053,1.977401884,2.924498834,2.361003903,2.565938907,20.46295586
491,MSFT,Transformer,2022-09-01,2024-09-01,42,21.25976564,31.53705185,25.39599276,29.11877464,7901653.993,18.8544203,28.75878444,23.27202384,26.93129236,6707844.025,4.640837909,7.006641101,5.781246144,6.627468963,34.53573624,2.539039262,3.241163711,2.658904194,2.845486268,22.95363277
492,MSFT,Transformer,2022-09-01,2024-09-01,43,30.41112443,38.31502597,33.99954005,36.7461886,7633440.801,27.24369649,34.28270054,30.49966363,33.15051686,6486028.141,6.68271745,8.347566841,7.561813834,8.149155519,32.97757415,3.408092182,4.228524699,3.801656905,3.969600936,20.9533102
493,MSFT,Transformer,2022-09-01,2024-09-01,44,27.03278042,36.2447461,31.04513123,34.47589183,8135525.074,24.27928951,32.82732563,28.29399334,31.60442078,6896254.629,5.963406834,7.993908337,7.019812995,7.771160704,35.46933907,3.023897075,3.817249292,3.273444436,3.482939295,23.86530589
494,MSFT,Transformer,2022-09-01,2024-09-01,45,25.51687728,35.81536561,30.2416869,33.58323798,7981068.767,22.51142966,32.11162246,27.15654457,30.43193887,6673975.925,5.526752244,7.818045186,6.736269926,7.481632219,33.68703078,3.028621519,3.923817618,3.382352528,3.569258396,22.37366368
495,MSFT,Transformer,2022-09-01,2024-09-01,46,32.87406471,40.70020858,36.99161346,39.48954603,7816956.492,29.4724596,36.78901323,33.76903664,36.17642094,6647789.859,7.232998382,8.954669217,8.369342721,8.888938435,33.54934255,3.656404333,4.302403709,3.827518748,3.971111735,20.85842344
496,MSFT,Transformer,2022-09-01,2024-09-01,47,27.15244445,37.70682975,31.61149148,35.38486237,7911658.491,24.2293783,33.78574412,28.33615483,31.95198811,6710029.933,5.945975903,8.225522546,7.028806652,7.855830941,34.26907965,3.097732064,4.140590157,3.559057999,3.815554266,22.46499267
497,MSFT,Transformer,2022-09-01,2024-09-01,48,11.1912846,22.25476223,15.21797879,18.75862129,8010930.062,8.820011647,19.94760538,13.22260776,16.68882623,6845852.366,2.162973078,4.86305865,3.28804263,4.113104988,35.15166367,1.746071364,2.48011704,1.964764013,2.197421811,22.77853771
498,MSFT,Transformer,2022-09-01,2024-09-01,49,23.50958601,33.38759082,27.51437419,30.95622933,8202877.694,21.17356663,29.56080955,24.55325384,27.62472579,7111768.8,5.181712361,7.195243476,6.079897616,6.786463946,36.59234443,2.564599393,3.82066032,3.125780907,3.477295614,22.99825746
499,MSFT,Transformer,2022-09-01,2024-09-01,50,11.62688635,24.78629215,15.84026026,20.42249362,7535536.474,8.551672628,22.51969182,12.99727661,18.32779053,6169576.148,2.10566918,5.490431009,3.242541141,4.519467507,30.28663494,2.012328831,2.62027759,2.356356751,2.33706047,19.41989112
500,MSFT,Transformer,2023-05-01,2025-05-01,1,15.43683178,11.00362609,16.44870023,13.22155417,12024052.9,11.93917748,8.391136531,12.76492959,9.82685503,7796117.057,3.251206604,2.232233554,3.528781765,2.665083699,24.60898674,2.784695584,1.950939095,2.993738789,2.484911537,19.59748044
501,MSFT,Transformer,2023-05-01,2025-05-01,2,13.49118495,9.398010384,13.79973041,12.37434351,11369598.47,10.44370234,8.240505126,10.94228499,10.40621609,7796508.289,2.843172099,2.169408659,3.01431027,2.781684178,26.48666064,2.450788697,1.226132345,2.448075885,1.85778707,18.77555121
502,MSFT,Transformer,2023-05-01,2025-05-01,3,15.99978898,11.06183594,16.51898199,14.20660218,11905252.23,12.19390568,9.261848231,12.86611941,11.4929899,7765065.462,3.325489541,2.450929049,3.555127882,3.091998043,24.73373567,2.957772855,1.645882693,3.009415774,2.34588886,19.45200817
503,MSFT,Transformer,2023-05-01,2025-05-01,4,17.94590472,13.54809373,19.02529243,17.01320741,12040343.96,13.94031779,11.20773188,15.31861615,13.52585431,7768956.883,3.786743806,2.957353972,4.215047047,3.626409492,24.54156241,3.206065045,2.030497978,3.264153111,2.83869361,19.95245887
504,MSFT,Transformer,2023-05-01,2025-05-01,5,39.85691588,33.01924976,39.96989892,35.94276078,11224737.02,34.47198239,28.47631344,34.42775451,30.98673179,8550418.218,9.305060718,7.535489411,9.441021673,8.339342926,31.65407153,5.573608951,4.530567346,5.760321194,5.093550005,17.52769899
505,MSFT,Transformer,2023-05-01,2025-05-01,6,16.96639208,11.90704953,17.36266577,14.64564221,12054733.12,13.12210372,9.649375481,13.89740545,11.70378497,7814585.972,3.577481114,2.561505752,3.837858362,3.157309703,24.60856379,3.065637799,1.914506224,3.032220091,2.480565289,19.55468654
506,MSFT,Transformer,2023-05-01,2025-05-01,7,25.07588636,18.87513422,25.63379172,21.32898347,11551645.47,19.64544626,15.12320361,19.98599426,16.88586855,7607325.409,5.35564335,4.028607322,5.538582772,4.584762815,24.73349663,4.394027519,3.093663091,4.606648194,3.692599144,19.24128702
507,MSFT,Transformer,2023-05-01,2025-05-01,8,18.16698217,12.9386433,18.82191871,16.14640689,11220125.29,14.05897289,10.7672547,14.99241828,13.14937656,7978536.527,3.831859998,2.854971752,4.140764009,3.54572348,28.09877862,3.281376863,1.960559263,3.313320384,2.652231597,18.45974854
508,MSFT,Transformer,2023-05-01,2025-05-01,9,19.53419601,13.4673962,19.66688656,15.96617421,11793995.59,15.04148389,10.51182128,15.32960414,12.42405617,7736417.754,4.105029577,2.802882724,4.247242239,3.373909973,24.82505107,3.534242827,2.317405183,3.56529578,2.854893148,19.31279381
509,MSFT,Transformer,2023-05-01,2025-05-01,10,25.80555492,19.40842956,26.6227878,22.23894438,12113666.1,20.20696944,15.73625625,20.92297374,17.89818627,7797435.359,5.506732966,4.18792791,5.793817076,4.853394285,24.33478976,4.524005992,3.110793121,4.728364129,3.747104367,19.64360173
510,MSFT,Transformer,2023-05-01,2025-05-01,11,15.3196608,11.53840246,15.10382617,13.05393331,12037002.22,11.93577825,9.148670219,11.94884384,10.43160705,7774378.571,3.231170569,2.416422959,3.282412344,2.805792225,24.34615944,2.699560093,1.924162892,2.635864648,2.178143535,19.48658799
511,MSFT,Transformer,2023-05-01,2025-05-01,12,18.56099213,13.21566586,19.05622451,16.39535168,11937877.93,14.5162355,11.02584745,15.2955987,13.35260196,7763463.623,3.953930663,2.921162942,4.221477527,3.595829313,24.63975218,3.299453943,1.984198315,3.308098809,2.674971518,19.53869177
512,MSFT,Transformer,2023-05-01,2025-05-01,13,21.11722566,15.34425228,21.629668,18.52823122,11685559.98,16.58720239,12.86144077,17.12287743,15.25742469,7764932.166,4.517118615,3.409486888,4.731627322,4.11290893,25.44551229,3.723099267,2.284036337,3.832216843,2.978385591,19.49928856
513,MSFT,Transformer,2023-05-01,2025-05-01,14,18.51039757,12.0956904,18.07310839,14.47363115,12024373.04,14.16590725,9.072580486,13.75322151,10.8070248,7787137.571,3.869317795,2.42451888,3.817733685,2.942281619,24.54138779,3.38585876,2.193331618,3.394601172,2.734864602,19.63356784
514,MSFT,Transformer,2023-05-01,2025-05-01,15,18.61114472,13.28133094,19.47591956,15.94031252,11123741.05,14.12789985,10.4939249,15.00663121,12.55878113,8113665.93,3.860767954,2.797355458,4.162255034,3.407785743,29.12507418,3.440481392,2.240957583,3.592321958,2.799488554,17.92083585
515,MSFT,Transformer,2023-05-01,2025-05-01,16,20.70217186,15.45538739,21.48258362,18.11311507,12080787.19,16.27912107,12.90077032,17.37892523,15.01498583,7786766.441,4.43420535,3.425972841,4.800633144,4.055754506,24.3162006,3.636063359,2.348186971,3.673281903,2.894236206,19.52887747
516,MSFT,Transformer,2023-05-01,2025-05-01,17,17.33478643,11.99237797,18.11469598,15.14698804,12410339.37,13.17845674,9.833813297,14.24243552,12.11752708,7923392.202,3.597511639,2.610581918,3.94047797,3.273901347,24.33364601,3.208880603,1.880622776,3.259481401,2.57735638,20.15851732
517,MSFT,Transformer,2023-05-01,2025-05-01,18,20.22862738,15.01671749,21.16062739,17.70492536,11855239.21,15.71796735,12.18217805,16.89194634,14.25944552,7708993.779,4.285054841,3.240822837,4.670902407,3.862204376,24.60119746,3.609563644,2.42327914,3.691338854,2.990452735,19.58280874
518,MSFT,Transformer,2023-05-01,2025-05-01,19,14.9866817,10.65834916,16.02508418,13.58114656,11324497.72,11.61706738,8.87652587,12.59613926,10.92557074,7802015.563,3.164185828,2.351426229,3.480833166,2.942719551,26.63827504,2.709988171,1.61900724,2.8823425,2.270487822,18.6252429
519,MSFT,Transformer,2023-05-01,2025-05-01,20,14.70913657,9.552240614,14.71040998,12.13436209,11205492.51,11.047202,7.622891891,11.09845941,9.463927247,7916850.785,3.016624113,2.024309271,3.075469448,2.560234906,27.63240643,2.763484076,1.587103351,2.792841506,2.152904742,18.26843883
520,MSFT,Transformer,2023-05-01,2025-05-01,21,17.45913421,11.66879294,17.74169437,14.73075225,12098951.91,13.0620557,9.39969077,13.68196215,11.59781613,7899467.647,3.571082434,2.499344371,3.791099297,3.139258941,25.07513507,3.295711294,1.898464987,3.283410551,2.581688844,19.72389515
521,MSFT,Transformer,2023-05-01,2025-05-01,22,32.50229224,27.19389517,33.20165884,30.64781022,10971870.41,27.53235598,23.26360141,27.93989714,25.93306738,8380472.154,7.458157749,6.169009342,7.691864293,7.002019157,31.2322666,4.870142474,3.851225553,5.146383238,4.613033835,17.46151979
522,MSFT,Transformer,2023-05-01,2025-05-01,23,15.41624498,11.08429802,15.73326963,13.40099002,12115265.41,11.83266448,8.812204034,12.14337366,10.91366016,7824457.216,3.219963988,2.332821134,3.350961192,2.933092011,24.51384141,2.802714143,1.838291169,2.875910731,2.173380276,19.65776164
523,MSFT,Transformer,2023-05-01,2025-05-01,24,17.06267046,13.18510975,17.84146958,16.71647144,12062206.13,13.13948015,10.70748251,14.23342179,12.94092453,7846022.353,3.563150743,2.815184486,3.907247368,3.454903972,25.02157944,3.069660763,2.015405608,3.077781422,2.850523816,19.94156777
524,MSFT,Transformer,2023-05-01,2025-05-01,25,19.46922676,13.90850714,20.09750774,16.86576556,12051759.72,15.28375461,11.63116672,16.30184654,13.96591043,7786287.16,4.163319648,3.085286482,4.500903274,3.766077255,24.4516471,3.435913966,2.095473552,3.427744506,2.686382106,19.61658215
525,MSFT,Transformer,2023-05-01,2025-05-01,26,19.57652937,14.37999677,20.32791161,17.84486376,12089684.95,15.33026248,11.98955727,16.22283548,14.45939359,7804571.709,4.168404303,3.168851501,4.472657392,3.884696566,24.62803315,3.462407489,2.135256758,3.548118838,2.911368522,19.94798084
526,MSFT,Transformer,2023-05-01,2025-05-01,27,28.29439743,22.33727367,28.49313224,24.38983545,12077762.6,23.84017601,19.12490341,24.47354649,20.79362959,7801147.324,6.447479082,5.063957401,6.716536173,5.60404172,24.47069474,4.271940702,3.158875321,4.191145703,3.611448742,19.67595394
527,MSFT,Transformer,2023-05-01,2025-05-01,28,15.82797682,11.20871049,16.37755537,13.29277178,12194801.02,12.31108321,8.500703888,12.6473097,9.883987834,7832035.016,3.351141804,2.261142546,3.496100833,2.680251445,24.28845915,2.828229483,2.00504398,2.996600153,2.494977285,19.73480592
528,MSFT,Transformer,2023-05-01,2025-05-01,29,15.20599151,13.45055256,16.37092832,16.78892724,12037445.33,11.74597345,10.64156849,13.1407533,12.76633604,7839030.411,3.163214501,2.776234227,3.581090113,3.38003062,24.96451097,2.672273733,2.108979271,2.727354707,2.864846142,19.77346123
529,MSFT,Transformer,2023-05-01,2025-05-01,30,13.9333031,10.52884586,14.83522823,13.57385791,12216590.9,11.02222168,9.030668838,11.81777734,11.09329605,7840502.195,2.988920096,2.372290465,3.249763674,2.962772291,24.2505332,2.435222945,1.435640189,2.594024966,2.139228089,19.71294417
530,MSFT,Transformer,2023-05-01,2025-05-01,31,12.43744163,10.03831479,13.16725426,13.10446189,12158549.08,9.74796523,8.63275314,10.64891791,11.05675534,7833147.157,2.635340509,2.257249197,2.912553242,2.933127709,24.43816779,2.190876544,1.333903027,2.219029195,1.880422872,19.74367688
531,MSFT,Transformer,2023-05-01,2025-05-01,32,21.02032279,15.27255774,21.73563723,18.64795173,11935073.44,16.54127962,12.7961111,17.25509077,15.32200354,7883080.08,4.502181742,3.390084319,4.766269584,4.129041349,25.62930297,3.693832262,2.268138786,3.831386385,3.003297419,19.848479
532,MSFT,Transformer,2023-05-01,2025-05-01,33,14.79901114,11.33595007,15.04804469,12.62348081,12095820.26,11.66520688,9.345241573,12.15752453,10.4075581,7755999.456,3.155792845,2.465017667,3.334668939,2.795236192,24.11012916,2.561769776,1.761958282,2.535086139,1.99237387,19.67474651
533,MSFT,Transformer,2023-05-01,2025-05-01,34,21.3142075,15.30290297,22.3836985,18.32117212,12005713.63,16.37913198,12.47231251,17.38039215,14.84110179,7762575.666,4.470396504,3.317992404,4.817075315,4.020328495,24.41186455,3.869353723,2.43704211,4.076815342,3.073601492,19.65179886
534,MSFT,Transformer,2023-05-01,2025-05-01,35,19.28941876,13.95263419,20.13794685,16.61442004,12304047.46,14.8523626,11.44849435,15.95731229,13.55015708,7833679.52,4.052448188,3.044216756,4.415527078,3.665699844,23.99183428,3.499445057,2.200356876,3.5696493,2.750601456,20.00748163
535,MSFT,Transformer,2023-05-01,2025-05-01,36,23.93277435,17.89298118,24.52685391,20.25738539,12243869.17,19.58474625,14.80975122,20.33075636,16.23013327,7828898.792,5.319797523,3.937405174,5.606999801,4.402135974,24.07092498,3.900274734,2.774239565,3.975643137,3.443933593,19.77846196
536,MSFT,Transformer,2023-05-01,2025-05-01,37,19.18655274,14.3107199,20.27039059,17.56913379,11799331.74,15.08209169,12.00366352,16.24152398,14.4276188,7736350.826,4.104533796,3.17993657,4.481935148,3.886450072,24.87978481,3.379156618,2.120296806,3.520035158,2.825846761,19.44996267
537,MSFT,Transformer,2023-05-01,2025-05-01,38,11.26808414,9.795285965,11.92277897,12.42889839,12270360.97,9.002748136,8.65352574,9.845606798,10.90717369,7865330.845,2.425832525,2.256300629,2.683774485,2.884529811,24.24831233,1.914164074,1.185933733,1.91948529,1.578357362,19.81853684
538,MSFT,Transformer,2023-05-01,2025-05-01,39,20.49523072,14.55739041,20.7396857,17.4601041,12021690.37,16.03881316,12.17179132,16.76915189,14.36754541,7820684.239,4.370464145,3.231596867,4.631931937,3.881800058,24.69216242,3.627041099,2.203981961,3.553931691,2.832319324,19.3799492
539,MSFT,Transformer,2023-05-01,2025-05-01,40,12.06593382,9.625051729,12.38980458,11.31557429,12297009,9.364743205,7.93842306,9.998078341,9.397937324,7859857.495,2.534190876,2.088369924,2.743013472,2.516450313,24.12198135,2.144787211,1.46898493,2.099652582,1.727526535,19.88472079
540,MSFT,Transformer,2023-05-01,2025-05-01,41,16.77970314,13.4260313,17.85239844,17.05630445,12141931.31,12.80624386,10.88449758,14.30283266,13.24339088,7829602.587,3.465810271,2.85903926,3.9218464,3.532213572,24.68680571,3.037322919,2.052296176,3.049399062,2.888563473,20.10577527
541,MSFT,Transformer,2023-05-01,2025-05-01,42,21.05056018,15.24718926,21.74251397,18.00618456,12295353.47,16.23063789,12.33614577,17.19484725,14.4939935,7873794.636,4.427707029,3.283013133,4.758702028,3.927931019,24.27073158,3.793612649,2.469441862,3.849587793,3.04917669,19.86037185
542,MSFT,Transformer,2023-05-01,2025-05-01,43,21.67206355,15.06859238,21.45150009,18.16319619,12018294.49,16.52509656,12.04879507,16.52606198,14.4101405,7733859.418,4.513586416,3.209904383,4.583547633,3.911055868,24.14781777,3.9665045,2.484968369,3.950702256,3.154055705,19.49585746
543,MSFT,Transformer,2023-05-01,2025-05-01,44,14.72833366,10.46927719,15.60767746,13.57368164,12322546.29,11.40099912,9.020367858,12.31931655,11.14535217,7868411.623,3.101840813,2.379318669,3.398435974,2.988895341,24.11662746,2.668145538,1.439070996,2.788719448,2.162148741,19.92873716
544,MSFT,Transformer,2023-05-01,2025-05-01,45,19.32538256,13.63682585,20.01112904,16.49832091,12034472.57,14.49405913,10.68572867,15.24449085,12.88539349,7805287.396,3.963272266,2.84982531,4.231368253,3.500642655,24.57641852,3.623611368,2.326579801,3.746874668,2.94097093,19.62879978
545,MSFT,Transformer,2023-05-01,2025-05-01,46,15.60290488,12.2699314,16.57156385,15.62260338,11990810.88,12.23304917,10.09856198,13.26100468,12.24384042,7832249.879,3.313959783,2.654757405,3.637061186,3.268720566,25.00193735,2.739837869,1.833315962,2.840403259,2.621031394,19.59603007
546,MSFT,Transformer,2023-05-01,2025-05-01,47,12.48290395,9.110325854,12.94054008,12.01826482,11271488.45,9.668863184,8.014436439,10.38132472,10.35175687,8024398.431,2.626719412,2.104138847,2.853340192,2.759501985,28.14642635,2.261626172,1.160278283,2.249240003,1.685817736,18.08440305
547,MSFT,Transformer,2023-05-01,2025-05-01,48,20.89331321,14.72307163,21.17329536,17.51965517,12099953.35,16.15365737,11.99860492,16.68549999,14.1272563,7840102.39,4.40726184,3.192393792,4.619602511,3.827329098,24.63128726,3.756892951,2.352349233,3.775858042,2.95899157,19.59815528
548,MSFT,Transformer,2023-05-01,2025-05-01,49,15.88916927,13.58053687,16.78434954,17.1776332,12277490.75,12.29154734,10.78191484,13.49404113,13.0218923,7828272.874,3.308324192,2.815780386,3.679081826,3.450113211,24.19324782,2.777884399,2.120399459,2.792548119,2.946916755,20.10175862
549,MSFT,Transformer,2023-05-01,2025-05-01,50,13.26055171,9.923554678,13.94732546,13.01746922,12046063.58,10.28083769,8.635176778,11.13652423,10.73507579,7851781.295,2.789333065,2.265744917,3.059291902,2.862274738,24.93439826,2.391589127,1.292943957,2.43334325,2.013253459,19.63195048
550,MSFT,Transformer,2024-01-01,2026-01-01,1,27.12242846,27.51413968,27.22315898,25.53741583,12000326.57,25.10311215,25.81098821,25.26878431,23.66304847,7772781.595,5.23569217,5.341048997,5.315078153,4.933991389,37.44944071,2.18334539,2.010881754,2.17479036,2.04131797,45.57625495
551,MSFT,Transformer,2024-01-01,2026-01-01,2,28.49443107,28.36131658,28.50972747,26.4285424,11953116.37,26.52183095,26.60193722,26.69244549,24.60006136,7861534.965,5.530367788,5.504240477,5.611717169,5.128219655,38.64809422,2.216468652,2.073314935,2.151996798,2.054262558,47.87562368
552,MSFT,Transformer,2024-01-01,2026-01-01,3,21.11018723,21.83414696,21.64171658,19.78525358,11924847.3,19.22103257,20.2568028,19.53610306,17.7590481,7772810.246,4.011387587,4.194017724,4.114779162,3.707855607,38.56856698,1.85816957,1.72337348,1.999019607,1.853603178,48.56443839
553,MSFT,Transformer,2024-01-01,2026-01-01,4,19.94535967,21.71200753,21.35513454,19.9286511,11988125.45,18.06385141,20.20205406,19.19843485,17.97979632,7772260.486,3.770045124,4.182258586,4.04405257,3.753037361,37.39565972,1.797076352,1.682401265,2.005786145,1.825751952,45.46125674
554,MSFT,Transformer,2024-01-01,2026-01-01,5,22.58676953,23.23750213,22.99872463,21.01127,12090487.68,21.38943048,22.16742072,21.74618344,19.79647716,7970417.337,4.460326917,4.587061761,4.57462525,4.129032317,38.22318962,1.557836794,1.48367745,1.625740035,1.510259739,45.49028293
555,MSFT,Transformer,2024-01-01,2026-01-01,6,15.44214827,13.88972175,17.65548126,17.0682593,11976214.84,12.34766318,11.28396422,13.94739155,13.63488818,7832630.931,2.563252036,2.329605088,2.921332188,2.831946421,37.9519232,1.923465814,1.681637236,2.269827135,2.131270022,46.18937546
556,MSFT,Transformer,2024-01-01,2026-01-01,7,20.72790527,21.93638281,21.98510631,19.84520062,12142960.8,18.68656474,20.30244797,19.88845231,17.76292732,8018069.892,3.900342695,4.203309956,4.187970992,3.708191448,38.18768056,1.905374734,1.754556034,2.009305995,1.87804578,45.01100595
557,MSFT,Transformer,2024-01-01,2026-01-01,8,24.08464039,24.68949023,24.66076132,22.72884477,12067677.65,22.49743397,23.29333576,23.03604222,21.15293674,7900870.573,4.692266853,4.820501509,4.846547364,4.41193399,37.88933264,1.83543207,1.733317859,1.899056942,1.773928282,45.36219817
558,MSFT,Transformer,2024-01-01,2026-01-01,9,19.20322585,19.87965427,20.28585641,18.58969319,11813724.18,17.38088693,18.2743325,18.31085485,16.61283896,7852704.945,3.627684589,3.784400188,3.856243157,3.469108334,42.60201412,1.739011861,1.653185103,1.874608959,1.771937006,58.59904433
559,MSFT,Transformer,2024-01-01,2026-01-01,10,27.3211212,28.24642049,27.85127382,26.07534144,12198644.11,26.20641613,27.14747518,26.98007208,25.13913926,8083676.308,5.460952427,5.614448663,5.667273954,5.237116384,38.29096825,1.654937945,1.65174017,1.506538232,1.487371174,44.38746842
560,MSFT,Transformer,2024-01-01,2026-01-01,11,17.9985796,18.79777823,18.90390826,17.21439493,11713395.78,16.2386654,17.30588198,16.81745096,15.21172349,7557543.672,3.390089513,3.584260848,3.544412524,3.178050276,38.70984908,1.653358184,1.553096551,1.853579956,1.712114118,50.60933029
561,MSFT,Transformer,2024-01-01,2026-01-01,12,21.05629136,21.29112034,21.63205324,19.45808344,11941467.46,18.88106373,19.42882456,19.20077371,17.06510787,7781397.779,3.940899023,4.023140942,4.045257004,3.563619321,37.87649473,1.976899425,1.835051077,2.131724005,1.979224057,46.60260439
562,MSFT,Transformer,2024-01-01,2026-01-01,13,26.67736255,27.87526987,27.3176536,26.01186063,11970856.67,25.96186616,27.09516332,26.73696009,25.39509379,7801030.755,5.408164539,5.60238599,5.615750063,5.289250399,38.00306923,1.326975046,1.395121397,1.242905553,1.222683322,46.70498436
563,MSFT,Transformer,2024-01-01,2026-01-01,14,30.29393821,30.86073333,30.98672099,29.05205858,12115169.98,28.51235166,29.28104305,29.3960623,27.48754523,7983085.811,5.944201887,6.057219488,6.178167352,5.727994166,38.08413764,2.181158491,2.058215148,2.112484526,2.005252615,45.05607785
564,MSFT,Transformer,2024-01-01,2026-01-01,15,28.50428094,28.66119625,28.79305207,26.66450195,12176381.77,26.65473567,27.0899534,27.1105146,25.02544608,8084141.918,5.55795108,5.604792804,5.699763702,5.216494249,38.54869611,2.150333845,1.976654076,2.088076245,1.960722916,45.12531107
565,MSFT,Transformer,2024-01-01,2026-01-01,16,18.12323649,18.28917393,18.80620294,16.58633999,11906215.31,16.01767152,16.27022557,16.39113562,14.31992351,7717744.695,3.344635005,3.370986079,3.456304139,2.992931822,37.27454296,1.79926147,1.758391748,1.974339383,1.774267992,45.57727156
566,MSFT,Transformer,2024-01-01,2026-01-01,17,24.06923764,25.0611299,24.38065074,22.82297409,12086811.76,22.25420553,23.53246273,22.48110512,21.05012501,7919443.751,4.642362939,4.870265901,4.731159883,4.39102051,37.92079647,1.952572796,1.822424642,2.028280841,1.877268101,45.35668338
567,MSFT,Transformer,2024-01-01,2026-01-01,18,24.65310572,25.53455395,25.05408132,23.36185696,12249738.3,23.20764097,24.29029996,23.66581138,22.04012509,8163900.644,4.839588329,5.025966884,4.977367197,4.595484606,38.5303169,1.778479886,1.670217609,1.780397158,1.657975812,44.33187645
568,MSFT,Transformer,2024-01-01,2026-01-01,19,24.46312019,24.76654281,25.01764447,22.97768651,11702673.79,23.49160301,23.84875227,24.11977599,22.06574085,7429923.624,4.896044058,4.933255071,5.06952056,4.599141321,37.07611992,1.468609295,1.423069218,1.452916157,1.381590355,47.97872796
569,MSFT,Transformer,2024-01-01,2026-01-01,20,32.92947427,33.63934648,33.96595767,31.76790679,11925374.31,31.76681518,32.3877908,33.12328479,30.79850792,7758445.953,6.614812148,6.69477765,6.94999058,6.410719088,38.36706787,1.840685244,1.90794114,1.614295182,1.653957552,48.2137263
570,MSFT,Transformer,2024-01-01,2026-01-01,21,21.14154311,21.56253291,21.61627304,19.60660866,11794174.27,19.50662701,20.14581111,19.84851308,17.87060706,7722134.8,4.069885136,4.170501013,4.178624183,3.729969643,39.77222182,1.738754928,1.627490251,1.84301181,1.717506281,52.33353453
571,MSFT,Transformer,2024-01-01,2026-01-01,22,28.69174288,28.25426363,28.9489568,26.45068364,11825934.05,27.09566881,26.83408967,27.5696153,25.05012844,7769398.581,5.648247883,5.551234019,5.793734536,5.220681312,40.3821603,2.013198047,1.869993604,1.907145978,1.814022006,53.68387928
572,MSFT,Transformer,2024-01-01,2026-01-01,23,27.17659523,27.28949169,27.53181364,25.64343004,12042992.3,25.07641738,25.5626404,25.50706784,23.73490347,8062602.139,5.230161629,5.289790793,5.365355329,4.949099063,41.01186624,2.225169901,2.015269774,2.223970114,2.062812094,52.50862841
573,MSFT,Transformer,2024-01-01,2026-01-01,24,25.66320891,26.82260673,26.50963197,24.55056957,12132680.1,23.96782724,25.37717981,24.89848345,22.96764386,8004912.269,4.99856608,5.25093179,5.236493034,4.789069015,38.08697519,1.956549945,1.838359784,1.963021341,1.850111864,44.82642444
574,MSFT,Transformer,2024-01-01,2026-01-01,25,29.48816753,30.80692635,30.15703103,28.51039212,12136273.96,28.369128,29.67414058,29.28963473,27.58113845,8039819.519,5.911046241,6.136287939,6.151407711,5.744678872,38.48200451,1.725020858,1.751687643,1.566548428,1.551440977,45.39562196
575,MSFT,Transformer,2024-01-01,2026-01-01,26,20.1403007,21.27789758,21.52088453,19.13580337,12250418.68,18.15526741,19.6826925,19.44252447,17.04405812,8199245.09,3.789494681,4.075184309,4.094545025,3.558731865,38.82090682,1.852032659,1.707699309,1.979092357,1.845748856,44.60527351
576,MSFT,Transformer,2024-01-01,2026-01-01,27,40.56686661,40.50111057,40.99616836,38.90778306,12210820.1,38.30214166,38.30011338,39.28268535,37.01283217,8115184.674,7.976156746,7.916745666,8.2388389,7.702025463,38.47566374,2.81484712,2.747173673,2.482996575,2.522234434,44.79359237
577,MSFT,Transformer,2024-01-01,2026-01-01,28,19.10854304,20.97420645,20.44526965,18.82727539,11789335.6,17.17927589,19.50843754,18.38188162,16.90212245,7743305.211,3.586279076,4.039116608,3.872475455,3.529284526,41.16466716,1.778621772,1.630691012,1.921861793,1.763447967,55.51459165
578,MSFT,Transformer,2024-01-01,2026-01-01,29,22.88246305,23.3997675,23.38678177,21.51214818,11902756.7,20.80071705,21.69818996,21.14236288,19.39446168,7787579.083,4.340356239,4.49165285,4.451781541,4.047493033,38.629761,2.024606741,1.848973291,2.142043938,1.974430984,48.70110143
579,MSFT,Transformer,2024-01-01,2026-01-01,30,29.15893689,29.10421126,29.11433626,27.1438045,11879112.05,27.35281075,27.50633184,27.56581311,25.55845412,7686142.793,5.702481156,5.690505111,5.79339645,5.326772373,38.0793743,2.151985913,2.006965965,2.018206746,1.9480068,48.08328756
580,MSFT,Transformer,2024-01-01,2026-01-01,31,28.57438387,28.27240287,28.28612474,26.14630033,11898982.59,27.36977362,27.17429274,27.25272277,25.11252298,7670622.233,5.70398078,5.620654016,5.726818428,5.232837688,37.6844867,1.759711167,1.656860642,1.650876309,1.565018962,47.5183863
581,MSFT,Transformer,2024-01-01,2026-01-01,32,33.40700887,33.78973729,33.49561325,31.6861258,12056812.64,32.13105848,32.52656501,32.57779584,30.68073773,7946014.291,6.69343407,6.725205138,6.839288064,6.388344373,38.59512152,1.952178386,1.93114245,1.690161068,1.695096468,46.77335199
582,MSFT,Transformer,2024-01-01,2026-01-01,33,34.1906192,34.86037979,34.88512558,33.29888355,11997576.1,32.09200983,32.88135829,33.11818014,31.45499028,7949306.267,6.688994017,6.800783081,6.955755562,6.55160142,40.27733169,2.505971717,2.434214286,2.351922332,2.320334381,51.4905313
583,MSFT,Transformer,2024-01-01,2026-01-01,34,26.55772898,27.11453322,27.00573838,24.98344688,12026651.49,25.62299423,26.21705631,26.19006491,24.16665491,7876087.24,5.33936869,5.422159322,5.503147351,5.035418444,38.11455675,1.504393517,1.474190676,1.446551795,1.369919287,46.30124434
584,MSFT,Transformer,2024-01-01,2026-01-01,35,20.86266689,22.00673172,21.52475059,19.84453953,12138761.13,18.9736314,20.33055751,19.58500158,17.85784605,8030040.06,3.958893277,4.208672092,4.122328349,3.727283065,38.22325756,1.844772345,1.775182065,1.914471546,1.83583535,44.97749205
585,MSFT,Transformer,2024-01-01,2026-01-01,36,26.92350221,27.92951496,27.49743373,25.53168239,12173522.39,26.08950441,27.08581377,26.81254494,24.8339509,8087834.181,5.435925542,5.601245608,5.63273788,5.173587113,38.48283272,1.435694124,1.45194337,1.347465146,1.286728042,44.8960209
586,MSFT,Transformer,2024-01-01,2026-01-01,37,40.34408923,39.88409763,40.00761866,38.0218461,12137940.18,38.75939337,38.29603415,38.93203027,36.77947489,8044833.774,8.069429048,7.914796942,8.165919202,7.653209572,38.48372372,2.363550191,2.330164065,1.962030715,2.034961626,45.40089394
587,MSFT,Transformer,2024-01-01,2026-01-01,38,26.98597948,27.93169803,27.75095265,25.92636924,12132712.34,25.40696798,26.54852334,26.2559218,24.48213741,7995674.255,5.297536208,5.492590756,5.520566992,5.10332659,37.94745367,1.941578406,1.837670427,1.941449402,1.822290953,44.57822429
588,MSFT,Transformer,2024-01-01,2026-01-01,39,29.97076798,29.82269354,30.14819146,27.94825973,11914404.65,28.2925287,28.33453092,28.6667303,26.47699871,7770340.362,5.897783023,5.86138161,6.024583314,5.517582234,39.81443879,2.10835814,1.965644039,2.014472252,1.909545498,52.43972384
589,MSFT,Transformer,2024-01-01,2026-01-01,40,29.46884806,29.25967754,30.08224263,27.49713466,12037694.2,27.58159849,27.57692012,28.37341203,25.76390052,7853253.242,5.750785559,5.705457224,5.964096535,5.3699997,37.68265548,2.208792133,2.063143706,2.150508297,2.044425016,45.33160205
590,MSFT,Transformer,2024-01-01,2026-01-01,41,27.83092182,27.91650617,28.05647567,25.96857294,12146471.9,25.93955052,26.27850283,26.24445508,24.18963468,8036937.396,5.409348635,5.437454076,5.51906538,5.043269728,38.31867272,2.146466822,1.989196774,2.133183218,2.009637175,45.07950194
591,MSFT,Transformer,2024-01-01,2026-01-01,42,21.40279568,22.37319017,21.9178451,20.18690094,11609592.27,20.57184531,21.55158685,21.01070696,19.29468391,7303454.373,4.288327153,4.458790841,4.418613204,4.023450807,36.62540286,1.276754757,1.283996615,1.368260562,1.281361878,47.97320513
592,MSFT,Transformer,2024-01-01,2026-01-01,43,26.16089183,26.84962615,27.04037711,24.82026329,12166593.03,24.13974338,25.17654268,25.08529654,22.90847933,8066779.407,5.035055521,5.209908461,5.276950147,4.777332189,38.38146654,2.142288924,1.968996697,2.167874181,2.029153802,44.9770063
593,MSFT,Transformer,2024-01-01,2026-01-01,44,29.0466088,28.82545007,28.17817744,27.08866986,11643441.17,27.91046181,27.73334975,27.34574549,26.16021557,7427551.362,5.814482205,5.734926559,5.743233938,5.448705282,37.93664668,1.717751147,1.66140795,1.480876028,1.506988203,50.26007168
594,MSFT,Transformer,2024-01-01,2026-01-01,45,31.3391148,31.40833936,32.10224341,29.84672956,11981357,30.42420593,30.48321151,31.42981715,29.1194061,7791905.617,6.337102389,6.302497214,6.598663617,6.063658623,37.76080548,1.615523304,1.606569618,1.435153935,1.414513564,46.00863997
595,MSFT,Transformer,2024-01-01,2026-01-01,46,33.82565889,34.16246735,34.48240977,32.69823339,11795244.53,32.72874371,33.00473876,33.73588484,31.815217,7579097.729,6.814728611,6.821942271,7.07833423,6.621632815,38.1768009,1.815174518,1.852937349,1.538013941,1.605061557,49.55189686
596,MSFT,Transformer,2024-01-01,2026-01-01,47,25.8279292,26.09770697,26.79029763,24.22098049,11913470.43,23.83630748,24.41172209,24.92436619,22.35725023,7758506.921,4.971836992,5.051977415,5.242059604,4.662596011,39.1471583,2.115408773,1.947707871,2.110727997,1.981405018,50.25110367
597,MSFT,Transformer,2024-01-01,2026-01-01,48,22.10072742,23.21929146,22.55978464,21.01236484,12030452.91,20.02672147,21.48280376,20.45756818,18.94249568,7881122.563,4.179209572,4.447186741,4.30666203,3.953327904,37.77892925,1.98677649,1.858562716,2.038483403,1.930783087,45.26175412
598,MSFT,Transformer,2024-01-01,2026-01-01,49,17.37810144,18.47123147,18.60746274,16.56756482,12116344.65,15.48903264,16.84698856,16.40821851,14.39402374,7969764.966,3.233975707,3.489397565,3.45909593,3.007886366,38.03451489,1.674218444,1.599643888,1.882048842,1.739498128,44.99566972
599,MSFT,Transformer,2024-01-01,2026-01-01,50,25.46041132,26.53424437,26.40809805,24.93103137,11524448.87,24.49528518,25.5187215,25.59416281,24.01374581,7359827.596,5.10351794,5.277313697,5.375878509,5.002667339,38.76242991,1.48743615,1.538130958,1.415352806,1.434757174,52.78199374
600,TSLA,Transformer,2022-01-01,2024-01-01,1,31.66919079,34.75149413,31.05752238,34.23041516,31568770.67,27.08990631,30.06049287,26.75405193,29.50902451,26067477.49,11.27591281,12.27294171,11.31943844,12.24175974,25.87815498,6.983843326,7.259589551,6.795421994,7.310361325,24.26894167
601,TSLA,Transformer,2022-01-01,2024-01-01,2,34.96555384,38.23847053,34.9651216,37.50561406,40210676.11,31.12147564,34.98207184,31.57225022,34.51565377,35125569.05,12.89913842,14.2044168,13.2916131,14.23627718,34.1405344,6.791770287,6.471172735,6.499588095,6.229112694,26.24865775
602,TSLA,Transformer,2022-01-01,2024-01-01,3,43.93568419,48.44129673,45.00204002,48.27154194,21733495.29,40.81009553,45.71605869,42.34685425,45.71813301,15696772.37,16.81768478,18.47608065,17.72108968,18.77558436,14.28408617,6.98212624,6.72224829,6.616782189,6.570271071,18.26073078
603,TSLA,Transformer,2022-01-01,2024-01-01,4,48.14227153,51.66391264,48.46894549,52.08977302,33212236.48,45.74565492,49.41710188,46.38544262,49.87517962,27904494.37,18.69185804,19.84255982,19.27039309,20.35942819,27.33876545,6.098707685,5.975540989,5.757977856,6.01697436,25.89269406
604,TSLA,Transformer,2022-01-01,2024-01-01,5,23.72094254,24.84336609,22.49609164,24.61058683,36808621.71,21.33648981,22.05043596,20.5361299,21.88020806,31362401.71,8.82949828,8.988055023,8.638595368,9.068129559,30.84011546,4.411699381,4.781186625,3.960867715,4.786157205,27.11331081
605,TSLA,Transformer,2022-01-01,2024-01-01,6,25.83335784,28.06088316,26.17297665,27.96661068,26604367.5,22.41385218,24.07764644,22.67107466,23.97920177,20603740.36,9.282207462,9.819806806,9.567105433,9.943802367,20.60853981,5.448246375,5.995373612,5.623668374,6.075866621,23.35424667
606,TSLA,Transformer,2022-01-01,2024-01-01,7,29.93234036,34.48874455,32.00425841,35.1001049,39198928.22,25.6549924,30.14692162,27.63060647,31.01526912,34516070.01,10.67748052,12.29771053,11.68600464,12.84380988,33.45727473,6.566917496,6.973268713,6.945141263,6.936707481,25.89415863
607,TSLA,Transformer,2022-01-01,2024-01-01,8,43.18166561,40.82079168,40.24438353,39.93597055,36940119.69,34.24834432,32.98017202,32.3392098,32.40045362,32031235.66,13.70118566,13.01231893,13.17417713,13.0131759,31.20446049,10.1733978,9.161007224,9.409732846,9.063438587,25.94677923
608,TSLA,Transformer,2022-01-01,2024-01-01,9,24.36529412,24.68735519,23.90803234,24.34643127,27309030.01,22.21531654,22.79708629,22.3654328,22.49440161,21944196.58,9.068514853,9.204219453,9.323572739,9.238022771,21.7106507,3.963892567,3.826383203,3.471322862,3.826605504,23.1440833
609,TSLA,Transformer,2022-01-01,2024-01-01,10,33.63948788,36.24029999,33.91905464,36.77178029,43803901.32,29.81655004,33.07920656,30.7321468,34.02511863,38012110.24,12.36105763,13.43379636,12.93142641,14.02406147,36.94466591,6.632073099,6.202238759,6.215976518,5.923398674,28.20067445
610,TSLA,Transformer,2022-01-01,2024-01-01,11,31.62910632,33.47084169,31.57743789,32.62641427,31058079.17,27.52012927,28.80662821,27.48550895,28.2817169,26200057.08,11.42726315,11.76175169,11.61429384,11.73303177,21.93677367,6.64698764,7.089949112,6.695060682,6.881535465,12.54914566
611,TSLA,Transformer,2022-01-01,2024-01-01,12,37.32394077,40.70891717,37.67053884,40.80578269,23909638.34,34.86409656,38.31561805,35.45945722,38.36728047,18489579.2,14.198186,15.34324656,14.68770603,15.6240407,18.41682769,5.231943036,5.289889127,5.041919072,5.433577788,21.39543349
612,TSLA,Transformer,2022-01-01,2024-01-01,13,29.24905261,31.27222465,29.26681232,31.50725111,25835172.46,25.67741343,27.04380329,25.64491995,27.21891118,20955842.92,10.64651352,11.03729731,10.82846525,11.29563355,20.74930645,5.96504514,6.536790885,6.075850347,6.70994839,21.79893459
613,TSLA,Transformer,2022-01-01,2024-01-01,14,28.34734176,30.19382737,28.24421057,29.53964578,24111871.38,24.63315181,26.2655069,24.76213896,25.68050391,18075974.05,10.23260049,10.71943897,10.46207875,10.65262157,17.6404095,5.98258805,6.216357306,5.871007156,6.172829609,21.85025737
614,TSLA,Transformer,2022-01-01,2024-01-01,15,50.12675993,54.46684726,52.62529987,54.35939402,27581250.35,47.49298379,52.03767749,50.27434576,52.07935046,22507694.2,19.46645923,20.94463801,20.93419243,21.30470776,22.27395301,6.735058061,6.579470311,6.569401398,6.423790211,22.78260017
615,TSLA,Transformer,2022-01-01,2024-01-01,16,41.21726154,46.19425801,37.90774796,45.63306621,39417897.07,37.97146844,43.38302792,34.94383701,43.06756073,33661951.78,15.68697264,17.56965531,14.67623571,17.71575483,33.0563204,6.888214152,6.689800204,6.387074651,6.427520475,26.96835302
616,TSLA,Transformer,2022-01-01,2024-01-01,17,23.46902059,25.70285487,24.24925426,25.77692679,41978086.1,21.04335064,22.17412148,21.4009874,22.15135089,37367348.3,8.712372847,9.060149258,9.041933016,9.203834578,36.1022303,4.44978946,5.421245365,4.936705078,5.581959001,27.30786348
617,TSLA,Transformer,2022-01-01,2024-01-01,18,30.69547359,34.18981488,32.88595281,33.87260958,38117509.95,28.1913686,32.13619876,30.8870498,31.9154592,32534799.87,11.66655349,13.03301727,12.9694473,13.15628683,28.69269201,5.260138582,4.965407793,4.969803058,4.886396486,20.70216565
618,TSLA,Transformer,2022-01-01,2024-01-01,19,22.43280903,24.10630526,22.38240215,24.07735798,43307477,19.22778192,20.57226816,19.28085446,20.44727324,37952976.87,7.998262891,8.411925141,8.160703207,8.49870101,36.90213855,4.93333115,5.240017163,4.905162316,5.367095143,28.52101535
619,TSLA,Transformer,2022-01-01,2024-01-01,20,28.28184053,30.43876766,28.96593099,30.12118236,31729128.22,25.40831399,26.95793063,25.92752958,26.74231166,25053840.94,10.49461223,10.97529086,10.92001309,11.0652024,21.47033083,5.252334928,5.882486657,5.554571986,5.862684476,17.22777035
620,TSLA,Transformer,2022-01-01,2024-01-01,21,28.79191607,32.53374727,23.17978161,30.192488,37056772.32,24.69706056,27.92426423,20.44097542,25.87799557,31530511,10.28606126,11.41731203,8.625922157,10.75053189,31.03478503,6.314055368,6.949247979,4.716927882,6.565677907,27.02752626
621,TSLA,Transformer,2022-01-01,2024-01-01,22,40.65985374,44.73558883,41.80179529,44.74668764,24639916.93,38.71295369,42.88152955,40.07634649,42.94058243,17587896.95,15.83723382,17.23261697,16.66476698,17.54610535,17.1191013,5.109472922,5.0898054,4.904054783,5.081737673,23.75955189
622,TSLA,Transformer,2022-01-01,2024-01-01,23,31.15455607,33.71861956,32.04646782,33.26996345,25636298.57,26.95263686,29.16101373,27.80987231,28.76376361,21243134.76,11.21051763,11.91079544,11.76633726,11.94005568,20.80679653,6.666893117,7.055270008,6.869941923,7.065318528,20.68194256
623,TSLA,Transformer,2022-01-01,2024-01-01,24,26.88062374,29.65123233,27.61712713,29.98827642,38780805.77,23.24539854,25.89602411,24.05146632,26.12026036,33693929.37,9.670491354,10.57106499,10.17453575,10.8334771,32.92032683,5.762096529,6.030607673,5.861230551,6.215129832,26.43991128
624,TSLA,Transformer,2022-01-01,2024-01-01,25,38.84336198,42.76847725,40.05074884,43.93012459,41049669.83,35.11538525,39.02984625,36.48142292,39.99098905,35518435.94,14.24033957,15.57528107,15.05143928,16.23102786,34.6607338,6.398897361,6.640470977,6.466853959,7.046484494,28.62026675
625,TSLA,Transformer,2022-01-01,2024-01-01,26,44.07512288,47.434832,44.74931252,47.34595272,39224410.06,41.5373848,45.21035056,42.64163125,45.30005855,32984059.9,17.04687018,18.21292622,17.77677824,18.54393415,32.51329118,6.228290724,5.911485503,5.787133057,5.709580483,27.51305424
626,TSLA,Transformer,2022-01-01,2024-01-01,27,41.59872817,45.55955511,42.63232756,45.91726628,27999038.58,39.85939166,43.97278448,41.15638729,44.38808935,22023840.76,16.3376823,17.69962325,17.14569633,18.16255665,21.99711643,5.004505377,4.864399919,4.699927871,4.830472713,24.33349052
627,TSLA,Transformer,2022-01-01,2024-01-01,28,55.80142446,60.75289998,57.42322021,60.61892778,39429641.44,52.72391947,57.67490786,54.54097257,57.61162357,34210413.55,21.50629636,23.12035614,22.61605723,23.48174002,33.37595743,7.30625784,7.454314837,7.232266009,7.453752682,25.95297206
628,TSLA,Transformer,2022-01-01,2024-01-01,29,34.47709842,38.34193203,25.75932275,34.2878166,22060956.08,29.97145052,33.86834056,22.52371207,29.84913944,16901163.12,12.46036138,13.80292468,9.509309706,12.37000397,15.63460262,7.255566167,7.48265313,5.40418781,7.106887532,17.31686888
629,TSLA,Transformer,2022-01-01,2024-01-01,30,31.54268366,34.07964327,31.72834685,33.48301001,32637342.8,26.98115622,29.35593408,27.30985063,28.7129714,26964489.06,11.22909218,11.9887648,11.55601576,11.91733238,26.66542507,6.95611485,7.207159768,6.955669497,7.260136041,26.00736131
630,TSLA,Transformer,2022-01-01,2024-01-01,31,42.23027329,44.7817357,40.74958083,45.13301797,39674330.65,39.31825684,42.25520588,38.26396334,42.84949582,34618362.79,16.20648467,17.09021757,16.0290752,17.60079541,33.67429506,6.603597592,6.226884386,6.092080136,6.009459323,27.18664358
631,TSLA,Transformer,2022-01-01,2024-01-01,32,22.88352277,24.52974318,23.15864642,24.29147274,43363528.78,20.50810906,21.43100451,20.71496727,21.10967636,38503801.55,8.491299204,8.746853757,8.740056053,8.760417357,37.17232476,4.349007634,4.985472573,4.490648141,5.094947998,28.69268571
632,TSLA,Transformer,2022-01-01,2024-01-01,33,23.92959292,24.26971815,23.53479977,23.96423348,24175348.57,21.71041826,22.35065812,21.89533945,22.10987245,17571507.08,8.861420545,9.010961218,9.113872488,9.066991428,15.83692528,3.961591774,3.760777919,3.48060888,3.739953792,20.06789751
633,TSLA,Transformer,2022-01-01,2024-01-01,34,26.61408126,28.72192202,28.43665205,29.20128339,26127051.77,23.65563987,25.05885236,24.93133586,25.46648035,20548319.29,9.79714944,10.22477125,10.5396223,10.56808633,20.47877506,5.189532612,5.85060207,5.902885943,6.050323893,22.37624322
634,TSLA,Transformer,2022-01-01,2024-01-01,35,25.43592491,24.15297947,23.86972626,23.46606157,40211761.22,21.01802859,21.85201217,21.20962757,21.37286851,34906201.97,8.471275319,8.727506223,8.743318819,8.695069407,33.66640158,5.498997703,3.888936254,4.251929099,3.750413488,28.52451183
635,TSLA,Transformer,2022-01-01,2024-01-01,36,25.75062784,26.99825694,25.71007464,26.74184282,31771955.56,23.22426662,23.97990295,23.21230295,23.43936454,26110136.21,9.586245094,9.759238844,9.76731311,9.708372157,25.93182269,4.717406029,5.169433978,4.768380329,5.446924573,25.25993238
636,TSLA,Transformer,2022-01-01,2024-01-01,37,22.72960836,22.96488258,22.50246059,22.51608416,55621650.81,20.46294432,21.48845885,20.9795427,21.01021035,51152339.08,8.331466068,8.667351722,8.722331503,8.633731946,48.67414436,3.896202464,3.28030381,3.295061873,3.373573285,31.90846697
637,TSLA,Transformer,2022-01-01,2024-01-01,38,35.4402688,37.45983927,35.8365995,36.75467405,34336780.34,30.45646644,32.48826702,30.92467152,31.69217365,26749148.75,12.66221249,13.25028103,13.06790558,13.13633207,22.2781877,7.707873848,7.757510542,7.782075813,7.836125554,17.45890894
638,TSLA,Transformer,2022-01-01,2024-01-01,39,18.68716902,21.11346961,19.01736524,20.76147773,23577370.82,15.42128552,18.19565306,15.98241401,18.00318651,16746542.03,6.451994873,7.452434076,6.795312508,7.48996013,16.19153151,4.500090068,4.478386973,4.442691455,4.386528562,22.2869104
639,TSLA,Transformer,2022-01-01,2024-01-01,40,31.32706692,33.94639333,32.06702488,34.03429605,24009730.58,26.93908858,29.48562465,27.76381213,29.36063516,19100170.67,11.21053393,12.03775078,11.74656852,12.18311884,18.44474121,6.813925358,7.011550161,6.916900528,7.256803926,20.65159325
640,TSLA,Transformer,2022-01-01,2024-01-01,41,19.89728778,21.00066162,19.92212368,20.83344878,37355852.63,18.34097901,19.11399671,18.53846002,18.5993853,31292646.77,7.539325913,7.76514666,7.776199745,7.692751473,30.60908282,3.219343269,3.637201506,3.140347381,3.969458087,29.2776133
641,TSLA,Transformer,2022-01-01,2024-01-01,42,44.78799477,49.86892128,47.27866112,50.13364562,28160020.63,42.62187383,47.76171575,45.28760739,48.08623612,22391034.4,17.43537285,19.18976919,18.8247356,19.64095267,22.18353212,5.664719066,5.732007217,5.600101986,5.718733881,23.97065142
642,TSLA,Transformer,2022-01-01,2024-01-01,43,44.3818924,47.96955742,43.72302818,47.17746809,22289977.12,40.76594425,44.7814661,40.58509574,44.18811236,16388349.13,16.81029538,18.11273709,16.99955472,18.16015654,14.94763476,7.48379529,7.185714747,7.031834796,6.980327395,19.04435194
643,TSLA,Transformer,2022-01-01,2024-01-01,44,23.6790778,25.43666963,23.94056224,25.09479139,44099611.15,21.03857991,21.99609125,21.17716901,21.62432872,39514083.88,8.706903652,8.975739897,8.932929208,8.972288102,37.96633589,4.640401238,5.324997798,4.825084583,5.389416414,28.10533045
644,TSLA,Transformer,2022-01-01,2024-01-01,45,30.30733824,34.86337574,32.79357166,35.25896742,26096870.2,28.64632563,33.57683707,31.53746426,34.08304159,20941701.55,11.82590288,13.58393644,13.21242257,14.01250576,20.80265845,4.338977914,4.032429515,3.99816789,3.915390903,22.27336455
645,TSLA,Transformer,2022-01-01,2024-01-01,46,48.17884576,53.803421,47.55056509,53.63294263,34649257.64,45.64601286,51.26368681,45.1766362,51.07184003,29338716.88,18.64014956,20.56782921,18.74813906,20.82998118,28.86385558,6.234966367,6.42995266,6.034237579,6.51644303,25.12534545
646,TSLA,Transformer,2022-01-01,2024-01-01,47,49.41973462,53.02209556,50.26498127,53.45952536,21040443.11,46.91079324,50.63311003,47.99950433,51.08960319,15647643.39,19.16472645,20.32829434,19.93632144,20.85498154,15.08101295,6.304901665,6.229585115,6.093553078,6.305385143,19.29464029
647,TSLA,Transformer,2022-01-01,2024-01-01,48,39.35587254,43.22652825,41.3181745,42.73225328,23497394.93,37.10807561,41.2468062,39.40320174,40.89169364,16925852.63,15.25617391,16.64201631,16.45343425,16.77029943,15.7257819,5.624558829,5.41142949,5.38066998,5.241983096,21.25516162
648,TSLA,Transformer,2022-01-01,2024-01-01,49,60.46255497,59.00871015,33.3712976,59.19856848,40996307.18,56.74849367,55.53963133,28.67132742,56.00040897,35834938.86,23.40501028,22.47748356,12.08441902,23.01719704,34.74468076,8.989936192,8.383716829,7.321986919,8.155483537,27.50074766
649,TSLA,Transformer,2022-01-01,2024-01-01,50,29.31670321,31.76707967,29.92567266,32.26510891,44837133.78,25.03279846,27.22353793,25.61140557,27.61416586,40254530.52,10.42605081,11.1291528,10.85006778,11.47081037,38.70498039,6.506510236,6.816821281,6.667264863,7.037681718,28.21574248
650,TSLA,Transformer,2022-09-01,2024-09-01,1,46.45203391,43.75408871,41.22270088,38.99059164,51199626.07,42.47363631,39.96197408,37.55293836,35.53342887,48362790.35,20.3679663,18.69893708,18.44896088,17.01472571,65.75226005,9.945990275,9.058730149,9.201314896,8.357020128,31.59165299
651,TSLA,Transformer,2022-09-01,2024-09-01,2,72.67691097,70.67251509,66.58768651,65.52542122,63188531.51,63.65917357,61.22328168,57.88136826,56.18881066,57355897.25,30.27620728,28.4657364,28.17683374,26.73278757,79.06577614,16.87960934,16.57886831,16.15200665,16.22994908,47.20968527
652,TSLA,Transformer,2022-09-01,2024-09-01,3,26.50345098,22.99594964,22.17972235,17.80021926,34436887.54,23.51209588,20.2739365,19.45394586,15.44891099,31019842.5,11.3388339,9.533841041,9.609015962,7.42199728,42.0117801,6.515293099,5.537471548,5.805781751,4.626068758,24.34172865
653,TSLA,Transformer,2022-09-01,2024-09-01,4,42.27640968,39.20919174,37.26549568,33.65459097,47769745.39,38.45486879,35.50533698,33.79382695,30.26903289,42619640.62,18.41646487,16.59824714,16.56694831,14.48130572,58.57001422,8.99371645,8.201661682,8.204286098,7.414309923,36.42147118
654,TSLA,Transformer,2022-09-01,2024-09-01,5,36.17750629,39.11637564,37.88636051,43.77639508,25635016.43,27.54635896,30.24461517,29.61550673,35.04857752,21287198.38,12.82745337,13.7790481,14.09842103,16.36214397,27.69577878,10.89837479,11.37471779,11.24714424,12.27263351,17.57953484
655,TSLA,Transformer,2022-09-01,2024-09-01,6,22.55143442,18.99675932,18.51995898,14.63221928,33270980.62,18.8518631,15.8331353,15.48598653,12.25685009,29915857.09,9.118317677,7.445050298,7.642191279,5.849532566,40.39794802,6.423044262,5.260759436,5.423029946,4.088863099,23.33070894
656,TSLA,Transformer,2022-09-01,2024-09-01,7,21.55916005,18.40698033,18.02810792,14.8677828,40404118.29,17.15243107,14.56695637,14.2894318,11.82033015,37347990.93,8.326493034,6.884400665,7.096163477,5.675063638,50.91051378,6.791471651,5.627411176,5.869291586,4.602466543,27.8624145
657,TSLA,Transformer,2022-09-01,2024-09-01,8,15.70207977,12.40781085,12.19616168,9.47706876,42781480.36,13.1796117,10.48878051,9.903299262,8.046994751,39034170.33,6.369671552,4.912633539,4.880826298,3.785703152,53.40284692,4.486780785,3.322778647,3.783684093,2.433615374,30.43409425
658,TSLA,Transformer,2022-09-01,2024-09-01,9,55.45258968,52.33916193,50.04204534,46.67627383,43603486.35,51.02789095,48.01752453,45.96565395,42.78155213,40059747.26,24.38856878,22.4126773,22.49538757,20.43529259,54.82402566,11.10409122,10.28172559,10.32710011,9.456878651,30.53222116
659,TSLA,Transformer,2022-09-01,2024-09-01,10,53.82811197,51.61466576,49.04053543,46.33157442,54203735.39,49.66239752,47.46640493,45.15051299,42.55923163,50784748.47,23.74300757,22.15902651,22.10419904,20.33395994,69.48443798,10.70212297,10.05765056,10.06215222,9.323687322,35.48930502
660,TSLA,Transformer,2022-09-01,2024-09-01,11,32.50422057,35.17515943,34.2610338,40.53372306,29725339.92,26.02339003,28.42642491,27.93631572,33.66081678,24895396.15,12.12003093,12.94282165,13.29580241,15.70219056,33.10245708,8.917022831,9.384240713,9.324522164,10.43560271,22.37720255
661,TSLA,Transformer,2022-09-01,2024-09-01,12,26.08615441,22.69265323,22.04198087,18.53721135,39943153.55,21.52531307,18.24427941,17.40778293,14.2600106,36540696.74,10.42893173,8.613623711,8.656966778,6.890672649,49.79514183,7.745361937,6.794842918,7.225370825,6.044307486,27.85855067
662,TSLA,Transformer,2022-09-01,2024-09-01,13,17.60233017,19.30945427,19.41045971,24.55706702,40235972.21,14.13363429,15.71060197,16.04735132,20.49841576,35027617.64,6.560300149,7.106384294,7.611362151,9.504963418,47.90806171,4.826871052,5.030501483,5.098955278,6.179316297,31.60165776
663,TSLA,Transformer,2022-09-01,2024-09-01,14,19.14166363,16.2990225,15.9324324,13.27621231,30336217.32,14.58561376,12.57528893,12.3524286,11.22178089,25753906.35,7.10517417,5.946303601,6.134608405,5.353408196,34.49284527,6.388324902,5.155005369,5.332903936,3.602254612,22.6753018
664,TSLA,Transformer,2022-09-01,2024-09-01,15,33.92529539,30.46354796,29.30885409,25.15433596,41418989.2,29.20704855,25.8982057,24.63129997,20.61427213,37596769.31,14.09451672,12.18419347,12.19103576,9.939958052,51.22315719,9.120543968,8.144964171,8.55700889,7.429865215,29.26731517
665,TSLA,Transformer,2022-09-01,2024-09-01,16,38.06072615,40.9091617,39.12095195,46.04477143,35470478.41,29.28940476,31.86734207,30.74731615,36.93542781,31037033.08,13.65514061,14.53306995,14.64901405,17.2530636,41.80644111,11.25649432,11.7256033,11.48314895,12.83208298,25.87517385
666,TSLA,Transformer,2022-09-01,2024-09-01,17,22.72113531,20.09280514,19.72379431,17.9956536,32117394.89,18.13649188,16.45046788,16.33422878,15.68493749,28661603.76,8.822265441,7.779011724,8.102972381,7.511109614,38.78878063,7.132973722,5.806034394,5.951624941,4.547736913,23.36454684
667,TSLA,Transformer,2022-09-01,2024-09-01,18,25.82837748,22.55258177,21.52273665,17.69477438,42147515.1,22.70855887,19.82600139,19.05901928,15.75593655,38118061.22,10.94534973,9.309831763,9.383718954,7.531989421,52.06337139,6.419022546,5.398025738,5.398140439,4.204794044,30.39828159
668,TSLA,Transformer,2022-09-01,2024-09-01,19,21.36334217,18.317706,17.98669617,15.52005998,40709657.19,16.43663689,14.11336007,14.19452906,13.18356885,36848579.62,8.003622633,6.687892524,7.05902334,6.315044861,50.3078815,7.069065721,5.818169521,5.899792543,4.219815186,29.44455816
669,TSLA,Transformer,2022-09-01,2024-09-01,20,15.90732342,12.23497524,12.56645322,9.505059471,34729726.16,13.01955718,9.923007984,10.12507776,8.024033776,29993549.75,6.312511748,4.665189474,5.001860045,3.767435644,40.30723902,4.769371425,3.554628886,3.975299234,2.477431685,26.33135623
670,TSLA,Transformer,2022-09-01,2024-09-01,21,22.28880347,20.39534053,20.29752553,19.92759429,33835827.06,19.08443389,17.7098003,17.65879811,17.70073138,29343358.44,9.218599642,8.320289358,8.698575785,8.420118895,39.6753502,6.131177485,5.112955895,5.407962433,4.581466939,25.51378248
671,TSLA,Transformer,2022-09-01,2024-09-01,22,32.82346391,28.94406722,27.67640045,24.06043792,44136465.12,28.62277598,24.90364544,23.4959632,20.06246954,40624824.59,13.80191685,11.71030599,11.6215054,9.666286927,55.51288979,8.516329182,7.506787184,7.895027249,6.856998273,30.27331631
672,TSLA,Transformer,2022-09-01,2024-09-01,23,27.06710161,23.62413148,22.64141572,18.81029566,43011500.83,23.73974134,20.54195964,19.4955433,16.15672528,38740783.22,11.45002424,9.659186585,9.635340194,7.761309039,52.97074951,6.896016403,5.931135724,6.227596228,5.01671548,31.41245478
673,TSLA,Transformer,2022-09-01,2024-09-01,24,9.686699476,10.87122641,10.95777083,16.24254176,34273506.97,8.207182089,9.377368115,9.255341125,14.34094257,29959924.53,3.800710315,4.181201492,4.324488697,6.594949545,40.1391941,2.398904627,2.383728798,2.686422982,3.391189769,24.70248572
674,TSLA,Transformer,2022-09-01,2024-09-01,25,28.51544374,30.85186616,30.05938109,35.63487229,29524097.06,21.73767451,23.36535419,23.18543528,27.71905741,25183439.46,10.12072768,10.60757261,11.01782001,12.88675441,33.34200003,8.590650499,9.240106793,9.107719305,10.47612008,21.15094526
675,TSLA,Transformer,2022-09-01,2024-09-01,26,11.27384162,13.03060346,13.21911117,18.47821072,34639251.62,9.328992029,11.33585908,11.64705136,16.38467326,29676419.86,4.307480719,5.096036624,5.499734292,7.585646213,40.06570539,2.939467407,2.835613169,2.878526603,3.851164893,26.61868479
676,TSLA,Transformer,2022-09-01,2024-09-01,27,41.40493526,38.0079408,36.32177865,32.38890812,40344052.51,38.3784147,35.22905269,33.59712289,29.91907297,36975024.38,18.38937174,16.47430611,16.4929375,14.32788435,50.52429776,8.311605078,7.3307327,7.578562067,6.560566712,28.25625509
677,TSLA,Transformer,2022-09-01,2024-09-01,28,28.49585867,25.18696585,24.24820377,20.65005305,37705729.08,25.13046797,22.07813319,21.0164127,17.57455664,34396113.02,12.11087975,10.37185775,10.38242638,8.458687964,46.8135379,7.171441194,6.202517208,6.585191069,5.619597083,26.42231623
678,TSLA,Transformer,2022-09-01,2024-09-01,29,30.62271011,27.67152573,26.59138087,23.06596183,34593050.08,25.15717128,22.5187839,21.40898782,18.16507371,30497652.84,12.17632708,10.61726175,10.62286727,8.771235758,41.41118221,9.097171387,8.076668721,8.39331203,7.251194763,25.74401416
679,TSLA,Transformer,2022-09-01,2024-09-01,30,40.884521,37.75184194,35.21499687,32.80978294,53340702.17,37.68705842,34.70188549,32.35049421,29.99185898,49185544.73,18.03932169,16.21468263,15.86336806,14.34861704,67.50377323,8.281782999,7.452798278,7.445949302,6.838778521,37.18395113
680,TSLA,Transformer,2022-09-01,2024-09-01,31,10.507253,8.953561859,9.460465107,11.88060192,33096990.01,8.247288268,8.079445067,8.155805562,9.994391455,28525738.24,3.9342096,3.682642524,3.903189618,4.564799439,38.41698756,3.345036128,1.767793012,2.420159449,2.856962424,24.83484113
681,TSLA,Transformer,2022-09-01,2024-09-01,32,15.36925845,18.00603117,17.60971909,23.78305141,33293260.79,13.12442633,15.69078904,15.51234169,21.06456273,28770393.5,6.080186909,7.096980118,7.348728575,9.790914804,38.3471052,3.650890483,3.956809371,3.857463521,5.035291845,24.54902031
682,TSLA,Transformer,2022-09-01,2024-09-01,33,12.01235508,13.62018353,13.35452077,18.8517021,29965810.89,9.623158289,10.87119477,10.87935989,15.87979479,25520273.41,4.459263226,4.882511817,5.139333138,7.33497072,34.06820839,3.374768044,3.661916485,3.623964513,4.617321343,21.96993188
683,TSLA,Transformer,2022-09-01,2024-09-01,34,51.6958726,49.77589729,47.00237631,43.92546621,49057716.53,46.59956209,44.53564211,42.16315065,39.0049765,45509680.68,22.24769574,20.76554276,20.60179884,18.61218604,62.28718822,11.12973476,10.68961624,10.50985767,9.9485532,33.29112271
684,TSLA,Transformer,2022-09-01,2024-09-01,35,29.75533378,26.53362168,25.97525444,22.64343245,44356143.44,23.19585718,20.54405345,19.98956594,17.79208645,40974101.83,11.26407571,9.716387491,9.954369648,8.599713973,56.00459282,9.641726542,8.394650315,8.795634992,7.173146055,30.37815531
685,TSLA,Transformer,2022-09-01,2024-09-01,36,36.2530412,32.98857008,31.49418745,28.21454428,41710836.39,32.27409324,29.23171079,27.67910334,24.42512941,38464096.12,15.52544197,13.71230559,13.6505389,11.73653589,52.37852145,8.799328256,7.823789563,8.182948386,7.342669066,28.21979531
686,TSLA,Transformer,2022-09-01,2024-09-01,37,35.41559737,32.17724629,30.66620433,26.92181296,44304166.95,32.45132012,29.49338942,27.98555067,24.42306774,40791223.57,15.57938887,13.81192033,13.76310768,11.71467759,55.69994309,7.59245447,6.616236684,6.882265164,5.947150796,30.31336486
687,TSLA,Transformer,2022-09-01,2024-09-01,38,18.08617692,14.31636153,14.11259791,10.85373002,38962392.15,15.32606045,11.83315011,11.53925106,9.211156071,35961373.88,7.414591752,5.574617885,5.710808432,4.376688073,48.87608872,5.070267988,4.021860226,4.379368261,2.912110569,26.34115739
688,TSLA,Transformer,2022-09-01,2024-09-01,39,28.428231,24.60077592,24.28320362,19.16575856,31844994.46,25.60664596,22.07250677,21.69607044,17.04529935,27628380.33,12.32739302,10.36461623,10.69797399,8.183850446,37.26902119,6.586828736,5.55723935,5.943191911,4.613769538,23.47698813
689,TSLA,Transformer,2022-09-01,2024-09-01,40,14.03795616,11.01341388,11.14231182,9.735203649,36190147.99,10.96366124,8.971694251,9.001434327,8.405310703,32072153.45,5.311249097,4.191367431,4.416980151,3.912638057,43.56620756,4.541119157,3.1611932,3.470662964,2.282834709,26.6434649
690,TSLA,Transformer,2022-09-01,2024-09-01,41,42.9398417,46.3431066,44.7998873,51.93954972,25933273.28,33.30085147,36.40790198,35.37923347,41.99904754,21555815.63,15.54026045,16.63081389,16.87517229,19.6471529,28.1261383,12.55784854,13.11292915,13.05844417,14.27748195,18.06258571
691,TSLA,Transformer,2022-09-01,2024-09-01,42,34.52255611,31.01359469,29.7854764,25.6342584,44379319.44,31.46039113,28.24662338,26.97237242,22.97530821,40273841.46,15.12162192,13.24346413,13.28462896,11.03752828,55.04075838,7.64595643,6.621207305,6.967698293,5.982977641,31.73087105
692,TSLA,Transformer,2022-09-01,2024-09-01,43,28.23939602,24.8296422,24.22802789,21.08907102,31719791.57,22.30948121,19.43884705,18.78490464,16.93200487,28328078.34,10.82141008,9.184776516,9.347331532,8.174626429,38.24349448,8.979290162,7.726944073,8.126559342,6.44672567,22.49940619
693,TSLA,Transformer,2022-09-01,2024-09-01,44,22.76439974,21.08656676,20.85439097,20.41619854,33404145.97,19.69692071,18.30252523,18.14154977,18.05707922,30504864.75,9.50565372,8.604242262,8.942317972,8.602384289,41.2018628,6.073972415,5.299040533,5.550773581,4.774407353,22.63913432
694,TSLA,Transformer,2022-09-01,2024-09-01,45,29.94671205,26.74052745,25.94077059,23.53511864,39884679.8,23.36365436,21.04204314,20.49921136,19.22025652,37425858.62,11.34706901,9.949274232,10.19660154,9.271170692,50.46499526,9.692763073,8.259603849,8.482700862,6.987213037,24.64473631
695,TSLA,Transformer,2022-09-01,2024-09-01,46,27.3276453,23.94431568,23.10307898,19.46615136,43922744.12,23.58389606,20.39611555,19.58800756,16.59130685,40318773.11,11.39077792,9.604018507,9.68985226,7.970933321,54.99542918,7.273038882,6.33840721,6.585609919,5.296980508,30.19885412
696,TSLA,Transformer,2022-09-01,2024-09-01,47,27.65455336,24.22579035,22.48496222,18.97747731,41707255.24,24.6775696,21.52011156,20.05948529,17.15134071,37290287.12,11.87100401,10.09390612,9.8701168,8.19597007,50.82992576,6.516697523,5.568849017,5.476390904,4.25716231,30.66531159
697,TSLA,Transformer,2022-09-01,2024-09-01,48,31.36344921,28.03349628,26.53131072,23.24274236,48398836.78,27.9389907,24.88717596,23.25144627,20.02044073,44414084.74,13.4500349,11.68039342,11.47462459,9.628161142,60.88665885,7.611085584,6.617888535,6.966027389,6.121865808,33.72693207
698,TSLA,Transformer,2022-09-01,2024-09-01,49,40.63988553,37.4991383,35.56963965,31.66169426,38056415.8,37.27775448,34.2993676,32.54995964,28.78636091,34196073.34,17.84706785,16.0282987,15.9559001,13.77242454,46.58185122,8.382332579,7.547149138,7.593756352,6.728617094,27.6315728
699,TSLA,Transformer,2022-09-01,2024-09-01,50,21.7146988,19.09261348,18.41061,14.87261408,39075797.82,17.20374672,15.22354314,14.61898706,11.94519218,35676773.7,8.353266561,7.190509147,7.259032044,5.732858724,48.68465335,6.883427968,5.767988114,5.973731211,4.526773787,27.62134232
700,TSLA,Transformer,2023-05-01,2025-05-01,1,30.3859508,37.38567171,27.04628351,36.91935144,58891596.86,25.24845216,32.79257038,22.51055971,31.60549427,48413859.21,9.499945877,11.93908874,8.78010638,11.74769311,30.77334495,5.812521587,5.944424014,5.344939531,6.475392629,15.69596452
701,TSLA,Transformer,2023-05-01,2025-05-01,2,33.72641362,41.33050937,29.93221696,40.69756377,57474195.19,29.08797439,37.66415313,25.63036016,36.1860682,46990739.13,10.99018216,13.79934818,10.00694286,13.53288186,29.80833017,5.868706348,5.511216085,5.517340956,6.23907437,15.56472789
702,TSLA,Transformer,2023-05-01,2025-05-01,3,27.13124899,29.6481817,26.58220487,29.63204042,56848718.81,22.92187696,24.72452166,23.43378392,25.83186859,46358322.14,8.986016171,9.204504146,9.554708588,9.919918139,29.39466138,5.615136924,5.887342948,5.110737724,5.325237007,15.61976096
703,TSLA,Transformer,2023-05-01,2025-05-01,4,24.66827022,29.54882242,23.46929888,29.59191742,57384152.05,19.59360545,23.31130045,19.64946848,23.92501644,46845067.02,7.51038589,8.479166043,7.856157033,8.952625171,29.70807833,5.409999041,6.283143549,4.869796369,6.119515883,15.65213158
704,TSLA,Transformer,2023-05-01,2025-05-01,5,28.77489505,28.40755884,28.73857429,29.44209221,57361112.24,24.12831867,24.69396501,24.81721097,26.4257095,46913513.87,9.580985639,9.307593044,10.27109862,10.31844265,29.77712833,6.521756427,5.320174405,6.362628167,5.193539394,15.48531469
705,TSLA,Transformer,2023-05-01,2025-05-01,6,30.29168322,36.88077499,27.66647247,37.21607606,57731973.26,24.44041433,31.12159444,22.23002251,30.96231554,47131295.39,9.19090317,11.27895079,8.664400585,11.47516592,29.89027414,6.154014588,6.619206886,5.947563678,7.03344803,15.78359123
706,TSLA,Transformer,2023-05-01,2025-05-01,7,26.32173046,32.49072523,23.90690114,31.64925261,60535700.78,21.33091522,27.20872475,19.35329252,26.20447528,50303440.23,8.053719212,9.860068929,7.595997754,9.730858487,32.11374786,5.313371189,5.970444164,5.133983499,6.086497345,15.58773585
707,TSLA,Transformer,2023-05-01,2025-05-01,8,30.76151321,37.9495967,26.94044195,37.03512656,58179600.85,26.13642802,34.08135852,22.78566327,32.45635771,47683531.29,9.855903449,12.45550686,8.892619721,12.10772318,30.27835924,5.599110895,5.492308756,5.136907575,6.028904608,15.65883661
708,TSLA,Transformer,2023-05-01,2025-05-01,9,33.30982696,40.85008446,29.83419388,40.3266612,57163508.74,28.31582011,36.82142428,25.14155547,35.4436378,46601472.73,10.67322101,13.46256327,9.791810056,13.22602188,29.53704985,6.041201848,5.772296032,5.74988129,6.459688031,15.66187756
709,TSLA,Transformer,2023-05-01,2025-05-01,10,40.641923,48.05602894,36.54096174,48.34924357,56333148.13,34.75080823,43.66080191,31.17506203,42.6396294,45540711.07,13.15175507,16.03289625,12.19041466,15.97532598,28.77095904,7.286945497,6.495005307,6.789599643,7.647251427,15.81418437
710,TSLA,Transformer,2023-05-01,2025-05-01,11,37.45935357,45.47416725,33.10412715,45.13620463,58030270.9,32.57435286,41.9005254,28.66697349,40.54790444,47437129.54,12.32781168,15.39007005,11.20626452,15.20423129,30.08502504,6.380317528,5.651666748,5.888915654,6.588854916,15.75839717
711,TSLA,Transformer,2023-05-01,2025-05-01,12,26.67535173,33.71911924,23.87821811,33.38163811,57763985.46,22.31266889,29.47768645,19.87638899,28.55528569,47250646.66,8.420126468,10.73425163,7.776887618,10.61998388,29.97594079,4.994569134,5.441150228,4.74114774,5.889766708,15.63153001
712,TSLA,Transformer,2023-05-01,2025-05-01,13,27.75591051,30.36845438,27.06659535,29.75119295,57176449.2,22.73196419,23.85702888,23.59448295,23.9516613,46426042.62,8.919750665,8.910649839,9.576848104,9.239488896,29.35408121,6.097976365,6.779443366,5.291978205,6.533867268,15.91558056
713,TSLA,Transformer,2023-05-01,2025-05-01,14,34.12342093,40.45946106,30.52776873,40.4778975,57427213.76,27.82990403,34.56948847,24.7871742,33.95606621,46780418.14,10.47202324,12.55830373,9.656553457,12.60811363,29.62537705,6.77019019,6.989563576,6.381617842,7.457269189,15.78323368
714,TSLA,Transformer,2023-05-01,2025-05-01,15,34.33762804,41.39441309,30.85748184,41.56199674,56495370.61,28.71880699,36.47809136,25.71711827,35.73733906,45860994.22,10.83321694,13.31338978,10.03373142,13.3179775,29.02587867,6.423558425,6.416873943,6.055409404,7.13146525,15.63419631
715,TSLA,Transformer,2023-05-01,2025-05-01,16,24.89625665,30.33624554,23.23205195,30.23481589,58093211.75,19.33986771,24.34973954,18.85259394,24.58092093,47682317.89,7.356758271,8.832821396,7.495080425,9.162280602,30.30080501,5.579015155,6.186744088,5.100655423,6.125204018,15.55950461
716,TSLA,Transformer,2023-05-01,2025-05-01,17,35.55978783,43.36299671,31.88595971,43.50356197,57930073.77,30.61358881,39.50048815,27.27633974,38.62546037,47325852.36,11.56821675,14.47742699,10.64834735,14.45081796,30.01423099,6.195763377,5.761995525,5.868506518,6.678034857,15.77004072
717,TSLA,Transformer,2023-05-01,2025-05-01,18,32.43270265,39.95803026,28.62440294,39.58239509,57664199.28,27.83675406,36.2134372,24.34089735,35.04713613,47111277.3,10.51132721,13.25470016,9.498372537,13.0973006,29.87064592,5.708638668,5.490327137,5.377902973,6.162910754,15.67542643
718,TSLA,Transformer,2023-05-01,2025-05-01,19,40.26465818,48.18791806,35.96156404,47.30197344,58168507.7,35.74606433,44.85125555,31.62504332,43.11099767,47620873.27,13.57601988,16.50366629,12.39063963,16.20881788,30.2216216,6.343536086,5.599628632,6.098379085,6.392872001,15.72514443
719,TSLA,Transformer,2023-05-01,2025-05-01,20,32.17979795,39.13715016,28.58925507,38.69807447,59485130.48,27.31599561,34.99492855,24.10953881,33.75930886,49043900.16,10.30383341,12.78157216,9.404037018,12.5877673,31.20278908,5.8144682,5.730070524,5.468939386,6.352256122,15.72652556
720,TSLA,Transformer,2023-05-01,2025-05-01,21,45.61488228,53.92872042,40.71051984,53.07312775,57559720.86,40.80865445,50.29990673,36.08790097,48.54815346,47008393.64,15.54855786,18.54594102,14.18149712,18.30193157,29.82441691,6.954560066,6.209844831,6.682128705,7.014457436,15.69838709
721,TSLA,Transformer,2023-05-01,2025-05-01,22,27.05380563,32.33382628,25.4120271,32.06376462,57324091.88,21.68754295,26.15381905,21.17685743,26.15984434,46844646.78,8.293233504,9.543541517,8.428410214,9.788879496,29.72914374,5.791808077,6.567336859,5.245984199,6.499956894,15.60120827
722,TSLA,Transformer,2023-05-01,2025-05-01,23,27.58661841,31.33254789,26.92115373,31.45881005,56527876.43,23.15071893,25.91072688,23.98588301,26.90028002,45874148.63,8.968427949,9.524212184,9.682360015,10.18702961,29.03960525,5.551628991,6.153474951,4.775858765,5.759499207,15.65615998
723,TSLA,Transformer,2023-05-01,2025-05-01,24,45.73882909,51.07408196,40.68662335,52.50319064,58269605.19,40.3860028,47.08929554,35.47555507,47.4624398,47744127.59,15.35905261,17.31957616,13.9058821,17.85431376,30.31732155,7.356326767,6.3338355,7.109183528,7.396303163,15.71410682
724,TSLA,Transformer,2023-05-01,2025-05-01,25,35.90989971,43.20171719,32.24481713,43.01085042,57633082.82,30.59801406,38.89139071,27.31701068,37.65082529,47033666.31,11.56296881,14.24171794,10.66656326,14.06865356,29.82040248,6.424175538,6.100001393,6.078780927,6.952789303,15.75396837
725,TSLA,Transformer,2023-05-01,2025-05-01,26,40.53566303,48.72093021,36.34953937,47.93482807,58106770.73,35.94776074,45.40248194,32.02306404,43.67873268,47560165.83,13.65704523,16.71913519,12.55650079,16.43129271,30.18597337,6.431197164,5.614039042,6.126916757,6.501522718,15.72633752
726,TSLA,Transformer,2023-05-01,2025-05-01,27,23.61277038,29.4309602,21.87151788,28.70262001,57561179.74,18.49550847,23.90479726,17.22705097,23.36397707,46977871.12,7.08640355,8.741557049,6.882177874,8.755516037,29.78450923,5.269510256,5.914956447,5.099211441,5.854526099,15.72374347
727,TSLA,Transformer,2023-05-01,2025-05-01,28,39.26638389,46.77087015,35.54988229,46.90393256,57745361.17,33.90645165,42.80519296,30.62745896,41.81426337,47286882.31,12.82694288,15.71197367,11.97220347,15.66763458,30.02214328,6.823006569,6.052410974,6.415992139,7.080629227,15.5740648
728,TSLA,Transformer,2023-05-01,2025-05-01,29,25.58278973,30.65335527,24.17830581,30.35845435,58500964.94,20.17362523,24.20085644,20.07063934,24.46754811,48137371.57,7.720362868,8.80858039,8.018059669,9.159186877,30.61048423,5.647467398,6.508945267,5.08965121,6.329822438,15.56759159
729,TSLA,Transformer,2023-05-01,2025-05-01,30,25.26021098,31.24856783,23.37883417,31.18781115,58501770.39,19.9723006,25.68875915,18.80484077,25.53124587,48078339.87,7.562211921,9.309190185,7.414683844,9.483430615,30.56121853,5.416257624,6.029540489,5.136236242,6.198932079,15.61030761
730,TSLA,Transformer,2023-05-01,2025-05-01,31,44.34638195,52.20908815,39.7815589,52.24616637,56617416.41,38.0940323,47.59131078,33.99389494,46.31379387,45757011.15,14.44705865,17.51065665,13.30821757,17.39336269,28.89827268,7.881181708,6.965637006,7.40228827,8.100775865,15.93524898
731,TSLA,Transformer,2023-05-01,2025-05-01,32,30.77053061,37.49467379,26.93272989,36.91696022,58222728.46,26.02007238,33.25354657,22.67203405,31.94593776,47664134.89,9.816321468,12.13119288,8.855931439,11.8996991,30.25416859,5.608654216,5.692936403,5.17381698,6.241620473,15.72891159
732,TSLA,Transformer,2023-05-01,2025-05-01,33,36.95889643,44.95767745,32.31487487,44.45414386,57744879.88,32.14012402,41.44794857,27.91197085,40.01381915,47141144.84,12.15923045,15.22040327,10.90353766,15.00439972,29.88518418,6.30184799,5.582363227,5.80512992,6.423106307,15.77607393
733,TSLA,Transformer,2023-05-01,2025-05-01,34,32.8072557,40.60995026,28.86857694,40.38741615,58290652.99,28.01569492,36.85866486,24.43859799,35.7621941,47757811.05,10.56642862,13.49243419,9.524478543,13.36287525,30.31857095,5.895369444,5.548499387,5.503924121,6.298369891,15.70808386
734,TSLA,Transformer,2023-05-01,2025-05-01,35,27.4097455,30.44381321,26.76444051,31.42884731,57950924.36,22.0251098,24.84547686,23.45453329,26.73984081,47408871.22,8.482833371,9.068069317,9.454050002,10.10026821,30.05456142,5.988363526,5.967643436,5.0552669,5.699034169,15.70269212
735,TSLA,Transformer,2023-05-01,2025-05-01,36,41.59505727,49.34028578,37.46354239,48.6021924,57809595.95,36.46606185,45.65092181,32.66870837,43.82907409,47055473.77,13.84048697,16.80144805,12.80023856,16.46875196,29.78187531,6.901354457,5.985705925,6.545784267,6.967513001,15.92223085
736,TSLA,Transformer,2023-05-01,2025-05-01,37,42.32976791,50.30323848,37.87375711,49.99535273,57231070.48,37.57636855,46.81365611,33.32888371,45.56782925,46615183.69,14.2906251,17.24530641,13.07524713,17.15882923,29.53040791,6.687409324,5.88021441,6.415030211,6.763120579,15.72321003
737,TSLA,Transformer,2023-05-01,2025-05-01,38,26.46012216,32.96246343,23.73171938,32.73616721,57431969.79,21.83746982,28.42068872,19.53089212,27.74707464,46830064.11,8.233303319,10.32692969,7.643198515,10.30979693,29.68896903,5.109214094,5.552379862,4.856944048,5.890056096,15.69349374
738,TSLA,Transformer,2023-05-01,2025-05-01,39,31.28793233,38.35744997,28.25951379,37.54159323,59329889.44,26.02556683,33.64313586,23.56657179,32.13204451,49081557.03,9.79251916,12.24882758,9.187513721,11.94311225,31.27968368,5.976813246,6.106259224,5.5597535,6.596495922,15.46389941
739,TSLA,Transformer,2023-05-01,2025-05-01,40,30.76719605,37.89752858,27.9026554,37.75692626,57236698.32,25.81101315,33.46407297,23.42884813,32.6157103,46464336.61,9.730981411,12.20125536,9.148021031,12.14720616,29.37698066,5.720298799,5.85150064,5.390068747,6.410485185,15.86711065
740,TSLA,Transformer,2023-05-01,2025-05-01,41,24.64520619,26.84727415,24.52123173,27.42772611,57248190.61,20.40120039,22.45543152,21.47292446,23.89741825,46789795.76,7.984471347,8.310618341,8.778654584,9.141725502,29.69497303,5.3629999,5.183804887,4.930184866,4.856893645,15.5677486
741,TSLA,Transformer,2023-05-01,2025-05-01,42,31.5428643,38.10023812,28.49789309,38.19453018,56808597.49,25.86097052,32.90859343,23.34643919,32.39597188,46223208.82,9.749409241,11.98139726,9.11750143,12.05932146,29.27238648,6.192509687,6.356302729,5.856656494,6.810726207,15.6459589
742,TSLA,Transformer,2023-05-01,2025-05-01,43,23.40923531,26.58003298,22.86490271,26.50344915,57664570.37,18.96240649,21.34380966,19.54141706,22.25898087,47165843.68,7.391269313,7.881773183,7.948835642,8.487988753,29.96554818,5.200182144,5.616417844,4.76642433,5.204195705,15.62730052
743,TSLA,Transformer,2023-05-01,2025-05-01,44,47.12839083,55.12899927,41.35517534,54.28514515,59553440.74,42.60510345,51.77542003,37.05006369,50.08106899,49142980.23,16.27171419,19.12248694,14.58983398,18.9185781,31.27752341,6.87474783,6.032398822,6.513148526,6.841558238,15.67466254
744,TSLA,Transformer,2023-05-01,2025-05-01,45,24.97858943,29.27620693,23.91460536,28.74398187,57401943.91,20.17883179,23.55323157,19.9501788,23.41587131,46595538.39,7.822900604,8.67565213,8.055486315,8.868048235,29.47891422,5.449509527,6.107061666,5.124285648,5.987351866,15.82487964
745,TSLA,Transformer,2023-05-01,2025-05-01,46,40.70458319,47.60271462,36.26809043,45.88566502,60999243.09,35.226212,43.59866088,31.26319263,40.68238017,50644369.05,13.34794684,16.02042676,12.23396436,15.23578647,32.316913,7.042682253,6.14317749,6.545050691,7.098800761,15.77025409
746,TSLA,Transformer,2023-05-01,2025-05-01,47,29.18527947,29.21686894,29.51602613,31.05813282,57104995.31,24.58324458,25.59069222,25.56219349,27.49580005,46601664.38,9.656533653,9.520319114,10.50659923,10.61370166,29.53076506,6.335117692,5.003749345,6.411307592,5.43741094,15.60450811
747,TSLA,Transformer,2023-05-01,2025-05-01,48,25.27721014,26.62237272,25.0248943,28.48743924,57727819.67,20.11850217,21.81767438,21.1639028,23.96098466,47388891.16,7.804202333,7.989255976,8.615068078,9.124230154,30.10738468,5.863051466,5.168917786,5.577816915,5.518936014,15.43585144
748,TSLA,Transformer,2023-05-01,2025-05-01,49,25.35037346,30.99671009,23.66330968,30.5123411,58633682.71,19.84171897,24.91014512,18.86906365,24.73188656,48203007.56,7.589072416,9.09480449,7.513522954,9.25690317,30.64384771,5.655808581,6.367489548,5.363320976,6.280189204,15.62618689
749,TSLA,Transformer,2023-05-01,2025-05-01,50,34.48977726,42.32115337,30.12636134,41.93056672,57651301.91,29.60585953,38.63186351,25.66529381,37.28271305,47083048.45,11.1742117,14.15681388,10.00801398,13.9425541,29.85600317,6.113624398,5.589250315,5.635986293,6.425725933,15.73038986
750,TSLA,Transformer,2024-01-01,2026-01-01,1,69.06905302,54.49013901,61.68199304,61.65865796,26543170.65,60.76218553,45.11746123,52.60576362,52.70765655,22806914.95,13.17758922,9.569298778,11.53937352,11.39487282,38.23716977,6.49664628,6.122545405,6.654576948,6.568614861,34.42346497
751,TSLA,Transformer,2024-01-01,2026-01-01,2,83.01767893,69.1587916,72.64044864,71.25274764,26436933.52,74.9210868,59.77944843,63.57845313,62.07756462,22960186.61,16.27603897,12.70462898,13.96626709,13.41868282,38.26462145,6.981695428,6.901174958,7.211623487,7.132321601,33.74877218
752,TSLA,Transformer,2024-01-01,2026-01-01,3,91.79806177,77.26962614,83.47227704,84.82607145,29533201.75,83.06883711,67.69815789,73.9510683,75.16628715,24882839.99,18.05148089,14.41380258,16.27304711,16.28782272,42.39716631,7.71717076,7.425925099,7.993202853,8.054327548,38.41450342
753,TSLA,Transformer,2024-01-01,2026-01-01,4,76.56941494,61.43164367,68.98914849,69.09605416,27547530.27,69.31072655,53.3337331,60.90687277,60.98716068,23635078.05,15.06537419,11.34271545,13.39788634,13.20858009,39.76667234,6.34948571,6.025974025,6.640637555,6.607738536,35.53099515
754,TSLA,Transformer,2024-01-01,2026-01-01,5,50.41161969,34.21902005,43.83510702,42.43616607,26869418.88,46.14758741,29.2131796,38.69191671,37.37459516,23103035.37,10.06536483,6.216566376,8.523468166,8.104457436,38.77416861,3.876621231,3.479641307,4.197188635,4.063604059,34.70737002
755,TSLA,Transformer,2024-01-01,2026-01-01,6,46.81797567,31.53718553,39.55853784,37.59342594,29459487.45,40.75258025,24.41235076,33.25935514,31.73440571,24691681.67,8.808848618,5.135986547,7.270827369,6.840996314,42.16122043,4.534410459,3.992281681,4.385456345,4.049221953,38.55474382
756,TSLA,Transformer,2024-01-01,2026-01-01,7,139.9008867,128.2621236,129.7330859,134.2576927,27877774.02,122.5113298,109.2056754,111.811281,115.6764763,23904187.01,26.49724625,23.17961955,24.51652037,24.98955084,40.24556392,13.6477687,13.62751238,13.72959615,14.11187266,35.96193362
757,TSLA,Transformer,2024-01-01,2026-01-01,8,83.30435179,68.47505417,75.09184804,75.69116703,29219603.17,76.59863317,61.25975483,67.5146869,68.08908923,24996315.1,16.69418507,13.0845064,14.89439279,14.78961998,42.13945168,6.456516174,6.092740126,6.81373537,6.803508975,37.03841658
758,TSLA,Transformer,2024-01-01,2026-01-01,9,78.82810543,63.52134461,71.23705076,71.14609784,27409608.24,71.3611153,55.50678111,62.9155216,62.89870921,23605408.05,15.52148003,11.82758723,13.84992339,13.63696361,39.59492174,6.597087671,6.151049078,6.901965624,6.828403776,35.21614635
759,TSLA,Transformer,2024-01-01,2026-01-01,10,82.26016118,67.704055,74.42705245,74.53390589,29176133.69,74.89900287,59.7042218,66.22647748,66.36639371,24748427.54,16.2869327,12.71634598,14.57691123,14.38266295,41.93540923,6.687041939,6.30606214,7.009324103,6.911339688,37.59000946
760,TSLA,Transformer,2024-01-01,2026-01-01,11,79.05139225,64.10704371,71.28209828,70.67010905,28323703.35,70.85603153,55.12479927,62.30457297,61.81577588,24114148.9,15.3869688,11.72119232,13.69410524,13.38216521,40.79496885,6.915765738,6.527771994,7.147950442,7.023772342,36.81556188
761,TSLA,Transformer,2024-01-01,2026-01-01,12,90.68012754,77.94343656,82.59745681,83.76932442,32370994.42,82.75947241,69.30114475,73.93974969,74.96321104,27092956.04,18.00835533,14.78412006,16.29551373,16.26458746,46.37114481,7.32857833,7.112763071,7.617393251,7.672285908,41.61965151
762,TSLA,Transformer,2024-01-01,2026-01-01,13,159.1597748,149.6645155,136.7340057,136.3716005,29316661.96,137.2340809,125.1906006,117.1251925,117.1710209,24795979.2,29.62052886,26.51938275,25.66107925,25.30179424,42.11556402,16.34601912,16.66362271,14.72706941,14.44367572,37.94750864
763,TSLA,Transformer,2024-01-01,2026-01-01,14,85.52457027,70.97184147,77.59543109,77.61316667,26730069.99,76.76137266,61.42561066,68.02452808,68.13590049,23117205.44,16.65681463,13.05523757,14.9426682,14.7420124,38.65020485,7.43941169,7.060939121,7.701407663,7.588733019,34.32826392
764,TSLA,Transformer,2024-01-01,2026-01-01,15,55.91692866,41.30474668,49.18762685,48.20762225,26538761.86,49.18996499,32.97691441,41.81652232,40.7135541,22953963.91,10.65577425,6.956504972,9.158186891,8.775343654,38.37694061,5.172677643,4.908870367,5.275007923,5.191362146,34.00969978
765,TSLA,Transformer,2024-01-01,2026-01-01,16,107.3033789,93.4266403,97.94491475,99.81780042,30785440.92,97.3041808,82.42051345,87.18130028,88.7619628,26010299.06,21.1480782,17.55945211,19.19336604,19.23607414,44.28908022,9.019277257,8.80954087,9.271264288,9.385307356,39.29884022
766,TSLA,Transformer,2024-01-01,2026-01-01,17,86.58856726,71.99315829,78.03876474,78.94637456,31392181.06,77.81235318,62.40905154,68.55218547,69.38052937,26445950.21,16.89606356,13.27556328,15.07057259,15.02220665,45.10854908,7.512622224,7.165313218,7.70663536,7.731251563,40.44870584
767,TSLA,Transformer,2024-01-01,2026-01-01,18,65.60230489,50.31113685,58.93221157,58.18849925,26271528.44,58.04530462,41.81686923,50.80944387,50.1533445,22785183.65,12.56529199,8.842954044,11.13296339,10.82234507,37.98903984,6.002573595,5.519686408,6.116557459,5.945622445,33.62533336
768,TSLA,Transformer,2024-01-01,2026-01-01,19,111.2671261,98.17732169,102.4605654,104.0333449,27061540.57,96.90853528,82.34695714,87.46476497,88.7340611,23298625.02,20.94869206,17.45121846,19.15787268,19.14806644,39.09235191,10.97843132,10.79011023,11.09746245,11.2144106,34.85026141
769,TSLA,Transformer,2024-01-01,2026-01-01,20,133.2015326,120.7934062,122.715368,126.0872619,31783815.04,116.7094009,102.8215697,105.7790265,108.6341291,26629902.32,25.24138369,21.81993206,23.19075584,23.46274729,45.44411321,12.95495331,12.82516692,12.97382197,13.24277297,40.59213885
770,TSLA,Transformer,2024-01-01,2026-01-01,21,90.79117424,76.12539678,82.62769358,83.06497579,27321625.47,82.28087012,66.90778124,73.27425219,73.74216088,23492148.08,17.8963676,14.26493342,16.13715102,15.99559223,39.4497053,7.600356018,7.266805261,7.904104481,7.86790932,35.31904228
771,TSLA,Transformer,2024-01-01,2026-01-01,22,84.9958048,70.35672712,76.73451541,77.01748591,29963202.73,77.47652985,62.19950588,68.3997401,68.69070538,25371288.85,16.86210598,13.26521414,15.07051666,14.90308932,43.08570692,6.890195688,6.54979531,7.188906299,7.152264762,38.6071168
772,TSLA,Transformer,2024-01-01,2026-01-01,23,94.20737918,80.12273197,85.58755523,86.05441288,27598239.02,84.03441694,68.99164314,74.69283519,75.15906365,23654358.9,18.21242423,14.64830606,16.39224679,16.24561009,39.78411343,8.448257111,8.117689254,8.640903739,8.56714941,35.53945097
773,TSLA,Transformer,2024-01-01,2026-01-01,24,70.52423647,55.89599918,63.86704409,63.36836625,27055987.22,62.01553667,46.31861836,54.54058832,54.20032694,23281051.99,13.43375825,9.810181482,11.9526376,11.70422324,39.06718064,6.63091508,6.247647298,6.851478857,6.711891566,34.83498385
774,TSLA,Transformer,2024-01-01,2026-01-01,25,67.77428587,53.02815577,60.89559852,60.25819083,27147351.69,59.05007472,43.26986141,51.4940539,51.10075941,23496179.13,12.78257364,9.15845041,11.27834682,11.03339471,39.2645127,6.605614492,6.154758664,6.720677045,6.547130375,34.65289853
775,TSLA,Transformer,2024-01-01,2026-01-01,26,75.13215671,60.12282263,67.73100407,67.58053471,27673275.47,68.81354066,53.34267449,60.51248472,60.48435872,23844496.73,14.98168338,11.37398082,13.33071417,13.12136681,39.98292082,5.900556674,5.466905816,6.275426928,6.146483126,35.6377263
776,TSLA,Transformer,2024-01-01,2026-01-01,27,81.92435373,67.15674392,74.0534468,73.69703978,29773169.71,74.00103758,58.55715912,65.31956907,65.10787508,25234090.24,16.07228792,12.45534882,14.35962209,14.09665643,42.82482618,6.913677981,6.50946492,7.192826009,7.036708196,38.31191848
777,TSLA,Transformer,2024-01-01,2026-01-01,28,71.72791811,56.82599769,64.18647024,63.60531514,27128939.39,64.51158662,48.83248532,56.16211414,55.72564888,23314731.46,14.01529069,10.3801185,12.34408901,12.0636904,39.14900774,6.143529686,5.764776337,6.392115326,6.259639379,35.05684333
778,TSLA,Transformer,2024-01-01,2026-01-01,29,84.302649,69.28355964,75.55576735,76.08784473,33252131.44,76.86742295,61.25447961,67.38385596,67.84604132,27878096.71,16.72584405,13.05886358,14.84355402,14.71435803,47.70690434,6.824650038,6.440154614,7.06694984,7.069124326,42.43344461
779,TSLA,Transformer,2024-01-01,2026-01-01,30,111.7682119,98.31941976,102.0216353,104.4084765,33877831.08,100.480556,85.98916983,90.08001738,92.06517622,28254090.87,21.80550322,18.29621837,19.80500918,19.92633992,48.45323895,9.784775655,9.553061542,9.952249632,10.12842263,43.00007371
780,TSLA,Transformer,2024-01-01,2026-01-01,31,79.1561821,64.26460414,71.6262524,71.56885562,28805310.91,72.12892573,56.30902395,63.66923738,63.58163499,24636376.21,15.69471371,11.98972511,14.02029371,13.78376734,41.54671823,6.360112879,6.138168857,6.733706978,6.697024751,37.04141001
781,TSLA,Transformer,2024-01-01,2026-01-01,32,68.87468869,54.11787595,61.50417485,61.10613117,28477852.94,61.85769628,46.20029394,53.68743617,53.35889341,24379528.03,13.42808568,9.804415395,11.78868906,11.53767993,41.07680733,5.901570231,5.553817013,6.146464172,6.035722583,36.73146691
782,TSLA,Transformer,2024-01-01,2026-01-01,33,85.71468849,71.74520945,77.30259461,78.2002933,27417281.02,74.45747216,59.28526572,65.48571299,66.35022379,23338753.93,16.09494361,12.54866147,14.33313335,14.31437733,39.41667377,8.488956278,8.136975821,8.522715345,8.516002974,35.61370478
783,TSLA,Transformer,2024-01-01,2026-01-01,34,113.365207,100.1869826,103.7424825,106.0034922,36060902.4,101.6706415,87.29225833,91.38672565,93.2681553,30168987.67,22.05679521,18.56706079,20.08721852,20.18450796,51.4177712,10.01648659,9.863081266,10.19040232,10.36030976,44.9331696
784,TSLA,Transformer,2024-01-01,2026-01-01,35,86.65669524,72.63382879,79.43882474,80.10498537,30202122.39,77.07688478,62.0536528,69.06048517,69.68579911,25477686.16,16.69819404,13.16310758,15.14915885,15.05622897,43.40795762,7.854917909,7.530187711,8.117198036,8.077873949,39.14609905
785,TSLA,Transformer,2024-01-01,2026-01-01,36,60.19337745,45.82439059,53.22256523,52.38304149,26937415.11,51.52541145,35.76074564,43.96595569,43.38423561,23196086.87,11.14376838,7.549946577,9.61621975,9.356173388,38.88876818,6.19006686,5.77015502,6.200851603,6.016252275,34.67717481
786,TSLA,Transformer,2024-01-01,2026-01-01,37,72.49528278,56.59446262,65.06640454,64.274236,27204276.97,65.73238918,49.38334437,57.44725994,56.86209719,23481748.2,14.30205554,10.52148199,12.64634046,12.32977968,39.31414095,6.002707026,5.491238851,6.304294254,6.141851721,34.91947266
787,TSLA,Transformer,2024-01-01,2026-01-01,38,133.5069465,120.5964932,122.5617372,125.9112248,27971782.96,117.0936638,102.8155734,105.6983566,108.5208595,23930298.02,25.32759396,21.82280372,23.17370179,23.43843579,40.333046,12.94860349,12.75107654,12.94802043,13.21882318,36.09263046
788,TSLA,Transformer,2024-01-01,2026-01-01,39,72.88201452,58.45833273,65.16840384,64.19270318,26517647.59,63.32617446,47.77708781,55.14277164,54.40430008,22984717.04,13.67837627,10.08873832,12.05780849,11.72293095,38.34615567,7.154788099,6.723528732,7.15616768,6.930959013,33.85149958
789,TSLA,Transformer,2024-01-01,2026-01-01,40,81.40060068,66.40485826,72.76756502,73.56562284,26299730.19,74.05431863,58.46685537,64.71347105,65.43869865,22856305.64,16.10156752,12.45071561,14.24341582,14.17974787,38.05222325,6.655219789,6.216680386,6.869881752,6.841610199,33.67535425
790,TSLA,Transformer,2024-01-01,2026-01-01,41,92.35073131,78.02792225,84.00092865,84.80059234,27521363.23,84.14863143,69.06290803,74.94907962,75.63945783,23712497.52,18.30598731,14.7239422,16.50925103,16.40351973,39.77823116,7.533352939,7.24747122,7.857765826,7.876822908,35.41673368
791,TSLA,Transformer,2024-01-01,2026-01-01,42,115.3709057,102.7299707,102.5851645,103.0396648,27160442.03,105.5553709,91.74004834,91.81034395,91.87139855,23412736.96,22.97941245,19.58653794,20.23365819,19.92321659,39.24574298,9.177519251,9.198668656,9.428975154,9.548849651,34.91035015
792,TSLA,Transformer,2024-01-01,2026-01-01,43,92.02347795,77.69535352,83.01638045,84.85914723,27946388.91,83.33538389,68.14215433,73.61411538,75.15827663,23804913.82,18.10582607,14.50379666,16.19526994,16.27714385,40.2236325,7.706787181,7.423541689,7.922712152,8.063000506,36.19329103
793,TSLA,Transformer,2024-01-01,2026-01-01,44,82.72679912,68.0758795,74.90657264,75.35656373,34096255.32,75.29745513,60.04269707,66.61472265,67.05493115,28586523.54,16.381544,12.79871787,14.66960326,14.54086841,48.94029835,6.756456514,6.38524139,7.084563872,7.060386386,43.32706047
794,TSLA,Transformer,2024-01-01,2026-01-01,45,77.3993719,62.6116324,69.54078174,69.47586438,27973797.32,68.54412427,52.83591341,59.97895909,60.03099732,23745790.99,14.85396785,11.20508701,13.15448859,12.972187,40.24305854,7.111063165,6.707818783,7.266442663,7.157295731,36.38262932
795,TSLA,Transformer,2024-01-01,2026-01-01,46,78.19831799,63.20002287,70.63148297,70.17388848,27459385.37,69.58007797,53.89437139,61.26924707,61.07721464,23755732.78,15.09117456,11.44722396,13.45021655,13.21344872,39.72675042,7.054729682,6.57638519,7.255359193,7.067245869,34.83845846
796,TSLA,Transformer,2024-01-01,2026-01-01,47,81.47222015,67.1757979,73.97198834,74.05017368,26779652.13,71.55711986,56.11037774,63.27644081,63.37858949,23080257.71,15.49962852,11.89682428,13.87314813,13.69129456,38.66096937,7.73587293,7.411529746,7.925723302,7.872557708,34.55685519
797,TSLA,Transformer,2024-01-01,2026-01-01,48,75.07040791,60.53866202,67.66882514,67.68606211,26995985.91,67.02369588,51.56917688,58.79575108,58.86324494,23262612.22,14.55580598,10.96177218,12.92062745,12.74268533,38.9707799,6.673075417,6.340919175,6.91444666,6.863073606,34.773034
798,TSLA,Transformer,2024-01-01,2026-01-01,49,73.59751831,57.88215264,65.59324605,65.07219075,27171889.05,66.94195276,50.85157038,58.10486938,57.84970687,23387934.68,14.57184975,10.84318862,12.79641658,12.55221695,39.23338992,6.008731126,5.486654386,6.289026174,6.106540473,35.13096151
799,TSLA,Transformer,2024-01-01,2026-01-01,50,63.31628854,47.7752811,56.47946794,55.76247087,27417257.44,58.51594654,42.48575658,50.73380333,50.07084536,23647968.48,12.76407449,9.066213525,11.19050215,10.87185481,39.65341789,4.668730275,4.263894691,5.097218551,4.981475988,35.18481525
800,CNQ_TO,Transformer,2022-01-01,2024-01-01,1,3.383646383,3.302087493,3.488486569,3.032522367,14739946.35,2.924468373,2.849312889,3.009717507,2.549452636,10009197.05,7.5727949,7.308438922,7.879478713,6.624266035,57.04511451,4.500915867,4.361241596,4.705676136,4.336922306,93.43240673
801,CNQ_TO,Transformer,2022-01-01,2024-01-01,2,0.935116547,1.31387988,1.008590975,1.017058802,14485554.82,0.787262963,1.108085325,0.860043025,0.881962396,9922193.672,2.034917749,2.847371633,2.244545785,2.277852339,58.18991985,1.346325993,1.868123481,1.413476398,1.345639346,95.61589125
802,CNQ_TO,Transformer,2022-01-01,2024-01-01,3,3.657652898,3.316866491,3.382327614,3.160647446,14423816.32,3.161191717,2.860326627,2.91627862,2.663999039,9892656.348,8.183449859,7.336708408,7.635610899,6.920231605,58.59808657,4.86012813,4.388888692,4.574459992,4.492203856,97.29554085
803,CNQ_TO,Transformer,2022-01-01,2024-01-01,4,3.986250968,3.78147804,3.989700591,3.536407812,14402820.76,3.451673867,3.273463321,3.449486521,2.998862939,9906499.771,8.933566364,8.39255469,9.027205551,7.786877216,59.16286633,5.26819513,4.945829975,5.348263834,4.952031854,98.3518483
804,CNQ_TO,Transformer,2022-01-01,2024-01-01,5,4.294810506,3.469333716,4.161127978,3.358521857,14740807.75,3.734444203,3.001793092,3.604764227,2.844595483,9986713.678,9.662596926,7.698852723,9.432428753,7.388520474,56.49830968,5.600328961,4.55128104,5.542714538,4.721622351,92.43504391
805,CNQ_TO,Transformer,2022-01-01,2024-01-01,6,1.641231333,1.61836424,1.734493255,1.341028644,14786925.64,1.37720691,1.365449303,1.445826077,1.115019188,10009488.22,3.578400672,3.512115714,3.799647139,2.900124957,56.46596834,2.384662471,2.292676781,2.577321646,1.993515846,92.5805699
806,CNQ_TO,Transformer,2022-01-01,2024-01-01,7,1.439792013,1.614900706,1.44937992,1.318570849,14607517.22,1.19853458,1.350577929,1.227983867,1.134098421,9985712.264,3.112801368,3.47296849,3.22091895,2.941614399,58.16269338,2.131001423,2.329005458,2.077506968,1.800591818,95.46525041
807,CNQ_TO,Transformer,2022-01-01,2024-01-01,8,1.269128699,0.838544441,1.432520942,1.271802986,15225813.96,1.054933364,0.628312967,1.221778121,1.05817459,10222368.27,2.686299294,1.576617331,3.148478893,2.694435363,55.51758743,1.764560618,1.367931759,1.884389322,1.756952315,89.42009557
808,CNQ_TO,Transformer,2022-01-01,2024-01-01,9,3.810920135,3.49462526,3.796387489,3.220261724,14413141.72,3.302937403,3.027616749,3.285377331,2.722449299,9899044.679,8.548611257,7.763167402,8.59753971,7.071032624,58.87881049,5.019360389,4.559907669,5.070080835,4.542385607,97.7940754
809,CNQ_TO,Transformer,2022-01-01,2024-01-01,10,2.077362566,2.139753653,2.132365079,1.840831986,14473089.89,1.760362568,1.810575057,1.797001588,1.513165417,9905800.496,4.569282815,4.654364397,4.717601222,3.939278078,58.18157844,2.935063695,2.991323752,3.078600268,2.782783162,96.2133896
810,CNQ_TO,Transformer,2022-01-01,2024-01-01,11,1.943476563,1.904140584,1.84390675,1.585851724,14466425.13,1.626009262,1.599379319,1.527030426,1.306015054,9925541.704,4.223434278,4.113527978,4.01293392,3.398794548,58.65439271,2.831819174,2.715673408,2.773446392,2.394869834,96.83856591
811,CNQ_TO,Transformer,2022-01-01,2024-01-01,12,0.75892443,0.807355238,0.811930673,0.79944953,14710668.43,0.648681237,0.688547662,0.659379001,0.639633021,10010383.71,1.650806174,1.756689754,1.691988222,1.624797711,57.56133203,0.981145822,1.095884037,1.188316559,1.190458607,94.70753001
812,CNQ_TO,Transformer,2022-01-01,2024-01-01,13,1.435517903,1.832655303,1.451076754,1.417268464,14631359.55,1.192772994,1.544510199,1.221070383,1.188061119,9977277.795,3.099746984,3.971829323,3.20627232,3.088724121,57.6302945,2.134607953,2.592740278,2.118129964,2.064590878,94.50729838
813,CNQ_TO,Transformer,2022-01-01,2024-01-01,14,1.457926751,1.185082574,1.373387546,1.668305016,14995628.09,1.226759749,0.972236606,1.133171053,1.448168266,10089435.98,3.130288158,2.453119585,2.916354213,3.702250755,55.63266198,1.993776027,1.694643965,1.978086493,2.101298104,90.78490148
814,CNQ_TO,Transformer,2022-01-01,2024-01-01,15,2.58427096,2.614300237,2.628627482,2.29157634,14446653.75,2.216696098,2.231293764,2.244811144,1.897564346,9900585.203,5.746579557,5.730268866,5.885338789,4.937099825,58.44877831,3.529986604,3.568541948,3.665420693,3.402910833,96.82897978
815,CNQ_TO,Transformer,2022-01-01,2024-01-01,16,2.78931556,2.047497019,3.138855552,2.676831807,14904574.29,2.216954059,1.57120377,2.52622297,2.186999779,10032718.7,5.681536945,3.982542718,6.540417652,5.610238059,55.57897971,4.329631925,3.330490744,4.806735907,3.963576352,91.34320147
816,CNQ_TO,Transformer,2022-01-01,2024-01-01,17,3.84138064,3.350831544,3.797609756,3.120256143,14497745.97,3.318198778,2.885855771,3.275478631,2.624962081,9928634.293,8.588442897,7.402103256,8.572100294,6.819298376,58.48443231,5.107008184,4.448622793,5.119684695,4.454534761,96.87238287
817,CNQ_TO,Transformer,2022-01-01,2024-01-01,18,3.998853962,3.740691286,4.130143185,3.488820308,14538694.34,3.445687713,3.221471518,3.555416536,2.937774435,9943438.306,8.918279062,8.260322131,9.302988129,7.629369027,58.2363159,5.351478642,4.960833364,5.591772215,4.963450534,96.4059368
818,CNQ_TO,Transformer,2022-01-01,2024-01-01,19,2.737799772,2.960984622,2.799272698,2.649034178,14439085.74,2.282428375,2.483647865,2.325759594,2.152430276,9907728.526,5.921950707,6.380140295,6.102231293,5.60137972,58.66212475,3.998969533,4.206958762,4.153735834,4.071915853,97.07980652
819,CNQ_TO,Transformer,2022-01-01,2024-01-01,20,3.748543082,3.488305749,3.80974752,3.281940581,14416117.37,3.266522097,3.038611635,3.312868315,2.790243208,9903400.539,8.453951715,7.790459816,8.668943164,7.246115837,58.90975507,4.862493378,4.48154463,5.019602617,4.567157832,97.79846975
820,CNQ_TO,Transformer,2022-01-01,2024-01-01,21,1.308775969,1.001768954,1.447661531,1.511466881,14696957.92,1.08122716,0.772545168,1.231329066,1.316126074,10033321.5,2.747684503,1.939027449,3.164477599,3.352990142,57.53228007,1.842663485,1.571974212,1.910911551,1.851068304,92.52107294
821,CNQ_TO,Transformer,2022-01-01,2024-01-01,22,3.166862027,3.11892386,3.047908043,2.827672903,14527076.81,2.737436638,2.689261277,2.62312127,2.37264261,9944150.649,7.090646081,6.900134908,6.872410994,6.167505084,58.34523577,4.220140541,4.134842035,4.155204623,4.070042966,96.29597831
822,CNQ_TO,Transformer,2022-01-01,2024-01-01,23,1.22120429,0.788786701,1.345896722,1.19209371,14682036.19,0.995158857,0.678046965,1.10442891,1.017592998,10006239.49,2.530936676,1.711530894,2.838485698,2.589596012,57.88361894,1.787954822,0.99491769,1.95853772,1.556160786,95.57593569
823,CNQ_TO,Transformer,2022-01-01,2024-01-01,24,5.019977804,4.203168952,4.852515476,4.011286395,14148771.22,4.34651033,3.640788655,4.194770746,3.405732381,9896272.263,11.24064677,9.330121403,10.96865073,8.838443821,61.66474534,6.60660626,5.476184486,6.478809785,5.585681246,102.8966356
824,CNQ_TO,Transformer,2022-01-01,2024-01-01,25,2.941775943,2.658136354,2.889303628,2.259835379,14597591.82,2.508032288,2.249278233,2.452478257,1.852390564,9956518.834,6.500223562,5.777802095,6.428482766,4.82063276,57.58523471,4.068868065,3.70322503,4.078834529,3.422628192,94.53444032
825,CNQ_TO,Transformer,2022-01-01,2024-01-01,26,5.619102811,4.745012385,5.700043716,4.761474509,14667172.7,4.842247185,4.089421972,4.902963896,4.036250178,9974908.214,12.52382402,10.48033944,12.82056229,10.47332175,57.25282906,7.496726615,6.272968156,7.717788168,6.655216504,94.44833093
826,CNQ_TO,Transformer,2022-01-01,2024-01-01,27,3.468412282,3.513724759,3.510204517,3.281227799,14486386.58,2.997705254,3.037730899,3.028558324,2.76619115,9926736.03,7.762057286,7.789933688,7.928896367,7.185341643,58.51854012,4.611971648,4.613000044,4.734403149,4.658098271,96.87753759
827,CNQ_TO,Transformer,2022-01-01,2024-01-01,28,1.180600993,0.931335324,1.150521739,0.929644889,15261259.97,0.958895447,0.761579135,0.951263102,0.79388132,10113498.77,2.450472325,1.951992176,2.457934471,2.036303588,53.30551839,1.747353529,1.415610994,1.659924585,1.245137852,88.5635203
828,CNQ_TO,Transformer,2022-01-01,2024-01-01,29,3.258743685,2.368556496,3.293626941,3.021831082,14971046.58,2.731863392,1.933479016,2.774718846,2.614189906,10052042.01,7.000984748,4.900909757,7.177959477,6.703534014,55.21981253,4.544857491,3.466964888,4.573465968,3.889918533,90.54277666
829,CNQ_TO,Transformer,2022-01-01,2024-01-01,30,4.280607641,3.673648945,4.050814782,3.513971958,14464361.08,3.696032991,3.166024578,3.490055105,2.962111652,9915563.967,9.563801817,8.118226267,9.132462115,7.692061296,58.6010137,5.690064907,4.86261311,5.473481569,4.98589454,97.27055738
830,CNQ_TO,Transformer,2022-01-01,2024-01-01,31,2.299488968,2.384549008,2.436550814,2.108832686,14462281.21,1.952222267,2.016545504,2.06279371,1.733304064,9917840.26,5.065107581,5.182293633,5.411601391,4.511427459,58.5428179,3.229243149,3.332372613,3.472904625,3.181403247,96.66341314
831,CNQ_TO,Transformer,2022-01-01,2024-01-01,32,1.610675798,2.023833627,1.722971254,1.720558514,14684668.6,1.316896207,1.653244593,1.45823692,1.462734167,10016087.63,3.417581691,4.250998648,3.820147591,3.793913565,57.56423967,2.46309501,3.049232882,2.463207102,2.406642765,93.31468947
832,CNQ_TO,Transformer,2022-01-01,2024-01-01,33,4.146586387,3.829871228,4.184026337,3.545922549,14415069.85,3.60630082,3.329192639,3.633146964,3.00724658,9893913.911,9.330219038,8.533034088,9.503139341,7.807690321,58.73686936,5.398415668,4.942086665,5.522663446,4.955670807,97.63487697
833,CNQ_TO,Transformer,2022-01-01,2024-01-01,34,2.487350304,2.295593613,2.65904889,2.023213877,15075788,2.156803895,1.968459536,2.297802161,1.67523726,10051651.79,5.592928589,5.05826277,6.025673537,4.362651068,54.07273551,3.312601587,3.112242918,3.609192477,3.023413631,89.39999732
834,CNQ_TO,Transformer,2022-01-01,2024-01-01,35,1.559215785,1.814682925,1.47799982,1.424106809,14435838.7,1.301696613,1.530521296,1.230711486,1.183346879,9905473.224,3.382485235,3.936147628,3.233461448,3.078086819,58.70590079,2.293655993,2.56494352,2.208879468,2.115998724,97.26908594
835,CNQ_TO,Transformer,2022-01-01,2024-01-01,36,2.003960334,1.345678705,2.175375526,1.890500718,15003341.4,1.726888564,1.089833342,1.890042932,1.662988601,10098465.26,4.407180108,2.746012496,4.87319457,4.244615571,55.03349823,2.564011042,1.967268054,2.73828458,2.264457393,87.90853706
836,CNQ_TO,Transformer,2022-01-01,2024-01-01,37,2.501815869,2.593360963,2.381981762,2.254118628,14696751.54,1.983355955,2.084407761,1.942891584,1.847581336,9981820.463,5.148404933,5.358085009,5.091745245,4.79564232,56.66031437,4.005090897,4.007844968,3.655249422,3.398885548,92.29314269
837,CNQ_TO,Transformer,2022-01-01,2024-01-01,38,1.171206588,1.439922418,1.125009363,1.069425584,14867537.83,0.963023562,1.209070405,0.933302311,0.903119607,10031619.96,2.502486638,3.109900282,2.447786555,2.341541654,55.9859741,1.786545048,2.06669873,1.698754586,1.534263397,91.64719822
838,CNQ_TO,Transformer,2022-01-01,2024-01-01,39,5.458644835,4.633841799,5.407982971,4.503369508,14740103.08,4.79014295,4.053092787,4.735497447,3.86718733,9999425.546,12.38176888,10.38157658,12.37522114,10.03059186,56.96495056,6.892699171,5.858883912,6.942800306,6.083731121,94.14913011
839,CNQ_TO,Transformer,2022-01-01,2024-01-01,40,1.191778209,1.058146985,1.197770792,1.161364612,14871722.41,0.906727655,0.836759801,0.900339816,0.904488661,10083462.92,2.297727065,2.112286297,2.301389779,2.288639278,56.60676774,1.930770162,1.621687438,1.976192019,1.809832424,91.07961697
840,CNQ_TO,Transformer,2022-01-01,2024-01-01,41,3.16236629,3.297982538,3.285501798,2.965666115,14424687.17,2.754926805,2.870550722,2.857882533,2.518253201,9902539.16,7.133863233,7.361045494,7.482293709,6.542070521,58.78866414,4.118948887,4.251047295,4.33859431,4.147104705,97.59185326
841,CNQ_TO,Transformer,2022-01-01,2024-01-01,42,2.089256615,2.293907307,1.962012235,1.91110617,14331430.29,1.760440473,1.934369415,1.63193529,1.565007808,9883750.001,4.570032893,4.972161213,4.287022222,4.074095005,59.47292215,2.991667502,3.22911394,2.920901505,2.908246981,98.88909137
842,CNQ_TO,Transformer,2022-01-01,2024-01-01,43,1.638337916,1.91605867,1.51791612,1.495964077,14630636.86,1.352724676,1.598864672,1.284832106,1.26934205,9981611.173,3.513776668,4.111272236,3.369526439,3.295426663,57.62663303,2.458867439,2.768406789,2.178364184,2.111117026,94.1804663
843,CNQ_TO,Transformer,2022-01-01,2024-01-01,44,1.149347957,1.099772956,1.068996355,0.890434898,14628450.6,0.916437017,0.858446241,0.866601374,0.727725966,9945684.62,2.380105845,2.208289361,2.269668844,1.881636539,57.39104405,1.849417776,1.811272191,1.684271732,1.363799779,95.76324178
844,CNQ_TO,Transformer,2022-01-01,2024-01-01,45,5.718464083,5.021884277,5.498455018,4.79521333,14282039.96,4.962232745,4.356513431,4.763889572,4.083836044,9896496.216,12.82928126,11.15928008,12.45286904,10.59328875,60.28290182,7.470211184,6.504048725,7.287626099,6.614927533,100.5321984
845,CNQ_TO,Transformer,2022-01-01,2024-01-01,46,1.789605296,1.186739387,1.839360606,1.687666387,14796077.98,1.525570307,0.892870757,1.584078404,1.449084798,10073904.45,3.889340616,2.239689343,4.082112553,3.690698503,56.69958617,2.33397617,1.922586159,2.344318474,2.140838557,89.59373403
846,CNQ_TO,Transformer,2022-01-01,2024-01-01,47,4.866483192,4.025482762,4.530271958,3.766939919,14293932.67,4.221421624,3.48987381,3.921495473,3.192060621,9884702.366,10.91728207,8.944213099,10.25570832,8.286074564,59.93146481,6.370895328,5.233150434,6.028835065,5.272549555,99.85073903
847,CNQ_TO,Transformer,2022-01-01,2024-01-01,48,3.774201292,3.140715244,3.523647286,2.885828429,14386702.48,3.271352656,2.713375971,3.048780624,2.43219047,9881511.3,8.467318104,6.960758288,7.980772625,6.320134867,58.89767018,4.972046465,4.138338861,4.716732575,4.108459335,98.16436364
848,CNQ_TO,Transformer,2022-01-01,2024-01-01,49,3.35766524,3.228353233,3.478834049,2.992964582,14503122.58,2.906962379,2.790935406,3.007473037,2.524504531,9919242.913,7.526995769,7.158773209,7.872994243,6.55896963,58.18051829,4.446340971,4.243841006,4.667959622,4.250268595,96.33030012
849,CNQ_TO,Transformer,2022-01-01,2024-01-01,50,1.229503082,1.352532832,1.12111333,1.083540154,14778774.76,1.069708434,1.159227283,1.000240126,0.981098627,10028420.06,2.764904543,2.97179843,2.602734055,2.523683342,56.58317837,1.616707873,1.832205364,1.345997341,1.202435272,91.43444749
850,CNQ_TO,Transformer,2022-09-01,2024-09-01,1,2.807490218,1.44070843,2.744875683,2.001899602,7298470.84,2.382676986,1.090475413,2.185694577,1.515757892,6800427.704,5.304645617,2.395296518,4.898632361,3.355543728,121.394042,3.233691239,2.028451198,3.651756293,2.856067644,87.50421935
851,CNQ_TO,Transformer,2022-09-01,2024-09-01,2,4.280865072,1.678690333,3.776396971,2.568898875,7266799.685,3.537616402,1.43491479,2.9392925,2.055386681,6595208.608,7.848450594,3.163455934,6.561907178,4.553306762,110.8447926,5.253444049,1.867583384,5.223617603,3.355682843,78.00545096
852,CNQ_TO,Transformer,2022-09-01,2024-09-01,3,4.376507599,1.652430257,3.813550379,2.65561115,7335218.071,3.740425491,1.370361717,3.085906422,2.104262026,6633307.487,8.311006046,3.012849066,6.900377862,4.655236416,111.226948,4.938548616,1.981688763,4.927154069,3.537328422,78.67450031
853,CNQ_TO,Transformer,2022-09-01,2024-09-01,4,5.459066083,2.195277732,5.114484099,3.444815547,7199108.79,4.652671753,1.761634634,4.181442055,2.709203679,6555530.264,10.34372089,3.865774805,9.362918587,5.993782646,110.4753362,6.208706705,2.825677002,6.47323126,4.657567885,77.58368757
854,CNQ_TO,Transformer,2022-09-01,2024-09-01,5,3.112308908,1.367548383,2.776896346,1.982106731,7405019.135,2.491487757,1.207027335,2.123003134,1.639123312,6718770.836,5.520913057,2.670947234,4.738983361,3.641232799,113.689289,4.067792689,1.382990739,3.940735787,2.415990989,81.19344288
855,CNQ_TO,Transformer,2022-09-01,2024-09-01,6,2.076352754,0.930625435,1.525301324,1.258277785,7253943.948,1.763454501,0.784108883,1.204210243,1.059747297,6498838.241,3.917634689,1.750311278,2.696024771,2.361288331,106.4807059,2.377477507,1.125154754,2.052893638,1.470330831,74.70588994
856,CNQ_TO,Transformer,2022-09-01,2024-09-01,7,3.532386089,1.740644494,3.252332744,2.408159482,7342592.111,2.923519694,1.438425468,2.535653894,1.926799318,6755166.806,6.48547399,3.162335247,5.660052717,4.267098731,116.6763145,4.313658789,2.104985665,4.482182111,3.144780152,83.32015038
857,CNQ_TO,Transformer,2022-09-01,2024-09-01,8,4.423161909,2.063921036,4.098303601,2.923114165,7528373.801,3.691345022,1.653134972,3.257930291,2.291838445,6920978.145,8.192363551,3.627535018,7.279382836,5.069400175,120.1320599,5.3081042,2.664939049,5.473908651,3.96650271,86.61659406
858,CNQ_TO,Transformer,2022-09-01,2024-09-01,9,1.361337758,0.97773276,1.244767895,1.067886,7334357.991,1.106623532,0.835248388,0.939008169,0.868960836,6844597.201,2.475523383,1.856846761,2.111962881,1.939214224,121.9892043,1.74467402,1.117785833,1.812958554,1.363062479,87.08666888
859,CNQ_TO,Transformer,2022-09-01,2024-09-01,10,3.212992679,1.464470818,2.889181432,2.071826249,7341425.291,2.84694787,1.155783241,2.435067776,1.654743619,6844852.185,6.340357299,2.536381028,5.461634074,3.66340431,122.089679,3.229299033,1.933942747,3.405828705,2.717940832,87.83000812
860,CNQ_TO,Transformer,2022-09-01,2024-09-01,11,4.884818357,2.050143622,4.678444673,3.077399973,7353138.969,4.096521029,1.644841619,3.769209529,2.412659728,6689070.027,9.096101282,3.609032935,8.430062413,5.335979597,113.4740114,5.794537393,2.638228137,6.098145676,4.179339631,80.92573771
861,CNQ_TO,Transformer,2022-09-01,2024-09-01,12,3.114368578,1.581078534,3.226623133,2.243430036,7345480.11,2.598637963,1.333002293,2.546294742,1.795511933,6666765.85,5.766225097,2.935747478,5.686274081,3.977601737,112.5764975,3.72902743,1.823711866,4.358951979,2.926987206,80.03116219
862,CNQ_TO,Transformer,2022-09-01,2024-09-01,13,5.048266737,2.270188821,4.824152307,3.361802966,7294089.239,4.269294206,1.801230672,3.910446735,2.634937759,6614238.368,9.484875775,3.950343116,8.750097215,5.82850018,111.2770576,5.860998821,2.984491292,6.212659773,4.570584916,78.75126929
863,CNQ_TO,Transformer,2022-09-01,2024-09-01,14,3.673894604,1.678456316,3.440848015,2.479408916,7556364.875,3.031021881,1.381743279,2.694770359,1.976036728,6864356.504,6.723398506,3.036555073,6.016426008,4.374327684,117.102548,4.5197994,2.04655244,4.709448514,3.263451708,84.44281851
864,CNQ_TO,Transformer,2022-09-01,2024-09-01,15,3.496074456,1.86994539,3.267269879,2.431214595,7502196.695,2.987490876,1.514934137,2.643737094,1.937515201,6973965.898,6.636383974,3.324741147,5.910942835,4.286935578,123.9326284,3.946183857,2.358712667,4.217259083,3.202919641,89.47204975
865,CNQ_TO,Transformer,2022-09-01,2024-09-01,16,1.654105071,1.00037021,1.51714452,1.199414005,7383936.373,1.329979011,0.828443827,1.132415891,0.945148715,6875696.747,2.977379452,1.833806081,2.55149376,2.104628443,122.2364553,2.168998074,1.21916289,2.239393554,1.616817033,87.66832838
866,CNQ_TO,Transformer,2022-09-01,2024-09-01,17,3.936315098,2.01613561,3.701112372,2.756112076,7424132.037,3.236836152,1.630119793,2.885357716,2.169395838,6849151.421,7.179505465,3.579944793,6.44165133,4.801205829,118.9970308,4.87895498,2.556567492,5.105513178,3.711087952,84.94776854
867,CNQ_TO,Transformer,2022-09-01,2024-09-01,18,1.777664008,1.102231514,1.986201992,1.38349251,7207252.261,1.424632049,0.888850959,1.463294642,1.038938162,6700706.632,3.178148918,1.968581342,3.282646476,2.310893034,118.7986718,2.324919206,1.415536587,2.957291135,1.98931199,85.20507942
868,CNQ_TO,Transformer,2022-09-01,2024-09-01,19,3.172496486,1.469959362,2.903414343,2.067264742,7326090.587,2.69841691,1.230518358,2.33008697,1.671716464,6787360.402,5.992530348,2.708139229,5.207068776,3.702973208,118.7713599,3.620729548,1.723316405,3.802947655,2.641794563,84.76318079
869,CNQ_TO,Transformer,2022-09-01,2024-09-01,20,5.817126313,1.870523625,5.089458329,3.197475426,7231101.62,4.902297928,1.532226295,4.100271916,2.499655247,6476866.964,10.89397809,3.36648286,9.173349344,5.528266882,106.0250992,6.816345323,2.30731194,6.634917864,4.363716838,74.10078471
870,CNQ_TO,Transformer,2022-09-01,2024-09-01,21,4.190030587,1.847083572,3.945539601,2.769114313,7225532.888,3.68819618,1.443055342,3.331008093,2.232238532,6705147.944,8.214739451,3.164390318,7.473528971,4.946079316,117.8270705,4.312049413,2.485036402,4.631036438,3.57498306,84.23458251
871,CNQ_TO,Transformer,2022-09-01,2024-09-01,22,4.523730734,1.753058209,4.342975805,2.84234498,7191143.599,4.028675662,1.303329491,3.733388555,2.303627944,6604045.336,8.997134654,2.859213661,8.405256461,5.118323133,113.6993141,4.476609652,2.533711451,4.867483798,3.631330518,81.00384953
872,CNQ_TO,Transformer,2022-09-01,2024-09-01,23,4.311732744,1.679183377,3.62843666,2.636575548,7314774.153,3.619230176,1.392298883,2.885966815,2.08644878,6597216.298,8.034074031,3.061981071,6.447989206,4.616968935,110.4225211,5.102883681,2.015919658,4.838273572,3.517751638,78.4567642
873,CNQ_TO,Transformer,2022-09-01,2024-09-01,24,4.761818577,2.099452819,4.186205207,3.078682347,7473744.716,4.03567299,1.663380392,3.404433488,2.423054218,6796920.301,8.964534797,3.647345298,7.615653053,5.359658519,115.6712187,5.496803299,2.765756445,5.354293795,4.154795869,82.88903044
874,CNQ_TO,Transformer,2022-09-01,2024-09-01,25,3.082253697,1.43752652,2.857166632,1.966544628,7303305.35,2.653039163,1.127304579,2.309824271,1.535269168,6770985.64,5.899579169,2.477965331,5.169407732,3.399531271,118.9005209,3.406634907,1.918811245,3.690903609,2.676060536,85.17559521
875,CNQ_TO,Transformer,2022-09-01,2024-09-01,26,1.865178098,1.152596918,1.581877689,1.264797929,7156688.804,1.509286331,0.994218035,1.139803463,0.989370954,6557892.488,3.370749497,2.209169116,2.560145102,2.204537081,112.0727978,2.40252099,1.281158278,2.42342144,1.722303897,79.37808292
876,CNQ_TO,Transformer,2022-09-01,2024-09-01,27,2.32400629,1.086411414,2.103818887,1.496734525,7191234.375,1.926051996,0.831720999,1.614901965,1.065562731,6666388.803,4.300689243,1.834941027,3.629808172,2.363360273,116.7417864,2.856197829,1.512557131,2.977834664,2.298574451,83.49002762
877,CNQ_TO,Transformer,2022-09-01,2024-09-01,28,3.056635268,1.53974862,2.72187948,2.075062843,7431045.244,2.532940736,1.291146077,2.129008592,1.690916883,6832023.8,5.619393921,2.841991304,4.753441566,3.748434078,118.5541358,3.720496201,1.797930563,3.726791157,2.609355222,85.56340937
878,CNQ_TO,Transformer,2022-09-01,2024-09-01,29,3.771682695,1.673141549,3.363461003,2.384970875,7330649.731,3.244627009,1.368396837,2.744000416,1.902303846,6717656.43,7.210845135,3.005464622,6.138035212,4.208973404,114.9320941,4.179553055,2.067696432,4.272651432,3.137112308,81.63247656
879,CNQ_TO,Transformer,2022-09-01,2024-09-01,30,3.511648855,1.250179648,2.754912489,1.921595622,7320528.4,3.121524577,0.946447505,2.25859427,1.467094239,6601671.543,6.959341203,2.081668687,5.065992532,3.248233608,110.1567303,3.487038313,1.76105153,3.462315988,2.708941318,77.75244537
880,CNQ_TO,Transformer,2022-09-01,2024-09-01,31,3.122646468,1.476797895,3.124747135,2.190049234,7266590.522,2.596376231,1.271230706,2.452926227,1.782916279,6659009.06,5.760904021,2.804038155,5.476596239,3.951919556,113.765563,3.771868078,1.608252279,4.257481085,2.760312995,80.58033188
881,CNQ_TO,Transformer,2022-09-01,2024-09-01,32,4.168144695,2.216870009,4.074740482,2.936565733,7540111.561,3.494434235,1.764868779,3.277009972,2.312587106,6949145.865,7.756807784,3.870367496,7.326699808,5.115063258,120.9953619,4.947493595,2.896144704,5.328354085,3.957309978,87.01003671
882,CNQ_TO,Transformer,2022-09-01,2024-09-01,33,4.571655584,2.284594498,4.546261153,3.200688823,7500209.059,3.848441646,1.80821843,3.681506381,2.510533985,6899175.782,8.545340705,3.964957279,8.235780522,5.552830983,119.5553331,5.371762919,3.016665973,5.866110921,4.344796197,85.66853302
883,CNQ_TO,Transformer,2022-09-01,2024-09-01,34,4.531933768,1.97960905,4.122882699,2.883203685,7309766.854,3.716979576,1.640342537,3.193370269,2.271104786,6675750.376,8.244367933,3.609029092,7.128261069,5.028094605,113.3759518,5.653021589,2.383303141,5.748656229,3.87690834,80.05595303
884,CNQ_TO,Transformer,2022-09-01,2024-09-01,35,1.870171424,0.984577179,1.409455623,1.109904761,7295164.146,1.507986253,0.866853967,1.002653748,0.874640284,6706321.694,3.368724993,1.930312649,2.25321082,1.952003898,115.4877305,2.427684344,1.031463924,2.187155145,1.492763392,81.86625391
885,CNQ_TO,Transformer,2022-09-01,2024-09-01,36,4.021398475,1.613450436,3.61898842,2.421913745,7364189.792,3.395911709,1.354511516,2.892680073,1.934318264,6703037.36,7.539734266,2.981303545,6.464170108,4.282498406,113.6331683,4.686009579,1.880201556,4.783113808,3.174768653,80.64663254
886,CNQ_TO,Transformer,2022-09-01,2024-09-01,37,2.60269305,1.290096292,2.41189099,1.776638613,7333160.799,2.179232797,1.09173403,1.89370164,1.468351319,6832791.967,4.838325976,2.410304435,4.230348187,3.259453439,121.4871904,3.090475042,1.47593068,3.27829721,2.161527473,86.99497791
887,CNQ_TO,Transformer,2022-09-01,2024-09-01,38,5.57972298,2.282439179,5.039632411,3.470376553,7394468.032,4.823911964,1.80270749,4.200622375,2.791648666,6702517.705,10.73212754,3.950993413,9.41441695,6.182859853,113.1472456,6.086977592,3.025518115,6.108053011,4.50546282,80.55590475
888,CNQ_TO,Transformer,2022-09-01,2024-09-01,39,2.255085846,1.077539592,2.134569326,1.452507069,7362976.267,1.934858125,0.863036366,1.702846974,1.159339415,6854212.198,4.302744186,1.906542693,3.808684516,2.573492437,121.4420764,2.509963086,1.394735544,2.821973988,1.896577434,87.14946231
889,CNQ_TO,Transformer,2022-09-01,2024-09-01,40,2.146877174,1.071554192,1.956031466,1.430733219,7275316.445,1.841241053,0.901129926,1.547833169,1.178309472,6746779.755,4.092998542,1.996585579,3.460323981,2.619015812,118.1126367,2.390060623,1.258846974,2.620686854,1.755246804,84.35262425
890,CNQ_TO,Transformer,2022-09-01,2024-09-01,41,3.586207603,1.705909115,3.359357438,2.402567029,7369131.064,2.982385264,1.422615496,2.646724926,1.925572854,6796949.948,6.61758636,3.129285015,5.910719057,4.264296882,117.7785807,4.332834702,2.020077023,4.551864254,3.127912017,83.93376678
891,CNQ_TO,Transformer,2022-09-01,2024-09-01,42,3.672079692,2.051122845,3.805590467,2.69104813,7454682.28,3.148949924,1.642593166,3.125765156,2.140974702,6916960.028,6.995862459,3.602122351,6.995515546,4.736329043,121.991831,4.104451026,2.648117028,4.766757202,3.561218026,87.69336837
892,CNQ_TO,Transformer,2022-09-01,2024-09-01,43,3.506004299,1.630505156,3.333933913,2.402550347,7376209.303,3.006652574,1.327624688,2.714863725,1.915928002,6778494.983,6.680195191,2.915753059,6.071906355,4.239297846,117.0075365,3.916943289,2.033125335,4.249486548,3.160938662,83.84682882
893,CNQ_TO,Transformer,2022-09-01,2024-09-01,44,5.190803235,2.439203169,4.833499999,3.444534059,7416781.867,4.360284915,1.91929955,3.885167136,2.689042456,6742897.755,9.683676472,4.207873513,8.688941186,5.947507839,114.37479,6.130915766,3.255056998,6.327811259,4.714090499,81.55772747
894,CNQ_TO,Transformer,2022-09-01,2024-09-01,45,0.983929739,2.339892454,2.067991994,2.16484094,7186338.831,0.734601347,2.065805596,1.687947468,1.857152794,6386455.536,1.66898732,4.608588901,3.837552595,4.185495885,102.162161,1.526663527,2.459734482,2.72214901,2.51704343,70.24851367
895,CNQ_TO,Transformer,2022-09-01,2024-09-01,46,4.860788627,1.804442895,4.536025901,2.940501138,7378212.753,4.020982206,1.491174937,3.58795062,2.304449399,6640246.939,8.921976348,3.278794612,8.016321566,5.098168891,110.2216785,5.95437189,2.183348784,6.114673206,3.991685362,77.92895999
896,CNQ_TO,Transformer,2022-09-01,2024-09-01,47,1.501992269,1.31738051,1.545145993,1.408658373,7252474.004,1.276420939,1.076306171,1.197439761,1.137755408,6745812.731,2.850522732,2.389277533,2.689038653,2.539217689,118.8767087,1.740607811,1.670331015,2.171299941,1.834595197,84.87588907
897,CNQ_TO,Transformer,2022-09-01,2024-09-01,48,3.586924611,3.524900986,4.338772205,3.874449093,7364918.092,3.106307999,3.17492061,3.878472532,3.475724508,6610978.759,6.984805978,7.070200745,8.802848227,7.814015148,108.3665355,4.049497311,3.407901713,4.403886571,3.8469475,75.52188104
898,CNQ_TO,Transformer,2022-09-01,2024-09-01,49,5.082016842,2.180946665,4.596294342,3.217867391,7307853.267,4.250261988,1.766944921,3.651847056,2.511019877,6644628.477,9.438558995,3.879968182,8.162917933,5.553542436,112.1171286,6.068861152,2.755280654,6.147420864,4.404007068,79.12648156
899,CNQ_TO,Transformer,2022-09-01,2024-09-01,50,3.738068702,1.486275735,3.174420716,2.218138711,7456252.928,3.018086347,1.292719034,2.435683345,1.815739419,6738401.669,6.689876855,2.854319342,5.434934112,4.028546674,113.5130925,4.808768579,1.57082695,4.4835898,2.764273298,81.11492414
900,CNQ_TO,Transformer,2023-05-01,2025-05-01,1,2.774843118,1.907847723,2.849928794,2.436667833,7530099.091,1.983081541,1.430733357,1.811004708,1.636702358,5951092.679,5.407952168,3.750669395,5.099534485,4.451257508,59.63154722,5.598524681,3.462176086,6.449641176,5.156331024,65.40712939
901,CNQ_TO,Transformer,2023-05-01,2025-05-01,2,4.107241048,3.363274241,4.457571035,4.063325359,7660757.809,3.153913922,2.670833384,3.362385319,3.115151563,6098034.459,8.54724476,7.024728155,9.330603443,8.42390332,61.60749387,7.51556572,5.575174107,8.589510989,7.388375952,67.85163434
902,CNQ_TO,Transformer,2023-05-01,2025-05-01,3,3.680958568,3.127681552,4.033651874,3.735203414,7587405.301,2.836441651,2.555852527,3.046012972,2.909534948,6047688.807,7.685644803,6.701934397,8.45559188,7.855016983,62.36440069,6.710740871,4.933947122,7.742824574,6.640175263,69.61004426
903,CNQ_TO,Transformer,2023-05-01,2025-05-01,4,5.70774916,5.155833816,6.602148446,6.148983791,7817012.931,4.573651331,4.169552497,5.345241844,4.976402167,6297052.551,12.29520794,10.93009259,14.63956626,13.33064408,68.04095792,9.467824436,8.096175475,10.96374629,9.912148115,77.20128395
904,CNQ_TO,Transformer,2023-05-01,2025-05-01,5,3.172667475,2.429413045,3.389154646,2.94015865,7596976.003,2.369094591,1.916654319,2.382555909,2.149807026,6045785.057,6.439010533,5.031440976,6.662781291,5.828895812,65.21791002,6.07677262,4.106299924,7.074019029,5.731738606,75.31871701
905,CNQ_TO,Transformer,2023-05-01,2025-05-01,6,2.787743915,2.277596433,3.009199112,2.690150992,7663381.232,2.037649016,1.81667871,2.057323942,1.953843093,6099828.916,5.545480422,4.762204983,5.764419185,5.296457665,62.12217319,5.507847087,3.784703756,6.4605423,5.29580194,68.6161762
906,CNQ_TO,Transformer,2023-05-01,2025-05-01,7,5.431819484,4.745565695,5.980533892,5.651011121,7937587.39,4.354230623,3.868273669,4.809747115,4.550734701,6344759.558,11.71208352,10.13717878,13.20164952,12.20889205,71.33315032,9.039434309,7.373170682,10.1101229,9.22468774,83.22289015
907,CNQ_TO,Transformer,2023-05-01,2025-05-01,8,3.195072966,2.69108485,3.501444838,3.187098994,7561084.621,2.311360948,2.067881841,2.43092721,2.304421177,5997063.079,6.295114078,5.447453827,6.791640133,6.253494444,61.10763063,6.338963347,4.700304563,7.405090547,6.266745624,68.2069985
908,CNQ_TO,Transformer,2023-05-01,2025-05-01,9,7.195695709,6.348839965,8.005418975,7.381850025,7662083.892,5.861734241,5.128384242,6.572379773,6.049465883,6139871.779,15.69630399,13.43235555,17.92923677,16.15540441,66.39479283,11.4890067,9.950433134,12.83911634,11.56261167,75.74440036
909,CNQ_TO,Transformer,2023-05-01,2025-05-01,10,3.467193674,2.64755348,3.521516869,3.176304771,7649564.088,2.670598263,2.165764879,2.62248727,2.462890833,6115727.231,7.234812332,5.67511914,7.289669315,6.647910163,65.36635734,6.303407576,4.168024824,6.884763473,5.70936383,74.63231479
910,CNQ_TO,Transformer,2023-05-01,2025-05-01,11,1.874528026,1.735438606,2.001992716,1.912834004,7690631.536,1.492006933,1.599972805,1.51087451,1.565839602,6151886.928,3.9395322,4.062077239,4.071645689,4.1097503,60.96752414,3.313241505,1.801178083,3.81398954,3.131046003,64.65883868
911,CNQ_TO,Transformer,2023-05-01,2025-05-01,12,2.517622102,2.054903051,2.80387553,2.529363709,7807144.492,1.60300122,1.483221131,1.794019356,1.642186395,6244955.816,4.401552658,3.899507634,5.045956821,4.476914475,62.88060657,5.584995725,3.890076223,6.331851992,5.479887799,68.93518719
912,CNQ_TO,Transformer,2023-05-01,2025-05-01,13,3.146069368,2.488891323,3.700407617,3.250058385,7590559.189,2.327966145,1.944475691,2.779101624,2.467756879,6025017.475,6.330197622,5.113565942,7.698867261,6.666992446,62.79035841,6.081378294,4.250767925,7.217662345,6.036869577,71.69429635
913,CNQ_TO,Transformer,2023-05-01,2025-05-01,14,2.198751485,1.630981063,2.175564272,1.997682476,7762618.691,1.538402584,1.33244492,1.352510741,1.350374688,6233986.605,4.193921233,3.454050145,3.799219766,3.65420976,60.75052692,4.565529309,2.595508496,5.008970756,4.211769795,63.14712612
914,CNQ_TO,Transformer,2023-05-01,2025-05-01,15,3.057770628,2.530423343,3.453526612,3.141682389,7607707.325,2.027237165,1.783692722,2.280825859,2.096648081,6016100.88,5.544180422,4.70869583,6.38064494,5.703968879,59.79438431,6.551696482,4.886037591,7.602013927,6.632007971,65.85692103
915,CNQ_TO,Transformer,2023-05-01,2025-05-01,16,5.543769517,5.424523878,6.795376174,6.351916801,7960400.406,4.448919273,4.39943265,5.548972707,5.188792748,6344421.913,11.96273698,11.52915546,15.18071357,13.88347214,72.41728591,9.19727225,8.472677636,11.1238453,10.07724206,85.73211792
916,CNQ_TO,Transformer,2023-05-01,2025-05-01,17,1.993875022,1.596156679,2.329112039,2.043731799,7535459.103,1.304238521,1.265546948,1.455877356,1.34474309,5989225.388,3.551059951,3.277772839,4.090759242,3.642112786,61.10569384,4.387818643,2.674032427,5.350954097,4.399741747,67.64050333
917,CNQ_TO,Transformer,2023-05-01,2025-05-01,18,6.379147907,5.784568455,7.379933047,6.808721583,7884257.736,5.141703184,4.696592332,6.003451356,5.534570823,6317281.411,13.80092035,12.30150043,16.41467961,14.8074582,69.87618759,10.42826313,9.007014017,12.08958399,10.85669817,80.62955618
918,CNQ_TO,Transformer,2023-05-01,2025-05-01,19,4.999754831,4.526504521,5.677910536,5.296945724,7988137.259,3.981059948,3.687154672,4.536746857,4.251929326,6472599.619,10.71278549,9.655367063,12.45335574,11.40426308,69.0295903,8.404778519,7.024373455,9.672581819,8.681218335,76.63552469
919,CNQ_TO,Transformer,2023-05-01,2025-05-01,20,3.366547483,2.793602257,3.763423197,3.440899578,7808654.98,2.560727611,2.250068308,2.778860882,2.630520119,6247486.453,6.946892361,5.905042822,7.73003813,7.112503876,68.81538252,6.273884685,4.533188129,7.448498423,6.302593922,80.10132749
920,CNQ_TO,Transformer,2023-05-01,2025-05-01,21,1.647562844,1.404426074,1.86420925,1.668843043,7693159.333,1.179355727,1.189708505,1.393127416,1.201135437,6149714.817,3.135818882,3.009943929,3.78859083,3.173773965,59.56318868,3.328388193,1.932724792,3.652010532,3.258565245,62.02064557
921,CNQ_TO,Transformer,2023-05-01,2025-05-01,22,5.376396316,4.979467446,6.729536463,5.991157967,7797951.959,4.301210408,4.031191139,5.4576152,4.847987793,6286433.906,11.57706312,10.57308179,14.95130834,12.99714802,67.23990566,8.997446979,7.825414731,11.16891405,9.696489616,75.4701277
922,CNQ_TO,Transformer,2023-05-01,2025-05-01,23,2.340901673,1.824600471,2.632044079,2.296380158,7621007.678,1.518419068,1.342101674,1.65228813,1.497848896,6000272.852,4.167349026,3.523725298,4.653792163,4.079273957,56.94812799,5.143721303,3.385869281,6.016902473,4.966013236,59.75418423
923,CNQ_TO,Transformer,2023-05-01,2025-05-01,24,5.227558153,4.883429403,5.972698879,5.687981404,7810395.162,4.183288652,3.969593739,4.827000512,4.627749682,6297669.771,11.26652238,10.41215553,13.25400569,12.40960553,66.76612019,8.789953754,7.642159431,10.10367033,9.186362581,74.91371272
924,CNQ_TO,Transformer,2023-05-01,2025-05-01,25,7.09901356,6.087800596,7.96603419,7.284179001,8125837.246,5.721757914,4.931637694,6.481934454,5.917253432,6366442.866,15.3428239,12.917337,17.70405593,15.82199175,75.85046525,11.54377309,9.508022552,12.97460665,11.59012758,92.50683403
925,CNQ_TO,Transformer,2023-05-01,2025-05-01,26,2.654187447,2.064363177,3.015821481,2.614734882,7637731.104,1.682788124,1.421193731,1.927914749,1.700343601,6055727.031,4.626153249,3.749744843,5.419210668,4.636582602,59.74373152,5.886944762,4.08168214,6.801282836,5.650995714,64.98395514
926,CNQ_TO,Transformer,2023-05-01,2025-05-01,27,6.34990115,5.922085375,7.549128473,7.027849797,7719520.324,5.117732923,4.789940849,6.188502559,5.759852293,6198827.312,13.7369627,12.54879183,16.89856771,15.38957239,66.9501991,10.38145441,9.272735351,12.18621448,11.03093989,76.19391912
927,CNQ_TO,Transformer,2023-05-01,2025-05-01,28,5.271864143,4.454414842,5.834123642,5.318694675,7528750.3,4.187039722,3.5769789,4.618657249,4.253847608,5910323.273,11.29356027,9.397555956,12.72574538,11.43709684,63.30075478,9.122908023,7.229208425,10.447271,9.041391496,74.06676814
928,CNQ_TO,Transformer,2023-05-01,2025-05-01,29,6.282893605,5.708539571,7.048978847,6.54666104,7868585.443,5.059769108,4.630357763,5.714506856,5.306813152,6282294.749,13.58255601,12.12900176,15.63570487,14.20506223,70.96575775,10.28682641,8.902898776,11.62976866,10.49569959,83.60885867
929,CNQ_TO,Transformer,2023-05-01,2025-05-01,30,2.215954923,1.715368471,2.481623945,2.145752062,7693846.112,1.413280038,1.224572432,1.629248884,1.452269739,6052764.003,3.87833188,3.206757546,4.563484526,3.937683807,55.81324102,4.936906388,3.284032957,5.515254362,4.52741034,56.71720486
930,CNQ_TO,Transformer,2023-05-01,2025-05-01,31,4.29385089,3.669522951,4.879453323,4.365943652,7664201.372,3.343212388,2.939241657,3.806507678,3.427714333,6106574.484,9.044238199,7.725912563,10.51478236,9.241572487,61.53949727,7.689810704,5.983114192,8.962975707,7.662670443,67.4712949
931,CNQ_TO,Transformer,2023-05-01,2025-05-01,32,7.3621062,6.260924482,8.216410952,7.407100534,7749178.95,5.973737242,5.061020351,6.730648363,6.037532705,6213352.298,16.00071706,13.25569555,18.36247522,16.13401471,67.06133253,11.82169842,9.805040436,13.2149119,11.71141708,76.21070904
932,CNQ_TO,Transformer,2023-05-01,2025-05-01,33,2.982325199,2.32051945,3.102057837,2.813331233,7576344.665,2.20541463,1.852962999,2.080469777,2.029930026,5997740.186,5.993047946,4.847537286,5.830583326,5.50103211,65.60792632,5.813279409,3.861168356,6.768001299,5.578769964,77.43798285
933,CNQ_TO,Transformer,2023-05-01,2025-05-01,34,5.966553438,5.531466163,6.950373274,6.341137106,7863624.771,4.798956146,4.491200588,5.666760826,5.155135084,6331937.624,12.89429526,11.76800865,15.50370377,13.80286891,68.98574605,9.829997633,8.62356074,11.39799414,10.14808054,78.80378808
934,CNQ_TO,Transformer,2023-05-01,2025-05-01,35,2.101054511,1.708028047,2.330739195,2.076704849,7790264.272,1.354869074,1.293093115,1.525418441,1.371003011,6228235.018,3.704383527,3.373212163,4.268791666,3.719969823,59.74398921,4.661057268,3.061703677,5.203847147,4.46790131,61.85032293
935,CNQ_TO,Transformer,2023-05-01,2025-05-01,36,2.728414252,2.336618621,2.854164422,2.715050617,7715512.63,1.982625602,1.89468616,1.876989312,1.980990566,6173192.367,5.395785455,4.958101717,5.272237411,5.368125915,62.55629611,5.435062522,3.77780613,6.321879971,5.318284918,68.35260752
936,CNQ_TO,Transformer,2023-05-01,2025-05-01,37,4.551642676,3.494894665,4.564392731,4.093504917,7430000.722,3.6050191,2.790074039,3.521044871,3.187155673,5816620.536,9.730843682,7.335774959,9.740642305,8.600539849,63.76496558,7.918420912,5.736334373,8.526202503,7.286100917,76.04332191
937,CNQ_TO,Transformer,2023-05-01,2025-05-01,38,6.131366376,5.320297335,7.418565453,6.472814428,7806493.799,5.070899968,4.36852435,6.271819364,5.436244965,6115341.392,13.59546791,11.44746552,17.09863713,14.51633719,71.58539273,9.726437217,8.187084475,11.49963654,9.860739949,87.25903369
938,CNQ_TO,Transformer,2023-05-01,2025-05-01,39,1.918448368,1.533047236,2.142179742,1.889486351,7650384.919,1.294632395,1.246533196,1.500855182,1.328628514,6074933.646,3.50205563,3.19810837,4.143335202,3.558498458,58.99397255,4.126330043,2.430404793,4.538736263,3.859069352,62.35012189
939,CNQ_TO,Transformer,2023-05-01,2025-05-01,40,2.812946148,2.17885086,2.981574229,2.654951037,7692032.368,1.986537662,1.657547044,1.870862569,1.785280603,6139353.566,5.419051958,4.348814062,5.276241306,4.860532317,63.78111187,5.750398103,3.884616682,6.796128462,5.600792599,71.81791481
940,CNQ_TO,Transformer,2023-05-01,2025-05-01,41,4.445309848,4.306307712,5.318248265,4.986220928,7892033.167,3.521695875,3.502266906,4.233737372,3.998351969,6393181.175,9.502579909,9.185608089,11.65474461,10.74599845,66.55311559,7.647083383,6.739395659,9.243868463,8.271288658,72.85648107
941,CNQ_TO,Transformer,2023-05-01,2025-05-01,42,6.228726893,5.5657435,7.052806324,6.465336457,7842037.515,4.988813121,4.480573608,5.692024954,5.208911357,6342885.483,13.39444431,11.74139255,15.57225573,13.94635292,65.89299853,10.26765341,8.782473098,11.68349318,10.44979955,71.708363
942,CNQ_TO,Transformer,2023-05-01,2025-05-01,43,2.814184801,2.130537953,3.08833356,2.672298612,7673073.857,1.972996782,1.567093651,2.047181122,1.83612238,6118614.446,5.38702553,4.130696501,5.727129674,4.986596806,60.8930358,5.779881538,3.944838298,6.793147334,5.541164532,65.75296358
943,CNQ_TO,Transformer,2023-05-01,2025-05-01,44,4.807209401,4.66418748,5.616576253,5.419133617,7897937.371,3.856406196,3.822996383,4.49623828,4.365423894,6311894.629,10.36744443,9.99854456,12.33175312,11.69388568,70.89452679,8.001314516,7.149147068,9.509008661,8.799181337,82.45467384
944,CNQ_TO,Transformer,2023-05-01,2025-05-01,45,3.167759612,2.633389361,3.643396407,3.237350453,7658638.552,2.188630134,1.957470262,2.442631497,2.240676841,6091442.757,5.980225603,5.161498744,6.83854405,6.096057963,61.29888059,6.568218139,4.809836365,7.919050283,6.632360164,67.5937117
945,CNQ_TO,Transformer,2023-05-01,2025-05-01,46,2.582957279,2.188326488,2.924059739,2.695512228,7795503.14,1.883050143,1.760897016,2.001544727,1.98836556,6273149.423,5.12030869,4.607983861,5.60464525,5.382594412,66.56819459,5.129927585,3.573343368,6.263510122,5.202598233,75.22651841
946,CNQ_TO,Transformer,2023-05-01,2025-05-01,47,4.441072098,3.762742567,4.927132281,4.493752144,7631591.73,3.414965292,2.964437127,3.743503437,3.47524636,6066954.444,9.246370895,7.799912268,10.36565927,9.377219979,61.41004047,8.115964346,6.321722997,9.410102745,8.086486175,67.73694342
947,CNQ_TO,Transformer,2023-05-01,2025-05-01,48,2.030475612,1.493825317,2.197541822,1.893207161,7558484.477,1.283323521,1.179344723,1.460776228,1.30395971,5969062.112,3.511131892,3.038611427,4.066975624,3.505756845,56.85443354,4.559454364,2.503825625,4.841753082,3.935618971,59.67649541
948,CNQ_TO,Transformer,2023-05-01,2025-05-01,49,5.682678456,5.506961127,6.757228373,6.422919717,8080846.237,4.5526341,4.447490248,5.47656314,5.203332298,6473930.169,12.2342214,11.65329915,14.98427932,13.92492878,73.39318964,9.41051739,8.645350207,11.15069355,10.29407562,85.91434068
949,CNQ_TO,Transformer,2023-05-01,2025-05-01,50,4.16354423,3.602925508,4.807690349,4.41235627,7582198.519,3.188616026,2.848601805,3.702390143,3.465928626,5928415.743,8.636157695,7.490495272,10.2327009,9.333597496,67.17855579,7.667106259,6.020290043,9.034167112,7.776916306,81.77760657
950,CNQ_TO,Transformer,2024-01-01,2026-01-01,1,3.505144831,3.589171107,3.623190654,3.410704699,13820686.08,2.756372564,2.838358412,2.877373441,2.655798187,10842349.41,6.173475537,6.299408766,6.504267868,5.958660861,90.17390587,4.948231327,4.974250269,5.082044054,4.902837015,206.2425589
951,CNQ_TO,Transformer,2024-01-01,2026-01-01,2,3.886262832,4.186961908,4.391786073,3.930195135,13864117.79,3.150171054,3.423423885,3.622005827,3.172379884,10865828.51,7.044643057,7.583405738,8.169399623,7.104143408,90.14424932,5.208686065,5.467603435,5.741105917,5.322968519,206.2520385
952,CNQ_TO,Transformer,2024-01-01,2026-01-01,3,0.895384489,1.050663241,0.991379576,0.935493228,14563548.1,0.735891671,0.862990873,0.799396453,0.769473117,11277316.97,1.628005856,1.896978633,1.768260356,1.693624471,86.13280458,1.150667923,1.346540153,1.279312761,1.174918251,192.3281913
953,CNQ_TO,Transformer,2024-01-01,2026-01-01,4,2.989974569,3.329082397,2.91459077,3.119215711,13934067.08,2.257673671,2.590380862,2.228429446,2.364438571,10899659.23,5.066502062,5.753841591,5.046594921,5.311461426,88.70696193,4.473230438,4.730475846,4.334306876,4.65409208,200.894252
954,CNQ_TO,Transformer,2024-01-01,2026-01-01,5,1.561831706,1.321758585,1.668579812,1.472620337,14211893.56,1.158362349,1.072287436,1.173913722,1.085345409,11098979.56,2.522614621,2.322044504,2.574634676,2.365191929,88.50298233,2.250954375,1.621901987,2.572471146,2.142196634,196.9402009
955,CNQ_TO,Transformer,2024-01-01,2026-01-01,6,4.729799408,4.5520906,4.914440691,4.3673697,13744481.8,3.742521807,3.627421194,3.925742597,3.426467693,10776340.41,8.370087708,8.040610673,8.859827565,7.67688546,89.79489976,6.583725332,6.212347403,6.792810102,6.17835807,206.7328882
956,CNQ_TO,Transformer,2024-01-01,2026-01-01,7,1.437321837,2.114693312,1.435985182,1.682246347,13990032.72,1.146638784,1.639653136,1.136354516,1.292702125,10956958.87,2.562952472,3.640146362,2.563928725,2.90010938,89.37864499,2.006058112,3.035589289,2.045885466,2.494093103,201.755051
957,CNQ_TO,Transformer,2024-01-01,2026-01-01,8,1.500611113,1.641640874,1.448532806,1.356519809,13888082.07,1.199878912,1.327645986,1.171724762,1.091907594,10936116.76,2.679205377,2.934464595,2.637173164,2.437931332,91.09080909,2.075213437,2.197246151,1.975183345,1.862842217,205.3040971
958,CNQ_TO,Transformer,2024-01-01,2026-01-01,9,3.350955505,3.462975353,3.867984628,3.452730348,13633713.43,2.710024816,2.815120718,3.196830998,2.788457259,10744583.2,6.063978332,6.241651803,7.213235112,6.247549576,92.3028391,4.519165639,4.582712893,5.04450449,4.683751701,213.796456
959,CNQ_TO,Transformer,2024-01-01,2026-01-01,10,4.061120291,4.708398526,4.353579216,4.260442779,13947204.07,3.245378223,3.823028889,3.531214516,3.400556544,10903907.74,7.259427523,8.467024363,7.968402714,7.614389422,88.82388987,5.572330449,6.215728736,5.868779902,5.866344112,201.2915828
960,CNQ_TO,Transformer,2024-01-01,2026-01-01,11,1.558350687,1.086543331,1.594623956,1.227392759,14434845.08,1.277305145,0.865327585,1.284892705,1.001609742,11227586.84,2.788088982,1.890552725,2.826660257,2.188606382,86.93549632,1.914235884,1.437063735,2.039227322,1.520389619,190.9153891
961,CNQ_TO,Transformer,2024-01-01,2026-01-01,12,1.185486037,1.461477682,1.187092893,1.252197882,13896365.76,0.964805095,1.178802077,0.949776566,1.013290132,10874931.92,2.115704519,2.601600246,2.114053608,2.253245396,88.87461458,1.49190861,1.965695541,1.588543179,1.685621123,200.4249547
962,CNQ_TO,Transformer,2024-01-01,2026-01-01,13,2.676287221,2.67138646,3.014679138,2.489326475,14841415.45,2.111746574,2.104426429,2.431464511,1.902324631,11483051.23,4.737145317,4.678193201,5.501680255,4.280340454,84.26097541,3.78580942,3.750204394,4.150734933,3.710294475,190.0359806
963,CNQ_TO,Transformer,2024-01-01,2026-01-01,14,1.612270458,1.163586331,1.645468829,1.470824801,15165982.34,1.313983898,0.903275501,1.316903024,1.190405282,11710137.87,2.867579101,1.950366667,2.895296735,2.597305436,83.43742358,2.002579171,1.540590238,2.129788544,1.851589995,178.4692399
964,CNQ_TO,Transformer,2024-01-01,2026-01-01,15,1.644731046,2.246499346,1.735362676,1.915643464,14097017.55,1.292013746,1.721688958,1.352945858,1.461300293,11027090.72,2.875257663,3.815410728,3.041478568,3.267942264,88.99916481,2.314537069,3.257725076,2.490624626,2.831176166,199.3023405
965,CNQ_TO,Transformer,2024-01-01,2026-01-01,16,2.954874858,1.497570185,3.080827991,2.141781977,14833721.72,2.579920595,1.236140065,2.69496487,1.864473432,11463919.71,5.699018398,2.677474424,6.010361067,4.110016365,84.20808983,3.180774859,1.783234861,3.32964064,2.304352556,181.6204431
966,CNQ_TO,Transformer,2024-01-01,2026-01-01,17,1.11120423,1.187400721,1.108249791,1.06229229,14181352.52,0.86147378,0.970281876,0.852634095,0.86463873,11115739.81,1.882502224,2.12115573,1.881539408,1.902669118,89.15565108,1.505235725,1.49947053,1.522633387,1.342544137,198.0537613
967,CNQ_TO,Transformer,2024-01-01,2026-01-01,18,1.926996133,1.097218875,2.053686068,1.602110438,14577345.51,1.669944145,0.893925213,1.749633026,1.346016547,11324328.2,3.688648519,1.933611301,3.899448754,2.963513737,88.19019885,2.12509705,1.354915586,2.39293353,1.90811025,200.7343573
968,CNQ_TO,Transformer,2024-01-01,2026-01-01,19,1.907572197,2.087742159,2.392455547,1.893544419,14114532.51,1.502811953,1.666667947,2.004900283,1.525070543,10966257.39,3.293446173,3.615188791,4.451943471,3.346635435,89.22969389,2.5399703,2.672368093,2.8543708,2.430726928,202.9651241
969,CNQ_TO,Transformer,2024-01-01,2026-01-01,20,6.437058214,5.677994781,6.802286196,6.128164297,14391139.18,5.10483466,4.532224978,5.430250181,4.855521847,11135811.49,11.4121184,10.04382668,12.2513542,10.87036137,85.33832997,8.92513055,7.72992192,9.410405631,8.525316712,194.3075837
970,CNQ_TO,Transformer,2024-01-01,2026-01-01,21,2.300767489,3.222704834,2.612524627,2.965508222,13665768.68,1.734296074,2.444286984,1.973157413,2.207609111,10750066.8,3.89060971,5.43336699,4.468905628,4.960846617,90.76412226,3.465801601,4.743200693,3.953740626,4.526636429,208.4366275
971,CNQ_TO,Transformer,2024-01-01,2026-01-01,22,1.307102484,1.35260875,1.19711646,1.158085445,14684799.73,1.004614465,1.115925109,0.989645245,0.959352799,11409521.84,2.193171227,2.447753649,2.193676092,2.11546862,85.62093439,1.789334836,1.701741441,1.454008644,1.42340298,183.4252202
972,CNQ_TO,Transformer,2024-01-01,2026-01-01,23,3.476608125,3.614948723,3.625768557,3.450930706,13456514.77,2.765766825,2.876952004,2.91214537,2.710250402,10661346.83,6.19196158,6.383251094,6.58006032,6.078679983,93.54921148,4.819801282,4.959272948,4.992250321,4.897927007,217.6282152
973,CNQ_TO,Transformer,2024-01-01,2026-01-01,24,0.81967485,1.149742455,0.796751933,0.827818655,14508827.29,0.664068749,0.963532428,0.634915838,0.698394984,11274543.41,1.452131548,2.116847052,1.404288906,1.54165276,87.99821898,1.031460199,1.405094413,1.039695011,0.990033472,197.2679381
974,CNQ_TO,Transformer,2024-01-01,2026-01-01,25,1.297519535,1.239469334,1.556462208,1.4019353,14161538.42,1.074866925,0.980404813,1.129704639,1.027620111,11096857.09,2.357817909,2.122766491,2.477091279,2.239140423,89.08959104,1.559608474,1.592246636,2.320606938,2.053730526,196.3879065
975,CNQ_TO,Transformer,2024-01-01,2026-01-01,26,2.176513547,2.306916384,2.495876465,2.109274465,13796014.39,1.655928326,1.760271245,1.88145851,1.597116459,10806233.51,3.711763242,3.910225094,4.260694703,3.5855157,88.87647212,3.244855562,3.388338112,3.792214176,3.179569848,201.3121902
976,CNQ_TO,Transformer,2024-01-01,2026-01-01,27,4.146443213,4.64258786,4.235501586,4.3758212,13810943.54,3.266963245,3.749495201,3.356260968,3.475529251,10825884.71,7.311707798,8.307201241,7.582539533,7.784710429,90.06277994,5.825277833,6.194515067,5.951005732,6.07849105,207.3553691
977,CNQ_TO,Transformer,2024-01-01,2026-01-01,28,3.628158523,3.803481248,3.827621959,3.73154336,13743703.32,2.839938813,2.996347848,3.02808234,2.907221311,10801888.64,6.362531583,6.650694576,6.846405214,6.521816983,91.23728406,5.159840062,5.302938699,5.403264708,5.356164652,210.3970497
978,CNQ_TO,Transformer,2024-01-01,2026-01-01,29,1.686815789,1.761773118,2.085852075,1.420519071,13781936.56,1.337309839,1.355080445,1.719023218,1.151992599,10798506.54,2.91242427,2.915251677,3.787191707,2.511870388,91.92324232,2.197078232,2.375089232,2.54364053,1.773494797,212.5907001
979,CNQ_TO,Transformer,2024-01-01,2026-01-01,30,2.574384203,2.880179744,2.466061724,2.374614745,14044455.46,1.875057887,2.14491241,1.823991051,1.742514327,11010207.96,4.197852179,4.759922728,4.112623809,3.9008238,89.64505487,4.000031148,4.320249582,3.786851557,3.663152564,201.3983087
980,CNQ_TO,Transformer,2024-01-01,2026-01-01,31,2.324848953,1.680630895,2.381665756,2.076914775,14276569.89,1.979524942,1.275158098,2.036559282,1.775828199,11132028.13,4.34186754,2.745118512,4.510092986,3.891333923,87.78762552,2.624714984,2.310545091,2.678116816,2.316450571,194.1252563
981,CNQ_TO,Transformer,2024-01-01,2026-01-01,32,1.48010709,1.226582164,1.530935775,1.597212992,14726135.8,1.211166893,0.954489465,1.226115567,1.301187235,11372883.33,2.648948822,2.056768952,2.701837477,2.844679747,85.1569655,1.831096682,1.617782564,1.988337599,1.996802868,188.9459359
982,CNQ_TO,Transformer,2024-01-01,2026-01-01,33,4.550606817,4.309939983,4.815940686,4.282064612,14155430.76,3.317367052,3.248568394,3.580779984,3.148944205,11004040.33,7.443413081,7.218818384,8.103923471,7.07247706,87.36724918,7.059162723,6.376460078,7.362049079,6.591204364,199.1735307
983,CNQ_TO,Transformer,2024-01-01,2026-01-01,34,1.879436223,1.547535528,1.815083401,1.471230353,13903717.34,1.550227499,1.252787732,1.504393521,1.193025053,10845380.59,3.400575859,2.71412787,3.33261245,2.611163517,86.05339194,2.297143365,1.929461524,2.211777623,1.86376882,186.8743489
984,CNQ_TO,Transformer,2024-01-01,2026-01-01,35,2.983878263,3.45769645,2.814375296,3.064276029,13844043.87,2.331059397,2.742939059,2.185029407,2.372484608,10861097.77,5.225831815,6.087884512,4.949417576,5.32733974,90.32807245,4.266413423,4.772927853,4.10648263,4.453345223,206.9377864
985,CNQ_TO,Transformer,2024-01-01,2026-01-01,36,3.650118595,2.108428852,3.532232404,2.835179087,15004836.21,3.235158644,1.800274411,3.10764936,2.531576349,11610183.83,7.137711431,3.9090373,6.917714783,5.578749853,84.54432071,3.716835164,2.325926045,3.717887316,2.785439511,180.9574532
986,CNQ_TO,Transformer,2024-01-01,2026-01-01,37,3.100943517,1.871522992,3.467524446,2.663434236,14902639.05,2.71702718,1.545305214,3.024004624,2.349063838,11540046.21,5.987956097,3.344760064,6.729062377,5.169810822,84.13478413,3.268310655,2.230554335,3.750576488,2.727989059,180.3863751
987,CNQ_TO,Transformer,2024-01-01,2026-01-01,38,2.447067385,1.731144586,2.536282608,2.174872564,14279149.99,2.135202275,1.351733894,2.183293256,1.891341137,11122268.6,4.681141191,2.907729005,4.829935114,4.138710423,87.49335839,2.568858127,2.281896108,2.79679996,2.304091662,193.7436438
988,CNQ_TO,Transformer,2024-01-01,2026-01-01,39,2.568751583,1.386873357,2.205417933,1.844819245,14440923.2,2.230495242,1.066608668,1.882610794,1.555345361,11235945.25,4.906338718,2.295722357,4.170218065,3.406189698,87.76573854,2.770620882,1.869662496,2.500323627,2.14295981,194.2841931
989,CNQ_TO,Transformer,2024-01-01,2026-01-01,40,1.898822126,1.422816578,1.817754513,1.662947423,14373045.07,1.536853416,0.967671916,1.473488604,1.294052668,11186814.24,3.365201272,2.077456348,3.254403682,2.827342372,86.75999167,2.402192301,2.207960577,2.303535881,2.254206983,189.6014557
990,CNQ_TO,Transformer,2024-01-01,2026-01-01,41,3.684541237,3.836526398,4.058170275,3.720128783,13994993.15,2.794775001,2.976221412,3.137987795,2.830566216,10928138.32,6.266364511,6.608502473,7.096308547,6.353150847,88.61770259,5.466455243,5.466960098,5.911397146,5.507710729,202.2375565
991,CNQ_TO,Transformer,2024-01-01,2026-01-01,42,2.240531395,2.689127272,2.365078539,2.359997966,13797212.74,1.693664558,2.06310247,1.805872403,1.77710318,10822426.47,3.801526695,4.586297816,4.090846058,3.994655847,89.9969621,3.364989887,3.909483762,3.537938821,3.573022644,204.6023088
992,CNQ_TO,Transformer,2024-01-01,2026-01-01,43,1.211703154,0.943454988,1.4966868,1.249802206,14352559.17,1.057425258,0.759070481,1.282709626,1.066622187,11258645.04,2.321598491,1.638601846,2.846808449,2.341760711,90.76900025,1.28153849,1.180615405,1.692263846,1.413144698,199.8929458
993,CNQ_TO,Transformer,2024-01-01,2026-01-01,44,2.61673102,2.436698787,2.349169233,2.267424939,13683144.64,1.951202435,1.85217636,1.789439343,1.702447521,10794945.66,4.377920274,4.113102787,4.047755253,3.821208048,91.55712191,3.978926818,3.585179974,3.514456432,3.437313735,208.7508866
994,CNQ_TO,Transformer,2024-01-01,2026-01-01,45,3.014977994,3.05088703,3.448913967,2.947760515,14012112.04,2.287810716,2.353539352,2.683921154,2.223862014,10946322.74,5.133673893,5.230779206,6.072995875,4.998147649,88.92210673,4.484111494,4.395883212,4.993045986,4.432699297,202.0521025
995,CNQ_TO,Transformer,2024-01-01,2026-01-01,46,2.582087939,3.651947263,3.51171231,3.445033864,14881834.91,1.960427911,2.930840469,2.792719626,2.702100087,11474583.08,4.403814304,6.502747906,6.31753215,6.064306566,83.87755625,3.858777758,4.951671978,4.936043297,4.914821868,185.7857392
996,CNQ_TO,Transformer,2024-01-01,2026-01-01,47,2.075918312,4.222266472,4.141832987,3.900255593,13667513.58,1.630827031,3.404673536,3.323411894,3.097101483,10721904.18,3.646200246,7.547002955,7.507162576,6.941414504,89.46080919,2.9567399,5.658954408,5.705002871,5.434632316,203.7231041
997,CNQ_TO,Transformer,2024-01-01,2026-01-01,48,1.688961097,1.099602034,1.696688708,1.358156031,15015210.45,1.311666274,0.941685433,1.361929947,1.008673976,11609876.96,2.876510095,2.044645293,3.018740104,2.204576515,84.98029357,2.307645052,1.196300513,2.206731485,1.969286937,182.8419508
998,CNQ_TO,Transformer,2024-01-01,2026-01-01,49,3.515198148,3.724833391,3.759402525,3.291615972,13941363.03,2.774372575,2.970215555,3.019959822,2.55591181,10903994.44,6.213763163,6.589661914,6.823236552,5.736598622,88.83109955,4.935607158,5.093157409,5.172169413,4.755587145,201.942892
999,CNQ_TO,Transformer,2024-01-01,2026-01-01,50,2.580167925,2.300011511,2.381842893,1.993830437,14000050.24,1.987330099,1.805802567,1.872050785,1.52406872,10966762.2,4.458523854,4.011058105,4.236840032,3.42495892,89.28605424,3.766960965,3.242271563,3.417192318,2.972492851,201.0444353
1000,BHP,Transformer,2022-01-01,2024-01-01,1,4.154005769,4.478693993,4.234802175,4.733720326,1241638.988,3.01841241,3.324198362,3.011921037,3.554619981,1107066.847,5.000041319,5.474593583,4.999605122,5.888016335,62.49495665,4.570685548,4.77701841,4.789404579,4.993717108,46.97359546
1001,BHP,Transformer,2022-01-01,2024-01-01,2,5.646141179,5.574312226,5.440558047,5.905158841,1009818.552,4.675190366,4.596212944,4.432541652,4.901465234,868022.0813,7.849757265,7.654624788,7.464962603,8.20939477,49.9101626,5.081263822,5.029536605,5.082958413,5.276690962,42.31171698
1002,BHP,Transformer,2022-01-01,2024-01-01,3,6.97100605,6.969702052,6.956036593,7.338396871,986336.1054,5.554224392,5.547831755,5.46542653,5.870562398,849517.0857,9.282450303,9.200902675,9.163396034,9.788762135,48.84315317,6.724145835,6.697537302,6.895881617,7.02118391,41.58089696
1003,BHP,Transformer,2022-01-01,2024-01-01,4,7.633314602,7.698860156,7.590309885,8.122871531,1073249.9,6.124520142,6.188924744,6.024941798,6.558821745,930769.5345,10.24526998,10.27592509,10.11413304,10.94879614,53.31343253,7.288123691,7.277539109,7.408896862,7.650190314,43.72853456
1004,BHP,Transformer,2022-01-01,2024-01-01,5,8.34845447,8.416107305,8.24168478,8.881609885,1190669.44,6.833283339,6.892089668,6.679718021,7.303127062,1034063.012,11.45193707,11.46407441,11.23583036,12.21327518,58.94101931,7.652091862,7.659667749,7.728023338,8.051032511,47.13102859
1005,BHP,Transformer,2022-01-01,2024-01-01,6,6.851792444,6.691912773,6.774530197,7.077115223,930351.0724,5.618916293,5.472523182,5.481190173,5.827634419,804983.2956,9.412577348,9.095875041,9.211737447,9.740480353,46.07489279,6.217437401,6.075634909,6.337631314,6.357167732,39.63979483
1006,BHP,Transformer,2022-01-01,2024-01-01,7,8.752979724,8.779173452,8.711415115,9.30443202,1223885.972,7.28343588,7.297369951,7.178715864,7.770554436,1060825.232,12.2243289,12.15449494,12.09369732,13.01336524,60.30768249,7.723081267,7.719164229,7.878163319,8.126354854,47.89420649
1007,BHP,Transformer,2022-01-01,2024-01-01,8,8.393444812,8.466225341,8.281438993,8.960334091,1069964.103,6.79746803,6.854399455,6.621872053,7.293633766,930374.063,11.37762422,11.38648761,11.12124937,12.18248535,53.37395727,7.841134809,7.869527943,7.950492757,8.275328618,44.00392096
1008,BHP,Transformer,2022-01-01,2024-01-01,9,8.628836781,8.612102121,8.247019347,9.017706428,1031094.544,6.85097956,6.832027997,6.445167066,7.178196069,896062.6429,11.44817603,11.32922459,10.80238114,11.96579916,51.57599722,8.385014956,8.330393615,8.253724962,8.711453397,43.41336193
1009,BHP,Transformer,2022-01-01,2024-01-01,10,7.205543524,7.301066246,7.211346715,7.700395935,1118514.287,5.80823207,5.886427564,5.738935531,6.244609654,964046.1529,9.716178432,9.772976868,9.632189688,10.42456001,54.96830723,6.789056866,6.838422754,6.978828663,7.161252074,44.66020464
1010,BHP,Transformer,2022-01-01,2024-01-01,11,8.977398388,8.785355974,8.573147599,9.276547526,1066073.837,7.283846568,7.111192182,6.862529793,7.54697252,923003.192,12.19458906,11.8128898,11.52677612,12.60495586,52.791688,8.364586015,8.175335731,8.221407044,8.583301337,43.07982375
1011,BHP,Transformer,2022-01-01,2024-01-01,12,8.47477393,8.264211777,8.245876492,8.690689722,1027758.156,6.873193554,6.680008542,6.59703385,7.057350206,887181.5719,11.50820011,11.09681427,11.08243475,11.78696842,50.83014991,7.913481888,7.723430767,7.927438235,8.084755702,42.56196891
1012,BHP,Transformer,2022-01-01,2024-01-01,13,1.134272624,1.188975033,1.18298347,1.171569007,1176826.982,0.977982803,1.034730713,1.020064907,1.020799729,1041816.015,1.660525211,1.74534302,1.77140637,1.733516016,58.35616385,0.941896476,0.95284287,1.063827208,0.940238239,44.19153383
1013,BHP,Transformer,2022-01-01,2024-01-01,14,8.186695799,8.118321078,8.117513461,8.60372359,1013484.946,6.783659956,6.717908581,6.657952223,7.157795373,871922.2225,11.3808305,11.18418961,11.21118386,11.98236484,50.33667846,7.293431696,7.211641508,7.416936279,7.583303489,43.2285124
1014,BHP,Transformer,2022-01-01,2024-01-01,15,2.083282331,1.939721489,2.379847584,2.069639352,1072263.391,1.822467137,1.656512155,2.078138544,1.790357124,947082.3574,3.140054015,2.8389553,3.602452419,3.078191944,53.65236443,1.783666976,1.781947112,2.065739685,1.829878409,41.8107806
1015,BHP,Transformer,2022-01-01,2024-01-01,16,5.767737503,5.834619692,5.71422302,6.15338415,1192968.332,4.247543861,4.314407225,4.131789166,4.582242198,1015762.209,7.048773853,7.107352842,6.873728819,7.589416479,57.03477743,6.267805776,6.277006888,6.364790755,6.591186163,46.05159054
1016,BHP,Transformer,2022-01-01,2024-01-01,17,3.526447765,3.466781178,3.302817942,3.642604422,1101201.913,2.754149973,2.702588511,2.499407338,2.859182045,958406.7793,4.594256999,4.473387634,4.175289797,4.758660925,54.22984762,3.53344091,3.468397982,3.484415705,3.624052401,43.30032536
1017,BHP,Transformer,2022-01-01,2024-01-01,18,5.749035671,5.87918724,5.425616015,6.194024747,1030743.738,4.587750861,4.704715639,4.228279299,4.991052218,888704.0838,7.666164156,7.804180686,7.080886223,8.325240438,50.86728845,5.520793718,5.587180646,5.443177744,5.835803855,42.31239611
1018,BHP,Transformer,2022-01-01,2024-01-01,19,8.373771341,8.351449364,7.868280513,8.813956338,1006575.897,6.755245539,6.732095661,6.24358306,7.143469583,866020.6381,11.30104139,11.17682793,10.47556644,11.92452795,49.77396343,7.869640267,7.815923433,7.644621333,8.197026014,42.30660107
1019,BHP,Transformer,2022-01-01,2024-01-01,20,8.535572601,8.630950349,8.708316348,9.138938732,1092295.846,7.126654118,7.199895136,7.210753409,7.660703892,951634.1632,11.96652034,11.99681416,12.15432122,12.83480493,54.68685888,7.476821626,7.525672089,7.792529225,7.911471842,44.92234283
1020,BHP,Transformer,2022-01-01,2024-01-01,21,8.008550416,7.767078625,7.916886115,8.209930471,1053279.949,6.559932379,6.347606077,6.415145936,6.743295562,907261.8759,10.99423839,10.55520148,10.79017926,11.27448727,52.3288399,7.326351065,7.094756394,7.424109848,7.454309059,43.91826549
1021,BHP,Transformer,2022-01-01,2024-01-01,22,7.391244666,7.072816925,6.976263571,7.493398715,1109726.106,5.836434211,5.561788102,5.401719076,5.932866328,948169.0058,9.745124182,9.212180307,9.04239816,9.881248479,54.09331467,7.238447554,6.936124223,7.075923761,7.29580408,44.80557402
1022,BHP,Transformer,2022-01-01,2024-01-01,23,9.160742209,8.673083799,8.570223286,9.184251243,1220907.073,7.611054224,7.17933058,7.025977255,7.63780928,1056950.866,12.77468551,11.95421327,11.83198819,12.78702385,60.0143911,8.127746263,7.709717657,7.851102624,8.114370129,47.93860165
1023,BHP,Transformer,2022-01-01,2024-01-01,24,5.126193926,5.24777293,4.860287466,5.45014572,927436.2664,4.054205404,4.154392493,3.744984973,4.334114239,796604.5108,6.774364673,6.889390639,6.270768082,7.225892586,45.73790524,5.042989655,5.124127202,5.007481489,5.307671712,39.04250119
1024,BHP,Transformer,2022-01-01,2024-01-01,25,2.930143023,3.114731781,2.873187374,3.265515956,944980.8097,2.257150354,2.423201047,2.137761965,2.562780896,815444.4013,3.759760526,4.009309515,3.564590399,4.264194377,46.46776269,2.994377907,3.121067931,3.094647661,3.243021956,39.1654401
1025,BHP,Transformer,2022-01-01,2024-01-01,26,7.671156243,7.736994473,7.752483997,8.203446624,1006416.221,6.292821923,6.347837391,6.298789989,6.767762468,865686.2528,10.54760657,10.55960313,10.59696009,11.32036974,49.8719615,6.991004714,7.006061899,7.226328332,7.37313356,42.51271596
1026,BHP,Transformer,2022-01-01,2024-01-01,27,6.988380083,6.970509142,6.827574286,7.329848521,957273.0889,5.709046601,5.690932259,5.51059766,6.007565605,816924.3689,9.572736411,9.468497933,9.271905494,10.04937711,47.31982079,6.47771848,6.42438772,6.500218705,6.737215757,41.57838649
1027,BHP,Transformer,2022-01-01,2024-01-01,28,0.859490321,0.861268296,1.058747781,0.851725498,849539.7325,0.699258716,0.726773519,0.817798172,0.725720423,733578.9753,1.206090737,1.24902651,1.441505735,1.255301981,41.64375866,0.877113561,0.816324427,1.210427165,0.790184634,36.09125136
1028,BHP,Transformer,2022-01-01,2024-01-01,29,0.892045256,0.895482736,1.021494499,0.892072861,867887.814,0.716907641,0.742962128,0.820587764,0.75851263,750609.8543,1.24009067,1.280586822,1.437411679,1.310958593,42.29409858,0.937296301,0.888740158,1.093661094,0.830431813,35.68944106
1029,BHP,Transformer,2022-01-01,2024-01-01,30,5.701859306,5.855362692,5.557116603,6.139492835,1014747.741,4.550261071,4.688968024,4.357228697,4.941358317,876312.9835,7.604715756,7.779401194,7.302400161,8.242464762,50.18617574,5.485807847,5.564425421,5.529170365,5.807470664,41.99484881
1030,BHP,Transformer,2022-01-01,2024-01-01,31,9.976626212,9.626194388,9.796939356,10.21457176,1065624.535,8.047754892,7.744757159,7.823985894,8.256275269,928960.557,13.46844898,12.85995115,13.14162578,13.78341145,53.24231953,9.411168302,9.069390729,9.442638355,9.581524299,44.17889915
1031,BHP,Transformer,2022-01-01,2024-01-01,32,9.350767613,9.606323763,9.455847583,10.12185841,1068883.13,7.790408803,8.007619671,7.817058706,8.472211934,931729.5562,13.07470418,13.3398124,13.17161357,14.19007589,53.49892198,8.213804104,8.379295921,8.480282788,8.781007363,44.15823662
1032,BHP,Transformer,2022-01-01,2024-01-01,33,4.002690584,3.940521413,3.676261912,4.127505985,1025174.551,3.221174043,3.157236458,2.853562119,3.336510676,891585.5052,5.38652669,5.23746679,4.776315842,5.566538373,50.6434332,3.789671407,3.745095902,3.719669147,3.874505135,41.02707771
1033,BHP,Transformer,2022-01-01,2024-01-01,34,4.146814111,4.160770953,4.07233537,4.373331119,936448.3476,3.033791251,3.048179804,2.920005385,3.23817297,809545.1613,5.032119276,5.018236115,4.854343438,5.360944629,46.02864724,4.556610876,4.540945549,4.592041706,4.733495515,38.43096588
1034,BHP,Transformer,2022-01-01,2024-01-01,35,7.298232494,6.899485771,6.787767603,7.292533152,1012918.81,5.629083978,5.289741445,5.096492723,5.621214352,865039.3291,9.379463899,8.74172001,8.507656505,9.339316245,49.51429389,7.431861664,7.048674989,7.206444267,7.42553309,41.80570427
1035,BHP,Transformer,2022-01-01,2024-01-01,36,8.227998703,7.977539869,7.987980709,8.425281697,997318.9349,6.739469437,6.512235642,6.457567153,6.91551207,858574.2429,11.2933914,10.82678874,10.85732549,11.56044805,49.5451511,7.516728801,7.297625444,7.516500663,7.652396442,42.29195223
1036,BHP,Transformer,2022-01-01,2024-01-01,37,6.813449444,6.842705973,6.727930201,7.193320509,1307255.288,5.527692447,5.555215843,5.384547541,5.865263376,1119733.93,9.254336829,9.230719909,9.044199763,9.798328494,63.06671618,6.352155742,6.334008976,6.456449561,6.631273187,49.95764056
1037,BHP,Transformer,2022-01-01,2024-01-01,38,9.474965442,9.411684563,9.27378572,9.908345258,1139652.093,7.810618806,7.750987179,7.563408704,8.193905214,995744.5178,13.09786274,12.89873948,12.72935819,13.70921697,56.84920486,8.54508657,8.453718759,8.580082353,8.857526901,45.26786021
1038,BHP,Transformer,2022-01-01,2024-01-01,39,6.75952667,6.714601854,6.655289897,7.065331378,938061.3484,5.341890923,5.304467531,5.16989854,5.616884226,806741.4316,8.918805657,8.788923091,8.656084259,9.357639811,46.40753956,6.598816203,6.523671965,6.705341998,6.818203274,39.83850872
1039,BHP,Transformer,2022-01-01,2024-01-01,40,8.79368375,9.052259064,8.563749404,9.565871841,1091825.345,7.25883121,7.480333924,6.998668761,7.940521741,945954.9139,12.17262673,12.45162305,11.78040432,13.28944081,54.36256141,7.895499687,8.061715751,7.882770316,8.469582632,44.74166096
1040,BHP,Transformer,2022-01-01,2024-01-01,41,4.585137859,4.860800444,4.626493078,5.095406937,924131.0658,3.18940076,3.449350781,3.179533482,3.642374257,794938.1169,5.264154703,5.659389235,5.262690875,6.007622037,44.98861494,5.28891015,5.465995763,5.41380417,5.71150866,37.79260516
1041,BHP,Transformer,2022-01-01,2024-01-01,42,6.293229521,5.967158952,5.953913666,6.322012026,1247953.1,4.868253509,4.583643964,4.485089988,4.895854627,1085680.594,8.111728753,7.574477506,7.48718524,8.135654275,60.6095081,6.366808048,6.071957493,6.282884196,6.382092481,46.27967785
1042,BHP,Transformer,2022-01-01,2024-01-01,43,7.357809519,7.402230958,7.421687843,7.798205194,1033001.254,5.878651385,5.919458835,5.873209524,6.26820248,877402.4452,9.828342366,9.822475277,9.854982522,10.45762612,50.20418425,7.07147605,7.061743699,7.276940169,7.403201622,42.93353307
1043,BHP,Transformer,2022-01-01,2024-01-01,44,7.993734493,7.975039665,7.940113466,8.418732993,998557.4409,6.617872127,6.595883263,6.505435274,6.999146995,857685.4974,11.10190083,10.98044037,10.95317895,11.71589675,49.51170685,7.136050864,7.091957446,7.27069307,7.431021267,42.7208967
1044,BHP,Transformer,2022-01-01,2024-01-01,45,6.753578794,6.952333217,6.901772701,7.286627779,1126999.679,5.387810417,5.568179623,5.451118779,5.870726227,978904.1561,9.003856551,9.23855994,9.142336818,9.793886575,55.8859076,6.489477715,6.597004428,6.772181942,6.86662822,44.83857696
1045,BHP,Transformer,2022-01-01,2024-01-01,46,3.730512563,3.926176715,3.542531168,4.141745445,966032.3551,2.98310752,3.139671826,2.740411603,3.338404231,833703.435,4.98882569,5.210410784,4.588893933,5.571761425,47.53350734,3.593196648,3.761071915,3.621734802,3.929450552,39.7085698
1046,BHP,Transformer,2022-01-01,2024-01-01,47,8.51457785,8.619742094,8.359402772,9.119556295,1060651.483,7.067441198,7.153975953,6.864861229,7.605949836,919282.7612,11.85735811,11.91293754,11.55960648,12.73501571,52.94533732,7.544237779,7.597111713,7.606998523,7.981469249,44.20751392
1047,BHP,Transformer,2022-01-01,2024-01-01,48,9.337062211,9.284625107,9.309694877,9.786459997,1053471.182,7.695620536,7.644252149,7.60319862,8.093529069,917519.6704,12.90387302,12.72025376,12.7973446,13.54084365,52.74287583,8.413800355,8.33663884,8.578741675,8.739054718,44.04901484
1048,BHP,Transformer,2022-01-01,2024-01-01,49,7.931311616,7.745208852,7.826681626,8.185653202,1079050.631,6.405510041,6.244203752,6.243430833,6.636414672,931372.2943,10.71920215,10.36825804,10.48332428,11.07991802,53.467582,7.455314703,7.261589856,7.550567999,7.624276586,43.98846763
1049,BHP,Transformer,2022-01-01,2024-01-01,50,8.089204506,8.185077849,8.0285294,8.619700132,986400.417,6.601227193,6.678471237,6.483752891,7.064655348,844531.673,11.06063219,11.10550368,10.90338921,11.81131067,48.77678419,7.471563073,7.5172398,7.593885123,7.879656715,42.31961048
1050,BHP,Transformer,2022-09-01,2024-09-01,1,4.829150363,4.845300756,5.008849125,4.863332718,520835.1441,3.880007284,3.899912681,4.028443838,3.93852811,443392.7961,7.679023214,7.664255429,8.007414251,7.778831805,19.37124157,5.66335369,5.629917568,5.879932682,5.610613717,14.39777507
1051,BHP,Transformer,2022-09-01,2024-09-01,2,2.931812794,1.280205565,3.666985475,1.812131586,478989.7233,2.578517467,1.057462803,3.308972183,1.528689418,386966.2065,5.070208269,2.056831921,6.558163758,2.992843725,15.5980473,2.68733473,1.379189573,3.061666476,1.872075532,10.57430463
1052,BHP,Transformer,2022-09-01,2024-09-01,3,3.310080466,1.645808807,3.969126613,2.137069724,489045.5681,2.986638269,1.413576803,3.655849514,1.880948506,407100.7709,5.880243376,2.754000836,7.253071817,3.690296426,17.28522885,2.747386355,1.614669661,2.996598764,1.950566808,12.66427945
1053,BHP,Transformer,2022-09-01,2024-09-01,4,1.059821783,1.332823913,1.380314129,1.100463337,476951.9778,0.808449679,1.112868441,1.158397916,0.8883162,394039.9599,1.593000032,2.18657896,2.294181284,1.756143975,16.19193617,1.339162519,1.45898163,1.470626892,1.296207848,10.84279346
1054,BHP,Transformer,2022-09-01,2024-09-01,5,5.740892175,3.239144502,6.565824318,3.926513654,510141.1078,4.945445376,2.67977387,5.735947355,3.28948176,432613.3324,9.739541103,5.228091776,11.37380605,6.45698196,18.58386315,5.641691007,3.496139705,6.217973445,4.133600795,13.45814095
1055,BHP,Transformer,2022-09-01,2024-09-01,6,2.398855418,1.228310532,3.091543733,1.600213159,511026.2403,1.996688398,0.956857937,2.700390272,1.279582314,439102.5318,3.915590526,1.859252928,5.342841838,2.500594917,19.10315664,2.565721762,1.476639014,2.915163919,1.848520187,13.56211655
1056,BHP,Transformer,2022-09-01,2024-09-01,7,3.282547589,1.781600309,3.640799667,2.213580791,535315.6521,3.033346992,1.568479237,3.408875652,2.015457585,466027.9142,6.003597933,3.078662846,6.794611033,3.982138115,20.3117836,2.490866841,1.655574373,2.574004444,1.813236128,13.82449285
1057,BHP,Transformer,2022-09-01,2024-09-01,8,4.668678163,2.50584679,4.997816811,3.10706806,508169.3921,4.231358249,2.268112119,4.58586887,2.816459236,440133.9219,8.348803858,4.436610446,9.110667691,5.543508142,19.07758221,3.830490121,2.04725564,3.886338945,2.53500103,13.11319101
1058,BHP,Transformer,2022-09-01,2024-09-01,9,3.645920791,2.104429851,4.512155728,2.694599592,495848.4819,3.31326117,1.878851031,4.15545784,2.42752227,424938.5742,6.532498628,3.670518949,8.253155532,4.773930186,18.22544584,2.943278767,1.818316547,3.42987425,2.254340133,12.56747931
1059,BHP,Transformer,2022-09-01,2024-09-01,10,3.005783515,1.80396992,3.680445114,2.232399171,534162.6218,2.580654045,1.476584852,3.278350419,1.861285487,461036.8336,5.071140641,2.873693187,6.494912225,3.645761918,20.21051501,2.971492627,1.988137886,3.240737639,2.373825973,14.60516028
1060,BHP,Transformer,2022-09-01,2024-09-01,11,5.833811105,3.901519856,6.558411668,4.568588202,588705.9371,5.036559284,3.285333756,5.742358803,3.879492257,492159.8949,9.924202547,6.418960249,11.39161844,7.624468023,21.93313179,5.705137581,4.049374726,6.175871982,4.660150331,17.97725684
1061,BHP,Transformer,2022-09-01,2024-09-01,12,6.832964501,4.249086479,7.488675308,4.996079813,542156.2057,5.782972037,3.490269512,6.410357192,4.13713923,458888.697,11.39308005,6.817690028,12.71164476,8.127737351,20.26086702,7.06014625,4.667896277,7.550919407,5.414796184,15.76447461
1062,BHP,Transformer,2022-09-01,2024-09-01,13,6.308105702,4.172851411,7.254384354,4.915196374,601961.1912,5.350411048,3.451955624,6.248117858,4.100142707,504541.8813,10.5409813,6.744255065,12.39274344,8.057158192,22.55307037,6.480829783,4.515693415,7.190438182,5.240698226,18.43747566
1063,BHP,Transformer,2022-09-01,2024-09-01,14,6.069289106,3.959575707,6.896945237,4.671407211,514921.669,5.136065733,3.27036478,5.925161395,3.886847251,433381.8282,10.11584964,6.387395281,11.74858759,7.635381239,18.83726368,6.269553618,4.297658517,6.882016915,5.007115364,14.38401157
1064,BHP,Transformer,2022-09-01,2024-09-01,15,4.598312279,3.682112926,5.625997966,4.236601829,536791.0944,4.009461029,3.200291697,4.964925284,3.682274763,451689.1204,7.90684879,6.263639123,9.85834244,7.24831544,19.83214337,4.379090212,3.517172444,5.181516327,4.064387126,15.42268478
1065,BHP,Transformer,2022-09-01,2024-09-01,16,1.009432923,1.560080152,1.108517129,1.266828194,498426.0725,0.867514217,1.286654593,0.894712651,0.984208224,391262.5567,1.716786601,2.544637013,1.767056055,1.96259974,15.28308337,1.028917303,1.779336502,1.275198243,1.618675306,10.56670381
1066,BHP,Transformer,2022-09-01,2024-09-01,17,6.443921664,4.181820839,7.323933662,4.89398746,608838.8023,5.497767644,3.478157029,6.349438158,4.10401434,513906.3902,10.83269987,6.796173009,12.59489048,8.065308157,23.12494405,6.521509914,4.472632268,7.122257802,5.155369237,18.50697871
1067,BHP,Transformer,2022-09-01,2024-09-01,18,2.622086382,1.295015084,3.098835567,1.672103801,512763.1929,2.416669134,1.110750974,2.924685985,1.488853236,433140.8041,4.759894897,2.165845034,5.80632824,2.922490573,18.94221669,1.960164728,1.278726495,1.990894214,1.471944302,14.48381015
1068,BHP,Transformer,2022-09-01,2024-09-01,19,5.662624076,4.556023398,7.198176006,5.367729302,550366.8775,4.656014179,3.854480474,6.200515915,4.544283532,457097.112,9.169705751,7.536629808,12.30111652,8.935899,20.14566991,6.259173648,4.681728572,7.139244218,5.528278143,16.61877556
1069,BHP,Transformer,2022-09-01,2024-09-01,20,2.737139894,1.115073966,3.032059154,1.426584321,501146.0057,2.521192542,0.917032093,2.853773657,1.215408231,423267.2141,4.969564917,1.79193239,5.669120048,2.387245629,18.2685238,2.064105187,1.224249332,2.007658654,1.456114539,13.44102267
1070,BHP,Transformer,2022-09-01,2024-09-01,21,4.695913936,3.106769856,5.520163438,3.714054615,550208.9204,4.09042625,2.665418959,4.88738316,3.20175892,468861.9085,8.060259054,5.208682908,9.698145967,6.294156888,20.77411069,4.47055452,3.069692777,5.005728937,3.635411796,15.79898863
1071,BHP,Transformer,2022-09-01,2024-09-01,22,6.828675854,4.378281923,7.923957168,5.203474497,509036.1821,5.732851323,3.569874668,6.746834038,4.281047272,424075.0877,11.292532,6.972890845,13.3785525,8.410168411,18.34109161,7.198072747,4.884015465,8.107762112,5.72019561,14.20653584
1072,BHP,Transformer,2022-09-01,2024-09-01,23,5.915073283,4.207059436,6.269010505,4.794278837,608647.3798,5.010236253,3.495887627,5.408543628,4.003932615,510457.563,9.869884492,6.831616745,10.72551513,7.868560205,22.98170891,6.100184825,4.510295171,6.183327231,5.100395237,18.92832997
1073,BHP,Transformer,2022-09-01,2024-09-01,24,5.959307967,3.044728597,6.249314106,3.756091868,481161.8611,5.329250534,2.704659327,5.61878557,3.333003597,395146.8972,10.51909631,5.292636443,11.16252283,6.561361657,16.13208562,5.189764956,2.693919723,5.355600694,3.353240492,10.80876156
1074,BHP,Transformer,2022-09-01,2024-09-01,25,2.737641839,1.331598725,3.203224515,1.756099929,481438.7718,2.456705378,1.128337029,2.9503147,1.513275339,396165.3911,4.832045283,2.198025912,5.848980286,2.965324854,16.17230189,2.323299137,1.352251559,2.413100075,1.716378867,10.71880376
1075,BHP,Transformer,2022-09-01,2024-09-01,26,4.420252403,2.756546944,5.604336493,3.386697889,503871.915,3.948326389,2.425513992,5.052080006,2.992877857,425502.7378,7.782676122,4.739695655,10.02915541,5.88460284,18.41001908,3.846656197,2.513611884,4.731021931,3.05621981,13.67198393
1076,BHP,Transformer,2022-09-01,2024-09-01,27,2.593257531,1.195569365,3.155110905,1.569924872,483975.3643,2.402362213,0.96275696,2.991721028,1.380332377,416515.6856,4.74095217,1.881917598,5.951075235,2.717193455,17.61883137,1.902560283,1.375740408,1.985373444,1.464491384,11.34668979
1077,BHP,Transformer,2022-09-01,2024-09-01,28,5.672690852,4.0813326,6.317875369,4.632948869,693965.0413,4.819121531,3.416365251,5.459296089,3.89975224,578763.5169,9.494473605,6.677559891,10.8283847,7.665667117,26.22289431,5.807007836,4.302897717,6.205898908,4.838158514,21.83313527
1078,BHP,Transformer,2022-09-01,2024-09-01,29,4.951910397,2.998677248,5.644329139,3.638797075,556615.9265,4.359354212,2.586808062,5.051436836,3.159631719,472170.6605,8.592471791,5.054530083,10.02601661,6.211354177,21.0561785,4.552312663,2.915244463,4.911685129,3.483894519,16.32685903
1079,BHP,Transformer,2022-09-01,2024-09-01,30,6.341582746,4.270699938,7.165936363,4.943734716,666552.1141,5.413810439,3.560038011,6.199919561,4.146931926,558642.0647,10.66886594,6.958069917,12.29930453,8.15137384,25.29514421,6.410739797,4.547014797,7.015452522,5.207324419,20.91501672
1080,BHP,Transformer,2022-09-01,2024-09-01,31,2.252325861,1.138047904,3.053724121,1.527853107,481405.4823,1.874390825,0.895387643,2.689928439,1.240163233,396704.8394,3.674014947,1.741477935,5.322764969,2.424845961,16.39391462,2.409834426,1.348788633,2.797053861,1.715429034,11.48070012
1081,BHP,Transformer,2022-09-01,2024-09-01,32,3.541561996,1.670735369,4.162926531,2.155235035,485199.2329,3.252394163,1.439085652,3.886095675,1.932454284,402785.0459,6.413533643,2.808580881,7.720727446,3.798889002,17.05414482,2.713697357,1.641590425,2.91778565,1.850264735,12.37558379
1082,BHP,Transformer,2022-09-01,2024-09-01,33,2.486090766,3.086708299,2.473520658,2.938240275,478714.2006,2.096604963,2.498525124,2.08864629,2.387614716,392569.9169,4.146804223,4.9078186,4.146199384,4.713084729,16.13052388,2.645629814,3.557541414,2.623062265,3.377602501,11.12107512
1083,BHP,Transformer,2022-09-01,2024-09-01,34,3.663078126,1.896613859,4.169855104,2.406870861,496430.8018,3.397321907,1.727421739,3.917462228,2.223169226,422906.6666,6.703260708,3.376703746,7.78571724,4.375231534,18.13775794,2.655094478,1.50499603,2.797303394,1.782115268,12.8011691
1084,BHP,Transformer,2022-09-01,2024-09-01,35,2.260396445,1.263907944,2.928360401,1.666686202,488729.428,1.846299246,0.975877477,2.530408051,1.316958557,411648.3549,3.618257895,1.895771092,5.004557622,2.573130851,17.53377673,2.518804872,1.540235924,2.856336351,1.967159803,12.4971538
1085,BHP,Transformer,2022-09-01,2024-09-01,36,4.754608232,3.570651828,5.775811571,4.176034052,595135.3106,4.000918191,2.952092737,4.992312708,3.484776351,500572.5033,7.873432527,5.76330178,9.895963527,6.843181003,22.40029377,4.974219206,3.864457448,5.656314946,4.443456994,18.0064661
1086,BHP,Transformer,2022-09-01,2024-09-01,37,3.967557784,2.603572555,4.490412772,3.083859725,673730.2634,3.477929369,2.232704695,4.014043881,2.664416654,568696.5828,6.850970416,4.360095754,7.963716845,5.235154958,25.72923633,3.695872572,2.571898823,3.921149073,2.994848764,20.50409816
1087,BHP,Transformer,2022-09-01,2024-09-01,38,5.313952144,3.175516358,6.026730498,3.81489624,577850.3414,4.439517872,2.523885278,5.12294308,3.083997224,482483.4238,8.740187582,4.923249023,10.15474494,6.052239367,21.61051776,5.661142847,3.710028883,6.188235191,4.338136829,17.82442358
1088,BHP,Transformer,2022-09-01,2024-09-01,39,3.46876225,3.831083009,3.074835554,3.761440151,500353.0668,2.912812372,3.143753395,2.650271631,3.113429786,393968.5163,5.77274855,6.185580321,5.274596869,6.157580009,15.38416836,3.744583234,4.312402892,3.112372461,4.181407854,10.38575648
1089,BHP,Transformer,2022-09-01,2024-09-01,40,1.419254549,1.159493132,1.807115669,1.121050909,488237.0841,1.09574124,0.977189363,1.432983631,0.894003403,411013.5915,2.164686892,1.915299793,2.848954632,1.766417214,17.23578126,1.760211432,1.217438211,2.186199463,1.322324932,11.64859393
1090,BHP,Transformer,2022-09-01,2024-09-01,41,6.155371058,4.215931933,7.031580446,4.889965438,637426.3409,5.252712807,3.529600392,6.110085001,4.125097688,534881.9489,10.35140963,6.899387199,12.12291487,8.109847548,24.08147231,6.228780449,4.443794323,6.794367052,5.080366702,19.69857177
1091,BHP,Transformer,2022-09-01,2024-09-01,42,7.312317045,4.441414946,8.03330981,5.28495307,520116.326,6.121581505,3.586134131,6.796081477,4.30857348,430991.2528,12.05929019,7.003755608,13.47467237,8.46311645,18.68774291,7.762420051,5.050220694,8.358623506,5.920772875,14.92811817
1092,BHP,Transformer,2022-09-01,2024-09-01,43,4.418971317,3.628942694,5.032054702,4.02424774,693396.1584,3.665781863,2.986441596,4.28974928,3.32543536,585374.791,7.212374349,5.832512315,8.499907913,6.530531889,26.68060771,4.783712235,3.970748997,5.126796609,4.380531418,21.28655959
1093,BHP,Transformer,2022-09-01,2024-09-01,44,3.414473125,1.992342834,4.139446765,2.510063636,483356.0529,3.065836237,1.753700947,3.786490537,2.234904301,402143.8613,6.040726035,3.423767094,7.516845839,4.392435142,16.72455372,2.904391131,1.814984736,3.256711462,2.201862244,11.40077122
1094,BHP,Transformer,2022-09-01,2024-09-01,45,5.367542651,3.63358894,6.451447698,4.231274415,716276.0379,4.648519387,3.06402788,5.705869653,3.602028184,597279.1299,9.159647935,5.987033215,11.32254867,7.079589482,27.18927613,5.204112442,3.760502355,5.875417481,4.291145258,22.70849173
1095,BHP,Transformer,2022-09-01,2024-09-01,46,1.89872952,0.948237954,2.432118992,1.142640743,480369.3446,1.599696172,0.752794492,2.17522794,0.969259525,404450.774,3.137870363,1.473799075,4.306782037,1.903323349,17.02306565,1.979541502,1.125465732,2.115052666,1.17034394,11.66348101
1096,BHP,Transformer,2022-09-01,2024-09-01,47,5.971643971,3.805572429,6.657610396,4.44531327,645822.2877,5.12686225,3.17496261,5.81428584,3.746206822,544655.2585,10.09991121,6.201166412,11.53203502,7.359858721,24.61780093,5.933671434,4.037411028,6.320050257,4.621638811,19.74870779
1097,BHP,Transformer,2022-09-01,2024-09-01,48,4.722650559,2.503058308,5.482090909,3.143150628,496608.0077,4.192738641,2.182131108,4.93182702,2.753593667,428665.6736,8.26703409,4.263460159,9.791850798,5.413825786,18.43328362,4.214277404,2.354220425,4.672868015,2.924373343,12.55026118
1098,BHP,Transformer,2022-09-01,2024-09-01,49,4.575489466,3.449323766,5.254855821,3.898156588,775023.4544,3.904558555,2.883792756,4.580698656,3.282527787,637980.9279,7.690300699,5.634580748,9.085555867,6.450625527,29.17462095,4.625698305,3.644901876,5.024043184,4.065046536,24.80273391
1099,BHP,Transformer,2022-09-01,2024-09-01,50,3.821073649,1.946685161,4.453877361,2.492682271,480810.4675,3.493392473,1.751854407,4.129496889,2.263952313,413729.0178,6.889346068,3.422670469,8.202864459,4.452738809,17.65474743,2.996488791,1.626348317,3.257552921,2.009520416,11.7241793
1100,BHP,Transformer,2023-05-01,2025-05-01,1,2.844651204,2.212296972,2.881513127,2.742344997,2115570.876,2.269895499,1.770929147,2.031279068,2.063903246,1274197.993,5.112979416,3.902979624,4.732243558,4.680496257,27.18416873,4.237323753,3.121316062,5.176630629,4.52572315,22.66555416
1101,BHP,Transformer,2023-05-01,2025-05-01,2,2.146989237,1.730215829,2.354424198,2.242478471,2152071.411,1.513642129,1.263379904,1.653624372,1.479484825,1286770.054,3.429913307,2.791049626,3.820230291,3.38565833,26.81400102,3.725981105,2.764377893,4.203935129,4.193639199,22.92833115
1102,BHP,Transformer,2023-05-01,2025-05-01,3,2.456940095,2.175942598,2.43634391,2.623290872,2153413.357,1.808318401,1.742130398,1.550998323,1.949273333,1290507.145,4.108477072,3.845991805,3.655457493,4.432354903,26.88315088,4.080240701,3.071352383,4.745156658,4.399862783,22.79719263
1103,BHP,Transformer,2023-05-01,2025-05-01,4,3.521488327,3.014774551,3.623311257,3.468556696,2122852.178,2.955198883,2.539566979,2.862075245,2.864807794,1275468.186,6.556400812,5.521769471,6.500256243,6.379079907,26.77153478,4.516395441,3.649687002,5.383774469,4.716760077,22.1615326
1104,BHP,Transformer,2023-05-01,2025-05-01,5,2.704871256,2.209715862,2.877461709,2.744629478,2135531.473,2.161055713,1.80623121,2.095837653,2.11270138,1286733.32,4.85807893,3.969373153,4.857458987,4.775245048,27.25766997,4.009087583,2.994008515,4.996786235,4.393904424,22.68239448
1105,BHP,Transformer,2023-05-01,2025-05-01,6,2.224306587,1.785880963,2.671657424,2.24420353,2162768.105,1.722595966,1.347022136,2.133922677,1.59718526,1295888.077,3.831302085,2.941687451,4.795448865,3.599685281,26.94715024,3.322655262,2.658819427,3.770531372,3.848982676,23.06807758
1106,BHP,Transformer,2023-05-01,2025-05-01,7,2.229233304,1.877734577,2.523842158,2.362830258,2144040.426,1.660348496,1.396475505,1.852610589,1.619508102,1288642.274,3.719184558,3.082873285,4.247128358,3.694091467,27.04013335,3.567663724,2.93600927,4.248191649,4.285265365,22.72750125
1107,BHP,Transformer,2023-05-01,2025-05-01,8,2.180230024,1.784705983,2.218698499,2.217185317,2162440.795,1.51624769,1.287889302,1.53265505,1.424896329,1296929.888,3.447380847,2.850060935,3.55738236,3.267687982,26.95408403,3.836591794,2.88882335,4.05886393,4.218859223,22.90152927
1108,BHP,Transformer,2023-05-01,2025-05-01,9,2.948542558,2.34184242,2.907855774,2.848594491,2133724.674,2.400268385,1.890014359,2.059379574,2.176721616,1282204.177,5.406333153,4.171796293,4.806873212,4.938223495,26.90936432,4.260415205,3.261864819,5.216431008,4.612175634,22.68707528
1109,BHP,Transformer,2023-05-01,2025-05-01,10,2.526552433,2.194872204,2.763482655,2.66716308,2157251.718,1.889152099,1.702613299,1.913198941,1.894726927,1298968.169,4.269604207,3.758112967,4.451801851,4.314891834,27.20144898,4.14117345,3.269230546,5.065912997,4.687252603,22.68969846
1110,BHP,Transformer,2023-05-01,2025-05-01,11,2.47592719,2.031559417,2.765965945,2.492310957,2167342.285,2.015264562,1.631942841,2.192510177,1.868658296,1301717.355,4.471738421,3.557687196,4.966968917,4.20330315,27.19308726,3.444271732,2.803435803,4.098207735,4.109736742,23.0116319
1111,BHP,Transformer,2023-05-01,2025-05-01,12,2.937951926,2.144686619,3.207596724,2.787886728,2097076.578,2.264644228,1.637372666,2.3148103,2.014594403,1263152.862,5.126536573,3.623313965,5.392704306,4.591303297,26.98507879,4.612587616,3.261531584,5.650302069,4.810327285,22.52515491
1112,BHP,Transformer,2023-05-01,2025-05-01,13,2.28302565,1.907597967,2.383618205,2.352062154,2154956.478,1.634089984,1.4152701,1.653505948,1.580318753,1295678.431,3.714271753,3.136089034,3.827118728,3.619274779,27.02867952,3.924491319,3.00674273,4.303497975,4.342359762,22.70269695
1113,BHP,Transformer,2023-05-01,2025-05-01,14,2.500797393,2.270047454,2.544688139,2.673273657,2144992.942,1.818610727,1.810714613,1.626386889,1.947325204,1290202.624,4.133554493,3.998032844,3.828169113,4.434286244,27.15031096,4.214560031,3.235328453,4.950137243,4.587492321,22.70883763
1114,BHP,Transformer,2023-05-01,2025-05-01,15,2.405632976,2.098272119,2.498383364,2.563199238,2131527.761,1.719443038,1.574357267,1.62290679,1.748746506,1282816.84,3.919708586,3.495518002,3.818059757,4.011174703,27.22258146,4.130209004,3.254302675,4.813356114,4.648943986,22.7833859
1115,BHP,Transformer,2023-05-01,2025-05-01,16,2.361516471,1.945929476,2.688938706,2.424210375,2145148.465,1.752547114,1.473809858,2.00621331,1.697005775,1285133.454,3.928383568,3.245089803,4.576981337,3.858382356,26.86331954,3.783232676,2.953759597,4.373450879,4.289834715,22.83834877
1116,BHP,Transformer,2023-05-01,2025-05-01,17,2.15637858,1.847797881,2.297607314,2.300668947,2143247.389,1.521920854,1.355857627,1.539683014,1.520585839,1284122.739,3.452806772,3.001323424,3.584635541,3.484088929,26.83412377,3.74700168,2.942270993,4.302481681,4.296750676,22.86176604
1117,BHP,Transformer,2023-05-01,2025-05-01,18,2.279496386,1.895804719,2.519128062,2.382853348,2138405.014,1.670024461,1.433534179,1.796373456,1.659085316,1279795.469,3.759343353,3.161368506,4.140302978,3.78177465,26.80786231,3.755393322,2.900351512,4.403622573,4.264362095,22.89045798
1118,BHP,Transformer,2023-05-01,2025-05-01,19,2.500556356,2.018266559,2.509503745,2.536172314,2113376.452,1.79020684,1.497821367,1.61093773,1.727543388,1266511.431,4.081392931,3.325298028,3.795608794,3.96182153,26.7255901,4.277154204,3.174352052,4.875904286,4.614458409,22.81047506
1119,BHP,Transformer,2023-05-01,2025-05-01,20,2.746898833,2.327329823,3.421908873,2.70735041,2167669.824,2.185948678,1.805797181,2.707508755,2.044001722,1300636.552,4.808104305,3.895913808,6.017071032,4.534328629,27.05823663,3.715676204,3.147371109,4.625703198,4.097983594,23.06145406
1120,BHP,Transformer,2023-05-01,2025-05-01,21,2.18834392,1.839607389,2.53404498,2.308007278,2154055.67,1.649162926,1.360639555,1.932441711,1.587396212,1287994.303,3.688765922,2.992583665,4.4078406,3.606608447,26.80131468,3.44899401,2.877030312,4.039113493,4.158486222,23.05343811
1121,BHP,Transformer,2023-05-01,2025-05-01,22,3.08669834,2.048433936,2.716856651,2.423331692,2170984.428,2.448269287,1.633375951,2.142450234,1.832286792,1299991.255,5.336800114,3.538432948,4.84988061,4.097423704,27.05102877,4.056631699,2.712097632,4.018227775,3.820438639,23.12811139
1122,BHP,Transformer,2023-05-01,2025-05-01,23,2.22900508,1.863363433,2.521002886,2.316135561,2182985.362,1.611010853,1.353234058,1.89354908,1.552555015,1312495.103,3.628759364,2.997999398,4.321845621,3.553096263,27.19123065,3.722034046,2.994807831,4.093012606,4.271129257,22.94417779
1123,BHP,Transformer,2023-05-01,2025-05-01,24,2.389884434,1.925611603,2.368597769,2.400697498,2159746.856,1.751860534,1.471192356,1.539462071,1.643064634,1295503.516,3.975399217,3.251052791,3.604499945,3.755152753,27.03054241,3.998506548,2.926966391,4.556775244,4.364429877,22.92575618
1124,BHP,Transformer,2023-05-01,2025-05-01,25,2.41446458,1.988795594,2.830040375,2.443029755,2155848.609,1.867204258,1.531969957,2.212702345,1.791670555,1293513.277,4.152317966,3.335967237,4.997410903,4.021875323,27.04154613,3.591172984,2.850589338,4.183698211,4.02889418,22.97974275
1125,BHP,Transformer,2023-05-01,2025-05-01,26,2.104678511,1.717666413,2.419275545,2.177564537,2158461.948,1.543059464,1.263250979,1.882526423,1.490520728,1291028.486,3.464691017,2.772277306,4.277856877,3.382945382,26.82276374,3.454016349,2.68034683,3.721393017,3.925944599,23.07414545
1126,BHP,Transformer,2023-05-01,2025-05-01,27,2.43241438,2.053613829,2.502562305,2.561260968,2132543.379,1.74896345,1.547800263,1.609523632,1.767649341,1279279.372,3.976924194,3.428268675,3.777672383,4.043580166,26.91598061,4.15719141,3.174989492,4.84271047,4.617954913,22.75931346
1127,BHP,Transformer,2023-05-01,2025-05-01,28,2.316683823,2.009265248,2.571241446,2.391030691,2174159.428,1.738050038,1.57462681,2.023762313,1.713119633,1306948.916,3.904550318,3.459697988,4.583744794,3.879373234,27.16218563,3.753680573,2.942737608,3.83137306,4.168391285,23.14274706
1128,BHP,Transformer,2023-05-01,2025-05-01,29,2.442340108,2.149348749,2.485389494,2.610977001,2156253.135,1.841346338,1.75825586,1.717635709,1.95157669,1294536.928,4.145178255,3.851843591,3.982102511,4.408113317,27.11466292,3.923794423,2.909032674,4.538584951,4.335198832,22.82255605
1129,BHP,Transformer,2023-05-01,2025-05-01,30,2.361208298,1.922828156,2.753996655,2.367932924,2147738.18,1.821935651,1.438337819,2.170925888,1.671777945,1287584.055,4.05176957,3.157430421,4.891340105,3.779858423,27.06048141,3.526583584,2.924596693,4.002208205,4.101222408,23.13230331
1130,BHP,Transformer,2023-05-01,2025-05-01,31,2.249689453,1.905541571,2.465881594,2.40073366,2136192.074,1.584133074,1.375424208,1.634486989,1.573856486,1285666.363,3.596253967,3.05457076,3.815552052,3.617677407,27.18769947,3.909301648,3.089485753,4.657389834,4.500344946,22.75443062
1131,BHP,Transformer,2023-05-01,2025-05-01,32,2.706832016,2.152013429,2.571859282,2.645399086,2127156.066,2.142339503,1.72444421,1.693857358,1.977644684,1278077.822,4.830313061,3.801408831,3.975038221,4.488626233,26.9672995,4.090288212,3.034166719,4.892672974,4.40729954,22.71914992
1132,BHP,Transformer,2023-05-01,2025-05-01,33,3.094135917,2.71688949,3.07623445,3.153509927,2135720.044,2.564411778,2.321113574,2.289256562,2.55755377,1285089.297,5.736135572,5.07891347,5.278045409,5.744982633,27.23423911,4.278682302,3.33166428,5.20194919,4.649231052,22.73781926
1133,BHP,Transformer,2023-05-01,2025-05-01,34,2.29873036,1.895337613,2.458965444,2.378750406,2131129.611,1.679301887,1.433590658,1.749199145,1.653622969,1279929.79,3.794058401,3.162167284,4.033921448,3.770171886,26.97524049,3.839229323,2.903007735,4.32321379,4.265121865,22.78895192
1134,BHP,Transformer,2023-05-01,2025-05-01,35,3.323238908,2.721809002,3.224093905,3.122343676,2163936.499,2.84640416,2.33863328,2.481915774,2.540427809,1306121.389,6.343940958,5.106422322,5.701565061,5.696966391,27.24799133,4.252114041,3.263969076,5.225043933,4.560591533,22.34799523
1135,BHP,Transformer,2023-05-01,2025-05-01,36,2.990082251,2.544973181,2.854413371,2.931805417,2152022.48,2.420426596,2.125345232,1.999710514,2.261791828,1293082.326,5.435920743,4.665117157,4.646350714,5.109643448,27.10660093,4.351048863,3.320680195,5.170608832,4.694359824,22.78622687
1136,BHP,Transformer,2023-05-01,2025-05-01,37,2.60402035,2.334936253,2.686100304,2.75728528,2129812.217,1.881658536,1.81619085,1.734403211,1.979806592,1280811.531,4.28703334,4.022827666,4.087776953,4.520292668,27.09294992,4.416720385,3.452634826,5.190156835,4.787525907,22.7683235
1137,BHP,Transformer,2023-05-01,2025-05-01,38,3.07239725,2.480766006,2.955997335,2.841266696,2235754.593,2.369403151,1.958669925,2.240645598,2.094025924,1362206.582,5.348921355,4.313625136,5.141314889,4.743454051,28.16358293,4.826042033,3.597187163,4.886966871,4.809650489,22.88002643
1138,BHP,Transformer,2023-05-01,2025-05-01,39,2.388334245,2.065477907,2.631929022,2.497901734,2169976.403,1.782187151,1.595797434,1.99932422,1.760448699,1303422.193,4.013236117,3.514172635,4.572571628,3.999149332,27.21915838,3.91015807,3.093652625,4.264050875,4.428529076,23.1832607
1139,BHP,Transformer,2023-05-01,2025-05-01,40,2.104931638,1.751738465,2.359501147,2.218113515,2157773.834,1.510053111,1.290207609,1.726231202,1.498707218,1293208.605,3.406449864,2.849406665,3.960136532,3.421856607,26.92614992,3.563117929,2.764759117,4.004583299,4.065739062,22.92821887
1140,BHP,Transformer,2023-05-01,2025-05-01,41,2.836767527,1.782228653,2.498838888,2.355203778,2117557.451,2.247625185,1.295725432,1.595544428,1.551050465,1276163.779,5.074398088,2.868564658,3.756626996,3.55944283,27.2632363,4.281406577,2.863772342,4.863416569,4.403477423,22.75579271
1141,BHP,Transformer,2023-05-01,2025-05-01,42,2.579853774,1.903154599,2.434264947,2.363770498,2138115.191,1.890278705,1.406296164,1.730039793,1.587887423,1287723.963,4.297169399,3.112454428,3.988376058,3.632711667,27.16629154,4.317397789,3.010305137,4.280429625,4.360681518,22.68190485
1142,BHP,Transformer,2023-05-01,2025-05-01,43,2.180156956,1.790973642,2.468618651,2.299339294,2126132.973,1.547888245,1.291304132,1.746622099,1.525718701,1278190.78,3.496640493,2.85541324,4.033398824,3.493231303,26.99102537,3.72854295,2.888171201,4.374847495,4.271671211,22.67235926
1143,BHP,Transformer,2023-05-01,2025-05-01,44,2.222479233,1.937482173,2.521767086,2.339894136,2178274.839,1.658634375,1.505037595,1.948783552,1.668227146,1315430.822,3.726146002,3.314025098,4.424524136,3.785213604,27.33928012,3.607773689,2.875572153,3.883153039,4.101309078,22.84694679
1144,BHP,Transformer,2023-05-01,2025-05-01,45,2.456070494,2.071599123,2.621333899,2.530596152,2143498.868,1.781330043,1.53856296,1.850980685,1.755921838,1285538.765,4.040904221,3.408656649,4.27620545,4.012935573,26.91196151,4.148498763,3.25212185,4.634179087,4.540579396,22.76151254
1145,BHP,Transformer,2023-05-01,2025-05-01,46,2.276402525,2.203519304,2.249356144,2.451665443,2199040.638,1.67674635,1.82309334,1.661103436,1.779736505,1332165.217,3.774517203,3.992263626,3.827296361,4.026351865,27.69287602,3.753801519,2.913451985,3.859640711,4.209827478,22.68316892
1146,BHP,Transformer,2023-05-01,2025-05-01,47,2.023767918,1.651620659,2.39193729,2.079749259,2238690.213,1.527187903,1.236004695,1.954554014,1.476993523,1379146.588,3.424890005,2.708897723,4.408024428,3.337335593,28.5903279,3.256186163,2.546548497,3.312803673,3.651749688,22.17001182
1147,BHP,Transformer,2023-05-01,2025-05-01,48,2.687538286,2.141656082,2.788607954,2.654225118,2111508.586,1.975185699,1.617521772,1.86467568,1.838630525,1265631.875,4.49017218,3.582856095,4.372192329,4.206019484,26.73702228,4.487581728,3.303671548,5.254834843,4.764773712,22.62147591
1148,BHP,Transformer,2023-05-01,2025-05-01,49,2.360704807,1.861930876,2.576654433,2.416140124,2122688.078,1.741438412,1.411499293,1.722238938,1.67398995,1278452.47,3.939687678,3.108885913,4.017015555,3.816728041,27.2067118,3.928967142,2.844762344,4.840388519,4.349068708,22.71456873
1149,BHP,Transformer,2023-05-01,2025-05-01,50,3.476210168,2.627562924,3.770105018,3.26552097,2115834.283,3.006949936,2.240083413,3.123382653,2.710057793,1279963.007,6.710377104,4.909165729,7.135201694,6.082077659,27.6195361,4.336069252,3.237887815,5.401892605,4.598736517,22.7585045
1150,BHP,Transformer,2024-01-01,2026-01-01,1,6.805222328,5.043976565,7.034712143,6.089560783,960461.7214,5.945408342,4.451056676,6.157996416,5.344917957,770162.2494,10.23987941,7.610619159,10.68766592,9.200581579,33.08775401,5.538356318,3.901112749,5.74958697,4.874068565,40.69703442
1151,BHP,Transformer,2024-01-01,2026-01-01,2,6.431831502,4.829682431,6.048943907,5.411560879,953493.8931,5.632427907,4.252050486,5.347005619,4.771805636,761230.5694,9.668429682,7.25769812,9.25519523,8.199963861,34.6062898,5.12091742,3.73435062,4.699970817,4.213864895,45.47129661
1152,BHP,Transformer,2024-01-01,2026-01-01,3,4.249045206,4.037246502,4.488711758,4.531989313,973139.1616,3.759531499,3.588467929,3.981575071,4.024385078,783808.3484,6.498765503,6.142335446,6.929801074,6.93633658,36.78804816,3.290863168,3.020955074,3.481976899,3.451271082,49.31476706
1153,BHP,Transformer,2024-01-01,2026-01-01,4,5.062484164,4.476777141,5.130318976,4.969518582,978581.5405,4.489471847,3.969425274,4.56906453,4.406401683,786097.2042,7.734945743,6.785104649,7.93227041,7.58425062,37.37849969,3.868449814,3.377097027,3.897834611,3.801970616,50.47362974
1154,BHP,Transformer,2024-01-01,2026-01-01,5,5.729874742,4.803110806,5.928521806,5.40549421,965097.3126,5.039592231,4.257592231,5.225733213,4.775769771,775998.7599,8.699303075,7.282202036,9.089026182,8.231417566,35.95007408,4.570608784,3.651483019,4.747066014,4.230501733,48.05078007
1155,BHP,Transformer,2024-01-01,2026-01-01,6,3.691682127,4.037523438,3.98275637,4.230963828,984435.45,3.278001976,3.58265948,3.562160413,3.769821648,786951.2889,5.673183986,6.129051931,6.201917637,6.497948867,37.84112688,2.816001675,3.035880688,2.969067616,3.163890508,51.74477208
1156,BHP,Transformer,2024-01-01,2026-01-01,7,4.257539512,4.923959252,5.467804648,5.193765326,955924.1868,3.793460057,4.317967509,4.839366877,4.5826521,763115.6298,6.540253138,7.36743138,8.379613484,7.876422665,35.28155702,3.165286397,3.857564935,4.205417738,4.01902986,46.67858084
1157,BHP,Transformer,2024-01-01,2026-01-01,8,6.298221291,4.707103723,6.296771272,5.417044066,964856.4435,5.54308304,4.171859376,5.564817583,4.783810697,775907.8429,9.548012849,7.134613261,9.660538663,8.238571646,35.68251957,4.989872216,3.573131113,4.966217506,4.23379595,47.39460638
1158,BHP,Transformer,2024-01-01,2026-01-01,9,4.966042693,4.399315529,5.254343886,4.986123842,959160.7941,4.346492059,3.908886729,4.615400969,4.403111204,769664.5312,7.519724059,6.696164741,8.040198111,7.596227679,35.18362547,4.02302946,3.309795068,4.247741538,3.899669817,46.1619967
1159,BHP,Transformer,2024-01-01,2026-01-01,10,3.220549806,3.776480941,4.012454296,4.129581744,962590.7688,2.795629847,3.382610512,3.556898307,3.673224988,772020.6823,4.881409152,5.803435289,6.206661789,6.342443826,35.52304755,2.694855266,2.736575681,3.115190516,3.11656611,46.87013958
1160,BHP,Transformer,2024-01-01,2026-01-01,11,5.844243855,4.603027612,6.154225497,5.436917873,961098.0593,5.033825701,4.056236733,5.321048447,4.747048089,770891.4185,8.70341398,6.947314957,9.265095976,8.189148984,34.17144492,5.006081824,3.588693395,5.266512376,4.447682942,43.81311153
1161,BHP,Transformer,2024-01-01,2026-01-01,12,6.949353807,5.262677173,6.860289584,6.114871091,959954.8153,6.08074519,4.628147841,6.048954317,5.378840323,765209.5692,10.43519553,7.895694826,10.46340365,9.237475719,32.35737521,5.538225842,4.085500561,5.372354321,4.80447159,39.24120564
1162,BHP,Transformer,2024-01-01,2026-01-01,13,4.618304742,4.179927904,5.107818335,4.794185604,963421.689,4.087312186,3.683630521,4.52050204,4.235202237,771823.3802,7.0343079,6.293727204,7.8283081,7.281531226,35.81099832,3.52333592,3.217893433,3.931209118,3.692112598,47.7423828
1163,BHP,Transformer,2024-01-01,2026-01-01,14,2.41820105,3.588134387,3.12857942,3.583440046,1007747.622,2.133058976,3.196676269,2.818388419,3.208126285,798252.4729,3.723251396,5.475074112,4.919131925,5.536853385,39.17304463,1.922663209,2.648712778,2.25499451,2.616309746,53.57505028
1164,BHP,Transformer,2024-01-01,2026-01-01,15,4.547143216,4.415230135,4.955031978,4.901890117,967553.4601,4.02817309,3.918402282,4.409320532,4.354028781,778675.4062,6.961318666,6.702694128,7.666237932,7.500711803,36.29685089,3.501038092,3.323673356,3.780129569,3.72264647,48.55754104
1165,BHP,Transformer,2024-01-01,2026-01-01,16,8.361639217,5.945378984,8.098254829,6.914633397,952702.0984,7.316832891,5.213883609,7.135427459,6.08447,758536.6205,12.55466627,8.888742804,12.34160954,10.44868762,32.72677298,6.702910983,4.682174991,6.403779155,5.450814767,40.8096362
1166,BHP,Transformer,2024-01-01,2026-01-01,17,6.508372813,5.056555612,6.722302866,5.919486371,960330.6861,5.688154555,4.430744545,5.900870112,5.185701549,768481.4507,9.760297551,7.556914025,10.20098373,8.901491384,35.0891909,5.203514406,3.971612704,5.342784584,4.712743553,46.17780891
1167,BHP,Transformer,2024-01-01,2026-01-01,18,3.904242503,3.52227156,4.045719979,3.929440466,971726.4215,3.283293301,3.116044971,3.405209129,3.41897907,782719.4083,5.706461417,5.351594084,5.962508473,5.915951587,36.63335481,3.576774252,2.702923276,3.735821473,3.247320559,48.91590732
1168,BHP,Transformer,2024-01-01,2026-01-01,19,4.658181233,4.377246497,4.776440612,4.765857283,975922.3342,3.903103105,3.866516054,4.031839088,4.145228931,786763.6753,6.77147037,6.624100163,7.044852092,7.159535613,36.91879996,4.303475219,3.378783918,4.373324511,3.948274806,49.6365152
1169,BHP,Transformer,2024-01-01,2026-01-01,20,5.820872167,4.663836137,5.979973904,5.39688807,952949.1734,5.142504594,4.126414981,5.311338626,4.773361148,759355.8727,8.839862298,7.048667681,9.198994595,8.205852794,33.21316231,4.484620664,3.538305799,4.556712324,4.153535723,42.10241697
1170,BHP,Transformer,2024-01-01,2026-01-01,21,7.136743141,5.196718911,6.854927935,5.992215336,951600.3384,6.319061823,4.604341362,6.096056359,5.312842719,757701.4143,10.87647409,7.866619536,10.57809091,9.143963518,32.88604697,5.516672988,3.94559204,5.269940664,4.60756907,41.35428436
1171,BHP,Transformer,2024-01-01,2026-01-01,22,6.64846982,5.032596135,6.526149632,5.772405905,970961.1615,5.745060349,4.395829521,5.681827713,5.039871714,778055.8375,9.845310227,7.495707709,9.813968079,8.64873599,36.76723018,5.512014996,3.9970511,5.330117513,4.64474445,49.37860588
1172,BHP,Transformer,2024-01-01,2026-01-01,23,5.498322801,4.17565113,5.517689775,4.806093029,972106.1051,4.868174677,3.712643619,4.913824277,4.262549761,780790.9823,8.383595914,6.352141521,8.529386273,7.341345707,36.79117027,4.239278354,3.118943643,4.203230436,3.682563269,49.40426686
1173,BHP,Transformer,2024-01-01,2026-01-01,24,5.272155852,4.349604176,5.136177646,4.989458664,959448.178,4.673563317,3.858206421,4.580717686,4.423587867,768416.0054,8.04243492,6.59456059,7.943887463,7.609644475,35.63743958,4.022441845,3.269871375,3.858870263,3.811159165,47.23636544
1174,BHP,Transformer,2024-01-01,2026-01-01,25,6.259150919,5.213906173,5.907193332,5.587735451,972779.3296,5.533173776,4.599913073,5.252443694,4.945306778,780421.2046,9.520019137,7.851638398,9.109299257,8.506276957,36.95789804,4.853190022,4.015331001,4.520857051,4.31454708,49.90909417
1175,BHP,Transformer,2024-01-01,2026-01-01,26,5.247609701,4.318668633,5.174061466,4.891873073,973240.9343,4.606334888,3.834288098,4.569792161,4.323664241,783035.744,7.95278134,6.560473424,7.948430961,7.450182874,36.79923832,4.206816654,3.251020859,4.092449735,3.80856924,49.29501382
1176,BHP,Transformer,2024-01-01,2026-01-01,27,5.755092849,4.89587683,5.925803004,5.53026002,980236.3395,5.050223147,4.332917686,5.224509685,4.872720208,788020.4184,8.698156178,7.409083433,9.068930141,8.387666782,37.38438803,4.597703081,3.736475028,4.702274949,4.352338205,50.70083693
1177,BHP,Transformer,2024-01-01,2026-01-01,28,4.007746955,4.078789064,4.143796042,4.357138613,968656.5442,3.578340432,3.633488259,3.710696712,3.88624682,777206.8158,6.18615672,6.217842196,6.460525346,6.699592028,36.58418717,2.984680381,3.018243487,3.08231283,3.253149296,48.8290805
1178,BHP,Transformer,2024-01-01,2026-01-01,29,5.240067167,4.32755645,5.265438569,4.963780152,955459.7676,4.557484423,3.837431847,4.584762026,4.361512694,766890.5262,7.89164762,6.578314977,7.999020421,7.533700783,34.6616279,4.359594731,3.293373663,4.411466139,3.975012127,45.35585381
1179,BHP,Transformer,2024-01-01,2026-01-01,30,6.405376715,4.957193214,6.616973931,5.88538447,950894.0002,5.617366441,4.370646268,5.840234429,5.181168025,756631.6529,9.64436155,7.460768005,10.10435614,8.899790551,33.04659488,5.062819317,3.809964295,5.160361004,4.608297068,41.6918499
1180,BHP,Transformer,2024-01-01,2026-01-01,31,4.851555236,4.287369749,4.710135811,4.805354733,968072.8871,4.329907312,3.794241706,4.225626728,4.272791008,777636.8766,7.462549184,6.485797203,7.338527408,7.353999768,36.28933599,3.59067335,3.251074625,3.439424124,3.61293376,48.28282512
1181,BHP,Transformer,2024-01-01,2026-01-01,32,5.832154059,4.624601261,6.092620308,5.415393176,961000.6415,5.127407748,4.094085001,5.3790264,4.777924121,770498.4227,8.828053254,7.000810711,9.329342915,8.223285377,34.99144893,4.619965245,3.521211549,4.800734598,4.235083145,46.01676334
1182,BHP,Transformer,2024-01-01,2026-01-01,33,6.908091374,4.965861656,7.024546455,5.959331528,956984.8023,6.082233477,4.394122766,6.20946379,5.261958373,766596.6515,10.46017468,7.508779531,10.76049024,9.051133635,33.75775258,5.45027776,3.792450453,5.52025174,4.655159512,43.00708431
1183,BHP,Transformer,2024-01-01,2026-01-01,34,4.636337915,4.591574685,5.017453592,4.948727556,983519.1209,4.119657819,4.048524561,4.463545661,4.380738049,786744.6076,7.094537821,6.913032436,7.736992422,7.533418672,37.73620762,3.489623221,3.528423475,3.796855351,3.791279952,50.99181832
1184,BHP,Transformer,2024-01-01,2026-01-01,35,4.258354334,4.088031949,4.527665106,4.535511824,976409.0199,3.752376148,3.635338372,4.013217469,4.024265812,783978.3564,6.488939992,6.223155038,6.983880376,6.936807799,37.17761118,3.356914467,3.054344609,3.524576511,3.46857565,50.05293382
1185,BHP,Transformer,2024-01-01,2026-01-01,36,5.512117499,4.518065469,5.700798038,5.168033455,959706.3194,4.865324357,3.995293421,5.051393688,4.570383461,769299.9836,8.366204092,6.825857968,8.74949243,7.858937213,35.58811925,4.268671968,3.438851837,4.394427909,3.982874875,47.47251879
1186,BHP,Transformer,2024-01-01,2026-01-01,37,7.211471195,5.497894319,7.204004937,6.346383221,969598.1023,6.322191674,4.844487656,6.34710601,5.582654869,777643.7634,10.86461024,8.271462015,10.99447562,9.596707665,36.12481314,5.766219841,4.264275952,5.719631225,5.021115876,48.78907788
1187,BHP,Transformer,2024-01-01,2026-01-01,38,6.752489635,5.006519415,6.656701129,5.896404195,954671.6036,5.944767811,4.421860244,5.893699627,5.205999887,763859.4569,10.21317087,7.549491219,10.20411328,8.947199953,34.40124298,5.293663135,3.833271527,5.158868548,4.583920583,44.80346429
1188,BHP,Transformer,2024-01-01,2026-01-01,39,5.248678172,4.42337282,5.325039976,5.003604562,963049.3246,4.63907541,3.934354032,4.732419359,4.438666478,772846.2443,8.010145376,6.731273342,8.231322671,7.648667207,35.70152601,4.098626947,3.303850552,4.110516232,3.838876327,47.38895709
1189,BHP,Transformer,2024-01-01,2026-01-01,40,4.185111961,4.130592308,4.452194281,4.5382905,978023.3574,3.708381134,3.671652274,3.961781209,4.036580391,785893.4473,6.413322682,6.283836419,6.896223908,6.958010933,37.26816398,3.223648338,3.089462426,3.405314849,3.429672682,50.18508993
1190,BHP,Transformer,2024-01-01,2026-01-01,41,3.38618785,4.010033939,4.385118537,4.340453431,974708.9131,2.976997205,3.56276488,3.91586735,3.863961377,782326.4856,5.163563587,6.096452349,6.808173895,6.659173491,37.12240869,2.695745073,3.000734274,3.29185355,3.261894217,50.02999225
1191,BHP,Transformer,2024-01-01,2026-01-01,42,4.95787343,4.964566704,5.728116907,5.59270717,996792.8941,4.395236684,4.391364395,5.087810291,4.94242535,797506.0842,7.575232255,7.500532524,8.82199394,8.498610694,38.5753046,3.792763067,3.782435396,4.392247218,4.335486722,52.44984277
1192,BHP,Transformer,2024-01-01,2026-01-01,43,5.356925851,4.492509705,5.473048174,5.154492757,953671.2597,4.738656894,3.974365679,4.857620089,4.561254096,760612.4512,8.152462414,6.791336032,8.418394104,7.844289971,34.717279,4.113611424,3.415481056,4.19395477,3.961839656,45.8034492
1193,BHP,Transformer,2024-01-01,2026-01-01,44,8.151710667,5.611860537,7.956875229,6.818706128,959109.3089,7.122645547,4.918648068,6.988517331,5.980507157,766829.2613,12.2195712,8.386509541,12.08199293,10.26597932,33.8362735,6.560984864,4.418836236,6.350752591,5.429752254,43.23600581
1194,BHP,Transformer,2024-01-01,2026-01-01,45,6.360364617,5.108301016,6.518407254,5.932652466,954879.9054,5.641861767,4.526641517,5.802134529,5.261300621,765995.5734,9.71735801,7.733242631,10.06533396,9.053333397,34.9358501,4.883720603,3.874359326,4.985455539,4.556013609,46.0675003
1195,BHP,Transformer,2024-01-01,2026-01-01,46,6.742375693,4.91832534,6.594261544,5.675724957,954524.2519,5.936198184,4.343475428,5.844410443,5.013664534,760415.858,10.19706454,7.416670493,10.11882793,8.617412247,33.09980341,5.270226854,3.760574833,5.076603003,4.393739437,41.70566013
1196,BHP,Transformer,2024-01-01,2026-01-01,47,4.37917717,4.757516263,4.805083875,5.018035011,995882.8688,3.891904607,4.193965408,4.281361583,4.440157756,796082.3895,6.70831645,7.160787182,7.426310946,7.635995513,38.55630025,3.298423826,3.662179209,3.611458127,3.851278091,52.50895773
1197,BHP,Transformer,2024-01-01,2026-01-01,48,7.750082827,5.323437549,7.532622744,6.55122905,961663.802,6.826783802,4.704786259,6.66861679,5.790897279,769997.3514,11.72601225,8.031205833,11.54291061,9.951789072,32.83672365,6.066233667,4.069436011,5.846001955,5.077106489,39.97805336
1198,BHP,Transformer,2024-01-01,2026-01-01,49,7.505948768,5.429172211,7.548243816,6.337214128,961904.1798,6.482052389,4.739159308,6.557051004,5.522876022,771422.0718,11.10628103,8.079340722,11.32162495,9.475069288,35.47865336,6.246758611,4.326377285,6.220764379,5.138184358,47.11536424
1199,BHP,Transformer,2024-01-01,2026-01-01,50,7.653210696,5.499131394,7.74953612,6.647304021,974701.7873,6.714261442,4.831679157,6.835551336,5.849538935,779353.7585,11.52421355,8.239993348,11.82303111,10.04460283,32.11319594,6.058010929,4.288416346,6.082619324,5.224357689,37.432048
1200,BMO,Transformer,2022-01-01,2024-01-01,1,14.83212358,15.67019129,15.80954523,16.15314628,267910.9708,11.2160035,11.99268609,12.00864281,12.44246396,195534.572,13.13998994,13.91518777,14.13252194,14.52751551,27.94951442,10.86702345,11.16797359,11.53727602,11.46162557,25.07271402
1201,BMO,Transformer,2022-01-01,2024-01-01,2,14.80881382,15.44745217,15.77697602,15.95695589,264295.5542,11.46895157,12.06492476,12.24312578,12.53910592,193328.9749,13.49214358,14.04878541,14.46330173,14.69145725,28.08687704,10.49576329,10.69582304,11.18886711,11.0002708,25.89452381
1202,BMO,Transformer,2022-01-01,2024-01-01,3,15.61055268,16.50934684,16.78783409,17.0488217,263799.1031,11.86848521,12.69398186,12.79579962,13.18873661,192719.6996,13.91738937,14.74094451,15.06778004,15.41021093,27.97113847,11.32613344,11.66061092,12.17087299,11.99286868,25.7822064
1203,BMO,Transformer,2022-01-01,2024-01-01,4,16.75350364,17.58216282,18.02617799,18.26852497,264949.6427,12.83659637,13.60589037,13.80528916,14.18799195,194229.2462,15.0730056,15.81764416,16.27116723,16.59001003,28.43104862,11.98528825,12.26215624,12.94993581,12.74635833,26.64616644
1204,BMO,Transformer,2022-01-01,2024-01-01,5,15.50705491,16.25579217,16.70888374,16.83805746,267090.5424,12.40787155,13.10204441,13.41624798,13.62803597,195625.7594,14.67902015,15.3399703,15.9451457,16.05061116,27.95481777,10.36497703,10.6145906,11.1440226,10.97898376,24.63469978
1205,BMO,Transformer,2022-01-01,2024-01-01,6,14.64312094,15.03174403,15.50633682,15.56811617,258097.3618,11.03746792,11.48490406,11.76703826,11.95898253,191308.0862,12.92384835,13.3224489,13.84612023,13.95713763,29.29768601,10.7861092,10.73323391,11.32946531,11.08947486,29.41579158
1206,BMO,Transformer,2022-01-01,2024-01-01,7,17.46471377,17.9657747,18.76379658,18.74498142,262193.4223,13.60856655,14.07831786,14.61885534,14.74290498,191966.5817,16.02436379,16.40125889,17.27984807,17.27540988,28.18603378,12.1474653,12.26143676,13.09777074,12.79388642,26.69741277
1207,BMO,Transformer,2022-01-01,2024-01-01,8,15.95484818,16.63804982,17.11816207,17.2588881,263911.4256,12.59813483,13.23117039,13.54202851,13.77880518,193017.3393,14.86890171,15.45356488,16.05083382,16.187743,27.86183158,10.90911169,11.1234839,11.71442694,11.53267667,25.25073395
1208,BMO,Transformer,2022-01-01,2024-01-01,9,16.13771687,16.46504861,16.65011148,17.03949875,258316.3834,12.72604421,13.05315339,13.09578071,13.55465132,195092.3269,15.01521745,15.23667075,15.50443469,15.91340912,32.97316129,11.0138246,11.03410056,11.46421453,11.42215816,37.68254067
1209,BMO,Transformer,2022-01-01,2024-01-01,10,12.87372391,13.53836353,13.53884095,13.81174161,264894.6371,9.241637248,9.882528145,9.770207459,10.11867836,193361.7146,10.74513296,11.38963836,11.41558207,11.73170412,28.24426644,9.963579561,10.1615174,10.41835306,10.37408001,26.62001461
1210,BMO,Transformer,2022-01-01,2024-01-01,11,15.85279193,16.39524763,17.11297319,17.06499727,265686.8982,12.56078914,13.07119895,13.60038657,13.66361746,194779.4533,14.83526472,15.27495661,16.13506362,16.06230632,27.79065306,10.7976863,10.93553924,11.64068053,11.36909119,24.23866024
1211,BMO,Transformer,2022-01-01,2024-01-01,12,14.76419344,15.57934455,15.86861611,16.11217973,265961.1183,11.03562454,11.83201843,11.95969521,12.29158951,193642.3948,12.90366735,13.71157413,14.05639559,14.32935362,27.99270255,10.96081592,11.18452527,11.66043373,11.55810486,25.99072589
1212,BMO,Transformer,2022-01-01,2024-01-01,13,15.31215798,15.98924033,16.32616769,16.57640488,265673.082,11.87360392,12.5179721,12.6910713,13.04622674,193911.342,13.97180741,14.58247061,14.99785057,15.29018182,28.11003641,10.83607257,11.02419324,11.55146857,11.39703893,26.07832398
1213,BMO,Transformer,2022-01-01,2024-01-01,14,17.18937358,17.840461,18.58119574,18.54218097,265219.0523,13.57622898,14.17005113,14.69751488,14.7826794,193880.2965,16.02223168,16.54536361,17.4174909,17.36141565,28.10969406,11.68025752,11.89030916,12.63614191,12.35158292,25.96351757
1214,BMO,Transformer,2022-01-01,2024-01-01,15,9.761779511,10.3289744,10.02427361,10.36305799,267800.5169,7.414550962,7.954700528,7.737580233,8.03777483,196280.5881,8.69929675,9.247059749,9.140746904,9.405533309,28.09979385,7.083376208,7.255515786,7.097285497,7.238848313,24.98308583
1215,BMO,Transformer,2022-01-01,2024-01-01,16,4.537686046,4.708989661,3.943920361,4.355500274,269245.3573,3.506513354,3.612509396,3.140213891,3.389019942,196501.7224,4.150353837,4.221568462,3.77526949,3.99807222,28.12923675,3.163796237,3.295309873,2.656345138,3.003671128,25.42718143
1216,BMO,Transformer,2022-01-01,2024-01-01,17,14.84846346,15.66362403,15.79864316,16.17013424,264364.5408,11.55219832,12.31658791,12.32216195,12.7816987,193412.9954,13.6025164,14.35959044,14.57148535,14.99243908,28.03217348,10.46371341,10.72899109,11.1269097,11.04358679,25.66619209
1217,BMO,Transformer,2022-01-01,2024-01-01,18,15.94223712,16.48957436,16.80027167,17.06497316,255359.3853,11.94617611,12.47495036,12.60760253,12.98559158,186566.5392,13.97524449,14.44808269,14.80821451,15.13249425,27.82984322,11.78717854,11.90841518,12.41883018,12.28621865,27.06763584
1218,BMO,Transformer,2022-01-01,2024-01-01,19,15.80309265,16.54880157,16.77876223,17.09613943,266299.2766,12.4683618,13.15780304,13.2518709,13.63985216,194646.9202,14.71316696,15.367012,15.70149622,16.02216087,28.25788426,10.81295616,11.0623593,11.50540594,11.43226336,26.22565047
1219,BMO,Transformer,2022-01-01,2024-01-01,20,15.59007474,16.25330082,16.8014104,16.86084802,263290.9371,11.81414159,12.45000924,12.77526258,13.00310358,191405.5216,13.84589828,14.44814594,15.03709241,15.18532524,27.86440011,11.36495273,11.54389914,12.22219596,11.91596241,26.3508339
1220,BMO,Transformer,2022-01-01,2024-01-01,21,16.26170723,17.10256893,17.27203048,17.64053146,258020.0743,12.51427895,13.28750968,13.27259421,13.74176945,188711.7673,14.70506809,15.45785274,15.65188917,16.07646871,27.87648486,11.54954299,11.8479798,12.33649477,12.24675196,26.14001976
1221,BMO,Transformer,2022-01-01,2024-01-01,22,14.26722066,14.80839445,15.1996939,15.28249097,264689.8243,10.83384346,11.39416033,11.62197256,11.82888097,192326.5945,12.70338704,13.23470183,13.69591944,13.82487018,27.76612279,10.44221489,10.50727666,11.03751973,10.80616067,25.78923425
1222,BMO,Transformer,2022-01-01,2024-01-01,23,14.45429287,15.21054472,15.40179353,15.68578577,267215.1724,10.80178493,11.53343042,11.5814721,11.95700389,194242.511,12.62981244,13.36208172,13.60694514,13.93733513,27.88787977,10.74895396,10.96499667,11.37704169,11.28386865,25.60984815
1223,BMO,Transformer,2022-01-01,2024-01-01,24,13.97849769,14.62331412,14.8317237,15.09129296,259580.8264,11.01891852,11.63152064,11.71927991,12.06013967,191034.1452,13.00775195,13.59264705,13.89637948,14.1786444,27.9796986,9.674316104,9.86220992,10.27519119,10.15908009,25.45726678
1224,BMO,Transformer,2022-01-01,2024-01-01,25,13.71861914,14.45610899,14.55944271,14.91994874,266430.4634,10.849453,11.54517265,11.56179592,11.98082037,195137.9381,12.81641748,13.50184394,13.72377926,14.09816204,27.9648708,9.456068076,9.685764133,10.01595377,9.963587732,24.81772749
1225,BMO,Transformer,2022-01-01,2024-01-01,26,14.95160276,15.73189967,16.07876658,16.27779741,264178.5222,11.46482308,12.20292691,12.38840482,12.71505614,193232.8179,13.46366176,14.19149939,14.61514728,14.88105342,28.0789406,10.74684458,10.99182719,11.50702212,11.30563329,25.83702224
1226,BMO,Transformer,2022-01-01,2024-01-01,27,13.60332332,14.01073613,14.1270943,14.3893183,264204.1052,10.46510558,10.90600707,10.94182791,11.27568151,192817.9897,12.29908525,12.69353338,12.92415428,13.20696982,27.88855583,9.784653532,9.786755867,10.08323395,10.00067678,25.62500001
1227,BMO,Transformer,2022-01-01,2024-01-01,28,13.53447963,14.38531958,14.4205525,14.79317613,267497.7512,10.55159617,11.3366062,11.28591946,11.7339824,195830.6833,12.42975227,13.22338228,13.35587077,13.77324919,27.71211101,9.530332383,9.842300683,10.13177821,10.06971085,23.89894066
1228,BMO,Transformer,2022-01-01,2024-01-01,29,15.50799774,16.30363426,16.49273768,16.83342107,264404.6082,12.17244526,12.90510633,12.95420048,13.36746798,192396.7095,14.35184212,15.06089891,15.33490479,15.69008611,27.94363268,10.72181271,11.00108085,11.43649071,11.36836701,26.05935321
1229,BMO,Transformer,2022-01-01,2024-01-01,30,14.97682119,15.49406975,15.77317785,15.97518112,264948.128,11.1875738,11.73229798,11.84405917,12.16263449,194157.9702,13.07981442,13.58940341,13.91220922,14.17399887,28.17887865,11.14986367,11.19099153,11.67649741,11.51220184,25.84756877
1230,BMO,Transformer,2022-01-01,2024-01-01,31,15.1232352,15.73027477,16.04792452,16.25489565,265046.2623,11.58211099,12.14200373,12.29343728,12.62935329,194709.6823,13.59834749,14.10929865,14.48913042,14.76756443,27.94096261,10.88746206,11.08158634,11.59345213,11.39647054,24.66146266
1231,BMO,Transformer,2022-01-01,2024-01-01,32,13.60451231,14.2784408,14.38150042,14.67411663,265671.7112,10.37936121,11.03823141,11.0515207,11.41665997,193443.2673,12.18092311,12.83218628,13.03602273,13.35544495,27.87707332,9.904905894,10.07352206,10.38315557,10.30853253,25.63239835
1232,BMO,Transformer,2022-01-01,2024-01-01,33,14.87274173,15.40151588,15.84716978,15.99707829,266061.2892,11.71662604,12.22170695,12.50841235,12.75775605,194536.867,13.82695032,14.27300783,14.82513595,14.98957089,28.09323682,10.27594167,10.4011297,10.96459524,10.77916655,25.62002848
1233,BMO,Transformer,2022-01-01,2024-01-01,34,15.0381343,15.61453813,15.80415407,16.03044639,254194.2848,11.87727939,12.4525143,12.51653985,12.83408826,191814.6555,14.01799521,14.55066437,14.83667642,15.08449186,32.246734,10.23017777,10.3382703,10.73186601,10.60496832,36.1377145
1234,BMO,Transformer,2022-01-01,2024-01-01,35,15.37727218,16.09550364,16.44422597,16.65933637,265075.9378,11.86590418,12.54127378,12.71139412,13.04845158,193762.2901,13.94967577,14.59651495,15.00530048,15.27870632,28.13408549,10.92882633,11.15033106,11.69476736,11.50971391,26.06413241
1235,BMO,Transformer,2022-01-01,2024-01-01,36,6.194234639,6.199647146,5.761647238,5.954125005,262115.4291,4.563023152,4.678867993,4.312277674,4.545607073,191514.7851,5.327023907,5.421347189,5.070706827,5.305481203,28.17061124,4.655733687,4.457065712,4.230565182,4.227681263,26.73762447
1236,BMO,Transformer,2022-01-01,2024-01-01,37,16.31282686,16.72292158,17.30917448,17.35434771,263722.2798,12.98098798,13.37016468,13.77851652,13.92451007,192470.2802,15.3413857,15.63080985,16.34918936,16.37352288,28.00954247,10.99831247,11.07490544,11.71402379,11.49130569,26.10636526
1237,BMO,Transformer,2022-01-01,2024-01-01,38,16.84794455,17.32821797,18.07427838,18.12349649,259936.2832,13.19453588,13.64279038,14.16290209,14.33012934,189518.2811,15.54994622,15.90619414,16.75738193,16.80649377,27.72143181,11.64960954,11.76274631,12.53201976,12.28926787,25.92739413
1238,BMO,Transformer,2022-01-01,2024-01-01,39,14.93709792,15.57400626,15.82634548,16.07541723,266903.6294,11.36814267,11.9869386,12.10209401,12.45325094,194385.6375,13.33321568,13.92206317,14.25914126,14.55433936,27.98786799,10.86515836,11.02176003,11.45978729,11.32362403,25.77739907
1239,BMO,Transformer,2022-01-01,2024-01-01,40,15.06911089,15.82565657,16.10704066,16.35576969,266090.0716,11.94877195,12.65304928,12.80935772,13.12936234,194667.0046,14.11511602,14.79476676,15.20003215,15.44246095,27.94104011,10.26759049,10.51831677,10.96935553,10.86410719,24.98442673
1240,BMO,Transformer,2022-01-01,2024-01-01,41,16.17000723,17.03612243,17.480084,17.6542915,265411.1751,12.31483942,13.10323233,13.34395487,13.64656675,193982.3852,14.44519261,15.21725166,15.71785449,15.94354378,28.24605708,11.68976662,12.01386467,12.6308368,12.42494255,26.38993912
1241,BMO,Transformer,2022-01-01,2024-01-01,42,17.16600299,17.72366539,18.59621856,18.49858155,259356.4515,13.39752736,13.9213699,14.55124257,14.59240267,190741.8211,15.78006174,16.22479696,17.21262914,17.10756553,29.19510296,11.90921593,12.04957643,12.88631544,12.56178603,29.87659901
1242,BMO,Transformer,2022-01-01,2024-01-01,43,15.8928467,16.69784857,17.20297928,17.30612729,265984.3809,12.25719069,13.0129536,13.30100741,13.54611986,194513.5277,14.40838264,15.14575378,15.70211826,15.8595939,28.18230411,11.30578496,11.56101652,12.23105686,11.96862226,25.96393323
1243,BMO,Transformer,2022-01-01,2024-01-01,44,17.00489604,17.89001534,18.41288361,18.51522526,265184.7703,13.39133781,14.19739182,14.53173455,14.74169542,193798.2761,15.79588762,16.57448286,17.21387296,17.30888071,28.05388481,11.62487715,11.94784244,12.58108141,12.37035329,25.81146541
1244,BMO,Transformer,2022-01-01,2024-01-01,45,16.01923134,16.9946732,17.22427875,17.57077888,264044.5094,12.0972005,12.99116115,13.04311435,13.51089201,192900.0768,14.1699518,15.0717902,15.34246066,15.77147381,28.03607684,11.71700052,12.09078141,12.58323043,12.4557306,26.05286513
1245,BMO,Transformer,2022-01-01,2024-01-01,46,16.06900412,16.6136115,16.98749727,17.1690935,265050.8176,12.20622202,12.70299247,12.88484671,13.21043125,193485.2247,14.31144426,14.7376784,15.16021466,15.42182598,28.00648038,11.66646754,11.83082305,12.39893982,12.17508082,25.82768236
1246,BMO,Transformer,2022-01-01,2024-01-01,47,14.74975345,15.45010929,15.71512892,15.99093424,267729.7457,11.57357776,12.22765173,12.35382138,12.71042149,196124.9432,13.6443176,14.26919092,14.62537103,14.92066381,27.97590077,10.19311917,10.41679683,10.86884406,10.77123467,24.67276141
1247,BMO,Transformer,2022-01-01,2024-01-01,48,13.64000482,14.19587094,14.38321289,14.6384366,265503.8589,10.94975735,11.48829685,11.57351704,11.89376084,194419.5167,12.97108087,13.46944478,13.77263853,14.02845336,28.02821236,9.156160397,9.286173338,9.665945268,9.571119422,25.24610047
1248,BMO,Transformer,2022-01-01,2024-01-01,49,16.58917859,17.2392624,17.97539379,17.96950725,265307.5356,13.05081079,13.65233808,14.1659274,14.28779816,194949.5455,15.39283098,15.9334387,16.77821053,16.77314915,27.96860671,11.4006956,11.59595544,12.36334757,12.07939799,24.54188839
1249,BMO,Transformer,2022-01-01,2024-01-01,50,16.53287868,17.38647932,17.49888557,17.85144799,265490.9462,12.68547764,13.48536155,13.41679029,13.88122833,193625.6461,14.8988009,15.68336313,15.81581684,16.23439491,28.30650429,11.80550121,12.08459727,12.55218948,12.43522146,26.9948502
1250,BMO,Transformer,2022-09-01,2024-09-01,1,9.919727467,10.24813718,11.23204664,11.15141306,1163536.571,8.264785514,8.602287932,9.470644833,9.453351427,677894.9825,10.43679711,10.76395052,12.05943722,11.92139395,40.83648975,6.953040685,6.980935109,7.717334522,7.48403449,26.10297476
1251,BMO,Transformer,2022-09-01,2024-09-01,2,4.028013354,5.292345258,5.250776162,6.004480768,1152979.22,3.271253628,4.491444988,4.429257781,5.20572431,671813.8179,4.18808404,5.667281408,5.704117089,6.615972013,41.12418975,3.109784288,3.614211698,3.735694673,3.892879322,26.32186913
1252,BMO,Transformer,2022-09-01,2024-09-01,3,10.10858187,10.54961152,11.42151536,11.63598111,1168517.707,8.512842006,8.931372474,9.724441081,9.952234021,679904.1121,10.74767867,11.17279932,12.3797351,12.54570546,40.40145366,6.903484496,7.028198748,7.648460161,7.615525295,25.95177044
1253,BMO,Transformer,2022-09-01,2024-09-01,4,9.424535691,9.63007667,10.71327283,10.58720354,1169174.344,8.228212733,8.473870193,9.475569948,9.413703802,682611.616,10.41578455,10.6280661,12.09393969,11.89682599,40.81075339,5.902018841,5.803483863,6.466523283,6.195800889,25.61918562
1254,BMO,Transformer,2022-09-01,2024-09-01,5,8.054483303,8.352666649,9.532948631,9.246630738,1161002.161,6.623605083,6.899452653,7.960180248,7.735942023,675439.9574,8.370894314,8.637069247,10.14100782,9.759979276,40.65407571,5.823307256,5.908111191,6.714822681,6.418232766,26.32184086
1255,BMO,Transformer,2022-09-01,2024-09-01,6,6.627167413,6.804593576,7.675533541,7.443766248,1160091.409,5.681510278,5.884599519,6.700575331,6.531344085,676064.0135,7.21526413,7.399876404,8.576979543,8.276495521,40.88612734,4.430327303,4.371130949,4.893406442,4.608803999,25.90805473
1256,BMO,Transformer,2022-09-01,2024-09-01,7,8.825233544,9.327603278,9.866708718,10.2564202,1158995.812,7.627246846,8.118409903,8.646839568,9.031885234,675181.8082,9.656941136,10.18091885,11.03953644,11.41251372,40.9287019,5.695760383,5.812383412,6.145367733,6.201435461,26.31880886
1257,BMO,Transformer,2022-09-01,2024-09-01,8,7.734966846,8.024989019,8.721938013,8.854143476,1161271.825,6.444520102,6.728988107,7.377153994,7.525233983,676566.0294,8.161783461,8.440940009,9.421603987,9.513277738,40.85200521,5.47758984,5.526060511,6.005546794,5.949848668,26.04604606
1258,BMO,Transformer,2022-09-01,2024-09-01,9,11.23759681,11.33957401,12.42634313,12.37686661,1168454.018,9.562759113,9.684558997,10.69602996,10.67676388,680991.3703,12.07422139,12.11928248,13.62012974,13.46391078,40.71775666,7.477886511,7.392447329,8.082481837,7.916048217,25.88091028
1259,BMO,Transformer,2022-09-01,2024-09-01,10,7.03619729,7.19237629,7.824456841,7.942515535,1151944.597,6.019282461,6.201363509,6.798257456,6.944850862,671203.0614,7.636194622,7.791782367,8.697155435,8.792251907,41.24147075,4.708319567,4.642564503,5.04628093,4.952380634,26.5307521
1260,BMO,Transformer,2022-09-01,2024-09-01,11,7.653662548,7.839734645,8.570200822,8.63905423,1157694.297,6.589369548,6.802852743,7.492396886,7.595935786,674898.7895,8.353076304,8.541783439,9.577191264,9.610098935,41.07317469,5.019728398,4.956092107,5.407434658,5.278597671,26.24955559
1261,BMO,Transformer,2022-09-01,2024-09-01,12,8.65796508,8.931264236,9.830648927,9.86831769,1179509.23,7.633723338,7.948848665,8.795591538,8.882254274,689019.8363,9.668692974,9.973887539,11.23129491,11.2281411,40.6865368,5.267923221,5.184380329,5.702863048,5.513852138,25.72854457
1262,BMO,Transformer,2022-09-01,2024-09-01,13,6.900483647,7.179832953,7.393964258,7.949219116,1152803.542,5.927612824,6.227149244,6.444013941,6.995213116,671648.7686,7.52548519,7.82799483,8.253757169,8.859933826,41.14605954,4.582546313,4.567842587,4.748643209,4.866269407,26.33478531
1263,BMO,Transformer,2022-09-01,2024-09-01,14,8.513465427,8.463283673,9.626261435,9.364327389,1161895.918,7.178886099,7.171260297,8.232795918,8.036037587,676538.3981,9.079331816,8.988204719,10.49926253,10.14913724,40.7728882,5.83183149,5.662914596,6.40885988,6.110949638,26.12482046
1264,BMO,Transformer,2022-09-01,2024-09-01,15,8.599621115,9.238277806,10.18932957,10.26194214,1166443.689,7.468983157,8.112913102,8.992440759,9.109231123,678133.618,9.459297175,10.17534956,11.47855438,11.51158938,40.32217247,5.482749372,5.605505061,6.201867345,6.042994751,25.93470509
1265,BMO,Transformer,2022-09-01,2024-09-01,16,8.335704064,8.326768328,9.141085626,9.116024779,1220748.783,7.192674341,7.249608602,8.030550689,8.053560963,727014.3083,9.115221611,9.103909165,10.26277186,10.18811298,40.91355628,5.418917759,5.211066035,5.668345263,5.475275469,24.42500073
1266,BMO,Transformer,2022-09-01,2024-09-01,17,7.821850952,8.113215496,8.696074971,8.863097017,1162859.074,6.577244164,6.861822247,7.413057566,7.593457278,677510.1001,8.327741724,8.605416395,9.465758497,9.597351965,40.75186506,5.418094901,5.467425834,5.867330663,5.827209355,25.92613562
1267,BMO,Transformer,2022-09-01,2024-09-01,18,9.775916846,9.963672901,10.45063221,11.03758319,1168249.199,8.372423532,8.609938201,9.073660467,9.642227783,680331.2638,10.58931486,10.79063969,11.57717281,12.17609922,40.6165061,6.442587181,6.328193508,6.682141752,6.835412582,26.12600951
1268,BMO,Transformer,2022-09-01,2024-09-01,19,11.24836681,11.36762288,12.62460378,12.34483657,1198839.111,9.907261982,10.06761069,11.262522,11.04970195,705050.3822,12.51665525,12.60657779,14.34218884,13.93633694,40.77669847,6.769801087,6.636493015,7.288136875,6.957553442,24.6939677
1269,BMO,Transformer,2022-09-01,2024-09-01,20,5.752860786,6.602241496,7.182007529,7.3630913,1154067.084,4.848951826,5.659574067,6.201148372,6.411225483,673352.9932,6.167281857,7.117759689,7.942511877,8.124035345,41.30710115,4.032192101,4.345585031,4.736509521,4.667000772,26.37693946
1270,BMO,Transformer,2022-09-01,2024-09-01,21,11.94579071,12.02824144,12.57063536,12.96947751,1189785.854,10.15624777,10.28878697,10.81441075,11.20911087,695219.856,12.8076807,12.86186285,13.7553049,14.11855963,40.36151474,7.922987262,7.771708416,8.146996979,8.205728407,25.84824069
1271,BMO,Transformer,2022-09-01,2024-09-01,22,5.244205966,6.287827154,7.032275467,7.009766436,1172724.95,4.430714125,5.435700086,6.1282254,6.159563336,682709.577,5.642001857,6.839564998,7.850676537,7.808718551,40.3488486,3.674187582,4.05387706,4.522450913,4.328000843,25.82920318
1272,BMO,Transformer,2022-09-01,2024-09-01,23,9.703258914,10.12094492,10.92906832,11.12420507,1187937.156,8.539093074,8.970536372,9.734753406,9.960419554,695191.7609,10.80329295,11.24410276,12.41742434,12.57822727,40.47612239,5.904822355,5.927930204,6.409491791,6.311495361,24.91997274
1273,BMO,Transformer,2022-09-01,2024-09-01,24,9.781719622,9.492044807,10.53860007,10.51599131,1189992.138,8.551941042,8.355421743,9.330192034,9.361750577,696791.9396,10.81595911,10.47527556,11.90242737,11.82469059,40.6795426,6.069319728,5.698735226,6.320422493,6.106736933,25.39819866
1274,BMO,Transformer,2022-09-01,2024-09-01,25,6.718051772,7.321371173,7.779898678,7.989121341,1179187.749,5.878767967,6.500373618,6.943343753,7.195096538,688383.9677,7.466412044,8.170827681,8.887134989,9.111412998,40.56612326,4.243773865,4.325416119,4.610722207,4.492769169,25.61851929
1275,BMO,Transformer,2022-09-01,2024-09-01,26,8.252724218,8.340022862,9.362178494,9.171441137,1170860.243,6.891084998,6.989161604,7.940763578,7.785846641,680710.1315,8.707126469,8.749594616,10.11787426,9.822983702,40.20542055,5.766527078,5.709895213,6.352417137,6.140724895,25.7443349
1276,BMO,Transformer,2022-09-01,2024-09-01,27,8.580287424,7.930787235,9.332219916,8.625761095,1140866.348,7.427267016,6.898570229,8.183427574,7.595712181,665864.6979,9.407487515,8.663403051,10.45504891,9.612863193,41.85573708,5.525538819,4.983074554,5.820801768,5.252642852,27.36480204
1277,BMO,Transformer,2022-09-01,2024-09-01,28,7.918125741,8.689932193,9.358782078,9.57969289,1182778.367,6.986250534,7.763761434,8.401408227,8.663079874,691923.3314,8.862715816,9.750162384,10.73936512,10.95964936,40.71874268,4.846422521,4.997405392,5.389401528,5.270395724,25.40370407
1278,BMO,Transformer,2022-09-01,2024-09-01,29,6.454852568,6.720700748,7.438618969,7.405824372,1186068.875,5.626159923,5.957430702,6.639461481,6.670643681,692999.6445,7.159661033,7.504682066,8.514363702,8.464723678,40.06311266,4.165399088,4.04054634,4.452258731,4.210624192,24.94067334
1279,BMO,Transformer,2022-09-01,2024-09-01,30,9.218013585,9.850793393,10.50416048,10.67419981,1165265.302,7.630353627,8.184329199,8.803822003,8.968157926,678158.4451,9.628815121,10.23131596,11.20158728,11.2987012,40.60634088,6.536685776,6.846078915,7.30204917,7.299084335,25.78344299
1280,BMO,Transformer,2022-09-01,2024-09-01,31,7.211243864,7.576708006,8.146822795,8.328491392,1151137.825,5.997052641,6.299818559,6.840235602,7.023017869,670605.4137,7.592008743,7.899967499,8.73408635,8.875346806,41.25531335,5.123301233,5.3089199,5.702984858,5.698702628,26.62425949
1281,BMO,Transformer,2022-09-01,2024-09-01,32,9.877620297,9.673998644,10.59096309,10.66911441,1185469.766,8.490240058,8.354022929,9.198765256,9.308560373,692724.007,10.72689222,10.46148854,11.72215391,11.74474011,40.23177336,6.414082693,6.132043681,6.728591757,6.60740624,25.36269782
1282,BMO,Transformer,2022-09-01,2024-09-01,33,6.491480053,7.353348232,7.931195536,8.135539294,1160945.919,5.543794861,6.362627615,6.910684364,7.140246565,675854.6944,7.036510238,7.989797761,8.836339054,9.03435812,40.72184549,4.371926132,4.688624962,5.06198511,5.00216628,26.20445112
1283,BMO,Transformer,2022-09-01,2024-09-01,34,10.32633283,10.53686336,11.62982989,11.42774294,1181848.777,8.975249852,9.226000133,10.25566563,10.12105465,689925.0739,11.33657235,11.54973566,13.06158136,12.76572327,40.42403631,6.477805895,6.387745118,7.011146498,6.711717854,25.43678937
1284,BMO,Transformer,2022-09-01,2024-09-01,35,4.178664342,5.001545766,5.065886807,5.559613286,1167533.487,3.429286141,4.227960809,4.265298205,4.797990711,681041.3422,4.3861664,5.33735102,5.494839643,6.102362965,40.76636783,3.157555088,3.453064331,3.623546853,3.65920184,25.40829492
1285,BMO,Transformer,2022-09-01,2024-09-01,36,8.388282411,8.854040687,9.821629057,9.602689082,1183722.959,7.433223959,7.928920461,8.853522929,8.700799291,692730.1453,9.423859952,9.955528476,11.31078099,11.00598442,40.62740555,5.044597219,5.04195137,5.547221168,5.235321566,25.15563869
1286,BMO,Transformer,2022-09-01,2024-09-01,37,11.23269126,11.31971258,12.72018242,12.49316263,1188890.782,9.514366966,9.623859926,10.90627339,10.736725,695649.4914,12.00251348,12.03304653,13.87087177,13.52499684,40.34148022,7.535062973,7.442979512,8.323943935,8.042823456,25.40676206
1287,BMO,Transformer,2022-09-01,2024-09-01,38,7.308759383,7.888972723,8.224210687,8.640012308,1158316.296,5.983894931,6.455010593,6.78067491,7.166144824,674482.5254,7.561834501,8.080184217,8.643535703,9.041057032,40.94487214,5.336263364,5.687648243,5.965552663,6.112792215,26.34681997
1288,BMO,Transformer,2022-09-01,2024-09-01,39,9.88005095,10.77745282,11.16218004,11.73812911,1172919.723,8.621731622,9.470170077,9.855411019,10.41629438,683318.2796,10.90171409,11.86071298,12.56357648,13.14397875,40.54876375,6.157180527,6.475730814,6.733312329,6.864046109,26.16303422
1289,BMO,Transformer,2022-09-01,2024-09-01,40,9.795755686,9.762396036,11.05906374,10.768043,1168487.522,8.444119847,8.45174416,9.65004965,9.430481827,680192.4041,10.66538491,10.57926182,12.28874699,11.89323175,40.62698609,6.298025251,6.128052198,6.902915132,6.572368119,26.30630437
1290,BMO,Transformer,2022-09-01,2024-09-01,41,9.492978682,9.645788813,10.87499798,10.51581327,1153195.173,8.257930333,8.455923457,9.590966783,9.315576798,671762.8296,10.45139079,10.60405114,12.23800716,11.77190184,41.12028402,6.004460227,5.880157644,6.62102805,6.234122131,26.50389744
1291,BMO,Transformer,2022-09-01,2024-09-01,42,4.88978931,5.051093244,5.616370703,5.589773514,1169238.183,3.992667831,4.187312173,4.689705355,4.723386048,680141.4697,5.090462678,5.282784732,6.028478489,6.005941336,40.2608059,3.687706064,3.631187725,4.062781566,3.875712824,25.60450882
1292,BMO,Transformer,2022-09-01,2024-09-01,43,7.512008931,8.543245154,9.097464174,9.432700379,1148540.87,6.456251081,7.423346319,7.953193289,8.295673194,669443.5714,8.187763634,9.316496779,10.16278178,10.49034488,41.36778102,4.958796058,5.368709589,5.731879024,5.747536772,26.6697528
1293,BMO,Transformer,2022-09-01,2024-09-01,44,6.286422951,6.53214169,6.978807597,7.220863076,1151375.908,5.373397955,5.646668704,6.065311159,6.33627,671650.5551,6.829943186,7.105319765,7.774895579,8.033914342,41.36756358,4.250421968,4.212699731,4.533754117,4.480250006,26.49196135
1294,BMO,Transformer,2022-09-01,2024-09-01,45,6.148041908,6.537732776,7.631910975,7.205486212,1175442.905,5.287871937,5.678887246,6.695407615,6.346558058,685098.1883,6.716312029,7.139758635,8.565572378,8.04037109,40.445164,4.079726173,4.143434597,4.782192741,4.401719941,25.988122
1295,BMO,Transformer,2022-09-01,2024-09-01,46,10.68745237,11.65419934,12.54624335,12.66956854,1161082.021,9.061804969,9.940676294,10.75423341,10.90638102,676102.9524,11.43919813,12.43176242,13.68508091,13.74450394,40.75383633,7.169452881,7.60372108,8.234177677,8.131648914,25.96842594
1296,BMO,Transformer,2022-09-01,2024-09-01,47,10.82726634,10.61849367,11.49693134,11.47341092,1170067.481,9.217141484,9.081356837,9.906525098,9.918259409,680995.8906,11.63790411,11.36634474,12.61714174,12.50909095,40.40028883,7.194585998,6.898765235,7.45818442,7.294566473,26.13522882
1297,BMO,Transformer,2022-09-01,2024-09-01,48,9.909631535,9.497481772,11.21346952,10.4999504,1157479.352,8.47342501,8.146119119,9.721309837,9.104964143,673819.243,10.70693882,10.20317263,12.38679323,11.4917627,40.89982411,6.534866949,6.14501661,7.166915553,6.639758461,26.50341073
1298,BMO,Transformer,2022-09-01,2024-09-01,49,6.202030422,6.12869613,6.904279964,6.7906401,1170383.508,5.267213411,5.235465083,5.958878475,5.892669187,681148.4481,6.686754893,6.58350983,7.629437783,7.467122263,40.42277719,4.239787732,4.068201007,4.55396088,4.348068692,26.03013485
1299,BMO,Transformer,2022-09-01,2024-09-01,50,5.279198345,5.480575693,6.038554863,6.021770563,1199932.51,4.277502041,4.53887345,5.067182331,5.105357689,700881.9582,5.482647766,5.756313796,6.54461173,6.521519373,39.32507248,4.10739081,4.019020692,4.397031118,4.207711145,25.11893976
1300,BMO,Transformer,2023-05-01,2025-05-01,1,2.38380274,2.710710639,2.643537756,2.654946995,587773.4059,1.4462637,2.141014905,1.843772234,1.756186921,383292.7401,1.641147306,2.363848454,2.104394129,1.986006194,42.38778314,2.266778029,1.890707623,2.283646554,2.33411872,28.96326103
1301,BMO,Transformer,2023-05-01,2025-05-01,2,2.708539185,2.151892373,3.175537555,2.413095286,606613.9962,2.134820421,1.489624596,2.698444501,1.678316406,385952.8999,2.373157111,1.651172069,3.02540511,1.883560212,40.67030101,1.943279853,1.762818771,1.941864263,2.038872189,28.58854888
1302,BMO,Transformer,2023-05-01,2025-05-01,3,8.460516949,8.158760756,9.083111141,8.186297652,584750.7668,7.038247784,6.867125734,7.55746336,6.815034282,384195.001,7.835602449,7.525221243,8.529156815,7.573076096,42.74773916,5.329276484,4.861382778,5.791016673,5.107337433,29.10051746
1303,BMO,Transformer,2023-05-01,2025-05-01,4,4.334773674,1.928758744,5.07842147,3.052204667,606178.4612,3.573620452,1.593866806,4.181611655,2.572044001,383057.8507,3.918995448,1.73050281,4.614703537,2.821901066,39.83750492,2.67656987,1.180098745,3.153366587,1.801134122,27.83972221
1304,BMO,Transformer,2023-05-01,2025-05-01,5,8.100084626,7.017522741,8.4194833,7.119313954,607316.3772,6.78639676,5.979165378,6.995240281,5.905751426,385845.3295,7.580842646,6.569783115,7.934064122,6.593377515,40.59516999,5.132394808,4.132935083,5.531403451,4.587855862,28.43430136
1305,BMO,Transformer,2023-05-01,2025-05-01,6,5.429649576,5.432848072,5.762587934,5.358047638,599943.6646,4.034296514,4.384342916,4.208936846,4.02829878,385515.9595,4.549824439,4.836450671,4.827989035,4.53181899,41.26158701,4.26462915,3.625062503,4.686144978,4.093926959,28.34545749
1306,BMO,Transformer,2023-05-01,2025-05-01,7,4.568942274,2.535835334,4.80588411,3.41839297,555459.0574,3.479869477,1.948953175,3.882402449,2.684200165,400048.4025,3.814530083,2.11603171,4.298616834,2.947299167,50.69494016,3.228095598,1.751368014,3.09262301,2.315364726,32.97923557
1307,BMO,Transformer,2023-05-01,2025-05-01,8,4.235132509,4.677403302,4.683902667,4.621305199,609799.1457,3.284394298,3.818293526,3.71886652,3.672691001,386155.4776,3.689845365,4.204405471,4.233776197,4.1120927,40.17232087,3.146848458,3.027500434,3.397433606,3.243510846,28.26340874
1308,BMO,Transformer,2023-05-01,2025-05-01,9,4.222516795,1.939433154,5.265247291,3.162900869,604540.8446,3.493472734,1.598956843,4.351195466,2.678699095,384626.5851,3.82829702,1.734534983,4.795142387,2.933740944,40.47405636,2.586038951,1.190699657,3.237171052,1.832083257,28.33941923
1309,BMO,Transformer,2023-05-01,2025-05-01,10,9.43450114,7.973815542,9.736663398,8.07330253,597338.4029,8.024580065,6.855833909,8.228194839,6.818021331,383640.0518,8.935459804,7.518296315,9.297713869,7.588262912,41.21289298,5.682437729,4.54230765,6.058549562,4.936824776,28.57229202
1310,BMO,Transformer,2023-05-01,2025-05-01,11,6.162344813,3.036924841,6.74822885,4.234452494,574738.5962,5.034064053,2.321131754,5.393745128,3.440648368,384914.0127,5.500439826,2.506988135,5.929396044,3.755762957,43.97781834,3.841358815,2.094360609,4.425331236,2.652601256,29.18980245
1311,BMO,Transformer,2023-05-01,2025-05-01,12,6.978891712,6.763633866,7.83371065,6.762717111,591458.9198,5.752690572,5.808492115,6.441414011,5.58343468,388501.0726,6.442871922,6.383284162,7.321135433,6.241194962,42.99197955,4.645329825,3.924795747,5.312382153,4.435831882,29.05093788
1312,BMO,Transformer,2023-05-01,2025-05-01,13,6.439701515,6.17436015,6.939231485,6.187497767,606223.4072,5.276130417,5.16538009,5.683304547,5.048273113,387238.4865,5.899077045,5.677036026,6.446364049,5.636939611,41.31268622,4.279736127,3.780922395,4.679923817,4.104408098,29.05237102
1313,BMO,Transformer,2023-05-01,2025-05-01,14,2.999531577,2.393949624,3.267402661,2.803867107,571895.5092,2.206351286,1.81195805,2.510573633,2.048536056,391165.1181,2.455592762,2.001040756,2.834573032,2.292458448,46.9839355,2.346693248,1.779071589,2.456926004,2.232936225,31.6747916
1314,BMO,Transformer,2023-05-01,2025-05-01,15,4.117246291,1.656218837,4.832367623,2.732552058,599720.2201,3.54123351,1.371039109,4.088592171,2.373318948,383910.6541,3.881222403,1.487265852,4.506172125,2.602601863,41.14864397,2.288383707,1.011600701,2.817293752,1.488881854,28.73706344
1315,BMO,Transformer,2023-05-01,2025-05-01,16,3.54256087,3.831191329,3.822857016,3.756350476,609402.5833,2.611704415,3.081250471,2.929691735,2.892681161,386362.3062,2.945430918,3.397940525,3.345702361,3.247912158,40.36192848,2.842867526,2.564627506,2.960676536,2.796671927,28.38005496
1316,BMO,Transformer,2023-05-01,2025-05-01,17,2.694650307,3.000025516,3.055805934,2.972782702,604876.806,1.776886371,2.254601343,2.191035219,1.940878512,385373.7901,2.005120504,2.495802849,2.496956388,2.19823265,40.73702279,2.412438042,2.244991972,2.553425508,2.636792717,28.60464221
1317,BMO,Transformer,2023-05-01,2025-05-01,18,3.671044292,1.891367935,4.547239713,2.912625889,621208.6531,2.979258189,1.575565852,3.849790806,2.450842929,387680.038,3.272376259,1.713265012,4.256908737,2.692218826,38.85143714,2.369626526,1.146941877,2.651173785,1.743519726,27.69845726
1318,BMO,Transformer,2023-05-01,2025-05-01,19,6.019527773,5.901311701,6.742029476,5.97677604,617574.8051,4.817380872,4.809566874,5.43883947,4.784107099,386736.7468,5.394752668,5.294668304,6.17503778,5.349511168,39.11094474,4.191345728,3.824687558,4.685920449,4.111391885,27.56597724
1319,BMO,Transformer,2023-05-01,2025-05-01,20,6.64911597,5.806737547,7.21520872,6.007985524,623566.168,5.349311985,4.668388083,5.838082724,4.841992172,387588.3894,5.972242947,5.138370367,6.609014784,5.405078513,38.26405234,4.519697303,3.844426298,4.917349744,4.059880932,27.03092939
1320,BMO,Transformer,2023-05-01,2025-05-01,21,3.102364565,2.037326201,3.856291338,2.696053652,600571.4789,2.411823011,1.576342911,3.191427515,2.037937842,383590.8665,2.669220989,1.732651998,3.553651179,2.26013662,41.02314348,2.213643123,1.459287674,2.409576763,2.015720211,28.60823922
1321,BMO,Transformer,2023-05-01,2025-05-01,22,8.635654664,7.734876359,8.836003519,7.726737507,567520.3505,7.244150541,6.604288288,7.335488181,6.418379928,386723.7505,8.095738609,7.257844408,8.326116094,7.167646801,45.22720249,5.476641488,4.54230378,5.845005382,4.978720758,29.77580725
1322,BMO,Transformer,2023-05-01,2025-05-01,23,2.900703143,2.580895502,3.313022354,2.859479683,610214.7514,1.993174594,1.826079648,2.493629808,1.977054388,386109.6437,2.239120153,2.024256902,2.827972533,2.22492943,40.08106728,2.483955199,2.068958797,2.585340904,2.420244565,28.22164287
1323,BMO,Transformer,2023-05-01,2025-05-01,24,4.009453713,2.367226195,4.621428651,3.268907527,604022.3283,3.02715161,1.792742392,3.680009861,2.500975299,383043.1101,3.333519801,1.958004676,4.0877664,2.757721084,40.11417088,2.899208866,1.700955121,3.073722899,2.335530496,28.00625107
1324,BMO,Transformer,2023-05-01,2025-05-01,25,3.620447518,1.620651379,3.91289944,2.47032275,612198.4735,2.911065931,1.268563113,3.315880656,2.034375998,385495.0965,3.202871941,1.388844027,3.68370576,2.249868906,39.44505458,2.383521257,1.134913351,2.299683877,1.601222012,27.77599536
1325,BMO,Transformer,2023-05-01,2025-05-01,26,5.436648274,3.027375267,5.937959561,4.086239403,571195.5127,4.092372117,2.245405557,4.627127008,3.120483848,385461.3695,4.48092575,2.434400299,5.107901461,3.417779009,44.59109174,3.883936989,2.18052073,4.052754351,2.857185655,29.61317957
1326,BMO,Transformer,2023-05-01,2025-05-01,27,7.928409052,7.094256343,8.505313831,7.246758425,611136.2004,6.572134764,5.965320752,7.030836253,5.968757638,387144.2718,7.344142637,6.557169054,7.971936533,6.663061635,40.43627249,5.132475508,4.303772867,5.624890776,4.721514161,28.46728136
1327,BMO,Transformer,2023-05-01,2025-05-01,28,6.429453201,3.329882757,6.993721493,4.536047569,593719.4782,5.218135987,2.515450768,5.53464296,3.688560057,383514.1264,5.708273824,2.71570656,6.092593057,4.026540416,42.23585154,4.073749424,2.34197806,4.68478759,2.845457414,29.48809384
1328,BMO,Transformer,2023-05-01,2025-05-01,29,4.00283758,4.560367511,4.422355742,4.441079378,609417.4519,3.088499739,3.700139803,3.510539494,3.529493825,385951.4583,3.47048541,4.074946125,3.996774309,3.951556335,40.19988984,3.003782175,2.984213513,3.219362586,3.120795693,28.24966404
1329,BMO,Transformer,2023-05-01,2025-05-01,30,3.993379526,2.04689002,4.47924181,2.998383988,577908.4298,3.254666452,1.629583771,3.781164472,2.461401429,382501.9554,3.56461515,1.768991579,4.174533712,2.699212919,43.19272753,2.52623971,1.345949296,2.613039452,1.878698575,28.7382484
1330,BMO,Transformer,2023-05-01,2025-05-01,31,3.239227001,2.260514888,3.634692793,2.821143725,571810.7122,2.449396187,1.747760158,2.939293132,2.083318386,387686.2234,2.715672875,1.923126799,3.292454931,2.319531258,45.55111048,2.406952012,1.622664076,2.433900325,2.188486681,30.40954411
1331,BMO,Transformer,2023-05-01,2025-05-01,32,5.615681013,3.772294989,6.375776163,4.807364073,555991.8328,4.561526442,2.817922889,5.124790981,3.891194933,391255.1599,4.98568913,3.036369004,5.633768736,4.239090756,48.59443409,3.539060663,2.684499459,4.133723559,3.028278733,32.35890159
1332,BMO,Transformer,2023-05-01,2025-05-01,33,2.66498142,1.585125281,3.151518631,2.158414045,601169.2476,2.285076193,1.235896625,2.854579031,1.746038592,384887.647,2.510303742,1.353198253,3.159147855,1.925170281,41.00014713,1.545883677,1.11311079,1.46731795,1.451177045,28.79539521
1333,BMO,Transformer,2023-05-01,2025-05-01,34,2.094414543,2.006131498,2.321346851,2.095369799,611727.3055,1.649076528,1.609475688,1.975301838,1.442058595,385439.0706,1.826577884,1.772312621,2.212512334,1.617120931,39.44176868,1.515285513,1.361409617,1.440671321,1.778730219,27.66440332
1334,BMO,Transformer,2023-05-01,2025-05-01,35,3.124869037,2.176037181,3.648550551,2.919157023,578065.6476,2.403880312,1.700133752,3.026101659,2.263705382,385633.0984,2.66031586,1.857049689,3.374881245,2.498466966,44.2956513,2.265358595,1.503342815,2.290093635,2.068167639,29.8856598
1335,BMO,Transformer,2023-05-01,2025-05-01,36,5.321434987,2.306702995,6.180848269,3.64467902,606753.6589,4.355049367,1.8642626,4.937931035,3.050948304,385927.8435,4.771111766,2.018658597,5.441127457,3.339450767,40.51638702,3.321741331,1.45964755,4.074666529,2.157473676,28.55639235
1336,BMO,Transformer,2023-05-01,2025-05-01,37,6.102952888,3.675998328,7.162659236,4.88389025,587628.8612,4.683635245,2.660802738,5.466875919,3.783021181,379863.0122,5.126778862,2.875589139,6.022926748,4.13293521,41.27971519,4.23758437,2.718691745,5.050788666,3.325152444,27.71031413
1337,BMO,Transformer,2023-05-01,2025-05-01,38,2.771706587,2.761338331,3.161836311,2.88927525,608795.457,1.970634499,1.986432988,2.43481993,2.000155698,386433.4016,2.203334327,2.202491485,2.751177241,2.255116537,40.46302748,2.288563711,2.173022666,2.384362886,2.447687561,28.48990721
1338,BMO,Transformer,2023-05-01,2025-05-01,39,3.992569192,2.175387919,4.152121573,2.806510908,578199.6377,3.053687713,1.68951223,3.391665334,2.095631661,385807.4462,3.355263477,1.855449568,3.768316255,2.324245759,44.54092302,2.826162,1.541595959,2.643376789,2.125227739,30.16664161
1339,BMO,Transformer,2023-05-01,2025-05-01,40,6.312464863,6.034534091,6.766273852,6.043435622,599197.7035,5.049311934,4.974340091,5.407499092,4.814724328,385289.8526,5.662222353,5.47705543,6.155171016,5.391407723,41.15190356,4.418872333,3.839402983,4.819450203,4.212923884,28.02268506
1340,BMO,Transformer,2023-05-01,2025-05-01,41,3.574266829,2.016237135,4.092920371,2.794927592,617246.721,2.803814616,1.572243989,3.406593911,2.201563601,386943.3474,3.087862708,1.721410787,3.785484578,2.433466842,39.06393612,2.46343091,1.413488906,2.509135241,1.950148963,27.49315332
1341,BMO,Transformer,2023-05-01,2025-05-01,42,2.769565993,3.362082757,2.958586995,3.198084808,604126.601,1.807039354,2.693175959,1.941268149,2.326694126,385746.975,2.050538174,2.971820169,2.2336593,2.621627824,40.98109334,2.506552446,2.276828747,2.683802273,2.57114588,28.78913362
1342,BMO,Transformer,2023-05-01,2025-05-01,43,3.502672668,3.158282955,3.945163306,3.430841675,612389.2271,2.450604272,2.298514577,2.830602695,2.428180783,386568.803,2.749771136,2.54553203,3.221185788,2.731088741,39.86644891,2.920111111,2.453088034,3.241639907,2.825655202,28.12776737
1343,BMO,Transformer,2023-05-01,2025-05-01,44,7.994278302,7.36375054,8.668356516,7.679131193,611277.0636,6.478754935,6.187885984,7.003748413,6.280069677,385287.7285,7.260322851,6.807777875,7.967319875,7.021026878,39.59093236,5.457908286,4.504036083,6.050885418,5.10692503,27.75186155
1344,BMO,Transformer,2023-05-01,2025-05-01,45,5.530042787,2.064864449,5.816788913,3.316425657,610314.7312,4.548916851,1.701575283,4.700401647,2.791820778,385656.6793,4.982045112,1.845750933,5.182462867,3.060203962,39.78875929,3.416103601,1.263668903,3.7532619,1.948302454,27.99204329
1345,BMO,Transformer,2023-05-01,2025-05-01,46,8.015233799,3.771575658,8.809312408,5.292066082,609950.4578,6.352380975,2.805085591,6.856883661,4.193008578,385491.9193,6.948667083,3.030277501,7.556150647,4.576101668,39.87991957,5.308630391,2.709437903,6.063403669,3.485278849,28.00705579
1346,BMO,Transformer,2023-05-01,2025-05-01,47,6.812079455,3.435853932,7.671671201,4.839286269,608779.118,5.307327204,2.572518274,5.86393825,3.833746859,381025.8621,5.814065006,2.784795047,6.46639139,4.194209043,38.84894262,4.641142907,2.451531185,5.429964468,3.19587036,27.26321082
1347,BMO,Transformer,2023-05-01,2025-05-01,48,2.921112446,1.537999209,3.427254335,2.252146046,605491.1087,2.496258699,1.207784371,3.048816185,1.870096026,385102.1845,2.741447925,1.319448922,3.372307322,2.059084604,40.49260411,1.692339494,1.065751039,1.713153261,1.423855392,28.39825107
1348,BMO,Transformer,2023-05-01,2025-05-01,49,6.309397286,6.521374143,6.962403791,6.543790939,602423.2769,5.053288597,5.531186661,5.558463112,5.340938678,385168.7294,5.671407487,6.082388112,6.333418517,5.973933143,40.85630043,4.436676335,3.902243012,4.994242312,4.383213278,28.32743342
1349,BMO,Transformer,2023-05-01,2025-05-01,50,6.890136801,6.425680783,7.212507828,6.452659485,602402.7796,5.5820552,5.437696299,5.740169819,5.221011426,384103.6377,6.259465919,5.981606702,6.542837438,5.844875375,40.71371835,4.74032837,3.875281101,5.207276091,4.405272575,28.34515757
1350,BMO,Transformer,2024-01-01,2026-01-01,1,13.01586409,7.602988585,13.47870316,9.908705782,325212.5104,11.80316753,6.748358562,12.32050482,8.979914849,269610.791,9.240479763,5.23501481,9.716336095,7.026481924,67.84346714,4.202077591,2.659284405,4.205053737,3.205825175,82.66717946
1351,BMO,Transformer,2024-01-01,2026-01-01,2,11.36761346,8.171232191,12.71167302,10.13503265,341590.413,10.09519476,7.229418344,11.35161445,9.091373753,292023.0494,7.876885016,5.598409331,8.917999256,7.097902674,74.04638931,3.992284638,2.884650506,4.381199117,3.41576047,87.28511838
1352,BMO,Transformer,2024-01-01,2026-01-01,3,6.81316732,4.67475084,7.162661165,6.040705819,313196.6413,6.082062267,4.133313032,6.456723782,5.443302227,257762.2225,4.769770053,3.212628989,5.103500748,4.266356411,62.7770125,2.387212158,1.664338804,2.427336392,2.01934065,74.72818826
1353,BMO,Transformer,2024-01-01,2026-01-01,4,2.080104486,2.417385533,2.518551152,3.036063144,316216.6398,1.590814624,2.038366766,1.897319141,2.558821554,260444.6971,1.256005438,1.589328351,1.502803727,2.007921857,63.86198468,1.046311755,0.98618963,1.306777923,1.263349481,76.43552709
1354,BMO,Transformer,2024-01-01,2026-01-01,5,7.310162515,5.240983178,8.056331572,6.765882613,309265.4905,6.451980225,4.594383635,7.253567321,6.079023974,256379.9677,5.059884181,3.569777615,5.729514471,4.763139934,62.86699919,2.665836264,1.921128992,2.729363051,2.285078772,74.76146651
1355,BMO,Transformer,2024-01-01,2026-01-01,6,10.08504451,6.837721393,11.02122893,8.642801503,341706.9474,8.890170365,6.04649352,9.778942804,7.735868047,293900.07,6.932486048,4.682653103,7.678210306,6.038714761,74.62452711,3.64002984,2.413900196,3.89819746,2.937956305,87.32695348
1356,BMO,Transformer,2024-01-01,2026-01-01,7,8.705212416,5.906627278,9.752867117,7.664177054,309995.8689,7.796205521,5.262347967,8.787761031,6.937829116,254333.0645,6.087621968,4.078957698,6.909389523,5.421382839,62.18563572,2.960410321,2.027818979,3.241149736,2.480957049,74.6557963
1357,BMO,Transformer,2024-01-01,2026-01-01,8,16.00643584,9.310798534,16.67198903,11.96704781,322488.0336,13.89934712,8.115716638,14.57460902,10.55689849,266014.019,10.831969,6.279430124,11.43461424,8.23403464,66.47587845,6.069801156,3.462219008,6.206319131,4.303975727,80.75269138
1358,BMO,Transformer,2024-01-01,2026-01-01,9,9.132309732,6.489983504,10.08918911,8.313141044,325685.0908,8.207694861,5.781179052,9.174785815,7.541063239,271923.1905,6.416749228,4.483378643,7.227005264,5.896866995,67.8708015,3.069019025,2.233649821,3.227591391,2.670976603,80.78774745
1359,BMO,Transformer,2024-01-01,2026-01-01,10,12.28765826,8.322622251,13.56268398,10.37458556,389211.4398,11.07560359,7.40461355,12.34999273,9.399345368,338602.1591,8.667594671,5.743329405,9.73366518,7.353310744,88.477411,4.081021867,2.8856716,4.312984118,3.36106033,104.1595225
1360,BMO,Transformer,2024-01-01,2026-01-01,11,16.29185113,10.10095883,17.40024922,12.73681285,342422.6929,14.18232892,8.804995019,15.24437254,11.24636133,290949.9383,11.0546694,6.81290294,11.96254319,8.772682241,73.8451149,6.126552625,3.756898161,6.425781854,4.565365326,88.0058155
1361,BMO,Transformer,2024-01-01,2026-01-01,12,6.15950347,4.352716005,6.887799939,5.646969737,307811.5668,5.516436003,3.837247675,6.252391808,5.086262555,252036.9573,4.320044793,2.982262902,4.933586054,3.984345486,60.91614778,2.117327438,1.561206512,2.242481859,1.884893841,72.73524926
1362,BMO,Transformer,2024-01-01,2026-01-01,13,9.043594957,5.890260567,9.916226936,7.627559755,314724.5946,8.185530359,5.241922095,9.087625544,6.9233266,258051.4008,6.419354325,4.072600071,7.177849761,5.424895916,63.63373734,2.974011266,2.046533565,3.080210313,2.463389181,77.01990593
1363,BMO,Transformer,2024-01-01,2026-01-01,14,11.8359244,7.44103398,12.45551156,9.442429357,304808.1228,10.47438688,6.556877937,11.11108493,8.460032297,250258.2195,8.172637102,5.07838893,8.730866665,6.606351981,60.87878725,4.216434661,2.664692388,4.320454614,3.200230674,72.71497651
1364,BMO,Transformer,2024-01-01,2026-01-01,15,12.39812562,7.901767066,13.20478225,10.09369734,330384.9472,11.19897808,7.021500203,12.03724205,9.142820999,277770.2169,8.767335732,5.445997375,9.491135731,7.152459923,69.99016817,4.078175731,2.751252661,4.177801696,3.272155021,83.73468596
1365,BMO,Transformer,2024-01-01,2026-01-01,16,16.71347093,10.07517999,16.76234905,12.66598177,343292.2328,14.59428419,8.785805862,14.72775981,11.19771838,290213.4543,11.3785683,6.798336986,11.55931823,8.735567212,73.75150087,6.219824794,3.742408791,6.127377199,4.518680368,88.51431607
1366,BMO,Transformer,2024-01-01,2026-01-01,17,13.32880733,8.368780831,14.41122325,10.74446733,340766.0443,11.85274667,7.40395993,12.9057261,9.641401843,290848.4396,9.249635166,5.733607381,10.14158674,7.527599874,74.02673479,4.656907775,2.955237863,4.910829703,3.617367963,87.78125982
1367,BMO,Transformer,2024-01-01,2026-01-01,18,5.882787083,3.894799861,6.378878671,5.195146309,310210.0181,5.312116235,3.429091917,5.834351164,4.696460755,250183.2909,4.166188992,2.666310527,4.61123469,3.682480432,59.59678867,1.958446906,1.405643866,2.007734905,1.710338826,71.96356794
1368,BMO,Transformer,2024-01-01,2026-01-01,19,8.496755523,6.531837865,9.460416952,7.904399581,332885.4817,7.584009017,5.796818269,8.602047978,7.143335289,281994.055,5.958145274,4.507676679,6.808860565,5.603432692,70.59568345,2.984567542,2.305682025,3.084331877,2.618059591,83.60835902
1369,BMO,Transformer,2024-01-01,2026-01-01,20,10.88286606,7.382328111,11.73772951,9.203573891,336591.6606,9.896914742,6.617245058,10.75942637,8.393878371,287174.0151,7.742209077,5.1328838,8.477609271,6.566014012,72.76451207,3.461458143,2.481586256,3.597837738,2.883017751,86.27750828
1370,BMO,Transformer,2024-01-01,2026-01-01,21,16.36801233,9.838494678,17.34195068,12.35374238,375846.7774,14.33590055,8.622389233,15.30414652,10.97163993,325769.2799,11.17872624,6.67344854,12.01528058,8.561125159,84.69488268,6.030366321,3.594314594,6.240516626,4.332820707,100.1685228
1371,BMO,Transformer,2024-01-01,2026-01-01,22,15.80141019,9.879301177,16.73461969,12.51934854,343341.8946,13.79314256,8.62877853,14.70495429,11.07787398,289504.0725,10.75377672,6.677556468,11.54208007,8.642715622,73.43926425,5.888296463,3.650580091,6.115227575,4.452133558,88.14176041
1372,BMO,Transformer,2024-01-01,2026-01-01,23,11.35492132,7.707850525,12.07507965,9.664855243,389422.6233,10.27180199,6.90224977,11.00422157,8.789249453,340074.3839,8.02914083,5.351120792,8.663342898,6.871132988,88.15863249,3.700389895,2.599104947,3.812490621,3.067800426,102.6495361
1373,BMO,Transformer,2024-01-01,2026-01-01,24,8.328074636,5.06481724,9.166045125,6.780572302,310159.9183,7.529312608,4.495654292,8.368168593,6.154275837,250373.0705,5.891069772,3.489680624,6.59395814,4.816388343,59.41123948,2.733807361,1.769579836,2.878117773,2.177298219,71.37104551
1374,BMO,Transformer,2024-01-01,2026-01-01,25,8.71361707,6.191477362,9.555287399,7.838960068,319470.7783,7.877389272,5.512758625,8.74958444,7.123785338,267295.1184,6.177918546,4.28160633,6.910050094,5.579871484,66.50069692,2.874987657,2.143931108,2.972935476,2.510238272,78.94295546
1375,BMO,Transformer,2024-01-01,2026-01-01,26,10.35574734,6.484551665,11.28381392,8.385644076,312739.8995,9.094034606,5.740516796,9.968832758,7.495978907,257000.4637,7.089518372,4.446665288,7.824704361,5.85120174,62.55008361,3.787991701,2.277768628,4.057339022,2.865969235,74.63176923
1376,BMO,Transformer,2024-01-01,2026-01-01,27,15.56136469,8.709378897,16.61125128,11.48211184,308657.5039,13.61797653,7.634651543,14.6210163,10.19109253,248005.323,10.61630206,5.908778818,11.47519554,7.950979362,58.72847753,5.755172987,3.176910815,6.042063915,4.037545318,70.92445126
1377,BMO,Transformer,2024-01-01,2026-01-01,28,11.66076368,8.599742858,12.86148176,10.35478103,334569.9828,10.32473424,7.589540856,11.46811419,9.273312948,286563.7478,8.054183736,5.876227177,9.008281441,7.239049212,72.51155957,4.139841802,3.06422139,4.457136841,3.512776777,85.12413594
1378,BMO,Transformer,2024-01-01,2026-01-01,29,11.81059485,7.716083935,12.66217764,9.696467457,314013.2946,10.54260154,6.843650507,11.3898509,8.736242577,262415.8005,8.230303284,5.301776932,8.954830036,6.823993698,65.41593631,4.069299482,2.698748345,4.241255971,3.20927082,78.09307351
1379,BMO,Transformer,2024-01-01,2026-01-01,30,10.77934064,7.050533897,11.07178006,8.851193308,325262.6575,9.661912833,6.276972414,10.00247764,8.007814689,273005.9976,7.545048164,4.864044399,7.86694117,6.256895255,68.38718892,3.652172613,2.429664494,3.638151459,2.874234431,81.36359075
1380,BMO,Transformer,2024-01-01,2026-01-01,31,6.22427715,4.546005521,7.084755226,5.959752022,309355.1027,5.524192028,4.006357686,6.405756463,5.368191567,252411.6905,4.328099995,3.111851133,5.055088933,4.203523511,60.89579415,2.218858904,1.62930315,2.348595516,1.985080414,73.00747638
1381,BMO,Transformer,2024-01-01,2026-01-01,32,14.18135776,9.032758409,14.87695626,11.26873682,375210.9276,12.55846981,7.956482811,13.29178178,10.08263244,322992.6348,9.797724737,6.159554118,10.44289909,7.870457176,84.30641613,5.02858617,3.24138008,5.111787541,3.837880187,101.7731512
1382,BMO,Transformer,2024-01-01,2026-01-01,33,10.48581117,6.401874834,11.1579668,8.326731614,306042.3841,9.515348821,5.704439722,10.18786677,7.569093506,248156.2919,7.442981233,4.424815997,8.023935698,5.920591649,59.50437704,3.368461895,2.201389218,3.488424529,2.64975113,71.47933448
1383,BMO,Transformer,2024-01-01,2026-01-01,34,10.52725216,7.409947268,11.38496378,9.204504121,361617.1137,9.535572795,6.630659702,10.38208613,8.369588419,313117.7057,7.45720128,5.141226835,8.176021939,6.544158714,80.24473517,3.413479068,2.505484301,3.586219546,2.924014889,94.03144697
1384,BMO,Transformer,2024-01-01,2026-01-01,35,10.63324528,7.102520717,11.40633199,8.998656122,314737.4314,9.577459021,6.342049786,10.3610852,8.171799035,262328.7898,7.483209011,4.91651623,8.153886301,6.387967011,65.35743891,3.530742648,2.42084384,3.655297916,2.873630814,78.05279781
1385,BMO,Transformer,2024-01-01,2026-01-01,36,6.090062521,3.735053747,6.877781959,5.185351698,310960.8813,5.425689582,3.171246714,6.261224968,4.590616044,250639.2408,4.269805423,2.472908028,4.964403962,3.60861803,58.8833551,2.169138607,1.519543088,2.246284338,1.880260215,70.24053685
1386,BMO,Transformer,2024-01-01,2026-01-01,37,11.11635772,7.21982548,12.17513784,9.184220467,315950.7029,9.838314055,6.388071726,10.84382124,8.244096451,259231.2,7.674287709,4.947206923,8.516976901,6.436670546,63.86593886,3.95352459,2.545892454,4.239937789,3.084815453,77.13986386
1387,BMO,Transformer,2024-01-01,2026-01-01,38,9.574082731,6.52403506,10.59558021,8.315778017,321299.0725,8.667877691,5.825853229,9.706694278,7.562788114,266168.2672,6.792805552,4.524289725,7.663069191,5.923133444,66.04380009,3.13649711,2.234083082,3.290454059,2.655717881,79.59878639
1388,BMO,Transformer,2024-01-01,2026-01-01,39,5.33730179,4.013933853,6.240950332,5.281823138,309317.9744,4.774030829,3.549398394,5.676393777,4.773490287,253147.072,3.742518418,2.759596039,4.480645762,3.740755088,60.7921523,1.851820479,1.424926643,2.016091018,1.738581011,72.19751494
1389,BMO,Transformer,2024-01-01,2026-01-01,40,8.472008887,6.447422866,9.909241245,8.167114735,337831.0837,7.551646428,5.732598834,8.878468668,7.362440099,288929.7699,5.894176121,4.441709932,6.97707775,5.750631692,73.69064242,2.935859437,2.231000597,3.374258083,2.693801854,87.32286492
1390,BMO,Transformer,2024-01-01,2026-01-01,41,9.359643346,5.304211205,9.764109863,6.996432466,313584.8964,8.229881531,4.729255294,8.635400372,6.271899456,255464.7511,6.416612008,3.666030606,6.778701705,4.897191533,61.54413879,3.406802137,1.807466502,3.496015164,2.361870632,73.73476625
1391,BMO,Transformer,2024-01-01,2026-01-01,42,5.92664003,3.877926047,6.521864174,5.239215175,307866.1915,5.330292676,3.389946968,5.951491678,4.716407968,248219.6266,4.184360321,2.637403931,4.706528929,3.699367291,58.62243531,2.014629829,1.436204322,2.083633237,1.760912941,70.13190326
1392,BMO,Transformer,2024-01-01,2026-01-01,43,11.31712031,7.313406848,11.93791762,9.179754052,347984.2761,10.27970424,6.553686872,10.92025269,8.355706682,298711.0399,8.044165684,5.084457507,8.607375356,6.5369494,76.30310354,3.630917625,2.462410093,3.715770098,2.908840359,90.32067169
1393,BMO,Transformer,2024-01-01,2026-01-01,44,17.58929938,10.29319746,18.23380104,13.1538625,364345.538,15.28776321,8.972685555,15.9433281,11.60426612,312362.091,11.91577166,6.942600061,12.50957269,9.051416731,80.95818507,6.647475683,3.828613578,6.779256646,4.730863721,97.26518662
1394,BMO,Transformer,2024-01-01,2026-01-01,45,17.21272614,10.09788627,17.63057475,12.76966097,373634.6642,15.29770427,8.905909509,15.75682868,11.42834954,320232.6878,11.93942585,6.895268426,12.38112309,8.921565208,82.9122099,6.017522092,3.61013965,6.047459337,4.347098562,99.77613705
1395,BMO,Transformer,2024-01-01,2026-01-01,46,3.886971565,3.133771043,4.678819773,4.133806152,313234.8644,3.254853543,2.693662973,4.113900848,3.634722326,254953.7017,2.563243055,2.099210882,3.262583537,2.856426005,61.59740978,1.675918708,1.229168507,1.767551916,1.534597942,74.07588068
1396,BMO,Transformer,2024-01-01,2026-01-01,47,8.404115089,4.93910654,8.775919743,6.646766291,310762.57,7.326393582,4.389517785,7.676679075,5.912257391,251887.0639,5.708793638,3.402072534,6.02087468,4.613575781,60.69945122,3.145696695,1.700310973,3.263390446,2.31293499,73.40571034
1397,BMO,Transformer,2024-01-01,2026-01-01,48,11.01626785,7.096389056,11.77201183,9.018469725,316557.3069,9.944133308,6.311974938,10.70717123,8.176249351,262342.7714,7.775175971,4.894325158,8.430967692,6.3933643,65.55483184,3.623428183,2.457138536,3.751196035,2.904744979,79.33813594
1398,BMO,Transformer,2024-01-01,2026-01-01,49,11.81407234,8.301627524,12.74959603,10.18460822,344765.6382,10.43001221,7.3094168,11.3210418,9.095284334,295542.6201,8.134649645,5.658648664,8.889999093,7.098763965,75.3104001,4.241604764,2.982130911,4.495646021,3.495858398,88.95590236
1399,BMO,Transformer,2024-01-01,2026-01-01,50,4.527834535,3.095056239,5.004320089,4.26204303,308940.5284,3.816743803,2.561110049,4.342225236,3.675013379,247799.3866,3.010579115,1.99916272,3.451260416,2.891899707,58.25826845,1.921742427,1.339903172,1.978450688,1.68781565,70.15784565
1400,V,Transformer,2022-01-01,2024-01-01,1,22.94585293,21.26658919,22.16199107,21.59514042,2779160.913,21.54509579,19.95656839,20.85602811,20.18289661,2283585.898,8.54529398,7.868624699,8.317422919,7.992918332,59.66489378,3.078374487,2.849283413,2.947229112,2.998451662,73.3628456
1401,V,Transformer,2022-01-01,2024-01-01,2,21.15569295,18.95054643,20.147345,19.38264248,2760887.623,19.9443341,17.84133262,19.04942909,18.16555504,2260583.991,7.916886973,7.040624229,7.604940308,7.200656361,59.13971972,2.761665941,2.486154592,2.596122858,2.650061761,73.12744493
1402,V,Transformer,2022-01-01,2024-01-01,3,34.42843247,31.47656993,34.20606498,33.48391446,2826320.472,31.05579908,28.41042295,30.85639553,30.05609478,2299642.306,12.29780425,11.18450323,12.28288731,11.88485152,60.88777806,5.791546158,5.252678796,5.782775404,5.754597454,74.66102131
1403,V,Transformer,2022-01-01,2024-01-01,4,24.65778974,22.64573393,23.35001224,23.25993771,2832434.499,22.64831525,20.85486204,21.49390141,21.29095975,2335306.099,8.973218642,8.215381756,8.561173143,8.423720108,61.233283,3.789463214,3.413572914,3.564442496,3.644562388,74.16343909
1404,V,Transformer,2022-01-01,2024-01-01,5,17.05218789,16.186108,16.52093284,15.97697555,3143641.96,15.88105417,15.08832341,15.44458643,14.74910522,2647076.715,6.305959718,5.955139837,6.168555362,5.847869437,69.39838885,2.439508495,2.286316883,2.331511157,2.415128788,81.07580069
1405,V,Transformer,2022-01-01,2024-01-01,6,31.6345468,27.42134061,31.47218594,27.53140414,2914141.581,28.71936137,24.92079392,28.71959475,24.86827008,2437684.62,11.3745544,9.812550192,11.43665394,9.834835816,63.81040518,5.171861686,4.435574144,5.051338667,4.607068904,77.23250172
1406,V,Transformer,2022-01-01,2024-01-01,7,25.38417157,23.69473754,25.44406242,24.68014413,2587230.332,23.65202741,22.08292894,23.76561101,22.90024608,2092196.45,9.377645224,8.704165791,9.474705871,9.066241534,54.93835787,3.591177684,3.327809635,3.570679573,3.589806216,70.96704453
1407,V,Transformer,2022-01-01,2024-01-01,8,24.79403652,22.92525201,23.43999909,23.4599279,3079928.929,22.76689216,21.04446822,21.58990142,21.40681746,2591846.3,9.024532686,8.292535616,8.606988086,8.472955958,67.75712933,3.835837942,3.530874395,3.599458641,3.752618084,79.35663738
1408,V,Transformer,2022-01-01,2024-01-01,9,23.93911812,21.84089133,22.77260294,22.18659838,2807168.253,22.39034288,20.39335935,21.34914014,20.64156046,2324166.306,8.883160988,8.042692649,8.51815751,8.177426252,60.95745617,3.311394983,3.038439195,3.12941135,3.183147798,74.25227185
1409,V,Transformer,2022-01-01,2024-01-01,10,17.72191589,16.88130592,17.1157371,16.26746818,3095256.91,16.67930916,15.86880895,16.16130664,15.21081217,2620205.392,6.618277641,6.259362646,6.449396778,6.027014392,68.16469113,2.339747016,2.237203538,2.227278334,2.258693158,79.15302794
1410,V,Transformer,2022-01-01,2024-01-01,11,34.04143409,30.2797236,32.6758388,32.23934608,2464066.498,30.7563242,27.40872136,29.54015513,28.99711382,1921522.462,12.17971438,10.79102953,11.75946876,11.46665231,50.26529452,5.685043997,4.987578819,5.470264916,5.493795388,67.04052582
1411,V,Transformer,2022-01-01,2024-01-01,12,23.04535865,21.63679123,22.25664583,22.17999651,2670844.398,21.51507649,20.18864834,20.81798246,20.60771534,2148618.468,8.529323799,7.956602896,8.29771034,8.157465044,56.46031472,3.213018699,3.012574749,3.084984144,3.195823176,71.64741212
1412,V,Transformer,2022-01-01,2024-01-01,13,14.98961805,13.87505608,14.62259577,14.51333852,2851787.062,14.171511,13.1122854,13.88037434,13.63782346,2358572.432,5.623874,5.173614692,5.539910201,5.403986734,61.69487236,1.905444316,1.76201024,1.816639911,1.941746862,75.04714409
1413,V,Transformer,2022-01-01,2024-01-01,14,26.30674971,24.1518519,32.87352244,24.79924198,3283673.897,24.05525518,22.0928011,29.82147952,22.54221929,2803102.976,9.538442257,8.707749223,11.88681891,8.924800783,73.17399546,4.174237286,3.798784893,5.477615701,4.051095399,82.81697489
1414,V,Transformer,2022-01-01,2024-01-01,15,9.30434898,8.851597128,8.430771199,7.652400317,3469184.464,8.907758331,8.488929484,8.114632228,7.286028388,2989955.963,3.536532871,3.351242642,3.241111804,2.889564488,77.75410591,1.040319221,0.968482356,0.903046682,0.914154665,85.86403505
1415,V,Transformer,2022-01-01,2024-01-01,16,21.57954932,20.20110665,20.7641959,20.04180653,3186719.047,19.92039129,18.62700693,19.22120072,18.35067672,2695159.313,7.900606292,7.3432805,7.667006354,7.267285635,70.63972922,3.24745441,3.040116843,3.105556087,3.156612181,82.08322074
1416,V,Transformer,2022-01-01,2024-01-01,17,24.9189442,23.50671301,24.60159417,24.21400078,2934521.171,23.11974894,21.81001557,22.86307053,22.36175049,2456227.373,9.163337667,8.593636965,9.110669474,8.849791883,64.30870431,3.618308645,3.394622159,3.560563868,3.619285082,76.85486446
1417,V,Transformer,2022-01-01,2024-01-01,18,26.82700635,23.97392746,25.96868062,25.32269681,2916756.47,24.7012462,22.13075913,23.96532963,23.24103775,2438762.761,9.787329315,8.718322619,9.54675132,9.195711107,63.89220502,4.071697474,3.56727255,3.914003525,3.915446701,77.24322822
1418,V,Transformer,2022-01-01,2024-01-01,19,21.96219397,19.87117082,21.04739098,20.88809715,2444690.674,20.59409886,18.61635584,19.77490161,19.45976025,1918857.262,8.17627227,7.347356761,7.896119063,7.714212396,49.89463472,2.996439967,2.711617741,2.860838251,2.981888689,66.08797512
1419,V,Transformer,2022-01-01,2024-01-01,20,19.43913505,18.57144372,18.78257828,18.37610249,3104462.808,18.10752867,17.29084848,17.51931736,16.9518855,2611437.19,7.191590051,6.825957835,6.999111715,6.722879636,68.31886997,2.780915433,2.647638541,2.694205082,2.791293373,79.89763727
1420,V,Transformer,2022-01-01,2024-01-01,21,25.99763598,23.75187984,24.97228944,24.08884762,2996735.258,23.84854198,21.73313612,22.95692319,21.96666736,2503436.694,9.453584872,8.56352205,9.151476635,8.694964526,65.41730886,4.048026302,3.725606607,3.878712665,3.868710348,76.85691201
1421,V,Transformer,2022-01-01,2024-01-01,22,26.39182152,24.91399451,25.83380013,25.34650085,3111486.289,24.01884888,22.68125431,23.54685388,22.94105707,2645232.666,9.513221505,8.930862677,9.37638402,9.07293906,68.7938199,4.26492528,3.998168538,4.170669279,4.206400895,79.09251597
1422,V,Transformer,2022-01-01,2024-01-01,23,28.64978968,27.4635774,29.77293876,29.12663412,2465676.114,25.92469074,24.84844381,26.9277345,26.19585912,1910998.325,10.26623215,9.782479158,10.71953447,10.35844569,50.4902658,4.754060295,4.535779587,4.979507505,4.968086495,68.60694815
1423,V,Transformer,2022-01-01,2024-01-01,24,21.04147013,19.18256896,20.51013473,20.0022948,2820803.226,19.59687538,17.84548798,19.1656729,18.50283442,2304861.6,7.777471094,7.040448179,7.649873589,7.332162997,60.03844465,3.003945159,2.741572016,2.893721078,2.98074702,74.3006457
1424,V,Transformer,2022-01-01,2024-01-01,25,25.32167471,23.17439184,24.73461365,23.99935866,2741964.375,23.03720472,21.1042817,22.51624837,21.71491322,2237691.24,9.126794392,8.311842773,8.969986534,8.590391004,58.52412914,4.106842311,3.71817964,4.036621659,3.99621311,72.51920992
1425,V,Transformer,2022-01-01,2024-01-01,26,17.88882126,22.07428965,22.78113064,24.90039506,2585708.95,16.5084855,20.3560833,21.07799388,22.80274116,2065613.37,6.549580247,8.025581506,8.40761465,9.029443188,53.70290911,2.694030556,3.324916502,3.419646601,3.92338118,71.89545061
1426,V,Transformer,2022-01-01,2024-01-01,27,16.9729587,15.15111438,16.07023868,15.39514902,3068844.688,15.77411246,14.12284459,14.97602853,14.24454609,2597201.641,6.251427425,5.565176647,5.96729231,5.63715011,67.6721127,2.428331288,2.11644116,2.274055659,2.268666526,78.99253945
1427,V,Transformer,2022-01-01,2024-01-01,28,21.53362206,19.62887266,26.76257047,23.38860272,2775223.241,19.93799533,18.13499016,24.7471381,21.46504954,2268939.066,7.91627622,7.157727442,9.876571443,8.506978209,58.09833924,3.197613587,2.933338467,4.045195421,3.650981856,70.11214757
1428,V,Transformer,2022-01-01,2024-01-01,29,18.44422782,17.5486973,17.79844493,17.45194755,3005505.881,16.89519941,16.12069191,16.35523941,15.8133931,2537111.568,6.710287809,6.363687864,6.534268509,6.270882879,66.38617591,2.914902148,2.712044112,2.795671493,2.907480069,78.11890999
1429,V,Transformer,2022-01-01,2024-01-01,30,24.46098863,22.13685279,22.67333864,21.95932424,2912235.169,22.58513753,20.46461669,20.99622759,20.21273609,2425804.489,8.949362395,8.062178273,8.364578262,7.997990838,63.60020827,3.652281147,3.264477442,3.34674888,3.340497023,76.13941293
1430,V,Transformer,2022-01-01,2024-01-01,31,25.41417985,24.13888056,24.24250141,25.15100104,2676921.073,23.46738988,22.27315617,22.43827677,23.0947988,2161354.796,9.303589414,8.777829188,8.94609015,9.142259118,57.28913069,3.808266656,3.611165109,3.616672578,3.892076627,72.77391015
1431,V,Transformer,2022-01-01,2024-01-01,32,18.74011326,16.85113436,18.08978843,17.42349472,3029634.794,17.41951741,15.65317795,16.8853412,16.07776188,2515870.931,6.909000267,6.172087389,6.735521256,6.367545728,65.86628663,2.700355481,2.424621998,2.563378257,2.628366795,78.26049285
1432,V,Transformer,2022-01-01,2024-01-01,33,25.09654122,23.8949161,25.3760285,24.74570556,2976999.593,23.34835341,22.21346119,23.64465512,22.90914925,2502768.591,9.255489617,8.753633632,9.423976968,9.067765128,65.34846614,3.582796728,3.409043464,3.614235669,3.646500189,77.39291416
1433,V,Transformer,2022-01-01,2024-01-01,34,6.195560113,5.71134363,5.215989722,4.573920945,2670209.298,5.828819516,5.377656881,4.840816681,4.107764537,2136398.796,2.317681662,2.126395251,1.93800425,1.632467586,55.96195207,0.825026706,0.753995575,0.781919082,0.79705135,70.80821356
1434,V,Transformer,2022-01-01,2024-01-01,35,19.80384458,18.66773064,19.27883266,18.51886991,2968555.207,18.31080378,17.27431728,17.86216915,17.02740891,2488190.337,7.25600517,6.805632778,7.116560105,6.737444854,64.54686152,2.935798743,2.740425596,2.842918206,2.838379395,77.13478164
1435,V,Transformer,2022-01-01,2024-01-01,36,23.78178087,22.36717645,30.19380468,22.59082866,3512139.523,21.92097183,20.62796006,27.71167273,20.64657599,3013820.936,8.703262795,8.140480503,11.05882287,8.184890145,78.56030824,3.630857119,3.380525986,4.76712261,3.607665098,87.76723885
1436,V,Transformer,2022-01-01,2024-01-01,37,24.08766994,22.16717074,23.53268255,23.12518821,2576335.857,22.34649925,20.56332772,21.89608559,21.33960295,2077407.192,8.86088411,8.105889952,8.730974995,8.448963325,54.43814265,3.512273739,3.21443533,3.398909385,3.483451753,70.03088957
1437,V,Transformer,2022-01-01,2024-01-01,38,24.97379558,22.9202505,24.81531731,23.64861742,2985056.477,23.20853429,21.30506096,23.09847541,21.88784162,2515949.459,9.199556723,8.395624125,9.205718687,8.663413642,65.58737646,3.591386974,3.273183633,3.558563552,3.49118858,77.6730169
1438,V,Transformer,2022-01-01,2024-01-01,39,25.48009909,23.11720149,24.78555834,24.41932274,2658982.053,23.5096976,21.34942491,22.92392266,22.43160219,2159560.214,9.316299856,8.410897383,9.133742486,8.876130735,56.74432425,3.828994206,3.436032002,3.699457144,3.765001618,71.60153625
1439,V,Transformer,2022-01-01,2024-01-01,40,29.25570572,27.75440039,28.97347298,28.76805845,2928389.614,26.62280349,25.26155839,26.39331072,26.05426342,2429604.382,10.5447338,9.947171969,10.50919911,10.30469836,64.10545422,4.722909115,4.453369103,4.679503294,4.753624833,77.20176258
1440,V,Transformer,2022-01-01,2024-01-01,41,13.55781825,13.09878916,12.60308575,12.86538836,2670998.66,12.43682826,12.04530685,11.58731868,11.69582114,2136536.792,4.926842456,4.744573322,4.615052465,4.626233477,55.86844432,2.089686896,1.984813882,1.931667607,2.081529471,70.28932092
1441,V,Transformer,2022-01-01,2024-01-01,42,13.56115637,12.50495095,11.13477489,11.95586776,2744815.121,12.74550702,11.78348738,10.51822347,11.18728215,2231961.505,5.05332359,4.645443944,4.19365016,4.429148336,58.01094629,1.791543615,1.612686389,1.42513793,1.636854075,71.90667876
1442,V,Transformer,2022-01-01,2024-01-01,43,23.74143013,21.36418336,22.91435419,22.31159781,2354700.234,22.29964592,20.05065621,21.57961147,20.85318925,1810244.559,8.849061731,7.909701815,8.611082781,8.262486226,46.36498118,3.188132878,2.868432065,3.04407438,3.106403352,62.79162618
1443,V,Transformer,2022-01-01,2024-01-01,44,19.83269752,18.68663852,19.53238857,19.06806339,2663476.346,18.37071135,17.29403717,18.15093336,17.51902467,2163699.766,7.290262192,6.821868069,7.244446653,6.941406731,56.52674564,2.933305769,2.759911978,2.861983149,2.95543425,70.86779098
1444,V,Transformer,2022-01-01,2024-01-01,45,21.82901164,20.38865886,20.37220772,20.36546731,3099891.744,20.50066424,19.124035,19.19154693,19.04095014,2635135.88,8.130295353,7.539506346,7.653288053,7.540203078,68.819867,2.921991337,2.739445963,2.685718725,2.819133142,79.74163429
1445,V,Transformer,2022-01-01,2024-01-01,46,19.3024505,17.27034079,18.51554546,17.90062583,2592403.082,17.94545962,16.04573259,17.28759523,16.52888966,2073966.99,7.121673534,6.330451241,6.900053554,6.549714211,54.08629907,2.788933569,2.490408943,2.628796531,2.697739128,69.67119567
1446,V,Transformer,2022-01-01,2024-01-01,47,23.15493931,20.3476807,21.12227144,21.25157177,2773935.965,21.84295093,19.19975245,20.00220268,19.97686951,2259609.321,8.665978885,7.573533182,7.980733252,7.914558826,59.543853,2.995099272,2.612870124,2.671617935,2.830515555,73.34542565
1447,V,Transformer,2022-01-01,2024-01-01,48,12.95155228,12.25555155,12.4027687,11.69488464,2947326.75,12.08970456,11.44207746,11.61983242,10.74720582,2446621.917,4.804864326,4.520663955,4.645584852,4.265555619,64.03310761,1.83163372,1.72086016,1.732569046,1.820768448,77.36557805
1448,V,Transformer,2022-01-01,2024-01-01,49,22.40348833,18.87566427,19.52123583,18.61849777,2853836.264,20.82757699,17.50227956,18.15284691,17.11548866,2329850.614,8.266166164,6.905415441,7.247627093,6.783367789,61.35658921,3.235909419,2.753618951,2.84766533,2.875522012,75.651418
1449,V,Transformer,2022-01-01,2024-01-01,50,20.58518559,18.78734381,19.34303119,18.47353348,3375500.709,19.35490804,17.64648331,18.23835956,17.24822286,2887591.059,7.6822734,6.9626222,7.281177726,6.836726949,75.49501788,2.743117484,2.507409743,2.550654726,2.593582464,85.27608316
1450,V,Transformer,2022-09-01,2024-09-01,1,7.227468445,6.836012778,5.972294681,6.442295361,4991394.195,6.23125807,5.604038332,4.943145209,5.40948875,2643959.409,2.412256327,2.160135668,1.918704761,2.074398145,25.71546825,1.455904326,1.537085953,1.311578874,1.331680753,23.40834948
1451,V,Transformer,2022-09-01,2024-09-01,2,8.507193355,8.171463047,6.100249018,5.853404732,4988481.33,7.096169055,7.215340619,4.628316123,4.33836899,2677522.903,2.761619975,2.77812498,1.817050818,1.689736664,26.43288451,1.8659691,1.516869283,1.585196626,1.55424354,23.85330904
1452,V,Transformer,2022-09-01,2024-09-01,3,6.915747786,6.190562526,6.331614872,6.715848866,4954685.925,6.015924937,4.92786444,5.221480755,5.557649827,2705785.586,2.319853381,1.89944039,2.014753935,2.123630213,27.54376124,1.342984026,1.468597194,1.374694724,1.423980312,24.60472451
1453,V,Transformer,2022-09-01,2024-09-01,4,7.933876853,6.406962398,7.929569374,9.079210618,5032158.39,6.73499264,5.460022797,6.200645158,7.009417331,2637136.971,2.585387199,2.090168905,2.38008395,2.6627201,25.00755742,1.6032976,1.293813186,1.864040437,2.148422735,22.90740483
1454,V,Transformer,2022-09-01,2024-09-01,5,7.987300357,6.20760679,8.724015614,10.01646195,5036444.15,6.457996348,5.29721388,6.899345593,7.883864139,2658721.119,2.471623354,2.02211823,2.642599547,2.991842476,25.41271487,1.784251132,1.23562065,2.003241606,2.294167524,23.0246782
1455,V,Transformer,2022-09-01,2024-09-01,6,7.169643484,6.24520551,6.642398169,7.888120328,5120435.076,6.222193328,5.106840634,5.418379472,6.217217201,2690269.879,2.397641687,1.96223108,2.088511184,2.366492556,24.86332728,1.388817001,1.400215076,1.462227573,1.811888804,22.1320872
1456,V,Transformer,2022-09-01,2024-09-01,7,8.946041814,6.5217833,9.085256546,10.29706946,5113254.21,7.168184568,5.615982302,7.100640105,7.963179901,2677573.51,2.739185108,2.144095316,2.719316505,3.020989297,24.66336987,2.017831822,1.264416489,2.125351337,2.424185347,21.97359437
1457,V,Transformer,2022-09-01,2024-09-01,8,25.00838986,19.6337971,19.69337566,19.26510593,5035746.199,23.53883749,18.51074316,18.1955006,17.67166449,2584080.611,9.051236971,7.068284473,7.044360075,6.796873048,23.10305162,3.271957737,2.530644483,2.939518764,2.985459585,20.38067874
1458,V,Transformer,2022-09-01,2024-09-01,9,6.67440952,6.292569431,5.924908949,6.623699313,5161482.759,5.700208913,5.060089593,4.90404268,5.423764487,2723485.462,2.205368126,1.950296867,1.895954899,2.072088617,24.86718667,1.377997547,1.466619701,1.28249561,1.432152667,21.3740291
1459,V,Transformer,2022-09-01,2024-09-01,10,7.283445106,6.005463073,7.237107452,7.996589649,5068977.139,6.124476312,4.925212007,5.750661362,6.293856646,2672240.754,2.352906403,1.891622777,2.209422625,2.394102007,25.2333237,1.518118873,1.339418787,1.66267655,1.842594135,22.6750127
1460,V,Transformer,2022-09-01,2024-09-01,11,10.38457277,6.836528162,10.8322477,11.92462307,5124756.972,8.005180432,5.805244896,8.48225004,9.275643566,2690235.22,3.048934652,2.2090967,3.24291649,3.515998826,24.76046726,2.479751574,1.357382081,2.520787657,2.781417407,21.86506859
1461,V,Transformer,2022-09-01,2024-09-01,12,8.332830311,8.404498232,5.837189886,5.51166541,5181635.736,7.132354973,7.525462907,4.395440691,3.991113155,2737801.319,2.772994943,2.895488526,1.726602815,1.555750853,24.79171397,1.720320192,1.478369159,1.533088947,1.503586756,20.99678569
1462,V,Transformer,2022-09-01,2024-09-01,13,6.980077989,6.800309833,5.422822184,5.75453203,5027862.017,5.506287645,5.681179747,4.425350379,4.881386268,2660520.478,2.143871052,2.190461592,1.722181617,1.875843929,25.5682047,1.703328007,1.47316456,1.239748824,1.174816116,23.13202644
1463,V,Transformer,2022-09-01,2024-09-01,14,7.902184484,6.999990709,7.040484939,7.487933701,5019820.933,6.972282153,5.778437531,5.79739086,6.13462244,2633904.361,2.691828058,2.223304583,2.239614758,2.346120693,25.17188095,1.464012524,1.544695377,1.529026929,1.613668032,23.13615294
1464,V,Transformer,2022-09-01,2024-09-01,15,6.545673779,6.430223617,5.467437066,5.755849006,4962727.215,5.453212635,5.224047974,4.547066959,4.886841868,2773780.433,2.11605444,2.015288971,1.763670491,1.875140048,28.98434461,1.444560604,1.474382867,1.189643544,1.166938486,25.55135938
1465,V,Transformer,2022-09-01,2024-09-01,16,7.567633518,6.514787432,7.184224388,7.914880517,5006371.489,6.601341046,5.331223593,5.776547096,6.312668738,2623733.408,2.542559906,2.050155002,2.224505107,2.405679345,25.09822393,1.44166737,1.462301483,1.623194182,1.785325865,23.13663845
1466,V,Transformer,2022-09-01,2024-09-01,17,7.94667508,6.310207808,8.114392158,8.972432106,5084745.974,6.672149431,5.350068524,6.357834965,6.946503543,2664448.169,2.559409141,2.048953616,2.438911013,2.638897878,24.8231477,1.646390565,1.293653883,1.89847362,2.114591234,22.37471276
1467,V,Transformer,2022-09-01,2024-09-01,18,7.467713996,6.265853456,7.137139209,8.154862467,4987735.02,6.404661175,5.21946812,5.694737781,6.407169295,2672326.894,2.463489454,2.002794712,2.190940271,2.438039922,26.37439873,1.48499711,1.348239436,1.631960283,1.883384714,23.7792943
1468,V,Transformer,2022-09-01,2024-09-01,19,7.633267355,6.414574644,7.154579491,7.875560295,5059484.936,6.542343695,5.241725838,5.735997447,6.248948413,2661300.244,2.515267645,2.015477751,2.207595319,2.380212904,25.13031895,1.515704877,1.443110438,1.621832983,1.790595573,22.71323417
1469,V,Transformer,2022-09-01,2024-09-01,20,8.369825298,5.568449305,8.204637674,8.857162693,5330511.064,6.749008071,4.747677596,6.728010571,7.220966414,2873069.67,2.578603071,1.820615764,2.580597279,2.745651231,25.12350423,1.876677856,1.140397873,1.768909901,1.913677349,19.32425105
1470,V,Transformer,2022-09-01,2024-09-01,21,8.137166963,6.48862459,8.487572116,9.210770656,5045516.911,6.881802767,5.502511001,6.588530703,7.077106748,2637341.897,2.640397926,2.107122127,2.526097243,2.688073523,24.77694528,1.654661981,1.327472058,2.012218251,2.19381606,22.63451067
1471,V,Transformer,2022-09-01,2024-09-01,22,8.147719371,6.175570741,8.206785608,8.800336751,5117120.092,6.695824126,5.178939818,6.459432175,6.836476848,2682546.38,2.564068973,1.985283343,2.476641412,2.597102758,24.72386441,1.760670488,1.304196747,1.903095894,2.06322244,21.97964241
1472,V,Transformer,2022-09-01,2024-09-01,23,8.188815708,6.425419811,8.190912776,9.067432447,5025889.853,6.867781787,5.42698644,6.384502723,6.995189892,2645256.823,2.633550388,2.079156067,2.449423612,2.657549218,25.23687025,1.697490911,1.330759728,1.932745697,2.148071359,22.99628098
1473,V,Transformer,2022-09-01,2024-09-01,24,11.2307314,9.466556594,6.622410355,6.10184375,4943408.874,10.63074146,9.01482445,5.72387406,5.081997766,2738999.062,4.094032408,3.449249889,2.228534395,1.967659934,28.40065748,1.416475558,1.14474154,1.323407353,1.335955634,25.36142009
1474,V,Transformer,2022-09-01,2024-09-01,25,8.059609195,7.681468229,5.605699814,5.462223304,5091713.794,6.690775607,6.751412471,4.233813802,4.273993756,2675760.099,2.604147857,2.599721624,1.659695289,1.656405491,24.97720145,1.787787228,1.450512443,1.463328223,1.33900548,22.40734499
1475,V,Transformer,2022-09-01,2024-09-01,26,6.623292722,5.949805995,6.438145878,7.21840972,5107236.78,5.688983971,4.756889389,5.224259691,5.749816069,2693687.932,2.194730447,1.8305827,2.011619156,2.190076168,25.15902111,1.331791656,1.395869819,1.431273862,1.633700417,22.37837315
1476,V,Transformer,2022-09-01,2024-09-01,27,8.262262041,8.130589084,5.568668948,5.227898797,5217544.901,7.123600822,7.263493736,4.104002751,3.791201152,2773992.387,2.768814219,2.795009366,1.613501734,1.477466646,24.94848448,1.673144547,1.444159333,1.502816282,1.425579224,20.45908017
1477,V,Transformer,2022-09-01,2024-09-01,28,7.356029906,5.782772042,6.785184652,7.928865958,5051620.239,6.189717162,4.86001134,5.581888613,6.464513311,2672419.41,2.376539133,1.867800146,2.149289934,2.462124042,25.48166076,1.53578457,1.233609292,1.473788858,1.722644835,22.76723238
1478,V,Transformer,2022-09-01,2024-09-01,29,6.525967409,5.876622003,6.150055933,7.084577288,5122028.296,5.573548661,4.664778814,5.028374837,5.662050467,2690518.237,2.149661371,1.796133015,1.938366749,2.15715839,24.87489078,1.333263743,1.397654568,1.353709475,1.597035153,22.10272979
1479,V,Transformer,2022-09-01,2024-09-01,30,9.681199724,6.724076056,10.33387733,11.60983656,5083546.63,7.558564146,5.74376215,8.080564276,9.030203732,2658614.104,2.882572241,2.187793326,3.090456168,3.423506946,24.73724012,2.273052554,1.319335764,2.411307739,2.708000512,22.36313002
1480,V,Transformer,2022-09-01,2024-09-01,31,8.322290325,8.298073167,6.233390533,6.212762989,5515280.717,6.779484005,7.31089743,4.984731496,4.968985441,3059528.498,2.638360828,2.81462331,1.947748166,1.923738205,26.84267459,1.913487144,1.552236433,1.486671454,1.462730258,19.89062238
1481,V,Transformer,2022-09-01,2024-09-01,32,17.71152019,14.46809957,12.93036388,12.76130784,4920915.245,16.70231093,13.62479694,11.79280571,11.49976929,2625142.915,6.43442594,5.211794255,4.579106966,4.436446301,26.00269086,2.311740555,1.90144368,2.090748929,2.170163244,23.62219212
1482,V,Transformer,2022-09-01,2024-09-01,33,8.355610744,6.116061624,8.393474989,9.342079079,5033418.896,6.726716116,5.206833412,6.634693533,7.307808372,2642724.979,2.572350386,1.992372063,2.54272313,2.774476964,25.12906425,1.875138707,1.237645516,1.930782797,2.163663354,22.95861981
1483,V,Transformer,2022-09-01,2024-09-01,34,7.479725641,6.114495143,7.438337127,8.321898154,5115513.859,6.306065042,5.061100791,5.855633191,6.480365929,2687454.961,2.421595892,1.942284105,2.248323332,2.463220489,24.88504177,1.541505417,1.333599951,1.731586264,1.945921582,22.19221452
1484,V,Transformer,2022-09-01,2024-09-01,35,8.746624753,6.389524048,8.977594697,9.957351464,5019943.219,7.028060413,5.475932266,7.021170983,7.705586602,2655769.379,2.686638986,2.092979907,2.688990886,2.923856193,25.54611645,1.965246126,1.262375416,2.098352629,2.342854032,23.1898677
1485,V,Transformer,2022-09-01,2024-09-01,36,12.0322761,7.117629162,12.01765066,13.11277251,5066620.961,9.355100596,5.861664116,9.548139529,10.38808421,2642836.003,3.558464728,2.224973083,3.649860576,3.93893939,24.64435052,2.828583935,1.510650128,2.730608878,2.97031714,22.43895847
1486,V,Transformer,2022-09-01,2024-09-01,37,7.567407597,6.303406646,7.54045276,9.010290508,5147533.146,6.458562927,5.359046386,5.932022192,6.998855278,2710321.911,2.482806057,2.051864679,2.278993314,2.659040782,24.81446514,1.520247928,1.282822776,1.760577688,2.113340568,21.50389312
1487,V,Transformer,2022-09-01,2024-09-01,38,12.18778942,7.372373879,12.10580411,13.56068682,5039131.86,9.428145255,6.055079024,9.5802432,10.70875412,2623864.632,3.586326433,2.297461438,3.66233016,4.060341682,24.60466249,2.888587158,1.571949665,2.769823556,3.088838446,22.56389327
1488,V,Transformer,2022-09-01,2024-09-01,39,22.03127151,16.9260105,17.20555813,16.65622533,4845200.148,21.12653699,16.23047339,16.23173483,15.65039184,2833554.444,8.124744414,6.19961903,6.285375276,6.020180477,31.17444886,2.424878528,1.869818247,2.232068155,2.227390425,25.83624341
1489,V,Transformer,2022-09-01,2024-09-01,40,7.362524255,6.244635017,7.116263763,7.639527455,5037150.471,6.314718302,5.103103704,5.680864709,6.075967958,2653896.665,2.428957518,1.960879433,2.184915232,2.31450095,25.29277729,1.46245756,1.402121657,1.623015808,1.730087437,22.96856484
1490,V,Transformer,2022-09-01,2024-09-01,41,10.23839281,6.924869949,11.03963045,12.12977844,5087145.378,7.932617394,5.864859612,8.655201492,9.442344063,2663391.889,3.022324043,2.230744181,3.308969331,3.579229314,24.77696205,2.42826502,1.38241147,2.564446206,2.826729791,22.3399602
1491,V,Transformer,2022-09-01,2024-09-01,42,7.783561397,6.497739,7.433780196,7.82885839,5049767.051,6.684778714,5.334169401,5.914103036,6.240786641,2661881.676,2.569260494,2.050771524,2.274362242,2.378185601,25.28084656,1.532957686,1.447875139,1.703966775,1.765373099,22.86557253
1492,V,Transformer,2022-09-01,2024-09-01,43,8.068509258,5.874326048,8.17902157,9.522361452,5186174.545,6.449888553,4.9895634,6.539934646,7.564530446,2742615.095,2.465992996,1.909514983,2.50664535,2.87184464,24.7693151,1.836858039,1.198366826,1.845287,2.149000732,20.63099629
1493,V,Transformer,2022-09-01,2024-09-01,44,6.458291405,6.362070869,5.216674801,5.83311209,5146611.628,5.219637129,5.249999171,4.283408625,4.890319689,2699339.399,2.027688867,2.023911957,1.663827214,1.87307488,24.48399496,1.510467801,1.41455713,1.169269382,1.206947099,21.10535847
1494,V,Transformer,2022-09-01,2024-09-01,45,8.611366229,6.206387646,8.946979035,9.960985359,5105081.614,6.834080256,5.322453069,7.071611977,7.832883773,2674574.71,2.6105363,2.032074147,2.707708889,2.972463049,24.74074869,1.977661677,1.219606773,2.055144519,2.285029738,22.14642538
1495,V,Transformer,2022-09-01,2024-09-01,46,8.959001601,6.520413185,8.903341838,10.36274713,5105892.428,7.212529915,5.625537767,7.040213085,8.110142558,2665528.354,2.757590667,2.148350433,2.698857616,3.078808056,24.44262865,2.011034904,1.262364198,2.048114218,2.397225324,21.66423992
1496,V,Transformer,2022-09-01,2024-09-01,47,6.945316344,6.883112117,5.541746543,5.835279841,4989795.601,5.714677991,5.771290113,4.513504453,4.926828476,2664961.401,2.218819629,2.224316798,1.75629976,1.893747425,26.16162507,1.567424193,1.477373661,1.267645816,1.201959461,23.70589911
1497,V,Transformer,2022-09-01,2024-09-01,48,20.54179104,16.6459777,16.56820142,15.82822416,4947207.523,19.21977764,15.57145641,15.14050504,14.25951008,2593355.645,7.404509561,5.956017832,5.872877007,5.497700474,25.05062173,2.83997713,2.292931399,2.643318875,2.689476934,23.36246588
1498,V,Transformer,2022-09-01,2024-09-01,49,6.98865164,6.162007492,6.789368113,7.606785684,5037333.787,6.03979803,5.010195103,5.459022939,6.039381808,2653282.099,2.329659371,1.925811793,2.101709702,2.300347219,25.29496326,1.380077892,1.399109774,1.534935263,1.730252283,22.98059754
1499,V,Transformer,2022-09-01,2024-09-01,50,6.393999879,6.264079762,4.583469377,4.654273697,5051974.056,5.121958353,5.194910777,3.467220259,3.781721495,2698002.943,1.992972512,2.003282658,1.357803472,1.462034261,26.09156406,1.528856922,1.381682264,1.201006418,1.078335709,23.04175929
1500,V,Transformer,2023-05-01,2025-05-01,1,12.49602907,8.397709472,14.48901181,11.33999461,3170916.629,9.533570069,7.091112289,10.99336352,8.878752243,2210426.091,2.949976409,2.107002473,3.473678235,2.723526145,26.01353703,2.684112334,1.342003563,3.168779849,2.289957826,16.79430917
1501,V,Transformer,2023-05-01,2025-05-01,2,10.26860455,8.336776519,12.02416372,10.55080871,3158454.154,7.3267996,6.781139435,8.814871181,7.934291737,2339549.76,2.255523573,2.000737698,2.777115969,2.422346952,30.80739939,2.352148304,1.413963961,2.728879434,2.217819161,20.11832817
1502,V,Transformer,2023-05-01,2025-05-01,3,10.94303725,8.153582864,13.05284106,10.98261073,3140434.446,7.505425598,6.71795411,9.296075197,8.487615754,2235950.784,2.325631929,1.990082685,2.943219147,2.600905578,27.13735872,2.615317496,1.363275984,3.057162487,2.254037814,16.60769003
1503,V,Transformer,2023-05-01,2025-05-01,4,10.15569709,8.293629748,11.79813989,10.46451527,3196238.732,7.275535003,6.749140119,8.759344223,7.863946131,2374317.787,2.237487434,1.991360842,2.755293402,2.399821255,31.2171991,2.313301725,1.40540295,2.637859206,2.199273428,20.25969722
1504,V,Transformer,2023-05-01,2025-05-01,5,10.58575281,8.22801174,12.45927045,10.64929147,3182158.306,7.205187692,6.716198569,8.798492931,8.049571588,2211241.188,2.227540202,1.985386003,2.781372293,2.459869136,26.0126256,2.536568015,1.393070717,2.935592567,2.230141167,16.75057631
1505,V,Transformer,2023-05-01,2025-05-01,6,10.41348001,8.253184129,12.28021197,10.64368312,3222687.299,7.133537248,6.697512037,8.741172998,8.054349511,2203851.271,2.201954843,1.978386192,2.760486759,2.46173787,25.34649851,2.476601965,1.410498719,2.870276604,2.226693658,17.06464025
1506,V,Transformer,2023-05-01,2025-05-01,7,10.74259977,8.100535995,12.65521768,10.66334673,3076981.476,7.179179532,6.603251432,8.764792081,8.010151298,2420870.624,2.227134107,1.951267813,2.777848944,2.452306431,35.01946473,2.626121136,1.376030977,3.042352093,2.262985177,24.09167462
1507,V,Transformer,2023-05-01,2025-05-01,8,10.19905054,8.239851976,12.24740778,10.4969789,3100807.059,7.264487603,6.67915994,8.691987188,7.900313845,2192504.481,2.235193286,1.972134393,2.745915424,2.411056578,26.44396008,2.335958652,1.409734566,2.871879004,2.201328071,16.49874163
1508,V,Transformer,2023-05-01,2025-05-01,9,10.25211497,8.341920077,11.99993413,10.53542299,3144832.28,7.412555449,6.759839691,8.774463963,7.932889762,2202633.223,2.278625231,1.994406211,2.764007452,2.421057063,26.21050966,2.310838901,1.424865752,2.7281434,2.208368357,16.58912697
1509,V,Transformer,2023-05-01,2025-05-01,10,10.57321801,8.171114949,12.94006818,10.74252565,3084367.749,7.172215237,6.686774528,9.148486169,8.166766449,2275889.119,2.219057763,1.977244718,2.89684004,2.499180821,29.30771244,2.54468384,1.378007791,3.051145243,2.243261007,17.93273133
1510,V,Transformer,2023-05-01,2025-05-01,11,10.73223427,8.190531317,12.58641508,10.62819874,3063381.034,7.276607001,6.670157564,8.861064259,8.022830649,2208173.282,2.25345618,1.971087256,2.803802392,2.452864202,27.37871627,2.585947968,1.392129033,2.977118721,2.232650595,16.66741936
1511,V,Transformer,2023-05-01,2025-05-01,12,10.91323432,8.826369263,11.71853838,10.52298523,3152596.422,8.813113571,7.311290346,9.432529481,8.207573693,2221089.345,2.683923139,2.152875991,2.94649641,2.494834276,26.68408522,2.065357723,1.429982349,2.32485943,2.082451039,16.58578224
1512,V,Transformer,2023-05-01,2025-05-01,13,11.07300781,8.157903989,12.97079052,10.8279357,3130468.233,7.663525328,6.707182136,9.179705632,8.280436632,2276630.154,2.374873908,1.986214781,2.906755757,2.535330243,28.5647848,2.628459765,1.368874773,3.055582292,2.247854521,17.34318473
1513,V,Transformer,2023-05-01,2025-05-01,14,10.64680041,8.215726593,12.41765539,10.60412653,3165620.951,7.227492473,6.685638581,8.713338642,7.972482993,2460065.274,2.238198777,1.973395717,2.756932126,2.438750805,35.36441186,2.564239783,1.394292006,2.94683468,2.241763758,25.13700675
1514,V,Transformer,2023-05-01,2025-05-01,15,10.34940352,8.205342764,12.29159423,10.68308881,3168280.659,7.123806298,6.672057774,8.712161917,8.098509986,2219266.288,2.199056376,1.971215487,2.752965078,2.477195448,26.35452909,2.455051329,1.397999645,2.887283061,2.235732743,16.67253564
1515,V,Transformer,2023-05-01,2025-05-01,16,10.96150874,8.267261385,13.07657336,10.86258904,3069760.656,7.552148567,6.755799023,9.379059633,8.345631008,2431407.968,2.336724512,1.997092841,2.966665792,2.553563415,35.35570826,2.601596099,1.396417302,3.038301731,2.236689369,24.18912843
1516,V,Transformer,2023-05-01,2025-05-01,17,10.42112118,8.893700785,11.66806271,10.47846802,3144417.17,8.08138054,7.388244037,9.294789337,8.139355564,2467590.663,2.46920535,2.175103158,2.905862553,2.474777664,36.37504631,2.129504202,1.430849497,2.357362522,2.087489908,26.29069121
1517,V,Transformer,2023-05-01,2025-05-01,18,11.27191177,8.208370818,13.32072803,11.08281981,3220700.669,7.970472634,6.789522075,9.596252956,8.606793133,2209764.526,2.469267175,2.013255379,3.037600418,2.638150268,25.46213927,2.627484283,1.36548822,3.086225432,2.261071636,17.05792047
1518,V,Transformer,2023-05-01,2025-05-01,19,10.325512,8.544629951,11.81137462,10.49533207,3172719.764,7.804922303,7.021809504,8.978883916,8.077998538,2204648.977,2.390808101,2.0694999,2.819060476,2.459105534,25.98770751,2.199519006,1.412613271,2.562958607,2.12549312,16.71753517
1519,V,Transformer,2023-05-01,2025-05-01,20,11.7849292,8.252342625,13.66365638,11.10132521,3108935.401,8.898056677,6.817220111,10.25409145,8.683975053,2431265.027,2.749953149,2.020991265,3.238892187,2.660776586,35.0177793,2.558740424,1.374218858,3.026746997,2.238303421,24.33724369
1520,V,Transformer,2023-05-01,2025-05-01,21,10.47972169,8.21947792,12.31824707,10.61428858,3064142.017,7.117280258,6.683687287,8.750500429,7.978189165,2272778.993,2.200584726,1.97426965,2.765055407,2.438296681,29.56581362,2.51833125,1.400286032,2.889150847,2.239075016,18.20041914
1521,V,Transformer,2023-05-01,2025-05-01,22,10.94509302,8.206605946,12.89574954,10.84902578,3249068.06,7.551690233,6.746764893,9.215693927,8.354440551,2210376.584,2.338202258,1.997845615,2.915464153,2.557322684,25.14335077,2.598887192,1.375878993,3.007732634,2.229783103,17.33535746
1522,V,Transformer,2023-05-01,2025-05-01,23,10.48042468,8.208407122,12.37767169,10.63555061,3164375.712,7.107474982,6.687478874,8.744466173,8.028990336,2269040.374,2.197464132,1.976080728,2.76436555,2.4545836,27.82264145,2.520024612,1.393918077,2.916997356,2.233686522,16.89300866
1523,V,Transformer,2023-05-01,2025-05-01,24,10.05120061,8.16915646,11.77319886,10.41725422,3087560.31,6.935776776,6.637889021,8.518916466,7.797986628,2384034.825,2.138141207,1.95941326,2.684955442,2.381325665,34.07894013,2.373908124,1.389578251,2.706509819,2.202947281,23.95982151
1524,V,Transformer,2023-05-01,2025-05-01,25,10.87333441,8.310845055,12.56766353,10.69727295,3071318.129,7.59281999,6.717854817,9.024850247,8.159829875,2395618.715,2.346119044,1.983706664,2.850367244,2.493747,34.36210578,2.543917921,1.428874654,2.910131699,2.213534132,23.64374589
1525,V,Transformer,2023-05-01,2025-05-01,26,12.12967259,8.29017523,14.14148188,11.13537036,3104757.132,9.357225524,6.84714741,10.88862993,8.725333263,2358439.159,2.8900459,2.030206767,3.435092665,2.673445433,32.27479484,2.560404312,1.381491147,3.031308566,2.239028223,21.42243514
1526,V,Transformer,2023-05-01,2025-05-01,27,10.40618773,8.173386857,12.27850437,10.52465122,3147816.113,7.074273925,6.642973753,8.665114242,7.88058627,2431454.424,2.187109122,1.962245216,2.739264429,2.40769747,34.6236089,2.498172618,1.393513662,2.896619876,2.228056873,24.39789487
1527,V,Transformer,2023-05-01,2025-05-01,28,10.32228884,8.637302209,11.97670088,10.53804742,3117493.093,7.441136039,7.070190795,8.817466826,7.989281528,2456796.363,2.28485932,2.082890436,2.774148311,2.435383498,36.41668606,2.321049557,1.437598884,2.695034297,2.182299081,26.19837775
1528,V,Transformer,2023-05-01,2025-05-01,29,10.81915523,8.131681926,12.93735523,10.78099676,3146954.789,7.337439677,6.668676447,9.123687874,8.18713693,2346546.622,2.273467017,1.973480034,2.889565255,2.506803787,30.95586802,2.608750916,1.369107696,3.058714535,2.25790433,19.80474796
1529,V,Transformer,2023-05-01,2025-05-01,30,10.28799629,8.213704689,12.10198346,10.52409466,3078898.507,7.0305557,6.673414773,8.6138771,7.905718705,2424523.979,2.170979477,1.969816539,2.720160703,2.41591195,35.33234775,2.454418382,1.397768873,2.83029955,2.220416827,24.54985357
1530,V,Transformer,2023-05-01,2025-05-01,31,10.62718778,8.654879606,11.72705423,10.47925387,3115922.604,8.423313289,7.187233027,9.321820288,8.106366566,2323333.26,2.570857419,2.117594442,2.915546795,2.466944846,30.76760226,2.095877171,1.396926753,2.380985623,2.107051229,19.75612403
1531,V,Transformer,2023-05-01,2025-05-01,32,10.23098601,8.241887906,12.0923201,10.53946929,3135351.9,7.326237314,6.688597623,8.721901478,7.918334739,2225151.598,2.254284294,1.974970509,2.751269442,2.41796449,26.94431431,2.333533038,1.407416346,2.791419421,2.218876525,16.57407521
1532,V,Transformer,2023-05-01,2025-05-01,33,10.63275822,8.71589272,11.64464423,10.47435657,3167714.406,8.470389692,7.218845638,9.289211909,8.168762792,2286752.522,2.582866005,2.126120057,2.903947292,2.482909907,28.76422103,2.072368673,1.413415658,2.348349669,2.073335601,18.14920251
1533,V,Transformer,2023-05-01,2025-05-01,34,10.23544854,8.632745745,11.62425147,10.43928663,3096543.452,7.772613555,7.040504386,8.818665393,7.936996336,2334848.998,2.374466723,2.07339672,2.766443852,2.417142414,32.35359797,2.144224366,1.446240272,2.5186893,2.14763663,22.47401506
1534,V,Transformer,2023-05-01,2025-05-01,35,11.65594444,8.2398725,13.83208265,11.10305319,3298853.937,8.550577606,6.814295558,10.26437217,8.646247366,2217979.07,2.646998384,2.020782338,3.245744223,2.650100331,24.7610125,2.621471659,1.371238501,3.107132044,2.2557162,18.16116328
1535,V,Transformer,2023-05-01,2025-05-01,36,11.86337543,8.321328264,13.99837249,11.32899462,3300959.582,8.824127754,6.916458966,10.47431411,8.875644046,2208995.817,2.730590142,2.052943899,3.310809728,2.722054223,24.6601921,2.627177026,1.373918776,3.114295881,2.284522429,17.7597613
1536,V,Transformer,2023-05-01,2025-05-01,37,11.90262306,8.292033938,13.95155464,11.27331753,3166903.869,8.808520155,6.908959075,10.35087778,8.79873984,2211971.477,2.727616074,2.051305805,3.273822707,2.698906982,26.12254051,2.653749954,1.363621119,3.135348712,2.287338756,16.80475243
1537,V,Transformer,2023-05-01,2025-05-01,38,11.20426959,8.142332557,13.32169855,10.82518897,3159561.869,7.880572597,6.691085712,9.593182785,8.272840481,2371502.004,2.441494713,1.981328036,3.036825542,2.533387584,31.88342281,2.624190503,1.367512446,3.088528285,2.250211326,21.11754267
1538,V,Transformer,2023-05-01,2025-05-01,39,10.28391999,8.368443806,12.00368236,10.49628154,3225294.895,7.252773752,6.783708703,8.767000948,7.972534607,2204084.666,2.233350022,2.001070789,2.761790544,2.429988978,25.32973866,2.379371257,1.427478449,2.732140126,2.169361941,17.06957522
1539,V,Transformer,2023-05-01,2025-05-01,40,11.39539981,8.158765232,13.3913009,10.85361219,3148464.572,8.149986004,6.702267846,9.665637209,8.305995798,2343529.119,2.524434431,1.984731924,3.059576242,2.543546073,30.98437636,2.629132625,1.371463791,3.09718225,2.252085426,20.06979935
1540,V,Transformer,2023-05-01,2025-05-01,41,10.38458509,8.284162258,12.21507095,10.57838437,3152021.545,7.200889919,6.719435849,8.760159441,7.958942888,2203283.82,2.221623785,1.983754022,2.764952755,2.430461228,26.1747178,2.446375686,1.415406435,2.8360632,2.22345862,16.62800871
1541,V,Transformer,2023-05-01,2025-05-01,42,10.24447259,8.373286342,11.96924692,10.52680579,3201911.989,7.341361091,6.779203896,8.743918181,7.938799618,2192555.681,2.257134822,1.999700516,2.753706178,2.422189649,25.32606567,2.327892356,1.431363218,2.721110364,2.200155218,16.93964368
1542,V,Transformer,2023-05-01,2025-05-01,43,11.52377565,8.248522394,14.09056561,11.2214289,3222536.625,8.332137919,6.83492217,10.52112631,8.75469599,2218954.135,2.580395975,2.027553676,3.326727292,2.684598436,25.65652556,2.631029603,1.368721059,3.143225433,2.276590866,17.05558325
1543,V,Transformer,2023-05-01,2025-05-01,44,10.88067742,8.197102086,12.980943,10.86581291,3284677.067,7.432537765,6.734762882,9.251500836,8.350263638,2206794.359,2.301595917,1.994082485,2.9278066,2.556343494,24.8352286,2.604882868,1.376158446,3.036525617,2.240363477,17.57825892
1544,V,Transformer,2023-05-01,2025-05-01,45,11.18876052,8.159643538,13.31493069,10.99690095,3099622.955,7.835105629,6.723177176,9.566974018,8.501202404,2243029.622,2.427848964,1.991641673,3.028908251,2.605123706,27.88823632,2.630444283,1.364327507,3.093073142,2.256280404,16.84436906
1545,V,Transformer,2023-05-01,2025-05-01,46,10.5703564,8.228361166,12.45909694,10.50948113,3144554.271,7.166283538,6.682364062,8.738442778,7.886440721,2318467.956,2.217426257,1.973218074,2.764453522,2.407594109,29.92290881,2.546073442,1.403700005,2.957012205,2.214606483,18.6610896
1546,V,Transformer,2023-05-01,2025-05-01,47,10.27324662,8.44753672,11.89701216,10.4974457,3168181.363,7.619038457,6.899559925,8.883735879,8.020530956,2208386.84,2.337848999,2.034345982,2.793688625,2.443410934,26.12862226,2.247139408,1.417072306,2.641154159,2.150977967,16.64432167
1547,V,Transformer,2023-05-01,2025-05-01,48,10.7131804,8.216488479,12.76460981,10.90206809,3442685.467,7.308836517,6.751601179,9.064914733,8.411371263,2240929.026,2.261341358,1.999023483,2.867643368,2.575154751,23.96313938,2.564467163,1.378620588,2.994339777,2.236282812,19.30915456
1548,V,Transformer,2023-05-01,2025-05-01,49,10.19543742,8.424074692,11.99855452,10.44379225,3147500.524,7.354973498,6.923680579,8.705835796,7.93589915,2346143.378,2.261576955,2.041357556,2.744609533,2.418886007,31.27047448,2.307242242,1.394467622,2.754007032,2.159068724,20.60459273
1549,V,Transformer,2023-05-01,2025-05-01,50,10.3235482,8.312765588,12.18210602,10.55408739,3153993.11,7.264195628,6.743081251,8.763839705,7.942622478,2230655.735,2.238302048,1.990131663,2.765321825,2.424286646,26.87566308,2.397338488,1.418823634,2.819498256,2.214717361,16.58904915
1550,V,Transformer,2024-01-01,2026-01-01,1,16.00423463,13.45791062,19.18635315,17.98772723,3351684.745,12.49749066,10.72752243,15.52430615,14.71085249,2355704.774,3.623182859,3.092698113,4.531413136,4.267981693,51.03474536,2.812714153,2.270575567,3.178174358,2.915980968,68.61928231
1551,V,Transformer,2024-01-01,2026-01-01,2,20.39680608,17.16898629,24.56224835,22.28032331,3548800.992,16.76652023,13.76516211,20.8707071,18.85926067,2681999.279,4.873386739,3.964969378,6.110772143,5.483064601,60.27274775,3.258287224,2.875330435,3.627957887,3.324779895,78.92661583
1552,V,Transformer,2024-01-01,2026-01-01,3,10.99393403,8.466380117,13.79423153,12.99291068,3264830.74,9.156789533,7.156168897,11.61771259,10.93638526,2251136.969,2.668627821,2.0772374,3.404595017,3.183421818,45.99702623,1.718565201,1.278628568,2.111448821,1.991460501,58.09123872
1553,V,Transformer,2024-01-01,2026-01-01,4,25.05384793,19.5192451,27.69214645,24.85897178,3586418.229,21.01919561,15.98935361,23.93603596,21.29655758,2602478.093,6.118303157,4.611379817,7.018283097,6.197681621,57.86379431,3.815314837,3.126486361,3.892566944,3.585416655,78.59375293
1554,V,Transformer,2024-01-01,2026-01-01,5,18.43686051,14.4539822,21.67339686,19.24693467,3445771.64,14.83641052,11.76294022,18.16005744,16.2277651,2398069.063,4.306741067,3.392499832,5.311732109,4.71702851,51.26935605,3.07882859,2.347697621,3.321340887,2.906791912,69.43952752
1555,V,Transformer,2024-01-01,2026-01-01,6,23.85133211,21.06195063,27.45117843,26.0470361,3448449.058,19.43990878,16.84485845,22.98833543,21.76698555,2536023.528,5.647798735,4.851114127,6.724203752,6.323170875,56.12004286,3.881460038,3.543031569,4.216483325,4.016816026,73.34505155
1556,V,Transformer,2024-01-01,2026-01-01,7,24.23037549,18.65752382,28.06278332,23.76906598,3502342.924,19.76449574,14.86089066,23.61125148,19.98519649,2467217.817,5.741659328,4.278482577,6.908154631,5.807576681,54.33592217,3.932728513,3.160688664,4.252336203,3.606409724,74.9453432
1557,V,Transformer,2024-01-01,2026-01-01,8,21.62427715,17.46778344,25.51466098,22.27541144,3199620.815,16.21522348,13.40404353,20.25907338,17.91076504,2132598.536,4.688413295,3.853729419,5.905653047,5.190619482,41.45816394,4.03331957,3.136720157,4.366975792,3.725962077,51.27534731
1558,V,Transformer,2024-01-01,2026-01-01,9,23.66497592,20.64005866,27.35701978,25.66601412,3546647.299,19.71410156,16.78561443,23.41512413,21.80745494,2596736.201,5.735479182,4.838680916,6.860087459,6.342417026,57.78202643,3.668224467,3.357394504,3.961429387,3.789204172,77.87824053
1559,V,Transformer,2024-01-01,2026-01-01,10,26.11633363,20.2758585,29.4911917,25.49427883,3231949.367,21.97269389,16.80117223,25.39721498,21.93263976,2204010.747,6.39836368,4.849571078,7.445976408,6.385633228,44.48370999,3.947784649,3.164612596,4.193048666,3.632954184,57.02514468
1560,V,Transformer,2024-01-01,2026-01-01,11,18.57822356,14.17837318,21.91664053,18.99764689,3199641.134,14.91534403,11.54493828,18.4383905,16.08595751,2138954.745,4.331472113,3.331176305,5.397514707,4.678857618,40.5911176,3.107532809,2.295363685,3.318046066,2.833910428,48.63401844
1561,V,Transformer,2024-01-01,2026-01-01,12,18.25948316,15.2839187,21.4685656,20.11620768,3286342.197,15.18965975,12.54943119,18.48588279,17.27746357,2261607.196,4.419190839,3.620695021,5.41862001,5.029055545,46.16711379,2.840704293,2.438796293,3.054531012,2.885569082,58.77425879
1562,V,Transformer,2024-01-01,2026-01-01,13,26.48901972,20.87138889,30.34527261,26.06194497,3549992.558,22.0134859,16.96838437,25.84709438,22.10199566,2657215.19,6.403722235,4.891254258,7.570250603,6.427176395,59.25770563,4.133614032,3.400012289,4.459759847,3.870416748,77.93731271
1563,V,Transformer,2024-01-01,2026-01-01,14,21.37166084,18.46377549,24.79563404,23.45968341,3488462.889,17.58467864,14.89436355,21.01965413,19.8549278,2529742.368,5.111726772,4.291696032,6.153556598,5.772708039,56.09250145,3.404693895,3.053306951,3.684457513,3.50047736,75.06817327
1564,V,Transformer,2024-01-01,2026-01-01,15,25.58855074,21.34897531,29.08697717,25.8508695,3248558.467,20.31474391,16.73615617,23.93099526,21.34213514,2200307.507,5.891541887,4.813766476,6.990651698,6.194345765,44.9773917,4.372942895,3.714250943,4.64460611,4.0933612,59.01974583
1565,V,Transformer,2024-01-01,2026-01-01,16,22.49148785,17.53612012,26.08507822,22.63679828,3181059.67,17.56683365,13.64229141,21.33147281,18.59103729,2148902.538,5.090658916,3.924025012,6.229794342,5.394741919,42.80005499,3.947911445,3.085130512,4.21542764,3.625962383,54.16183763
1566,V,Transformer,2024-01-01,2026-01-01,17,20.61781747,16.21552092,24.4657802,20.77044116,3211585.935,15.31756989,12.34116808,19.17521906,16.40259309,2171652.24,4.426887128,3.547803506,5.584430751,4.747712891,43.1815407,3.89150288,2.947348473,4.285126558,3.592912101,53.81034202
1567,V,Transformer,2024-01-01,2026-01-01,18,19.58917587,15.38028853,22.57184882,20.17673509,3300080.227,15.73968469,12.19828479,18.84035148,16.82473338,2255751.276,4.56843365,3.51231272,5.509120838,4.886293291,47.29690333,3.27566016,2.624656913,3.488380692,3.127905654,63.61328446
1568,V,Transformer,2024-01-01,2026-01-01,19,24.30189003,19.85109218,25.38909248,24.17475435,3413679.086,19.65794189,15.65892059,21.27291586,20.13953613,2429364.474,5.707527884,4.505376111,6.221680312,5.848399981,52.85134575,4.014250072,3.421547066,3.890545539,3.753110228,70.86444111
1569,V,Transformer,2024-01-01,2026-01-01,20,16.22561916,12.73591706,19.30727845,16.67815573,3183264.487,11.94047274,9.840602225,14.26653629,12.91128502,2122395.422,3.456679749,2.839233282,4.141571182,3.73451109,40.63978732,3.089232817,2.263919072,3.68120482,2.975106313,49.07790973
1570,V,Transformer,2024-01-01,2026-01-01,21,28.27595964,21.63289731,31.77490164,26.94958257,3244734.589,22.46481312,16.75958971,26.02650677,22.06560061,2205522.551,6.515703207,4.817002087,7.600765517,6.400512876,45.07077177,4.831023373,3.840337456,5.130058541,4.348806946,58.61389607
1571,V,Transformer,2024-01-01,2026-01-01,22,25.10274478,21.22020083,28.8910878,26.40349332,3593965.293,20.8153126,17.21266414,24.54812805,22.325532,2685564.283,6.054415573,4.961099566,7.188463921,6.490915048,60.84275746,3.9391225,3.473953486,4.276483915,3.953502635,81.67176011
1572,V,Transformer,2024-01-01,2026-01-01,23,18.44105047,14.32028244,21.58533529,18.78417233,3190859.484,13.69427159,10.89612812,16.62465835,14.77939309,2150738.311,3.960020209,3.135152374,4.837767665,4.277604542,42.16079942,3.47703482,2.6035686,3.888391471,3.269378732,52.25839862
1573,V,Transformer,2024-01-01,2026-01-01,24,18.46003663,17.29090564,22.2822563,22.16223151,3631924.926,15.3397538,14.07786664,19.0211832,18.87340869,2847047.268,4.462310779,4.058985031,5.571400038,5.489793196,64.13791344,2.878962914,2.810202607,3.251967755,3.255855754,81.6653522
1574,V,Transformer,2024-01-01,2026-01-01,25,21.99397944,18.61392178,25.48620601,23.55903047,3521607.766,17.77790724,14.77285017,21.33499883,19.7267963,2597172.548,5.161520265,4.252309682,6.239638672,5.730772981,57.93880181,3.636763601,3.174056158,3.911231462,3.612168869,77.35588217
1575,V,Transformer,2024-01-01,2026-01-01,26,9.796693779,8.414791661,7.817056984,6.485363756,3303954.262,8.538538765,7.111797764,6.938652347,5.142656037,2238043.092,2.52364306,2.09108531,2.078470364,1.537235079,44.89984983,1.425089385,1.345800013,1.095922431,1.203353527,58.30126493
1576,V,Transformer,2024-01-01,2026-01-01,27,22.9469189,18.44233998,26.42393103,23.27333566,3206787.936,17.67748424,14.12285172,21.32399127,18.88333076,2173985.285,5.118288205,4.058050965,6.221625578,5.47469011,43.23178314,4.116869212,3.325923518,4.387334654,3.822968668,54.15186341
1577,V,Transformer,2024-01-01,2026-01-01,28,22.42627649,18.03429023,26.06352245,22.98462116,3368145.138,18.4707553,14.5085264,22.13498512,19.46664805,2346513.661,5.369844465,4.180055549,6.481312108,5.660312585,50.28406437,3.562735196,2.997124002,3.851740407,3.422071266,67.15257682
1578,V,Transformer,2024-01-01,2026-01-01,29,14.64163824,11.42097054,17.67972427,16.10591405,3172815.156,12.20780685,9.70436511,15.29993291,13.90984964,2137775.612,3.553933847,2.808678615,4.488398463,4.052979258,40.92886617,2.278176291,1.680672122,2.488662915,2.285558488,49.20401839
1579,V,Transformer,2024-01-01,2026-01-01,30,36.40740833,29.09877687,39.11836757,34.26388303,3251176.823,29.92183052,23.62151287,32.82423077,28.75484446,2200610.463,8.700131958,6.809303813,9.605510447,8.357864645,44.48713894,5.828717649,4.752551879,5.984330927,5.227279313,57.54656666
1580,V,Transformer,2024-01-01,2026-01-01,31,25.36528557,21.29627534,28.97886413,26.23139759,3399581.559,20.39392954,16.87787797,24.04019038,21.81487118,2388978.267,5.919263433,4.857534466,7.026640272,6.334607918,51.99439715,4.238956131,3.638932333,4.547181433,4.087750518,69.97168046
1581,V,Transformer,2024-01-01,2026-01-01,32,25.74863274,21.2038861,30.10284884,26.40496587,3607612.831,21.60080331,17.3570553,25.86072347,22.50259733,2636658.036,6.288349367,5.005690444,7.580023869,6.546482568,59.42875349,3.929555257,3.404676313,4.320124631,3.869851668,81.74179745
1582,V,Transformer,2024-01-01,2026-01-01,33,24.36626303,20.86564336,28.03150171,26.04438652,3579729.7,20.25910286,16.94617599,23.92133351,22.08901031,2603410.985,5.893486971,4.884582881,7.007004951,6.423494281,58.73876031,3.796754252,3.404584971,4.096444643,3.865534324,80.42960274
1583,V,Transformer,2024-01-01,2026-01-01,34,21.23244196,18.13492503,24.59053535,23.02538853,3537336.843,17.8061482,14.81363342,21.17547132,19.6988608,2506212.978,5.18275477,4.271650429,6.206682002,5.731889951,55.61433168,3.237717265,2.924552985,3.496715061,3.336119208,77.06146184
1584,V,Transformer,2024-01-01,2026-01-01,35,24.51004441,19.28991768,27.74357523,24.22005145,3467334.733,19.91895239,15.38163377,23.25364135,20.32571234,2437118.584,5.785343066,4.42869657,6.801721352,5.905814865,53.4886514,4.008761956,3.260043561,4.244815301,3.691915728,73.374272
1585,V,Transformer,2024-01-01,2026-01-01,36,21.89915628,17.8974759,25.26432766,22.86138276,3556091.164,18.24446978,14.52912217,21.61864462,19.46744669,2544797.713,5.307952512,4.188106941,6.333509334,5.662575703,56.96744713,3.391933563,2.923083982,3.658484166,3.355467799,78.34975366
1586,V,Transformer,2024-01-01,2026-01-01,37,29.01730551,23.23501453,33.09585766,28.71421456,3281485.973,23.79717894,18.75767939,27.887058,24.17024239,2237478.045,6.916986073,5.40482754,8.161853235,7.025518914,46.04463322,4.660463179,3.83484029,5.003090443,4.344557063,60.69250666
1587,V,Transformer,2024-01-01,2026-01-01,38,25.03199348,20.87038561,28.54391381,25.97637336,3560508.105,21.04000789,17.13916263,24.52850351,22.1715157,2661049.672,6.125468365,4.943785783,7.189025926,6.450725329,59.66379569,3.799341304,3.327193294,4.089124434,3.789762792,79.36174869
1588,V,Transformer,2024-01-01,2026-01-01,39,33.71259505,26.03350171,37.46570975,31.66593868,3258177.983,27.4783012,20.85738988,31.28863764,26.41022781,2208474.53,7.984470116,6.00712547,9.152218832,7.672114255,44.15271657,5.490802694,4.361944633,5.796273924,4.903229696,56.79013865
1589,V,Transformer,2024-01-01,2026-01-01,40,30.54616554,24.38334312,33.93888296,29.93688035,3466722.167,25.80237697,20.2122309,29.21238924,25.66721556,2506769.438,7.515840414,5.833844072,8.564419359,7.471287385,54.78727128,4.583764498,3.807400353,4.84499212,4.312945988,73.12239638
1590,V,Transformer,2024-01-01,2026-01-01,41,25.95188282,21.33952367,29.36593198,26.49328234,3440504.676,21.6830341,17.50415915,25.18376903,22.61130445,2408590.551,6.31037958,5.048774968,7.380331657,6.578869501,52.35542433,3.998667068,3.411338588,4.23426931,3.866671038,71.5121052
1591,V,Transformer,2024-01-01,2026-01-01,42,19.03555023,15.70844433,22.33725426,20.38826959,3258561.184,14.57063297,12.16076191,17.9865506,16.50033034,2250364.538,4.217713147,3.498080254,5.247452394,4.78306269,46.84804471,3.450970824,2.784892307,3.727985315,3.370478249,60.50232804
1592,V,Transformer,2024-01-01,2026-01-01,43,21.8428731,18.03865882,25.44039907,22.92334543,3474935.789,17.38322758,14.118819,21.05843524,18.96974643,2449492.081,5.041777913,4.060960823,6.153567962,5.506185582,54.07134464,3.719967644,3.148987443,4.009297508,3.613881584,74.04196655
1593,V,Transformer,2024-01-01,2026-01-01,44,16.70573532,15.50506872,20.41153677,20.19247093,3588758.194,13.49362215,12.35555392,17.16082949,16.918515,2655720.142,3.918055158,3.558241451,5.020529208,4.915056961,60.16600763,2.770030837,2.624870845,3.101708169,3.094789415,81.04594546
1594,V,Transformer,2024-01-01,2026-01-01,45,27.77254082,21.26070699,30.67686189,26.52532868,3424774.93,23.38294969,17.48843122,26.38155607,22.69910391,2434627.644,6.808871848,5.045081269,7.733141626,6.605705881,53.33879831,4.196567614,3.375761153,4.384396026,3.840079758,71.60286449
1595,V,Transformer,2024-01-01,2026-01-01,46,20.3738291,16.86608705,23.7697247,21.73082213,3446952.143,16.76015622,13.56863894,20.20660253,18.39952482,2441142.871,4.872105852,3.90954673,5.916881518,5.349844039,53.54165403,3.247592385,2.803598757,3.504970954,3.23973232,72.30069858
1596,V,Transformer,2024-01-01,2026-01-01,47,26.31331261,21.19667731,29.82616009,26.33280075,3609945.45,22.21142347,17.5020728,25.73859698,22.57124876,2735036.938,6.468984991,5.050370251,7.546887253,6.569431055,61.67775679,3.952285766,3.339051235,4.221722531,3.796499134,81.45710189
1597,V,Transformer,2024-01-01,2026-01-01,48,28.7218275,23.36919658,32.90266186,28.83014048,3421073.887,24.01370022,19.22081518,28.16654335,24.60437712,2427012.59,6.989448624,5.544928276,8.254065838,7.159247967,52.92233426,4.417988441,3.712137735,4.769247047,4.20705508,71.32587094
1598,V,Transformer,2024-01-01,2026-01-01,49,21.96763415,17.50093613,25.64418507,22.45348107,3413089.008,18.25940718,14.12160865,21.92284679,19.08154852,2404700.834,5.311443212,4.069266425,6.422177351,5.549523715,51.97552449,3.420266361,2.893170388,3.723118448,3.313952161,69.36642736
1599,V,Transformer,2024-01-01,2026-01-01,50,6.330667959,5.283579868,9.466371539,9.165611495,3273824.705,5.716546985,4.435480028,8.288764609,8.166002723,2215597.39,1.694092865,1.311744166,2.450036672,2.398980308,43.64223079,0.80445442,0.864512059,1.329722796,1.200623274,55.01280136
1600,L_TO,Transformer,2022-01-01,2024-01-01,1,3.154049908,1.143102494,3.41560154,2.623731519,1821404.944,2.791327918,0.921559297,3.083208267,2.362717794,994237.4082,9.358299228,3.035675935,10.41988065,7.890011133,49.99848773,4.839041789,2.191807431,4.858151252,3.707487439,58.66395073
1601,L_TO,Transformer,2022-01-01,2024-01-01,2,0.956963478,0.550379731,1.143762033,0.989298714,1798778.607,0.84421829,0.449409502,0.894316256,0.803609331,979415.8139,2.846692344,1.508679988,3.041914566,2.692840362,54.0282847,1.534503924,1.082506922,2.408660206,1.917688807,69.70076328
1602,L_TO,Transformer,2022-01-01,2024-01-01,3,1.35685066,0.58200901,1.570527762,1.223013244,1777711.558,1.246211626,0.480832389,1.280453507,0.966017782,968547.2592,4.202962114,1.604526785,4.365557819,3.255490805,54.28003091,1.819294422,1.105324661,3.095606797,2.50978021,71.04616079
1603,L_TO,Transformer,2022-01-01,2024-01-01,4,1.860585357,0.661668899,2.564967268,1.903586565,1774138.823,1.516766718,0.52820089,2.304185665,1.705007014,980525.9584,5.104969354,1.747081097,7.801856469,5.700796846,55.75144178,3.607761956,1.30243849,3.764100466,2.773958885,72.25137159
1604,L_TO,Transformer,2022-01-01,2024-01-01,5,1.379469174,0.560166878,1.264826177,0.991501357,1781734.264,1.041720744,0.488357631,1.01830525,0.744025451,992866.3153,3.482840442,1.631768984,3.453940059,2.500355758,55.42179166,2.986864642,0.933222554,2.528312273,2.174091279,70.59772942
1605,L_TO,Transformer,2022-01-01,2024-01-01,6,1.88022931,0.828670587,2.128733796,1.769397629,1869527.773,1.514243548,0.676108026,1.770304071,1.461796953,1028755.754,5.038256034,2.231476249,5.936624803,4.84450741,49.29831763,3.612163794,1.534892711,3.838464756,3.208650467,53.95548228
1606,L_TO,Transformer,2022-01-01,2024-01-01,7,1.51757787,0.61846478,1.862350429,1.475159821,1777073.418,1.244427569,0.503455093,1.436423743,1.185293589,988282.2263,4.207309838,1.680331311,4.897869789,3.98538259,60.17597457,2.926406043,1.201022065,4.029623348,2.938838267,83.48871072
1607,L_TO,Transformer,2022-01-01,2024-01-01,8,1.238937912,0.54108153,1.626949921,1.391409962,1815131.807,1.133148631,0.418772617,1.268196587,1.169543447,986991.8699,3.808513492,1.39615263,4.31689393,3.921481323,51.27728494,1.658431367,1.133487018,3.441635719,2.503691463,62.7931267
1608,L_TO,Transformer,2022-01-01,2024-01-01,9,1.278798824,0.59204171,2.079285131,1.576225417,1809594.683,1.016471766,0.473058977,1.821855269,1.384312073,985409.7533,3.429999661,1.570574325,6.179460124,4.634301072,51.35340259,2.598699062,1.170950045,3.376994728,2.492158077,62.94575044
1609,L_TO,Transformer,2022-01-01,2024-01-01,10,1.654055665,0.710474543,2.385455197,1.750406736,1805486.019,1.451260257,0.572447246,2.168185768,1.57444439,973001.9949,4.866878589,1.888095521,7.3279237,5.25709504,51.15158913,2.622508756,1.363402014,3.281072657,2.488457642,63.75143289
1610,L_TO,Transformer,2022-01-01,2024-01-01,11,1.286559555,0.607294927,1.815570181,1.33396954,1768992.232,1.188099932,0.523816055,1.412427783,1.012757268,976506.2883,3.992800598,1.742498313,4.810695184,3.410278009,57.00207437,1.63026589,1.024311218,3.867499308,2.895954671,76.32230096
1611,L_TO,Transformer,2022-01-01,2024-01-01,12,1.306676355,0.591797236,1.867658535,1.525104936,1807477.838,1.125732292,0.49024685,1.67002854,1.349440139,982068.6606,3.773972059,1.622931494,5.638177415,4.498061627,51.43518919,2.191738826,1.080962474,2.755191209,2.306614788,63.61487556
1612,L_TO,Transformer,2022-01-01,2024-01-01,13,1.539305561,0.698682547,2.286647247,1.824156479,1816986.939,1.24280526,0.54355736,2.021109911,1.618744758,982727.2536,4.182985912,1.797925944,6.848194965,5.414021757,50.41556892,3.033618686,1.438931287,3.586792707,2.764508142,61.20153234
1613,L_TO,Transformer,2022-01-01,2024-01-01,14,1.110991648,0.623368572,1.862734956,1.509679322,1823222.42,0.843397179,0.536747231,1.589307234,1.29537238,984697.4425,2.831951839,1.782779485,5.366955741,4.317238781,50.58231474,2.400610635,1.03942026,3.229948226,2.532784363,61.72413042
1614,L_TO,Transformer,2022-01-01,2024-01-01,15,1.76199507,0.66018429,2.111816597,1.718679516,1830089.143,1.548373981,0.53144831,1.887959312,1.522612369,999109.55,5.18016725,1.755178896,6.372101067,5.074431516,49.7404931,2.7389793,1.273173213,3.112073174,2.581856223,57.98681207
1615,L_TO,Transformer,2022-01-01,2024-01-01,16,0.979766121,0.547748892,1.535329163,1.326511872,1836383.216,0.820760156,0.48629987,1.345162545,1.154179273,1003853.139,2.750264903,1.617961309,4.535773073,3.841198193,49.42852808,1.768527289,0.832382041,2.438036161,2.119682425,56.6581102
1616,L_TO,Transformer,2022-01-01,2024-01-01,17,0.951793559,0.514036487,1.395269172,1.125092852,1767900.842,0.869125157,0.426869151,1.084218069,0.918740549,994425.4264,2.923448895,1.428073398,3.686606329,3.077606237,58.87034576,1.292713654,0.971349975,2.96128723,2.156355995,77.49914119
1617,L_TO,Transformer,2022-01-01,2024-01-01,18,1.707275511,0.673778422,2.15515797,1.746087046,1781614.274,1.440604245,0.535922461,1.917776977,1.571311735,966596.4236,4.847501022,1.772951642,6.505335995,5.260599311,50.83899799,3.063401367,1.334958067,3.305805816,2.504841633,62.92341086
1618,L_TO,Transformer,2022-01-01,2024-01-01,19,2.099079314,0.602658225,1.893906127,1.622932429,1838200.83,1.871414827,0.491475335,1.682654702,1.443827797,1010521.065,6.284292417,1.62669602,5.688545571,4.818994921,49.47182966,3.142184713,1.140136744,2.886675972,2.414045188,55.74696786
1619,L_TO,Transformer,2022-01-01,2024-01-01,20,1.479165851,0.657512716,2.227650008,1.69841236,1787159.403,1.261635105,0.525230413,1.994519252,1.517694868,969883.4519,4.236931212,1.73559349,6.752264413,5.070780947,52.96407968,2.563817161,1.289828617,3.311625062,2.492454179,67.97706625
1620,L_TO,Transformer,2022-01-01,2024-01-01,21,1.575271807,0.664119632,2.266769206,1.723007278,1812645.183,1.335121337,0.525594742,2.03367502,1.540197085,981476.5946,4.484338929,1.735941951,6.880912306,5.144009601,49.37423045,2.782684173,1.323460966,3.332043682,2.519786028,58.46334909
1621,L_TO,Transformer,2022-01-01,2024-01-01,22,1.614302907,0.757048791,1.719847038,1.58802345,1863234.144,1.240652013,0.639309721,1.376015432,1.289919686,1022371.868,4.119693414,2.117671181,4.602208642,4.270140989,49.50193139,3.352206458,1.30513229,3.352078247,2.979525993,55.16612376
1622,L_TO,Transformer,2022-01-01,2024-01-01,23,2.785097662,0.755091252,2.545033216,1.989585229,1824944.879,2.482315013,0.60169746,2.322537904,1.801631304,998171.6983,8.312150379,1.981471138,7.842096851,6.009679076,49.06821252,4.120759022,1.47235662,3.400718708,2.717403196,55.88914308
1623,L_TO,Transformer,2022-01-01,2024-01-01,24,0.870272553,0.500643671,1.349879126,1.146246601,1799740.676,0.78254703,0.395887183,1.044489879,0.947752722,973927.138,2.637757272,1.325191879,3.552025607,3.174610645,51.84433568,1.28102532,1.032677341,2.891303117,2.142574947,64.96929776
1624,L_TO,Transformer,2022-01-01,2024-01-01,25,2.651873948,0.902391351,2.749419168,2.207581488,1804269.073,2.338241121,0.714569432,2.493858464,1.988899844,973089.4967,7.824708311,2.350837518,8.418814402,6.633252302,49.07329567,4.082729354,1.779645094,3.789478285,3.088096247,58.66621016
1625,L_TO,Transformer,2022-01-01,2024-01-01,26,2.113997591,0.694356263,2.306925668,1.812239337,1772012.401,1.756863477,0.567336516,1.858645743,1.538574493,962328.1308,5.925682112,1.89161721,6.335054101,5.172604157,53.1142638,3.969916235,1.323843943,4.654419925,3.20922822,69.03693977
1626,L_TO,Transformer,2022-01-01,2024-01-01,27,1.089420857,0.575633955,1.545053449,1.279871049,1761883.836,0.927979462,0.455722939,1.306085281,1.100352291,1014398.351,3.146677393,1.525885193,4.458427131,3.702233692,63.76419958,1.954586657,1.188849138,2.829095146,2.19828697,86.50525638
1627,L_TO,Transformer,2022-01-01,2024-01-01,28,2.57391209,0.750514973,2.555696907,2.004701928,1830543.163,2.311300339,0.596389711,2.327821711,1.817097348,1000503.376,7.749422055,1.965442745,7.870890324,6.067434662,49.14040819,3.71825386,1.478783288,3.486469174,2.744384079,55.71092487
1628,L_TO,Transformer,2022-01-01,2024-01-01,29,1.316430065,0.590541298,1.314523276,1.049585955,1774962.864,0.998864618,0.46664487,1.156887696,0.852294671,997755.2279,3.349807493,1.557799169,3.936040176,2.871340567,57.95868568,2.863703063,1.222466375,2.122364211,2.046336339,75.33935441
1629,L_TO,Transformer,2022-01-01,2024-01-01,30,2.029940232,0.864301815,2.464361132,2.059141996,1839696.573,1.804268435,0.681906816,2.228872323,1.852968058,1003069.043,6.041530695,2.243949267,7.526831902,6.181825734,49.1622883,3.034169838,1.718924531,3.454433607,2.903883638,56.07737915
1630,L_TO,Transformer,2022-01-01,2024-01-01,31,1.784885469,0.738638538,2.314333871,1.86268723,1819579.116,1.434377916,0.576824771,2.051211278,1.662449349,986798.7293,4.834497638,1.906215686,6.95399777,5.564131776,50.50540989,3.561908551,1.509956413,3.598788903,2.765486446,61.30546671
1631,L_TO,Transformer,2022-01-01,2024-01-01,32,1.617235401,0.62525071,2.157779868,1.668768734,1769234.604,1.36904402,0.510468832,1.794043408,1.437917117,951131.8397,4.62365479,1.698274815,6.106091539,4.827645864,51.42361557,2.914493135,1.191477915,4.078840812,2.829682778,65.24860287
1632,L_TO,Transformer,2022-01-01,2024-01-01,33,1.515172162,0.666305033,2.082484823,1.738212454,1821519.009,1.184280239,0.524368888,1.805247955,1.536607127,992718.4229,4.001998035,1.736806849,6.124559443,5.143887436,52.61118043,3.173687077,1.349639595,3.50152244,2.683150239,65.64626712
1633,L_TO,Transformer,2022-01-01,2024-01-01,34,1.916797583,0.816286429,2.735974709,2.053252873,1811165.89,1.60138834,0.624179608,2.426150693,1.822513469,978149.0326,5.385968485,2.058559365,8.213707532,6.091552112,50.54022751,3.513735439,1.720334435,4.228034201,3.099716455,61.78477891
1634,L_TO,Transformer,2022-01-01,2024-01-01,35,1.766691278,0.766868286,2.734132055,2.003843696,1780158.802,1.560245218,0.617954503,2.512410378,1.833290456,941754.1935,5.236585574,2.03685804,8.502655624,6.126323486,48.32569373,2.742421152,1.471237178,3.575521908,2.622836913,59.30931252
1635,L_TO,Transformer,2022-01-01,2024-01-01,36,0.801392731,0.556092777,1.46278207,1.292788005,1840415.927,0.673101476,0.483003301,1.275553209,1.114952445,1007847.704,2.25204449,1.604909565,4.29337493,3.705872767,49.04190285,1.433542215,0.903326789,2.341064589,2.114204937,55.0531816
1636,L_TO,Transformer,2022-01-01,2024-01-01,37,1.998167642,0.771062087,2.590680481,1.980897418,1802823.307,1.754707354,0.613165022,2.362258881,1.79496659,969637.6344,5.867656293,2.019274813,7.976649296,5.988167049,49.60198893,3.107127296,1.5110894,3.4784965,2.698160774,60.33113487
1637,L_TO,Transformer,2022-01-01,2024-01-01,38,1.932759999,0.646935162,2.365019159,1.800203537,1781403.677,1.662725327,0.5246322,2.125377625,1.617563438,965320.5734,5.591092864,1.736743991,7.201666148,5.41156071,53.23357074,3.29325216,1.237312565,3.476666561,2.594770756,69.0317704
1638,L_TO,Transformer,2022-01-01,2024-01-01,39,1.296203287,0.576514041,1.389220772,1.112357315,1800973.534,1.043917721,0.483330192,1.054950356,0.872681708,973296.1101,3.527536504,1.616311363,3.592244208,2.928847064,52.57666061,2.576058271,1.066437589,3.052971641,2.294104431,67.33024122
1639,L_TO,Transformer,2022-01-01,2024-01-01,40,1.969519834,0.525765546,1.878472525,1.556020688,1799124.759,1.680555507,0.437297405,1.650681721,1.3824332,966074.912,5.657855052,1.454074347,5.595176516,4.625375764,49.41202302,3.451284296,0.964878387,3.019552754,2.355493997,60.25846155
1640,L_TO,Transformer,2022-01-01,2024-01-01,41,1.104119161,0.521677543,1.431072646,1.183136821,1789324.631,0.923876947,0.410833801,1.074687835,0.952820015,973821.7849,3.115770779,1.374209132,3.659916193,3.194694189,54.08674921,2.020597816,1.077691558,3.190405794,2.33236714,70.69189567
1641,L_TO,Transformer,2022-01-01,2024-01-01,42,2.733167204,0.910211003,2.29997431,1.982603525,1863032.413,2.213020827,0.69581331,1.926244744,1.656336123,1025847.205,7.369879,2.289723093,6.461029698,5.492861176,49.12029885,5.208525092,1.884340989,4.071097755,3.499900446,53.49016044
1642,L_TO,Transformer,2022-01-01,2024-01-01,43,1.674660126,0.679129063,2.13703912,1.732388749,1802400.876,1.321105635,0.521939592,1.843113463,1.517084146,977043.0212,4.452548569,1.727678641,6.249242134,5.075651107,52.52702915,3.436491519,1.425199183,3.633174709,2.75557348,66.83843746
1643,L_TO,Transformer,2022-01-01,2024-01-01,44,2.501732474,0.822307677,2.62385802,2.05849933,1815906.505,2.219264732,0.637586888,2.362286723,1.837516808,993514.0238,7.429847441,2.09730635,7.970474465,6.124627064,49.13304958,3.770581698,1.681017989,3.737263888,2.993757527,56.33050469
1644,L_TO,Transformer,2022-01-01,2024-01-01,45,1.762700179,0.592446606,2.188916339,1.683740397,1774369.81,1.443075493,0.462465062,1.919710247,1.49380975,973790.7017,4.862999772,1.537070512,6.520095116,5.007424471,54.56896463,3.392938362,1.217513302,3.550134692,2.571462397,70.61461918
1645,L_TO,Transformer,2022-01-01,2024-01-01,46,1.916355912,0.561292598,2.083580545,1.677006774,1775975.43,1.663230675,0.459180281,1.862224322,1.509361748,957871.079,5.58817926,1.524525164,6.313196992,5.050608531,52.73681258,3.169547724,1.060132791,3.140161458,2.402120391,68.14221753
1646,L_TO,Transformer,2022-01-01,2024-01-01,47,1.222902527,0.60433226,1.95508138,1.583079985,1802229.565,0.987733744,0.469811026,1.655298436,1.361455169,971199.5366,3.333901515,1.560374776,5.613403057,4.555493778,52.12271884,2.407960859,1.25317261,3.502428663,2.67047087,66.48105292
1647,L_TO,Transformer,2022-01-01,2024-01-01,48,2.20694359,0.698736276,2.259816327,1.785662473,1858334.831,1.945958813,0.587905674,1.982459985,1.554480983,1023806.856,6.509556851,1.942716284,6.676986502,5.171582193,49.33270249,3.385637201,1.218051547,3.547540932,2.835645243,54.17758109
1648,L_TO,Transformer,2022-01-01,2024-01-01,49,1.558845786,0.52883491,1.938434529,1.50173512,1787226.71,1.286112634,0.426248698,1.717051256,1.335425522,966310.0009,4.329866904,1.416634656,5.821599017,4.466882255,52.1832544,2.951002977,1.033494705,3.022001874,2.260270604,66.50697172
1649,L_TO,Transformer,2022-01-01,2024-01-01,50,2.433311263,0.837349568,2.685414412,2.053292295,1845806.119,2.1513064,0.654179783,2.397164396,1.823293536,1014373.559,7.214985296,2.154284308,8.099906648,6.083683299,49.98899007,3.745003324,1.699983228,4.009361537,3.072320759,57.03062182
1650,L_TO,Transformer,2022-09-01,2024-09-01,1,1.352483829,1.127089544,1.139668287,1.129338706,680657.1005,1.129396095,0.992517617,0.960575211,0.977725868,648237.3276,2.692539258,2.350042916,2.303930535,2.330294741,73.62792081,1.744612501,1.23315321,1.436770527,1.310769582,39.00579759
1651,L_TO,Transformer,2022-09-01,2024-09-01,2,1.283588219,0.980907946,1.000694446,0.949366358,783969.0173,1.0899175,0.88840483,0.873506805,0.851804286,739845.4574,2.599116212,2.106217343,2.097389232,2.033949032,86.27993821,1.592775947,0.957267362,1.142217771,0.971433038,48.9626463
1652,L_TO,Transformer,2022-09-01,2024-09-01,3,1.223897264,0.959903259,1.048257487,0.950140936,769219.1365,1.044378698,0.871635784,0.905512347,0.849139394,728562.2879,2.491408308,2.067057746,2.173305514,2.027783289,84.5619369,1.496723583,0.924598142,1.235911217,0.989002259,47.19411039
1653,L_TO,Transformer,2022-09-01,2024-09-01,4,0.96423001,0.866935911,0.779184866,0.800703626,826790.7409,0.858382805,0.799780419,0.71620632,0.72719548,779583.3377,2.052610431,1.898828319,1.727769192,1.74103112,91.11859636,1.027654777,0.768689894,0.723910562,0.786877667,51.37781093
1654,L_TO,Transformer,2022-09-01,2024-09-01,5,1.290321204,1.030906742,1.065918901,1.031273768,750354.4462,1.095084227,0.925391134,0.920497734,0.913838029,710895.7389,2.611381699,2.192807211,2.208631,2.179851027,82.38011019,1.603232942,1.047402202,1.257539988,1.107007627,46.04041733
1655,L_TO,Transformer,2022-09-01,2024-09-01,6,0.988240276,0.8964184,0.846358785,0.852318461,758911.681,0.87632563,0.822401957,0.765611108,0.769558603,720216.6867,2.09495221,1.951808352,1.843901611,1.8406498,83.31989767,1.068798416,0.819462023,0.845806843,0.855181637,45.98357685
1656,L_TO,Transformer,2022-09-01,2024-09-01,7,1.65459993,1.055984036,1.283134368,1.09535904,751675.0821,1.397786582,0.943551306,1.070546708,0.961395367,709779.0178,3.33256137,2.235261071,2.563359087,2.291572371,82.57951357,2.078317246,1.094162218,1.660349079,1.216666409,47.06401896
1657,L_TO,Transformer,2022-09-01,2024-09-01,8,0.61221098,0.82189502,0.628716512,0.706339423,793638.9435,0.541745532,0.763912258,0.576719084,0.637745037,750184.3599,1.312695064,1.815083671,1.403010297,1.531624533,87.37314932,0.704339559,0.696872416,0.630742808,0.730518815,49.04810482
1658,L_TO,Transformer,2022-09-01,2024-09-01,9,0.748271832,0.929189727,0.77286131,0.8302075,744421.6965,0.695070367,0.84737174,0.711796608,0.746948585,706492.954,1.670120357,2.010238663,1.718707811,1.787696441,81.61327281,0.655249532,0.876167327,0.713904236,0.849762453,45.08304219
1659,L_TO,Transformer,2022-09-01,2024-09-01,10,0.656754742,0.885822857,0.659242973,0.773265338,775325.7852,0.610171873,0.814886467,0.617956114,0.702680106,731921.7584,1.471144107,1.934166298,1.498737666,1.683555212,85.29673486,0.588788891,0.797991052,0.56757348,0.761804527,48.4439864
1660,L_TO,Transformer,2022-09-01,2024-09-01,11,0.870796069,0.933172983,0.964760501,0.879993732,704261.708,0.792434657,0.847384683,0.844510778,0.778756622,668720.1281,1.901653025,2.01037402,2.032180504,1.862889275,76.76545193,0.846629093,0.898377325,1.093953807,0.959868925,42.07971886
1661,L_TO,Transformer,2022-09-01,2024-09-01,12,1.129787684,0.978427258,0.99726445,0.94403645,716100.2526,0.975048699,0.884283401,0.866646728,0.837991626,678946.6916,2.328267001,2.096602671,2.082379032,2.001514742,78.27432136,1.334427194,0.963275541,1.155188527,1.010467703,43.52220127
1662,L_TO,Transformer,2022-09-01,2024-09-01,13,1.060538896,0.991087756,1.049187417,0.955714055,733998.3784,0.926317227,0.894139374,0.901299327,0.84946909,698145.6876,2.213312747,2.119744557,2.163605437,2.028605507,80.26799872,1.207117741,0.983615718,1.257554764,1.016676463,43.56266562
1663,L_TO,Transformer,2022-09-01,2024-09-01,14,0.78684535,0.900647567,0.780625566,0.832725614,723316.1325,0.7277915,0.825242556,0.717283936,0.749713734,684709.2026,1.747402773,1.958422029,1.731697231,1.794081891,79.19471851,0.703429242,0.828839695,0.7297026,0.849149902,44.52087313
1664,L_TO,Transformer,2022-09-01,2024-09-01,15,0.625551002,0.805566628,0.638363069,0.694350406,770913.5666,0.556589686,0.750994605,0.571110621,0.621320278,728643.7833,1.348780034,1.785040463,1.391255611,1.493620505,84.7913268,0.708248556,0.669840329,0.719223414,0.751086002,47.90924502
1665,L_TO,Transformer,2022-09-01,2024-09-01,16,1.81654639,1.040554434,1.246864893,1.057050166,792103.5777,1.549867856,0.932490831,1.046835595,0.933802227,747747.6306,3.697074021,2.20940101,2.507269857,2.226730122,87.21547755,2.220897595,1.064981665,1.589157245,1.147520584,49.363656
1666,L_TO,Transformer,2022-09-01,2024-09-01,17,0.608372299,0.782316199,0.614842526,0.64791948,814699.072,0.474363358,0.732953479,0.466371421,0.573305143,767443.6872,1.15613549,1.742828713,1.145879776,1.381002311,89.76263102,0.938861947,0.629057301,1.003811674,0.740645082,51.04148507
1667,L_TO,Transformer,2022-09-01,2024-09-01,18,0.704305935,0.889755564,0.771258607,0.800217403,782448.472,0.659194321,0.816817414,0.710685378,0.722084261,740980.2861,1.587024128,1.938746636,1.716480107,1.729405036,86.0668866,0.594737631,0.810585438,0.711857465,0.812430443,47.9170026
1668,L_TO,Transformer,2022-09-01,2024-09-01,19,1.24053476,1.031643639,1.002470388,0.988023904,677967.8181,1.05159083,0.92296157,0.870529955,0.869658641,643540.7847,2.508978318,2.187173212,2.092319234,2.076059568,73.53602279,1.540230554,1.061409452,1.163964687,1.089146579,40.19009469
1669,L_TO,Transformer,2022-09-01,2024-09-01,20,1.315145708,0.944377245,0.982330891,0.920870707,763707.8982,1.105964268,0.859496509,0.856680106,0.823756479,722422.7652,2.636753846,2.038591511,2.058294081,1.968041107,83.94025449,1.670359952,0.899546753,1.125536786,0.956653885,47.23379127
1670,L_TO,Transformer,2022-09-01,2024-09-01,21,0.852999291,0.862764955,0.813389696,0.795085323,774252.5504,0.77536174,0.79602897,0.742103645,0.721788996,734579.571,1.857274401,1.890086378,1.78856728,1.728439772,85.07657954,0.83276621,0.764538322,0.782169382,0.783942977,46.89178869
1671,L_TO,Transformer,2022-09-01,2024-09-01,22,0.632037981,0.816770995,0.653407195,0.709182082,743845.1166,0.561551261,0.759652866,0.593957676,0.636249834,705909.943,1.360869171,1.805281072,1.444824553,1.528523115,81.55912622,0.719658532,0.68944671,0.683934249,0.755197302,45.08781305
1672,L_TO,Transformer,2022-09-01,2024-09-01,23,0.730293993,0.774789806,0.62905949,0.648660054,793323.3198,0.602865473,0.726736033,0.46621137,0.568346427,749164.0758,1.466758074,1.72847333,1.146344171,1.369770008,87.35190307,1.026926607,0.618211165,1.057443193,0.768722316,49.33314888
1673,L_TO,Transformer,2022-09-01,2024-09-01,24,0.972450157,0.999196529,0.859330524,0.962937727,729187.9047,0.863057455,0.900824338,0.774130641,0.857492197,690132.6773,2.064087928,2.135305096,1.86468423,2.047350666,79.89044964,1.047416905,0.995261547,0.875397537,1.016321548,44.95483076
1674,L_TO,Transformer,2022-09-01,2024-09-01,25,1.153302819,0.901092557,0.941704918,0.862185618,782896.2093,0.995083738,0.826464995,0.829612081,0.778324477,738880.3317,2.375063366,1.961286182,1.994101009,1.861214062,86.17184902,1.366193868,0.824957354,1.043298511,0.864844326,48.95514258
1675,L_TO,Transformer,2022-09-01,2024-09-01,26,1.292191366,0.968533803,1.067529933,0.955309333,772742.947,1.094844135,0.878859586,0.921236065,0.855334873,731028.1718,2.610686317,2.083913208,2.210370747,2.042297402,84.9820063,1.612273298,0.936439067,1.262126887,0.986204895,47.70986851
1676,L_TO,Transformer,2022-09-01,2024-09-01,27,1.203032726,0.999922342,0.989796557,0.971653624,750974.8843,1.030026446,0.901952137,0.862563467,0.866208131,711622.4676,2.457619748,2.13797268,2.071840258,2.067887987,82.44890001,1.457016323,0.993836683,1.136635188,1.020629914,46.03520246
1677,L_TO,Transformer,2022-09-01,2024-09-01,28,0.826341415,0.704761926,0.753702527,0.603465573,802087.2481,0.705018016,0.666184197,0.58009666,0.46354022,755843.6223,1.710865632,1.587257807,1.423027315,1.125154764,88.35431186,1.071498958,0.535687377,1.20734201,0.959453885,50.36310178
1678,L_TO,Transformer,2022-09-01,2024-09-01,29,1.521621815,0.952938919,1.001080578,0.938961769,834224.1437,1.28847892,0.867387163,0.873994444,0.84416382,785086.5336,3.072032144,2.057042982,2.098556858,2.015981923,91.95715129,1.900752624,0.90771518,1.142031303,0.952908968,52.27504019
1679,L_TO,Transformer,2022-09-01,2024-09-01,30,1.155061098,0.963130525,0.906812812,0.915896154,766485.1626,0.99660211,0.874540161,0.806948187,0.823621119,725896.9459,2.378615112,2.073802443,1.94090564,1.967725639,84.2488988,1.36876494,0.928109186,0.968553046,0.930149154,47.07726101
1680,L_TO,Transformer,2022-09-01,2024-09-01,31,2.011949614,1.175732368,1.49362212,1.263159953,746675.6933,1.720233278,1.028816582,1.221772003,1.081063769,705229.4194,4.104568156,2.434781402,2.922420859,2.572886197,81.99383299,2.443254766,1.318663779,2.021175638,1.519732322,46.69301485
1681,L_TO,Transformer,2022-09-01,2024-09-01,32,0.769104956,0.89561112,0.762834532,0.81509505,733183.9473,0.711656762,0.819676136,0.704527099,0.731111423,696447.6594,1.709667325,1.945446043,1.702652025,1.750651517,80.21350493,0.688544173,0.829308138,0.697279661,0.8477599,43.96570635
1682,L_TO,Transformer,2022-09-01,2024-09-01,33,0.87138664,0.905940278,0.787862657,0.8556449,760516.3086,0.790633093,0.829873852,0.722125046,0.771744826,719146.5328,1.893689706,1.969286571,1.742204016,1.84577844,83.59128913,0.856931989,0.834878759,0.743893847,0.862607149,47.19592316
1683,L_TO,Transformer,2022-09-01,2024-09-01,34,1.107829702,0.956414706,0.870876267,0.899605723,737959.002,0.959394645,0.867486281,0.7810539,0.801562027,700522.2203,2.291483258,2.057328556,1.881840792,1.915926093,80.84964484,1.294883139,0.925910189,0.905325606,0.952183472,44.60310847
1684,L_TO,Transformer,2022-09-01,2024-09-01,35,1.0077373,0.919321442,0.81883965,0.849923149,822451.4862,0.890709059,0.841366871,0.745713743,0.770363882,775028.7507,2.12876826,1.996136005,1.796911607,1.842468838,90.64143479,1.1031081,0.851489417,0.794081017,0.837171114,51.35724539
1685,L_TO,Transformer,2022-09-01,2024-09-01,36,1.479602457,1.029340631,1.138209931,1.034260682,738324.8145,1.241271106,0.923464349,0.969629317,0.914099956,700464.4882,2.958593947,2.188329939,2.324920378,2.180490828,80.91292998,1.890863241,1.047704239,1.395594644,1.120970129,44.82111079
1686,L_TO,Transformer,2022-09-01,2024-09-01,37,1.294090526,0.958300098,0.996896229,0.931689761,713666.9856,1.088123376,0.868567232,0.866898867,0.826138358,677487.4624,2.595124489,2.059863267,2.083602463,1.973719217,77.92426666,1.640427276,0.930848044,1.152454103,1.00253934,42.90821633
1687,L_TO,Transformer,2022-09-01,2024-09-01,38,3.112721344,1.311484478,1.85829003,1.444962176,719834.2223,2.678723132,1.123000349,1.498794925,1.210393057,681917.8766,6.398782183,2.655363377,3.583337304,2.877852529,78.77911638,3.703318254,1.573685426,2.585181885,1.839048396,44.12506175
1688,L_TO,Transformer,2022-09-01,2024-09-01,39,0.652829064,0.773770063,0.61718292,0.658464569,807661.4832,0.513054261,0.725980249,0.522043545,0.583029446,761988.5386,1.251162756,1.726690033,1.276303356,1.403998373,88.97568818,1.00144418,0.616160568,0.830222552,0.749631877,50.30985491
1689,L_TO,Transformer,2022-09-01,2024-09-01,40,0.86818874,0.863716062,0.718133117,0.77034189,824129.2,0.786368871,0.797165353,0.670280308,0.700413416,776328.7394,1.883070588,1.892690668,1.620373724,1.67820271,90.83270814,0.861276993,0.763900229,0.616470579,0.757164481,51.55260121
1690,L_TO,Transformer,2022-09-01,2024-09-01,41,2.064182403,1.125211732,1.557569961,1.194523454,746006.3084,1.737393079,0.992577692,1.26130291,1.029872588,706985.59,4.143185135,2.350060815,3.016068744,2.452665372,81.85160764,2.612056407,1.224879505,2.14988181,1.404846228,45.65472429
1691,L_TO,Transformer,2022-09-01,2024-09-01,42,1.666399635,1.095083757,1.355899757,1.138827308,704367.7906,1.382833917,0.970185981,1.115935304,0.988133771,669873.2989,3.294935471,2.297673329,2.670955966,2.354559389,76.58433373,2.182988713,1.172105277,1.807608688,1.312409308,41.34747812
1692,L_TO,Transformer,2022-09-01,2024-09-01,43,0.888959565,0.844330228,0.728357951,0.730173588,791193.1323,0.802271189,0.780983716,0.678327871,0.66155355,746182.4828,1.920606399,1.854844404,1.639474448,1.587157205,87.11936191,0.895949925,0.737613611,0.63336429,0.737474569,49.58777291
1693,L_TO,Transformer,2022-09-01,2024-09-01,44,0.690989292,0.86239588,0.658331262,0.756922298,762813.9039,0.64717259,0.794536035,0.607132571,0.682648743,722607.3961,1.559078414,1.886598419,1.475039081,1.636879614,83.81087544,0.583802833,0.770688295,0.636417437,0.777183208,46.7589119
1694,L_TO,Transformer,2022-09-01,2024-09-01,45,1.824005287,1.081611382,1.26182786,1.106370396,794283.7095,1.557308708,0.962272744,1.056983328,0.970284758,750687.5432,3.714958856,2.279081607,2.531221085,2.312471454,87.44965947,2.225684812,1.140792034,1.617562529,1.23241962,49.13675114
1695,L_TO,Transformer,2022-09-01,2024-09-01,46,1.045099377,1.038934613,1.070334505,1.042953229,689718.0058,0.914194348,0.92890339,0.91464866,0.914588931,654254.0934,2.184830958,2.201065227,2.195428107,2.181659657,75.07746972,1.183697868,1.071959246,1.30192321,1.162438511,41.52605297
1696,L_TO,Transformer,2022-09-01,2024-09-01,47,1.553189525,1.07733494,1.154916163,1.09108947,757215.4143,1.299614958,0.958644378,0.9805638,0.95623268,716042.8575,3.097405665,2.270634359,2.350814828,2.27952471,83.19632801,1.996918781,1.134663736,1.42887249,1.217867241,46.94897867
1697,L_TO,Transformer,2022-09-01,2024-09-01,48,0.600133609,0.787467788,0.604971158,0.666376601,829466.1019,0.49276284,0.737107878,0.525286751,0.597003766,781136.2891,1.198115908,1.75253189,1.282843807,1.436310398,91.43258202,0.844124036,0.637189448,0.757790669,0.72137226,51.89949253
1698,L_TO,Transformer,2022-09-01,2024-09-01,49,1.150933433,0.981709303,0.930729574,0.93077254,741536.1028,0.99228765,0.887707622,0.822650933,0.832361486,702500.4032,2.368532564,2.104589608,1.978190218,1.988232477,81.29876411,1.365339542,0.964582663,1.019005741,0.967142083,45.37767773
1699,L_TO,Transformer,2022-09-01,2024-09-01,50,1.435859907,1.075017814,1.212274202,1.072601217,693771.0449,1.186274682,0.95525502,1.014921011,0.936551501,657872.9685,2.826598412,2.262741676,2.432255201,2.233325137,75.57113007,1.898913127,1.137121637,1.553047716,1.212032164,41.91662239
1700,L_TO,Transformer,2023-05-01,2025-05-01,1,4.165572295,4.803917297,4.527452026,4.468563372,875275.0971,3.710173104,4.391457314,4.138430783,4.029830531,696414.8098,7.20522933,8.429599298,8.124478774,7.786054596,42.78697807,3.445314077,3.443222918,3.301344698,3.452611763,37.18718247
1701,L_TO,Transformer,2023-05-01,2025-05-01,2,4.443160484,4.910649842,4.925464797,4.683965868,876108.2524,3.910512483,4.474505475,4.457295224,4.197160025,694900.9928,7.583181012,8.58527257,8.738128737,8.102762459,42.27267272,3.839486403,3.579166323,3.774049047,3.721166806,36.33815669
1702,L_TO,Transformer,2023-05-01,2025-05-01,3,5.334932839,5.149697931,5.674193844,5.009455594,874097.8297,4.666077586,4.678564903,5.102247923,4.475535246,692594.4083,9.04184653,8.973253043,9.994269908,8.636923908,41.88177735,4.71185391,3.809862498,4.477145676,4.02882207,35.57757619
1703,L_TO,Transformer,2023-05-01,2025-05-01,4,5.018046131,4.905412548,5.287661144,4.679729683,877130.0006,4.413469238,4.470941741,4.780731263,4.197586452,696235.4765,8.557604602,8.578705203,9.370782765,8.104523348,42.51624495,4.349039873,3.571121632,4.06910922,3.702516868,36.79864511
1704,L_TO,Transformer,2023-05-01,2025-05-01,5,5.199306081,5.215324909,5.498770123,5.011721287,891914.587,4.580640326,4.739898047,4.968160734,4.486998701,677387.684,8.883475294,9.091272954,9.737282749,8.661202881,37.33200455,4.475378553,3.851107048,4.243530705,3.99411375,29.0542553
1705,L_TO,Transformer,2023-05-01,2025-05-01,6,3.291190792,4.570608727,3.949849973,4.115685562,877066.4355,2.891372858,4.170763226,3.580027154,3.691090991,689857.3923,5.607836965,8.004515171,7.022373253,7.127547538,41.2280599,2.866980971,3.305150236,3.013947236,3.260471108,34.92631618
1706,L_TO,Transformer,2023-05-01,2025-05-01,7,4.967821035,5.016714088,5.342427557,4.781013232,876865.7593,4.40654718,4.580278308,4.859224482,4.307368642,697147.5809,8.552651421,8.790339933,9.531890477,8.320832085,42.80388417,4.176374418,3.62086364,3.994320349,3.710095768,37.27314409
1707,L_TO,Transformer,2023-05-01,2025-05-01,8,4.254248961,4.950329112,4.713738825,4.592485143,897862.1942,3.744013517,4.501848736,4.262825675,4.109527783,677263.0166,7.260426829,8.635588327,8.356519324,7.932449411,36.77674681,3.67596345,3.643041579,3.623647335,3.668919677,28.293944
1708,L_TO,Transformer,2023-05-01,2025-05-01,9,5.019247407,5.167271768,5.252343999,4.872566748,890664.6862,4.419768725,4.69700716,4.746524873,4.362457827,679970.3394,8.570981181,9.009230324,9.303227662,8.420897404,37.8907179,4.328334734,3.812226219,4.049222228,3.883214553,29.82274616
1709,L_TO,Transformer,2023-05-01,2025-05-01,10,3.619182746,4.674322544,4.336762591,4.289740996,885536.2825,3.158163535,4.260710442,3.912676726,3.83992942,699529.5849,6.119543231,8.17574651,7.668749655,7.412780366,42.58967009,3.223173103,3.400497707,3.37521984,3.425711285,37.41033991
1710,L_TO,Transformer,2023-05-01,2025-05-01,11,5.398405857,5.258258894,5.719055636,5.079436032,890413.7373,4.753097706,4.777774178,5.161457688,4.546291552,681254.0919,9.217339136,9.163624489,10.11475658,8.775331138,38.13370972,4.656733019,3.887532812,4.436718642,4.052964556,30.14773926
1711,L_TO,Transformer,2023-05-01,2025-05-01,12,5.271143498,4.978723668,5.45341809,4.844138189,882417.4446,4.650468846,4.541019148,4.937789972,4.351301859,696148.0132,9.020382112,8.713904314,9.680385619,8.40263031,42.1034717,4.51710543,3.611515104,4.167643092,3.80861523,36.44306876
1712,L_TO,Transformer,2023-05-01,2025-05-01,13,3.921748994,4.585471458,4.460724884,4.170709804,877709.0485,3.517660562,4.206914991,4.094340665,3.779796165,699472.5518,6.838225571,8.079646002,8.042867574,7.308233951,43.26688267,3.155758111,3.223910426,3.182083217,3.152475868,38.03482541
1713,L_TO,Transformer,2023-05-01,2025-05-01,14,4.914196201,5.071134762,5.342625205,4.870805191,905675.5106,4.325243788,4.608504159,4.823225166,4.356659448,679371.7506,8.387245979,8.83929062,9.452342262,8.408758861,36.6063494,4.244539299,3.745334581,4.138255075,3.897619167,28.33022334
1714,L_TO,Transformer,2023-05-01,2025-05-01,15,5.047653056,5.169286864,5.439238995,4.937218383,895816.5276,4.440207452,4.697679616,4.910757082,4.418102832,679847.7113,8.60962505,9.010244695,9.62392302,8.527765261,37.4433889,4.368507576,3.818351035,4.211910113,3.942999906,29.26259448
1715,L_TO,Transformer,2023-05-01,2025-05-01,16,4.693621984,5.084654093,5.110841516,4.771965183,885326.9256,4.131807127,4.624199747,4.620121067,4.273246947,680494.4864,8.012363141,8.870200607,9.055946949,8.248977679,38.49942297,4.051328474,3.74162528,3.93437861,3.799952291,30.72091187
1716,L_TO,Transformer,2023-05-01,2025-05-01,17,5.213914751,5.140412554,5.573209285,4.963701967,887014.374,4.591510105,4.673657177,5.033211263,4.444294324,679418.9918,8.904121151,8.964723331,9.864239787,8.57886661,38.15312524,4.494805799,3.787927664,4.309867703,3.954742958,30.22046016
1717,L_TO,Transformer,2023-05-01,2025-05-01,18,4.116814438,4.90378714,4.808420545,4.504687263,881142.2163,3.615361777,4.46404913,4.346014236,4.03392865,687183.4663,7.009373683,8.564212169,8.518804692,7.787301347,40.44544265,3.584420268,3.590571876,3.705712224,3.588242461,33.99421871
1718,L_TO,Transformer,2023-05-01,2025-05-01,19,4.555126567,5.03532705,4.967150196,4.712671821,889586.1116,4.009825401,4.579429017,4.491234594,4.219191723,680299.7003,7.775861398,8.784383271,8.803695129,8.144465538,38.02094155,3.93221454,3.704841383,3.82023896,3.756598766,29.96243726
1719,L_TO,Transformer,2023-05-01,2025-05-01,20,5.012856381,5.030779773,5.265369478,4.784024261,882865.537,4.41120039,4.577367717,4.758254175,4.284930962,682907.8943,8.553714855,8.780926102,9.326192126,8.271706961,39.2781003,4.333366819,3.693207714,4.059515433,3.806372224,31.983517
1720,L_TO,Transformer,2023-05-01,2025-05-01,21,3.874705793,4.813004709,4.426259731,4.424601095,886552.0612,3.407245988,4.381471303,4.005314978,3.961869085,678938.5165,6.607284751,8.405928007,7.852975431,7.648261559,38.04605875,3.358828866,3.523449821,3.39538013,3.526121225,29.98526908
1721,L_TO,Transformer,2023-05-01,2025-05-01,22,3.270532041,4.262780904,3.795025893,3.562703425,862609.8431,3.009456566,3.941988131,3.542317639,3.275340666,701514.3578,5.876607418,7.580507951,6.982572578,6.349511983,45.28618156,2.334874794,2.858570331,2.457890328,2.50872495,40.54232146
1722,L_TO,Transformer,2023-05-01,2025-05-01,23,3.833876939,4.749316491,4.37666369,4.323666948,891982.7455,3.374104925,4.324930971,3.963435788,3.872218726,680322.9915,6.543694365,8.297885252,7.771727268,7.47553669,37.80500277,3.31417072,3.470929985,3.345710637,3.443671458,29.67003894
1723,L_TO,Transformer,2023-05-01,2025-05-01,24,5.23484882,5.077755862,5.610366913,4.844562786,882625.996,4.602789831,4.618558927,5.062041918,4.337810908,684713.8961,8.924428536,8.859523848,9.919601669,8.373427291,39.55259755,4.538565157,3.734210635,4.357875142,3.85954563,32.24111212
1724,L_TO,Transformer,2023-05-01,2025-05-01,25,5.075875307,5.106371209,5.497425168,4.932005546,880258.7638,4.462453304,4.644903934,4.96161187,4.416028801,687620.1671,8.652191327,8.910114732,9.723164777,8.524342222,40.54913992,4.402262548,3.754028056,4.263834682,3.929215147,34.03185279
1725,L_TO,Transformer,2023-05-01,2025-05-01,26,5.114096013,4.917867834,5.100504943,4.627641972,874382.7626,4.546257183,4.494679827,4.65011497,4.176807205,694916.5576,8.826074969,8.62736166,9.124700781,8.070648599,42.44037135,4.261157695,3.529469184,3.76769386,3.561495662,36.54348839
1726,L_TO,Transformer,2023-05-01,2025-05-01,27,4.267487827,5.033290342,4.889348955,4.701671521,895100.94,3.741384427,4.571943451,4.411571606,4.201625926,675877.7987,7.252242583,8.768699758,8.645409824,8.108846097,36.77448102,3.736333436,3.725778138,3.798040558,3.776723722,28.30751274
1727,L_TO,Transformer,2023-05-01,2025-05-01,28,4.470156549,4.88638628,5.200871146,4.704341337,875801.7304,3.985493579,4.466001049,4.741226822,4.242276768,697139.3391,7.740518707,8.572365654,9.303293404,8.19613822,42.88982853,3.682295143,3.506383538,3.842826736,3.634744872,37.36816028
1728,L_TO,Transformer,2023-05-01,2025-05-01,29,4.135564857,4.913198131,4.776931415,4.555451319,883344.5832,3.639704727,4.472166345,4.322453065,4.080776829,681651.5659,7.058312866,8.57966697,8.473899413,7.877989358,38.91436346,3.573424471,3.599314207,3.661963144,3.623196249,31.33231558
1729,L_TO,Transformer,2023-05-01,2025-05-01,30,3.766148654,4.670911529,4.349295256,4.30192195,877076.6068,3.329202704,4.268630889,3.95625488,3.871231396,697925.0213,6.460182895,8.193699628,7.762227054,7.477945829,42.90717813,3.206907416,3.353022507,3.25427423,3.357733767,37.42180146
1730,L_TO,Transformer,2023-05-01,2025-05-01,31,5.137104254,5.039515057,5.382595842,4.85585031,884553.2512,4.523029554,4.584522524,4.863318865,4.348660787,680764.2212,8.771120092,8.794460001,9.531857747,8.39454396,38.63981868,4.431821275,3.702717441,4.153337398,3.865494784,30.93480153
1731,L_TO,Transformer,2023-05-01,2025-05-01,32,4.077945577,4.68971021,4.605126867,4.388486324,876346.2269,3.582800148,4.279029387,4.168302044,3.935437005,695607.93,6.946637694,8.211927708,8.172275961,7.598567208,42.4687522,3.547493588,3.394229551,3.527288497,3.476882964,36.73089095
1732,L_TO,Transformer,2023-05-01,2025-05-01,33,4.616735891,5.078908251,5.305105338,4.770066124,889927.9893,4.047563013,4.610031914,4.784848884,4.258465168,670677.3584,7.845492016,8.840938184,9.376092832,8.217547391,36.28204741,4.041349797,3.772731025,4.126864546,3.846963591,27.55732457
1733,L_TO,Transformer,2023-05-01,2025-05-01,34,4.256409275,4.838048234,4.778671144,4.542854769,880989.5263,3.723928798,4.403646636,4.308849672,4.061580351,692663.483,7.216682798,8.448275732,8.443516552,7.839144693,41.48331082,3.753415466,3.544423204,3.723802989,3.642820243,35.47821102
1734,L_TO,Transformer,2023-05-01,2025-05-01,35,4.965544309,5.067035062,5.293498302,4.850218827,882441.639,4.365321154,4.608797072,4.780653889,4.342291005,682800.9487,8.463815852,8.840802543,9.369338468,8.381932891,39.30725343,4.307655507,3.726374051,4.093502252,3.866327407,32.03384045
1735,L_TO,Transformer,2023-05-01,2025-05-01,36,4.831376735,4.982244208,5.070403751,4.684423462,881501.9452,4.266389235,4.541863355,4.599430287,4.207324501,692548.5047,8.276273608,8.714952802,9.019374457,8.12464647,41.43841625,4.125361601,3.623161644,3.840128957,3.684670955,35.41840404
1736,L_TO,Transformer,2023-05-01,2025-05-01,37,3.768694491,4.464582917,4.212718506,3.992658008,869456.7801,3.476944669,4.129276334,3.940432128,3.672639721,701285.4824,6.78958659,7.940293632,7.766638062,7.117199936,44.58689885,2.649872445,2.993606962,2.679591548,2.795744371,39.77166652
1737,L_TO,Transformer,2023-05-01,2025-05-01,38,3.826061353,4.840305043,4.441349451,4.386398435,884399.4905,3.365301177,4.406806992,4.020469691,3.929042655,681087.3813,6.526213961,8.454610372,7.883008199,7.585267802,38.65207685,3.314128392,3.541635874,3.400735733,3.490788419,30.88201162
1738,L_TO,Transformer,2023-05-01,2025-05-01,39,5.497076671,5.249117037,5.786329042,5.112153489,894631.3704,4.839900526,4.768252979,5.220628567,4.574099538,677625.8692,9.385690257,9.14508388,10.23035601,8.828664722,37.15779889,4.74206124,3.885540097,4.49521532,4.084565835,28.86354437
1739,L_TO,Transformer,2023-05-01,2025-05-01,40,4.885385384,4.765410337,5.14331884,4.465398701,876711.2757,4.332457273,4.358879645,4.680715616,4.028792083,697535.2526,8.408647905,8.367768705,9.18252644,7.784476756,42.83507397,4.109423169,3.40544309,3.83425307,3.444058682,37.28457759
1740,L_TO,Transformer,2023-05-01,2025-05-01,41,4.452700174,4.935275115,4.913847212,4.588659296,881314.7844,3.91487668,4.492895317,4.443159304,4.110410663,687204.2068,7.590736898,8.61956253,8.709537259,7.935123419,40.40403689,3.860621974,3.613008758,3.779015582,3.649894145,33.8756837
1741,L_TO,Transformer,2023-05-01,2025-05-01,42,4.673176041,5.012025409,5.140825461,4.713408399,898969.3974,4.106849837,4.555738885,4.64108773,4.21557068,679238.2649,7.962456998,8.738368843,9.095528548,8.136510241,37.07599092,4.057811833,3.697647949,3.982115388,3.773299855,28.79847648
1742,L_TO,Transformer,2023-05-01,2025-05-01,43,4.620667989,4.782400064,5.113233146,4.564404706,872122.5768,4.152669381,4.384514278,4.685449235,4.137068821,695787.9913,8.073304996,8.419640657,9.200424909,7.998299768,42.81299227,3.683004989,3.374713762,3.676299391,3.444274137,36.97207078
1743,L_TO,Transformer,2023-05-01,2025-05-01,44,4.814799308,4.923339045,5.077391524,4.679203335,881422.501,4.251861043,4.491160365,4.607975823,4.205041374,694742.3063,8.248145589,8.618448788,9.036674764,8.120780805,41.91088896,4.112678751,3.568496266,3.837273611,3.672046132,36.13861203
1744,L_TO,Transformer,2023-05-01,2025-05-01,45,4.253252927,4.600423148,4.446156806,4.26657257,866379.5942,3.807126378,4.21583045,4.077060081,3.859917686,695807.5615,7.398051672,8.09555355,8.007968469,7.461313795,43.2541123,3.447442579,3.253234459,3.188312829,3.249484789,37.3795069
1745,L_TO,Transformer,2023-05-01,2025-05-01,46,4.066061835,4.736467875,4.539170372,4.292280246,871131.6222,3.697930656,4.354771578,4.201773635,3.914506027,696999.1109,7.202347786,8.365930487,8.264519464,7.574982054,43.2189635,3.073147964,3.289314826,3.081259903,3.143005479,37.60215633
1746,L_TO,Transformer,2023-05-01,2025-05-01,47,4.930298551,5.039742919,5.41523975,4.802168484,883819.839,4.340776889,4.5846326,4.892356755,4.300739656,679268.026,8.4176618,8.794651252,9.58865958,8.302118497,38.47065321,4.25376232,3.703228723,4.180174306,3.822276855,30.74567505
1747,L_TO,Transformer,2023-05-01,2025-05-01,48,4.902794475,5.039379281,5.168973394,4.776088435,882688.232,4.317244946,4.58508804,4.673782565,4.2783791,679845.9537,8.372183402,8.795715256,9.161349807,8.259207716,38.74103558,4.227590394,3.699774828,3.974533858,3.797787979,31.21961536
1748,L_TO,Transformer,2023-05-01,2025-05-01,49,4.783119558,5.094413065,5.136088823,4.803569844,886953.2652,4.211169745,4.633036424,4.643271,4.301749718,680887.9395,8.166342638,8.887125136,9.101363558,8.304004211,38.41807755,4.127012042,3.74914495,3.952596315,3.82444099,30.60328941
1749,L_TO,Transformer,2023-05-01,2025-05-01,50,5.158035078,5.107351821,5.577692215,4.873548891,882330.4545,4.542330759,4.645485898,5.03749394,4.365266838,681902.0664,8.808750007,8.911162609,9.87269031,8.426760509,39.11372778,4.44643774,3.755906379,4.312363434,3.876685525,31.70480508
1750,L_TO,Transformer,2024-01-01,2026-01-01,1,2.294472115,0.992576126,2.276260833,1.153239532,799721.7246,2.194308936,0.846309284,2.161894367,1.041708257,528411.2422,3.563878679,1.358667202,3.535626175,1.687462709,51.98209317,1.071665281,0.822142263,1.148074005,0.791134857,106.8273768
1751,L_TO,Transformer,2024-01-01,2026-01-01,2,1.222219208,0.856131322,1.586022696,0.847624276,797341.1832,1.050856689,0.652967257,1.477598444,0.712042362,528047.0595,1.701707564,1.046843372,2.414076742,1.151876889,53.29497499,0.997345584,0.87985349,0.926221215,0.735003102,110.8513385
1752,L_TO,Transformer,2024-01-01,2026-01-01,3,1.273963984,0.835430927,1.315909273,0.703067934,810369.1961,1.104829741,0.611871287,1.168684326,0.536165216,533913.6038,1.789485459,0.980606883,1.907806941,0.86718327,50.26319893,1.01306175,0.904526959,0.975307706,0.727504803,101.1022591
1753,L_TO,Transformer,2024-01-01,2026-01-01,4,1.147967595,0.806023946,1.184385742,0.677728484,802601.3298,0.95001648,0.575878795,1.015071887,0.511281749,527466.3853,1.53766396,0.92287087,1.65629096,0.827256404,50.35416995,1.031145732,0.897035045,0.98548504,0.712089766,102.045071
1754,L_TO,Transformer,2024-01-01,2026-01-01,5,1.307045663,0.857738008,1.584097702,0.794998489,797497.3631,1.160408891,0.657886384,1.475707459,0.652195516,526385.7179,1.88012061,1.054787768,2.410984914,1.05484104,52.18105152,0.959289251,0.874433442,0.925486271,0.726661117,107.6636957
1755,L_TO,Transformer,2024-01-01,2026-01-01,6,1.878654542,0.922281523,1.938152109,0.892228276,799460.8765,1.787729911,0.75449415,1.836015842,0.762330388,527571.1294,2.901758446,1.210562492,3.001533956,1.233496825,51.70368044,0.917303407,0.841570996,0.997856563,0.740961466,106.0740316
1756,L_TO,Transformer,2024-01-01,2026-01-01,7,1.217114284,0.773720263,1.266726249,0.656178102,801778.8169,1.041698334,0.557024527,1.117962821,0.48853666,528649.0898,1.686773772,0.893156389,1.824727694,0.790963536,51.14499009,1.006136333,0.85394587,0.960819267,0.702074606,104.27711
1757,L_TO,Transformer,2024-01-01,2026-01-01,8,1.506017552,0.837190579,1.455646635,0.744009181,802664.9125,1.395434355,0.626404665,1.337292443,0.593079817,528627.8713,2.262883415,1.004071057,2.184142738,0.959131938,50.84000924,0.900166934,0.882924246,0.92492501,0.718343244,103.3775921
1758,L_TO,Transformer,2024-01-01,2026-01-01,9,1.052332091,0.758441102,1.066685053,0.662180327,798846.6838,0.828852917,0.585502164,0.867280757,0.538817757,530390.0232,1.340852251,0.940116789,1.414456505,0.874256197,53.82476048,1.038536934,0.766060818,1.004372134,0.618486783,112.1422673
1759,L_TO,Transformer,2024-01-01,2026-01-01,10,1.548050098,0.801199463,1.667110106,0.764982415,798345.2785,1.441306132,0.578257163,1.561657951,0.618396232,528634.8188,2.337568803,0.926744983,2.551815831,1.000129674,52.88419391,0.89739742,0.881925049,0.93750738,0.720007194,109.5092351
1760,L_TO,Transformer,2024-01-01,2026-01-01,11,1.421854877,0.795306228,1.930107026,0.78654431,794913.2172,1.297942897,0.565219056,1.827890222,0.641310878,527407.0041,2.104104848,0.905913096,2.988222746,1.03717945,56.22732345,0.923657538,0.889986479,0.996154262,0.727961847,119.7092461
1761,L_TO,Transformer,2024-01-01,2026-01-01,12,0.964198111,0.76672539,0.947414651,0.717923916,801162.0217,0.698800844,0.61245296,0.707980648,0.622358056,528504.1119,1.13043674,0.984133824,1.15481796,1.010826494,51.38562579,1.066019387,0.733053491,1.019535894,0.57660504,105.0138222
1762,L_TO,Transformer,2024-01-01,2026-01-01,13,1.384961894,0.822277555,1.757352471,0.805096594,797832.7762,1.25715644,0.60360759,1.649464119,0.666934425,529873.7091,2.037674357,0.967379803,2.695611325,1.078842189,54.37727682,0.925279756,0.887903439,0.974742601,0.720930119,113.9511952
1763,L_TO,Transformer,2024-01-01,2026-01-01,14,1.193043641,0.805866657,1.172591274,0.650757834,801824.5126,1.010275798,0.582064344,1.004658387,0.481107103,528832.7961,1.63563973,0.932816464,1.639268668,0.779349398,51.23663881,1.014769216,0.886357331,0.97644207,0.703072934,104.5327801
1764,L_TO,Transformer,2024-01-01,2026-01-01,15,1.481666703,0.777153703,1.350480062,0.687326309,795697.7846,1.368172499,0.553794279,1.218647737,0.53551476,526737.6405,2.218480765,0.887765035,1.989662295,0.866404994,54.08334299,0.904343786,0.867201217,0.937543069,0.689327633,113.4218795
1765,L_TO,Transformer,2024-01-01,2026-01-01,16,1.375379627,0.789889987,1.152124879,0.673656966,795966.9646,1.247493938,0.57018912,0.984780622,0.521793301,527450.4463,2.021956166,0.913911859,1.606704522,0.844396346,54.83364326,0.922667986,0.869241437,0.96564776,0.68199552,115.6623648
1766,L_TO,Transformer,2024-01-01,2026-01-01,17,2.136758392,0.96494806,1.821124179,0.95395564,805015.7581,2.04194661,0.813771479,1.718984131,0.833769421,530349.0984,3.315770838,1.306215071,2.809703134,1.349602933,50.63966017,1.003686164,0.82218374,0.966127082,0.740524293,102.5828095
1767,L_TO,Transformer,2024-01-01,2026-01-01,18,0.940237998,0.760184777,1.037986053,0.666283312,796741.1835,0.703256318,0.576668836,0.823668538,0.546215228,526123.2829,1.138516692,0.925580022,1.3431967,0.886200769,52.41587818,1.001261065,0.787109806,1.022164409,0.612846773,108.3890676
1768,L_TO,Transformer,2024-01-01,2026-01-01,19,1.435247039,0.791134442,1.389221266,0.67466153,799256.3525,1.314312718,0.565428111,1.261989332,0.516168352,528521.4043,2.130735379,0.906235519,2.060698831,0.835226716,52.27986725,0.91739049,0.880073801,0.935163355,0.695305773,107.7029971
1769,L_TO,Transformer,2024-01-01,2026-01-01,20,1.143022864,0.829089413,1.233694034,0.723934269,795819.7809,0.959050104,0.631280318,1.083435118,0.58907662,527595.9101,1.552384661,1.012072223,1.768051387,0.95324414,54.99059498,0.994618043,0.854139087,0.952094542,0.672678379,116.116245
1770,L_TO,Transformer,2024-01-01,2026-01-01,21,1.433216155,0.806577197,1.424634638,0.693125028,804102.4903,1.31105978,0.58027467,1.30167013,0.534109416,529691.8552,2.125432758,0.929936047,2.125751388,0.863979416,50.7062246,0.921099277,0.891002932,0.9318375,0.706637763,102.8563255
1771,L_TO,Transformer,2024-01-01,2026-01-01,22,1.725487207,0.772534116,1.584319935,0.662105159,806011.328,1.630767418,0.558618868,1.475575317,0.496218187,531180.9916,2.646118664,0.895791617,2.410752058,0.803156367,50.63665015,0.894970016,0.848522455,0.927042959,0.702123653,102.4889546
1772,L_TO,Transformer,2024-01-01,2026-01-01,23,1.586701963,0.837988827,1.46732213,0.738141597,797771.66,1.483551575,0.627532187,1.34981573,0.586769652,527010.0951,2.406372152,1.005886606,2.204658247,0.948942662,52.31355324,0.893669828,0.882799306,0.925500512,0.716115024,107.9837697
1773,L_TO,Transformer,2024-01-01,2026-01-01,24,1.409973565,0.888713203,1.749248872,0.902108227,799476.7504,1.285694964,0.710147818,1.641748766,0.769826563,530282.9887,2.084125514,1.139067887,2.68296393,1.245688102,53.2408454,0.921462062,0.848315645,0.970546719,0.752223581,110.4200262
1774,L_TO,Transformer,2024-01-01,2026-01-01,25,1.541670635,0.916138692,1.676999143,0.826139971,807563.302,1.432815905,0.742662183,1.572805028,0.686372213,532268.1892,2.32369156,1.191440295,2.570112701,1.110208463,50.56791677,0.903845221,0.851321145,0.934597382,0.734814364,102.1866057
1775,L_TO,Transformer,2024-01-01,2026-01-01,26,1.548800347,0.825244708,1.496367251,0.723108787,799729.5222,1.442296057,0.607787502,1.38133342,0.569294779,527538.2558,2.339185407,0.974100505,2.256301662,0.920701734,51.58324381,0.896538469,0.887609347,0.92527543,0.713024186,105.7120299
1776,L_TO,Transformer,2024-01-01,2026-01-01,27,1.02956019,0.77132289,1.223294823,0.6732296,808498.6837,0.761771119,0.583428164,1.057103763,0.543568357,532913.9341,1.232117424,0.936309918,1.725032155,0.881462199,50.47861419,1.110947601,0.801724455,0.994021437,0.637278184,101.8430869
1777,L_TO,Transformer,2024-01-01,2026-01-01,28,1.316395714,0.821990736,1.323612091,0.704329437,801928.7012,1.170564067,0.601198421,1.18510748,0.545852781,528923.7647,1.896623457,0.963500235,1.934733384,0.882868913,51.21979419,0.960308275,0.89139193,0.950059918,0.711958196,104.4718063
1778,L_TO,Transformer,2024-01-01,2026-01-01,29,1.513972607,0.818189091,1.722418255,0.739365327,806738.8917,1.40375014,0.595006153,1.619502831,0.584006369,530358.173,2.276409627,0.953552406,2.646655335,0.944394963,50.10067234,0.901105631,0.893108128,0.941999193,0.725167339,100.9690227
1779,L_TO,Transformer,2024-01-01,2026-01-01,30,1.403776843,0.792017997,1.406437395,0.682758666,812789.2243,1.267520078,0.567999263,1.274801182,0.507028917,534779.8682,2.054399049,0.910596509,2.081698627,0.820362421,49.94226287,0.960745258,0.87781875,0.956675253,0.732181704,100.0996788
1780,L_TO,Transformer,2024-01-01,2026-01-01,31,0.949482158,0.78511885,1.330385614,0.654156288,802817.3608,0.696130838,0.557491404,1.193884739,0.485182406,529567.0125,1.126580546,0.893573889,1.949130286,0.785627932,51.16572364,1.036129102,0.879351536,0.945929451,0.703413688,104.2412227
1781,L_TO,Transformer,2024-01-01,2026-01-01,32,1.375260132,0.835210953,1.393392928,0.70365438,803475.3021,1.242393382,0.620468162,1.265839045,0.544668266,529992.429,2.013604538,0.994494817,2.067035063,0.880942277,51.08699002,0.939223368,0.888863055,0.937717712,0.712580504,103.9604486
1782,L_TO,Transformer,2024-01-01,2026-01-01,33,1.43218882,0.837915783,1.458171865,0.724449127,799768.4142,1.311501925,0.628071719,1.340011016,0.5707048,527947.7056,2.126190534,1.006761228,2.188601656,0.922969486,51.72929983,0.915402789,0.881634849,0.92500656,0.713632859,106.1138795
1783,L_TO,Transformer,2024-01-01,2026-01-01,34,0.98491376,0.808783573,0.90773069,1.030372188,806494.937,0.719049619,0.683249277,0.671981193,0.91157829,531773.2439,1.162967218,1.099576284,1.097111512,1.483304509,50.70746465,1.079813019,0.689529403,0.988783826,0.783497867,102.6410745
1784,L_TO,Transformer,2024-01-01,2026-01-01,35,1.307113658,0.86289636,1.49536303,0.796550253,797877.991,1.160094053,0.664694767,1.381139812,0.653665196,527331.4784,1.879618259,1.065751373,2.256037446,1.057210607,52.53422293,0.960504953,0.874180135,0.92169726,0.72761877,108.6325175
1785,L_TO,Transformer,2024-01-01,2026-01-01,36,1.768927358,0.82732031,1.556493628,0.688763197,802347.94,1.675759966,0.610904993,1.445939972,0.531145258,529069.5386,2.719399093,0.97911792,2.362178256,0.85923265,51.10894649,0.899382815,0.887043012,0.926110886,0.701449904,104.1294191
1786,L_TO,Transformer,2024-01-01,2026-01-01,37,1.342427757,0.765778227,1.418836163,0.683596019,791023.7172,1.207630014,0.56702088,1.297037776,0.52938296,521097.9885,1.957048456,0.90967498,2.118148076,0.856463378,54.97424164,0.934196421,0.818133129,0.925675986,0.691923347,116.7835805
1787,L_TO,Transformer,2024-01-01,2026-01-01,38,1.938244606,0.897308416,1.905810612,1.015225979,797122.6325,1.844735104,0.72331383,1.80059809,0.898936447,529620.1119,2.994645944,1.16031131,2.943446921,1.455585355,56.33339109,0.946626978,0.842823198,1.00428338,0.754221386,119.7953005
1788,L_TO,Transformer,2024-01-01,2026-01-01,39,1.151368808,0.784115177,1.522143377,0.710227602,793665.969,0.968854698,0.556177866,1.407657027,0.564328375,525096.6591,1.568341929,0.891452687,2.299361217,0.912915036,55.49634584,0.994869975,0.879214664,0.931669751,0.68957689,117.8776921
1789,L_TO,Transformer,2024-01-01,2026-01-01,40,2.001963719,0.988187955,2.077945497,1.04099464,804339.5118,1.910749112,0.839538352,1.972963853,0.927493131,530487.9077,3.102048083,1.347723395,3.225964127,1.501832107,50.96993097,0.950193803,0.826327352,1.048813779,0.754906732,103.5602227
1790,L_TO,Transformer,2024-01-01,2026-01-01,41,1.179913366,0.784111657,1.318645185,0.67565228,798006.5381,0.993553608,0.558100725,1.181197984,0.516910821,528836.9016,1.608452334,0.894585007,1.928353938,0.83636129,53.35436991,1.017916667,0.876045845,0.944708548,0.696241804,110.9082682
1791,L_TO,Transformer,2024-01-01,2026-01-01,42,1.772672703,0.939166952,1.57597751,0.845941725,800412.5201,1.67989307,0.778317507,1.467145047,0.710751474,528191.928,2.726146889,1.249000651,2.396949226,1.149798105,51.55082454,0.898556387,0.833666438,0.924945813,0.733257431,105.5490487
1792,L_TO,Transformer,2024-01-01,2026-01-01,43,2.232157913,0.946261403,1.880182388,0.949812307,803768.1768,2.134103043,0.789030051,1.7780647,0.829436007,529999.9921,3.465866968,1.266297568,2.906547213,1.342564869,50.94971775,1.044995033,0.828383072,0.982213806,0.739332153,103.5486648
1793,L_TO,Transformer,2024-01-01,2026-01-01,44,1.040309922,0.800307206,1.08635488,0.653881198,805666.8544,0.799302187,0.573118645,0.887295398,0.482763459,530493.6866,1.292939143,0.918479598,1.447237026,0.782022186,50.48090535,1.067117645,0.888458342,1.013627698,0.707578353,102.0939716
1794,L_TO,Transformer,2024-01-01,2026-01-01,45,1.409882513,0.809471857,1.35230773,0.680774768,796750.4046,1.28459989,0.581406159,1.220227687,0.520586264,526894.9592,2.082373624,0.931711816,1.992347537,0.842215483,52.91827548,0.924621839,0.895824957,0.938941628,0.701876638,109.8314839
1795,L_TO,Transformer,2024-01-01,2026-01-01,46,1.012605693,0.770966502,1.127271251,0.672053239,806537.9309,0.752615322,0.561863109,0.942604399,0.547856998,530958.0556,1.21724873,0.901147427,1.537727361,0.888623762,50.36071125,1.086498081,0.83937783,0.999135865,0.624786164,101.6841501
1796,L_TO,Transformer,2024-01-01,2026-01-01,47,1.110617609,0.76816821,1.374825791,0.658996608,804466.686,0.902437464,0.567904673,1.245423172,0.513994002,529742.5918,1.460399355,0.91105965,2.033586319,0.833190156,50.59014247,1.036106791,0.822250015,0.937731643,0.66169251,102.4984995
1797,L_TO,Transformer,2024-01-01,2026-01-01,48,1.593251738,0.877043982,1.593763745,0.798518496,800109.7622,1.490944479,0.689213899,1.485807285,0.65728627,528060.2733,2.418422526,1.105288036,2.427530205,1.063115353,51.63616456,0.89193146,0.861367559,0.926606092,0.724782148,105.823413
1798,L_TO,Transformer,2024-01-01,2026-01-01,49,1.037431711,0.773116691,0.954068443,0.835490386,811824.03,0.791556806,0.620347122,0.709430427,0.734136277,534670.8261,1.2803835,0.996921566,1.157235743,1.193628617,50.10243398,1.074892891,0.733319175,1.033156903,0.646713029,100.5503213
1799,L_TO,Transformer,2024-01-01,2026-01-01,50,1.19010844,0.804709423,1.27840383,0.729099491,795851.9643,1.013847139,0.586508546,1.133922929,0.584632526,527106.8117,1.641479085,0.940001624,1.850815124,0.945696107,54.0915354,0.996418648,0.876088156,0.952150767,0.696457241,113.3609715
1800,USO,Transformer,2022-01-01,2024-01-01,1,2.581851011,2.572266717,2.456958924,2.370173224,1948416.321,2.034434403,1.888492128,1.85678648,1.79231564,1376157.521,3.017695487,2.78691361,2.794536469,2.672298044,30.07802781,2.450124296,2.662117952,2.500221513,2.396385801,32.08728137
1801,USO,Transformer,2022-01-01,2024-01-01,2,3.605789898,3.924890485,3.539649518,3.744120122,1958571.619,3.011298245,3.245007709,2.978643936,3.15284997,1385472.033,4.465592588,4.77403419,4.471996209,4.694141054,30.14903344,3.065072614,3.382166133,2.997657606,3.130183297,31.86578448
1802,USO,Transformer,2022-01-01,2024-01-01,3,2.338003215,2.602522206,2.303377215,2.40660237,1974544.842,1.844390557,1.904253141,1.757503323,1.817105529,1399839.992,2.725614991,2.810596145,2.636721829,2.709239224,30.22759472,2.206313167,2.703500745,2.307628317,2.43768721,31.44570062
1803,USO,Transformer,2022-01-01,2024-01-01,4,3.765507333,3.653768139,3.608856482,3.4887547,1948483.597,3.143224938,2.960719549,3.018462966,2.881668804,1378758.578,4.661753511,4.360842193,4.532530206,4.29450805,30.83165478,3.203905569,3.283228868,3.099564444,3.050234142,34.82828679
1804,USO,Transformer,2022-01-01,2024-01-01,5,3.160449199,3.431961504,3.074024479,3.245182069,1970138.665,2.62217462,2.806138151,2.508319831,2.704442747,1398084.82,3.887405485,4.12885007,3.772287593,4.02685723,30.20235688,2.728343054,3.027717862,2.773270113,2.782875268,31.06720089
1805,USO,Transformer,2022-01-01,2024-01-01,6,2.329928432,2.356633739,2.389822547,2.213539153,1989304.615,1.84330365,1.726692271,1.854859208,1.732436812,1413842.544,2.72064221,2.541065681,2.780155371,2.572839819,30.3325668,2.180531475,2.439892343,2.334380566,2.132513604,30.99272882
1806,USO,Transformer,2022-01-01,2024-01-01,7,2.304621882,2.584795148,2.248050836,2.359603443,2011367.501,1.836295253,1.885275485,1.858388107,1.78508159,1434641.304,2.708268229,2.781964151,2.771770534,2.659295668,30.43163412,2.129997478,2.695620473,1.945112699,2.384837881,30.08309351
1807,USO,Transformer,2022-01-01,2024-01-01,8,2.514597922,2.612931401,2.384007416,2.440481361,1966592.973,1.98355455,1.920522876,1.813051898,1.841783395,1392847.517,2.939001529,2.83428226,2.72299665,2.747096366,30.18269858,2.38267991,2.703122951,2.401830437,2.474336343,31.62108274
1808,USO,Transformer,2022-01-01,2024-01-01,9,4.263002485,4.114821662,4.488500362,4.052387002,1964518.527,3.636450121,3.418631801,3.92764809,3.420983668,1390099.042,5.386328446,5.028329215,5.881622356,5.092768462,30.22598434,3.440312954,3.515377842,3.416939915,3.366180448,32.09951891
1809,USO,Transformer,2022-01-01,2024-01-01,10,4.146860789,4.068662496,4.230979178,4.070682986,1868930.848,3.544760342,3.384448596,3.689157859,3.464095032,1319350.497,5.248805966,4.976551146,5.526332183,5.153250379,30.17177442,3.320604772,3.4536643,3.250146993,3.305595605,33.90651342
1810,USO,Transformer,2022-01-01,2024-01-01,11,2.859435536,2.947181855,2.781873194,2.77527063,1964076.504,2.241566961,2.203274391,2.153330439,2.097121746,1390204.138,3.327598928,3.253238673,3.233747577,3.131555797,30.324313,2.736420406,2.992527232,2.740376607,2.806727719,32.57780357
1811,USO,Transformer,2022-01-01,2024-01-01,12,2.196587631,2.256398238,2.13977623,2.072266235,2018388.351,1.764011404,1.668659951,1.742167758,1.6176973,1442087.422,2.597133157,2.451383399,2.600134586,2.398243986,30.46982694,1.994078619,2.306339096,1.913997208,1.996664691,29.57063468
1812,USO,Transformer,2022-01-01,2024-01-01,13,2.773093114,3.308624786,2.797251152,3.102077818,1995558.929,2.184991731,2.656054361,2.200215238,2.522040378,1420615.703,3.244451429,3.912938608,3.310152103,3.760388929,30.35266746,2.630584344,3.026841845,2.69452631,2.801203722,30.56922906
1813,USO,Transformer,2022-01-01,2024-01-01,14,3.458167166,2.883909084,3.046264451,2.746888662,1934443.466,2.907389096,2.234493444,2.472851404,2.204092482,1364335.566,4.308561727,3.29419176,3.719695397,3.285127563,30.14596444,2.897538566,2.785572018,2.777806747,2.541838565,33.15273788
1814,USO,Transformer,2022-01-01,2024-01-01,15,5.074742097,5.340682527,5.209630627,5.326016556,2029239.402,4.418841642,4.567778435,4.635752994,4.612357049,1450911.201,6.531781168,6.699402215,6.930620231,6.848627997,30.65889212,3.833591119,4.206226625,3.716180682,4.085460685,30.24893132
1815,USO,Transformer,2022-01-01,2024-01-01,16,2.762599901,2.787102977,2.291800395,2.58652245,1971336.326,2.16524635,2.110442113,1.738410767,2.02577168,1398158.362,3.215435422,3.113563986,2.612353682,3.020093552,30.18412761,2.640556883,2.779739577,2.321919846,2.491811874,31.26473314
1816,USO,Transformer,2022-01-01,2024-01-01,17,2.183317634,2.3037711,2.138393979,2.10355424,1949204.109,1.744240308,1.714009469,1.710657144,1.641279965,1376825.63,2.56706052,2.518646798,2.555971363,2.434773984,30.07963732,1.996382653,2.341664264,1.984936805,2.031216263,32.08412124
1817,USO,Transformer,2022-01-01,2024-01-01,18,3.305387216,3.348796217,3.282602865,3.160573587,2016411.555,2.595648382,2.450657132,2.667924283,2.334262961,1444901.853,3.853080511,3.620005644,4.000652702,3.483833795,30.68105644,3.154022245,3.483716919,2.979957347,3.282417717,30.58559472
1818,USO,Transformer,2022-01-01,2024-01-01,19,2.987430788,2.744257592,3.242109175,2.727776801,1972187.952,2.518761686,2.288208285,2.653497858,2.278278314,1397994.382,3.687609489,3.342519606,3.937047546,3.368584668,30.37255878,2.362869943,2.281803373,2.760639603,2.277521166,32.26813843
1819,USO,Transformer,2022-01-01,2024-01-01,20,3.37145232,3.603609308,3.345062146,3.492062561,1943985.196,2.79156638,2.949885803,2.78801445,2.913539287,1371658.633,4.140884452,4.341991576,4.186911949,4.339561216,30.13502585,2.919984687,3.173787257,2.894460411,2.985632719,32.63109086
1820,USO,Transformer,2022-01-01,2024-01-01,21,2.334299869,2.430396946,2.087336598,2.174948419,2036973.9,1.856400611,1.80249833,1.638102246,1.651646149,1459811.15,2.746189333,2.654864078,2.449459251,2.457035603,30.65663505,2.178395851,2.482763184,2.004049925,2.182440086,29.28207092
1821,USO,Transformer,2022-01-01,2024-01-01,22,2.667671464,2.845130708,2.561342014,2.675998398,1980959.555,2.096350473,2.136884297,1.933242514,2.057336489,1404772.713,3.10976979,3.154147907,2.907494525,3.070307606,30.26713033,2.544969554,2.871973777,2.609229145,2.648097508,31.45344545
1822,USO,Transformer,2022-01-01,2024-01-01,23,3.108513471,3.572022853,2.811396905,3.48003032,1988507.122,2.484756554,2.901962786,2.204330199,2.891938513,1413265.119,3.690710316,4.273486546,3.316033487,4.30860466,30.32277924,2.877998499,3.194839327,2.721791156,3.003066968,30.92780431
1823,USO,Transformer,2022-01-01,2024-01-01,24,2.389424755,2.343666263,2.462246954,2.244224275,1966760.221,2.014735354,1.817025743,2.04251597,1.790573409,1392133.433,2.96175475,2.663718108,3.044504721,2.650744991,30.21358316,1.952066875,2.249386499,2.096873712,2.081670706,31.97999497
1824,USO,Transformer,2022-01-01,2024-01-01,25,2.464492673,2.352986537,2.292384887,2.196055164,1908211.551,1.930712598,1.729869453,1.803720338,1.704629187,1334411.225,2.858321035,2.544220236,2.701037512,2.531216235,30.51908123,2.356061458,2.425150603,2.188074139,2.139821085,37.16551337
1825,USO,Transformer,2022-01-01,2024-01-01,26,2.779366927,2.777548108,3.151743712,2.931926951,1994767.042,2.332543648,2.255218003,2.50424388,2.358047469,1418880.256,3.404068606,3.26429263,3.702772828,3.45588336,30.38568606,2.200379614,2.348063865,2.80384263,2.546398213,30.8440872
1826,USO,Transformer,2022-01-01,2024-01-01,27,2.464725668,2.577891208,2.464648561,2.378891329,1955671.344,1.947745357,1.894746419,1.864692344,1.7986399,1382412.569,2.885211535,2.795986744,2.805295259,2.681781887,30.13991123,2.327634259,2.665972758,2.503682869,2.40621121,31.97258682
1827,USO,Transformer,2022-01-01,2024-01-01,28,2.231630763,2.338463174,2.063446027,2.142055502,1984524.728,1.772952229,1.730934232,1.635158075,1.641615256,1410842.342,2.618466618,2.548691103,2.44294157,2.442175909,30.3022458,2.079555793,2.394525434,1.943029658,2.126308015,30.70216917
1828,USO,Transformer,2022-01-01,2024-01-01,29,6.381110248,6.211224875,6.952042708,6.272041733,1985440.385,5.421127933,5.192532972,6.022486245,5.330728116,1410915.294,8.022419601,7.626111967,9.012324181,7.92189406,30.29575049,5.189078813,5.210637781,5.422138452,5.095793004,31.62354757
1829,USO,Transformer,2022-01-01,2024-01-01,30,3.251111432,3.497182921,2.993715623,3.350713772,1971927.66,2.645310007,2.830705952,2.387545327,2.766957295,1395666.859,3.926748617,4.168700979,3.592409983,4.122947026,30.22813268,2.919091533,3.149614865,2.821508728,2.931914326,31.93819632
1830,USO,Transformer,2022-01-01,2024-01-01,31,2.218869713,2.185940694,2.299443716,2.058703898,1957760.633,1.881630757,1.747377916,1.922714233,1.678198749,1383801.267,2.756565259,2.551289775,2.852052845,2.474991807,30.13360613,1.762347282,1.988830901,1.892907675,1.82048308,32.04464631
1831,USO,Transformer,2022-01-01,2024-01-01,32,2.129673042,2.228906248,2.13813968,2.071871404,1978025.285,1.78242693,1.648683463,1.753379839,1.622505072,1402333.105,2.615987345,2.423973301,2.612265801,2.409096295,30.26270243,1.763423178,2.280407208,1.868087598,1.993425408,31.50138303
1832,USO,Transformer,2022-01-01,2024-01-01,33,2.675797812,2.295968869,3.064484047,2.315033952,1988267.743,2.207219984,1.947635913,2.40844321,1.917802644,1412681.598,3.206033697,2.824554967,3.545009416,2.811603733,30.32302475,2.173949775,1.795465807,2.764403645,1.915667148,31.03950095
1833,USO,Transformer,2022-01-01,2024-01-01,34,3.262142978,3.180173991,2.641326073,2.999040516,2017405.451,2.662386341,2.512830608,2.016391719,2.407743456,1440498.883,3.951653343,3.704052521,3.036078241,3.591319608,30.48138699,2.911578118,2.987673923,2.654732439,2.770797432,29.97221873
1834,USO,Transformer,2022-01-01,2024-01-01,35,2.165428437,2.247973261,2.10134213,2.073446787,1958901.465,1.72307344,1.675092588,1.641363073,1.611728022,1384763.185,2.540147253,2.462004732,2.455246136,2.393294601,30.15125781,2.004415583,2.280175518,2.029444208,2.01483402,32.06804809
1835,USO,Transformer,2022-01-01,2024-01-01,36,2.226117673,2.352562228,2.116412246,2.182826379,1955205.375,1.757370669,1.747499909,1.682776993,1.675168956,1382623.589,2.592874293,2.571018352,2.514558109,2.490777862,30.10130981,2.090212547,2.398898734,1.985985753,2.161820697,31.7589424
1836,USO,Transformer,2022-01-01,2024-01-01,37,2.313228007,2.396962877,2.286784873,2.218632279,1918714.47,1.823880894,1.762959224,1.751038282,1.711292566,1349919.075,2.693133097,2.595333737,2.626008415,2.543709451,30.01513034,2.180535341,2.472889886,2.279681061,2.183240662,33.30895072
1837,USO,Transformer,2022-01-01,2024-01-01,38,3.022360027,3.162410022,3.03300661,3.0180972,1945115.343,2.410280338,2.484936597,2.427435913,2.429066815,1374624.826,3.579636738,3.663561016,3.652629774,3.622141954,30.05854098,2.811747828,2.995767648,2.84090933,2.776895378,32.1735999
1838,USO,Transformer,2022-01-01,2024-01-01,39,2.465713687,2.747316933,2.329509926,2.567586209,2033308.396,1.943220083,2.059448706,1.774673138,1.97031991,1456204.897,2.878127179,3.03926886,2.663483163,2.939832216,30.61333718,2.338149434,2.778581614,2.339319533,2.54738963,29.38775461
1839,USO,Transformer,2022-01-01,2024-01-01,40,3.051808874,3.082146778,3.052457406,2.938682694,1937362.648,2.38675006,2.353723408,2.409748441,2.294218724,1366854.863,3.547388946,3.474137087,3.623823886,3.424368151,30.19635741,2.927346967,3.045919897,2.924112395,2.842875666,33.19797268
1840,USO,Transformer,2022-01-01,2024-01-01,41,2.479625586,2.50663422,2.344520149,2.352123884,1958965.66,1.965087947,1.848542159,1.806562526,1.782909812,1384482.387,2.910580938,2.72606969,2.7102356,2.657382506,30.14444489,2.331628224,2.583904408,2.317858013,2.371747801,32.09297609
1841,USO,Transformer,2022-01-01,2024-01-01,42,2.625335647,2.736854005,2.575212635,2.540243782,1944294.396,2.059105117,2.064321813,1.969079939,1.976587937,1372324.443,3.055795417,3.045601549,2.965714036,2.94739182,30.03729714,2.507720057,2.744016409,2.5834993,2.471535418,32.1656216
1842,USO,Transformer,2022-01-01,2024-01-01,43,2.18120339,2.211906726,2.082565396,2.035585374,1960858.059,1.734182074,1.651444198,1.687764204,1.597076517,1388954.088,2.555463235,2.423139104,2.518563795,2.366668882,30.12132428,2.018769973,2.232862662,1.882263413,1.945962117,31.41538644
1843,USO,Transformer,2022-01-01,2024-01-01,44,2.972234606,3.064224142,3.005215899,2.947736918,1953674.257,2.344797403,2.381364721,2.393608109,2.343355363,1381025.108,3.483614421,3.51240907,3.599823511,3.496215815,30.26829748,2.812541785,2.952253058,2.837725661,2.769668081,32.88083138
1844,USO,Transformer,2022-01-01,2024-01-01,45,5.286048841,4.786550041,5.43507613,4.800698396,1938684.868,4.583939961,4.034938766,4.820024199,4.119636189,1366966.029,6.777483164,5.926796376,7.207796604,6.123799899,29.99630244,4.03982233,3.926615872,3.924580937,3.795991542,32.65147766
1845,USO,Transformer,2022-01-01,2024-01-01,46,2.510693323,2.749872836,2.301798389,2.563410391,1975473.11,1.976323788,2.053967825,1.7558533,1.9628011,1401058.401,2.928700122,3.031491631,2.634325698,2.928533492,30.10774797,2.386268777,2.792775084,2.306094074,2.550819619,30.8587698
1846,USO,Transformer,2022-01-01,2024-01-01,47,2.368594824,2.567961012,2.420551017,2.417594945,1954556.781,1.864135935,1.883093559,1.852170254,1.823581893,1381400.289,2.755414801,2.778320304,2.779566101,2.719118211,30.37978261,2.242732451,2.663360913,2.415929439,2.452981878,33.48717257
1847,USO,Transformer,2022-01-01,2024-01-01,48,2.214766404,2.244181604,2.212549347,2.09028731,1983418.791,1.818406286,1.673399848,1.815062715,1.636738873,1405938.069,2.675473328,2.458051593,2.707199143,2.427117649,30.32213716,1.926497403,2.272453533,1.93666976,2.006748582,31.60954921
1848,USO,Transformer,2022-01-01,2024-01-01,49,4.2933417,4.84162269,4.684278054,4.824774058,1947522.37,3.688041898,4.111157072,4.13485875,4.156861757,1376677.425,5.459175494,6.03505924,6.187263488,6.176821934,30.0364906,3.391070961,3.899080929,3.450429367,3.769387022,31.73542953
1849,USO,Transformer,2022-01-01,2024-01-01,50,4.53734908,4.650718546,4.950697568,4.649088015,1954658.954,3.819510275,3.875208132,4.312757178,3.94808234,1382491.779,5.660883889,5.698040972,6.457761155,5.873712586,30.17461885,3.781325538,3.944848252,3.818964154,3.80419067,32.24271502
1850,USO,Transformer,2022-09-01,2024-09-01,1,6.062291714,6.13247701,4.99705833,4.059444898,1044101.415,5.695445855,5.791942627,4.609973553,3.581987123,862599.5521,7.57230349,7.624133709,6.200253633,4.785357069,32.68816219,2.914025232,2.776714485,2.70926733,2.634064239,28.68726187
1851,USO,Transformer,2022-09-01,2024-09-01,2,7.637726533,7.983417988,7.295302593,6.409350179,1043874.508,7.149178709,7.486290779,6.721709123,5.752417169,856333.87,9.492393722,9.843109415,9.019372422,7.659453428,31.88443813,3.709014569,3.758821265,3.91729858,3.860632771,27.515755
1852,USO,Transformer,2022-09-01,2024-09-01,3,7.393198222,7.731511525,6.642284832,5.977638858,1043139.305,6.918021256,7.249519627,6.11175468,5.340863118,860701.3878,9.186355084,9.532074152,8.203936645,7.113679112,32.83886657,3.603022242,3.644049525,3.605541517,3.670634733,29.13739609
1853,USO,Transformer,2022-09-01,2024-09-01,4,7.439390912,7.617466042,6.62652193,5.761107969,1043923.402,7.008149719,7.199462351,6.171699512,5.230906768,859605.9458,9.3076099,9.46819806,8.286570298,6.968998137,32.23859845,3.472683724,3.40024376,3.36843803,3.322619086,27.97554743
1854,USO,Transformer,2022-09-01,2024-09-01,5,10.36115694,10.34893105,10.21681486,9.23736872,1040950.525,9.550411748,9.54686594,9.25120515,8.184040336,855613.6213,12.66361233,12.54167437,12.39629036,10.88026971,32.1922596,5.439749399,5.342130663,5.907119573,5.791188169,28.13440553
1855,USO,Transformer,2022-09-01,2024-09-01,6,3.758130312,4.008094691,2.668968606,2.136602791,1039998.543,3.292074529,3.659392079,2.201825845,1.740866364,859129.2934,4.398881812,4.831793641,2.974294798,2.322635274,32.57117154,2.527167619,2.257230996,2.097819339,1.69509506,28.59069478
1856,USO,Transformer,2022-09-01,2024-09-01,7,5.238041374,5.843844932,4.136329101,3.629985581,1041580.409,4.846886518,5.433353575,3.672855494,3.058170942,857643.3017,6.449375292,7.153545968,4.947164139,4.089663022,32.30745106,2.768231667,2.93131313,2.64331109,2.673869156,28.25217553
1857,USO,Transformer,2022-09-01,2024-09-01,8,9.961989158,10.21685845,9.88184405,9.050956349,1043611.332,9.132874712,9.368792467,8.866559464,7.927257809,853395.4699,12.11025133,12.30745717,11.88078215,10.53957579,32.03305514,5.378300561,5.439911334,5.933317919,5.893594837,28.1550295
1858,USO,Transformer,2022-09-01,2024-09-01,9,10.46666067,10.28992789,9.854727982,9.140955948,1041091.695,9.662113979,9.522599191,8.955832275,8.135559239,858309.7748,12.81220891,12.51009476,12.00225496,10.81555314,32.53177345,5.45142099,5.21889786,5.610857538,5.636756458,28.58908067
1859,USO,Transformer,2022-09-01,2024-09-01,10,8.977084229,9.37268219,8.598696008,7.915759033,1043943.493,8.457478482,8.848189335,8.023049166,7.258873729,858486.2454,11.22454514,11.62882193,10.76066951,9.65490717,32.39122289,4.156722143,4.191909269,4.283158534,4.319078301,28.43876091
1860,USO,Transformer,2022-09-01,2024-09-01,11,7.4293746,7.644608359,6.525023843,5.768681322,1043308.991,6.96561263,7.185584409,6.029695652,5.179429156,858756.678,9.250140664,9.449404202,8.095802531,6.900869113,32.26026007,3.575818345,3.547664021,3.466333469,3.481602682,28.08956958
1861,USO,Transformer,2022-09-01,2024-09-01,12,6.817408132,7.311393694,6.19140224,5.499358359,1043965.867,6.37801032,6.853006867,5.689133406,4.892874126,861192.2893,8.473489826,9.013653501,7.640443559,6.521344426,32.49257682,3.339591914,3.462993348,3.389556165,3.434384727,28.39545685
1862,USO,Transformer,2022-09-01,2024-09-01,13,5.474923238,5.511920176,4.068866142,3.425967246,1046422.228,5.147348971,5.228553311,3.690000973,2.954807215,867458.0185,6.849698199,6.886708146,4.973424887,3.954822515,33.19240529,2.649943438,2.435954623,2.421174885,2.396828741,29.38875546
1863,USO,Transformer,2022-09-01,2024-09-01,14,8.461512386,8.443846973,7.729500425,6.842600572,1045427.298,7.912039469,7.916101983,7.119147948,6.146864971,859194.2849,10.50040899,10.40595891,9.550673167,8.18213129,32.67924292,4.121830578,3.977549726,4.159673775,4.107940261,29.03732379
1864,USO,Transformer,2022-09-01,2024-09-01,15,3.458319374,3.600061932,2.266834514,1.963265262,1039658.513,2.989323851,3.212213694,1.940817241,1.642558899,858202.1408,3.995675325,4.244453534,2.608380239,2.177588518,32.37535702,2.412075433,2.222958798,1.62203271,1.438412036,28.25487084
1865,USO,Transformer,2022-09-01,2024-09-01,16,9.831720332,10.00122272,9.551926331,8.878287228,1077569.29,9.130871447,9.306515671,8.728961408,7.949465886,873118.313,12.1121488,12.22776741,11.70110315,10.5695955,33.81268686,4.967006074,4.918544645,5.31142624,5.361633703,31.49306212
1866,USO,Transformer,2022-09-01,2024-09-01,17,10.26046325,10.1195579,9.570558471,8.842441864,1043753.32,9.378679612,9.266705906,8.563433468,7.715322565,848070.4518,12.43436239,12.1734664,11.47552356,10.25880791,31.55346914,5.614981049,5.42631068,5.813210732,5.828927476,27.62831459
1867,USO,Transformer,2022-09-01,2024-09-01,18,2.946474505,2.789676908,2.283717753,2.488132244,1037158.124,2.512302463,2.416183478,1.940868391,2.015991241,850837.5039,3.355337117,3.18874774,2.583807196,2.645363813,32.39866466,2.128080322,1.893929992,1.59172871,1.873506433,28.93901011
1868,USO,Transformer,2022-09-01,2024-09-01,19,5.996692994,6.147595933,4.740819188,4.195807811,1038814.687,5.437149345,5.595704306,4.027610311,3.396196792,846031.5882,7.228385933,7.366477246,5.419919461,4.535505334,31.96481828,3.455018054,3.427815403,3.40830272,3.325543566,28.58916399
1869,USO,Transformer,2022-09-01,2024-09-01,20,4.902302335,4.834242025,3.392991384,2.705073891,1046060.471,4.52910363,4.492791695,2.940408468,2.237641787,866799.1321,6.029970873,5.921947987,3.969464825,2.99752082,33.12726428,2.623528485,2.451709977,2.352122052,2.087117825,29.30241636
1870,USO,Transformer,2022-09-01,2024-09-01,21,6.522270814,6.829230892,5.507075722,4.749000305,1043793.154,6.154236275,6.475065357,5.127006499,4.286774468,861155.5999,8.179574528,8.519350431,6.891700839,5.718668164,32.5018239,3.035981051,2.989300272,2.832957505,2.82724984,28.40501803
1871,USO,Transformer,2022-09-01,2024-09-01,22,2.897803947,3.113849933,2.579505422,2.542929365,1043630.842,2.357327924,2.604814221,2.246250485,2.144852486,863845.6507,3.147883418,3.44478981,2.993608765,2.825460592,33.07641204,2.325828877,2.316348448,1.703770832,1.781306485,29.35432048
1872,USO,Transformer,2022-09-01,2024-09-01,23,3.752584757,3.850431919,2.264023858,1.943707841,1043666.641,3.325154755,3.495290689,1.929994715,1.623180872,863211.9421,4.441113925,4.616261175,2.598353979,2.160942604,32.82376493,2.426064314,2.21966586,1.649359153,1.454470793,28.90314981
1873,USO,Transformer,2022-09-01,2024-09-01,24,6.254349085,6.536917018,5.015384368,4.421937065,1044963.089,5.889129398,6.187477279,4.642332984,3.955941549,864582.541,7.829037857,8.142614202,6.244257522,5.280686827,32.87341144,2.960090037,2.904702979,2.676118171,2.730684029,28.92346065
1874,USO,Transformer,2022-09-01,2024-09-01,25,9.542328947,9.475848655,8.938894378,8.100291101,1055697.929,8.887436069,8.847410844,8.206177133,7.27956616,859772.3123,11.78999768,11.626312,11.00281862,9.682386659,32.9120697,4.743127449,4.569404805,4.868204141,4.832051299,29.95920475
1875,USO,Transformer,2022-09-01,2024-09-01,26,3.906953474,3.979148939,2.633288703,2.142358958,1042040.423,3.453785966,3.615381212,2.165770628,1.761127336,862524.1708,4.613216432,4.774599628,2.923154936,2.347284434,32.79493789,2.553405292,2.293049089,2.083255247,1.66853548,28.82906428
1876,USO,Transformer,2022-09-01,2024-09-01,27,6.444220708,6.33372296,5.013129692,4.282295184,1044051.941,6.096931923,6.026965841,4.661662937,3.852676135,863056.1556,8.104480915,7.932721566,6.271063862,5.143793414,32.72661336,2.948422962,2.705713823,2.613160332,2.595554967,28.71315062
1877,USO,Transformer,2022-09-01,2024-09-01,28,3.749063226,3.874571127,2.380302466,1.932174801,1042112.699,3.323386205,3.508679816,2.049721078,1.61686027,861007.8749,4.437961387,4.633586866,2.76354322,2.153269459,32.67890068,2.415571676,2.25166254,1.691634768,1.436678154,28.74874648
1878,USO,Transformer,2022-09-01,2024-09-01,29,2.691265316,2.612981784,3.03905309,3.287620856,1062368.52,2.256124228,2.199680678,2.664765055,2.773755375,893865.1218,3.001984815,2.894536575,3.537632265,3.647171554,35.32884308,2.022870906,1.908001378,1.899346713,2.267818549,31.7914461
1879,USO,Transformer,2022-09-01,2024-09-01,30,7.868099529,8.208668918,7.330957637,6.604206227,1043660.596,7.217602373,7.545406701,6.538453679,5.688168585,855330.1556,9.578103391,9.918022516,8.770278918,7.573586309,32.5058568,4.260823396,4.335137405,4.532749062,4.543302753,29.00007983
1880,USO,Transformer,2022-09-01,2024-09-01,31,9.599850448,9.447769676,8.796920778,8.001538061,1043745.737,8.791142965,8.660495144,7.885495912,6.969786426,858762.9782,11.65810305,11.37954405,10.57052968,9.271627276,32.57165325,5.213628069,5.046185799,5.312562413,5.308909347,28.80707223
1881,USO,Transformer,2022-09-01,2024-09-01,32,10.71085217,10.69933889,10.85536179,9.733426829,1044036.773,9.646596985,9.645611054,9.49799463,8.301521542,854034.4059,12.78680958,12.66950556,12.72178393,11.03563644,31.79455028,6.249766049,6.153699188,7.108059674,6.827430781,27.59196119
1882,USO,Transformer,2022-09-01,2024-09-01,33,9.561012977,9.847529175,9.435086152,8.469235875,1045045.539,8.939734629,9.216143187,8.713702952,7.680283399,862448.3082,11.85953554,12.10991151,11.68076798,10.21256611,32.53775216,4.63428572,4.67045198,4.961840026,4.85148372,28.41316104
1883,USO,Transformer,2022-09-01,2024-09-01,34,8.676179772,9.07261602,8.137498366,7.667916944,1054239.893,8.120318929,8.513499175,7.497628187,6.918701052,855968.9506,10.77809882,11.18961061,10.05851871,9.204990746,32.85422422,4.206075631,4.241444126,4.369529663,4.510984998,30.10326158
1884,USO,Transformer,2022-09-01,2024-09-01,35,7.240092565,7.422390871,6.288218902,5.532256282,1044279.528,6.777041272,6.968156765,5.794230395,4.943067784,858517.8691,9.000849143,9.164570891,7.781046188,6.587793916,31.99768898,3.524900298,3.476948694,3.394200666,3.403229125,27.56918256
1885,USO,Transformer,2022-09-01,2024-09-01,36,5.153426466,5.974555945,4.246985981,3.864802284,1041453.01,4.75934631,5.556742278,3.777889711,3.281268859,858358.9315,6.334484436,7.315739887,5.08803336,4.385754339,32.14211556,2.75512571,2.989622593,2.691617198,2.787181133,27.81943689
1886,USO,Transformer,2022-09-01,2024-09-01,37,7.750413133,8.110511683,6.970049878,6.464628833,1044157.935,6.968514652,7.27907274,6.002048265,5.301422266,859538.7256,9.250875688,9.571470922,8.056025157,7.063581283,32.67036805,4.584413028,4.770387178,4.807564275,4.969944294,28.99084142
1887,USO,Transformer,2022-09-01,2024-09-01,38,7.416832128,7.725841219,6.439724884,5.869721215,1042453.795,6.933390039,7.233112386,5.917481426,5.230995755,855926.333,9.206983185,9.511434573,7.945487418,6.969351705,31.9811512,3.635659,3.68057288,3.523053697,3.640434062,27.72130971
1888,USO,Transformer,2022-09-01,2024-09-01,39,3.080253068,2.95575631,2.327010906,2.452199428,1042955.465,2.65976863,2.591584953,1.968824143,1.939379529,852593.6997,3.546340584,3.415701385,2.625032647,2.546924108,33.18329337,2.136726226,1.925225152,1.645321924,1.929517913,30.67297178
1889,USO,Transformer,2022-09-01,2024-09-01,40,3.972008815,4.759986768,3.097735773,2.574328574,1048982.805,3.583665782,4.461420983,2.644688985,2.073182291,871164.339,4.783376983,5.881821689,3.57645114,2.783535936,33.5778774,2.409684568,2.305967253,2.252518254,2.098864749,29.95271318
1890,USO,Transformer,2022-09-01,2024-09-01,41,7.006538614,7.278397554,6.092028024,5.397057337,1042225.727,6.506212278,6.764913515,5.5232224,4.7058644,858295.4766,8.64140601,8.897786411,7.417960065,6.273933184,32.27065555,3.577108262,3.631172312,3.546149878,3.597870872,28.12754237
1891,USO,Transformer,2022-09-01,2024-09-01,42,7.772314887,8.196246973,7.112647594,6.490519215,1038672.825,7.24145347,7.647886153,6.504238724,5.766600384,848633.4544,9.61309673,10.05401837,8.728087121,7.678266254,31.79655675,3.880194941,3.980924107,3.972617915,4.061163612,27.86889607
1892,USO,Transformer,2022-09-01,2024-09-01,43,6.401275033,6.85071268,5.927573644,5.183099257,1062308.016,5.647911982,6.019115621,4.782313249,3.954015026,886975.1441,7.504880293,7.920866935,6.426165964,5.273822562,34.0282209,4.071273416,4.357683561,4.731951764,4.492969011,29.40087779
1893,USO,Transformer,2022-09-01,2024-09-01,44,4.542528684,4.854589876,3.219058111,2.579340587,1043889.73,4.192306072,4.542001864,2.786732069,2.104851463,862368.6001,5.585705197,5.986495086,3.764939354,2.823548834,32.7232926,2.46221864,2.368707752,2.24809943,2.049992194,28.78008705
1894,USO,Transformer,2022-09-01,2024-09-01,45,7.071221605,7.653939935,6.695385576,5.984892208,1043196.753,6.56177323,7.10347223,6.066692775,5.235458861,854568.969,8.714688551,9.340914371,8.143107183,6.975018856,31.82894722,3.623655653,3.845598895,3.89720574,3.942621195,27.56246024
1895,USO,Transformer,2022-09-01,2024-09-01,46,7.337954696,7.239133421,6.205598219,5.359267109,1043919.495,6.908219887,6.84291448,5.771396591,4.845860777,861047.1841,9.175056875,9.000894723,7.751568605,6.458966066,32.49568025,3.44071066,3.23363557,3.189408674,3.153098049,28.40784634
1896,USO,Transformer,2022-09-01,2024-09-01,47,8.922600971,9.537626412,8.803528965,8.243196775,1043457.131,8.137735787,8.688750555,7.808934846,7.100683602,857086.5707,10.79543122,11.4171922,10.46837641,9.445508676,32.10090143,4.949716347,5.248069389,5.523327582,5.640666974,27.94462175
1897,USO,Transformer,2022-09-01,2024-09-01,48,4.01775824,4.179348769,2.636081285,2.096186211,1044878.8,3.639603708,3.870325556,2.19449348,1.670091042,864757.9806,4.856742858,5.107352396,2.96889048,2.238022718,32.92377187,2.393808081,2.186232805,2.037931971,1.741491825,29.01583434
1898,USO,Transformer,2022-09-01,2024-09-01,49,9.59941803,9.691460668,9.189856234,8.410521648,1043484.058,8.766602358,8.849349136,8.177928633,7.280358478,855929.614,11.62452544,11.6258833,10.95916617,9.681960452,32.37361056,5.280507156,5.271345384,5.697651848,5.677951039,28.64581863
1899,USO,Transformer,2022-09-01,2024-09-01,50,6.371053617,6.26037473,4.90544369,4.369007526,1042009.146,5.643276808,5.540875274,3.974025433,3.370123387,849605.4933,7.498033784,7.293384488,5.345653523,4.496703456,32.56435483,3.996841567,3.89022779,3.89447722,3.73508667,29.54750241
1900,USO,Transformer,2023-05-01,2025-05-01,1,3.033253055,2.786523401,3.284798156,2.834870631,3578969.193,2.472841907,2.120683809,2.44766902,2.278336882,2292720.455,3.606720175,3.048772171,3.646888575,3.276652873,40.83044224,2.700668359,2.66589078,3.460729564,2.493208662,26.93264893
1901,USO,Transformer,2023-05-01,2025-05-01,2,5.861081654,6.367424402,7.067107777,6.255001532,3605109.52,4.956998564,5.292971139,5.872417771,5.283136957,2318075.632,7.350180851,7.708846881,8.861420547,7.780119414,41.3159232,4.905388256,5.361097406,6.251601526,5.243248248,26.65944543
1902,USO,Transformer,2023-05-01,2025-05-01,3,5.001956829,2.820957516,3.730803834,3.707405963,3608643.303,4.159118012,2.261312429,3.184263101,3.025250475,2319805.976,5.929624924,3.129871922,4.584816742,4.226887712,41.24542874,3.965010886,2.191829175,2.721801147,2.857233599,26.55520716
1903,USO,Transformer,2023-05-01,2025-05-01,4,4.046196029,5.469951866,5.748760076,5.165874384,3629934.406,3.427646868,4.59942202,4.887718643,4.430522591,2339219.078,4.982630569,6.656590095,7.308134884,6.453874798,41.38032815,3.281317322,4.496794394,4.85248847,4.158340999,26.2586923
1904,USO,Transformer,2023-05-01,2025-05-01,5,3.082676044,2.609316101,3.222780688,3.002801187,3607616.641,2.602832792,2.048476767,2.558381014,2.42327673,2319814.554,3.712843292,2.876921211,3.723028234,3.403207006,41.29282954,2.331028213,2.207896105,2.907512542,2.372263274,26.59303791
1905,USO,Transformer,2023-05-01,2025-05-01,6,3.70803651,2.598105886,3.317323482,3.153493354,3604662.242,3.21716246,2.073199258,2.748320639,2.552309377,2317488.847,4.580320147,2.893382198,3.968832536,3.565878869,41.16907155,2.547610469,2.084361349,2.662183375,2.447754497,26.41142743
1906,USO,Transformer,2023-05-01,2025-05-01,7,2.871139299,2.711485077,3.276616353,2.889750722,3612973.235,2.369462375,2.157946682,2.469256322,2.31781352,2320985.42,3.408700726,3.072105722,3.648265808,3.29479989,41.09835988,2.402617113,2.358498406,3.341793199,2.444942597,26.40721302
1907,USO,Transformer,2023-05-01,2025-05-01,8,4.235131331,2.770151872,3.715903095,3.571343185,3615475.758,3.634969148,2.272850064,3.190644116,2.940326274,2320883.888,5.216107291,3.170033657,4.627841261,4.130646271,41.04276448,3.120011766,2.102446616,2.75881922,2.750734457,26.42576924
1908,USO,Transformer,2023-05-01,2025-05-01,9,10.19305135,9.737014713,10.30384799,9.610226133,3630454.558,8.190742867,7.768833512,8.313429611,7.820208598,2333044.369,12.20832858,11.37289248,12.5844301,11.58626727,41.11290977,9.203864014,8.757870389,9.453970629,8.560569954,26.33067619
1909,USO,Transformer,2023-05-01,2025-05-01,10,3.849511926,3.741174322,4.440950527,3.59213916,3619566.911,2.714797563,2.923434623,3.192987876,2.708075899,2317434.595,4.038907789,4.243384971,4.838078418,3.957962042,40.7333114,4.297975895,3.525606195,4.962811386,3.630812558,26.37988749
1910,USO,Transformer,2023-05-01,2025-05-01,11,3.631707639,2.609000739,3.390280716,3.195930953,3573549.32,3.140866505,2.088193919,2.825368538,2.576494371,2296949.761,4.474885144,2.907525899,4.073501901,3.598421094,40.86995568,2.521779315,2.053779977,2.659778483,2.494394997,26.40452187
1911,USO,Transformer,2023-05-01,2025-05-01,12,3.972724084,2.806608472,3.640734205,3.613091083,3514788.205,3.413034335,2.214466894,3.054002461,2.917935603,2257036.612,4.84468729,3.054142755,4.37711424,4.060733948,40.39508885,2.787026702,2.21520346,2.730672749,2.795510926,26.58677713
1912,USO,Transformer,2023-05-01,2025-05-01,13,3.308624673,2.591675419,3.217330092,2.897570788,3602809.39,2.859053904,2.051949343,2.594574874,2.395440879,2315007.64,4.121791658,2.906289913,3.80825672,3.394250536,41.16099182,2.442255594,2.238741934,2.921920429,2.268793206,26.50304742
1913,USO,Transformer,2023-05-01,2025-05-01,14,4.695116541,2.81576936,3.783255317,3.680506276,3603316.476,3.937541681,2.221729682,3.215658891,2.970424447,2317790.14,5.597521574,3.063904014,4.610898831,4.133922193,41.29969045,3.600829645,2.228936602,2.734317252,2.869574524,26.60397256
1914,USO,Transformer,2023-05-01,2025-05-01,15,8.939102781,8.940097223,9.430397259,8.724933155,3626018.716,7.325522774,7.235779079,7.735682386,7.230147173,2330381.752,10.8930228,10.57078877,11.68255083,10.68197481,41.15932971,7.835982253,7.871900407,8.439365947,7.543468663,26.40022268
1915,USO,Transformer,2023-05-01,2025-05-01,16,3.179925845,2.611080339,3.253202321,3.130835904,3614852.082,2.708090652,2.050955686,2.631988582,2.522934529,2323192.848,3.853506316,2.864258868,3.815731928,3.531463433,41.14352129,2.310889546,2.161298302,2.788502353,2.459744068,26.40339826
1916,USO,Transformer,2023-05-01,2025-05-01,17,2.909615195,2.690102826,3.21863907,3.00390133,3621434.53,2.425914925,2.149023983,2.506368991,2.378662099,2326420.159,3.455747352,3.030149856,3.65485785,3.34745485,40.98434379,2.258827609,2.238807733,3.011888106,2.495299064,26.18788152
1917,USO,Transformer,2023-05-01,2025-05-01,18,2.962129484,2.620607903,3.289891475,2.924325179,3599926.27,2.449713134,2.055932277,2.526029301,2.414281854,2315624.254,3.528354332,2.912636912,3.727601583,3.423681001,41.31792796,2.476222195,2.298324846,3.267982671,2.297290073,26.59841037
1918,USO,Transformer,2023-05-01,2025-05-01,19,4.778845752,2.873233445,3.842102125,3.791510996,3560478.564,4.012794743,2.299182119,3.288787323,3.096946305,2293484.622,5.713774902,3.177796785,4.727336516,4.32334309,41.1300288,3.673480384,2.231985327,2.753297267,2.909695969,26.50793284
1919,USO,Transformer,2023-05-01,2025-05-01,20,2.933693405,2.589537345,3.214130767,2.976604669,3612057.297,2.459026015,2.032491067,2.502673942,2.409243308,2321475.975,3.514252369,2.858124706,3.661410492,3.392660036,41.18767982,2.288052926,2.205256307,3.047178312,2.370540652,26.48669575
1920,USO,Transformer,2023-05-01,2025-05-01,21,2.922188204,2.664855708,3.185909079,2.970443832,3614596.175,2.432439615,2.129623837,2.440478488,2.378066548,2322646.434,3.466786146,3.00423925,3.571747128,3.345200903,41.16530835,2.292968741,2.221690813,3.09302747,2.411517352,26.47466533
1921,USO,Transformer,2023-05-01,2025-05-01,22,3.166893144,2.584738001,3.183289666,3.03558952,3597812.934,2.708587503,2.009187892,2.564685441,2.434827822,2314939.179,3.857221463,2.814420049,3.723975338,3.416214501,41.31366127,2.27364644,2.202885957,2.761497355,2.422168863,26.68345352
1922,USO,Transformer,2023-05-01,2025-05-01,23,4.007808894,2.769938344,3.482683245,3.501901416,3586804.178,3.435727905,2.184561894,2.888072321,2.800773375,2309855.543,4.873653998,3.014734427,4.146782823,3.893782991,41.27301501,2.826929003,2.185902794,2.709968539,2.752623513,26.54492888
1923,USO,Transformer,2023-05-01,2025-05-01,24,3.7099331,2.640072238,3.347012616,2.931116791,3602509.693,3.161319488,2.079438871,2.639889392,2.443571789,2314717.506,4.578885714,2.956334157,3.898561911,3.476197132,41.18810637,2.886976348,2.341818423,3.22122968,2.302517264,26.57089533
1924,USO,Transformer,2023-05-01,2025-05-01,25,8.40785348,8.537015071,9.012612529,8.314640483,3650293.741,6.831711882,6.860696099,7.30596223,6.826959158,2342107.789,10.18258192,10.0415407,11.06525972,10.11078299,40.8461401,7.508151816,7.610175174,8.264143607,7.330194631,26.14816102
1925,USO,Transformer,2023-05-01,2025-05-01,26,4.18027457,2.701696369,3.548032051,3.455633238,3609533.918,3.556911444,2.151271153,2.977322988,2.77773313,2318826.532,5.058233828,2.977173098,4.275829377,3.868589025,41.0170112,3.056392468,2.108266995,2.684143438,2.705269627,26.37480678
1926,USO,Transformer,2023-05-01,2025-05-01,27,2.839100639,2.963105899,3.3760587,2.977144355,3603018.146,2.255824414,2.363353073,2.513334189,2.349084243,2316467.987,3.286085368,3.394938252,3.735734593,3.375113243,41.18094408,2.659109321,2.645425116,3.540153346,2.702465762,26.42996444
1927,USO,Transformer,2023-05-01,2025-05-01,28,4.679939448,5.482494658,5.794836998,5.202482957,3629349.407,3.924437984,4.570881985,4.822173317,4.392738878,2332210.853,5.806579754,6.648245905,7.263501704,6.450448921,41.05337729,4.031292111,4.607417581,5.173743939,4.393365,26.23712375
1928,USO,Transformer,2023-05-01,2025-05-01,29,2.818749203,2.752261551,3.190361954,2.898452265,3612199.704,2.345404677,2.200901436,2.427489716,2.297095346,2320160.043,3.366562086,3.135451286,3.5746725,3.266191809,40.9762588,2.285541969,2.378212471,3.184694369,2.511538943,26.23258983
1929,USO,Transformer,2023-05-01,2025-05-01,30,3.318124547,2.526477225,3.237457677,2.907629648,3618640.799,2.843168801,2.023836879,2.604976169,2.40591206,2321143.387,4.106690811,2.86262962,3.829069796,3.409727592,40.98564961,2.522059045,2.121427155,2.960315644,2.270913227,26.47940656
1930,USO,Transformer,2023-05-01,2025-05-01,31,3.621579258,2.661095303,3.359991641,3.340540477,3607661.516,3.126564739,2.1163668,2.770355113,2.651196288,2319750.146,4.441671674,2.931459375,3.988313214,3.687390714,41.23076919,2.496443495,2.082830214,2.683498001,2.671085708,26.4867846
1931,USO,Transformer,2023-05-01,2025-05-01,32,3.784013467,2.662136258,3.420999128,3.314904612,3529716.471,3.247875969,2.124518517,2.844079385,2.662550415,2228225.478,4.620641779,2.948253709,4.093694733,3.709903651,39.85121755,2.678569575,2.08609488,2.678783794,2.592789434,27.92331749
1932,USO,Transformer,2023-05-01,2025-05-01,33,3.303050636,2.599828986,3.259337841,3.125367208,3601084.943,2.846617227,2.05526061,2.632611567,2.51397935,2315485.145,4.05386178,2.868440036,3.815150553,3.517591659,41.17738358,2.315798424,2.116267626,2.801223488,2.459410665,26.49691007
1933,USO,Transformer,2023-05-01,2025-05-01,34,7.309232685,7.396518751,7.892473437,7.099470256,3622080.917,6.012243024,6.027530891,6.473973191,5.91312896,2329335.875,8.945620895,8.803036286,9.786959494,8.732216083,41.19606217,6.417382475,6.459613745,7.130730436,6.12641927,26.35974552
1934,USO,Transformer,2023-05-01,2025-05-01,35,3.07853561,2.585478709,3.193371808,2.933287044,3603817.854,2.620362837,2.032043596,2.598604713,2.413737436,2316630.62,3.756140301,2.871861223,3.791381632,3.412104367,41.18310651,2.329939329,2.238831121,2.780511699,2.284849395,26.45119543
1935,USO,Transformer,2023-05-01,2025-05-01,36,4.810530889,2.916453369,3.86956988,3.826260722,3604999.263,4.033333704,2.406704589,3.340901884,3.166565077,2313889.563,5.769540251,3.348130263,4.829599854,4.444952011,41.02297642,3.761186223,2.153718737,2.771451097,2.896054512,26.43924369
1936,USO,Transformer,2023-05-01,2025-05-01,37,10.99176778,10.40686435,11.42242552,10.38403762,3631604.387,8.824258586,8.281176097,9.069126876,8.360505449,2330378.901,13.17634009,12.14348643,13.77609516,12.42327711,40.98034822,9.947711895,9.382858324,10.73540234,9.390138124,26.36423441
1937,USO,Transformer,2023-05-01,2025-05-01,38,9.094773618,9.14727857,9.683228333,9.00439546,3630516.596,7.315358708,7.289815727,7.706294829,7.242870164,2332841.609,10.92345109,10.68608221,11.70502401,10.76107338,41.04952316,8.24934075,8.255242414,9.128783368,8.208433703,26.23738931
1938,USO,Transformer,2023-05-01,2025-05-01,39,10.12832414,10.26638599,11.03299186,10.28053859,3618280.071,8.20333847,8.195595057,8.766735472,8.252999861,2323214.463,12.25564694,12.0263736,13.33523314,12.28294287,41.09553296,9.081688112,9.202946545,10.39008065,9.333423639,26.48530362
1939,USO,Transformer,2023-05-01,2025-05-01,40,6.641154417,7.320129055,7.724616727,7.127117218,3589702.1,5.480385332,5.919310368,6.316313279,5.854774968,2288495.118,8.119373222,8.630904089,9.522672595,8.632082413,40.30073715,5.786446514,6.486892004,7.001909294,6.319438025,26.8618513
1940,USO,Transformer,2023-05-01,2025-05-01,41,4.069522486,2.794106094,3.653395985,3.624359366,3604650.499,3.511952097,2.247535165,3.092417997,2.946468013,2317077.174,5.009602945,3.112540432,4.452766787,4.113552464,41.20305094,2.87751154,2.155098687,2.741646549,2.811012486,26.49123442
1941,USO,Transformer,2023-05-01,2025-05-01,42,2.878801967,2.774611933,3.252312922,2.921895061,3606831.432,2.393186274,2.213384787,2.48540199,2.340928563,2319103.794,3.439338818,3.15667698,3.664818068,3.332898102,41.23594642,2.356391912,2.419369418,3.242578292,2.495540116,26.50579879
1942,USO,Transformer,2023-05-01,2025-05-01,43,3.375656376,2.629444885,3.265460635,3.156595616,3625075.997,2.890961225,2.042869134,2.648991037,2.523155623,2328152.388,4.105754766,2.849803364,3.830182628,3.528381097,41.00765561,2.381349627,2.212702205,2.750027913,2.515000785,26.27357168
1943,USO,Transformer,2023-05-01,2025-05-01,44,9.000673138,8.755326768,9.510956203,8.590213205,3626272.443,7.217460022,6.994211555,7.608785959,6.97780608,2329280.164,10.77527414,10.24555952,11.54431037,10.3499749,41.08762002,8.209442885,7.886099731,8.907617686,7.727722278,26.37267332
1944,USO,Transformer,2023-05-01,2025-05-01,45,3.109245961,2.919257703,3.338869395,3.008730559,3606773.473,2.635155796,2.323750693,2.575618587,2.422926729,2317708.095,3.783015233,3.317377809,3.79493278,3.452056089,41.14891943,2.412457724,2.565150307,3.289141869,2.556113327,26.45559746
1945,USO,Transformer,2023-05-01,2025-05-01,46,3.317022864,2.661872179,3.301473577,3.207700806,3606947.971,2.825332142,2.078204504,2.659936833,2.546550457,2320459.258,4.00738796,2.88962045,3.83820268,3.550555047,41.27585844,2.363572613,2.191052854,2.797468148,2.563678572,26.47395695
1946,USO,Transformer,2023-05-01,2025-05-01,47,3.049901741,2.561614103,3.196707502,2.879234371,3605239.93,2.580855108,2.013224843,2.569774717,2.380166892,2317856.085,3.719811506,2.851744365,3.768324169,3.370865069,41.25537506,2.406901891,2.239313616,2.911483581,2.248922086,26.56851734
1947,USO,Transformer,2023-05-01,2025-05-01,48,8.263833433,8.020587431,8.448146485,7.776890679,3627513.565,6.676789888,6.445061531,6.85293302,6.370812621,2334023.418,9.946940843,9.424169936,10.36826701,9.425039598,41.16335788,7.454046626,7.170868126,7.762104629,6.917592951,26.24033517
1948,USO,Transformer,2023-05-01,2025-05-01,49,3.076909426,2.728304466,3.280341459,3.119876383,3465663.15,2.518699874,2.1413122,2.581624538,2.440270978,2258038.392,3.565567891,2.996083036,3.734002532,3.412651513,42.58121212,2.428102079,2.273960392,2.924371842,2.582026617,28.28735531
1949,USO,Transformer,2023-05-01,2025-05-01,50,8.314398234,8.024685919,8.785060387,7.720739802,3610002.408,6.724201095,6.490715823,7.055026787,6.368582376,2320798.804,10.05353183,9.511137117,10.72403967,9.44785446,41.26098877,7.523163439,7.073560583,8.216250877,6.751190118,26.57167891
1950,USO,Transformer,2024-01-01,2026-01-01,1,3.499842908,4.167836888,4.031521412,4.032262883,3231259.295,2.943883568,3.501036867,3.435998762,3.353572796,2599800.647,4.263212343,5.039559878,5.01521008,4.86225785,82.96014493,2.780467914,3.31083973,3.13118439,3.308609027,93.98174162
1951,USO,Transformer,2024-01-01,2026-01-01,2,5.197998368,5.017312876,5.563768716,5.053679826,1744857.616,4.039731876,4.009508241,4.417262473,3.975537848,1361864.591,5.846812698,5.772734763,6.447543818,5.766097565,30.39155855,4.746949294,4.379107348,4.966599421,4.569478282,24.53509262
1952,USO,Transformer,2024-01-01,2026-01-01,3,1.556661943,2.841126537,1.962858395,2.650293731,1815374.837,1.160480151,2.407954749,1.613162659,2.2222835,1538098.684,1.690874651,3.471012614,2.362869479,3.226273332,43.27666037,1.538872103,2.233923583,1.683249988,2.160035469,46.38978163
1953,USO,Transformer,2024-01-01,2026-01-01,4,4.047377302,4.46044771,4.562366142,4.453497389,1874461.357,3.624145637,3.891190283,4.091139922,3.867528708,1447759.022,5.240328802,5.594805839,5.962310384,5.599340962,31.33666795,2.669675677,3.206710328,3.020564747,3.277603561,24.60936806
1954,USO,Transformer,2024-01-01,2026-01-01,5,4.471961417,4.682828665,4.894487391,4.651658682,1750194.735,3.965623934,4.057300142,4.354739225,4.014580671,1479304.324,5.734876919,5.834866484,6.347654081,5.813498706,40.97258708,3.056833767,3.436529407,3.338048882,3.485619432,42.6213344
1955,USO,Transformer,2024-01-01,2026-01-01,6,3.952177026,4.056706136,4.385249687,4.00654941,1786898.08,3.507936183,3.501171098,3.899322348,3.436412011,1391887.868,5.07325641,5.036708277,5.684400109,4.978243797,33.27291541,2.692629057,3.013287234,2.99751769,3.057557696,31.65357995
1956,USO,Transformer,2024-01-01,2026-01-01,7,3.616101554,4.195751222,4.360460438,4.089194298,1706607.323,3.20093434,3.630659368,3.881958277,3.517947621,1388410.154,4.632390494,5.223070542,5.660244484,5.09648394,35.80892469,2.49828355,3.095854541,2.972816988,3.097591292,35.91059393
1957,USO,Transformer,2024-01-01,2026-01-01,8,3.177233205,3.746920736,3.499864905,3.618599984,1793286.173,2.829071766,3.250671598,3.123308641,3.118244518,1390162.818,4.09475968,4.677287202,4.556512081,4.518394237,31.32832345,2.154029619,2.748927853,2.374667365,2.734140114,26.58507066
1958,USO,Transformer,2024-01-01,2026-01-01,9,5.902657878,6.447392737,6.300216859,6.381211547,1893083.875,5.20922494,5.580852334,5.567968714,5.50350403,1628127.534,7.5258157,8.017790552,8.10987321,7.962193198,47.75797595,4.072684046,4.715700859,4.373782362,4.762687674,50.57271402
1959,USO,Transformer,2024-01-01,2026-01-01,10,4.744280482,4.764677675,5.167661174,4.745660125,1773754.86,4.248063686,4.158170324,4.628026324,4.122913866,1379203.043,6.138536431,5.976947377,6.741560955,5.967512925,31.69618725,3.114996702,3.415163831,3.426425446,3.482584784,28.04857671
1960,USO,Transformer,2024-01-01,2026-01-01,11,4.491042702,4.915203229,4.81469858,4.917887678,1922194.2,3.981627703,4.266852647,4.275821194,4.250226542,1471020.846,5.757455873,6.13462563,6.232757306,6.153161529,30.5001431,3.0697794,3.582370314,3.304554129,3.665871916,21.39536397
1961,USO,Transformer,2024-01-01,2026-01-01,12,3.591576945,3.782690687,4.210822859,3.823881049,1821217.349,3.163707655,3.247084934,3.735804633,3.267503789,1393292.207,4.579652351,4.674119769,5.448757781,4.735746768,29.39498426,2.526260321,2.861149013,2.911684951,2.954260582,20.80882002
1962,USO,Transformer,2024-01-01,2026-01-01,13,5.323563814,5.046302671,5.524609263,5.050810165,2285354.13,3.927178606,3.710210032,4.07264162,3.670335009,1867190.596,5.666804349,5.335218973,5.933178669,5.316402495,57.23007289,5.184883935,4.928575793,5.448673416,5.048967093,68.73618254
1963,USO,Transformer,2024-01-01,2026-01-01,14,1.488310921,1.385673793,1.279365829,1.276603305,2536035.909,1.262392722,1.115343244,1.110011782,1.018988991,2038275.358,1.805338776,1.606621264,1.602969755,1.474264926,63.89671764,1.11813729,1.219501922,0.915081369,1.143891367,78.83170219
1964,USO,Transformer,2024-01-01,2026-01-01,15,1.167937649,2.156015168,1.50026618,2.062280145,1761661.817,0.911443563,1.723733471,1.189477728,1.637196448,1364166.193,1.321613139,2.488219119,1.74137223,2.378710723,31.43183987,1.081676547,1.91378193,1.372590214,1.871203422,28.77867572
1965,USO,Transformer,2024-01-01,2026-01-01,16,1.739870771,2.942611459,2.581800057,2.822878717,2598641.614,1.376056887,2.436301148,2.189411241,2.31275273,2094781.207,2.001935021,3.513236206,3.202078539,3.358769388,66.19086734,1.582026918,2.431413582,2.051169159,2.406880954,79.77680602
1966,USO,Transformer,2024-01-01,2026-01-01,17,6.793139395,6.586578556,7.053555804,6.547030737,1844055.033,6.064286484,5.766169426,6.302267372,5.715526644,1574010.096,8.756447368,8.281306601,9.174474365,8.265814825,45.1954988,4.490124067,4.655043682,4.70036443,4.714336605,47.93138326
1967,USO,Transformer,2024-01-01,2026-01-01,18,5.015747173,5.489592688,4.761175259,5.421338652,1768688.235,4.438377889,4.770406129,4.218229378,4.69174894,1489491.634,6.415796374,6.856323872,6.149508004,6.790470576,40.93485138,3.442770603,3.98129435,3.295964956,4.018921733,42.87928997
1968,USO,Transformer,2024-01-01,2026-01-01,19,2.406454481,3.162816995,2.999735335,3.058767335,1707699.816,2.072744316,2.730485906,2.665174633,2.626933217,1376478.003,3.00665725,3.932579136,3.891733321,3.80959784,34.50458769,1.829979159,2.368432183,2.083545453,2.346794565,32.74654799
1969,USO,Transformer,2024-01-01,2026-01-01,20,4.031665331,4.688446284,4.668854459,4.513579861,1890530.492,3.412400181,3.941823293,3.997889265,3.758733582,1619844.264,4.941736293,5.673385223,5.834280468,5.449016992,47.46553307,3.16313254,3.717560188,3.586040505,3.693129282,51.0385096
1970,USO,Transformer,2024-01-01,2026-01-01,21,6.929816473,6.521470607,7.524667149,6.482525078,1657649.803,5.770437405,5.440409383,6.341304365,5.37344883,1350212.499,8.349253915,7.827406199,9.248024668,7.785706641,35.07548733,5.619308151,5.25143711,5.991487416,5.340450133,35.35596336
1971,USO,Transformer,2024-01-01,2026-01-01,22,10.21027754,8.846052925,10.23258356,8.874222004,2114262.68,8.632491747,7.430102737,8.698979312,7.435493178,1782535.46,12.48212589,10.68506415,12.68029041,10.76649359,54.1357212,7.987893731,7.009424635,7.973500956,7.130411692,55.74385443
1972,USO,Transformer,2024-01-01,2026-01-01,23,2.145518576,2.868883215,2.67024577,2.76400616,1785416.728,1.797584015,2.435341268,2.326961833,2.326257659,1392095.896,2.610445707,3.510214049,3.401079342,3.376512874,31.80687829,1.749397076,2.247840053,1.978013649,2.232402611,27.88532718
1973,USO,Transformer,2024-01-01,2026-01-01,24,4.503155437,4.590603657,4.906533534,4.55454683,1707793.364,3.986322174,3.964780001,4.352308981,3.912577027,1370571.212,5.763228311,5.701551285,6.343153742,5.665903364,34.71145847,3.088920886,3.395734236,3.376083497,3.453493344,34.69512471
1974,USO,Transformer,2024-01-01,2026-01-01,25,5.816472256,6.476268804,6.156005542,6.19359409,4430136.491,4.688476405,5.222962535,5.018071746,4.942840936,3838244.562,6.782158112,7.514789343,7.320718069,7.164602971,115.6704073,5.005877803,5.555288778,5.245677057,5.465538567,110.9464393
1975,USO,Transformer,2024-01-01,2026-01-01,26,2.598340582,3.708860939,3.506466482,3.607211295,1789032.327,2.264666595,3.212098455,3.120700126,3.103320021,1381580.631,3.28261892,4.622468531,4.553494111,4.497291788,31.70500922,1.902249553,2.736533598,2.404844605,2.739097642,28.33321335
1976,USO,Transformer,2024-01-01,2026-01-01,27,4.079896171,4.430504698,4.277095552,4.127416447,1850376.027,3.619972891,3.833440573,3.801515892,3.545305073,1578452.978,5.236110759,5.513747169,5.543565826,5.136187916,45.19654939,2.786496452,3.265524522,2.933931042,3.138552027,48.33152524
1977,USO,Transformer,2024-01-01,2026-01-01,28,1.246891167,1.862916644,1.356173203,1.686983418,1816060.599,1.050634868,1.45183948,1.09006602,1.296748729,1526083.617,1.520228173,2.099126458,1.593757436,1.886732098,42.65234065,0.989233396,1.732968526,1.20969009,1.617465046,46.54816001
1978,USO,Transformer,2024-01-01,2026-01-01,29,3.680646184,3.989549125,3.968083217,3.774353226,2199772.019,3.126909476,3.327619595,3.393532001,3.106169917,1847692.321,4.527592675,4.791813213,4.954022343,4.506081151,56.79098801,2.8564072,3.222484206,3.058463482,3.168895139,63.39220758
1979,USO,Transformer,2024-01-01,2026-01-01,30,2.941937823,3.95830239,3.445834646,3.8626481,1730073.548,2.6032238,3.442083044,3.075103353,3.342853828,1417769.772,3.770600153,4.952198475,4.487381874,4.842968061,37.15802326,2.048075155,2.883764821,2.343155504,2.882558167,37.54560914
1980,USO,Transformer,2024-01-01,2026-01-01,31,4.453756343,4.010773442,4.766499697,4.045664616,1959159.519,3.877609039,3.39146144,4.162654118,3.394167439,1497688.58,5.60804306,4.881774191,6.069590049,4.919961719,30.23176222,3.223935536,3.141089666,3.454152086,3.257961749,19.23749716
1981,USO,Transformer,2024-01-01,2026-01-01,32,2.440236817,3.277528043,2.936645487,3.188285884,2059622.734,2.120849662,2.813661232,2.588640027,2.712888655,1581411.381,3.074865111,4.051727378,3.780447944,3.934186919,31.1365168,1.802167288,2.483039055,2.088230441,2.496026424,19.24119116
1982,USO,Transformer,2024-01-01,2026-01-01,33,6.526159846,6.500582643,6.936612501,6.524781694,1730147.914,5.810162168,5.6774668,6.17946193,5.680601482,1365895.617,8.390494918,8.154500314,8.996493575,8.215822424,33.2356837,4.358692273,4.628152182,4.673818999,4.736742742,32.17519324
1983,USO,Transformer,2024-01-01,2026-01-01,34,8.483931565,7.298097859,8.590763402,7.448931439,1714818.637,6.901502142,5.954871144,7.04577098,6.037343574,1477532.873,9.977307627,8.565399882,10.2719318,8.74577718,41.84852519,7.173940505,6.127780462,7.225205875,6.391584238,43.34545695
1984,USO,Transformer,2024-01-01,2026-01-01,35,4.358001494,5.034245483,4.882711346,5.068260402,1764439.73,3.865314464,4.373677117,4.343027179,4.38669998,1491306.928,5.588901184,6.287174439,6.329484516,6.349541385,41.12339052,2.972784248,3.657177073,3.328849319,3.758531861,42.64921151
1985,USO,Transformer,2024-01-01,2026-01-01,36,5.283665649,5.29731786,5.591865597,5.274633394,1752336.393,4.62618406,4.554349436,4.909201155,4.511481009,1371728.152,6.687444949,6.548032453,7.154389679,6.531838052,31.76940617,3.753311676,3.962673684,3.979837367,4.039304889,28.02428753
1986,USO,Transformer,2024-01-01,2026-01-01,37,4.569338752,5.155338209,5.076256158,5.191910923,1857530.184,3.943646987,4.401703743,4.409831212,4.408912146,1445435.414,5.705755089,6.330680153,6.430965308,6.385328287,31.13870128,3.397804674,3.930271831,3.739298795,4.050964441,23.82566664
1987,USO,Transformer,2024-01-01,2026-01-01,38,4.086732183,4.670390369,4.599786927,4.582291382,1736742.506,3.627119724,4.055985016,4.094171154,3.960627771,1379240.471,5.246704805,5.832554477,5.968824603,5.735296259,34.37594926,2.789897856,3.403820747,3.135585214,3.419776844,34.43217887
1988,USO,Transformer,2024-01-01,2026-01-01,39,7.520951594,7.071298508,7.495823235,7.155354474,1695773.066,6.662044752,6.168557684,6.653624851,6.224919977,1357188.18,9.621184315,8.860151011,9.688043743,9.002966871,33.97967681,5.118229333,5.05523374,5.122021424,5.206291255,33.43938274
1989,USO,Transformer,2024-01-01,2026-01-01,40,1.697464784,2.387439598,2.269504248,2.307203144,2208837.529,1.24760319,1.955904831,1.887527838,1.867166686,1652217.921,1.819023887,2.823587162,2.764095206,2.714360776,30.68456863,1.707149462,2.030053591,1.89769623,2.026662429,19.18919708
1990,USO,Transformer,2024-01-01,2026-01-01,41,9.221156454,8.270554928,9.545079719,8.426350865,1810173.106,7.830383641,6.974076087,8.135641461,7.072408036,1544128.631,11.30970515,10.02059619,11.84833643,10.23355876,43.65973004,7.089564237,6.46314054,7.349208886,6.719244497,46.46149851
1991,USO,Transformer,2024-01-01,2026-01-01,42,2.394304756,3.597911364,3.215178456,3.505653595,1917459.169,2.024365017,3.056370922,2.789903309,2.948834926,1484017.441,2.936903822,4.40052349,4.074363464,4.276055559,30.97955439,1.898571353,2.790816649,2.391011244,2.812388824,22.14192623
1992,USO,Transformer,2024-01-01,2026-01-01,43,3.033058773,4.032406524,3.637927327,3.92853572,1752692.969,2.618593401,3.457745214,3.185459719,3.344082227,1372430.38,3.794324832,4.976100303,4.649781539,4.846626368,33.18154373,2.272131878,3.051636791,2.631996308,3.060633733,32.62946158
1993,USO,Transformer,2024-01-01,2026-01-01,44,3.907681314,5.344696854,4.318609997,5.103648746,3372878.621,3.23147238,4.349207262,3.609118587,4.115933015,2720732.479,4.677906642,6.257071954,5.267696399,5.965449976,85.65041893,3.211227841,4.508743364,3.504985307,4.424206414,99.09082144
1994,USO,Transformer,2024-01-01,2026-01-01,45,2.882479334,4.076437746,3.288598332,3.680276495,2218782.11,2.525760342,3.529837726,2.908816092,3.162313942,1855695.856,3.659250662,5.078330762,4.246339167,4.582952903,56.95859997,2.070201226,3.002782505,2.308284553,2.80282623,65.34405453
1995,USO,Transformer,2024-01-01,2026-01-01,46,1.54697325,3.330686213,1.988403911,3.062009737,1721239.115,1.108097332,2.800909508,1.595223277,2.528719269,1377877.004,1.617252009,4.036042289,2.338984371,3.671305954,34.26531872,1.601995183,2.657198586,1.784435199,2.56834017,33.24324878
1996,USO,Transformer,2024-01-01,2026-01-01,47,3.34076654,4.440503752,4.073030265,4.332611898,1747172.19,2.93314566,3.825817992,3.600543263,3.710120197,1389503.226,4.246173524,5.50271189,5.251480629,5.374033325,34.96432355,2.372390106,3.309640756,2.847629336,3.316543955,35.87550122
1997,USO,Transformer,2024-01-01,2026-01-01,48,4.483976383,5.183668775,4.888784256,5.065747826,1720427.086,4.010546312,4.528615222,4.377768568,4.408380845,1364715.246,5.797471978,6.508489098,6.379135477,6.380076827,33.33758446,2.964413756,3.701307778,3.250472089,3.697901671,32.12137264
1998,USO,Transformer,2024-01-01,2026-01-01,49,1.729787572,2.853058571,2.175326058,2.728163104,1981378.333,1.365845742,2.403732945,1.82591412,2.268307187,1514539.096,1.98766584,3.464967961,2.672969949,3.293275612,31.06532536,1.580121197,2.272328863,1.78032937,2.260580397,21.46871934
1999,USO,Transformer,2024-01-01,2026-01-01,50,4.107047654,4.79628466,5.151928643,4.712791652,1706166.13,3.659113032,4.179467598,4.600676476,4.08754838,1371133.192,5.291793671,6.008546308,6.703343203,5.917470502,34.04824142,2.762630399,3.457290129,3.458669757,3.479248953,32.62123498
